repeat,fold,method,sample_id,alarms,prediction,target
0,0,FixedThreshold,0,[],0,0
0,0,FixedThreshold,1,[],0,0
0,0,FixedThreshold,2,[],0,1
0,0,FixedThreshold,3,[],0,0
0,0,FixedThreshold,4,[],0,0
0,0,FixedThreshold,5,[],0,0
0,0,FixedThreshold,6,[],0,0
0,0,FixedThreshold,7,"[""n02""]",1,1
0,0,FixedThreshold,80,[],0,0
0,0,FixedThreshold,81,"[""n02""]",0,0
0,0,FixedThreshold,82,[],0,0
0,0,FixedThreshold,83,[],0,0
0,0,FixedThreshold,84,[],0,0
0,0,FixedThreshold,85,[],0,0
0,0,FixedThreshold,86,[],0,0
0,0,FixedThreshold,87,[],0,0
0,0,FixedThreshold,136,"[""n07"", ""n09""]",0,0
0,0,FixedThreshold,137,[],0,0
0,0,FixedThreshold,138,[],0,0
0,0,FixedThreshold,139,[],0,0
0,0,FixedThreshold,140,[],0,0
0,0,FixedThreshold,141,"[""n09""]",0,0
0,0,FixedThreshold,142,[],0,0
0,0,FixedThreshold,143,"[""n00"", ""n01"", ""n02"", ""n06"", ""n10""]",1,1
0,0,FixedThreshold,152,[],0,1
0,0,FixedThreshold,153,[],0,0
0,0,FixedThreshold,154,"[""n04"", ""n12""]",0,0
0,0,FixedThreshold,155,"[""n14""]",0,0
0,0,FixedThreshold,156,"[""n01"", ""n09""]",0,0
0,0,FixedThreshold,157,[],0,0
0,0,FixedThreshold,158,[],0,1
0,0,FixedThreshold,159,[],0,0
0,0,FixedThreshold,160,[],0,0
0,0,FixedThreshold,161,[],0,0
0,0,FixedThreshold,162,[],0,0
0,0,FixedThreshold,163,"[""n04""]",0,0
0,0,FixedThreshold,164,"[""n00"", ""n01"", ""n02""]",1,1
0,0,FixedThreshold,165,[],0,0
0,0,FixedThreshold,166,"[""n03""]",0,0
0,0,FixedThreshold,167,[],0,1
0,0,FixedThreshold,288,[],0,0
0,0,FixedThreshold,289,"[""n01"", ""n05""]",1,1
0,0,FixedThreshold,290,"[""n00""]",1,1
0,0,FixedThreshold,291,[],0,0
0,0,FixedThreshold,292,"[""n06""]",0,0
0,0,FixedThreshold,293,[],0,0
0,0,FixedThreshold,294,[],0,1
0,0,FixedThreshold,295,[],0,0
0,0,FixedThreshold,344,[],0,0
0,0,FixedThreshold,345,[],0,0
0,0,FixedThreshold,346,[],0,1
0,0,FixedThreshold,347,"[""n01"", ""n04"", ""n06""]",0,0
0,0,FixedThreshold,348,"[""n01""]",0,0
0,0,FixedThreshold,349,[],0,0
0,0,FixedThreshold,350,[],0,0
0,0,FixedThreshold,351,[],0,0
0,0,FixedThreshold,368,[],0,0
0,0,FixedThreshold,369,"[""n02""]",0,0
0,0,FixedThreshold,370,[],0,0
0,0,FixedThreshold,371,[],0,0
0,0,FixedThreshold,372,[],0,0
0,0,FixedThreshold,373,[],0,0
0,0,FixedThreshold,374,"[""n04""]",0,0
0,0,FixedThreshold,375,[],0,0
0,0,FixedThreshold,400,[],0,0
0,0,FixedThreshold,401,[],0,1
0,0,FixedThreshold,402,"[""n01""]",0,0
0,0,FixedThreshold,403,[],0,0
0,0,FixedThreshold,404,"[""n05""]",0,0
0,0,FixedThreshold,405,[],0,0
0,0,FixedThreshold,406,[],0,0
0,0,FixedThreshold,407,[],0,0
0,0,FixedThreshold,424,[],0,1
0,0,FixedThreshold,425,[],0,0
0,0,FixedThreshold,426,[],0,0
0,0,FixedThreshold,427,[],0,0
0,0,FixedThreshold,428,"[""n08""]",0,0
0,0,FixedThreshold,429,[],0,0
0,0,FixedThreshold,430,[],0,1
0,0,FixedThreshold,431,"[""n04"", ""n10""]",1,1
0,0,FixedThreshold,432,[],0,0
0,0,FixedThreshold,433,[],0,0
0,0,FixedThreshold,434,"[""n05""]",0,0
0,0,FixedThreshold,435,[],0,0
0,0,FixedThreshold,436,"[""n08""]",0,0
0,0,FixedThreshold,437,[],0,0
0,0,FixedThreshold,438,[],0,0
0,0,FixedThreshold,439,[],0,0
0,0,FixedThreshold,488,[],0,1
0,0,FixedThreshold,489,[],0,0
0,0,FixedThreshold,490,[],0,0
0,0,FixedThreshold,491,"[""n02""]",1,1
0,0,FixedThreshold,492,[],0,0
0,0,FixedThreshold,493,"[""n03""]",0,0
0,0,FixedThreshold,494,[],0,1
0,0,FixedThreshold,495,[],0,0
0,0,FixedThreshold,568,"[""n00"", ""n08""]",0,0
0,0,FixedThreshold,569,[],0,0
0,0,FixedThreshold,570,[],0,0
0,0,FixedThreshold,571,[],0,0
0,0,FixedThreshold,572,[],0,0
0,0,FixedThreshold,573,"[""n10""]",0,0
0,0,FixedThreshold,574,[],0,0
0,0,FixedThreshold,575,"[""n13""]",1,1
0,0,FixedThreshold,640,"[""n05""]",0,0
0,0,FixedThreshold,641,[],0,0
0,0,FixedThreshold,642,"[""n15""]",1,1
0,0,FixedThreshold,643,"[""n02"", ""n06""]",1,1
0,0,FixedThreshold,644,[],0,0
0,0,FixedThreshold,645,[],0,0
0,0,FixedThreshold,646,[],0,1
0,0,FixedThreshold,647,"[""n02"", ""n10"", ""n12""]",1,1
0,0,FixedThreshold,696,"[""n02"", ""n03""]",1,1
0,0,FixedThreshold,697,"[""n03"", ""n12""]",1,1
0,0,FixedThreshold,698,[],0,0
0,0,FixedThreshold,699,[],0,1
0,0,FixedThreshold,700,[],0,0
0,0,FixedThreshold,701,[],0,0
0,0,FixedThreshold,702,"[""n10""]",0,0
0,0,FixedThreshold,703,[],0,0
0,0,FixedThreshold,736,[],0,1
0,0,FixedThreshold,737,"[""n06""]",0,0
0,0,FixedThreshold,738,[],0,0
0,0,FixedThreshold,739,[],0,0
0,0,FixedThreshold,740,[],0,0
0,0,FixedThreshold,741,[],0,0
0,0,FixedThreshold,742,[],0,0
0,0,FixedThreshold,743,[],0,0
0,0,FixedThreshold,768,[],0,0
0,0,FixedThreshold,769,[],0,0
0,0,FixedThreshold,770,[],0,0
0,0,FixedThreshold,771,[],0,0
0,0,FixedThreshold,772,[],0,1
0,0,FixedThreshold,773,[],0,0
0,0,FixedThreshold,774,[],0,0
0,0,FixedThreshold,775,[],0,1
0,0,FixedThreshold,792,"[""n07""]",1,1
0,0,FixedThreshold,793,[],0,1
0,0,FixedThreshold,794,[],0,0
0,0,FixedThreshold,795,[],0,0
0,0,FixedThreshold,796,[],0,0
0,0,FixedThreshold,797,[],0,0
0,0,FixedThreshold,798,[],0,0
0,0,FixedThreshold,799,[],0,0
0,0,FixedThreshold,816,[],0,0
0,0,FixedThreshold,817,[],0,1
0,0,FixedThreshold,818,[],0,0
0,0,FixedThreshold,819,[],0,0
0,0,FixedThreshold,820,[],0,0
0,0,FixedThreshold,821,[],0,0
0,0,FixedThreshold,822,[],0,0
0,0,FixedThreshold,823,[],0,1
0,0,FixedThreshold,824,[],0,1
0,0,FixedThreshold,825,[],0,0
0,0,FixedThreshold,826,[],0,0
0,0,FixedThreshold,827,"[""n01"", ""n09""]",0,0
0,0,FixedThreshold,828,[],0,0
0,0,FixedThreshold,829,[],0,0
0,0,FixedThreshold,830,[],0,0
0,0,FixedThreshold,831,[],0,0
0,0,FixedThreshold,872,"[""n03""]",0,0
0,0,FixedThreshold,873,[],0,0
0,0,FixedThreshold,874,"[""n14""]",0,0
0,0,FixedThreshold,875,"[""n07""]",0,0
0,0,FixedThreshold,876,[],0,0
0,0,FixedThreshold,877,[],0,0
0,0,FixedThreshold,878,[],0,0
0,0,FixedThreshold,879,[],0,1
0,0,FixedThreshold,912,[],0,0
0,0,FixedThreshold,913,[],0,0
0,0,FixedThreshold,914,[],0,0
0,0,FixedThreshold,915,[],0,0
0,0,FixedThreshold,916,[],0,1
0,0,FixedThreshold,917,[],0,0
0,0,FixedThreshold,918,"[""n09""]",0,0
0,0,FixedThreshold,919,[],0,0
0,0,FixedThreshold,944,[],0,0
0,0,FixedThreshold,945,"[""n07"", ""n08"", ""n12"", ""n13""]",1,1
0,0,FixedThreshold,946,[],0,0
0,0,FixedThreshold,947,"[""n11"", ""n13""]",0,0
0,0,FixedThreshold,948,[],0,0
0,0,FixedThreshold,949,[],0,0
0,0,FixedThreshold,950,[],0,0
0,0,FixedThreshold,951,[],0,0
0,0,FixedThreshold,952,[],0,0
0,0,FixedThreshold,953,[],0,0
0,0,FixedThreshold,954,"[""n03""]",0,0
0,0,FixedThreshold,955,[],0,0
0,0,FixedThreshold,956,[],0,0
0,0,FixedThreshold,957,[],0,0
0,0,FixedThreshold,958,"[""n01"", ""n06""]",0,0
0,0,FixedThreshold,959,[],0,0
0,0,SingleCenter,0,"[""n01"", ""n06""]",0,0
0,0,SingleCenter,1,"[""n08""]",0,0
0,0,SingleCenter,2,"[""n04"", ""n05""]",1,1
0,0,SingleCenter,3,"[""n07""]",0,0
0,0,SingleCenter,4,"[""n07"", ""n08""]",0,0
0,0,SingleCenter,5,[],0,0
0,0,SingleCenter,6,[],0,0
0,0,SingleCenter,7,"[""n02""]",1,1
0,0,SingleCenter,80,[],0,0
0,0,SingleCenter,81,"[""n02"", ""n03"", ""n05"", ""n10""]",1,0
0,0,SingleCenter,82,[],0,0
0,0,SingleCenter,83,"[""n04"", ""n05"", ""n10""]",1,0
0,0,SingleCenter,84,"[""n08""]",0,0
0,0,SingleCenter,85,"[""n00"", ""n04"", ""n07""]",1,0
0,0,SingleCenter,86,[],0,0
0,0,SingleCenter,87,"[""n02"", ""n09""]",0,0
0,0,SingleCenter,136,"[""n04"", ""n06"", ""n07"", ""n09""]",0,0
0,0,SingleCenter,137,[],0,0
0,0,SingleCenter,138,[],0,0
0,0,SingleCenter,139,"[""n05"", ""n10""]",0,0
0,0,SingleCenter,140,"[""n04"", ""n09""]",0,0
0,0,SingleCenter,141,"[""n04"", ""n08"", ""n09"", ""n12""]",1,0
0,0,SingleCenter,142,"[""n03""]",0,0
0,0,SingleCenter,143,"[""n00"", ""n01"", ""n02"", ""n06"", ""n10"", ""n11""]",1,1
0,0,SingleCenter,152,"[""n02"", ""n10"", ""n17""]",1,1
0,0,SingleCenter,153,"[""n07"", ""n10"", ""n11""]",0,0
0,0,SingleCenter,154,"[""n03"", ""n04"", ""n08"", ""n12""]",0,0
0,0,SingleCenter,155,"[""n08"", ""n14""]",0,0
0,0,SingleCenter,156,"[""n00"", ""n01"", ""n02"", ""n08"", ""n09""]",1,0
0,0,SingleCenter,157,[],0,0
0,0,SingleCenter,158,"[""n15""]",1,1
0,0,SingleCenter,159,"[""n03"", ""n04"", ""n11""]",0,0
0,0,SingleCenter,160,"[""n13""]",0,0
0,0,SingleCenter,161,"[""n12"", ""n13""]",0,0
0,0,SingleCenter,162,"[""n00""]",0,0
0,0,SingleCenter,163,"[""n04"", ""n10"", ""n14""]",1,0
0,0,SingleCenter,164,"[""n00"", ""n01"", ""n02"", ""n09""]",1,1
0,0,SingleCenter,165,[],0,0
0,0,SingleCenter,166,"[""n03"", ""n06"", ""n10""]",0,0
0,0,SingleCenter,167,"[""n05"", ""n14""]",1,1
0,0,SingleCenter,288,[],0,0
0,0,SingleCenter,289,"[""n01"", ""n05"", ""n07""]",1,1
0,0,SingleCenter,290,"[""n00"", ""n04""]",1,1
0,0,SingleCenter,291,"[""n06"", ""n08""]",0,0
0,0,SingleCenter,292,"[""n06""]",0,0
0,0,SingleCenter,293,[],0,0
0,0,SingleCenter,294,"[""n09""]",1,1
0,0,SingleCenter,295,"[""n02""]",1,0
0,0,SingleCenter,344,"[""n03"", ""n11""]",1,0
0,0,SingleCenter,345,[],0,0
0,0,SingleCenter,346,"[""n03"", ""n11""]",1,1
0,0,SingleCenter,347,"[""n01"", ""n04"", ""n06"", ""n11""]",1,0
0,0,SingleCenter,348,"[""n01""]",0,0
0,0,SingleCenter,349,"[""n01""]",0,0
0,0,SingleCenter,350,[],0,0
0,0,SingleCenter,351,"[""n05""]",0,0
0,0,SingleCenter,368,"[""n06""]",0,0
0,0,SingleCenter,369,"[""n02""]",0,0
0,0,SingleCenter,370,"[""n03"", ""n06"", ""n08""]",0,0
0,0,SingleCenter,371,"[""n01"", ""n02"", ""n09""]",0,0
0,0,SingleCenter,372,[],0,0
0,0,SingleCenter,373,"[""n03"", ""n06""]",0,0
0,0,SingleCenter,374,"[""n04"", ""n08""]",0,0
0,0,SingleCenter,375,[],0,0
0,0,SingleCenter,400,"[""n06"", ""n07""]",0,0
0,0,SingleCenter,401,"[""n00"", ""n12""]",1,1
0,0,SingleCenter,402,"[""n01"", ""n10"", ""n11"", ""n12""]",1,0
0,0,SingleCenter,403,"[""n01"", ""n04""]",0,0
0,0,SingleCenter,404,"[""n02"", ""n05"", ""n14"", ""n16""]",1,0
0,0,SingleCenter,405,"[""n04"", ""n09"", ""n16""]",1,0
0,0,SingleCenter,406,"[""n10""]",1,0
0,0,SingleCenter,407,[],0,0
0,0,SingleCenter,424,"[""n01"", ""n07""]",1,1
0,0,SingleCenter,425,"[""n02""]",0,0
0,0,SingleCenter,426,"[""n01""]",1,0
0,0,SingleCenter,427,"[""n07"", ""n09""]",0,0
0,0,SingleCenter,428,"[""n04"", ""n08"", ""n10""]",1,0
0,0,SingleCenter,429,"[""n07""]",0,0
0,0,SingleCenter,430,"[""n00"", ""n10""]",1,1
0,0,SingleCenter,431,"[""n03"", ""n04"", ""n08"", ""n10""]",1,1
0,0,SingleCenter,432,"[""n08""]",0,0
0,0,SingleCenter,433,"[""n13"", ""n14""]",0,0
0,0,SingleCenter,434,"[""n05"", ""n13""]",0,0
0,0,SingleCenter,435,[],0,0
0,0,SingleCenter,436,"[""n00"", ""n04"", ""n08""]",0,0
0,0,SingleCenter,437,"[""n04"", ""n12"", ""n15""]",0,0
0,0,SingleCenter,438,"[""n01""]",0,0
0,0,SingleCenter,439,"[""n07"", ""n08"", ""n14""]",0,0
0,0,SingleCenter,488,"[""n07""]",1,1
0,0,SingleCenter,489,"[""n03""]",0,0
0,0,SingleCenter,490,"[""n08"", ""n10""]",0,0
0,0,SingleCenter,491,"[""n02""]",1,1
0,0,SingleCenter,492,[],0,0
0,0,SingleCenter,493,"[""n03"", ""n09"", ""n10""]",0,0
0,0,SingleCenter,494,"[""n01"", ""n02"", ""n04""]",1,1
0,0,SingleCenter,495,"[""n09""]",0,0
0,0,SingleCenter,568,"[""n00"", ""n07"", ""n08"", ""n10""]",0,0
0,0,SingleCenter,569,"[""n03"", ""n04""]",1,0
0,0,SingleCenter,570,[],0,0
0,0,SingleCenter,571,"[""n00"", ""n04""]",1,0
0,0,SingleCenter,572,"[""n09""]",0,0
0,0,SingleCenter,573,"[""n00"", ""n10""]",0,0
0,0,SingleCenter,574,"[""n01"", ""n08"", ""n11""]",0,0
0,0,SingleCenter,575,"[""n13""]",1,1
0,0,SingleCenter,640,"[""n05"", ""n12""]",0,0
0,0,SingleCenter,641,[],0,0
0,0,SingleCenter,642,"[""n15""]",1,1
0,0,SingleCenter,643,"[""n02"", ""n06""]",1,1
0,0,SingleCenter,644,[],0,0
0,0,SingleCenter,645,"[""n01""]",0,0
0,0,SingleCenter,646,"[""n02"", ""n09""]",1,1
0,0,SingleCenter,647,"[""n02"", ""n05"", ""n10"", ""n12""]",1,1
0,0,SingleCenter,696,"[""n02"", ""n03""]",1,1
0,0,SingleCenter,697,"[""n00"", ""n01"", ""n02"", ""n03"", ""n07"", ""n12""]",1,1
0,0,SingleCenter,698,"[""n06""]",0,0
0,0,SingleCenter,699,"[""n02"", ""n07"", ""n12"", ""n13""]",1,1
0,0,SingleCenter,700,"[""n04""]",0,0
0,0,SingleCenter,701,"[""n06"", ""n13""]",1,0
0,0,SingleCenter,702,"[""n04"", ""n10""]",0,0
0,0,SingleCenter,703,[],0,0
0,0,SingleCenter,736,"[""n01"", ""n02"", ""n05"", ""n10""]",1,1
0,0,SingleCenter,737,"[""n02"", ""n06""]",0,0
0,0,SingleCenter,738,"[""n04"", ""n06"", ""n10""]",0,0
0,0,SingleCenter,739,"[""n09""]",0,0
0,0,SingleCenter,740,"[""n04""]",0,0
0,0,SingleCenter,741,"[""n02""]",0,0
0,0,SingleCenter,742,"[""n01"", ""n07""]",0,0
0,0,SingleCenter,743,"[""n01"", ""n05"", ""n07""]",1,0
0,0,SingleCenter,768,"[""n00"", ""n08""]",1,0
0,0,SingleCenter,769,[],0,0
0,0,SingleCenter,770,"[""n04""]",1,0
0,0,SingleCenter,771,[],0,0
0,0,SingleCenter,772,"[""n09""]",1,1
0,0,SingleCenter,773,[],0,0
0,0,SingleCenter,774,"[""n02"", ""n03""]",1,0
0,0,SingleCenter,775,"[""n11""]",1,1
0,0,SingleCenter,792,"[""n04"", ""n07""]",1,1
0,0,SingleCenter,793,"[""n06""]",1,1
0,0,SingleCenter,794,"[""n01"", ""n11""]",1,0
0,0,SingleCenter,795,[],0,0
0,0,SingleCenter,796,[],0,0
0,0,SingleCenter,797,[],0,0
0,0,SingleCenter,798,[],0,0
0,0,SingleCenter,799,"[""n09""]",0,0
0,0,SingleCenter,816,"[""n04"", ""n06""]",0,0
0,0,SingleCenter,817,"[""n06"", ""n11"", ""n12""]",1,1
0,0,SingleCenter,818,[],0,0
0,0,SingleCenter,819,"[""n10""]",0,0
0,0,SingleCenter,820,"[""n11""]",0,0
0,0,SingleCenter,821,"[""n00"", ""n11""]",0,0
0,0,SingleCenter,822,"[""n00"", ""n04""]",0,0
0,0,SingleCenter,823,"[""n10"", ""n12""]",1,1
0,0,SingleCenter,824,"[""n04"", ""n05"", ""n10""]",1,1
0,0,SingleCenter,825,"[""n04"", ""n08""]",0,0
0,0,SingleCenter,826,"[""n09""]",0,0
0,0,SingleCenter,827,"[""n01"", ""n05"", ""n09""]",0,0
0,0,SingleCenter,828,"[""n04""]",0,0
0,0,SingleCenter,829,"[""n00""]",0,0
0,0,SingleCenter,830,"[""n01""]",0,0
0,0,SingleCenter,831,"[""n02"", ""n04"", ""n09""]",1,0
0,0,SingleCenter,872,"[""n03""]",0,0
0,0,SingleCenter,873,"[""n09""]",0,0
0,0,SingleCenter,874,"[""n03"", ""n04"", ""n14""]",0,0
0,0,SingleCenter,875,"[""n07""]",0,0
0,0,SingleCenter,876,"[""n00"", ""n13""]",0,0
0,0,SingleCenter,877,"[""n10"", ""n14""]",0,0
0,0,SingleCenter,878,"[""n01"", ""n04"", ""n06"", ""n07"", ""n10""]",0,0
0,0,SingleCenter,879,"[""n00"", ""n02"", ""n06""]",1,1
0,0,SingleCenter,912,"[""n03""]",0,0
0,0,SingleCenter,913,"[""n08"", ""n13""]",0,0
0,0,SingleCenter,914,"[""n00"", ""n13"", ""n15""]",0,0
0,0,SingleCenter,915,"[""n00""]",0,0
0,0,SingleCenter,916,"[""n00"", ""n03"", ""n09"", ""n10"", ""n11"", ""n13"", ""n16""]",1,1
0,0,SingleCenter,917,[],0,0
0,0,SingleCenter,918,"[""n00"", ""n09""]",0,0
0,0,SingleCenter,919,"[""n03"", ""n04"", ""n14"", ""n15""]",0,0
0,0,SingleCenter,944,[],0,0
0,0,SingleCenter,945,"[""n07"", ""n08"", ""n12"", ""n13""]",1,1
0,0,SingleCenter,946,[],0,0
0,0,SingleCenter,947,"[""n01"", ""n04"", ""n11"", ""n13""]",0,0
0,0,SingleCenter,948,"[""n12""]",0,0
0,0,SingleCenter,949,"[""n06""]",0,0
0,0,SingleCenter,950,"[""n00"", ""n06"", ""n09"", ""n11"", ""n13""]",1,0
0,0,SingleCenter,951,"[""n14""]",1,0
0,0,SingleCenter,952,"[""n00""]",0,0
0,0,SingleCenter,953,[],0,0
0,0,SingleCenter,954,"[""n03"", ""n05"", ""n07""]",0,0
0,0,SingleCenter,955,"[""n09""]",0,0
0,0,SingleCenter,956,[],0,0
0,0,SingleCenter,957,"[""n03""]",0,0
0,0,SingleCenter,958,"[""n01"", ""n02"", ""n06""]",0,0
0,0,SingleCenter,959,"[""n09""]",0,0
0,0,KMeans,0,"[""n01"", ""n06"", ""n07""]",0,0
0,0,KMeans,1,"[""n09""]",1,0
0,0,KMeans,2,"[""n04"", ""n05"", ""n06""]",1,1
0,0,KMeans,3,[],0,0
0,0,KMeans,4,"[""n07"", ""n08""]",0,0
0,0,KMeans,5,[],0,0
0,0,KMeans,6,"[""n06""]",0,0
0,0,KMeans,7,"[""n02""]",1,1
0,0,KMeans,80,"[""n02""]",0,0
0,0,KMeans,81,"[""n02""]",0,0
0,0,KMeans,82,[],0,0
0,0,KMeans,83,"[""n03"", ""n04"", ""n10""]",1,0
0,0,KMeans,84,"[""n08""]",0,0
0,0,KMeans,85,"[""n00"", ""n04"", ""n07""]",1,0
0,0,KMeans,86,[],0,0
0,0,KMeans,87,[],0,0
0,0,KMeans,136,"[""n04"", ""n06"", ""n07"", ""n09""]",0,0
0,0,KMeans,137,"[""n09""]",0,0
0,0,KMeans,138,"[""n03"", ""n11""]",0,0
0,0,KMeans,139,"[""n08""]",0,0
0,0,KMeans,140,"[""n04"", ""n08"", ""n09""]",0,0
0,0,KMeans,141,"[""n03"", ""n08"", ""n09""]",0,0
0,0,KMeans,142,"[""n06""]",0,0
0,0,KMeans,143,"[""n00"", ""n01"", ""n02"", ""n06"", ""n10""]",1,1
0,0,KMeans,152,"[""n01"", ""n02"", ""n10"", ""n17""]",1,1
0,0,KMeans,153,"[""n05"", ""n10"", ""n11""]",1,0
0,0,KMeans,154,"[""n03"", ""n04"", ""n09"", ""n12""]",0,0
0,0,KMeans,155,"[""n08"", ""n14""]",0,0
0,0,KMeans,156,"[""n01"", ""n08"", ""n09""]",0,0
0,0,KMeans,157,"[""n16""]",0,0
0,0,KMeans,158,"[""n15""]",1,1
0,0,KMeans,159,"[""n03"", ""n04"", ""n06"", ""n11"", ""n12"", ""n15""]",1,0
0,0,KMeans,160,"[""n13""]",0,0
0,0,KMeans,161,[],0,0
0,0,KMeans,162,"[""n00"", ""n01""]",1,0
0,0,KMeans,163,"[""n14""]",1,0
0,0,KMeans,164,"[""n00"", ""n01"", ""n02"", ""n03""]",1,1
0,0,KMeans,165,"[""n13""]",0,0
0,0,KMeans,166,"[""n03"", ""n06"", ""n10""]",0,0
0,0,KMeans,167,"[""n14""]",1,1
0,0,KMeans,288,"[""n02"", ""n03""]",1,0
0,0,KMeans,289,"[""n01"", ""n05"", ""n07""]",1,1
0,0,KMeans,290,"[""n00""]",1,1
0,0,KMeans,291,"[""n06"", ""n08""]",0,0
0,0,KMeans,292,"[""n00"", ""n06""]",1,0
0,0,KMeans,293,[],0,0
0,0,KMeans,294,"[""n09""]",1,1
0,0,KMeans,295,[],0,0
0,0,KMeans,344,"[""n10""]",0,0
0,0,KMeans,345,"[""n10""]",0,0
0,0,KMeans,346,"[""n03"", ""n08"", ""n11""]",1,1
0,0,KMeans,347,"[""n01"", ""n04"", ""n06""]",0,0
0,0,KMeans,348,"[""n01""]",0,0
0,0,KMeans,349,"[""n01"", ""n04""]",0,0
0,0,KMeans,350,[],0,0
0,0,KMeans,351,[],0,0
0,0,KMeans,368,"[""n06""]",0,0
0,0,KMeans,369,"[""n02""]",0,0
0,0,KMeans,370,"[""n06"", ""n08"", ""n10""]",0,0
0,0,KMeans,371,"[""n01"", ""n02""]",0,0
0,0,KMeans,372,[],0,0
0,0,KMeans,373,"[""n03"", ""n06""]",0,0
0,0,KMeans,374,"[""n04""]",0,0
0,0,KMeans,375,[],0,0
0,0,KMeans,400,"[""n06"", ""n07""]",0,0
0,0,KMeans,401,"[""n00"", ""n12""]",1,1
0,0,KMeans,402,"[""n01"", ""n07""]",0,0
0,0,KMeans,403,"[""n01"", ""n04""]",0,0
0,0,KMeans,404,"[""n05""]",0,0
0,0,KMeans,405,"[""n09""]",0,0
0,0,KMeans,406,[],0,0
0,0,KMeans,407,[],0,0
0,0,KMeans,424,"[""n01"", ""n06"", ""n07""]",1,1
0,0,KMeans,425,"[""n02""]",0,0
0,0,KMeans,426,"[""n01"", ""n03""]",1,0
0,0,KMeans,427,"[""n07"", ""n08"", ""n09""]",0,0
0,0,KMeans,428,"[""n08""]",0,0
0,0,KMeans,429,"[""n07""]",0,0
0,0,KMeans,430,"[""n00"", ""n01"", ""n05"", ""n10""]",1,1
0,0,KMeans,431,"[""n03"", ""n04"", ""n10""]",1,1
0,0,KMeans,432,[],0,0
0,0,KMeans,433,"[""n13"", ""n14""]",0,0
0,0,KMeans,434,"[""n05""]",0,0
0,0,KMeans,435,[],0,0
0,0,KMeans,436,"[""n00"", ""n04"", ""n08""]",0,0
0,0,KMeans,437,"[""n04"", ""n12"", ""n15""]",0,0
0,0,KMeans,438,"[""n01""]",0,0
0,0,KMeans,439,"[""n07"", ""n08"", ""n16""]",1,0
0,0,KMeans,488,"[""n02"", ""n07""]",1,1
0,0,KMeans,489,"[""n03"", ""n09"", ""n11"", ""n14""]",1,0
0,0,KMeans,490,"[""n00"", ""n08"", ""n10""]",0,0
0,0,KMeans,491,"[""n02"", ""n05""]",1,1
0,0,KMeans,492,[],0,0
0,0,KMeans,493,"[""n03"", ""n10"", ""n12""]",0,0
0,0,KMeans,494,"[""n01"", ""n02"", ""n14""]",1,1
0,0,KMeans,495,"[""n09"", ""n12""]",0,0
0,0,KMeans,568,"[""n00"", ""n07"", ""n08"", ""n09""]",0,0
0,0,KMeans,569,"[""n03""]",0,0
0,0,KMeans,570,[],0,0
0,0,KMeans,571,"[""n00""]",0,0
0,0,KMeans,572,[],0,0
0,0,KMeans,573,"[""n00"", ""n03"", ""n10"", ""n11""]",0,0
0,0,KMeans,574,"[""n01"", ""n08"", ""n11""]",0,0
0,0,KMeans,575,"[""n13""]",1,1
0,0,KMeans,640,"[""n05"", ""n06"", ""n12""]",0,0
0,0,KMeans,641,[],0,0
0,0,KMeans,642,"[""n12"", ""n15""]",1,1
0,0,KMeans,643,"[""n02"", ""n06""]",1,1
0,0,KMeans,644,"[""n09"", ""n11""]",0,0
0,0,KMeans,645,"[""n01""]",0,0
0,0,KMeans,646,"[""n02"", ""n09""]",1,1
0,0,KMeans,647,"[""n02"", ""n10"", ""n12""]",1,1
0,0,KMeans,696,"[""n02"", ""n03"", ""n08""]",1,1
0,0,KMeans,697,"[""n00"", ""n02"", ""n03"", ""n07"", ""n12""]",1,1
0,0,KMeans,698,"[""n06""]",0,0
0,0,KMeans,699,"[""n02"", ""n06"", ""n07"", ""n10"", ""n12"", ""n13""]",1,1
0,0,KMeans,700,"[""n04"", ""n05""]",1,0
0,0,KMeans,701,"[""n06"", ""n13""]",1,0
0,0,KMeans,702,"[""n04"", ""n10""]",0,0
0,0,KMeans,703,[],0,0
0,0,KMeans,736,"[""n01"", ""n02"", ""n05"", ""n10""]",1,1
0,0,KMeans,737,"[""n06""]",0,0
0,0,KMeans,738,"[""n04"", ""n06"", ""n08"", ""n10""]",1,0
0,0,KMeans,739,"[""n05"", ""n07"", ""n09""]",1,0
0,0,KMeans,740,[],0,0
0,0,KMeans,741,"[""n02"", ""n09""]",0,0
0,0,KMeans,742,"[""n01"", ""n07""]",0,0
0,0,KMeans,743,"[""n01"", ""n05"", ""n07""]",1,0
0,0,KMeans,768,"[""n00""]",1,0
0,0,KMeans,769,[],0,0
0,0,KMeans,770,"[""n06""]",0,0
0,0,KMeans,771,[],0,0
0,0,KMeans,772,"[""n03"", ""n09""]",1,1
0,0,KMeans,773,[],0,0
0,0,KMeans,774,"[""n02"", ""n03""]",1,0
0,0,KMeans,775,"[""n11""]",1,1
0,0,KMeans,792,"[""n07""]",1,1
0,0,KMeans,793,"[""n06""]",1,1
0,0,KMeans,794,[],0,0
0,0,KMeans,795,"[""n01"", ""n07""]",1,0
0,0,KMeans,796,[],0,0
0,0,KMeans,797,"[""n09""]",0,0
0,0,KMeans,798,"[""n06""]",1,0
0,0,KMeans,799,"[""n09""]",0,0
0,0,KMeans,816,"[""n02"", ""n04"", ""n06""]",0,0
0,0,KMeans,817,"[""n11"", ""n12""]",1,1
0,0,KMeans,818,[],0,0
0,0,KMeans,819,[],0,0
0,0,KMeans,820,"[""n11""]",0,0
0,0,KMeans,821,"[""n00"", ""n11""]",0,0
0,0,KMeans,822,"[""n00"", ""n04""]",0,0
0,0,KMeans,823,"[""n10"", ""n12""]",1,1
0,0,KMeans,824,"[""n00"", ""n04"", ""n05"", ""n10""]",1,1
0,0,KMeans,825,"[""n04"", ""n08""]",0,0
0,0,KMeans,826,"[""n09""]",0,0
0,0,KMeans,827,"[""n01"", ""n09""]",0,0
0,0,KMeans,828,"[""n04"", ""n09""]",0,0
0,0,KMeans,829,"[""n00""]",0,0
0,0,KMeans,830,[],0,0
0,0,KMeans,831,"[""n01"", ""n04"", ""n09""]",0,0
0,0,KMeans,872,"[""n00"", ""n03""]",0,0
0,0,KMeans,873,"[""n09""]",0,0
0,0,KMeans,874,"[""n00"", ""n14""]",0,0
0,0,KMeans,875,"[""n02"", ""n07"", ""n15""]",1,0
0,0,KMeans,876,"[""n13""]",0,0
0,0,KMeans,877,"[""n05"", ""n10"", ""n14""]",0,0
0,0,KMeans,878,"[""n01"", ""n04"", ""n06"", ""n07"", ""n10""]",0,0
0,0,KMeans,879,"[""n00"", ""n02"", ""n06""]",1,1
0,0,KMeans,912,"[""n03"", ""n10"", ""n14""]",0,0
0,0,KMeans,913,"[""n06"", ""n08"", ""n13""]",0,0
0,0,KMeans,914,"[""n00"", ""n08"", ""n13"", ""n15""]",0,0
0,0,KMeans,915,"[""n00""]",0,0
0,0,KMeans,916,"[""n00"", ""n03"", ""n06"", ""n09"", ""n10"", ""n11"", ""n13"", ""n16""]",1,1
0,0,KMeans,917,"[""n16""]",1,0
0,0,KMeans,918,"[""n09""]",0,0
0,0,KMeans,919,"[""n02"", ""n03"", ""n04"", ""n14"", ""n15""]",0,0
0,0,KMeans,944,[],0,0
0,0,KMeans,945,"[""n07"", ""n08"", ""n12"", ""n13""]",1,1
0,0,KMeans,946,"[""n10""]",0,0
0,0,KMeans,947,"[""n01"", ""n04"", ""n11"", ""n13""]",0,0
0,0,KMeans,948,"[""n12""]",0,0
0,0,KMeans,949,"[""n00""]",1,0
0,0,KMeans,950,[],0,0
0,0,KMeans,951,"[""n09"", ""n14""]",1,0
0,0,KMeans,952,"[""n00"", ""n03"", ""n07""]",0,0
0,0,KMeans,953,"[""n11""]",1,0
0,0,KMeans,954,"[""n03"", ""n05"", ""n07""]",0,0
0,0,KMeans,955,"[""n08"", ""n09""]",0,0
0,0,KMeans,956,"[""n04""]",0,0
0,0,KMeans,957,"[""n03"", ""n09""]",0,0
0,0,KMeans,958,"[""n01"", ""n06"", ""n07""]",0,0
0,0,KMeans,959,"[""n09""]",0,0
0,1,FixedThreshold,24,"[""n05""]",0,0
0,1,FixedThreshold,25,[],0,0
0,1,FixedThreshold,26,[],0,0
0,1,FixedThreshold,27,[],0,0
0,1,FixedThreshold,28,[],0,0
0,1,FixedThreshold,29,[],0,0
0,1,FixedThreshold,30,"[""n06""]",0,0
0,1,FixedThreshold,31,[],0,0
0,1,FixedThreshold,128,[],0,0
0,1,FixedThreshold,129,[],0,0
0,1,FixedThreshold,130,"[""n06""]",0,0
0,1,FixedThreshold,131,[],0,0
0,1,FixedThreshold,132,[],0,0
0,1,FixedThreshold,133,"[""n03"", ""n04""]",0,0
0,1,FixedThreshold,134,"[""n08""]",0,1
0,1,FixedThreshold,135,[],0,0
0,1,FixedThreshold,240,[],0,0
0,1,FixedThreshold,241,[],0,1
0,1,FixedThreshold,242,[],0,1
0,1,FixedThreshold,243,[],0,0
0,1,FixedThreshold,244,"[""n01""]",1,1
0,1,FixedThreshold,245,[],0,1
0,1,FixedThreshold,246,[],0,1
0,1,FixedThreshold,247,[],0,0
0,1,FixedThreshold,256,[],0,0
0,1,FixedThreshold,257,"[""n00""]",0,0
0,1,FixedThreshold,258,[],0,0
0,1,FixedThreshold,259,"[""n10""]",0,0
0,1,FixedThreshold,260,[],0,1
0,1,FixedThreshold,261,[],0,0
0,1,FixedThreshold,262,[],0,0
0,1,FixedThreshold,263,[],0,0
0,1,FixedThreshold,264,"[""n09""]",1,1
0,1,FixedThreshold,265,[],0,0
0,1,FixedThreshold,266,[],0,0
0,1,FixedThreshold,267,[],0,0
0,1,FixedThreshold,268,[],0,0
0,1,FixedThreshold,269,[],0,0
0,1,FixedThreshold,270,[],0,0
0,1,FixedThreshold,271,[],0,0
0,1,FixedThreshold,320,[],0,0
0,1,FixedThreshold,321,"[""n05"", ""n11""]",0,0
0,1,FixedThreshold,322,"[""n06""]",0,0
0,1,FixedThreshold,323,[],0,0
0,1,FixedThreshold,324,[],0,0
0,1,FixedThreshold,325,[],0,0
0,1,FixedThreshold,326,"[""n09""]",0,0
0,1,FixedThreshold,327,"[""n09""]",0,0
0,1,FixedThreshold,328,[],0,0
0,1,FixedThreshold,329,"[""n03"", ""n09""]",0,0
0,1,FixedThreshold,330,[],0,1
0,1,FixedThreshold,331,[],0,0
0,1,FixedThreshold,332,[],0,1
0,1,FixedThreshold,333,"[""n10""]",0,0
0,1,FixedThreshold,334,[],0,1
0,1,FixedThreshold,335,[],0,1
0,1,FixedThreshold,384,[],0,0
0,1,FixedThreshold,385,[],0,0
0,1,FixedThreshold,386,[],0,0
0,1,FixedThreshold,387,[],0,0
0,1,FixedThreshold,388,"[""n12""]",0,0
0,1,FixedThreshold,389,[],0,0
0,1,FixedThreshold,390,"[""n00"", ""n02"", ""n08""]",1,1
0,1,FixedThreshold,391,[],0,1
0,1,FixedThreshold,392,[],0,0
0,1,FixedThreshold,393,"[""n04"", ""n16""]",1,1
0,1,FixedThreshold,394,[],0,0
0,1,FixedThreshold,395,"[""n04"", ""n15""]",0,0
0,1,FixedThreshold,396,[],0,0
0,1,FixedThreshold,397,[],0,0
0,1,FixedThreshold,398,"[""n00"", ""n13""]",0,0
0,1,FixedThreshold,399,[],0,0
0,1,FixedThreshold,408,[],0,0
0,1,FixedThreshold,409,"[""n07"", ""n10""]",0,0
0,1,FixedThreshold,410,"[""n03""]",0,0
0,1,FixedThreshold,411,[],0,0
0,1,FixedThreshold,412,"[""n10""]",0,0
0,1,FixedThreshold,413,[],0,0
0,1,FixedThreshold,414,[],0,0
0,1,FixedThreshold,415,[],0,0
0,1,FixedThreshold,456,[],0,0
0,1,FixedThreshold,457,[],0,0
0,1,FixedThreshold,458,[],0,0
0,1,FixedThreshold,459,[],0,1
0,1,FixedThreshold,460,[],0,0
0,1,FixedThreshold,461,[],0,0
0,1,FixedThreshold,462,[],0,0
0,1,FixedThreshold,463,[],0,0
0,1,FixedThreshold,480,[],0,0
0,1,FixedThreshold,481,[],0,0
0,1,FixedThreshold,482,[],0,0
0,1,FixedThreshold,483,[],0,0
0,1,FixedThreshold,484,[],0,0
0,1,FixedThreshold,485,[],0,0
0,1,FixedThreshold,486,[],0,0
0,1,FixedThreshold,487,"[""n07""]",0,0
0,1,FixedThreshold,520,[],0,0
0,1,FixedThreshold,521,"[""n07""]",0,0
0,1,FixedThreshold,522,[],0,0
0,1,FixedThreshold,523,"[""n04""]",0,0
0,1,FixedThreshold,524,[],0,1
0,1,FixedThreshold,525,[],0,0
0,1,FixedThreshold,526,[],0,0
0,1,FixedThreshold,527,[],0,0
0,1,FixedThreshold,544,[],0,0
0,1,FixedThreshold,545,[],0,0
0,1,FixedThreshold,546,[],0,0
0,1,FixedThreshold,547,[],0,0
0,1,FixedThreshold,548,[],0,0
0,1,FixedThreshold,549,"[""n05""]",0,0
0,1,FixedThreshold,550,[],0,0
0,1,FixedThreshold,551,[],0,0
0,1,FixedThreshold,576,"[""n13""]",0,0
0,1,FixedThreshold,577,[],0,0
0,1,FixedThreshold,578,[],0,0
0,1,FixedThreshold,579,[],0,0
0,1,FixedThreshold,580,[],0,0
0,1,FixedThreshold,581,"[""n14""]",0,1
0,1,FixedThreshold,582,"[""n09"", ""n11""]",1,1
0,1,FixedThreshold,583,[],0,1
0,1,FixedThreshold,616,"[""n12""]",0,0
0,1,FixedThreshold,617,[],0,0
0,1,FixedThreshold,618,"[""n00"", ""n06"", ""n10"", ""n13""]",0,0
0,1,FixedThreshold,619,[],0,1
0,1,FixedThreshold,620,[],0,0
0,1,FixedThreshold,621,[],0,0
0,1,FixedThreshold,622,"[""n02"", ""n16"", ""n17""]",1,1
0,1,FixedThreshold,623,[],0,0
0,1,FixedThreshold,632,[],0,0
0,1,FixedThreshold,633,[],0,1
0,1,FixedThreshold,634,[],0,0
0,1,FixedThreshold,635,"[""n15""]",0,0
0,1,FixedThreshold,636,"[""n09""]",0,0
0,1,FixedThreshold,637,[],0,0
0,1,FixedThreshold,638,[],0,0
0,1,FixedThreshold,639,[],0,0
0,1,FixedThreshold,688,[],0,0
0,1,FixedThreshold,689,"[""n11""]",1,1
0,1,FixedThreshold,690,[],0,0
0,1,FixedThreshold,691,[],0,0
0,1,FixedThreshold,692,[],0,0
0,1,FixedThreshold,693,[],0,0
0,1,FixedThreshold,694,"[""n06""]",0,0
0,1,FixedThreshold,695,"[""n01"", ""n10"", ""n12""]",0,0
0,1,FixedThreshold,712,[],0,0
0,1,FixedThreshold,713,[],0,0
0,1,FixedThreshold,714,[],0,0
0,1,FixedThreshold,715,"[""n09""]",0,0
0,1,FixedThreshold,716,[],0,0
0,1,FixedThreshold,717,[],0,0
0,1,FixedThreshold,718,"[""n02"", ""n05""]",1,1
0,1,FixedThreshold,719,"[""n04"", ""n05""]",1,1
0,1,FixedThreshold,728,[],0,0
0,1,FixedThreshold,729,[],0,0
0,1,FixedThreshold,730,"[""n00"", ""n07""]",0,0
0,1,FixedThreshold,731,[],0,0
0,1,FixedThreshold,732,[],0,0
0,1,FixedThreshold,733,"[""n10""]",0,0
0,1,FixedThreshold,734,[],0,0
0,1,FixedThreshold,735,[],0,0
0,1,FixedThreshold,880,[],0,1
0,1,FixedThreshold,881,[],0,1
0,1,FixedThreshold,882,[],0,0
0,1,FixedThreshold,883,[],0,0
0,1,FixedThreshold,884,"[""n11""]",0,1
0,1,FixedThreshold,885,[],0,0
0,1,FixedThreshold,886,[],0,0
0,1,FixedThreshold,887,"[""n01""]",0,0
0,1,FixedThreshold,896,[],0,0
0,1,FixedThreshold,897,[],0,0
0,1,FixedThreshold,898,"[""n07"", ""n08""]",0,0
0,1,FixedThreshold,899,"[""n02"", ""n07""]",0,0
0,1,FixedThreshold,900,[],0,0
0,1,FixedThreshold,901,[],0,0
0,1,FixedThreshold,902,[],0,0
0,1,FixedThreshold,903,[],0,0
0,1,FixedThreshold,920,[],0,0
0,1,FixedThreshold,921,[],0,0
0,1,FixedThreshold,922,"[""n05""]",0,0
0,1,FixedThreshold,923,[],0,0
0,1,FixedThreshold,924,[],0,0
0,1,FixedThreshold,925,[],0,0
0,1,FixedThreshold,926,"[""n04""]",0,0
0,1,FixedThreshold,927,"[""n02""]",0,0
0,1,FixedThreshold,928,"[""n01"", ""n02""]",1,1
0,1,FixedThreshold,929,[],0,1
0,1,FixedThreshold,930,[],0,0
0,1,FixedThreshold,931,[],0,1
0,1,FixedThreshold,932,"[""n01""]",1,1
0,1,FixedThreshold,933,"[""n06""]",1,1
0,1,FixedThreshold,934,[],0,0
0,1,FixedThreshold,935,[],0,0
0,1,SingleCenter,24,"[""n05""]",0,0
0,1,SingleCenter,25,"[""n08""]",0,0
0,1,SingleCenter,26,"[""n02""]",0,0
0,1,SingleCenter,27,[],0,0
0,1,SingleCenter,28,"[""n08""]",0,0
0,1,SingleCenter,29,[],0,0
0,1,SingleCenter,30,"[""n03"", ""n06"", ""n07""]",0,0
0,1,SingleCenter,31,[],0,0
0,1,SingleCenter,128,"[""n07"", ""n09"", ""n10""]",0,0
0,1,SingleCenter,129,"[""n04"", ""n05"", ""n10""]",0,0
0,1,SingleCenter,130,"[""n00"", ""n02"", ""n03"", ""n06""]",0,0
0,1,SingleCenter,131,"[""n01""]",0,0
0,1,SingleCenter,132,"[""n05"", ""n06"", ""n08""]",0,0
0,1,SingleCenter,133,"[""n03"", ""n04"", ""n06""]",0,0
0,1,SingleCenter,134,"[""n08"", ""n11""]",1,1
0,1,SingleCenter,135,"[""n02""]",0,0
0,1,SingleCenter,240,"[""n10"", ""n11""]",0,0
0,1,SingleCenter,241,"[""n05""]",1,1
0,1,SingleCenter,242,"[""n01"", ""n04"", ""n07""]",1,1
0,1,SingleCenter,243,"[""n08""]",0,0
0,1,SingleCenter,244,"[""n01"", ""n13""]",1,1
0,1,SingleCenter,245,"[""n09""]",1,1
0,1,SingleCenter,246,"[""n09""]",1,1
0,1,SingleCenter,247,[],0,0
0,1,SingleCenter,256,[],0,0
0,1,SingleCenter,257,"[""n00""]",0,0
0,1,SingleCenter,258,"[""n09"", ""n11""]",0,0
0,1,SingleCenter,259,"[""n09"", ""n10""]",0,0
0,1,SingleCenter,260,"[""n07"", ""n13"", ""n14""]",1,1
0,1,SingleCenter,261,"[""n00""]",0,0
0,1,SingleCenter,262,[],0,0
0,1,SingleCenter,263,[],0,0
0,1,SingleCenter,264,"[""n09""]",1,1
0,1,SingleCenter,265,"[""n00"", ""n02""]",0,0
0,1,SingleCenter,266,"[""n01"", ""n04""]",0,0
0,1,SingleCenter,267,"[""n07""]",0,0
0,1,SingleCenter,268,"[""n03"", ""n04""]",0,0
0,1,SingleCenter,269,"[""n03"", ""n06""]",0,0
0,1,SingleCenter,270,[],0,0
0,1,SingleCenter,271,"[""n01"", ""n04""]",0,0
0,1,SingleCenter,320,"[""n02""]",0,0
0,1,SingleCenter,321,"[""n05"", ""n08"", ""n11"", ""n17""]",1,0
0,1,SingleCenter,322,"[""n05"", ""n06""]",0,0
0,1,SingleCenter,323,"[""n02""]",0,0
0,1,SingleCenter,324,[],0,0
0,1,SingleCenter,325,[],0,0
0,1,SingleCenter,326,"[""n06"", ""n09"", ""n15""]",0,0
0,1,SingleCenter,327,"[""n07"", ""n09""]",0,0
0,1,SingleCenter,328,"[""n04""]",0,0
0,1,SingleCenter,329,"[""n03"", ""n09""]",0,0
0,1,SingleCenter,330,"[""n05"", ""n06""]",1,1
0,1,SingleCenter,331,[],0,0
0,1,SingleCenter,332,"[""n05"", ""n06""]",1,1
0,1,SingleCenter,333,"[""n04"", ""n10""]",0,0
0,1,SingleCenter,334,"[""n13""]",1,1
0,1,SingleCenter,335,"[""n11"", ""n13""]",1,1
0,1,SingleCenter,384,[],0,0
0,1,SingleCenter,385,"[""n02"", ""n03""]",0,0
0,1,SingleCenter,386,[],0,0
0,1,SingleCenter,387,"[""n12"", ""n14""]",1,0
0,1,SingleCenter,388,"[""n12""]",0,0
0,1,SingleCenter,389,"[""n12""]",0,0
0,1,SingleCenter,390,"[""n00"", ""n02"", ""n08"", ""n09"", ""n11"", ""n12"", ""n13""]",1,1
0,1,SingleCenter,391,"[""n04"", ""n06""]",1,1
0,1,SingleCenter,392,"[""n07"", ""n08""]",0,0
0,1,SingleCenter,393,"[""n01"", ""n04"", ""n16""]",1,1
0,1,SingleCenter,394,"[""n00"", ""n07""]",0,0
0,1,SingleCenter,395,"[""n04"", ""n15""]",0,0
0,1,SingleCenter,396,[],0,0
0,1,SingleCenter,397,"[""n03""]",0,0
0,1,SingleCenter,398,"[""n00"", ""n13"", ""n16""]",1,0
0,1,SingleCenter,399,"[""n04""]",0,0
0,1,SingleCenter,408,[],0,0
0,1,SingleCenter,409,"[""n07"", ""n10""]",0,0
0,1,SingleCenter,410,"[""n03"", ""n04"", ""n10""]",0,0
0,1,SingleCenter,411,"[""n02""]",0,0
0,1,SingleCenter,412,"[""n04"", ""n09"", ""n10""]",0,0
0,1,SingleCenter,413,[],0,0
0,1,SingleCenter,414,"[""n09""]",0,0
0,1,SingleCenter,415,[],0,0
0,1,SingleCenter,456,[],0,0
0,1,SingleCenter,457,[],0,0
0,1,SingleCenter,458,"[""n04"", ""n06""]",0,0
0,1,SingleCenter,459,"[""n10"", ""n11"", ""n13""]",1,1
0,1,SingleCenter,460,"[""n00"", ""n04"", ""n11""]",1,0
0,1,SingleCenter,461,"[""n01""]",0,0
0,1,SingleCenter,462,"[""n11""]",0,0
0,1,SingleCenter,463,"[""n10"", ""n15""]",1,0
0,1,SingleCenter,480,"[""n00""]",0,0
0,1,SingleCenter,481,"[""n03"", ""n05""]",0,0
0,1,SingleCenter,482,[],0,0
0,1,SingleCenter,483,"[""n07""]",0,0
0,1,SingleCenter,484,[],0,0
0,1,SingleCenter,485,"[""n05"", ""n08""]",0,0
0,1,SingleCenter,486,[],0,0
0,1,SingleCenter,487,"[""n05"", ""n07"", ""n08""]",0,0
0,1,SingleCenter,520,"[""n03"", ""n08""]",0,0
0,1,SingleCenter,521,"[""n02"", ""n04"", ""n07""]",0,0
0,1,SingleCenter,522,"[""n04""]",0,0
0,1,SingleCenter,523,"[""n03"", ""n04""]",0,0
0,1,SingleCenter,524,"[""n07"", ""n08"", ""n09""]",1,1
0,1,SingleCenter,525,"[""n05"", ""n06""]",0,0
0,1,SingleCenter,526,"[""n02"", ""n04"", ""n07""]",0,0
0,1,SingleCenter,527,"[""n00""]",0,0
0,1,SingleCenter,544,"[""n01"", ""n05""]",0,0
0,1,SingleCenter,545,"[""n05""]",0,0
0,1,SingleCenter,546,"[""n00""]",1,0
0,1,SingleCenter,547,[],0,0
0,1,SingleCenter,548,"[""n01""]",0,0
0,1,SingleCenter,549,"[""n05""]",0,0
0,1,SingleCenter,550,[],0,0
0,1,SingleCenter,551,[],0,0
0,1,SingleCenter,576,"[""n13""]",0,0
0,1,SingleCenter,577,[],0,0
0,1,SingleCenter,578,[],0,0
0,1,SingleCenter,579,"[""n06"", ""n16""]",0,0
0,1,SingleCenter,580,"[""n08"", ""n11"", ""n13""]",0,0
0,1,SingleCenter,581,"[""n01"", ""n03"", ""n09"", ""n10"", ""n14""]",1,1
0,1,SingleCenter,582,"[""n09"", ""n11"", ""n17""]",1,1
0,1,SingleCenter,583,"[""n04"", ""n05"", ""n09"", ""n14""]",1,1
0,1,SingleCenter,616,"[""n00"", ""n01"", ""n04"", ""n10"", ""n12"", ""n17""]",1,0
0,1,SingleCenter,617,"[""n07"", ""n16""]",0,0
0,1,SingleCenter,618,"[""n00"", ""n06"", ""n10"", ""n13"", ""n16""]",0,0
0,1,SingleCenter,619,"[""n01"", ""n02"", ""n03""]",1,1
0,1,SingleCenter,620,[],0,0
0,1,SingleCenter,621,"[""n06"", ""n09""]",0,0
0,1,SingleCenter,622,"[""n01"", ""n02"", ""n16"", ""n17""]",1,1
0,1,SingleCenter,623,"[""n02"", ""n08"", ""n13""]",0,0
0,1,SingleCenter,632,[],0,0
0,1,SingleCenter,633,"[""n06""]",1,1
0,1,SingleCenter,634,"[""n07"", ""n15""]",0,0
0,1,SingleCenter,635,"[""n04"", ""n15""]",0,0
0,1,SingleCenter,636,"[""n08"", ""n09""]",0,0
0,1,SingleCenter,637,"[""n00"", ""n07"", ""n13""]",1,0
0,1,SingleCenter,638,"[""n07"", ""n12""]",0,0
0,1,SingleCenter,639,"[""n05""]",0,0
0,1,SingleCenter,688,"[""n04""]",0,0
0,1,SingleCenter,689,"[""n03"", ""n04"", ""n11""]",1,1
0,1,SingleCenter,690,"[""n12""]",0,0
0,1,SingleCenter,691,"[""n07"", ""n13""]",0,0
0,1,SingleCenter,692,"[""n08""]",0,0
0,1,SingleCenter,693,[],0,0
0,1,SingleCenter,694,"[""n06""]",0,0
0,1,SingleCenter,695,"[""n01"", ""n06"", ""n10"", ""n12""]",0,0
0,1,SingleCenter,712,"[""n04""]",0,0
0,1,SingleCenter,713,"[""n10""]",0,0
0,1,SingleCenter,714,"[""n03"", ""n08""]",0,0
0,1,SingleCenter,715,"[""n03"", ""n09""]",0,0
0,1,SingleCenter,716,[],0,0
0,1,SingleCenter,717,"[""n01"", ""n05"", ""n09""]",1,0
0,1,SingleCenter,718,"[""n01"", ""n02"", ""n05""]",1,1
0,1,SingleCenter,719,"[""n04"", ""n05"", ""n08""]",1,1
0,1,SingleCenter,728,"[""n11""]",0,0
0,1,SingleCenter,729,"[""n02"", ""n04""]",0,0
0,1,SingleCenter,730,"[""n00"", ""n03"", ""n07""]",0,0
0,1,SingleCenter,731,[],0,0
0,1,SingleCenter,732,"[""n05""]",0,0
0,1,SingleCenter,733,"[""n00"", ""n05"", ""n08"", ""n10""]",0,0
0,1,SingleCenter,734,"[""n06"", ""n11""]",0,0
0,1,SingleCenter,735,"[""n04"", ""n06""]",0,0
0,1,SingleCenter,880,"[""n10"", ""n13"", ""n16""]",1,1
0,1,SingleCenter,881,"[""n16""]",1,1
0,1,SingleCenter,882,"[""n06"", ""n07""]",0,0
0,1,SingleCenter,883,"[""n14"", ""n15"", ""n16""]",1,0
0,1,SingleCenter,884,"[""n11"", ""n16""]",1,1
0,1,SingleCenter,885,"[""n07"", ""n08""]",0,0
0,1,SingleCenter,886,"[""n06""]",0,0
0,1,SingleCenter,887,"[""n01"", ""n02"", ""n15""]",0,0
0,1,SingleCenter,896,"[""n08""]",0,0
0,1,SingleCenter,897,"[""n03""]",0,0
0,1,SingleCenter,898,"[""n07"", ""n08""]",0,0
0,1,SingleCenter,899,"[""n02"", ""n05"", ""n07""]",1,0
0,1,SingleCenter,900,[],0,0
0,1,SingleCenter,901,"[""n03""]",0,0
0,1,SingleCenter,902,"[""n05"", ""n06"", ""n10""]",1,0
0,1,SingleCenter,903,[],0,0
0,1,SingleCenter,920,[],0,0
0,1,SingleCenter,921,"[""n03""]",1,0
0,1,SingleCenter,922,"[""n05""]",0,0
0,1,SingleCenter,923,"[""n00"", ""n03"", ""n09""]",1,0
0,1,SingleCenter,924,"[""n01"", ""n08""]",0,0
0,1,SingleCenter,925,[],0,0
0,1,SingleCenter,926,"[""n00"", ""n04""]",0,0
0,1,SingleCenter,927,"[""n02""]",0,0
0,1,SingleCenter,928,"[""n00"", ""n01"", ""n02"", ""n08""]",1,1
0,1,SingleCenter,929,"[""n00""]",1,1
0,1,SingleCenter,930,[],0,0
0,1,SingleCenter,931,"[""n06"", ""n16""]",1,1
0,1,SingleCenter,932,"[""n01""]",1,1
0,1,SingleCenter,933,"[""n03"", ""n06"", ""n16""]",1,1
0,1,SingleCenter,934,"[""n04""]",0,0
0,1,SingleCenter,935,"[""n05""]",0,0
0,1,KMeans,24,"[""n05""]",0,0
0,1,KMeans,25,"[""n08""]",0,0
0,1,KMeans,26,"[""n01"", ""n02""]",1,0
0,1,KMeans,27,[],0,0
0,1,KMeans,28,"[""n08""]",0,0
0,1,KMeans,29,"[""n02""]",0,0
0,1,KMeans,30,"[""n06""]",0,0
0,1,KMeans,31,[],0,0
0,1,KMeans,128,"[""n05"", ""n07"", ""n09"", ""n10""]",0,0
0,1,KMeans,129,"[""n04"", ""n05"", ""n10""]",0,0
0,1,KMeans,130,"[""n06"", ""n07""]",0,0
0,1,KMeans,131,"[""n01""]",0,0
0,1,KMeans,132,"[""n05"", ""n06"", ""n08""]",0,0
0,1,KMeans,133,"[""n03"", ""n04"", ""n11""]",1,0
0,1,KMeans,134,"[""n08"", ""n11""]",1,1
0,1,KMeans,135,"[""n01"", ""n02""]",1,0
0,1,KMeans,240,"[""n10"", ""n11""]",0,0
0,1,KMeans,241,"[""n05""]",1,1
0,1,KMeans,242,"[""n01"", ""n04"", ""n07""]",1,1
0,1,KMeans,243,"[""n08"", ""n09""]",1,0
0,1,KMeans,244,"[""n01"", ""n13""]",1,1
0,1,KMeans,245,"[""n09""]",1,1
0,1,KMeans,246,"[""n00"", ""n09""]",1,1
0,1,KMeans,247,"[""n00"", ""n08""]",0,0
0,1,KMeans,256,"[""n06"", ""n09""]",0,0
0,1,KMeans,257,"[""n00""]",0,0
0,1,KMeans,258,"[""n09"", ""n11""]",0,0
0,1,KMeans,259,"[""n09"", ""n10""]",0,0
0,1,KMeans,260,"[""n07"", ""n13"", ""n14""]",1,1
0,1,KMeans,261,"[""n00"", ""n14""]",1,0
0,1,KMeans,262,[],0,0
0,1,KMeans,263,[],0,0
0,1,KMeans,264,"[""n07"", ""n09""]",1,1
0,1,KMeans,265,[],0,0
0,1,KMeans,266,"[""n01"", ""n04""]",0,0
0,1,KMeans,267,"[""n07""]",0,0
0,1,KMeans,268,[],0,0
0,1,KMeans,269,"[""n03""]",0,0
0,1,KMeans,270,[],0,0
0,1,KMeans,271,"[""n01"", ""n04""]",0,0
0,1,KMeans,320,"[""n02""]",0,0
0,1,KMeans,321,"[""n05"", ""n11""]",0,0
0,1,KMeans,322,"[""n06"", ""n11""]",0,0
0,1,KMeans,323,"[""n02""]",0,0
0,1,KMeans,324,"[""n06""]",0,0
0,1,KMeans,325,"[""n15""]",0,0
0,1,KMeans,326,"[""n09"", ""n15""]",0,0
0,1,KMeans,327,"[""n09""]",0,0
0,1,KMeans,328,"[""n04"", ""n08""]",0,0
0,1,KMeans,329,"[""n03"", ""n09"", ""n10""]",0,0
0,1,KMeans,330,"[""n05"", ""n06"", ""n07"", ""n11""]",1,1
0,1,KMeans,331,"[""n08""]",0,0
0,1,KMeans,332,"[""n05"", ""n06""]",1,1
0,1,KMeans,333,"[""n06"", ""n10""]",0,0
0,1,KMeans,334,"[""n01"", ""n13""]",1,1
0,1,KMeans,335,"[""n03"", ""n11"", ""n13""]",1,1
0,1,KMeans,384,"[""n00"", ""n02""]",1,0
0,1,KMeans,385,[],0,0
0,1,KMeans,386,"[""n13""]",0,0
0,1,KMeans,387,"[""n11"", ""n13"", ""n14""]",1,0
0,1,KMeans,388,"[""n12""]",0,0
0,1,KMeans,389,"[""n02"", ""n12""]",0,0
0,1,KMeans,390,"[""n00"", ""n02"", ""n08"", ""n09"", ""n11"", ""n12"", ""n13""]",1,1
0,1,KMeans,391,"[""n04""]",1,1
0,1,KMeans,392,"[""n08""]",0,0
0,1,KMeans,393,"[""n04"", ""n16""]",1,1
0,1,KMeans,394,"[""n00"", ""n07""]",0,0
0,1,KMeans,395,"[""n04"", ""n15""]",0,0
0,1,KMeans,396,[],0,0
0,1,KMeans,397,"[""n03""]",0,0
0,1,KMeans,398,"[""n00"", ""n13""]",0,0
0,1,KMeans,399,"[""n04"", ""n06""]",0,0
0,1,KMeans,408,[],0,0
0,1,KMeans,409,"[""n07"", ""n10""]",0,0
0,1,KMeans,410,"[""n03""]",0,0
0,1,KMeans,411,"[""n02"", ""n04""]",0,0
0,1,KMeans,412,"[""n09"", ""n10""]",0,0
0,1,KMeans,413,[],0,0
0,1,KMeans,414,"[""n09""]",0,0
0,1,KMeans,415,[],0,0
0,1,KMeans,456,[],0,0
0,1,KMeans,457,"[""n06""]",0,0
0,1,KMeans,458,"[""n04"", ""n06""]",0,0
0,1,KMeans,459,"[""n04"", ""n08"", ""n11"", ""n13""]",1,1
0,1,KMeans,460,"[""n06"", ""n12""]",0,0
0,1,KMeans,461,"[""n01"", ""n15""]",1,0
0,1,KMeans,462,"[""n11"", ""n13""]",1,0
0,1,KMeans,463,"[""n00"", ""n10"", ""n12""]",1,0
0,1,KMeans,480,"[""n00""]",0,0
0,1,KMeans,481,"[""n02"", ""n03"", ""n05""]",1,0
0,1,KMeans,482,[],0,0
0,1,KMeans,483,[],0,0
0,1,KMeans,484,"[""n07""]",0,0
0,1,KMeans,485,"[""n05"", ""n08""]",0,0
0,1,KMeans,486,"[""n01"", ""n04""]",0,0
0,1,KMeans,487,"[""n03"", ""n05""]",0,0
0,1,KMeans,520,[],0,0
0,1,KMeans,521,"[""n02"", ""n07""]",0,0
0,1,KMeans,522,"[""n04""]",0,0
0,1,KMeans,523,"[""n04""]",0,0
0,1,KMeans,524,"[""n03"", ""n09""]",1,1
0,1,KMeans,525,"[""n06""]",0,0
0,1,KMeans,526,"[""n02"", ""n04"", ""n07""]",0,0
0,1,KMeans,527,[],0,0
0,1,KMeans,544,"[""n00"", ""n01"", ""n05""]",1,0
0,1,KMeans,545,"[""n05""]",0,0
0,1,KMeans,546,[],0,0
0,1,KMeans,547,[],0,0
0,1,KMeans,548,"[""n01""]",0,0
0,1,KMeans,549,"[""n05""]",0,0
0,1,KMeans,550,[],0,0
0,1,KMeans,551,[],0,0
0,1,KMeans,576,"[""n13""]",0,0
0,1,KMeans,577,"[""n12""]",0,0
0,1,KMeans,578,"[""n00"", ""n04""]",0,0
0,1,KMeans,579,"[""n03"", ""n06"", ""n12"", ""n16""]",1,0
0,1,KMeans,580,"[""n08"", ""n11"", ""n13""]",0,0
0,1,KMeans,581,"[""n09"", ""n14""]",1,1
0,1,KMeans,582,"[""n09"", ""n11""]",1,1
0,1,KMeans,583,"[""n01"", ""n04"", ""n05"", ""n09"", ""n14""]",1,1
0,1,KMeans,616,"[""n12"", ""n17""]",1,0
0,1,KMeans,617,"[""n02""]",0,0
0,1,KMeans,618,"[""n00"", ""n06"", ""n10"", ""n13"", ""n16""]",0,0
0,1,KMeans,619,"[""n01"", ""n08"", ""n16""]",1,1
0,1,KMeans,620,[],0,0
0,1,KMeans,621,"[""n06"", ""n09"", ""n16""]",0,0
0,1,KMeans,622,"[""n02"", ""n16"", ""n17""]",1,1
0,1,KMeans,623,"[""n02"", ""n08"", ""n13""]",0,0
0,1,KMeans,632,[],0,0
0,1,KMeans,633,"[""n06""]",1,1
0,1,KMeans,634,"[""n07"", ""n08"", ""n15""]",0,0
0,1,KMeans,635,"[""n15""]",0,0
0,1,KMeans,636,"[""n09"", ""n11""]",0,0
0,1,KMeans,637,[],0,0
0,1,KMeans,638,[],0,0
0,1,KMeans,639,"[""n05"", ""n11""]",0,0
0,1,KMeans,688,"[""n04""]",0,0
0,1,KMeans,689,"[""n06"", ""n08"", ""n11""]",1,1
0,1,KMeans,690,"[""n01"", ""n12"", ""n13""]",0,0
0,1,KMeans,691,"[""n07"", ""n13""]",0,0
0,1,KMeans,692,"[""n08""]",0,0
0,1,KMeans,693,[],0,0
0,1,KMeans,694,"[""n03"", ""n06""]",1,0
0,1,KMeans,695,"[""n01"", ""n10"", ""n12"", ""n13""]",0,0
0,1,KMeans,712,"[""n04""]",0,0
0,1,KMeans,713,[],0,0
0,1,KMeans,714,"[""n03"", ""n08""]",0,0
0,1,KMeans,715,"[""n03"", ""n09""]",0,0
0,1,KMeans,716,[],0,0
0,1,KMeans,717,[],0,0
0,1,KMeans,718,"[""n02"", ""n05""]",1,1
0,1,KMeans,719,"[""n04"", ""n05"", ""n08""]",1,1
0,1,KMeans,728,"[""n11""]",0,0
0,1,KMeans,729,"[""n02"", ""n04""]",0,0
0,1,KMeans,730,"[""n00"", ""n07""]",0,0
0,1,KMeans,731,[],0,0
0,1,KMeans,732,"[""n05""]",0,0
0,1,KMeans,733,"[""n05"", ""n10""]",0,0
0,1,KMeans,734,"[""n06"", ""n09"", ""n11"", ""n12""]",1,0
0,1,KMeans,735,"[""n04"", ""n06""]",0,0
0,1,KMeans,880,"[""n10"", ""n13"", ""n16""]",1,1
0,1,KMeans,881,"[""n09"", ""n16""]",1,1
0,1,KMeans,882,"[""n06"", ""n07""]",0,0
0,1,KMeans,883,"[""n15""]",0,0
0,1,KMeans,884,"[""n09"", ""n11"", ""n16""]",1,1
0,1,KMeans,885,"[""n00"", ""n02"", ""n07"", ""n08""]",0,0
0,1,KMeans,886,"[""n06""]",0,0
0,1,KMeans,887,"[""n00"", ""n01"", ""n08"", ""n12""]",1,0
0,1,KMeans,896,"[""n08""]",0,0
0,1,KMeans,897,"[""n03""]",0,0
0,1,KMeans,898,"[""n07"", ""n08""]",0,0
0,1,KMeans,899,"[""n02"", ""n05"", ""n07""]",1,0
0,1,KMeans,900,[],0,0
0,1,KMeans,901,"[""n03""]",0,0
0,1,KMeans,902,"[""n03"", ""n06""]",0,0
0,1,KMeans,903,"[""n09""]",0,0
0,1,KMeans,920,[],0,0
0,1,KMeans,921,"[""n03""]",1,0
0,1,KMeans,922,"[""n05""]",0,0
0,1,KMeans,923,"[""n03""]",1,0
0,1,KMeans,924,"[""n01"", ""n08""]",0,0
0,1,KMeans,925,[],0,0
0,1,KMeans,926,"[""n00"", ""n04""]",0,0
0,1,KMeans,927,"[""n02""]",0,0
0,1,KMeans,928,"[""n00"", ""n01"", ""n02"", ""n04"", ""n14""]",1,1
0,1,KMeans,929,"[""n00"", ""n04""]",1,1
0,1,KMeans,930,[],0,0
0,1,KMeans,931,"[""n06"", ""n11"", ""n16""]",1,1
0,1,KMeans,932,"[""n01"", ""n15""]",1,1
0,1,KMeans,933,"[""n05"", ""n06"", ""n16""]",1,1
0,1,KMeans,934,"[""n04""]",0,0
0,1,KMeans,935,"[""n05""]",0,0
0,2,FixedThreshold,40,"[""n13""]",0,0
0,2,FixedThreshold,41,"[""n13""]",0,0
0,2,FixedThreshold,42,[],0,1
0,2,FixedThreshold,43,"[""n15""]",1,1
0,2,FixedThreshold,44,[],0,1
0,2,FixedThreshold,45,"[""n04"", ""n13"", ""n15""]",1,1
0,2,FixedThreshold,46,[],0,0
0,2,FixedThreshold,47,"[""n12""]",0,1
0,2,FixedThreshold,48,[],0,0
0,2,FixedThreshold,49,"[""n09""]",0,0
0,2,FixedThreshold,50,"[""n02""]",0,0
0,2,FixedThreshold,51,[],0,0
0,2,FixedThreshold,52,[],0,0
0,2,FixedThreshold,53,"[""n10""]",0,0
0,2,FixedThreshold,54,[],0,0
0,2,FixedThreshold,55,[],0,0
0,2,FixedThreshold,64,"[""n03""]",0,0
0,2,FixedThreshold,65,"[""n06""]",0,0
0,2,FixedThreshold,66,[],0,0
0,2,FixedThreshold,67,[],0,0
0,2,FixedThreshold,68,"[""n06""]",0,0
0,2,FixedThreshold,69,[],0,0
0,2,FixedThreshold,70,[],0,0
0,2,FixedThreshold,71,[],0,0
0,2,FixedThreshold,96,[],0,0
0,2,FixedThreshold,97,[],0,0
0,2,FixedThreshold,98,[],0,0
0,2,FixedThreshold,99,[],0,0
0,2,FixedThreshold,100,[],0,0
0,2,FixedThreshold,101,[],0,0
0,2,FixedThreshold,102,[],0,0
0,2,FixedThreshold,103,[],0,0
0,2,FixedThreshold,232,[],0,0
0,2,FixedThreshold,233,[],0,0
0,2,FixedThreshold,234,[],0,1
0,2,FixedThreshold,235,"[""n07""]",0,0
0,2,FixedThreshold,236,[],0,1
0,2,FixedThreshold,237,[],0,1
0,2,FixedThreshold,238,[],0,0
0,2,FixedThreshold,239,[],0,1
0,2,FixedThreshold,272,"[""n02"", ""n05""]",0,0
0,2,FixedThreshold,273,[],0,0
0,2,FixedThreshold,274,[],0,1
0,2,FixedThreshold,275,[],0,0
0,2,FixedThreshold,276,"[""n00""]",0,0
0,2,FixedThreshold,277,[],0,0
0,2,FixedThreshold,278,[],0,0
0,2,FixedThreshold,279,[],0,0
0,2,FixedThreshold,304,[],0,0
0,2,FixedThreshold,305,[],0,1
0,2,FixedThreshold,306,"[""n07""]",0,0
0,2,FixedThreshold,307,[],0,0
0,2,FixedThreshold,308,"[""n07""]",0,0
0,2,FixedThreshold,309,[],0,0
0,2,FixedThreshold,310,[],0,0
0,2,FixedThreshold,311,"[""n06""]",0,0
0,2,FixedThreshold,312,[],0,0
0,2,FixedThreshold,313,[],0,0
0,2,FixedThreshold,314,[],0,0
0,2,FixedThreshold,315,[],0,0
0,2,FixedThreshold,316,"[""n00""]",0,0
0,2,FixedThreshold,317,[],0,0
0,2,FixedThreshold,318,"[""n00"", ""n08""]",0,0
0,2,FixedThreshold,319,[],0,0
0,2,FixedThreshold,376,"[""n04"", ""n12""]",0,0
0,2,FixedThreshold,377,[],0,1
0,2,FixedThreshold,378,[],0,0
0,2,FixedThreshold,379,"[""n04""]",0,0
0,2,FixedThreshold,380,[],0,0
0,2,FixedThreshold,381,[],0,1
0,2,FixedThreshold,382,[],0,1
0,2,FixedThreshold,383,[],0,0
0,2,FixedThreshold,416,[],0,0
0,2,FixedThreshold,417,"[""n07""]",0,0
0,2,FixedThreshold,418,[],0,0
0,2,FixedThreshold,419,"[""n05"", ""n07""]",0,0
0,2,FixedThreshold,420,"[""n01""]",0,0
0,2,FixedThreshold,421,[],0,0
0,2,FixedThreshold,422,[],0,0
0,2,FixedThreshold,423,"[""n08""]",0,0
0,2,FixedThreshold,504,[],0,0
0,2,FixedThreshold,505,[],0,0
0,2,FixedThreshold,506,[],0,0
0,2,FixedThreshold,507,[],0,0
0,2,FixedThreshold,508,[],0,0
0,2,FixedThreshold,509,[],0,0
0,2,FixedThreshold,510,[],0,0
0,2,FixedThreshold,511,"[""n11"", ""n14""]",0,0
0,2,FixedThreshold,552,[],0,0
0,2,FixedThreshold,553,[],0,0
0,2,FixedThreshold,554,"[""n07""]",0,0
0,2,FixedThreshold,555,[],0,0
0,2,FixedThreshold,556,[],0,0
0,2,FixedThreshold,557,[],0,0
0,2,FixedThreshold,558,[],0,0
0,2,FixedThreshold,559,[],0,0
0,2,FixedThreshold,592,[],0,0
0,2,FixedThreshold,593,[],0,0
0,2,FixedThreshold,594,[],0,0
0,2,FixedThreshold,595,[],0,1
0,2,FixedThreshold,596,"[""n00""]",0,0
0,2,FixedThreshold,597,[],0,0
0,2,FixedThreshold,598,"[""n00""]",0,0
0,2,FixedThreshold,599,[],0,0
0,2,FixedThreshold,600,[],0,0
0,2,FixedThreshold,601,[],0,0
0,2,FixedThreshold,602,"[""n05"", ""n06"", ""n10""]",0,0
0,2,FixedThreshold,603,[],0,0
0,2,FixedThreshold,604,[],0,1
0,2,FixedThreshold,605,[],0,0
0,2,FixedThreshold,606,[],0,0
0,2,FixedThreshold,607,[],0,0
0,2,FixedThreshold,608,[],0,1
0,2,FixedThreshold,609,[],0,0
0,2,FixedThreshold,610,[],0,0
0,2,FixedThreshold,611,[],0,0
0,2,FixedThreshold,612,"[""n04""]",0,0
0,2,FixedThreshold,613,"[""n00"", ""n02"", ""n06""]",1,1
0,2,FixedThreshold,614,"[""n03""]",0,0
0,2,FixedThreshold,615,[],0,0
0,2,FixedThreshold,648,[],0,0
0,2,FixedThreshold,649,[],0,0
0,2,FixedThreshold,650,"[""n04"", ""n06"", ""n07"", ""n08""]",0,0
0,2,FixedThreshold,651,[],0,0
0,2,FixedThreshold,652,[],0,0
0,2,FixedThreshold,653,[],0,0
0,2,FixedThreshold,654,[],0,0
0,2,FixedThreshold,655,"[""n00"", ""n02"", ""n12""]",1,1
0,2,FixedThreshold,680,[],0,0
0,2,FixedThreshold,681,[],0,1
0,2,FixedThreshold,682,[],0,0
0,2,FixedThreshold,683,"[""n04"", ""n08""]",1,1
0,2,FixedThreshold,684,"[""n12""]",0,0
0,2,FixedThreshold,685,[],0,0
0,2,FixedThreshold,686,[],0,0
0,2,FixedThreshold,687,[],0,0
0,2,FixedThreshold,744,"[""n01"", ""n03""]",0,0
0,2,FixedThreshold,745,[],0,0
0,2,FixedThreshold,746,[],0,1
0,2,FixedThreshold,747,[],0,0
0,2,FixedThreshold,748,"[""n05""]",0,1
0,2,FixedThreshold,749,[],0,1
0,2,FixedThreshold,750,"[""n02"", ""n05""]",0,0
0,2,FixedThreshold,751,[],0,0
0,2,FixedThreshold,752,[],0,1
0,2,FixedThreshold,753,[],0,0
0,2,FixedThreshold,754,[],0,0
0,2,FixedThreshold,755,[],0,0
0,2,FixedThreshold,756,[],0,0
0,2,FixedThreshold,757,[],0,0
0,2,FixedThreshold,758,"[""n12""]",0,0
0,2,FixedThreshold,759,[],0,0
0,2,FixedThreshold,776,[],0,0
0,2,FixedThreshold,777,[],0,0
0,2,FixedThreshold,778,[],0,0
0,2,FixedThreshold,779,[],0,0
0,2,FixedThreshold,780,[],0,0
0,2,FixedThreshold,781,[],0,1
0,2,FixedThreshold,782,"[""n06""]",0,0
0,2,FixedThreshold,783,"[""n01"", ""n04"", ""n09""]",1,1
0,2,FixedThreshold,808,[],0,0
0,2,FixedThreshold,809,[],0,0
0,2,FixedThreshold,810,"[""n09""]",1,1
0,2,FixedThreshold,811,[],0,0
0,2,FixedThreshold,812,[],0,0
0,2,FixedThreshold,813,[],0,0
0,2,FixedThreshold,814,"[""n03""]",0,0
0,2,FixedThreshold,815,[],0,0
0,2,FixedThreshold,832,[],0,0
0,2,FixedThreshold,833,"[""n01"", ""n07""]",0,0
0,2,FixedThreshold,834,[],0,0
0,2,FixedThreshold,835,"[""n07""]",0,0
0,2,FixedThreshold,836,[],0,0
0,2,FixedThreshold,837,[],0,0
0,2,FixedThreshold,838,[],0,0
0,2,FixedThreshold,839,[],0,0
0,2,FixedThreshold,856,[],0,0
0,2,FixedThreshold,857,[],0,0
0,2,FixedThreshold,858,"[""n03"", ""n10""]",1,1
0,2,FixedThreshold,859,[],0,0
0,2,FixedThreshold,860,"[""n04"", ""n08""]",0,0
0,2,FixedThreshold,861,"[""n01"", ""n08""]",0,0
0,2,FixedThreshold,862,[],0,0
0,2,FixedThreshold,863,"[""n05"", ""n10""]",1,1
0,2,FixedThreshold,936,[],0,0
0,2,FixedThreshold,937,"[""n11"", ""n13""]",0,0
0,2,FixedThreshold,938,[],0,0
0,2,FixedThreshold,939,[],0,0
0,2,FixedThreshold,940,[],0,0
0,2,FixedThreshold,941,[],0,0
0,2,FixedThreshold,942,"[""n06""]",0,0
0,2,FixedThreshold,943,"[""n05""]",0,0
0,2,SingleCenter,40,"[""n05"", ""n09"", ""n13"", ""n15""]",1,0
0,2,SingleCenter,41,"[""n03"", ""n12"", ""n13""]",1,0
0,2,SingleCenter,42,"[""n00"", ""n13""]",1,1
0,2,SingleCenter,43,"[""n01"", ""n11"", ""n13"", ""n14"", ""n15""]",1,1
0,2,SingleCenter,44,"[""n03"", ""n06"", ""n11""]",1,1
0,2,SingleCenter,45,"[""n02"", ""n04"", ""n08"", ""n13"", ""n15""]",1,1
0,2,SingleCenter,46,"[""n07"", ""n09""]",0,0
0,2,SingleCenter,47,"[""n01"", ""n03"", ""n09"", ""n10"", ""n12""]",1,1
0,2,SingleCenter,48,"[""n04""]",0,0
0,2,SingleCenter,49,"[""n09""]",0,0
0,2,SingleCenter,50,"[""n02"", ""n08"", ""n09""]",0,0
0,2,SingleCenter,51,"[""n08""]",0,0
0,2,SingleCenter,52,"[""n05"", ""n07""]",0,0
0,2,SingleCenter,53,"[""n07"", ""n10""]",0,0
0,2,SingleCenter,54,"[""n04"", ""n09""]",0,0
0,2,SingleCenter,55,"[""n11""]",0,0
0,2,SingleCenter,64,"[""n03"", ""n05"", ""n10"", ""n12""]",0,0
0,2,SingleCenter,65,"[""n04"", ""n06"", ""n08""]",0,0
0,2,SingleCenter,66,"[""n01"", ""n07""]",0,0
0,2,SingleCenter,67,[],0,0
0,2,SingleCenter,68,"[""n02"", ""n06""]",0,0
0,2,SingleCenter,69,"[""n01"", ""n08""]",0,0
0,2,SingleCenter,70,[],0,0
0,2,SingleCenter,71,"[""n04""]",0,0
0,2,SingleCenter,96,"[""n01"", ""n07""]",0,0
0,2,SingleCenter,97,"[""n01"", ""n04"", ""n05"", ""n07""]",0,0
0,2,SingleCenter,98,[],0,0
0,2,SingleCenter,99,[],0,0
0,2,SingleCenter,100,"[""n08""]",0,0
0,2,SingleCenter,101,[],0,0
0,2,SingleCenter,102,"[""n00""]",0,0
0,2,SingleCenter,103,[],0,0
0,2,SingleCenter,232,[],0,0
0,2,SingleCenter,233,[],0,0
0,2,SingleCenter,234,"[""n02"", ""n06""]",1,1
0,2,SingleCenter,235,"[""n07""]",0,0
0,2,SingleCenter,236,"[""n10""]",1,1
0,2,SingleCenter,237,"[""n02""]",1,1
0,2,SingleCenter,238,[],0,0
0,2,SingleCenter,239,"[""n10""]",1,1
0,2,SingleCenter,272,"[""n02"", ""n03"", ""n05""]",0,0
0,2,SingleCenter,273,[],0,0
0,2,SingleCenter,274,"[""n16""]",1,1
0,2,SingleCenter,275,[],0,0
0,2,SingleCenter,276,"[""n00"", ""n05""]",0,0
0,2,SingleCenter,277,[],0,0
0,2,SingleCenter,278,"[""n11"", ""n12""]",0,0
0,2,SingleCenter,279,[],0,0
0,2,SingleCenter,304,"[""n03"", ""n07""]",0,0
0,2,SingleCenter,305,"[""n03"", ""n07"", ""n09""]",1,1
0,2,SingleCenter,306,"[""n01"", ""n02"", ""n07"", ""n10"", ""n11""]",1,0
0,2,SingleCenter,307,"[""n08""]",0,0
0,2,SingleCenter,308,"[""n07"", ""n08""]",0,0
0,2,SingleCenter,309,"[""n04"", ""n07""]",0,0
0,2,SingleCenter,310,[],0,0
0,2,SingleCenter,311,"[""n02"", ""n05"", ""n06"", ""n08"", ""n09"", ""n10""]",1,0
0,2,SingleCenter,312,"[""n01""]",0,0
0,2,SingleCenter,313,"[""n01"", ""n04""]",0,0
0,2,SingleCenter,314,[],0,0
0,2,SingleCenter,315,"[""n04"", ""n05""]",0,0
0,2,SingleCenter,316,"[""n00""]",0,0
0,2,SingleCenter,317,[],0,0
0,2,SingleCenter,318,"[""n00"", ""n02"", ""n08""]",0,0
0,2,SingleCenter,319,[],0,0
0,2,SingleCenter,376,"[""n04"", ""n06"", ""n10"", ""n12""]",0,0
0,2,SingleCenter,377,"[""n00"", ""n04"", ""n08"", ""n11"", ""n13""]",1,1
0,2,SingleCenter,378,"[""n02""]",1,0
0,2,SingleCenter,379,"[""n01"", ""n02"", ""n04"", ""n13""]",1,0
0,2,SingleCenter,380,"[""n01""]",0,0
0,2,SingleCenter,381,"[""n02"", ""n03"", ""n05"", ""n08"", ""n09""]",1,1
0,2,SingleCenter,382,"[""n13""]",1,1
0,2,SingleCenter,383,"[""n01"", ""n02"", ""n07"", ""n09"", ""n11""]",1,0
0,2,SingleCenter,416,"[""n10""]",0,0
0,2,SingleCenter,417,"[""n00"", ""n02"", ""n07""]",1,0
0,2,SingleCenter,418,"[""n05""]",0,0
0,2,SingleCenter,419,"[""n02"", ""n05""]",0,0
0,2,SingleCenter,420,"[""n01"", ""n14""]",1,0
0,2,SingleCenter,421,"[""n07""]",0,0
0,2,SingleCenter,422,"[""n12""]",0,0
0,2,SingleCenter,423,"[""n03"", ""n08""]",0,0
0,2,SingleCenter,504,"[""n11""]",0,0
0,2,SingleCenter,505,"[""n14""]",0,0
0,2,SingleCenter,506,"[""n03"", ""n10""]",0,0
0,2,SingleCenter,507,"[""n09""]",0,0
0,2,SingleCenter,508,"[""n02"", ""n10""]",0,0
0,2,SingleCenter,509,"[""n03""]",0,0
0,2,SingleCenter,510,[],0,0
0,2,SingleCenter,511,"[""n05"", ""n11"", ""n13"", ""n14""]",0,0
0,2,SingleCenter,552,[],0,0
0,2,SingleCenter,553,"[""n02"", ""n03"", ""n12""]",1,0
0,2,SingleCenter,554,"[""n01"", ""n06"", ""n07"", ""n08""]",0,0
0,2,SingleCenter,555,[],0,0
0,2,SingleCenter,556,"[""n08""]",0,0
0,2,SingleCenter,557,"[""n11""]",0,0
0,2,SingleCenter,558,"[""n00"", ""n02""]",0,0
0,2,SingleCenter,559,"[""n05"", ""n09"", ""n11""]",0,0
0,2,SingleCenter,592,"[""n05""]",0,0
0,2,SingleCenter,593,[],0,0
0,2,SingleCenter,594,"[""n01""]",0,0
0,2,SingleCenter,595,"[""n03"", ""n11"", ""n12""]",1,1
0,2,SingleCenter,596,"[""n00"", ""n02"", ""n09""]",0,0
0,2,SingleCenter,597,"[""n06""]",0,0
0,2,SingleCenter,598,"[""n00"", ""n12""]",1,0
0,2,SingleCenter,599,"[""n00""]",0,0
0,2,SingleCenter,600,"[""n04""]",1,0
0,2,SingleCenter,601,[],0,0
0,2,SingleCenter,602,"[""n02"", ""n05"", ""n06"", ""n10""]",0,0
0,2,SingleCenter,603,[],0,0
0,2,SingleCenter,604,"[""n04"", ""n09""]",1,1
0,2,SingleCenter,605,"[""n00"", ""n08"", ""n09""]",1,0
0,2,SingleCenter,606,"[""n01"", ""n05""]",0,0
0,2,SingleCenter,607,"[""n05"", ""n10""]",0,0
0,2,SingleCenter,608,"[""n00"", ""n02""]",1,1
0,2,SingleCenter,609,"[""n00""]",0,0
0,2,SingleCenter,610,"[""n03"", ""n05"", ""n06"", ""n07""]",0,0
0,2,SingleCenter,611,[],0,0
0,2,SingleCenter,612,"[""n04""]",0,0
0,2,SingleCenter,613,"[""n00"", ""n02"", ""n06""]",1,1
0,2,SingleCenter,614,"[""n03""]",0,0
0,2,SingleCenter,615,[],0,0
0,2,SingleCenter,648,"[""n00"", ""n08"", ""n12""]",0,0
0,2,SingleCenter,649,"[""n06""]",0,0
0,2,SingleCenter,650,"[""n04"", ""n05"", ""n06"", ""n07"", ""n08""]",0,0
0,2,SingleCenter,651,"[""n04"", ""n14""]",1,0
0,2,SingleCenter,652,"[""n02"", ""n04""]",0,0
0,2,SingleCenter,653,"[""n06"", ""n13""]",0,0
0,2,SingleCenter,654,"[""n00""]",0,0
0,2,SingleCenter,655,"[""n00"", ""n02"", ""n12""]",1,1
0,2,SingleCenter,680,"[""n02""]",1,0
0,2,SingleCenter,681,"[""n01"", ""n08"", ""n12""]",1,1
0,2,SingleCenter,682,"[""n04""]",1,0
0,2,SingleCenter,683,"[""n04"", ""n08"", ""n09""]",1,1
0,2,SingleCenter,684,"[""n03"", ""n12""]",1,0
0,2,SingleCenter,685,"[""n04"", ""n09"", ""n12""]",1,0
0,2,SingleCenter,686,"[""n06""]",0,0
0,2,SingleCenter,687,[],0,0
0,2,SingleCenter,744,"[""n01"", ""n03""]",0,0
0,2,SingleCenter,745,"[""n00"", ""n08""]",0,0
0,2,SingleCenter,746,"[""n00"", ""n03"", ""n05"", ""n07"", ""n11""]",1,1
0,2,SingleCenter,747,[],0,0
0,2,SingleCenter,748,"[""n05"", ""n07"", ""n13""]",1,1
0,2,SingleCenter,749,"[""n05"", ""n13""]",1,1
0,2,SingleCenter,750,"[""n02"", ""n05""]",0,0
0,2,SingleCenter,751,"[""n00"", ""n04"", ""n05"", ""n11""]",0,0
0,2,SingleCenter,752,"[""n07"", ""n09""]",1,1
0,2,SingleCenter,753,"[""n01"", ""n05"", ""n14""]",0,0
0,2,SingleCenter,754,"[""n01"", ""n02"", ""n06""]",0,0
0,2,SingleCenter,755,[],0,0
0,2,SingleCenter,756,"[""n14""]",0,0
0,2,SingleCenter,757,"[""n00"", ""n03""]",0,0
0,2,SingleCenter,758,"[""n02"", ""n04"", ""n06"", ""n12""]",0,0
0,2,SingleCenter,759,"[""n13""]",0,0
0,2,SingleCenter,776,"[""n04""]",1,0
0,2,SingleCenter,777,"[""n07"", ""n10""]",0,0
0,2,SingleCenter,778,[],0,0
0,2,SingleCenter,779,"[""n08""]",0,0
0,2,SingleCenter,780,"[""n12""]",0,0
0,2,SingleCenter,781,"[""n01"", ""n03"", ""n07"", ""n12""]",1,1
0,2,SingleCenter,782,"[""n06"", ""n09""]",0,0
0,2,SingleCenter,783,"[""n01"", ""n04"", ""n09""]",1,1
0,2,SingleCenter,808,"[""n01""]",0,0
0,2,SingleCenter,809,"[""n01"", ""n05""]",0,0
0,2,SingleCenter,810,"[""n01"", ""n06"", ""n09""]",1,1
0,2,SingleCenter,811,[],0,0
0,2,SingleCenter,812,"[""n00""]",0,0
0,2,SingleCenter,813,"[""n00""]",0,0
0,2,SingleCenter,814,"[""n03"", ""n04""]",1,0
0,2,SingleCenter,815,"[""n05""]",0,0
0,2,SingleCenter,832,"[""n05""]",0,0
0,2,SingleCenter,833,"[""n01"", ""n07""]",0,0
0,2,SingleCenter,834,"[""n00"", ""n01""]",0,0
0,2,SingleCenter,835,"[""n07"", ""n08"", ""n12""]",1,0
0,2,SingleCenter,836,"[""n06"", ""n11""]",0,0
0,2,SingleCenter,837,"[""n00"", ""n02""]",1,0
0,2,SingleCenter,838,[],0,0
0,2,SingleCenter,839,"[""n02"", ""n05""]",0,0
0,2,SingleCenter,856,[],0,0
0,2,SingleCenter,857,[],0,0
0,2,SingleCenter,858,"[""n03"", ""n06"", ""n08"", ""n10""]",1,1
0,2,SingleCenter,859,"[""n01"", ""n04"", ""n06""]",0,0
0,2,SingleCenter,860,"[""n00"", ""n03"", ""n04"", ""n07"", ""n08""]",1,0
0,2,SingleCenter,861,"[""n01"", ""n05"", ""n08""]",0,0
0,2,SingleCenter,862,"[""n05""]",0,0
0,2,SingleCenter,863,"[""n03"", ""n05"", ""n10""]",1,1
0,2,SingleCenter,936,"[""n09"", ""n12""]",0,0
0,2,SingleCenter,937,"[""n00"", ""n08"", ""n11"", ""n13""]",0,0
0,2,SingleCenter,938,"[""n07"", ""n12""]",0,0
0,2,SingleCenter,939,"[""n10""]",0,0
0,2,SingleCenter,940,[],0,0
0,2,SingleCenter,941,"[""n06"", ""n10"", ""n14""]",0,0
0,2,SingleCenter,942,"[""n03"", ""n06"", ""n14""]",0,0
0,2,SingleCenter,943,"[""n02"", ""n05"", ""n09""]",0,0
0,2,KMeans,40,"[""n13""]",0,0
0,2,KMeans,41,"[""n12"", ""n13""]",0,0
0,2,KMeans,42,"[""n00"", ""n04"", ""n13""]",1,1
0,2,KMeans,43,"[""n13"", ""n14"", ""n15""]",1,1
0,2,KMeans,44,"[""n03"", ""n06"", ""n11""]",1,1
0,2,KMeans,45,"[""n04"", ""n13"", ""n15""]",1,1
0,2,KMeans,46,"[""n01"", ""n07"", ""n09"", ""n11""]",1,0
0,2,KMeans,47,"[""n01"", ""n03"", ""n12""]",1,1
0,2,KMeans,48,"[""n04""]",0,0
0,2,KMeans,49,"[""n09""]",0,0
0,2,KMeans,50,"[""n02"", ""n06"", ""n09""]",0,0
0,2,KMeans,51,"[""n04"", ""n08""]",0,0
0,2,KMeans,52,"[""n05"", ""n07""]",0,0
0,2,KMeans,53,"[""n10"", ""n13""]",0,0
0,2,KMeans,54,"[""n04"", ""n09""]",0,0
0,2,KMeans,55,"[""n11""]",0,0
0,2,KMeans,64,"[""n03"", ""n05""]",0,0
0,2,KMeans,65,"[""n06""]",0,0
0,2,KMeans,66,"[""n01"", ""n07""]",0,0
0,2,KMeans,67,"[""n01""]",0,0
0,2,KMeans,68,"[""n06""]",0,0
0,2,KMeans,69,"[""n01"", ""n03"", ""n08""]",1,0
0,2,KMeans,70,"[""n09"", ""n11""]",0,0
0,2,KMeans,71,"[""n04"", ""n10""]",0,0
0,2,KMeans,96,"[""n07"", ""n08""]",0,0
0,2,KMeans,97,"[""n01"", ""n04"", ""n05"", ""n07""]",0,0
0,2,KMeans,98,"[""n09""]",1,0
0,2,KMeans,99,[],0,0
0,2,KMeans,100,"[""n03"", ""n08""]",0,0
0,2,KMeans,101,"[""n03""]",0,0
0,2,KMeans,102,"[""n00""]",0,0
0,2,KMeans,103,"[""n08""]",0,0
0,2,KMeans,232,[],0,0
0,2,KMeans,233,[],0,0
0,2,KMeans,234,"[""n02"", ""n05"", ""n06"", ""n07""]",1,1
0,2,KMeans,235,"[""n07""]",0,0
0,2,KMeans,236,"[""n10""]",1,1
0,2,KMeans,237,"[""n02""]",1,1
0,2,KMeans,238,[],0,0
0,2,KMeans,239,"[""n00"", ""n10""]",1,1
0,2,KMeans,272,"[""n02"", ""n05""]",0,0
0,2,KMeans,273,"[""n07"", ""n08""]",0,0
0,2,KMeans,274,"[""n10"", ""n11"", ""n16""]",1,1
0,2,KMeans,275,"[""n08""]",0,0
0,2,KMeans,276,"[""n00""]",0,0
0,2,KMeans,277,[],0,0
0,2,KMeans,278,"[""n13""]",0,0
0,2,KMeans,279,"[""n16""]",1,0
0,2,KMeans,304,"[""n03"", ""n07""]",0,0
0,2,KMeans,305,"[""n02"", ""n03"", ""n07"", ""n09""]",1,1
0,2,KMeans,306,"[""n04"", ""n07""]",0,0
0,2,KMeans,307,"[""n00""]",0,0
0,2,KMeans,308,"[""n07"", ""n08""]",0,0
0,2,KMeans,309,"[""n07""]",0,0
0,2,KMeans,310,[],0,0
0,2,KMeans,311,"[""n00"", ""n02"", ""n05"", ""n06""]",0,0
0,2,KMeans,312,"[""n01""]",0,0
0,2,KMeans,313,"[""n01"", ""n02"", ""n04""]",0,0
0,2,KMeans,314,[],0,0
0,2,KMeans,315,"[""n04"", ""n05""]",0,0
0,2,KMeans,316,"[""n00""]",0,0
0,2,KMeans,317,[],0,0
0,2,KMeans,318,"[""n00"", ""n05"", ""n08""]",0,0
0,2,KMeans,319,"[""n08""]",0,0
0,2,KMeans,376,"[""n04"", ""n10"", ""n12""]",0,0
0,2,KMeans,377,"[""n00"", ""n04"", ""n08"", ""n11"", ""n13""]",1,1
0,2,KMeans,378,"[""n06""]",0,0
0,2,KMeans,379,"[""n04"", ""n12""]",0,0
0,2,KMeans,380,"[""n01"", ""n07"", ""n12""]",0,0
0,2,KMeans,381,"[""n02"", ""n03"", ""n05"", ""n08"", ""n09""]",1,1
0,2,KMeans,382,"[""n01"", ""n13""]",1,1
0,2,KMeans,383,[],0,0
0,2,KMeans,416,"[""n10""]",0,0
0,2,KMeans,417,"[""n07""]",0,0
0,2,KMeans,418,"[""n05"", ""n06""]",0,0
0,2,KMeans,419,"[""n02"", ""n05""]",0,0
0,2,KMeans,420,"[""n01"", ""n14""]",1,0
0,2,KMeans,421,"[""n05"", ""n07"", ""n09""]",0,0
0,2,KMeans,422,"[""n02"", ""n12""]",0,0
0,2,KMeans,423,"[""n08""]",0,0
0,2,KMeans,504,"[""n11""]",0,0
0,2,KMeans,505,"[""n14""]",0,0
0,2,KMeans,506,"[""n03"", ""n10""]",0,0
0,2,KMeans,507,"[""n01"", ""n09""]",0,0
0,2,KMeans,508,"[""n02"", ""n10""]",0,0
0,2,KMeans,509,"[""n03""]",0,0
0,2,KMeans,510,"[""n02"", ""n05"", ""n12""]",0,0
0,2,KMeans,511,"[""n01"", ""n11"", ""n14""]",0,0
0,2,KMeans,552,"[""n13""]",0,0
0,2,KMeans,553,"[""n03"", ""n08"", ""n12""]",1,0
0,2,KMeans,554,"[""n07"", ""n08""]",0,0
0,2,KMeans,555,"[""n13""]",0,0
0,2,KMeans,556,"[""n08""]",0,0
0,2,KMeans,557,"[""n05"", ""n11""]",0,0
0,2,KMeans,558,"[""n00"", ""n02"", ""n03""]",0,0
0,2,KMeans,559,"[""n05"", ""n09"", ""n11""]",0,0
0,2,KMeans,592,"[""n02"", ""n05""]",0,0
0,2,KMeans,593,[],0,0
0,2,KMeans,594,"[""n01"", ""n09""]",0,0
0,2,KMeans,595,"[""n03"", ""n11"", ""n12""]",1,1
0,2,KMeans,596,"[""n00"", ""n02""]",0,0
0,2,KMeans,597,[],0,0
0,2,KMeans,598,"[""n00"", ""n12""]",1,0
0,2,KMeans,599,"[""n00""]",0,0
0,2,KMeans,600,"[""n09""]",0,0
0,2,KMeans,601,"[""n07""]",0,0
0,2,KMeans,602,"[""n05"", ""n06"", ""n10""]",0,0
0,2,KMeans,603,"[""n05""]",0,0
0,2,KMeans,604,"[""n04"", ""n09""]",1,1
0,2,KMeans,605,"[""n08""]",1,0
0,2,KMeans,606,[],0,0
0,2,KMeans,607,"[""n05"", ""n10""]",0,0
0,2,KMeans,608,"[""n00"", ""n02"", ""n09""]",1,1
0,2,KMeans,609,"[""n05""]",0,0
0,2,KMeans,610,"[""n03"", ""n05"", ""n06"", ""n07""]",0,0
0,2,KMeans,611,"[""n00""]",0,0
0,2,KMeans,612,"[""n04"", ""n05""]",0,0
0,2,KMeans,613,"[""n00"", ""n02"", ""n06""]",1,1
0,2,KMeans,614,"[""n03"", ""n07""]",0,0
0,2,KMeans,615,"[""n01""]",0,0
0,2,KMeans,648,"[""n08"", ""n12""]",0,0
0,2,KMeans,649,"[""n06"", ""n08""]",0,0
0,2,KMeans,650,"[""n04"", ""n06"", ""n07"", ""n08"", ""n14""]",1,0
0,2,KMeans,651,"[""n03"", ""n04"", ""n09"", ""n14""]",1,0
0,2,KMeans,652,"[""n02"", ""n04""]",0,0
0,2,KMeans,653,[],0,0
0,2,KMeans,654,"[""n00"", ""n06"", ""n14""]",1,0
0,2,KMeans,655,"[""n00"", ""n02"", ""n12""]",1,1
0,2,KMeans,680,"[""n06""]",0,0
0,2,KMeans,681,"[""n01"", ""n08"", ""n12""]",1,1
0,2,KMeans,682,[],0,0
0,2,KMeans,683,"[""n01"", ""n04"", ""n06"", ""n08""]",1,1
0,2,KMeans,684,"[""n12""]",0,0
0,2,KMeans,685,[],0,0
0,2,KMeans,686,"[""n06""]",0,0
0,2,KMeans,687,"[""n06""]",0,0
0,2,KMeans,744,"[""n01"", ""n03"", ""n11""]",0,0
0,2,KMeans,745,"[""n00"", ""n05"", ""n08""]",0,0
0,2,KMeans,746,"[""n07""]",1,1
0,2,KMeans,747,[],0,0
0,2,KMeans,748,"[""n05"", ""n07"", ""n13""]",1,1
0,2,KMeans,749,"[""n00"", ""n05"", ""n13""]",1,1
0,2,KMeans,750,"[""n02"", ""n05""]",0,0
0,2,KMeans,751,"[""n00"", ""n04""]",0,0
0,2,KMeans,752,"[""n07"", ""n09""]",1,1
0,2,KMeans,753,"[""n01"", ""n05"", ""n14""]",0,0
0,2,KMeans,754,"[""n06""]",0,0
0,2,KMeans,755,"[""n00""]",0,0
0,2,KMeans,756,"[""n10"", ""n14""]",0,0
0,2,KMeans,757,"[""n00"", ""n01"", ""n03""]",1,0
0,2,KMeans,758,"[""n02"", ""n04"", ""n12""]",0,0
0,2,KMeans,759,"[""n13""]",0,0
0,2,KMeans,776,"[""n13""]",1,0
0,2,KMeans,777,"[""n07""]",0,0
0,2,KMeans,778,[],0,0
0,2,KMeans,779,[],0,0
0,2,KMeans,780,"[""n12""]",0,0
0,2,KMeans,781,"[""n01"", ""n03"", ""n07"", ""n12""]",1,1
0,2,KMeans,782,"[""n06"", ""n12""]",0,0
0,2,KMeans,783,"[""n01"", ""n04"", ""n09"", ""n12""]",1,1
0,2,KMeans,808,"[""n01""]",0,0
0,2,KMeans,809,"[""n01"", ""n05""]",0,0
0,2,KMeans,810,"[""n09""]",1,1
0,2,KMeans,811,[],0,0
0,2,KMeans,812,"[""n00""]",0,0
0,2,KMeans,813,"[""n00""]",0,0
0,2,KMeans,814,"[""n03""]",0,0
0,2,KMeans,815,"[""n05""]",0,0
0,2,KMeans,832,"[""n05""]",0,0
0,2,KMeans,833,"[""n01"", ""n07""]",0,0
0,2,KMeans,834,"[""n00""]",0,0
0,2,KMeans,835,"[""n07"", ""n12""]",1,0
0,2,KMeans,836,"[""n06""]",0,0
0,2,KMeans,837,[],0,0
0,2,KMeans,838,"[""n09""]",0,0
0,2,KMeans,839,"[""n02"", ""n05""]",0,0
0,2,KMeans,856,[],0,0
0,2,KMeans,857,"[""n03""]",0,0
0,2,KMeans,858,"[""n03"", ""n10""]",1,1
0,2,KMeans,859,"[""n01"", ""n02"", ""n04"", ""n06""]",0,0
0,2,KMeans,860,"[""n04"", ""n07"", ""n08""]",0,0
0,2,KMeans,861,"[""n01"", ""n05"", ""n08""]",0,0
0,2,KMeans,862,"[""n05""]",0,0
0,2,KMeans,863,"[""n03"", ""n05"", ""n10""]",1,1
0,2,KMeans,936,"[""n06"", ""n09"", ""n12""]",0,0
0,2,KMeans,937,"[""n00"", ""n11"", ""n13""]",0,0
0,2,KMeans,938,"[""n02"", ""n05"", ""n07"", ""n12""]",0,0
0,2,KMeans,939,"[""n10"", ""n14"", ""n16""]",1,0
0,2,KMeans,940,[],0,0
0,2,KMeans,941,"[""n02"", ""n04"", ""n06"", ""n10"", ""n14""]",0,0
0,2,KMeans,942,"[""n06"", ""n14""]",0,0
0,2,KMeans,943,"[""n05"", ""n09""]",0,0
0,3,FixedThreshold,32,[],0,0
0,3,FixedThreshold,33,"[""n10""]",1,1
0,3,FixedThreshold,34,[],0,0
0,3,FixedThreshold,35,[],0,0
0,3,FixedThreshold,36,[],0,0
0,3,FixedThreshold,37,[],0,0
0,3,FixedThreshold,38,[],0,0
0,3,FixedThreshold,39,[],0,0
0,3,FixedThreshold,56,"[""n03""]",0,0
0,3,FixedThreshold,57,"[""n10""]",0,0
0,3,FixedThreshold,58,"[""n07""]",0,0
0,3,FixedThreshold,59,[],0,0
0,3,FixedThreshold,60,[],0,0
0,3,FixedThreshold,61,"[""n09""]",0,0
0,3,FixedThreshold,62,"[""n09""]",0,0
0,3,FixedThreshold,63,"[""n08""]",0,0
0,3,FixedThreshold,88,"[""n11""]",0,0
0,3,FixedThreshold,89,[],0,0
0,3,FixedThreshold,90,"[""n04"", ""n09""]",0,0
0,3,FixedThreshold,91,[],0,0
0,3,FixedThreshold,92,[],0,0
0,3,FixedThreshold,93,"[""n11""]",0,0
0,3,FixedThreshold,94,[],0,0
0,3,FixedThreshold,95,[],0,0
0,3,FixedThreshold,144,[],0,0
0,3,FixedThreshold,145,[],0,0
0,3,FixedThreshold,146,[],0,0
0,3,FixedThreshold,147,[],0,0
0,3,FixedThreshold,148,[],0,0
0,3,FixedThreshold,149,[],0,0
0,3,FixedThreshold,150,[],0,0
0,3,FixedThreshold,151,"[""n08"", ""n14""]",0,0
0,3,FixedThreshold,168,"[""n02"", ""n03""]",0,0
0,3,FixedThreshold,169,[],0,0
0,3,FixedThreshold,170,[],0,0
0,3,FixedThreshold,171,[],0,0
0,3,FixedThreshold,172,[],0,1
0,3,FixedThreshold,173,[],0,1
0,3,FixedThreshold,174,[],0,1
0,3,FixedThreshold,175,[],0,1
0,3,FixedThreshold,176,[],0,0
0,3,FixedThreshold,177,[],0,0
0,3,FixedThreshold,178,[],0,0
0,3,FixedThreshold,179,[],0,0
0,3,FixedThreshold,180,[],0,0
0,3,FixedThreshold,181,"[""n10"", ""n12""]",0,0
0,3,FixedThreshold,182,"[""n03"", ""n05"", ""n14""]",1,1
0,3,FixedThreshold,183,[],0,0
0,3,FixedThreshold,224,[],0,0
0,3,FixedThreshold,225,"[""n01""]",0,0
0,3,FixedThreshold,226,[],0,1
0,3,FixedThreshold,227,[],0,0
0,3,FixedThreshold,228,[],0,0
0,3,FixedThreshold,229,[],0,0
0,3,FixedThreshold,230,[],0,1
0,3,FixedThreshold,231,[],0,0
0,3,FixedThreshold,248,[],0,0
0,3,FixedThreshold,249,[],0,1
0,3,FixedThreshold,250,[],0,0
0,3,FixedThreshold,251,"[""n01"", ""n04"", ""n08""]",0,0
0,3,FixedThreshold,252,[],0,1
0,3,FixedThreshold,253,[],0,1
0,3,FixedThreshold,254,[],0,1
0,3,FixedThreshold,255,"[""n02"", ""n06""]",0,0
0,3,FixedThreshold,440,[],0,0
0,3,FixedThreshold,441,[],0,0
0,3,FixedThreshold,442,[],0,0
0,3,FixedThreshold,443,[],0,0
0,3,FixedThreshold,444,[],0,0
0,3,FixedThreshold,445,[],0,0
0,3,FixedThreshold,446,"[""n07""]",0,0
0,3,FixedThreshold,447,[],0,0
0,3,FixedThreshold,448,[],0,0
0,3,FixedThreshold,449,[],0,0
0,3,FixedThreshold,450,[],0,0
0,3,FixedThreshold,451,[],0,0
0,3,FixedThreshold,452,[],0,0
0,3,FixedThreshold,453,[],0,0
0,3,FixedThreshold,454,[],0,0
0,3,FixedThreshold,455,[],0,0
0,3,FixedThreshold,464,[],0,0
0,3,FixedThreshold,465,"[""n07"", ""n11""]",0,0
0,3,FixedThreshold,466,[],0,0
0,3,FixedThreshold,467,"[""n03"", ""n08""]",0,0
0,3,FixedThreshold,468,"[""n05"", ""n12""]",0,0
0,3,FixedThreshold,469,[],0,1
0,3,FixedThreshold,470,[],0,0
0,3,FixedThreshold,471,[],0,0
0,3,FixedThreshold,496,[],0,0
0,3,FixedThreshold,497,"[""n08""]",0,0
0,3,FixedThreshold,498,[],0,0
0,3,FixedThreshold,499,[],0,0
0,3,FixedThreshold,500,"[""n05""]",0,0
0,3,FixedThreshold,501,[],0,0
0,3,FixedThreshold,502,"[""n05""]",0,0
0,3,FixedThreshold,503,[],0,0
0,3,FixedThreshold,512,[],0,0
0,3,FixedThreshold,513,[],0,0
0,3,FixedThreshold,514,[],0,1
0,3,FixedThreshold,515,[],0,0
0,3,FixedThreshold,516,[],0,0
0,3,FixedThreshold,517,"[""n05""]",0,0
0,3,FixedThreshold,518,"[""n03""]",1,1
0,3,FixedThreshold,519,"[""n07""]",0,0
0,3,FixedThreshold,528,[],0,0
0,3,FixedThreshold,529,[],0,0
0,3,FixedThreshold,530,"[""n05"", ""n09""]",1,1
0,3,FixedThreshold,531,[],0,0
0,3,FixedThreshold,532,[],0,1
0,3,FixedThreshold,533,[],0,0
0,3,FixedThreshold,534,[],0,0
0,3,FixedThreshold,535,[],0,1
0,3,FixedThreshold,536,"[""n02""]",0,0
0,3,FixedThreshold,537,[],0,1
0,3,FixedThreshold,538,"[""n04""]",0,0
0,3,FixedThreshold,539,"[""n07""]",0,0
0,3,FixedThreshold,540,[],0,0
0,3,FixedThreshold,541,[],0,0
0,3,FixedThreshold,542,[],0,0
0,3,FixedThreshold,543,[],0,0
0,3,FixedThreshold,560,[],0,0
0,3,FixedThreshold,561,[],0,0
0,3,FixedThreshold,562,[],0,1
0,3,FixedThreshold,563,[],0,1
0,3,FixedThreshold,564,[],0,0
0,3,FixedThreshold,565,[],0,0
0,3,FixedThreshold,566,"[""n12""]",0,0
0,3,FixedThreshold,567,"[""n03"", ""n12""]",0,1
0,3,FixedThreshold,624,"[""n03""]",0,0
0,3,FixedThreshold,625,[],0,0
0,3,FixedThreshold,626,"[""n13""]",1,1
0,3,FixedThreshold,627,[],0,0
0,3,FixedThreshold,628,[],0,0
0,3,FixedThreshold,629,"[""n06"", ""n09""]",0,0
0,3,FixedThreshold,630,[],0,0
0,3,FixedThreshold,631,[],0,0
0,3,FixedThreshold,656,[],0,0
0,3,FixedThreshold,657,[],0,0
0,3,FixedThreshold,658,[],0,1
0,3,FixedThreshold,659,[],0,0
0,3,FixedThreshold,660,"[""n06"", ""n12"", ""n13""]",0,0
0,3,FixedThreshold,661,[],0,0
0,3,FixedThreshold,662,[],0,0
0,3,FixedThreshold,663,[],0,0
0,3,FixedThreshold,664,"[""n09""]",0,0
0,3,FixedThreshold,665,[],0,0
0,3,FixedThreshold,666,[],0,0
0,3,FixedThreshold,667,[],0,0
0,3,FixedThreshold,668,[],0,0
0,3,FixedThreshold,669,"[""n08""]",0,0
0,3,FixedThreshold,670,[],0,1
0,3,FixedThreshold,671,[],0,0
0,3,FixedThreshold,720,"[""n03""]",0,0
0,3,FixedThreshold,721,[],0,0
0,3,FixedThreshold,722,[],0,1
0,3,FixedThreshold,723,[],0,0
0,3,FixedThreshold,724,[],0,0
0,3,FixedThreshold,725,[],0,0
0,3,FixedThreshold,726,"[""n00"", ""n13""]",0,0
0,3,FixedThreshold,727,[],0,0
0,3,FixedThreshold,784,[],0,0
0,3,FixedThreshold,785,[],0,0
0,3,FixedThreshold,786,[],0,0
0,3,FixedThreshold,787,[],0,0
0,3,FixedThreshold,788,"[""n01"", ""n06""]",0,0
0,3,FixedThreshold,789,"[""n09"", ""n11""]",0,0
0,3,FixedThreshold,790,[],0,0
0,3,FixedThreshold,791,[],0,0
0,3,FixedThreshold,800,[],0,0
0,3,FixedThreshold,801,"[""n14""]",0,0
0,3,FixedThreshold,802,"[""n02""]",0,0
0,3,FixedThreshold,803,[],0,0
0,3,FixedThreshold,804,"[""n08"", ""n10""]",0,0
0,3,FixedThreshold,805,"[""n11""]",0,0
0,3,FixedThreshold,806,[],0,0
0,3,FixedThreshold,807,[],0,1
0,3,FixedThreshold,848,[],0,0
0,3,FixedThreshold,849,[],0,0
0,3,FixedThreshold,850,[],0,0
0,3,FixedThreshold,851,[],0,0
0,3,FixedThreshold,852,[],0,1
0,3,FixedThreshold,853,[],0,0
0,3,FixedThreshold,854,[],0,1
0,3,FixedThreshold,855,[],0,0
0,3,FixedThreshold,864,[],0,0
0,3,FixedThreshold,865,[],0,0
0,3,FixedThreshold,866,"[""n03""]",0,0
0,3,FixedThreshold,867,"[""n10""]",0,0
0,3,FixedThreshold,868,"[""n01""]",0,0
0,3,FixedThreshold,869,"[""n07""]",0,0
0,3,FixedThreshold,870,"[""n01""]",0,0
0,3,FixedThreshold,871,[],0,0
0,3,SingleCenter,32,"[""n09""]",0,0
0,3,SingleCenter,33,"[""n00"", ""n08"", ""n10""]",1,1
0,3,SingleCenter,34,"[""n01""]",0,0
0,3,SingleCenter,35,"[""n01"", ""n07"", ""n09""]",0,0
0,3,SingleCenter,36,"[""n03""]",0,0
0,3,SingleCenter,37,"[""n05""]",0,0
0,3,SingleCenter,38,[],0,0
0,3,SingleCenter,39,[],0,0
0,3,SingleCenter,56,"[""n02"", ""n03"", ""n10""]",1,0
0,3,SingleCenter,57,"[""n00"", ""n10""]",1,0
0,3,SingleCenter,58,"[""n07""]",0,0
0,3,SingleCenter,59,[],0,0
0,3,SingleCenter,60,[],0,0
0,3,SingleCenter,61,"[""n02"", ""n03"", ""n07"", ""n09""]",1,0
0,3,SingleCenter,62,"[""n09""]",0,0
0,3,SingleCenter,63,"[""n01"", ""n05"", ""n08"", ""n12""]",0,0
0,3,SingleCenter,88,"[""n08"", ""n11""]",0,0
0,3,SingleCenter,89,"[""n08""]",0,0
0,3,SingleCenter,90,"[""n04"", ""n09""]",0,0
0,3,SingleCenter,91,"[""n07""]",0,0
0,3,SingleCenter,92,"[""n06"", ""n16"", ""n17""]",1,0
0,3,SingleCenter,93,"[""n11"", ""n12""]",0,0
0,3,SingleCenter,94,"[""n02""]",0,0
0,3,SingleCenter,95,"[""n11""]",0,0
0,3,SingleCenter,144,[],0,0
0,3,SingleCenter,145,"[""n05"", ""n10""]",0,0
0,3,SingleCenter,146,"[""n11""]",0,0
0,3,SingleCenter,147,"[""n09""]",0,0
0,3,SingleCenter,148,"[""n09"", ""n15""]",1,0
0,3,SingleCenter,149,"[""n02"", ""n03""]",0,0
0,3,SingleCenter,150,"[""n02"", ""n12""]",0,0
0,3,SingleCenter,151,"[""n08"", ""n14""]",0,0
0,3,SingleCenter,168,"[""n02"", ""n03"", ""n04"", ""n16""]",0,0
0,3,SingleCenter,169,"[""n02"", ""n03"", ""n05""]",0,0
0,3,SingleCenter,170,"[""n00"", ""n01"", ""n03"", ""n07""]",1,0
0,3,SingleCenter,171,"[""n12""]",0,0
0,3,SingleCenter,172,"[""n05"", ""n08"", ""n12""]",1,1
0,3,SingleCenter,173,"[""n03"", ""n08""]",1,1
0,3,SingleCenter,174,"[""n13""]",1,1
0,3,SingleCenter,175,"[""n06"", ""n11"", ""n16""]",1,1
0,3,SingleCenter,176,[],0,0
0,3,SingleCenter,177,"[""n02"", ""n09""]",0,0
0,3,SingleCenter,178,"[""n01"", ""n02""]",0,0
0,3,SingleCenter,179,"[""n01"", ""n03""]",0,0
0,3,SingleCenter,180,"[""n08"", ""n09"", ""n10""]",0,0
0,3,SingleCenter,181,"[""n10"", ""n11"", ""n12""]",0,0
0,3,SingleCenter,182,"[""n00"", ""n03"", ""n05"", ""n06"", ""n10"", ""n11"", ""n14""]",1,1
0,3,SingleCenter,183,"[""n02""]",0,0
0,3,SingleCenter,224,"[""n02"", ""n06"", ""n14"", ""n15""]",0,0
0,3,SingleCenter,225,"[""n01"", ""n11"", ""n14""]",0,0
0,3,SingleCenter,226,"[""n07"", ""n08"", ""n17""]",1,1
0,3,SingleCenter,227,"[""n09""]",0,0
0,3,SingleCenter,228,[],0,0
0,3,SingleCenter,229,[],0,0
0,3,SingleCenter,230,"[""n01"", ""n13"", ""n16""]",1,1
0,3,SingleCenter,231,"[""n12""]",0,0
0,3,SingleCenter,248,[],0,0
0,3,SingleCenter,249,"[""n16""]",1,1
0,3,SingleCenter,250,"[""n03"", ""n15""]",0,0
0,3,SingleCenter,251,"[""n01"", ""n04"", ""n08"", ""n14""]",0,0
0,3,SingleCenter,252,"[""n01"", ""n04"", ""n10""]",1,1
0,3,SingleCenter,253,"[""n01"", ""n07"", ""n10""]",1,1
0,3,SingleCenter,254,"[""n04"", ""n05"", ""n07"", ""n10""]",1,1
0,3,SingleCenter,255,"[""n02"", ""n05"", ""n06"", ""n07""]",0,0
0,3,SingleCenter,440,"[""n01"", ""n13""]",0,0
0,3,SingleCenter,441,[],0,0
0,3,SingleCenter,442,"[""n05""]",0,0
0,3,SingleCenter,443,"[""n09"", ""n12""]",0,0
0,3,SingleCenter,444,[],0,0
0,3,SingleCenter,445,"[""n05"", ""n09""]",0,0
0,3,SingleCenter,446,"[""n07"", ""n10"", ""n14""]",1,0
0,3,SingleCenter,447,"[""n03"", ""n12""]",0,0
0,3,SingleCenter,448,"[""n08""]",0,0
0,3,SingleCenter,449,"[""n15""]",0,0
0,3,SingleCenter,450,"[""n13""]",0,0
0,3,SingleCenter,451,"[""n02""]",0,0
0,3,SingleCenter,452,"[""n02"", ""n07""]",0,0
0,3,SingleCenter,453,"[""n07"", ""n10"", ""n11""]",0,0
0,3,SingleCenter,454,"[""n00"", ""n02"", ""n16""]",1,0
0,3,SingleCenter,455,"[""n04"", ""n05""]",0,0
0,3,SingleCenter,464,[],0,0
0,3,SingleCenter,465,"[""n02"", ""n03"", ""n05"", ""n06"", ""n07"", ""n09"", ""n11""]",0,0
0,3,SingleCenter,466,"[""n01"", ""n02""]",0,0
0,3,SingleCenter,467,"[""n03"", ""n08"", ""n12""]",0,0
0,3,SingleCenter,468,"[""n05"", ""n10"", ""n12"", ""n14""]",0,0
0,3,SingleCenter,469,"[""n15""]",1,1
0,3,SingleCenter,470,[],0,0
0,3,SingleCenter,471,[],0,0
0,3,SingleCenter,496,"[""n02"", ""n04""]",0,0
0,3,SingleCenter,497,"[""n08""]",0,0
0,3,SingleCenter,498,[],0,0
0,3,SingleCenter,499,"[""n08""]",0,0
0,3,SingleCenter,500,"[""n05""]",0,0
0,3,SingleCenter,501,"[""n02"", ""n11""]",0,0
0,3,SingleCenter,502,"[""n02"", ""n05"", ""n11""]",0,0
0,3,SingleCenter,503,"[""n05""]",0,0
0,3,SingleCenter,512,"[""n01""]",0,0
0,3,SingleCenter,513,[],0,0
0,3,SingleCenter,514,"[""n06"", ""n08"", ""n10""]",1,1
0,3,SingleCenter,515,[],0,0
0,3,SingleCenter,516,"[""n01"", ""n09""]",0,0
0,3,SingleCenter,517,"[""n03"", ""n04"", ""n05"", ""n07""]",1,0
0,3,SingleCenter,518,"[""n02"", ""n03"", ""n05""]",1,1
0,3,SingleCenter,519,"[""n03"", ""n04"", ""n07"", ""n09""]",1,0
0,3,SingleCenter,528,"[""n08"", ""n09""]",1,0
0,3,SingleCenter,529,[],0,0
0,3,SingleCenter,530,"[""n05"", ""n09""]",1,1
0,3,SingleCenter,531,"[""n10""]",0,0
0,3,SingleCenter,532,"[""n09""]",1,1
0,3,SingleCenter,533,[],0,0
0,3,SingleCenter,534,"[""n04"", ""n08"", ""n10""]",0,0
0,3,SingleCenter,535,"[""n01"", ""n09""]",1,1
0,3,SingleCenter,536,"[""n02"", ""n08"", ""n09""]",1,0
0,3,SingleCenter,537,"[""n09""]",1,1
0,3,SingleCenter,538,"[""n04"", ""n06""]",0,0
0,3,SingleCenter,539,"[""n05"", ""n07""]",0,0
0,3,SingleCenter,540,"[""n03"", ""n08""]",0,0
0,3,SingleCenter,541,[],0,0
0,3,SingleCenter,542,[],0,0
0,3,SingleCenter,543,"[""n00""]",0,0
0,3,SingleCenter,560,"[""n03""]",0,0
0,3,SingleCenter,561,"[""n09""]",0,0
0,3,SingleCenter,562,"[""n01"", ""n11""]",1,1
0,3,SingleCenter,563,"[""n03"", ""n06"", ""n13""]",1,1
0,3,SingleCenter,564,"[""n03"", ""n06"", ""n08"", ""n10""]",0,0
0,3,SingleCenter,565,"[""n09""]",0,0
0,3,SingleCenter,566,"[""n10"", ""n11"", ""n12""]",0,0
0,3,SingleCenter,567,"[""n01"", ""n03"", ""n04"", ""n07"", ""n12"", ""n13""]",1,1
0,3,SingleCenter,624,"[""n03"", ""n04"", ""n11""]",0,0
0,3,SingleCenter,625,"[""n05"", ""n11""]",0,0
0,3,SingleCenter,626,"[""n01"", ""n13""]",1,1
0,3,SingleCenter,627,"[""n09""]",0,0
0,3,SingleCenter,628,[],0,0
0,3,SingleCenter,629,"[""n00"", ""n06"", ""n09""]",0,0
0,3,SingleCenter,630,"[""n02""]",0,0
0,3,SingleCenter,631,[],0,0
0,3,SingleCenter,656,"[""n06""]",0,0
0,3,SingleCenter,657,"[""n03"", ""n10""]",0,0
0,3,SingleCenter,658,"[""n01"", ""n07"", ""n16""]",1,1
0,3,SingleCenter,659,"[""n10""]",0,0
0,3,SingleCenter,660,"[""n06"", ""n12"", ""n13"", ""n15""]",0,0
0,3,SingleCenter,661,"[""n06""]",0,0
0,3,SingleCenter,662,"[""n07"", ""n12"", ""n15""]",0,0
0,3,SingleCenter,663,"[""n10"", ""n14""]",0,0
0,3,SingleCenter,664,"[""n09""]",0,0
0,3,SingleCenter,665,[],0,0
0,3,SingleCenter,666,"[""n09""]",0,0
0,3,SingleCenter,667,[],0,0
0,3,SingleCenter,668,"[""n00""]",0,0
0,3,SingleCenter,669,"[""n03"", ""n08""]",0,0
0,3,SingleCenter,670,"[""n07""]",1,1
0,3,SingleCenter,671,"[""n00"", ""n08"", ""n11"", ""n12""]",1,0
0,3,SingleCenter,720,"[""n03"", ""n07""]",0,0
0,3,SingleCenter,721,"[""n07"", ""n09"", ""n12""]",0,0
0,3,SingleCenter,722,"[""n00"", ""n12"", ""n15""]",1,1
0,3,SingleCenter,723,[],0,0
0,3,SingleCenter,724,"[""n04""]",0,0
0,3,SingleCenter,725,"[""n07"", ""n13""]",0,0
0,3,SingleCenter,726,"[""n00"", ""n13"", ""n14""]",0,0
0,3,SingleCenter,727,"[""n03"", ""n07"", ""n10""]",0,0
0,3,SingleCenter,784,"[""n11""]",0,0
0,3,SingleCenter,785,"[""n02"", ""n08""]",0,0
0,3,SingleCenter,786,"[""n11""]",0,0
0,3,SingleCenter,787,[],0,0
0,3,SingleCenter,788,"[""n01"", ""n06"", ""n12"", ""n14""]",0,0
0,3,SingleCenter,789,"[""n00"", ""n09"", ""n11""]",0,0
0,3,SingleCenter,790,[],0,0
0,3,SingleCenter,791,"[""n02"", ""n09""]",0,0
0,3,SingleCenter,800,"[""n07"", ""n10""]",0,0
0,3,SingleCenter,801,"[""n00"", ""n13"", ""n14""]",0,0
0,3,SingleCenter,802,"[""n02""]",0,0
0,3,SingleCenter,803,[],0,0
0,3,SingleCenter,804,"[""n08"", ""n10"", ""n11""]",0,0
0,3,SingleCenter,805,"[""n01"", ""n03"", ""n08"", ""n11"", ""n15""]",1,0
0,3,SingleCenter,806,"[""n02"", ""n04"", ""n13""]",1,0
0,3,SingleCenter,807,"[""n02"", ""n06"", ""n09"", ""n10"", ""n14""]",1,1
0,3,SingleCenter,848,"[""n10"", ""n11"", ""n13""]",0,0
0,3,SingleCenter,849,[],0,0
0,3,SingleCenter,850,[],0,0
0,3,SingleCenter,851,"[""n10""]",0,0
0,3,SingleCenter,852,"[""n00"", ""n01"", ""n06"", ""n07"", ""n08"", ""n14""]",1,1
0,3,SingleCenter,853,"[""n10""]",0,0
0,3,SingleCenter,854,"[""n00"", ""n05"", ""n11"", ""n16""]",1,1
0,3,SingleCenter,855,[],0,0
0,3,SingleCenter,864,[],0,0
0,3,SingleCenter,865,"[""n05"", ""n10""]",0,0
0,3,SingleCenter,866,"[""n01"", ""n03"", ""n08"", ""n13""]",1,0
0,3,SingleCenter,867,"[""n05"", ""n08"", ""n09"", ""n10""]",0,0
0,3,SingleCenter,868,"[""n01""]",0,0
0,3,SingleCenter,869,"[""n07"", ""n12""]",0,0
0,3,SingleCenter,870,"[""n01""]",0,0
0,3,SingleCenter,871,"[""n04"", ""n07"", ""n08""]",0,0
0,3,KMeans,32,"[""n09""]",0,0
0,3,KMeans,33,"[""n08"", ""n10""]",1,1
0,3,KMeans,34,"[""n01"", ""n03"", ""n08""]",0,0
0,3,KMeans,35,"[""n07""]",0,0
0,3,KMeans,36,"[""n03"", ""n07""]",0,0
0,3,KMeans,37,[],0,0
0,3,KMeans,38,"[""n09""]",0,0
0,3,KMeans,39,[],0,0
0,3,KMeans,56,"[""n02"", ""n03""]",1,0
0,3,KMeans,57,"[""n10""]",0,0
0,3,KMeans,58,"[""n07""]",0,0
0,3,KMeans,59,[],0,0
0,3,KMeans,60,[],0,0
0,3,KMeans,61,"[""n07"", ""n09""]",0,0
0,3,KMeans,62,"[""n06"", ""n09""]",0,0
0,3,KMeans,63,"[""n01"", ""n05"", ""n08"", ""n12""]",0,0
0,3,KMeans,88,"[""n03"", ""n08"", ""n11""]",0,0
0,3,KMeans,89,"[""n08"", ""n16""]",0,0
0,3,KMeans,90,"[""n04"", ""n07"", ""n09""]",0,0
0,3,KMeans,91,"[""n07""]",0,0
0,3,KMeans,92,"[""n06""]",0,0
0,3,KMeans,93,"[""n11""]",0,0
0,3,KMeans,94,"[""n02""]",0,0
0,3,KMeans,95,"[""n11""]",0,0
0,3,KMeans,144,"[""n14""]",0,0
0,3,KMeans,145,"[""n05"", ""n10""]",0,0
0,3,KMeans,146,"[""n11"", ""n13""]",0,0
0,3,KMeans,147,"[""n07"", ""n09""]",0,0
0,3,KMeans,148,"[""n15""]",1,0
0,3,KMeans,149,"[""n02"", ""n03""]",0,0
0,3,KMeans,150,"[""n07""]",0,0
0,3,KMeans,151,"[""n08"", ""n14""]",0,0
0,3,KMeans,168,"[""n02"", ""n03"", ""n04"", ""n16""]",0,0
0,3,KMeans,169,[],0,0
0,3,KMeans,170,"[""n00"", ""n01"", ""n03"", ""n07""]",1,0
0,3,KMeans,171,"[""n12""]",0,0
0,3,KMeans,172,"[""n05"", ""n08"", ""n12""]",1,1
0,3,KMeans,173,"[""n03"", ""n08""]",1,1
0,3,KMeans,174,"[""n13""]",1,1
0,3,KMeans,175,"[""n04"", ""n06"", ""n11"", ""n16""]",1,1
0,3,KMeans,176,[],0,0
0,3,KMeans,177,[],0,0
0,3,KMeans,178,"[""n01"", ""n02""]",0,0
0,3,KMeans,179,"[""n01"", ""n03""]",0,0
0,3,KMeans,180,"[""n00"", ""n02"", ""n08"", ""n09"", ""n10""]",1,0
0,3,KMeans,181,"[""n10"", ""n12""]",0,0
0,3,KMeans,182,"[""n03"", ""n05"", ""n14""]",1,1
0,3,KMeans,183,"[""n02""]",0,0
0,3,KMeans,224,"[""n02"", ""n08"", ""n14"", ""n15""]",1,0
0,3,KMeans,225,"[""n01""]",0,0
0,3,KMeans,226,"[""n07"", ""n08"", ""n17""]",1,1
0,3,KMeans,227,[],0,0
0,3,KMeans,228,"[""n08""]",0,0
0,3,KMeans,229,"[""n00""]",0,0
0,3,KMeans,230,"[""n01"", ""n05"", ""n11"", ""n13"", ""n16"", ""n17""]",1,1
0,3,KMeans,231,"[""n06"", ""n12""]",0,0
0,3,KMeans,248,[],0,0
0,3,KMeans,249,"[""n16""]",1,1
0,3,KMeans,250,"[""n00"", ""n03"", ""n14"", ""n15"", ""n16""]",1,0
0,3,KMeans,251,"[""n01"", ""n04"", ""n08"", ""n11"", ""n14""]",0,0
0,3,KMeans,252,"[""n01"", ""n04"", ""n10""]",1,1
0,3,KMeans,253,"[""n01"", ""n07"", ""n10""]",1,1
0,3,KMeans,254,"[""n04"", ""n05"", ""n07"", ""n10""]",1,1
0,3,KMeans,255,"[""n02"", ""n06""]",0,0
0,3,KMeans,440,"[""n01"", ""n03"", ""n13""]",0,0
0,3,KMeans,441,"[""n14""]",1,0
0,3,KMeans,442,"[""n03"", ""n05"", ""n06""]",0,0
0,3,KMeans,443,"[""n09"", ""n12""]",0,0
0,3,KMeans,444,[],0,0
0,3,KMeans,445,"[""n05"", ""n07"", ""n09"", ""n12""]",0,0
0,3,KMeans,446,"[""n07"", ""n10""]",0,0
0,3,KMeans,447,"[""n03"", ""n07"", ""n12""]",0,0
0,3,KMeans,448,"[""n08""]",0,0
0,3,KMeans,449,[],0,0
0,3,KMeans,450,"[""n13""]",0,0
0,3,KMeans,451,"[""n02"", ""n05"", ""n15""]",0,0
0,3,KMeans,452,[],0,0
0,3,KMeans,453,"[""n03"", ""n07"", ""n10"", ""n11""]",0,0
0,3,KMeans,454,"[""n00"", ""n02"", ""n08"", ""n16""]",1,0
0,3,KMeans,455,"[""n04"", ""n05"", ""n10""]",0,0
0,3,KMeans,464,[],0,0
0,3,KMeans,465,"[""n05"", ""n07"", ""n11""]",0,0
0,3,KMeans,466,"[""n01"", ""n02""]",0,0
0,3,KMeans,467,"[""n03"", ""n08""]",0,0
0,3,KMeans,468,"[""n05"", ""n12"", ""n14""]",0,0
0,3,KMeans,469,"[""n09"", ""n10"", ""n15""]",1,1
0,3,KMeans,470,[],0,0
0,3,KMeans,471,"[""n07""]",0,0
0,3,KMeans,496,"[""n02"", ""n04""]",0,0
0,3,KMeans,497,"[""n08""]",0,0
0,3,KMeans,498,[],0,0
0,3,KMeans,499,"[""n10""]",0,0
0,3,KMeans,500,"[""n00"", ""n05""]",0,0
0,3,KMeans,501,"[""n02"", ""n11""]",0,0
0,3,KMeans,502,"[""n05"", ""n08"", ""n11""]",0,0
0,3,KMeans,503,"[""n03"", ""n05""]",0,0
0,3,KMeans,512,"[""n01""]",0,0
0,3,KMeans,513,[],0,0
0,3,KMeans,514,"[""n06"", ""n08"", ""n10""]",1,1
0,3,KMeans,515,[],0,0
0,3,KMeans,516,[],0,0
0,3,KMeans,517,"[""n04"", ""n05""]",0,0
0,3,KMeans,518,"[""n03"", ""n04""]",1,1
0,3,KMeans,519,"[""n03"", ""n07"", ""n10""]",1,0
0,3,KMeans,528,"[""n03"", ""n08""]",0,0
0,3,KMeans,529,[],0,0
0,3,KMeans,530,"[""n05"", ""n09""]",1,1
0,3,KMeans,531,"[""n10""]",0,0
0,3,KMeans,532,"[""n03"", ""n09""]",1,1
0,3,KMeans,533,[],0,0
0,3,KMeans,534,"[""n04"", ""n08"", ""n10""]",0,0
0,3,KMeans,535,"[""n01"", ""n09""]",1,1
0,3,KMeans,536,"[""n02"", ""n08""]",0,0
0,3,KMeans,537,"[""n09""]",1,1
0,3,KMeans,538,"[""n04"", ""n07""]",0,0
0,3,KMeans,539,"[""n05""]",0,0
0,3,KMeans,540,"[""n03"", ""n08""]",0,0
0,3,KMeans,541,"[""n09""]",1,0
0,3,KMeans,542,[],0,0
0,3,KMeans,543,"[""n00""]",0,0
0,3,KMeans,560,"[""n03"", ""n11""]",0,0
0,3,KMeans,561,"[""n09""]",0,0
0,3,KMeans,562,"[""n01"", ""n11""]",1,1
0,3,KMeans,563,"[""n03"", ""n06"", ""n13""]",1,1
0,3,KMeans,564,"[""n03"", ""n06"", ""n08""]",0,0
0,3,KMeans,565,"[""n04"", ""n09"", ""n11""]",0,0
0,3,KMeans,566,"[""n10"", ""n12""]",0,0
0,3,KMeans,567,"[""n01"", ""n03"", ""n12"", ""n13""]",1,1
0,3,KMeans,624,"[""n02"", ""n03"", ""n11""]",0,0
0,3,KMeans,625,"[""n05"", ""n10"", ""n11""]",0,0
0,3,KMeans,626,"[""n13""]",1,1
0,3,KMeans,627,"[""n09""]",0,0
0,3,KMeans,628,"[""n03""]",0,0
0,3,KMeans,629,"[""n00"", ""n06"", ""n09""]",0,0
0,3,KMeans,630,"[""n02""]",0,0
0,3,KMeans,631,[],0,0
0,3,KMeans,656,"[""n06""]",0,0
0,3,KMeans,657,"[""n02"", ""n03"", ""n10""]",0,0
0,3,KMeans,658,"[""n01"", ""n02"", ""n07"", ""n15"", ""n16""]",1,1
0,3,KMeans,659,"[""n09"", ""n10""]",0,0
0,3,KMeans,660,"[""n06"", ""n10"", ""n12"", ""n13""]",0,0
0,3,KMeans,661,"[""n06"", ""n07""]",0,0
0,3,KMeans,662,"[""n07"", ""n10"", ""n12"", ""n15""]",0,0
0,3,KMeans,663,"[""n10""]",0,0
0,3,KMeans,664,"[""n09""]",0,0
0,3,KMeans,665,"[""n08"", ""n11""]",0,0
0,3,KMeans,666,"[""n07"", ""n09"", ""n12""]",1,0
0,3,KMeans,667,[],0,0
0,3,KMeans,668,[],0,0
0,3,KMeans,669,"[""n03"", ""n08""]",0,0
0,3,KMeans,670,"[""n04"", ""n07""]",1,1
0,3,KMeans,671,[],0,0
0,3,KMeans,720,"[""n01"", ""n03"", ""n07""]",0,0
0,3,KMeans,721,"[""n07"", ""n09"", ""n12""]",0,0
0,3,KMeans,722,"[""n00"", ""n12"", ""n15""]",1,1
0,3,KMeans,723,[],0,0
0,3,KMeans,724,"[""n04"", ""n08""]",0,0
0,3,KMeans,725,"[""n07"", ""n13"", ""n14""]",0,0
0,3,KMeans,726,"[""n00"", ""n13""]",0,0
0,3,KMeans,727,"[""n00"", ""n03"", ""n04"", ""n07"", ""n10""]",0,0
0,3,KMeans,784,"[""n11""]",0,0
0,3,KMeans,785,"[""n02""]",0,0
0,3,KMeans,786,[],0,0
0,3,KMeans,787,"[""n03""]",0,0
0,3,KMeans,788,"[""n01"", ""n06""]",0,0
0,3,KMeans,789,"[""n00"", ""n09"", ""n11""]",0,0
0,3,KMeans,790,[],0,0
0,3,KMeans,791,"[""n00"", ""n02"", ""n09""]",0,0
0,3,KMeans,800,"[""n07"", ""n10""]",0,0
0,3,KMeans,801,"[""n14""]",0,0
0,3,KMeans,802,"[""n02""]",0,0
0,3,KMeans,803,"[""n00"", ""n04""]",0,0
0,3,KMeans,804,"[""n04"", ""n08"", ""n10"", ""n11"", ""n12""]",0,0
0,3,KMeans,805,"[""n01"", ""n03"", ""n11""]",0,0
0,3,KMeans,806,"[""n04""]",0,0
0,3,KMeans,807,"[""n02"", ""n06"", ""n09"", ""n10"", ""n11"", ""n14""]",1,1
0,3,KMeans,848,"[""n10"", ""n11"", ""n13""]",0,0
0,3,KMeans,849,[],0,0
0,3,KMeans,850,[],0,0
0,3,KMeans,851,"[""n10""]",0,0
0,3,KMeans,852,"[""n00"", ""n01"", ""n06"", ""n07"", ""n08"", ""n14""]",1,1
0,3,KMeans,853,"[""n10""]",0,0
0,3,KMeans,854,"[""n00"", ""n05"", ""n11"", ""n16""]",1,1
0,3,KMeans,855,"[""n10""]",0,0
0,3,KMeans,864,"[""n13""]",1,0
0,3,KMeans,865,"[""n02"", ""n05"", ""n10""]",0,0
0,3,KMeans,866,"[""n00"", ""n03""]",0,0
0,3,KMeans,867,"[""n05"", ""n08"", ""n09"", ""n10""]",0,0
0,3,KMeans,868,"[""n01""]",0,0
0,3,KMeans,869,"[""n03"", ""n07""]",0,0
0,3,KMeans,870,"[""n01""]",0,0
0,3,KMeans,871,"[""n04"", ""n08"", ""n12""]",1,0
0,4,FixedThreshold,8,"[""n06"", ""n07""]",0,0
0,4,FixedThreshold,9,[],0,0
0,4,FixedThreshold,10,[],0,0
0,4,FixedThreshold,11,[],0,0
0,4,FixedThreshold,12,[],0,0
0,4,FixedThreshold,13,[],0,0
0,4,FixedThreshold,14,[],0,0
0,4,FixedThreshold,15,[],0,1
0,4,FixedThreshold,16,"[""n00"", ""n12""]",1,1
0,4,FixedThreshold,17,[],0,0
0,4,FixedThreshold,18,"[""n00""]",0,0
0,4,FixedThreshold,19,"[""n09""]",0,0
0,4,FixedThreshold,20,[],0,0
0,4,FixedThreshold,21,"[""n03""]",0,0
0,4,FixedThreshold,22,[],0,0
0,4,FixedThreshold,23,[],0,0
0,4,FixedThreshold,72,[],0,0
0,4,FixedThreshold,73,[],0,0
0,4,FixedThreshold,74,[],0,0
0,4,FixedThreshold,75,"[""n06"", ""n07""]",0,0
0,4,FixedThreshold,76,[],0,0
0,4,FixedThreshold,77,[],0,1
0,4,FixedThreshold,78,[],0,0
0,4,FixedThreshold,79,[],0,0
0,4,FixedThreshold,104,[],0,0
0,4,FixedThreshold,105,[],0,0
0,4,FixedThreshold,106,"[""n01"", ""n11""]",0,0
0,4,FixedThreshold,107,[],0,0
0,4,FixedThreshold,108,"[""n07""]",1,1
0,4,FixedThreshold,109,[],0,0
0,4,FixedThreshold,110,"[""n07""]",1,1
0,4,FixedThreshold,111,[],0,0
0,4,FixedThreshold,112,[],0,1
0,4,FixedThreshold,113,[],0,0
0,4,FixedThreshold,114,[],0,0
0,4,FixedThreshold,115,[],0,0
0,4,FixedThreshold,116,[],0,0
0,4,FixedThreshold,117,[],0,0
0,4,FixedThreshold,118,[],0,1
0,4,FixedThreshold,119,"[""n09"", ""n11"", ""n17""]",1,1
0,4,FixedThreshold,120,[],0,0
0,4,FixedThreshold,121,[],0,0
0,4,FixedThreshold,122,[],0,1
0,4,FixedThreshold,123,[],0,0
0,4,FixedThreshold,124,"[""n08""]",0,0
0,4,FixedThreshold,125,"[""n01""]",0,0
0,4,FixedThreshold,126,[],0,1
0,4,FixedThreshold,127,"[""n01"", ""n06"", ""n11""]",0,0
0,4,FixedThreshold,184,"[""n14""]",0,0
0,4,FixedThreshold,185,[],0,0
0,4,FixedThreshold,186,"[""n00"", ""n08"", ""n16""]",0,0
0,4,FixedThreshold,187,[],0,0
0,4,FixedThreshold,188,"[""n01""]",0,0
0,4,FixedThreshold,189,[],0,0
0,4,FixedThreshold,190,[],0,0
0,4,FixedThreshold,191,[],0,0
0,4,FixedThreshold,192,[],0,0
0,4,FixedThreshold,193,[],0,0
0,4,FixedThreshold,194,"[""n05""]",0,0
0,4,FixedThreshold,195,"[""n06"", ""n12""]",1,1
0,4,FixedThreshold,196,[],0,0
0,4,FixedThreshold,197,[],0,1
0,4,FixedThreshold,198,[],0,0
0,4,FixedThreshold,199,[],0,0
0,4,FixedThreshold,200,[],0,0
0,4,FixedThreshold,201,[],0,0
0,4,FixedThreshold,202,[],0,0
0,4,FixedThreshold,203,[],0,0
0,4,FixedThreshold,204,[],0,0
0,4,FixedThreshold,205,[],0,0
0,4,FixedThreshold,206,[],0,1
0,4,FixedThreshold,207,"[""n14""]",0,0
0,4,FixedThreshold,208,[],0,0
0,4,FixedThreshold,209,[],0,1
0,4,FixedThreshold,210,[],0,0
0,4,FixedThreshold,211,[],0,0
0,4,FixedThreshold,212,[],0,0
0,4,FixedThreshold,213,[],0,0
0,4,FixedThreshold,214,"[""n06""]",0,0
0,4,FixedThreshold,215,"[""n04""]",0,0
0,4,FixedThreshold,216,[],0,0
0,4,FixedThreshold,217,[],0,0
0,4,FixedThreshold,218,[],0,1
0,4,FixedThreshold,219,"[""n09""]",1,1
0,4,FixedThreshold,220,[],0,0
0,4,FixedThreshold,221,[],0,1
0,4,FixedThreshold,222,"[""n02"", ""n09""]",1,1
0,4,FixedThreshold,223,[],0,1
0,4,FixedThreshold,280,[],0,1
0,4,FixedThreshold,281,"[""n06""]",0,0
0,4,FixedThreshold,282,[],0,0
0,4,FixedThreshold,283,[],0,1
0,4,FixedThreshold,284,[],0,0
0,4,FixedThreshold,285,[],0,0
0,4,FixedThreshold,286,[],0,1
0,4,FixedThreshold,287,[],0,0
0,4,FixedThreshold,296,[],0,0
0,4,FixedThreshold,297,[],0,0
0,4,FixedThreshold,298,[],0,0
0,4,FixedThreshold,299,[],0,0
0,4,FixedThreshold,300,[],0,0
0,4,FixedThreshold,301,"[""n00"", ""n03"", ""n09""]",0,1
0,4,FixedThreshold,302,[],0,0
0,4,FixedThreshold,303,[],0,0
0,4,FixedThreshold,336,[],0,0
0,4,FixedThreshold,337,[],0,0
0,4,FixedThreshold,338,[],0,0
0,4,FixedThreshold,339,[],0,0
0,4,FixedThreshold,340,[],0,0
0,4,FixedThreshold,341,[],0,0
0,4,FixedThreshold,342,"[""n15"", ""n16""]",0,0
0,4,FixedThreshold,343,[],0,0
0,4,FixedThreshold,352,[],0,0
0,4,FixedThreshold,353,[],0,1
0,4,FixedThreshold,354,[],0,0
0,4,FixedThreshold,355,[],0,0
0,4,FixedThreshold,356,"[""n02"", ""n04""]",1,1
0,4,FixedThreshold,357,"[""n05"", ""n07""]",0,0
0,4,FixedThreshold,358,"[""n07""]",0,0
0,4,FixedThreshold,359,[],0,0
0,4,FixedThreshold,360,[],0,1
0,4,FixedThreshold,361,"[""n06""]",0,0
0,4,FixedThreshold,362,"[""n02"", ""n03"", ""n08"", ""n12""]",1,1
0,4,FixedThreshold,363,[],0,1
0,4,FixedThreshold,364,[],0,0
0,4,FixedThreshold,365,[],0,0
0,4,FixedThreshold,366,"[""n12""]",1,1
0,4,FixedThreshold,367,[],0,0
0,4,FixedThreshold,472,[],0,0
0,4,FixedThreshold,473,[],0,0
0,4,FixedThreshold,474,[],0,1
0,4,FixedThreshold,475,"[""n05""]",0,0
0,4,FixedThreshold,476,[],0,0
0,4,FixedThreshold,477,[],0,1
0,4,FixedThreshold,478,[],0,0
0,4,FixedThreshold,479,[],0,0
0,4,FixedThreshold,584,[],0,0
0,4,FixedThreshold,585,[],0,0
0,4,FixedThreshold,586,[],0,1
0,4,FixedThreshold,587,[],0,0
0,4,FixedThreshold,588,"[""n08"", ""n09""]",1,1
0,4,FixedThreshold,589,"[""n01""]",0,0
0,4,FixedThreshold,590,[],0,0
0,4,FixedThreshold,591,"[""n04""]",0,0
0,4,FixedThreshold,672,[],0,0
0,4,FixedThreshold,673,[],0,0
0,4,FixedThreshold,674,"[""n02""]",0,0
0,4,FixedThreshold,675,[],0,0
0,4,FixedThreshold,676,[],0,0
0,4,FixedThreshold,677,[],0,0
0,4,FixedThreshold,678,"[""n01""]",0,0
0,4,FixedThreshold,679,[],0,0
0,4,FixedThreshold,704,[],0,0
0,4,FixedThreshold,705,"[""n06"", ""n11""]",0,0
0,4,FixedThreshold,706,"[""n16""]",1,1
0,4,FixedThreshold,707,"[""n00""]",0,0
0,4,FixedThreshold,708,"[""n06""]",0,0
0,4,FixedThreshold,709,"[""n05"", ""n15""]",0,0
0,4,FixedThreshold,710,"[""n12""]",0,0
0,4,FixedThreshold,711,[],0,0
0,4,FixedThreshold,760,[],0,0
0,4,FixedThreshold,761,[],0,0
0,4,FixedThreshold,762,[],0,0
0,4,FixedThreshold,763,[],0,0
0,4,FixedThreshold,764,[],0,0
0,4,FixedThreshold,765,[],0,0
0,4,FixedThreshold,766,[],0,0
0,4,FixedThreshold,767,"[""n02""]",0,0
0,4,FixedThreshold,840,[],0,1
0,4,FixedThreshold,841,"[""n07""]",1,1
0,4,FixedThreshold,842,"[""n08"", ""n09""]",0,0
0,4,FixedThreshold,843,[],0,0
0,4,FixedThreshold,844,[],0,1
0,4,FixedThreshold,845,[],0,0
0,4,FixedThreshold,846,[],0,1
0,4,FixedThreshold,847,[],0,1
0,4,FixedThreshold,888,[],0,0
0,4,FixedThreshold,889,"[""n06""]",1,1
0,4,FixedThreshold,890,[],0,0
0,4,FixedThreshold,891,"[""n03"", ""n09""]",1,1
0,4,FixedThreshold,892,"[""n00""]",0,0
0,4,FixedThreshold,893,"[""n00"", ""n02"", ""n06""]",1,1
0,4,FixedThreshold,894,[],0,0
0,4,FixedThreshold,895,"[""n06""]",1,1
0,4,FixedThreshold,904,"[""n05""]",0,0
0,4,FixedThreshold,905,[],0,0
0,4,FixedThreshold,906,[],0,0
0,4,FixedThreshold,907,"[""n01""]",0,0
0,4,FixedThreshold,908,[],0,1
0,4,FixedThreshold,909,[],0,0
0,4,FixedThreshold,910,[],0,0
0,4,FixedThreshold,911,[],0,0
0,4,SingleCenter,8,"[""n06"", ""n07"", ""n09""]",0,0
0,4,SingleCenter,9,[],0,0
0,4,SingleCenter,10,"[""n13""]",0,0
0,4,SingleCenter,11,"[""n07"", ""n11"", ""n14""]",0,0
0,4,SingleCenter,12,"[""n04""]",1,0
0,4,SingleCenter,13,"[""n05"", ""n06""]",0,0
0,4,SingleCenter,14,"[""n13""]",0,0
0,4,SingleCenter,15,"[""n04"", ""n06"", ""n08""]",1,1
0,4,SingleCenter,16,"[""n00"", ""n12""]",1,1
0,4,SingleCenter,17,"[""n00"", ""n06"", ""n11""]",0,0
0,4,SingleCenter,18,"[""n00"", ""n04"", ""n05"", ""n08""]",0,0
0,4,SingleCenter,19,"[""n09""]",0,0
0,4,SingleCenter,20,"[""n07""]",0,0
0,4,SingleCenter,21,"[""n01"", ""n03"", ""n04""]",0,0
0,4,SingleCenter,22,"[""n11""]",0,0
0,4,SingleCenter,23,"[""n02""]",0,0
0,4,SingleCenter,72,"[""n01""]",0,0
0,4,SingleCenter,73,"[""n02""]",0,0
0,4,SingleCenter,74,[],0,0
0,4,SingleCenter,75,"[""n04"", ""n06"", ""n07""]",1,0
0,4,SingleCenter,76,[],0,0
0,4,SingleCenter,77,"[""n00"", ""n04"", ""n06"", ""n11""]",1,1
0,4,SingleCenter,78,[],0,0
0,4,SingleCenter,79,[],0,0
0,4,SingleCenter,104,"[""n05""]",0,0
0,4,SingleCenter,105,"[""n02"", ""n06"", ""n08"", ""n11""]",1,0
0,4,SingleCenter,106,"[""n00"", ""n01"", ""n06"", ""n08"", ""n11""]",1,0
0,4,SingleCenter,107,[],0,0
0,4,SingleCenter,108,"[""n05"", ""n07"", ""n09"", ""n10"", ""n15""]",1,1
0,4,SingleCenter,109,"[""n08"", ""n12""]",0,0
0,4,SingleCenter,110,"[""n03"", ""n05"", ""n07"", ""n08"", ""n15""]",1,1
0,4,SingleCenter,111,"[""n12""]",0,0
0,4,SingleCenter,112,"[""n00"", ""n17""]",1,1
0,4,SingleCenter,113,"[""n01""]",1,0
0,4,SingleCenter,114,"[""n12""]",0,0
0,4,SingleCenter,115,"[""n17""]",1,0
0,4,SingleCenter,116,"[""n05"", ""n11""]",0,0
0,4,SingleCenter,117,"[""n00"", ""n06"", ""n07"", ""n10""]",0,0
0,4,SingleCenter,118,"[""n01"", ""n02"", ""n11"", ""n14""]",1,1
0,4,SingleCenter,119,"[""n03"", ""n07"", ""n09"", ""n10"", ""n11"", ""n15"", ""n17""]",1,1
0,4,SingleCenter,120,"[""n06""]",0,0
0,4,SingleCenter,121,[],0,0
0,4,SingleCenter,122,"[""n02""]",1,1
0,4,SingleCenter,123,[],0,0
0,4,SingleCenter,124,"[""n08""]",0,0
0,4,SingleCenter,125,"[""n01""]",0,0
0,4,SingleCenter,126,"[""n06"", ""n10""]",1,1
0,4,SingleCenter,127,"[""n01"", ""n06"", ""n11""]",0,0
0,4,SingleCenter,184,"[""n14"", ""n16""]",0,0
0,4,SingleCenter,185,"[""n00"", ""n06"", ""n07""]",0,0
0,4,SingleCenter,186,"[""n00"", ""n06"", ""n08"", ""n11"", ""n16""]",0,0
0,4,SingleCenter,187,"[""n07""]",0,0
0,4,SingleCenter,188,"[""n01"", ""n03"", ""n11""]",0,0
0,4,SingleCenter,189,"[""n04""]",0,0
0,4,SingleCenter,190,"[""n15""]",0,0
0,4,SingleCenter,191,[],0,0
0,4,SingleCenter,192,[],0,0
0,4,SingleCenter,193,"[""n00"", ""n08""]",0,0
0,4,SingleCenter,194,"[""n05"", ""n11""]",0,0
0,4,SingleCenter,195,"[""n06"", ""n08"", ""n12""]",1,1
0,4,SingleCenter,196,"[""n03""]",0,0
0,4,SingleCenter,197,"[""n01"", ""n12""]",1,1
0,4,SingleCenter,198,"[""n02"", ""n11""]",1,0
0,4,SingleCenter,199,"[""n10""]",0,0
0,4,SingleCenter,200,"[""n08"", ""n12"", ""n14""]",0,0
0,4,SingleCenter,201,"[""n00""]",0,0
0,4,SingleCenter,202,[],0,0
0,4,SingleCenter,203,"[""n04"", ""n07""]",0,0
0,4,SingleCenter,204,"[""n08""]",0,0
0,4,SingleCenter,205,[],0,0
0,4,SingleCenter,206,"[""n02"", ""n10"", ""n11"", ""n12""]",1,1
0,4,SingleCenter,207,"[""n12"", ""n14""]",0,0
0,4,SingleCenter,208,"[""n01"", ""n09""]",0,0
0,4,SingleCenter,209,"[""n03"", ""n10""]",1,1
0,4,SingleCenter,210,"[""n00"", ""n09""]",0,0
0,4,SingleCenter,211,"[""n03"", ""n07""]",0,0
0,4,SingleCenter,212,"[""n01"", ""n02""]",0,0
0,4,SingleCenter,213,[],0,0
0,4,SingleCenter,214,"[""n01"", ""n06""]",0,0
0,4,SingleCenter,215,"[""n04"", ""n08""]",0,0
0,4,SingleCenter,216,"[""n08""]",0,0
0,4,SingleCenter,217,[],0,0
0,4,SingleCenter,218,"[""n09""]",1,1
0,4,SingleCenter,219,"[""n03"", ""n06"", ""n09""]",1,1
0,4,SingleCenter,220,[],0,0
0,4,SingleCenter,221,"[""n09""]",1,1
0,4,SingleCenter,222,"[""n02"", ""n04"", ""n09""]",1,1
0,4,SingleCenter,223,"[""n09""]",1,1
0,4,SingleCenter,280,"[""n00"", ""n02"", ""n07"", ""n09""]",1,1
0,4,SingleCenter,281,"[""n06"", ""n09""]",1,0
0,4,SingleCenter,282,"[""n03""]",0,0
0,4,SingleCenter,283,"[""n03"", ""n09""]",1,1
0,4,SingleCenter,284,"[""n04"", ""n06""]",0,0
0,4,SingleCenter,285,[],0,0
0,4,SingleCenter,286,"[""n00"", ""n05"", ""n08""]",1,1
0,4,SingleCenter,287,[],0,0
0,4,SingleCenter,296,[],0,0
0,4,SingleCenter,297,"[""n07""]",0,0
0,4,SingleCenter,298,"[""n07"", ""n10""]",0,0
0,4,SingleCenter,299,"[""n12""]",0,0
0,4,SingleCenter,300,"[""n10""]",0,0
0,4,SingleCenter,301,"[""n00"", ""n03"", ""n09"", ""n11"", ""n14""]",1,1
0,4,SingleCenter,302,"[""n01"", ""n05"", ""n06""]",0,0
0,4,SingleCenter,303,"[""n08""]",0,0
0,4,SingleCenter,336,"[""n01""]",0,0
0,4,SingleCenter,337,"[""n02"", ""n14"", ""n15""]",0,0
0,4,SingleCenter,338,"[""n03"", ""n08"", ""n10"", ""n12"", ""n15"", ""n17""]",1,0
0,4,SingleCenter,339,"[""n06"", ""n10""]",0,0
0,4,SingleCenter,340,"[""n11""]",0,0
0,4,SingleCenter,341,"[""n05"", ""n13"", ""n17""]",1,0
0,4,SingleCenter,342,"[""n00"", ""n02"", ""n12"", ""n14"", ""n15"", ""n16""]",1,0
0,4,SingleCenter,343,"[""n02"", ""n13""]",0,0
0,4,SingleCenter,352,[],0,0
0,4,SingleCenter,353,"[""n00"", ""n08"", ""n09"", ""n10""]",1,1
0,4,SingleCenter,354,"[""n09""]",0,0
0,4,SingleCenter,355,[],0,0
0,4,SingleCenter,356,"[""n02"", ""n04"", ""n07""]",1,1
0,4,SingleCenter,357,"[""n02"", ""n03"", ""n05"", ""n07""]",1,0
0,4,SingleCenter,358,"[""n05"", ""n06"", ""n07"", ""n09""]",0,0
0,4,SingleCenter,359,"[""n03""]",0,0
0,4,SingleCenter,360,"[""n12""]",1,1
0,4,SingleCenter,361,"[""n05"", ""n06""]",1,0
0,4,SingleCenter,362,"[""n02"", ""n03"", ""n08"", ""n12""]",1,1
0,4,SingleCenter,363,"[""n00""]",1,1
0,4,SingleCenter,364,"[""n05""]",0,0
0,4,SingleCenter,365,[],0,0
0,4,SingleCenter,366,"[""n12""]",1,1
0,4,SingleCenter,367,[],0,0
0,4,SingleCenter,472,"[""n06""]",0,0
0,4,SingleCenter,473,[],0,0
0,4,SingleCenter,474,"[""n01""]",1,1
0,4,SingleCenter,475,"[""n05""]",0,0
0,4,SingleCenter,476,"[""n06"", ""n08""]",0,0
0,4,SingleCenter,477,"[""n01""]",1,1
0,4,SingleCenter,478,"[""n02""]",0,0
0,4,SingleCenter,479,[],0,0
0,4,SingleCenter,584,"[""n00""]",0,0
0,4,SingleCenter,585,[],0,0
0,4,SingleCenter,586,"[""n02""]",1,1
0,4,SingleCenter,587,[],0,0
0,4,SingleCenter,588,"[""n01"", ""n08"", ""n09""]",1,1
0,4,SingleCenter,589,"[""n01""]",0,0
0,4,SingleCenter,590,"[""n08""]",0,0
0,4,SingleCenter,591,"[""n00"", ""n02"", ""n04""]",1,0
0,4,SingleCenter,672,[],0,0
0,4,SingleCenter,673,[],0,0
0,4,SingleCenter,674,"[""n02"", ""n09""]",0,0
0,4,SingleCenter,675,"[""n05"", ""n08""]",0,0
0,4,SingleCenter,676,"[""n03"", ""n08"", ""n11""]",0,0
0,4,SingleCenter,677,"[""n04""]",0,0
0,4,SingleCenter,678,"[""n01"", ""n02"", ""n03""]",0,0
0,4,SingleCenter,679,[],0,0
0,4,SingleCenter,704,"[""n02"", ""n13""]",0,0
0,4,SingleCenter,705,"[""n02"", ""n03"", ""n05"", ""n06"", ""n08"", ""n09"", ""n11"", ""n13""]",0,0
0,4,SingleCenter,706,"[""n00"", ""n06"", ""n16""]",1,1
0,4,SingleCenter,707,"[""n00""]",0,0
0,4,SingleCenter,708,"[""n06""]",0,0
0,4,SingleCenter,709,"[""n02"", ""n05"", ""n15""]",0,0
0,4,SingleCenter,710,"[""n12""]",0,0
0,4,SingleCenter,711,"[""n00"", ""n01"", ""n03"", ""n06"", ""n07""]",0,0
0,4,SingleCenter,760,[],0,0
0,4,SingleCenter,761,[],0,0
0,4,SingleCenter,762,"[""n12""]",0,0
0,4,SingleCenter,763,"[""n02""]",0,0
0,4,SingleCenter,764,"[""n00""]",0,0
0,4,SingleCenter,765,"[""n03""]",0,0
0,4,SingleCenter,766,"[""n00"", ""n01"", ""n12""]",0,0
0,4,SingleCenter,767,"[""n02"", ""n04"", ""n08""]",0,0
0,4,SingleCenter,840,"[""n03""]",1,1
0,4,SingleCenter,841,"[""n04"", ""n06"", ""n07""]",1,1
0,4,SingleCenter,842,"[""n04"", ""n07"", ""n08"", ""n09""]",1,0
0,4,SingleCenter,843,"[""n06""]",0,0
0,4,SingleCenter,844,"[""n00"", ""n07""]",1,1
0,4,SingleCenter,845,[],0,0
0,4,SingleCenter,846,"[""n00""]",1,1
0,4,SingleCenter,847,"[""n00"", ""n01""]",1,1
0,4,SingleCenter,888,"[""n04""]",0,0
0,4,SingleCenter,889,"[""n02"", ""n05"", ""n06""]",1,1
0,4,SingleCenter,890,"[""n00"", ""n04""]",0,0
0,4,SingleCenter,891,"[""n03"", ""n09""]",1,1
0,4,SingleCenter,892,"[""n00"", ""n09""]",1,0
0,4,SingleCenter,893,"[""n00"", ""n02"", ""n06"", ""n08""]",1,1
0,4,SingleCenter,894,"[""n03""]",0,0
0,4,SingleCenter,895,"[""n03"", ""n06""]",1,1
0,4,SingleCenter,904,"[""n05"", ""n13""]",0,0
0,4,SingleCenter,905,"[""n07"", ""n11"", ""n13""]",0,0
0,4,SingleCenter,906,"[""n06""]",0,0
0,4,SingleCenter,907,"[""n01""]",0,0
0,4,SingleCenter,908,"[""n07"", ""n13"", ""n14""]",1,1
0,4,SingleCenter,909,"[""n01"", ""n02"", ""n07"", ""n09"", ""n12""]",1,0
0,4,SingleCenter,910,"[""n01"", ""n02""]",0,0
0,4,SingleCenter,911,"[""n09"", ""n13""]",0,0
0,4,KMeans,8,"[""n04"", ""n06"", ""n07""]",1,0
0,4,KMeans,9,[],0,0
0,4,KMeans,10,"[""n13""]",0,0
0,4,KMeans,11,"[""n07"", ""n11"", ""n14""]",0,0
0,4,KMeans,12,[],0,0
0,4,KMeans,13,"[""n05"", ""n06"", ""n08"", ""n12""]",0,0
0,4,KMeans,14,"[""n13""]",0,0
0,4,KMeans,15,"[""n04"", ""n06"", ""n08"", ""n16""]",1,1
0,4,KMeans,16,"[""n00"", ""n10"", ""n12""]",1,1
0,4,KMeans,17,[],0,0
0,4,KMeans,18,"[""n00"", ""n04"", ""n05"", ""n08""]",0,0
0,4,KMeans,19,"[""n09""]",0,0
0,4,KMeans,20,"[""n01"", ""n06"", ""n07""]",0,0
0,4,KMeans,21,"[""n03"", ""n04""]",0,0
0,4,KMeans,22,[],0,0
0,4,KMeans,23,[],0,0
0,4,KMeans,72,[],0,0
0,4,KMeans,73,"[""n02""]",0,0
0,4,KMeans,74,"[""n04""]",1,0
0,4,KMeans,75,"[""n06"", ""n07""]",0,0
0,4,KMeans,76,"[""n11""]",1,0
0,4,KMeans,77,"[""n00"", ""n06"", ""n11""]",1,1
0,4,KMeans,78,[],0,0
0,4,KMeans,79,[],0,0
0,4,KMeans,104,"[""n00"", ""n05"", ""n11""]",1,0
0,4,KMeans,105,[],0,0
0,4,KMeans,106,"[""n01"", ""n08"", ""n11""]",0,0
0,4,KMeans,107,"[""n02"", ""n12""]",0,0
0,4,KMeans,108,"[""n05"", ""n07"", ""n10""]",1,1
0,4,KMeans,109,"[""n08"", ""n09""]",0,0
0,4,KMeans,110,"[""n03"", ""n07"", ""n12""]",1,1
0,4,KMeans,111,"[""n05"", ""n12""]",0,0
0,4,KMeans,112,"[""n00"", ""n17""]",1,1
0,4,KMeans,113,[],0,0
0,4,KMeans,114,"[""n07"", ""n12"", ""n16""]",0,0
0,4,KMeans,115,[],0,0
0,4,KMeans,116,"[""n05"", ""n11""]",0,0
0,4,KMeans,117,"[""n00"", ""n05"", ""n06"", ""n07"", ""n10""]",0,0
0,4,KMeans,118,"[""n01"", ""n02"", ""n11"", ""n14""]",1,1
0,4,KMeans,119,"[""n09"", ""n10"", ""n11"", ""n17""]",1,1
0,4,KMeans,120,"[""n06""]",0,0
0,4,KMeans,121,[],0,0
0,4,KMeans,122,"[""n02""]",1,1
0,4,KMeans,123,"[""n11""]",0,0
0,4,KMeans,124,"[""n01"", ""n08""]",0,0
0,4,KMeans,125,"[""n01"", ""n09""]",1,0
0,4,KMeans,126,"[""n06"", ""n10""]",1,1
0,4,KMeans,127,"[""n01"", ""n06"", ""n11""]",0,0
0,4,KMeans,184,"[""n14""]",0,0
0,4,KMeans,185,"[""n06"", ""n07"", ""n10""]",0,0
0,4,KMeans,186,"[""n00"", ""n08"", ""n16""]",0,0
0,4,KMeans,187,"[""n07"", ""n12""]",0,0
0,4,KMeans,188,"[""n01""]",0,0
0,4,KMeans,189,"[""n04""]",0,0
0,4,KMeans,190,"[""n15""]",0,0
0,4,KMeans,191,[],0,0
0,4,KMeans,192,"[""n12""]",1,0
0,4,KMeans,193,"[""n00"", ""n08""]",0,0
0,4,KMeans,194,"[""n05"", ""n07"", ""n09""]",0,0
0,4,KMeans,195,"[""n06"", ""n08"", ""n12""]",1,1
0,4,KMeans,196,"[""n03""]",0,0
0,4,KMeans,197,"[""n01"", ""n10"", ""n12""]",1,1
0,4,KMeans,198,"[""n02""]",1,0
0,4,KMeans,199,"[""n05"", ""n10""]",0,0
0,4,KMeans,200,"[""n08"", ""n12"", ""n14""]",0,0
0,4,KMeans,201,"[""n00""]",0,0
0,4,KMeans,202,"[""n11""]",1,0
0,4,KMeans,203,"[""n02"", ""n07""]",0,0
0,4,KMeans,204,[],0,0
0,4,KMeans,205,[],0,0
0,4,KMeans,206,"[""n02"", ""n10"", ""n11"", ""n12""]",1,1
0,4,KMeans,207,"[""n14""]",0,0
0,4,KMeans,208,"[""n01"", ""n09""]",0,0
0,4,KMeans,209,"[""n03"", ""n10""]",1,1
0,4,KMeans,210,"[""n00"", ""n09""]",0,0
0,4,KMeans,211,"[""n03"", ""n07"", ""n09""]",0,0
0,4,KMeans,212,"[""n01"", ""n02""]",0,0
0,4,KMeans,213,[],0,0
0,4,KMeans,214,"[""n06""]",0,0
0,4,KMeans,215,"[""n00"", ""n04""]",0,0
0,4,KMeans,216,[],0,0
0,4,KMeans,217,"[""n03""]",0,0
0,4,KMeans,218,"[""n09""]",1,1
0,4,KMeans,219,"[""n03"", ""n09""]",1,1
0,4,KMeans,220,"[""n08""]",0,0
0,4,KMeans,221,"[""n09""]",1,1
0,4,KMeans,222,"[""n02"", ""n04"", ""n09""]",1,1
0,4,KMeans,223,"[""n09""]",1,1
0,4,KMeans,280,"[""n00"", ""n02"", ""n07"", ""n09""]",1,1
0,4,KMeans,281,"[""n06"", ""n07""]",0,0
0,4,KMeans,282,"[""n03"", ""n07""]",0,0
0,4,KMeans,283,"[""n09""]",1,1
0,4,KMeans,284,"[""n04"", ""n06""]",0,0
0,4,KMeans,285,"[""n05""]",1,0
0,4,KMeans,286,"[""n00"", ""n05"", ""n08"", ""n09""]",1,1
0,4,KMeans,287,"[""n07""]",0,0
0,4,KMeans,296,"[""n04""]",0,0
0,4,KMeans,297,"[""n07"", ""n12""]",0,0
0,4,KMeans,298,"[""n04"", ""n07"", ""n10""]",0,0
0,4,KMeans,299,"[""n14""]",1,0
0,4,KMeans,300,"[""n04"", ""n10""]",0,0
0,4,KMeans,301,"[""n00"", ""n03"", ""n09"", ""n14""]",1,1
0,4,KMeans,302,[],0,0
0,4,KMeans,303,"[""n08""]",0,0
0,4,KMeans,336,"[""n01""]",0,0
0,4,KMeans,337,"[""n02"", ""n14"", ""n15""]",0,0
0,4,KMeans,338,[],0,0
0,4,KMeans,339,"[""n04"", ""n06"", ""n10""]",0,0
0,4,KMeans,340,"[""n00"", ""n11""]",1,0
0,4,KMeans,341,"[""n10"", ""n13"", ""n14""]",0,0
0,4,KMeans,342,"[""n06"", ""n15"", ""n16""]",0,0
0,4,KMeans,343,"[""n02"", ""n13"", ""n14""]",0,0
0,4,KMeans,352,[],0,0
0,4,KMeans,353,"[""n00"", ""n08"", ""n09"", ""n10""]",1,1
0,4,KMeans,354,[],0,0
0,4,KMeans,355,[],0,0
0,4,KMeans,356,"[""n02"", ""n04"", ""n08""]",1,1
0,4,KMeans,357,"[""n02"", ""n05"", ""n07"", ""n08""]",0,0
0,4,KMeans,358,"[""n07""]",0,0
0,4,KMeans,359,"[""n03""]",0,0
0,4,KMeans,360,"[""n02"", ""n03"", ""n12""]",1,1
0,4,KMeans,361,"[""n05"", ""n06""]",1,0
0,4,KMeans,362,"[""n02"", ""n03"", ""n08"", ""n12""]",1,1
0,4,KMeans,363,"[""n00""]",1,1
0,4,KMeans,364,"[""n05"", ""n07""]",0,0
0,4,KMeans,365,"[""n11""]",0,0
0,4,KMeans,366,"[""n07"", ""n12""]",1,1
0,4,KMeans,367,"[""n12""]",1,0
0,4,KMeans,472,"[""n06""]",0,0
0,4,KMeans,473,"[""n02"", ""n04"", ""n07""]",0,0
0,4,KMeans,474,"[""n01"", ""n09"", ""n10""]",1,1
0,4,KMeans,475,"[""n05"", ""n12""]",1,0
0,4,KMeans,476,"[""n03"", ""n06"", ""n08""]",0,0
0,4,KMeans,477,"[""n01""]",1,1
0,4,KMeans,478,"[""n02""]",0,0
0,4,KMeans,479,[],0,0
0,4,KMeans,584,"[""n05""]",0,0
0,4,KMeans,585,[],0,0
0,4,KMeans,586,"[""n02""]",1,1
0,4,KMeans,587,[],0,0
0,4,KMeans,588,"[""n08"", ""n09""]",1,1
0,4,KMeans,589,"[""n01""]",0,0
0,4,KMeans,590,"[""n08""]",0,0
0,4,KMeans,591,"[""n02"", ""n04""]",1,0
0,4,KMeans,672,[],0,0
0,4,KMeans,673,"[""n11""]",0,0
0,4,KMeans,674,"[""n02"", ""n09""]",0,0
0,4,KMeans,675,"[""n02"", ""n05"", ""n08"", ""n13""]",1,0
0,4,KMeans,676,"[""n03"", ""n07"", ""n08"", ""n11""]",0,0
0,4,KMeans,677,"[""n04"", ""n06"", ""n08""]",0,0
0,4,KMeans,678,"[""n01""]",0,0
0,4,KMeans,679,[],0,0
0,4,KMeans,704,"[""n02"", ""n13""]",0,0
0,4,KMeans,705,"[""n02"", ""n06"", ""n11"", ""n15""]",0,0
0,4,KMeans,706,"[""n00"", ""n06"", ""n16""]",1,1
0,4,KMeans,707,"[""n00""]",0,0
0,4,KMeans,708,"[""n06""]",0,0
0,4,KMeans,709,"[""n02"", ""n05"", ""n15""]",0,0
0,4,KMeans,710,"[""n00"", ""n12""]",0,0
0,4,KMeans,711,"[""n00"", ""n01"", ""n03"", ""n06"", ""n07""]",0,0
0,4,KMeans,760,"[""n02""]",0,0
0,4,KMeans,761,"[""n11""]",0,0
0,4,KMeans,762,"[""n12""]",0,0
0,4,KMeans,763,"[""n02""]",0,0
0,4,KMeans,764,"[""n00""]",0,0
0,4,KMeans,765,"[""n02"", ""n03""]",0,0
0,4,KMeans,766,"[""n00"", ""n12""]",0,0
0,4,KMeans,767,"[""n02"", ""n08"", ""n10""]",0,0
0,4,KMeans,840,"[""n03""]",1,1
0,4,KMeans,841,"[""n06"", ""n07""]",1,1
0,4,KMeans,842,"[""n08"", ""n09"", ""n11""]",0,0
0,4,KMeans,843,"[""n06""]",0,0
0,4,KMeans,844,"[""n00"", ""n07""]",1,1
0,4,KMeans,845,[],0,0
0,4,KMeans,846,"[""n00"", ""n10"", ""n11""]",1,1
0,4,KMeans,847,"[""n00"", ""n01"", ""n06"", ""n07"", ""n11""]",1,1
0,4,KMeans,888,"[""n04"", ""n06""]",1,0
0,4,KMeans,889,"[""n02"", ""n05"", ""n06""]",1,1
0,4,KMeans,890,"[""n00""]",0,0
0,4,KMeans,891,"[""n00"", ""n03"", ""n09""]",1,1
0,4,KMeans,892,"[""n00"", ""n09""]",1,0
0,4,KMeans,893,"[""n00"", ""n02"", ""n06""]",1,1
0,4,KMeans,894,"[""n03""]",0,0
0,4,KMeans,895,"[""n06""]",1,1
0,4,KMeans,904,"[""n01"", ""n05""]",0,0
0,4,KMeans,905,"[""n13""]",0,0
0,4,KMeans,906,"[""n13""]",0,0
0,4,KMeans,907,"[""n01"", ""n02"", ""n10""]",0,0
0,4,KMeans,908,"[""n03"", ""n05"", ""n07"", ""n12"", ""n13"", ""n14""]",1,1
0,4,KMeans,909,"[""n01"", ""n13""]",0,0
0,4,KMeans,910,"[""n01"", ""n02"", ""n08""]",0,0
0,4,KMeans,911,[],0,0
1,0,FixedThreshold,32,[],0,0
1,0,FixedThreshold,33,"[""n10""]",1,1
1,0,FixedThreshold,34,[],0,0
1,0,FixedThreshold,35,[],0,0
1,0,FixedThreshold,36,[],0,0
1,0,FixedThreshold,37,[],0,0
1,0,FixedThreshold,38,[],0,0
1,0,FixedThreshold,39,[],0,0
1,0,FixedThreshold,72,[],0,0
1,0,FixedThreshold,73,[],0,0
1,0,FixedThreshold,74,[],0,0
1,0,FixedThreshold,75,"[""n06"", ""n07""]",0,0
1,0,FixedThreshold,76,[],0,0
1,0,FixedThreshold,77,[],0,1
1,0,FixedThreshold,78,[],0,0
1,0,FixedThreshold,79,[],0,0
1,0,FixedThreshold,112,[],0,1
1,0,FixedThreshold,113,[],0,0
1,0,FixedThreshold,114,[],0,0
1,0,FixedThreshold,115,[],0,0
1,0,FixedThreshold,116,[],0,0
1,0,FixedThreshold,117,[],0,0
1,0,FixedThreshold,118,[],0,1
1,0,FixedThreshold,119,"[""n09"", ""n11"", ""n17""]",1,1
1,0,FixedThreshold,128,[],0,0
1,0,FixedThreshold,129,[],0,0
1,0,FixedThreshold,130,"[""n06""]",0,0
1,0,FixedThreshold,131,[],0,0
1,0,FixedThreshold,132,[],0,0
1,0,FixedThreshold,133,"[""n03"", ""n04""]",0,0
1,0,FixedThreshold,134,"[""n08""]",0,1
1,0,FixedThreshold,135,[],0,0
1,0,FixedThreshold,200,[],0,0
1,0,FixedThreshold,201,[],0,0
1,0,FixedThreshold,202,[],0,0
1,0,FixedThreshold,203,[],0,0
1,0,FixedThreshold,204,[],0,0
1,0,FixedThreshold,205,[],0,0
1,0,FixedThreshold,206,[],0,1
1,0,FixedThreshold,207,"[""n14""]",0,0
1,0,FixedThreshold,216,[],0,0
1,0,FixedThreshold,217,[],0,0
1,0,FixedThreshold,218,[],0,1
1,0,FixedThreshold,219,"[""n09""]",1,1
1,0,FixedThreshold,220,[],0,0
1,0,FixedThreshold,221,[],0,1
1,0,FixedThreshold,222,"[""n02"", ""n09""]",1,1
1,0,FixedThreshold,223,[],0,1
1,0,FixedThreshold,224,[],0,0
1,0,FixedThreshold,225,"[""n01""]",0,0
1,0,FixedThreshold,226,[],0,1
1,0,FixedThreshold,227,[],0,0
1,0,FixedThreshold,228,[],0,0
1,0,FixedThreshold,229,[],0,0
1,0,FixedThreshold,230,[],0,1
1,0,FixedThreshold,231,[],0,0
1,0,FixedThreshold,232,[],0,0
1,0,FixedThreshold,233,[],0,0
1,0,FixedThreshold,234,[],0,1
1,0,FixedThreshold,235,"[""n07""]",0,0
1,0,FixedThreshold,236,[],0,1
1,0,FixedThreshold,237,[],0,1
1,0,FixedThreshold,238,[],0,0
1,0,FixedThreshold,239,[],0,1
1,0,FixedThreshold,248,[],0,0
1,0,FixedThreshold,249,[],0,1
1,0,FixedThreshold,250,[],0,0
1,0,FixedThreshold,251,"[""n01"", ""n04"", ""n08""]",0,0
1,0,FixedThreshold,252,[],0,1
1,0,FixedThreshold,253,[],0,1
1,0,FixedThreshold,254,[],0,1
1,0,FixedThreshold,255,"[""n02"", ""n06""]",0,0
1,0,FixedThreshold,320,[],0,0
1,0,FixedThreshold,321,"[""n05"", ""n11""]",0,0
1,0,FixedThreshold,322,"[""n06""]",0,0
1,0,FixedThreshold,323,[],0,0
1,0,FixedThreshold,324,[],0,0
1,0,FixedThreshold,325,[],0,0
1,0,FixedThreshold,326,"[""n09""]",0,0
1,0,FixedThreshold,327,"[""n09""]",0,0
1,0,FixedThreshold,360,[],0,1
1,0,FixedThreshold,361,"[""n06""]",0,0
1,0,FixedThreshold,362,"[""n02"", ""n03"", ""n08"", ""n12""]",1,1
1,0,FixedThreshold,363,[],0,1
1,0,FixedThreshold,364,[],0,0
1,0,FixedThreshold,365,[],0,0
1,0,FixedThreshold,366,"[""n12""]",1,1
1,0,FixedThreshold,367,[],0,0
1,0,FixedThreshold,440,[],0,0
1,0,FixedThreshold,441,[],0,0
1,0,FixedThreshold,442,[],0,0
1,0,FixedThreshold,443,[],0,0
1,0,FixedThreshold,444,[],0,0
1,0,FixedThreshold,445,[],0,0
1,0,FixedThreshold,446,"[""n07""]",0,0
1,0,FixedThreshold,447,[],0,0
1,0,FixedThreshold,464,[],0,0
1,0,FixedThreshold,465,"[""n07"", ""n11""]",0,0
1,0,FixedThreshold,466,[],0,0
1,0,FixedThreshold,467,"[""n03"", ""n08""]",0,0
1,0,FixedThreshold,468,"[""n05"", ""n12""]",0,0
1,0,FixedThreshold,469,[],0,1
1,0,FixedThreshold,470,[],0,0
1,0,FixedThreshold,471,[],0,0
1,0,FixedThreshold,528,[],0,0
1,0,FixedThreshold,529,[],0,0
1,0,FixedThreshold,530,"[""n05"", ""n09""]",1,1
1,0,FixedThreshold,531,[],0,0
1,0,FixedThreshold,532,[],0,1
1,0,FixedThreshold,533,[],0,0
1,0,FixedThreshold,534,[],0,0
1,0,FixedThreshold,535,[],0,1
1,0,FixedThreshold,536,"[""n02""]",0,0
1,0,FixedThreshold,537,[],0,1
1,0,FixedThreshold,538,"[""n04""]",0,0
1,0,FixedThreshold,539,"[""n07""]",0,0
1,0,FixedThreshold,540,[],0,0
1,0,FixedThreshold,541,[],0,0
1,0,FixedThreshold,542,[],0,0
1,0,FixedThreshold,543,[],0,0
1,0,FixedThreshold,568,"[""n00"", ""n08""]",0,0
1,0,FixedThreshold,569,[],0,0
1,0,FixedThreshold,570,[],0,0
1,0,FixedThreshold,571,[],0,0
1,0,FixedThreshold,572,[],0,0
1,0,FixedThreshold,573,"[""n10""]",0,0
1,0,FixedThreshold,574,[],0,0
1,0,FixedThreshold,575,"[""n13""]",1,1
1,0,FixedThreshold,592,[],0,0
1,0,FixedThreshold,593,[],0,0
1,0,FixedThreshold,594,[],0,0
1,0,FixedThreshold,595,[],0,1
1,0,FixedThreshold,596,"[""n00""]",0,0
1,0,FixedThreshold,597,[],0,0
1,0,FixedThreshold,598,"[""n00""]",0,0
1,0,FixedThreshold,599,[],0,0
1,0,FixedThreshold,624,"[""n03""]",0,0
1,0,FixedThreshold,625,[],0,0
1,0,FixedThreshold,626,"[""n13""]",1,1
1,0,FixedThreshold,627,[],0,0
1,0,FixedThreshold,628,[],0,0
1,0,FixedThreshold,629,"[""n06"", ""n09""]",0,0
1,0,FixedThreshold,630,[],0,0
1,0,FixedThreshold,631,[],0,0
1,0,FixedThreshold,672,[],0,0
1,0,FixedThreshold,673,[],0,0
1,0,FixedThreshold,674,"[""n02""]",0,0
1,0,FixedThreshold,675,[],0,0
1,0,FixedThreshold,676,[],0,0
1,0,FixedThreshold,677,[],0,0
1,0,FixedThreshold,678,"[""n01""]",0,0
1,0,FixedThreshold,679,[],0,0
1,0,FixedThreshold,712,[],0,0
1,0,FixedThreshold,713,[],0,0
1,0,FixedThreshold,714,[],0,0
1,0,FixedThreshold,715,"[""n09""]",0,0
1,0,FixedThreshold,716,[],0,0
1,0,FixedThreshold,717,[],0,0
1,0,FixedThreshold,718,"[""n02"", ""n05""]",1,1
1,0,FixedThreshold,719,"[""n04"", ""n05""]",1,1
1,0,FixedThreshold,752,[],0,1
1,0,FixedThreshold,753,[],0,0
1,0,FixedThreshold,754,[],0,0
1,0,FixedThreshold,755,[],0,0
1,0,FixedThreshold,756,[],0,0
1,0,FixedThreshold,757,[],0,0
1,0,FixedThreshold,758,"[""n12""]",0,0
1,0,FixedThreshold,759,[],0,0
1,0,FixedThreshold,808,[],0,0
1,0,FixedThreshold,809,[],0,0
1,0,FixedThreshold,810,"[""n09""]",1,1
1,0,FixedThreshold,811,[],0,0
1,0,FixedThreshold,812,[],0,0
1,0,FixedThreshold,813,[],0,0
1,0,FixedThreshold,814,"[""n03""]",0,0
1,0,FixedThreshold,815,[],0,0
1,0,FixedThreshold,928,"[""n01"", ""n02""]",1,1
1,0,FixedThreshold,929,[],0,1
1,0,FixedThreshold,930,[],0,0
1,0,FixedThreshold,931,[],0,1
1,0,FixedThreshold,932,"[""n01""]",1,1
1,0,FixedThreshold,933,"[""n06""]",1,1
1,0,FixedThreshold,934,[],0,0
1,0,FixedThreshold,935,[],0,0
1,0,FixedThreshold,936,[],0,0
1,0,FixedThreshold,937,"[""n11"", ""n13""]",0,0
1,0,FixedThreshold,938,[],0,0
1,0,FixedThreshold,939,[],0,0
1,0,FixedThreshold,940,[],0,0
1,0,FixedThreshold,941,[],0,0
1,0,FixedThreshold,942,"[""n06""]",0,0
1,0,FixedThreshold,943,"[""n05""]",0,0
1,0,SingleCenter,32,"[""n04"", ""n09""]",0,0
1,0,SingleCenter,33,"[""n08"", ""n10""]",1,1
1,0,SingleCenter,34,"[""n01"", ""n03"", ""n08""]",0,0
1,0,SingleCenter,35,[],0,0
1,0,SingleCenter,36,"[""n03"", ""n07""]",0,0
1,0,SingleCenter,37,[],0,0
1,0,SingleCenter,38,[],0,0
1,0,SingleCenter,39,[],0,0
1,0,SingleCenter,72,"[""n01""]",0,0
1,0,SingleCenter,73,"[""n02""]",0,0
1,0,SingleCenter,74,"[""n08""]",0,0
1,0,SingleCenter,75,"[""n04"", ""n06"", ""n07""]",1,0
1,0,SingleCenter,76,[],0,0
1,0,SingleCenter,77,"[""n00"", ""n04"", ""n06"", ""n11""]",1,1
1,0,SingleCenter,78,"[""n04""]",1,0
1,0,SingleCenter,79,[],0,0
1,0,SingleCenter,112,"[""n00"", ""n17""]",1,1
1,0,SingleCenter,113,[],0,0
1,0,SingleCenter,114,"[""n07"", ""n12""]",0,0
1,0,SingleCenter,115,"[""n17""]",1,0
1,0,SingleCenter,116,"[""n05"", ""n11""]",0,0
1,0,SingleCenter,117,"[""n00"", ""n06"", ""n07"", ""n10""]",0,0
1,0,SingleCenter,118,"[""n01"", ""n02"", ""n11"", ""n14""]",1,1
1,0,SingleCenter,119,"[""n03"", ""n09"", ""n10"", ""n11"", ""n15"", ""n17""]",1,1
1,0,SingleCenter,128,"[""n02"", ""n07"", ""n09"", ""n10"", ""n11""]",1,0
1,0,SingleCenter,129,"[""n04"", ""n05"", ""n09"", ""n10""]",0,0
1,0,SingleCenter,130,"[""n03"", ""n06""]",0,0
1,0,SingleCenter,131,"[""n01""]",0,0
1,0,SingleCenter,132,"[""n05"", ""n06"", ""n08""]",0,0
1,0,SingleCenter,133,"[""n03"", ""n04"", ""n06""]",0,0
1,0,SingleCenter,134,"[""n08"", ""n11""]",1,1
1,0,SingleCenter,135,"[""n02""]",0,0
1,0,SingleCenter,200,"[""n08"", ""n11"", ""n12"", ""n14""]",1,0
1,0,SingleCenter,201,"[""n00""]",0,0
1,0,SingleCenter,202,"[""n11""]",1,0
1,0,SingleCenter,203,"[""n04"", ""n07""]",0,0
1,0,SingleCenter,204,"[""n08""]",0,0
1,0,SingleCenter,205,[],0,0
1,0,SingleCenter,206,"[""n02"", ""n10"", ""n11"", ""n12""]",1,1
1,0,SingleCenter,207,"[""n12"", ""n14""]",0,0
1,0,SingleCenter,216,[],0,0
1,0,SingleCenter,217,"[""n00""]",0,0
1,0,SingleCenter,218,"[""n09""]",1,1
1,0,SingleCenter,219,"[""n03"", ""n09""]",1,1
1,0,SingleCenter,220,[],0,0
1,0,SingleCenter,221,"[""n03"", ""n09""]",1,1
1,0,SingleCenter,222,"[""n02"", ""n04"", ""n09""]",1,1
1,0,SingleCenter,223,"[""n09""]",1,1
1,0,SingleCenter,224,"[""n02"", ""n06"", ""n08"", ""n14"", ""n15""]",1,0
1,0,SingleCenter,225,"[""n01""]",0,0
1,0,SingleCenter,226,"[""n07"", ""n08"", ""n17""]",1,1
1,0,SingleCenter,227,[],0,0
1,0,SingleCenter,228,[],0,0
1,0,SingleCenter,229,[],0,0
1,0,SingleCenter,230,"[""n01"", ""n11"", ""n13"", ""n16""]",1,1
1,0,SingleCenter,231,"[""n09"", ""n12""]",0,0
1,0,SingleCenter,232,[],0,0
1,0,SingleCenter,233,[],0,0
1,0,SingleCenter,234,"[""n02"", ""n05"", ""n06"", ""n07""]",1,1
1,0,SingleCenter,235,"[""n07""]",0,0
1,0,SingleCenter,236,"[""n10""]",1,1
1,0,SingleCenter,237,"[""n02""]",1,1
1,0,SingleCenter,238,[],0,0
1,0,SingleCenter,239,"[""n10""]",1,1
1,0,SingleCenter,248,"[""n04"", ""n07""]",0,0
1,0,SingleCenter,249,"[""n16""]",1,1
1,0,SingleCenter,250,"[""n00"", ""n03"", ""n15""]",0,0
1,0,SingleCenter,251,"[""n01"", ""n04"", ""n08"", ""n14""]",0,0
1,0,SingleCenter,252,"[""n01"", ""n04"", ""n10""]",1,1
1,0,SingleCenter,253,"[""n01"", ""n07"", ""n10""]",1,1
1,0,SingleCenter,254,"[""n04"", ""n05"", ""n07"", ""n10""]",1,1
1,0,SingleCenter,255,"[""n02"", ""n05"", ""n06""]",0,0
1,0,SingleCenter,320,"[""n02""]",0,0
1,0,SingleCenter,321,"[""n05"", ""n11"", ""n17""]",1,0
1,0,SingleCenter,322,"[""n05"", ""n06""]",0,0
1,0,SingleCenter,323,"[""n02""]",0,0
1,0,SingleCenter,324,[],0,0
1,0,SingleCenter,325,[],0,0
1,0,SingleCenter,326,"[""n06"", ""n09"", ""n15""]",0,0
1,0,SingleCenter,327,"[""n07"", ""n09""]",0,0
1,0,SingleCenter,360,"[""n02"", ""n12""]",1,1
1,0,SingleCenter,361,"[""n05"", ""n06""]",1,0
1,0,SingleCenter,362,"[""n02"", ""n03"", ""n08"", ""n12""]",1,1
1,0,SingleCenter,363,"[""n00""]",1,1
1,0,SingleCenter,364,"[""n05"", ""n07""]",0,0
1,0,SingleCenter,365,[],0,0
1,0,SingleCenter,366,"[""n12""]",1,1
1,0,SingleCenter,367,[],0,0
1,0,SingleCenter,440,"[""n01"", ""n13""]",0,0
1,0,SingleCenter,441,[],0,0
1,0,SingleCenter,442,"[""n03"", ""n05""]",0,0
1,0,SingleCenter,443,"[""n09"", ""n12""]",0,0
1,0,SingleCenter,444,[],0,0
1,0,SingleCenter,445,"[""n05"", ""n09""]",0,0
1,0,SingleCenter,446,"[""n07"", ""n10"", ""n14""]",1,0
1,0,SingleCenter,447,"[""n03"", ""n12""]",0,0
1,0,SingleCenter,464,"[""n08""]",0,0
1,0,SingleCenter,465,"[""n03"", ""n05"", ""n06"", ""n07"", ""n11""]",0,0
1,0,SingleCenter,466,"[""n01"", ""n02""]",0,0
1,0,SingleCenter,467,"[""n03"", ""n08"", ""n12""]",0,0
1,0,SingleCenter,468,"[""n05"", ""n10"", ""n12"", ""n14""]",0,0
1,0,SingleCenter,469,"[""n09"", ""n15""]",1,1
1,0,SingleCenter,470,[],0,0
1,0,SingleCenter,471,"[""n07""]",0,0
1,0,SingleCenter,528,"[""n08"", ""n09""]",1,0
1,0,SingleCenter,529,[],0,0
1,0,SingleCenter,530,"[""n05"", ""n09""]",1,1
1,0,SingleCenter,531,"[""n10""]",0,0
1,0,SingleCenter,532,"[""n03"", ""n09""]",1,1
1,0,SingleCenter,533,[],0,0
1,0,SingleCenter,534,"[""n04"", ""n08"", ""n10""]",0,0
1,0,SingleCenter,535,"[""n01"", ""n09""]",1,1
1,0,SingleCenter,536,"[""n02"", ""n08""]",0,0
1,0,SingleCenter,537,"[""n09""]",1,1
1,0,SingleCenter,538,"[""n04""]",0,0
1,0,SingleCenter,539,"[""n05""]",0,0
1,0,SingleCenter,540,"[""n03"", ""n08""]",0,0
1,0,SingleCenter,541,[],0,0
1,0,SingleCenter,542,[],0,0
1,0,SingleCenter,543,"[""n00""]",0,0
1,0,SingleCenter,568,"[""n00"", ""n07"", ""n08"", ""n10""]",0,0
1,0,SingleCenter,569,"[""n03"", ""n04""]",1,0
1,0,SingleCenter,570,[],0,0
1,0,SingleCenter,571,"[""n00"", ""n04""]",1,0
1,0,SingleCenter,572,"[""n09""]",0,0
1,0,SingleCenter,573,"[""n00"", ""n10""]",0,0
1,0,SingleCenter,574,"[""n01"", ""n08"", ""n11""]",0,0
1,0,SingleCenter,575,"[""n13""]",1,1
1,0,SingleCenter,592,"[""n05""]",0,0
1,0,SingleCenter,593,[],0,0
1,0,SingleCenter,594,"[""n01"", ""n10""]",0,0
1,0,SingleCenter,595,"[""n03"", ""n11"", ""n12""]",1,1
1,0,SingleCenter,596,"[""n00"", ""n02""]",0,0
1,0,SingleCenter,597,[],0,0
1,0,SingleCenter,598,"[""n00""]",0,0
1,0,SingleCenter,599,"[""n00"", ""n04""]",0,0
1,0,SingleCenter,624,"[""n03"", ""n11""]",0,0
1,0,SingleCenter,625,"[""n05"", ""n06"", ""n11""]",0,0
1,0,SingleCenter,626,"[""n01"", ""n13""]",1,1
1,0,SingleCenter,627,"[""n09""]",0,0
1,0,SingleCenter,628,"[""n10""]",0,0
1,0,SingleCenter,629,"[""n00"", ""n06"", ""n09""]",0,0
1,0,SingleCenter,630,"[""n02""]",0,0
1,0,SingleCenter,631,[],0,0
1,0,SingleCenter,672,[],0,0
1,0,SingleCenter,673,[],0,0
1,0,SingleCenter,674,"[""n02"", ""n09""]",0,0
1,0,SingleCenter,675,"[""n02"", ""n05"", ""n08""]",0,0
1,0,SingleCenter,676,"[""n03"", ""n08"", ""n11""]",0,0
1,0,SingleCenter,677,"[""n04""]",0,0
1,0,SingleCenter,678,"[""n01"", ""n02""]",0,0
1,0,SingleCenter,679,[],0,0
1,0,SingleCenter,712,"[""n04""]",0,0
1,0,SingleCenter,713,[],0,0
1,0,SingleCenter,714,"[""n03"", ""n08""]",0,0
1,0,SingleCenter,715,"[""n03"", ""n09""]",0,0
1,0,SingleCenter,716,[],0,0
1,0,SingleCenter,717,"[""n01"", ""n05"", ""n09""]",1,0
1,0,SingleCenter,718,"[""n01"", ""n02"", ""n05""]",1,1
1,0,SingleCenter,719,"[""n04"", ""n05"", ""n08""]",1,1
1,0,SingleCenter,752,"[""n07"", ""n09""]",1,1
1,0,SingleCenter,753,"[""n01"", ""n05"", ""n14""]",0,0
1,0,SingleCenter,754,"[""n01"", ""n02"", ""n06""]",0,0
1,0,SingleCenter,755,[],0,0
1,0,SingleCenter,756,"[""n10"", ""n14""]",0,0
1,0,SingleCenter,757,"[""n00"", ""n03""]",0,0
1,0,SingleCenter,758,"[""n02"", ""n04"", ""n12""]",0,0
1,0,SingleCenter,759,"[""n13""]",0,0
1,0,SingleCenter,808,"[""n01""]",0,0
1,0,SingleCenter,809,"[""n01"", ""n05""]",0,0
1,0,SingleCenter,810,"[""n06"", ""n09""]",1,1
1,0,SingleCenter,811,[],0,0
1,0,SingleCenter,812,"[""n00"", ""n01""]",1,0
1,0,SingleCenter,813,"[""n00""]",0,0
1,0,SingleCenter,814,"[""n03"", ""n04""]",1,0
1,0,SingleCenter,815,"[""n05"", ""n09""]",1,0
1,0,SingleCenter,928,"[""n01"", ""n02""]",1,1
1,0,SingleCenter,929,"[""n00""]",1,1
1,0,SingleCenter,930,"[""n12""]",0,0
1,0,SingleCenter,931,"[""n06"", ""n16""]",1,1
1,0,SingleCenter,932,"[""n01""]",1,1
1,0,SingleCenter,933,"[""n03"", ""n06"", ""n16""]",1,1
1,0,SingleCenter,934,"[""n04""]",0,0
1,0,SingleCenter,935,"[""n05""]",0,0
1,0,SingleCenter,936,"[""n09"", ""n12""]",0,0
1,0,SingleCenter,937,"[""n00"", ""n08"", ""n11"", ""n13""]",0,0
1,0,SingleCenter,938,"[""n02"", ""n07"", ""n12""]",0,0
1,0,SingleCenter,939,"[""n10"", ""n16""]",1,0
1,0,SingleCenter,940,[],0,0
1,0,SingleCenter,941,"[""n06"", ""n10"", ""n14"", ""n15""]",1,0
1,0,SingleCenter,942,"[""n06"", ""n14""]",0,0
1,0,SingleCenter,943,"[""n05"", ""n09""]",0,0
1,0,KMeans,32,"[""n09""]",0,0
1,0,KMeans,33,"[""n08"", ""n10""]",1,1
1,0,KMeans,34,"[""n01"", ""n03"", ""n08""]",0,0
1,0,KMeans,35,"[""n07""]",0,0
1,0,KMeans,36,"[""n03"", ""n07""]",0,0
1,0,KMeans,37,[],0,0
1,0,KMeans,38,"[""n09""]",0,0
1,0,KMeans,39,[],0,0
1,0,KMeans,72,[],0,0
1,0,KMeans,73,"[""n02""]",0,0
1,0,KMeans,74,"[""n04""]",1,0
1,0,KMeans,75,"[""n06"", ""n07""]",0,0
1,0,KMeans,76,"[""n11""]",1,0
1,0,KMeans,77,"[""n00"", ""n06"", ""n11""]",1,1
1,0,KMeans,78,[],0,0
1,0,KMeans,79,[],0,0
1,0,KMeans,112,"[""n00"", ""n17""]",1,1
1,0,KMeans,113,[],0,0
1,0,KMeans,114,"[""n07"", ""n12"", ""n16""]",0,0
1,0,KMeans,115,[],0,0
1,0,KMeans,116,"[""n05"", ""n11""]",0,0
1,0,KMeans,117,"[""n00"", ""n05"", ""n06"", ""n07"", ""n10""]",0,0
1,0,KMeans,118,"[""n01"", ""n02"", ""n11"", ""n14""]",1,1
1,0,KMeans,119,"[""n09"", ""n10"", ""n11"", ""n17""]",1,1
1,0,KMeans,128,"[""n05"", ""n07"", ""n09"", ""n10""]",0,0
1,0,KMeans,129,"[""n04"", ""n05"", ""n10""]",0,0
1,0,KMeans,130,"[""n06"", ""n07""]",0,0
1,0,KMeans,131,"[""n01""]",0,0
1,0,KMeans,132,"[""n05"", ""n06"", ""n08""]",0,0
1,0,KMeans,133,"[""n03"", ""n04"", ""n06""]",0,0
1,0,KMeans,134,"[""n08"", ""n11""]",1,1
1,0,KMeans,135,"[""n01"", ""n02""]",1,0
1,0,KMeans,200,"[""n08"", ""n12"", ""n14""]",0,0
1,0,KMeans,201,"[""n00""]",0,0
1,0,KMeans,202,"[""n11""]",1,0
1,0,KMeans,203,"[""n07""]",0,0
1,0,KMeans,204,[],0,0
1,0,KMeans,205,[],0,0
1,0,KMeans,206,"[""n02"", ""n10"", ""n11"", ""n12""]",1,1
1,0,KMeans,207,"[""n14""]",0,0
1,0,KMeans,216,[],0,0
1,0,KMeans,217,"[""n03""]",0,0
1,0,KMeans,218,"[""n09""]",1,1
1,0,KMeans,219,"[""n03"", ""n09""]",1,1
1,0,KMeans,220,"[""n08""]",0,0
1,0,KMeans,221,"[""n09""]",1,1
1,0,KMeans,222,"[""n02"", ""n04"", ""n09""]",1,1
1,0,KMeans,223,"[""n09""]",1,1
1,0,KMeans,224,"[""n02"", ""n08"", ""n14"", ""n15""]",1,0
1,0,KMeans,225,"[""n01""]",0,0
1,0,KMeans,226,"[""n07"", ""n08"", ""n17""]",1,1
1,0,KMeans,227,[],0,0
1,0,KMeans,228,[],0,0
1,0,KMeans,229,"[""n00""]",0,0
1,0,KMeans,230,"[""n01"", ""n05"", ""n11"", ""n13"", ""n16"", ""n17""]",1,1
1,0,KMeans,231,"[""n06"", ""n12""]",0,0
1,0,KMeans,232,[],0,0
1,0,KMeans,233,[],0,0
1,0,KMeans,234,"[""n02"", ""n06"", ""n07""]",1,1
1,0,KMeans,235,"[""n07""]",0,0
1,0,KMeans,236,"[""n10""]",1,1
1,0,KMeans,237,"[""n02""]",1,1
1,0,KMeans,238,[],0,0
1,0,KMeans,239,"[""n00"", ""n10""]",1,1
1,0,KMeans,248,[],0,0
1,0,KMeans,249,"[""n16""]",1,1
1,0,KMeans,250,"[""n00"", ""n03"", ""n14"", ""n15"", ""n16""]",1,0
1,0,KMeans,251,"[""n01"", ""n04"", ""n08"", ""n11"", ""n14""]",0,0
1,0,KMeans,252,"[""n01"", ""n04"", ""n10""]",1,1
1,0,KMeans,253,"[""n01"", ""n07"", ""n10""]",1,1
1,0,KMeans,254,"[""n04"", ""n05"", ""n07"", ""n10""]",1,1
1,0,KMeans,255,"[""n02"", ""n06""]",0,0
1,0,KMeans,320,"[""n02""]",0,0
1,0,KMeans,321,"[""n05"", ""n11""]",0,0
1,0,KMeans,322,"[""n06"", ""n11""]",0,0
1,0,KMeans,323,"[""n02""]",0,0
1,0,KMeans,324,"[""n06""]",0,0
1,0,KMeans,325,"[""n15""]",0,0
1,0,KMeans,326,"[""n09"", ""n15""]",0,0
1,0,KMeans,327,"[""n09""]",0,0
1,0,KMeans,360,"[""n02"", ""n03"", ""n12""]",1,1
1,0,KMeans,361,"[""n05"", ""n06""]",1,0
1,0,KMeans,362,"[""n02"", ""n03"", ""n08"", ""n12""]",1,1
1,0,KMeans,363,"[""n00""]",1,1
1,0,KMeans,364,"[""n05"", ""n07""]",0,0
1,0,KMeans,365,"[""n11""]",0,0
1,0,KMeans,366,"[""n07"", ""n12""]",1,1
1,0,KMeans,367,"[""n12""]",1,0
1,0,KMeans,440,"[""n01"", ""n03"", ""n13""]",0,0
1,0,KMeans,441,"[""n14""]",1,0
1,0,KMeans,442,"[""n03"", ""n05"", ""n06""]",0,0
1,0,KMeans,443,"[""n09"", ""n12""]",0,0
1,0,KMeans,444,[],0,0
1,0,KMeans,445,"[""n05"", ""n07"", ""n09"", ""n12""]",0,0
1,0,KMeans,446,"[""n07"", ""n10""]",0,0
1,0,KMeans,447,"[""n03"", ""n12""]",0,0
1,0,KMeans,464,[],0,0
1,0,KMeans,465,"[""n05"", ""n07"", ""n11""]",0,0
1,0,KMeans,466,"[""n01"", ""n02""]",0,0
1,0,KMeans,467,"[""n03"", ""n08""]",0,0
1,0,KMeans,468,"[""n05"", ""n12"", ""n14""]",0,0
1,0,KMeans,469,"[""n09"", ""n10"", ""n15""]",1,1
1,0,KMeans,470,[],0,0
1,0,KMeans,471,"[""n07""]",0,0
1,0,KMeans,528,"[""n03"", ""n08""]",0,0
1,0,KMeans,529,[],0,0
1,0,KMeans,530,"[""n05"", ""n09""]",1,1
1,0,KMeans,531,"[""n10""]",0,0
1,0,KMeans,532,"[""n03"", ""n09""]",1,1
1,0,KMeans,533,[],0,0
1,0,KMeans,534,"[""n04"", ""n08"", ""n10""]",0,0
1,0,KMeans,535,"[""n01"", ""n09""]",1,1
1,0,KMeans,536,"[""n02"", ""n08""]",0,0
1,0,KMeans,537,"[""n09""]",1,1
1,0,KMeans,538,"[""n04"", ""n07""]",0,0
1,0,KMeans,539,"[""n05""]",0,0
1,0,KMeans,540,"[""n03"", ""n08""]",0,0
1,0,KMeans,541,"[""n09""]",1,0
1,0,KMeans,542,[],0,0
1,0,KMeans,543,"[""n00""]",0,0
1,0,KMeans,568,"[""n00"", ""n07"", ""n08"", ""n09""]",0,0
1,0,KMeans,569,"[""n03""]",0,0
1,0,KMeans,570,[],0,0
1,0,KMeans,571,"[""n00""]",0,0
1,0,KMeans,572,[],0,0
1,0,KMeans,573,"[""n00"", ""n03"", ""n10"", ""n11""]",0,0
1,0,KMeans,574,"[""n01"", ""n08"", ""n11""]",0,0
1,0,KMeans,575,"[""n13""]",1,1
1,0,KMeans,592,"[""n02"", ""n05""]",0,0
1,0,KMeans,593,[],0,0
1,0,KMeans,594,"[""n01"", ""n09""]",0,0
1,0,KMeans,595,"[""n03"", ""n11"", ""n12""]",1,1
1,0,KMeans,596,"[""n00"", ""n02""]",0,0
1,0,KMeans,597,[],0,0
1,0,KMeans,598,"[""n00"", ""n12""]",1,0
1,0,KMeans,599,"[""n00""]",0,0
1,0,KMeans,624,"[""n02"", ""n03"", ""n11""]",0,0
1,0,KMeans,625,"[""n05"", ""n10"", ""n11""]",0,0
1,0,KMeans,626,"[""n13""]",1,1
1,0,KMeans,627,"[""n09""]",0,0
1,0,KMeans,628,[],0,0
1,0,KMeans,629,"[""n00"", ""n06"", ""n09""]",0,0
1,0,KMeans,630,"[""n02""]",0,0
1,0,KMeans,631,[],0,0
1,0,KMeans,672,[],0,0
1,0,KMeans,673,"[""n11""]",0,0
1,0,KMeans,674,"[""n02"", ""n09""]",0,0
1,0,KMeans,675,"[""n02"", ""n05"", ""n08"", ""n13""]",1,0
1,0,KMeans,676,"[""n03"", ""n07"", ""n08"", ""n11""]",0,0
1,0,KMeans,677,"[""n04"", ""n08""]",0,0
1,0,KMeans,678,"[""n01""]",0,0
1,0,KMeans,679,[],0,0
1,0,KMeans,712,"[""n04""]",0,0
1,0,KMeans,713,[],0,0
1,0,KMeans,714,"[""n03"", ""n08""]",0,0
1,0,KMeans,715,"[""n03"", ""n09""]",0,0
1,0,KMeans,716,[],0,0
1,0,KMeans,717,[],0,0
1,0,KMeans,718,"[""n02"", ""n05""]",1,1
1,0,KMeans,719,"[""n04"", ""n05"", ""n08""]",1,1
1,0,KMeans,752,"[""n07"", ""n09""]",1,1
1,0,KMeans,753,"[""n01"", ""n05"", ""n14""]",0,0
1,0,KMeans,754,"[""n06""]",0,0
1,0,KMeans,755,"[""n00""]",0,0
1,0,KMeans,756,"[""n10"", ""n14""]",0,0
1,0,KMeans,757,"[""n00"", ""n01"", ""n03""]",1,0
1,0,KMeans,758,"[""n02"", ""n04"", ""n12""]",0,0
1,0,KMeans,759,"[""n13""]",0,0
1,0,KMeans,808,"[""n01""]",0,0
1,0,KMeans,809,"[""n01"", ""n05""]",0,0
1,0,KMeans,810,"[""n09""]",1,1
1,0,KMeans,811,[],0,0
1,0,KMeans,812,"[""n00""]",0,0
1,0,KMeans,813,"[""n00""]",0,0
1,0,KMeans,814,"[""n03""]",0,0
1,0,KMeans,815,"[""n05""]",0,0
1,0,KMeans,928,"[""n00"", ""n01"", ""n02"", ""n04"", ""n14""]",1,1
1,0,KMeans,929,"[""n00"", ""n04""]",1,1
1,0,KMeans,930,"[""n12""]",0,0
1,0,KMeans,931,"[""n06"", ""n16""]",1,1
1,0,KMeans,932,"[""n01"", ""n15""]",1,1
1,0,KMeans,933,"[""n05"", ""n06"", ""n16""]",1,1
1,0,KMeans,934,"[""n04""]",0,0
1,0,KMeans,935,"[""n05""]",0,0
1,0,KMeans,936,"[""n06"", ""n09"", ""n12""]",0,0
1,0,KMeans,937,"[""n00"", ""n11"", ""n13""]",0,0
1,0,KMeans,938,"[""n02"", ""n05"", ""n07"", ""n12""]",0,0
1,0,KMeans,939,"[""n10"", ""n14"", ""n16""]",1,0
1,0,KMeans,940,[],0,0
1,0,KMeans,941,"[""n02"", ""n04"", ""n06"", ""n10"", ""n14""]",0,0
1,0,KMeans,942,"[""n06"", ""n14""]",0,0
1,0,KMeans,943,"[""n05"", ""n09""]",0,0
1,1,FixedThreshold,0,[],0,0
1,1,FixedThreshold,1,[],0,0
1,1,FixedThreshold,2,[],0,1
1,1,FixedThreshold,3,[],0,0
1,1,FixedThreshold,4,[],0,0
1,1,FixedThreshold,5,[],0,0
1,1,FixedThreshold,6,[],0,0
1,1,FixedThreshold,7,"[""n02""]",1,1
1,1,FixedThreshold,120,[],0,0
1,1,FixedThreshold,121,[],0,0
1,1,FixedThreshold,122,[],0,1
1,1,FixedThreshold,123,[],0,0
1,1,FixedThreshold,124,"[""n08""]",0,0
1,1,FixedThreshold,125,"[""n01""]",0,0
1,1,FixedThreshold,126,[],0,1
1,1,FixedThreshold,127,"[""n01"", ""n06"", ""n11""]",0,0
1,1,FixedThreshold,144,[],0,0
1,1,FixedThreshold,145,[],0,0
1,1,FixedThreshold,146,[],0,0
1,1,FixedThreshold,147,[],0,0
1,1,FixedThreshold,148,[],0,0
1,1,FixedThreshold,149,[],0,0
1,1,FixedThreshold,150,[],0,0
1,1,FixedThreshold,151,"[""n08"", ""n14""]",0,0
1,1,FixedThreshold,184,"[""n14""]",0,0
1,1,FixedThreshold,185,[],0,0
1,1,FixedThreshold,186,"[""n00"", ""n08"", ""n16""]",0,0
1,1,FixedThreshold,187,[],0,0
1,1,FixedThreshold,188,"[""n01""]",0,0
1,1,FixedThreshold,189,[],0,0
1,1,FixedThreshold,190,[],0,0
1,1,FixedThreshold,191,[],0,0
1,1,FixedThreshold,192,[],0,0
1,1,FixedThreshold,193,[],0,0
1,1,FixedThreshold,194,"[""n05""]",0,0
1,1,FixedThreshold,195,"[""n06"", ""n12""]",1,1
1,1,FixedThreshold,196,[],0,0
1,1,FixedThreshold,197,[],0,1
1,1,FixedThreshold,198,[],0,0
1,1,FixedThreshold,199,[],0,0
1,1,FixedThreshold,208,[],0,0
1,1,FixedThreshold,209,[],0,1
1,1,FixedThreshold,210,[],0,0
1,1,FixedThreshold,211,[],0,0
1,1,FixedThreshold,212,[],0,0
1,1,FixedThreshold,213,[],0,0
1,1,FixedThreshold,214,"[""n06""]",0,0
1,1,FixedThreshold,215,"[""n04""]",0,0
1,1,FixedThreshold,328,[],0,0
1,1,FixedThreshold,329,"[""n03"", ""n09""]",0,0
1,1,FixedThreshold,330,[],0,1
1,1,FixedThreshold,331,[],0,0
1,1,FixedThreshold,332,[],0,1
1,1,FixedThreshold,333,"[""n10""]",0,0
1,1,FixedThreshold,334,[],0,1
1,1,FixedThreshold,335,[],0,1
1,1,FixedThreshold,352,[],0,0
1,1,FixedThreshold,353,[],0,1
1,1,FixedThreshold,354,[],0,0
1,1,FixedThreshold,355,[],0,0
1,1,FixedThreshold,356,"[""n02"", ""n04""]",1,1
1,1,FixedThreshold,357,"[""n05"", ""n07""]",0,0
1,1,FixedThreshold,358,"[""n07""]",0,0
1,1,FixedThreshold,359,[],0,0
1,1,FixedThreshold,368,[],0,0
1,1,FixedThreshold,369,"[""n02""]",0,0
1,1,FixedThreshold,370,[],0,0
1,1,FixedThreshold,371,[],0,0
1,1,FixedThreshold,372,[],0,0
1,1,FixedThreshold,373,[],0,0
1,1,FixedThreshold,374,"[""n04""]",0,0
1,1,FixedThreshold,375,[],0,0
1,1,FixedThreshold,408,[],0,0
1,1,FixedThreshold,409,"[""n07"", ""n10""]",0,0
1,1,FixedThreshold,410,"[""n03""]",0,0
1,1,FixedThreshold,411,[],0,0
1,1,FixedThreshold,412,"[""n10""]",0,0
1,1,FixedThreshold,413,[],0,0
1,1,FixedThreshold,414,[],0,0
1,1,FixedThreshold,415,[],0,0
1,1,FixedThreshold,448,[],0,0
1,1,FixedThreshold,449,[],0,0
1,1,FixedThreshold,450,[],0,0
1,1,FixedThreshold,451,[],0,0
1,1,FixedThreshold,452,[],0,0
1,1,FixedThreshold,453,[],0,0
1,1,FixedThreshold,454,[],0,0
1,1,FixedThreshold,455,[],0,0
1,1,FixedThreshold,472,[],0,0
1,1,FixedThreshold,473,[],0,0
1,1,FixedThreshold,474,[],0,1
1,1,FixedThreshold,475,"[""n05""]",0,0
1,1,FixedThreshold,476,[],0,0
1,1,FixedThreshold,477,[],0,1
1,1,FixedThreshold,478,[],0,0
1,1,FixedThreshold,479,[],0,0
1,1,FixedThreshold,488,[],0,1
1,1,FixedThreshold,489,[],0,0
1,1,FixedThreshold,490,[],0,0
1,1,FixedThreshold,491,"[""n02""]",1,1
1,1,FixedThreshold,492,[],0,0
1,1,FixedThreshold,493,"[""n03""]",0,0
1,1,FixedThreshold,494,[],0,1
1,1,FixedThreshold,495,[],0,0
1,1,FixedThreshold,504,[],0,0
1,1,FixedThreshold,505,[],0,0
1,1,FixedThreshold,506,[],0,0
1,1,FixedThreshold,507,[],0,0
1,1,FixedThreshold,508,[],0,0
1,1,FixedThreshold,509,[],0,0
1,1,FixedThreshold,510,[],0,0
1,1,FixedThreshold,511,"[""n11"", ""n14""]",0,0
1,1,FixedThreshold,552,[],0,0
1,1,FixedThreshold,553,[],0,0
1,1,FixedThreshold,554,"[""n07""]",0,0
1,1,FixedThreshold,555,[],0,0
1,1,FixedThreshold,556,[],0,0
1,1,FixedThreshold,557,[],0,0
1,1,FixedThreshold,558,[],0,0
1,1,FixedThreshold,559,[],0,0
1,1,FixedThreshold,560,[],0,0
1,1,FixedThreshold,561,[],0,0
1,1,FixedThreshold,562,[],0,1
1,1,FixedThreshold,563,[],0,1
1,1,FixedThreshold,564,[],0,0
1,1,FixedThreshold,565,[],0,0
1,1,FixedThreshold,566,"[""n12""]",0,0
1,1,FixedThreshold,567,"[""n03"", ""n12""]",0,1
1,1,FixedThreshold,640,"[""n05""]",0,0
1,1,FixedThreshold,641,[],0,0
1,1,FixedThreshold,642,"[""n15""]",1,1
1,1,FixedThreshold,643,"[""n02"", ""n06""]",1,1
1,1,FixedThreshold,644,[],0,0
1,1,FixedThreshold,645,[],0,0
1,1,FixedThreshold,646,[],0,1
1,1,FixedThreshold,647,"[""n02"", ""n10"", ""n12""]",1,1
1,1,FixedThreshold,656,[],0,0
1,1,FixedThreshold,657,[],0,0
1,1,FixedThreshold,658,[],0,1
1,1,FixedThreshold,659,[],0,0
1,1,FixedThreshold,660,"[""n06"", ""n12"", ""n13""]",0,0
1,1,FixedThreshold,661,[],0,0
1,1,FixedThreshold,662,[],0,0
1,1,FixedThreshold,663,[],0,0
1,1,FixedThreshold,680,[],0,0
1,1,FixedThreshold,681,[],0,1
1,1,FixedThreshold,682,[],0,0
1,1,FixedThreshold,683,"[""n04"", ""n08""]",1,1
1,1,FixedThreshold,684,"[""n12""]",0,0
1,1,FixedThreshold,685,[],0,0
1,1,FixedThreshold,686,[],0,0
1,1,FixedThreshold,687,[],0,0
1,1,FixedThreshold,800,[],0,0
1,1,FixedThreshold,801,"[""n14""]",0,0
1,1,FixedThreshold,802,"[""n02""]",0,0
1,1,FixedThreshold,803,[],0,0
1,1,FixedThreshold,804,"[""n08"", ""n10""]",0,0
1,1,FixedThreshold,805,"[""n11""]",0,0
1,1,FixedThreshold,806,[],0,0
1,1,FixedThreshold,807,[],0,1
1,1,FixedThreshold,816,[],0,0
1,1,FixedThreshold,817,[],0,1
1,1,FixedThreshold,818,[],0,0
1,1,FixedThreshold,819,[],0,0
1,1,FixedThreshold,820,[],0,0
1,1,FixedThreshold,821,[],0,0
1,1,FixedThreshold,822,[],0,0
1,1,FixedThreshold,823,[],0,1
1,1,FixedThreshold,904,"[""n05""]",0,0
1,1,FixedThreshold,905,[],0,0
1,1,FixedThreshold,906,[],0,0
1,1,FixedThreshold,907,"[""n01""]",0,0
1,1,FixedThreshold,908,[],0,1
1,1,FixedThreshold,909,[],0,0
1,1,FixedThreshold,910,[],0,0
1,1,FixedThreshold,911,[],0,0
1,1,FixedThreshold,944,[],0,0
1,1,FixedThreshold,945,"[""n07"", ""n08"", ""n12"", ""n13""]",1,1
1,1,FixedThreshold,946,[],0,0
1,1,FixedThreshold,947,"[""n11"", ""n13""]",0,0
1,1,FixedThreshold,948,[],0,0
1,1,FixedThreshold,949,[],0,0
1,1,FixedThreshold,950,[],0,0
1,1,FixedThreshold,951,[],0,0
1,1,FixedThreshold,952,[],0,0
1,1,FixedThreshold,953,[],0,0
1,1,FixedThreshold,954,"[""n03""]",0,0
1,1,FixedThreshold,955,[],0,0
1,1,FixedThreshold,956,[],0,0
1,1,FixedThreshold,957,[],0,0
1,1,FixedThreshold,958,"[""n01"", ""n06""]",0,0
1,1,FixedThreshold,959,[],0,0
1,1,SingleCenter,0,"[""n01"", ""n06""]",0,0
1,1,SingleCenter,1,[],0,0
1,1,SingleCenter,2,"[""n04"", ""n05""]",1,1
1,1,SingleCenter,3,"[""n07""]",0,0
1,1,SingleCenter,4,"[""n07"", ""n08""]",0,0
1,1,SingleCenter,5,[],0,0
1,1,SingleCenter,6,[],0,0
1,1,SingleCenter,7,"[""n02""]",1,1
1,1,SingleCenter,120,"[""n01"", ""n03"", ""n06""]",0,0
1,1,SingleCenter,121,"[""n11""]",0,0
1,1,SingleCenter,122,"[""n02""]",1,1
1,1,SingleCenter,123,[],0,0
1,1,SingleCenter,124,"[""n08""]",0,0
1,1,SingleCenter,125,"[""n01""]",0,0
1,1,SingleCenter,126,"[""n06"", ""n10""]",1,1
1,1,SingleCenter,127,"[""n01"", ""n06"", ""n11""]",0,0
1,1,SingleCenter,144,"[""n14""]",0,0
1,1,SingleCenter,145,"[""n05"", ""n10"", ""n12""]",0,0
1,1,SingleCenter,146,"[""n11"", ""n13"", ""n14""]",0,0
1,1,SingleCenter,147,"[""n04"", ""n07"", ""n09"", ""n11""]",0,0
1,1,SingleCenter,148,"[""n09"", ""n15""]",1,0
1,1,SingleCenter,149,"[""n02"", ""n03""]",0,0
1,1,SingleCenter,150,"[""n02""]",0,0
1,1,SingleCenter,151,"[""n08"", ""n14""]",0,0
1,1,SingleCenter,184,"[""n14""]",0,0
1,1,SingleCenter,185,"[""n06"", ""n07""]",0,0
1,1,SingleCenter,186,"[""n00"", ""n06"", ""n08"", ""n16""]",0,0
1,1,SingleCenter,187,"[""n07""]",0,0
1,1,SingleCenter,188,"[""n01"", ""n03"", ""n11""]",0,0
1,1,SingleCenter,189,"[""n04""]",0,0
1,1,SingleCenter,190,"[""n15"", ""n17""]",1,0
1,1,SingleCenter,191,[],0,0
1,1,SingleCenter,192,[],0,0
1,1,SingleCenter,193,"[""n00"", ""n08""]",0,0
1,1,SingleCenter,194,"[""n05""]",0,0
1,1,SingleCenter,195,"[""n06"", ""n08"", ""n12""]",1,1
1,1,SingleCenter,196,"[""n03"", ""n12""]",1,0
1,1,SingleCenter,197,"[""n01"", ""n10"", ""n12""]",1,1
1,1,SingleCenter,198,"[""n02""]",1,0
1,1,SingleCenter,199,"[""n05"", ""n10""]",0,0
1,1,SingleCenter,208,"[""n01"", ""n09""]",0,0
1,1,SingleCenter,209,"[""n03"", ""n10""]",1,1
1,1,SingleCenter,210,"[""n00"", ""n09""]",0,0
1,1,SingleCenter,211,"[""n03"", ""n07""]",0,0
1,1,SingleCenter,212,"[""n01"", ""n02""]",0,0
1,1,SingleCenter,213,[],0,0
1,1,SingleCenter,214,"[""n01"", ""n06""]",0,0
1,1,SingleCenter,215,"[""n04"", ""n08""]",0,0
1,1,SingleCenter,328,"[""n04""]",0,0
1,1,SingleCenter,329,"[""n03"", ""n09""]",0,0
1,1,SingleCenter,330,"[""n05"", ""n06"", ""n11""]",1,1
1,1,SingleCenter,331,[],0,0
1,1,SingleCenter,332,"[""n05"", ""n06""]",1,1
1,1,SingleCenter,333,"[""n04"", ""n10""]",0,0
1,1,SingleCenter,334,"[""n13""]",1,1
1,1,SingleCenter,335,"[""n11"", ""n13""]",1,1
1,1,SingleCenter,352,[],0,0
1,1,SingleCenter,353,"[""n00"", ""n08"", ""n09"", ""n10""]",1,1
1,1,SingleCenter,354,"[""n09""]",0,0
1,1,SingleCenter,355,[],0,0
1,1,SingleCenter,356,"[""n02"", ""n04"", ""n07""]",1,1
1,1,SingleCenter,357,"[""n02"", ""n03"", ""n05"", ""n07""]",1,0
1,1,SingleCenter,358,"[""n05"", ""n06"", ""n07""]",0,0
1,1,SingleCenter,359,"[""n03""]",0,0
1,1,SingleCenter,368,"[""n06""]",0,0
1,1,SingleCenter,369,"[""n02""]",0,0
1,1,SingleCenter,370,"[""n03"", ""n06"", ""n08""]",0,0
1,1,SingleCenter,371,"[""n01"", ""n02"", ""n09""]",0,0
1,1,SingleCenter,372,[],0,0
1,1,SingleCenter,373,"[""n03"", ""n06""]",0,0
1,1,SingleCenter,374,"[""n04"", ""n08""]",0,0
1,1,SingleCenter,375,[],0,0
1,1,SingleCenter,408,[],0,0
1,1,SingleCenter,409,"[""n07"", ""n10""]",0,0
1,1,SingleCenter,410,"[""n03"", ""n04"", ""n10""]",0,0
1,1,SingleCenter,411,"[""n02""]",0,0
1,1,SingleCenter,412,"[""n09"", ""n10""]",0,0
1,1,SingleCenter,413,[],0,0
1,1,SingleCenter,414,"[""n09""]",0,0
1,1,SingleCenter,415,[],0,0
1,1,SingleCenter,448,"[""n08""]",0,0
1,1,SingleCenter,449,"[""n15""]",0,0
1,1,SingleCenter,450,"[""n13""]",0,0
1,1,SingleCenter,451,"[""n02"", ""n05""]",0,0
1,1,SingleCenter,452,"[""n02"", ""n07""]",0,0
1,1,SingleCenter,453,"[""n00"", ""n03"", ""n07"", ""n10"", ""n11""]",0,0
1,1,SingleCenter,454,"[""n00"", ""n02"", ""n04"", ""n08"", ""n16""]",1,0
1,1,SingleCenter,455,"[""n04"", ""n05""]",0,0
1,1,SingleCenter,472,"[""n06""]",0,0
1,1,SingleCenter,473,"[""n04"", ""n07""]",0,0
1,1,SingleCenter,474,"[""n01"", ""n12""]",1,1
1,1,SingleCenter,475,"[""n05""]",0,0
1,1,SingleCenter,476,"[""n03"", ""n06"", ""n08""]",0,0
1,1,SingleCenter,477,"[""n01""]",1,1
1,1,SingleCenter,478,"[""n02""]",0,0
1,1,SingleCenter,479,"[""n00"", ""n09""]",0,0
1,1,SingleCenter,488,"[""n07""]",1,1
1,1,SingleCenter,489,"[""n03""]",0,0
1,1,SingleCenter,490,"[""n03"", ""n08"", ""n10""]",0,0
1,1,SingleCenter,491,"[""n02""]",1,1
1,1,SingleCenter,492,[],0,0
1,1,SingleCenter,493,"[""n03"", ""n09"", ""n10""]",0,0
1,1,SingleCenter,494,"[""n00"", ""n01"", ""n02"", ""n04""]",1,1
1,1,SingleCenter,495,"[""n09""]",0,0
1,1,SingleCenter,504,"[""n11""]",0,0
1,1,SingleCenter,505,"[""n14""]",0,0
1,1,SingleCenter,506,"[""n03"", ""n10""]",0,0
1,1,SingleCenter,507,"[""n01"", ""n09""]",0,0
1,1,SingleCenter,508,"[""n02"", ""n10""]",0,0
1,1,SingleCenter,509,"[""n03""]",0,0
1,1,SingleCenter,510,"[""n02"", ""n05""]",0,0
1,1,SingleCenter,511,"[""n05"", ""n11"", ""n14""]",0,0
1,1,SingleCenter,552,[],0,0
1,1,SingleCenter,553,"[""n02"", ""n03"", ""n12""]",1,0
1,1,SingleCenter,554,"[""n01"", ""n06"", ""n07"", ""n08""]",0,0
1,1,SingleCenter,555,[],0,0
1,1,SingleCenter,556,"[""n01"", ""n08""]",0,0
1,1,SingleCenter,557,"[""n05"", ""n11""]",0,0
1,1,SingleCenter,558,"[""n00"", ""n02"", ""n03""]",0,0
1,1,SingleCenter,559,"[""n05"", ""n09"", ""n11""]",0,0
1,1,SingleCenter,560,"[""n01"", ""n03""]",1,0
1,1,SingleCenter,561,"[""n09""]",0,0
1,1,SingleCenter,562,"[""n01"", ""n11""]",1,1
1,1,SingleCenter,563,"[""n03"", ""n06"", ""n13""]",1,1
1,1,SingleCenter,564,"[""n03"", ""n06"", ""n08"", ""n10""]",0,0
1,1,SingleCenter,565,"[""n09""]",0,0
1,1,SingleCenter,566,"[""n10"", ""n11"", ""n12""]",0,0
1,1,SingleCenter,567,"[""n01"", ""n03"", ""n04"", ""n07"", ""n12"", ""n13""]",1,1
1,1,SingleCenter,640,"[""n05"", ""n12""]",0,0
1,1,SingleCenter,641,"[""n04""]",0,0
1,1,SingleCenter,642,"[""n15""]",1,1
1,1,SingleCenter,643,"[""n02"", ""n06""]",1,1
1,1,SingleCenter,644,[],0,0
1,1,SingleCenter,645,"[""n01""]",0,0
1,1,SingleCenter,646,"[""n02"", ""n09""]",1,1
1,1,SingleCenter,647,"[""n02"", ""n05"", ""n10"", ""n12""]",1,1
1,1,SingleCenter,656,"[""n06""]",0,0
1,1,SingleCenter,657,"[""n03"", ""n10""]",0,0
1,1,SingleCenter,658,"[""n01"", ""n07"", ""n13"", ""n15"", ""n16""]",1,1
1,1,SingleCenter,659,"[""n10""]",0,0
1,1,SingleCenter,660,"[""n06"", ""n12"", ""n13""]",0,0
1,1,SingleCenter,661,"[""n06""]",0,0
1,1,SingleCenter,662,"[""n07"", ""n10"", ""n12"", ""n15""]",0,0
1,1,SingleCenter,663,"[""n10""]",0,0
1,1,SingleCenter,680,"[""n02""]",1,0
1,1,SingleCenter,681,"[""n01"", ""n08"", ""n12""]",1,1
1,1,SingleCenter,682,[],0,0
1,1,SingleCenter,683,"[""n04"", ""n08"", ""n09""]",1,1
1,1,SingleCenter,684,"[""n03"", ""n12""]",1,0
1,1,SingleCenter,685,"[""n04"", ""n09"", ""n12""]",1,0
1,1,SingleCenter,686,"[""n06""]",0,0
1,1,SingleCenter,687,[],0,0
1,1,SingleCenter,800,"[""n07"", ""n10""]",0,0
1,1,SingleCenter,801,"[""n00"", ""n13"", ""n14""]",0,0
1,1,SingleCenter,802,"[""n02""]",0,0
1,1,SingleCenter,803,"[""n15""]",1,0
1,1,SingleCenter,804,"[""n08"", ""n10"", ""n11""]",0,0
1,1,SingleCenter,805,"[""n01"", ""n03"", ""n11"", ""n15""]",1,0
1,1,SingleCenter,806,"[""n02"", ""n04"", ""n13""]",1,0
1,1,SingleCenter,807,"[""n02"", ""n06"", ""n09"", ""n10"", ""n14""]",1,1
1,1,SingleCenter,816,"[""n04"", ""n06""]",0,0
1,1,SingleCenter,817,"[""n06"", ""n11"", ""n12""]",1,1
1,1,SingleCenter,818,[],0,0
1,1,SingleCenter,819,"[""n10""]",0,0
1,1,SingleCenter,820,"[""n11""]",0,0
1,1,SingleCenter,821,"[""n00"", ""n11""]",0,0
1,1,SingleCenter,822,"[""n00"", ""n04""]",0,0
1,1,SingleCenter,823,"[""n10"", ""n12""]",1,1
1,1,SingleCenter,904,"[""n05""]",0,0
1,1,SingleCenter,905,"[""n11"", ""n13""]",0,0
1,1,SingleCenter,906,[],0,0
1,1,SingleCenter,907,"[""n01""]",0,0
1,1,SingleCenter,908,"[""n07"", ""n12"", ""n13"", ""n14""]",1,1
1,1,SingleCenter,909,"[""n01"", ""n02"", ""n07"", ""n09"", ""n12""]",1,0
1,1,SingleCenter,910,"[""n01"", ""n02"", ""n08"", ""n12""]",0,0
1,1,SingleCenter,911,"[""n09"", ""n13""]",0,0
1,1,SingleCenter,944,[],0,0
1,1,SingleCenter,945,"[""n07"", ""n08"", ""n12"", ""n13""]",1,1
1,1,SingleCenter,946,[],0,0
1,1,SingleCenter,947,"[""n01"", ""n04"", ""n11"", ""n13""]",0,0
1,1,SingleCenter,948,"[""n12""]",0,0
1,1,SingleCenter,949,[],0,0
1,1,SingleCenter,950,"[""n00"", ""n06"", ""n09"", ""n13""]",1,0
1,1,SingleCenter,951,"[""n14""]",1,0
1,1,SingleCenter,952,"[""n00""]",0,0
1,1,SingleCenter,953,[],0,0
1,1,SingleCenter,954,"[""n03"", ""n05"", ""n07""]",0,0
1,1,SingleCenter,955,"[""n09""]",0,0
1,1,SingleCenter,956,[],0,0
1,1,SingleCenter,957,"[""n03""]",0,0
1,1,SingleCenter,958,"[""n01"", ""n02"", ""n06""]",0,0
1,1,SingleCenter,959,"[""n09""]",0,0
1,1,KMeans,0,"[""n01"", ""n06"", ""n07""]",0,0
1,1,KMeans,1,"[""n09""]",1,0
1,1,KMeans,2,"[""n04"", ""n05"", ""n06""]",1,1
1,1,KMeans,3,[],0,0
1,1,KMeans,4,"[""n07"", ""n08""]",0,0
1,1,KMeans,5,[],0,0
1,1,KMeans,6,"[""n06""]",0,0
1,1,KMeans,7,"[""n02""]",1,1
1,1,KMeans,120,"[""n01"", ""n06""]",0,0
1,1,KMeans,121,[],0,0
1,1,KMeans,122,"[""n02""]",1,1
1,1,KMeans,123,"[""n11""]",0,0
1,1,KMeans,124,"[""n01"", ""n08""]",0,0
1,1,KMeans,125,"[""n01"", ""n09""]",1,0
1,1,KMeans,126,"[""n06"", ""n10""]",1,1
1,1,KMeans,127,"[""n01"", ""n06"", ""n11""]",0,0
1,1,KMeans,144,"[""n14""]",0,0
1,1,KMeans,145,"[""n05"", ""n10"", ""n12""]",0,0
1,1,KMeans,146,"[""n11"", ""n13""]",0,0
1,1,KMeans,147,"[""n07"", ""n09""]",0,0
1,1,KMeans,148,"[""n15""]",1,0
1,1,KMeans,149,"[""n02"", ""n03""]",0,0
1,1,KMeans,150,"[""n07""]",0,0
1,1,KMeans,151,"[""n08"", ""n14""]",0,0
1,1,KMeans,184,"[""n14""]",0,0
1,1,KMeans,185,"[""n06"", ""n07"", ""n10""]",0,0
1,1,KMeans,186,"[""n00"", ""n08"", ""n16""]",0,0
1,1,KMeans,187,"[""n07"", ""n12""]",0,0
1,1,KMeans,188,"[""n01""]",0,0
1,1,KMeans,189,"[""n04""]",0,0
1,1,KMeans,190,"[""n15""]",0,0
1,1,KMeans,191,[],0,0
1,1,KMeans,192,"[""n12""]",1,0
1,1,KMeans,193,"[""n00"", ""n08""]",0,0
1,1,KMeans,194,"[""n05"", ""n07"", ""n09""]",0,0
1,1,KMeans,195,"[""n06"", ""n08"", ""n12""]",1,1
1,1,KMeans,196,"[""n03""]",0,0
1,1,KMeans,197,"[""n01"", ""n10"", ""n12""]",1,1
1,1,KMeans,198,"[""n02""]",1,0
1,1,KMeans,199,"[""n05"", ""n10""]",0,0
1,1,KMeans,208,"[""n01"", ""n09""]",0,0
1,1,KMeans,209,"[""n03"", ""n10""]",1,1
1,1,KMeans,210,"[""n00"", ""n09""]",0,0
1,1,KMeans,211,"[""n03"", ""n07"", ""n09""]",0,0
1,1,KMeans,212,"[""n01"", ""n02"", ""n09""]",0,0
1,1,KMeans,213,[],0,0
1,1,KMeans,214,"[""n06""]",0,0
1,1,KMeans,215,"[""n00"", ""n04""]",0,0
1,1,KMeans,328,"[""n04"", ""n08""]",0,0
1,1,KMeans,329,"[""n03"", ""n09"", ""n10""]",0,0
1,1,KMeans,330,"[""n05"", ""n06"", ""n07"", ""n11""]",1,1
1,1,KMeans,331,"[""n08""]",0,0
1,1,KMeans,332,"[""n05"", ""n06""]",1,1
1,1,KMeans,333,"[""n06"", ""n10""]",0,0
1,1,KMeans,334,"[""n01"", ""n13""]",1,1
1,1,KMeans,335,"[""n03"", ""n11"", ""n13""]",1,1
1,1,KMeans,352,[],0,0
1,1,KMeans,353,"[""n00"", ""n08"", ""n09"", ""n10""]",1,1
1,1,KMeans,354,[],0,0
1,1,KMeans,355,[],0,0
1,1,KMeans,356,"[""n02"", ""n04"", ""n08""]",1,1
1,1,KMeans,357,"[""n02"", ""n05"", ""n07"", ""n08""]",0,0
1,1,KMeans,358,"[""n05"", ""n07""]",0,0
1,1,KMeans,359,"[""n03""]",0,0
1,1,KMeans,368,"[""n06""]",0,0
1,1,KMeans,369,"[""n02""]",0,0
1,1,KMeans,370,"[""n06"", ""n08"", ""n10""]",0,0
1,1,KMeans,371,"[""n01"", ""n02""]",0,0
1,1,KMeans,372,[],0,0
1,1,KMeans,373,"[""n03"", ""n06""]",0,0
1,1,KMeans,374,"[""n04""]",0,0
1,1,KMeans,375,[],0,0
1,1,KMeans,408,[],0,0
1,1,KMeans,409,"[""n07"", ""n10""]",0,0
1,1,KMeans,410,"[""n03""]",0,0
1,1,KMeans,411,"[""n02"", ""n04""]",0,0
1,1,KMeans,412,"[""n09"", ""n10""]",0,0
1,1,KMeans,413,[],0,0
1,1,KMeans,414,"[""n09""]",0,0
1,1,KMeans,415,[],0,0
1,1,KMeans,448,"[""n08""]",0,0
1,1,KMeans,449,[],0,0
1,1,KMeans,450,"[""n13""]",0,0
1,1,KMeans,451,"[""n02"", ""n05"", ""n15""]",0,0
1,1,KMeans,452,"[""n06""]",0,0
1,1,KMeans,453,"[""n03"", ""n07"", ""n10"", ""n11"", ""n16""]",1,0
1,1,KMeans,454,"[""n00"", ""n02"", ""n08"", ""n16""]",1,0
1,1,KMeans,455,"[""n04"", ""n05"", ""n10""]",0,0
1,1,KMeans,472,"[""n06""]",0,0
1,1,KMeans,473,"[""n02"", ""n04"", ""n07""]",0,0
1,1,KMeans,474,"[""n01"", ""n09"", ""n10""]",1,1
1,1,KMeans,475,"[""n05"", ""n12""]",1,0
1,1,KMeans,476,"[""n03"", ""n06"", ""n08""]",0,0
1,1,KMeans,477,"[""n01""]",1,1
1,1,KMeans,478,"[""n02""]",0,0
1,1,KMeans,479,[],0,0
1,1,KMeans,488,"[""n02"", ""n07""]",1,1
1,1,KMeans,489,"[""n03"", ""n09"", ""n11"", ""n14""]",1,0
1,1,KMeans,490,"[""n00"", ""n08"", ""n10""]",0,0
1,1,KMeans,491,"[""n02"", ""n05""]",1,1
1,1,KMeans,492,[],0,0
1,1,KMeans,493,"[""n03"", ""n10"", ""n12""]",0,0
1,1,KMeans,494,"[""n01"", ""n02"", ""n14""]",1,1
1,1,KMeans,495,"[""n09""]",0,0
1,1,KMeans,504,"[""n11""]",0,0
1,1,KMeans,505,"[""n14""]",0,0
1,1,KMeans,506,"[""n03"", ""n10""]",0,0
1,1,KMeans,507,"[""n01"", ""n09""]",0,0
1,1,KMeans,508,"[""n02"", ""n10""]",0,0
1,1,KMeans,509,"[""n03""]",0,0
1,1,KMeans,510,"[""n02"", ""n05"", ""n12""]",0,0
1,1,KMeans,511,"[""n01"", ""n11"", ""n14""]",0,0
1,1,KMeans,552,"[""n13""]",0,0
1,1,KMeans,553,"[""n03"", ""n08"", ""n12"", ""n13""]",1,0
1,1,KMeans,554,"[""n07"", ""n08""]",0,0
1,1,KMeans,555,"[""n13""]",0,0
1,1,KMeans,556,"[""n08""]",0,0
1,1,KMeans,557,"[""n05"", ""n11""]",0,0
1,1,KMeans,558,"[""n00"", ""n02"", ""n03""]",0,0
1,1,KMeans,559,"[""n05"", ""n09"", ""n11""]",0,0
1,1,KMeans,560,"[""n03"", ""n11""]",0,0
1,1,KMeans,561,"[""n09""]",0,0
1,1,KMeans,562,"[""n01"", ""n11""]",1,1
1,1,KMeans,563,"[""n03"", ""n06"", ""n13""]",1,1
1,1,KMeans,564,"[""n03"", ""n06"", ""n08""]",0,0
1,1,KMeans,565,"[""n04"", ""n09"", ""n11""]",0,0
1,1,KMeans,566,"[""n10"", ""n12""]",0,0
1,1,KMeans,567,"[""n01"", ""n03"", ""n12"", ""n13""]",1,1
1,1,KMeans,640,"[""n05"", ""n06"", ""n12""]",0,0
1,1,KMeans,641,[],0,0
1,1,KMeans,642,"[""n12"", ""n15""]",1,1
1,1,KMeans,643,"[""n02"", ""n06""]",1,1
1,1,KMeans,644,"[""n09"", ""n11""]",0,0
1,1,KMeans,645,"[""n01""]",0,0
1,1,KMeans,646,"[""n02"", ""n09""]",1,1
1,1,KMeans,647,"[""n02"", ""n10"", ""n12""]",1,1
1,1,KMeans,656,"[""n06""]",0,0
1,1,KMeans,657,"[""n02"", ""n03"", ""n10""]",0,0
1,1,KMeans,658,"[""n01"", ""n02"", ""n07"", ""n15"", ""n16""]",1,1
1,1,KMeans,659,"[""n09"", ""n10""]",0,0
1,1,KMeans,660,"[""n06"", ""n10"", ""n12"", ""n13""]",0,0
1,1,KMeans,661,"[""n06"", ""n07""]",0,0
1,1,KMeans,662,"[""n07"", ""n10"", ""n12"", ""n15""]",0,0
1,1,KMeans,663,"[""n10""]",0,0
1,1,KMeans,680,"[""n06""]",0,0
1,1,KMeans,681,"[""n01"", ""n08"", ""n12""]",1,1
1,1,KMeans,682,[],0,0
1,1,KMeans,683,"[""n01"", ""n04"", ""n06"", ""n08""]",1,1
1,1,KMeans,684,"[""n12""]",0,0
1,1,KMeans,685,[],0,0
1,1,KMeans,686,"[""n06""]",0,0
1,1,KMeans,687,"[""n06""]",0,0
1,1,KMeans,800,"[""n07"", ""n10""]",0,0
1,1,KMeans,801,"[""n14""]",0,0
1,1,KMeans,802,"[""n02""]",0,0
1,1,KMeans,803,"[""n00"", ""n04"", ""n14""]",0,0
1,1,KMeans,804,"[""n04"", ""n08"", ""n10"", ""n11"", ""n12""]",0,0
1,1,KMeans,805,"[""n01"", ""n03"", ""n11""]",0,0
1,1,KMeans,806,"[""n04""]",0,0
1,1,KMeans,807,"[""n02"", ""n06"", ""n09"", ""n10"", ""n11"", ""n14""]",1,1
1,1,KMeans,816,"[""n02"", ""n04"", ""n06""]",0,0
1,1,KMeans,817,"[""n11"", ""n12""]",1,1
1,1,KMeans,818,[],0,0
1,1,KMeans,819,[],0,0
1,1,KMeans,820,"[""n11""]",0,0
1,1,KMeans,821,"[""n00"", ""n11""]",0,0
1,1,KMeans,822,"[""n00"", ""n04""]",0,0
1,1,KMeans,823,"[""n10"", ""n12""]",1,1
1,1,KMeans,904,"[""n01"", ""n05""]",0,0
1,1,KMeans,905,"[""n13""]",0,0
1,1,KMeans,906,"[""n13""]",0,0
1,1,KMeans,907,"[""n01"", ""n02"", ""n10""]",0,0
1,1,KMeans,908,"[""n03"", ""n05"", ""n07"", ""n12"", ""n13"", ""n14""]",1,1
1,1,KMeans,909,"[""n01"", ""n12"", ""n13""]",0,0
1,1,KMeans,910,"[""n01"", ""n02"", ""n08""]",0,0
1,1,KMeans,911,[],0,0
1,1,KMeans,944,[],0,0
1,1,KMeans,945,"[""n07"", ""n08"", ""n12"", ""n13""]",1,1
1,1,KMeans,946,"[""n10""]",0,0
1,1,KMeans,947,"[""n01"", ""n04"", ""n11"", ""n13""]",0,0
1,1,KMeans,948,"[""n12""]",0,0
1,1,KMeans,949,"[""n00""]",1,0
1,1,KMeans,950,[],0,0
1,1,KMeans,951,"[""n09""]",0,0
1,1,KMeans,952,"[""n00"", ""n03"", ""n07""]",0,0
1,1,KMeans,953,"[""n11""]",1,0
1,1,KMeans,954,"[""n03"", ""n05"", ""n07""]",0,0
1,1,KMeans,955,"[""n09""]",0,0
1,1,KMeans,956,"[""n04""]",0,0
1,1,KMeans,957,"[""n03"", ""n09""]",0,0
1,1,KMeans,958,"[""n01"", ""n06"", ""n07""]",0,0
1,1,KMeans,959,"[""n09""]",0,0
1,2,FixedThreshold,48,[],0,0
1,2,FixedThreshold,49,"[""n09""]",0,0
1,2,FixedThreshold,50,"[""n02""]",0,0
1,2,FixedThreshold,51,[],0,0
1,2,FixedThreshold,52,[],0,0
1,2,FixedThreshold,53,"[""n10""]",0,0
1,2,FixedThreshold,54,[],0,0
1,2,FixedThreshold,55,[],0,0
1,2,FixedThreshold,136,"[""n07"", ""n09""]",0,0
1,2,FixedThreshold,137,[],0,0
1,2,FixedThreshold,138,[],0,0
1,2,FixedThreshold,139,[],0,0
1,2,FixedThreshold,140,[],0,0
1,2,FixedThreshold,141,"[""n09""]",0,0
1,2,FixedThreshold,142,[],0,0
1,2,FixedThreshold,143,"[""n00"", ""n01"", ""n02"", ""n06"", ""n10""]",1,1
1,2,FixedThreshold,152,[],0,1
1,2,FixedThreshold,153,[],0,0
1,2,FixedThreshold,154,"[""n04"", ""n12""]",0,0
1,2,FixedThreshold,155,"[""n14""]",0,0
1,2,FixedThreshold,156,"[""n01"", ""n09""]",0,0
1,2,FixedThreshold,157,[],0,0
1,2,FixedThreshold,158,[],0,1
1,2,FixedThreshold,159,[],0,0
1,2,FixedThreshold,160,[],0,0
1,2,FixedThreshold,161,[],0,0
1,2,FixedThreshold,162,[],0,0
1,2,FixedThreshold,163,"[""n04""]",0,0
1,2,FixedThreshold,164,"[""n00"", ""n01"", ""n02""]",1,1
1,2,FixedThreshold,165,[],0,0
1,2,FixedThreshold,166,"[""n03""]",0,0
1,2,FixedThreshold,167,[],0,1
1,2,FixedThreshold,256,[],0,0
1,2,FixedThreshold,257,"[""n00""]",0,0
1,2,FixedThreshold,258,[],0,0
1,2,FixedThreshold,259,"[""n10""]",0,0
1,2,FixedThreshold,260,[],0,1
1,2,FixedThreshold,261,[],0,0
1,2,FixedThreshold,262,[],0,0
1,2,FixedThreshold,263,[],0,0
1,2,FixedThreshold,280,[],0,1
1,2,FixedThreshold,281,"[""n06""]",0,0
1,2,FixedThreshold,282,[],0,0
1,2,FixedThreshold,283,[],0,1
1,2,FixedThreshold,284,[],0,0
1,2,FixedThreshold,285,[],0,0
1,2,FixedThreshold,286,[],0,1
1,2,FixedThreshold,287,[],0,0
1,2,FixedThreshold,288,[],0,0
1,2,FixedThreshold,289,"[""n01"", ""n05""]",1,1
1,2,FixedThreshold,290,"[""n00""]",1,1
1,2,FixedThreshold,291,[],0,0
1,2,FixedThreshold,292,"[""n06""]",0,0
1,2,FixedThreshold,293,[],0,0
1,2,FixedThreshold,294,[],0,1
1,2,FixedThreshold,295,[],0,0
1,2,FixedThreshold,296,[],0,0
1,2,FixedThreshold,297,[],0,0
1,2,FixedThreshold,298,[],0,0
1,2,FixedThreshold,299,[],0,0
1,2,FixedThreshold,300,[],0,0
1,2,FixedThreshold,301,"[""n00"", ""n03"", ""n09""]",0,1
1,2,FixedThreshold,302,[],0,0
1,2,FixedThreshold,303,[],0,0
1,2,FixedThreshold,304,[],0,0
1,2,FixedThreshold,305,[],0,1
1,2,FixedThreshold,306,"[""n07""]",0,0
1,2,FixedThreshold,307,[],0,0
1,2,FixedThreshold,308,"[""n07""]",0,0
1,2,FixedThreshold,309,[],0,0
1,2,FixedThreshold,310,[],0,0
1,2,FixedThreshold,311,"[""n06""]",0,0
1,2,FixedThreshold,312,[],0,0
1,2,FixedThreshold,313,[],0,0
1,2,FixedThreshold,314,[],0,0
1,2,FixedThreshold,315,[],0,0
1,2,FixedThreshold,316,"[""n00""]",0,0
1,2,FixedThreshold,317,[],0,0
1,2,FixedThreshold,318,"[""n00"", ""n08""]",0,0
1,2,FixedThreshold,319,[],0,0
1,2,FixedThreshold,384,[],0,0
1,2,FixedThreshold,385,[],0,0
1,2,FixedThreshold,386,[],0,0
1,2,FixedThreshold,387,[],0,0
1,2,FixedThreshold,388,"[""n12""]",0,0
1,2,FixedThreshold,389,[],0,0
1,2,FixedThreshold,390,"[""n00"", ""n02"", ""n08""]",1,1
1,2,FixedThreshold,391,[],0,1
1,2,FixedThreshold,432,[],0,0
1,2,FixedThreshold,433,[],0,0
1,2,FixedThreshold,434,"[""n05""]",0,0
1,2,FixedThreshold,435,[],0,0
1,2,FixedThreshold,436,"[""n08""]",0,0
1,2,FixedThreshold,437,[],0,0
1,2,FixedThreshold,438,[],0,0
1,2,FixedThreshold,439,[],0,0
1,2,FixedThreshold,480,[],0,0
1,2,FixedThreshold,481,[],0,0
1,2,FixedThreshold,482,[],0,0
1,2,FixedThreshold,483,[],0,0
1,2,FixedThreshold,484,[],0,0
1,2,FixedThreshold,485,[],0,0
1,2,FixedThreshold,486,[],0,0
1,2,FixedThreshold,487,"[""n07""]",0,0
1,2,FixedThreshold,496,[],0,0
1,2,FixedThreshold,497,"[""n08""]",0,0
1,2,FixedThreshold,498,[],0,0
1,2,FixedThreshold,499,[],0,0
1,2,FixedThreshold,500,"[""n05""]",0,0
1,2,FixedThreshold,501,[],0,0
1,2,FixedThreshold,502,"[""n05""]",0,0
1,2,FixedThreshold,503,[],0,0
1,2,FixedThreshold,512,[],0,0
1,2,FixedThreshold,513,[],0,0
1,2,FixedThreshold,514,[],0,1
1,2,FixedThreshold,515,[],0,0
1,2,FixedThreshold,516,[],0,0
1,2,FixedThreshold,517,"[""n05""]",0,0
1,2,FixedThreshold,518,"[""n03""]",1,1
1,2,FixedThreshold,519,"[""n07""]",0,0
1,2,FixedThreshold,584,[],0,0
1,2,FixedThreshold,585,[],0,0
1,2,FixedThreshold,586,[],0,1
1,2,FixedThreshold,587,[],0,0
1,2,FixedThreshold,588,"[""n08"", ""n09""]",1,1
1,2,FixedThreshold,589,"[""n01""]",0,0
1,2,FixedThreshold,590,[],0,0
1,2,FixedThreshold,591,"[""n04""]",0,0
1,2,FixedThreshold,600,[],0,0
1,2,FixedThreshold,601,[],0,0
1,2,FixedThreshold,602,"[""n05"", ""n06"", ""n10""]",0,0
1,2,FixedThreshold,603,[],0,0
1,2,FixedThreshold,604,[],0,1
1,2,FixedThreshold,605,[],0,0
1,2,FixedThreshold,606,[],0,0
1,2,FixedThreshold,607,[],0,0
1,2,FixedThreshold,632,[],0,0
1,2,FixedThreshold,633,[],0,1
1,2,FixedThreshold,634,[],0,0
1,2,FixedThreshold,635,"[""n15""]",0,0
1,2,FixedThreshold,636,"[""n09""]",0,0
1,2,FixedThreshold,637,[],0,0
1,2,FixedThreshold,638,[],0,0
1,2,FixedThreshold,639,[],0,0
1,2,FixedThreshold,696,"[""n02"", ""n03""]",1,1
1,2,FixedThreshold,697,"[""n03"", ""n12""]",1,1
1,2,FixedThreshold,698,[],0,0
1,2,FixedThreshold,699,[],0,1
1,2,FixedThreshold,700,[],0,0
1,2,FixedThreshold,701,[],0,0
1,2,FixedThreshold,702,"[""n10""]",0,0
1,2,FixedThreshold,703,[],0,0
1,2,FixedThreshold,720,"[""n03""]",0,0
1,2,FixedThreshold,721,[],0,0
1,2,FixedThreshold,722,[],0,1
1,2,FixedThreshold,723,[],0,0
1,2,FixedThreshold,724,[],0,0
1,2,FixedThreshold,725,[],0,0
1,2,FixedThreshold,726,"[""n00"", ""n13""]",0,0
1,2,FixedThreshold,727,[],0,0
1,2,FixedThreshold,832,[],0,0
1,2,FixedThreshold,833,"[""n01"", ""n07""]",0,0
1,2,FixedThreshold,834,[],0,0
1,2,FixedThreshold,835,"[""n07""]",0,0
1,2,FixedThreshold,836,[],0,0
1,2,FixedThreshold,837,[],0,0
1,2,FixedThreshold,838,[],0,0
1,2,FixedThreshold,839,[],0,0
1,2,FixedThreshold,856,[],0,0
1,2,FixedThreshold,857,[],0,0
1,2,FixedThreshold,858,"[""n03"", ""n10""]",1,1
1,2,FixedThreshold,859,[],0,0
1,2,FixedThreshold,860,"[""n04"", ""n08""]",0,0
1,2,FixedThreshold,861,"[""n01"", ""n08""]",0,0
1,2,FixedThreshold,862,[],0,0
1,2,FixedThreshold,863,"[""n05"", ""n10""]",1,1
1,2,FixedThreshold,888,[],0,0
1,2,FixedThreshold,889,"[""n06""]",1,1
1,2,FixedThreshold,890,[],0,0
1,2,FixedThreshold,891,"[""n03"", ""n09""]",1,1
1,2,FixedThreshold,892,"[""n00""]",0,0
1,2,FixedThreshold,893,"[""n00"", ""n02"", ""n06""]",1,1
1,2,FixedThreshold,894,[],0,0
1,2,FixedThreshold,895,"[""n06""]",1,1
1,2,FixedThreshold,896,[],0,0
1,2,FixedThreshold,897,[],0,0
1,2,FixedThreshold,898,"[""n07"", ""n08""]",0,0
1,2,FixedThreshold,899,"[""n02"", ""n07""]",0,0
1,2,FixedThreshold,900,[],0,0
1,2,FixedThreshold,901,[],0,0
1,2,FixedThreshold,902,[],0,0
1,2,FixedThreshold,903,[],0,0
1,2,SingleCenter,48,"[""n04""]",0,0
1,2,SingleCenter,49,"[""n09""]",0,0
1,2,SingleCenter,50,"[""n02"", ""n08"", ""n09""]",0,0
1,2,SingleCenter,51,"[""n04"", ""n08""]",0,0
1,2,SingleCenter,52,"[""n05"", ""n07""]",0,0
1,2,SingleCenter,53,"[""n07"", ""n10""]",0,0
1,2,SingleCenter,54,"[""n04"", ""n09""]",0,0
1,2,SingleCenter,55,"[""n11""]",0,0
1,2,SingleCenter,136,"[""n04"", ""n06"", ""n07"", ""n09""]",0,0
1,2,SingleCenter,137,[],0,0
1,2,SingleCenter,138,[],0,0
1,2,SingleCenter,139,"[""n05"", ""n10"", ""n11""]",0,0
1,2,SingleCenter,140,"[""n04"", ""n09""]",0,0
1,2,SingleCenter,141,"[""n04"", ""n08"", ""n09"", ""n12""]",1,0
1,2,SingleCenter,142,[],0,0
1,2,SingleCenter,143,"[""n00"", ""n01"", ""n02"", ""n03"", ""n06"", ""n10"", ""n11""]",1,1
1,2,SingleCenter,152,"[""n02"", ""n10"", ""n17""]",1,1
1,2,SingleCenter,153,"[""n07"", ""n10"", ""n11""]",0,0
1,2,SingleCenter,154,"[""n03"", ""n04"", ""n08"", ""n12""]",0,0
1,2,SingleCenter,155,"[""n01"", ""n03"", ""n08"", ""n14""]",0,0
1,2,SingleCenter,156,"[""n00"", ""n01"", ""n02"", ""n08"", ""n09""]",1,0
1,2,SingleCenter,157,[],0,0
1,2,SingleCenter,158,"[""n15""]",1,1
1,2,SingleCenter,159,"[""n03"", ""n04"", ""n11""]",0,0
1,2,SingleCenter,160,"[""n13""]",0,0
1,2,SingleCenter,161,"[""n00"", ""n12"", ""n13""]",0,0
1,2,SingleCenter,162,"[""n00""]",0,0
1,2,SingleCenter,163,"[""n04"", ""n10"", ""n13"", ""n14""]",1,0
1,2,SingleCenter,164,"[""n00"", ""n01"", ""n02"", ""n09""]",1,1
1,2,SingleCenter,165,[],0,0
1,2,SingleCenter,166,"[""n01"", ""n03"", ""n06"", ""n10""]",1,0
1,2,SingleCenter,167,"[""n05"", ""n14""]",1,1
1,2,SingleCenter,256,[],0,0
1,2,SingleCenter,257,"[""n00"", ""n13""]",0,0
1,2,SingleCenter,258,"[""n09"", ""n11""]",0,0
1,2,SingleCenter,259,"[""n09"", ""n10""]",0,0
1,2,SingleCenter,260,"[""n07"", ""n13"", ""n14""]",1,1
1,2,SingleCenter,261,"[""n00""]",0,0
1,2,SingleCenter,262,[],0,0
1,2,SingleCenter,263,[],0,0
1,2,SingleCenter,280,"[""n00"", ""n02"", ""n07"", ""n09""]",1,1
1,2,SingleCenter,281,"[""n06"", ""n09""]",1,0
1,2,SingleCenter,282,"[""n03""]",0,0
1,2,SingleCenter,283,"[""n03"", ""n09""]",1,1
1,2,SingleCenter,284,"[""n04"", ""n06""]",0,0
1,2,SingleCenter,285,[],0,0
1,2,SingleCenter,286,"[""n00"", ""n05"", ""n08""]",1,1
1,2,SingleCenter,287,[],0,0
1,2,SingleCenter,288,[],0,0
1,2,SingleCenter,289,"[""n00"", ""n01"", ""n05"", ""n07""]",1,1
1,2,SingleCenter,290,"[""n00"", ""n04""]",1,1
1,2,SingleCenter,291,"[""n06""]",0,0
1,2,SingleCenter,292,"[""n06""]",0,0
1,2,SingleCenter,293,[],0,0
1,2,SingleCenter,294,"[""n09""]",1,1
1,2,SingleCenter,295,"[""n02""]",1,0
1,2,SingleCenter,296,[],0,0
1,2,SingleCenter,297,"[""n07""]",0,0
1,2,SingleCenter,298,"[""n07"", ""n10""]",0,0
1,2,SingleCenter,299,"[""n12""]",0,0
1,2,SingleCenter,300,"[""n10""]",0,0
1,2,SingleCenter,301,"[""n00"", ""n03"", ""n09"", ""n11"", ""n14""]",1,1
1,2,SingleCenter,302,"[""n01"", ""n05"", ""n06""]",0,0
1,2,SingleCenter,303,"[""n08""]",0,0
1,2,SingleCenter,304,"[""n03"", ""n07""]",0,0
1,2,SingleCenter,305,"[""n03"", ""n07"", ""n09""]",1,1
1,2,SingleCenter,306,"[""n01"", ""n02"", ""n07"", ""n10"", ""n11""]",1,0
1,2,SingleCenter,307,"[""n08""]",0,0
1,2,SingleCenter,308,"[""n07"", ""n08""]",0,0
1,2,SingleCenter,309,"[""n04"", ""n07"", ""n08""]",0,0
1,2,SingleCenter,310,[],0,0
1,2,SingleCenter,311,"[""n02"", ""n05"", ""n06"", ""n08"", ""n09"", ""n10""]",1,0
1,2,SingleCenter,312,"[""n01""]",0,0
1,2,SingleCenter,313,"[""n01"", ""n04""]",0,0
1,2,SingleCenter,314,[],0,0
1,2,SingleCenter,315,"[""n04"", ""n05""]",0,0
1,2,SingleCenter,316,"[""n00""]",0,0
1,2,SingleCenter,317,[],0,0
1,2,SingleCenter,318,"[""n00"", ""n02"", ""n08""]",0,0
1,2,SingleCenter,319,[],0,0
1,2,SingleCenter,384,[],0,0
1,2,SingleCenter,385,"[""n02"", ""n03""]",0,0
1,2,SingleCenter,386,[],0,0
1,2,SingleCenter,387,"[""n12"", ""n14""]",1,0
1,2,SingleCenter,388,"[""n12""]",0,0
1,2,SingleCenter,389,"[""n12""]",0,0
1,2,SingleCenter,390,"[""n00"", ""n02"", ""n08"", ""n09"", ""n11"", ""n12"", ""n13""]",1,1
1,2,SingleCenter,391,"[""n04"", ""n06""]",1,1
1,2,SingleCenter,432,[],0,0
1,2,SingleCenter,433,"[""n14""]",0,0
1,2,SingleCenter,434,"[""n05"", ""n13""]",0,0
1,2,SingleCenter,435,"[""n05""]",0,0
1,2,SingleCenter,436,"[""n00"", ""n04"", ""n08""]",0,0
1,2,SingleCenter,437,"[""n04"", ""n12"", ""n15""]",0,0
1,2,SingleCenter,438,"[""n01""]",0,0
1,2,SingleCenter,439,"[""n07"", ""n08""]",0,0
1,2,SingleCenter,480,"[""n00""]",0,0
1,2,SingleCenter,481,"[""n03"", ""n05""]",0,0
1,2,SingleCenter,482,[],0,0
1,2,SingleCenter,483,"[""n07""]",0,0
1,2,SingleCenter,484,[],0,0
1,2,SingleCenter,485,"[""n05"", ""n08""]",0,0
1,2,SingleCenter,486,[],0,0
1,2,SingleCenter,487,"[""n05"", ""n07"", ""n08""]",0,0
1,2,SingleCenter,496,"[""n02"", ""n04""]",0,0
1,2,SingleCenter,497,"[""n03"", ""n08"", ""n09""]",0,0
1,2,SingleCenter,498,[],0,0
1,2,SingleCenter,499,"[""n08""]",0,0
1,2,SingleCenter,500,"[""n01"", ""n05""]",0,0
1,2,SingleCenter,501,"[""n02"", ""n11""]",0,0
1,2,SingleCenter,502,"[""n02"", ""n05"", ""n11""]",0,0
1,2,SingleCenter,503,"[""n05""]",0,0
1,2,SingleCenter,512,"[""n01""]",0,0
1,2,SingleCenter,513,[],0,0
1,2,SingleCenter,514,"[""n06"", ""n08"", ""n10""]",1,1
1,2,SingleCenter,515,[],0,0
1,2,SingleCenter,516,"[""n01"", ""n09""]",0,0
1,2,SingleCenter,517,"[""n03"", ""n04"", ""n05"", ""n07""]",1,0
1,2,SingleCenter,518,"[""n02"", ""n03"", ""n05""]",1,1
1,2,SingleCenter,519,"[""n03"", ""n04"", ""n07"", ""n09""]",1,0
1,2,SingleCenter,584,"[""n00""]",0,0
1,2,SingleCenter,585,[],0,0
1,2,SingleCenter,586,"[""n02""]",1,1
1,2,SingleCenter,587,[],0,0
1,2,SingleCenter,588,"[""n01"", ""n08"", ""n09""]",1,1
1,2,SingleCenter,589,"[""n01""]",0,0
1,2,SingleCenter,590,"[""n08""]",0,0
1,2,SingleCenter,591,"[""n00"", ""n02"", ""n04""]",1,0
1,2,SingleCenter,600,"[""n04""]",1,0
1,2,SingleCenter,601,[],0,0
1,2,SingleCenter,602,"[""n02"", ""n05"", ""n06"", ""n10""]",0,0
1,2,SingleCenter,603,[],0,0
1,2,SingleCenter,604,"[""n04"", ""n09""]",1,1
1,2,SingleCenter,605,"[""n00"", ""n02"", ""n08"", ""n09""]",1,0
1,2,SingleCenter,606,"[""n01"", ""n05""]",0,0
1,2,SingleCenter,607,"[""n05"", ""n10""]",0,0
1,2,SingleCenter,632,"[""n09"", ""n16""]",1,0
1,2,SingleCenter,633,"[""n06""]",1,1
1,2,SingleCenter,634,"[""n07"", ""n15""]",0,0
1,2,SingleCenter,635,"[""n04"", ""n06"", ""n15""]",1,0
1,2,SingleCenter,636,"[""n08"", ""n09""]",0,0
1,2,SingleCenter,637,"[""n00"", ""n06"", ""n07"", ""n13""]",1,0
1,2,SingleCenter,638,"[""n07"", ""n12"", ""n13""]",0,0
1,2,SingleCenter,639,"[""n05""]",0,0
1,2,SingleCenter,696,"[""n02"", ""n03""]",1,1
1,2,SingleCenter,697,"[""n00"", ""n01"", ""n02"", ""n03"", ""n07"", ""n12""]",1,1
1,2,SingleCenter,698,"[""n06""]",0,0
1,2,SingleCenter,699,"[""n02"", ""n07"", ""n12"", ""n13""]",1,1
1,2,SingleCenter,700,"[""n04""]",0,0
1,2,SingleCenter,701,"[""n06"", ""n13""]",1,0
1,2,SingleCenter,702,"[""n04"", ""n10""]",0,0
1,2,SingleCenter,703,[],0,0
1,2,SingleCenter,720,"[""n03"", ""n07""]",0,0
1,2,SingleCenter,721,"[""n07"", ""n09"", ""n12""]",0,0
1,2,SingleCenter,722,"[""n00"", ""n12"", ""n15""]",1,1
1,2,SingleCenter,723,[],0,0
1,2,SingleCenter,724,"[""n04""]",0,0
1,2,SingleCenter,725,"[""n07"", ""n13""]",0,0
1,2,SingleCenter,726,"[""n00"", ""n13"", ""n14""]",0,0
1,2,SingleCenter,727,"[""n03"", ""n07"", ""n10""]",0,0
1,2,SingleCenter,832,"[""n05""]",0,0
1,2,SingleCenter,833,"[""n01"", ""n07""]",0,0
1,2,SingleCenter,834,"[""n00"", ""n01""]",0,0
1,2,SingleCenter,835,"[""n07"", ""n08"", ""n12""]",1,0
1,2,SingleCenter,836,"[""n06"", ""n07"", ""n11""]",0,0
1,2,SingleCenter,837,"[""n00"", ""n02""]",1,0
1,2,SingleCenter,838,"[""n09""]",0,0
1,2,SingleCenter,839,"[""n02"", ""n05""]",0,0
1,2,SingleCenter,856,[],0,0
1,2,SingleCenter,857,[],0,0
1,2,SingleCenter,858,"[""n03"", ""n06"", ""n08"", ""n10""]",1,1
1,2,SingleCenter,859,"[""n01"", ""n04"", ""n06""]",0,0
1,2,SingleCenter,860,"[""n00"", ""n03"", ""n04"", ""n07"", ""n08""]",1,0
1,2,SingleCenter,861,"[""n01"", ""n05"", ""n08""]",0,0
1,2,SingleCenter,862,"[""n05""]",0,0
1,2,SingleCenter,863,"[""n03"", ""n05"", ""n10""]",1,1
1,2,SingleCenter,888,"[""n04"", ""n06""]",1,0
1,2,SingleCenter,889,"[""n02"", ""n05"", ""n06""]",1,1
1,2,SingleCenter,890,"[""n00"", ""n04""]",0,0
1,2,SingleCenter,891,"[""n03"", ""n09""]",1,1
1,2,SingleCenter,892,"[""n00"", ""n09""]",1,0
1,2,SingleCenter,893,"[""n00"", ""n02"", ""n06"", ""n08""]",1,1
1,2,SingleCenter,894,"[""n03""]",0,0
1,2,SingleCenter,895,"[""n03"", ""n06""]",1,1
1,2,SingleCenter,896,"[""n08""]",0,0
1,2,SingleCenter,897,"[""n03""]",0,0
1,2,SingleCenter,898,"[""n07"", ""n08""]",0,0
1,2,SingleCenter,899,"[""n02"", ""n05"", ""n07""]",1,0
1,2,SingleCenter,900,[],0,0
1,2,SingleCenter,901,"[""n03""]",0,0
1,2,SingleCenter,902,"[""n05"", ""n06"", ""n10""]",1,0
1,2,SingleCenter,903,[],0,0
1,2,KMeans,48,"[""n04""]",0,0
1,2,KMeans,49,"[""n09""]",0,0
1,2,KMeans,50,"[""n02"", ""n06"", ""n09""]",0,0
1,2,KMeans,51,"[""n04"", ""n08""]",0,0
1,2,KMeans,52,"[""n05"", ""n07"", ""n09""]",0,0
1,2,KMeans,53,"[""n10"", ""n13""]",0,0
1,2,KMeans,54,"[""n04"", ""n09""]",0,0
1,2,KMeans,55,"[""n11""]",0,0
1,2,KMeans,136,"[""n04"", ""n06"", ""n07"", ""n09""]",0,0
1,2,KMeans,137,"[""n09""]",0,0
1,2,KMeans,138,"[""n03"", ""n11""]",0,0
1,2,KMeans,139,"[""n08""]",0,0
1,2,KMeans,140,"[""n04"", ""n08"", ""n09""]",0,0
1,2,KMeans,141,"[""n03"", ""n08"", ""n09""]",0,0
1,2,KMeans,142,"[""n06""]",0,0
1,2,KMeans,143,"[""n00"", ""n01"", ""n02"", ""n06"", ""n10""]",1,1
1,2,KMeans,152,"[""n01"", ""n02"", ""n10"", ""n17""]",1,1
1,2,KMeans,153,"[""n05"", ""n10"", ""n11""]",1,0
1,2,KMeans,154,"[""n03"", ""n04"", ""n12""]",0,0
1,2,KMeans,155,"[""n08"", ""n14""]",0,0
1,2,KMeans,156,"[""n01"", ""n08"", ""n09""]",0,0
1,2,KMeans,157,"[""n16""]",0,0
1,2,KMeans,158,"[""n15""]",1,1
1,2,KMeans,159,"[""n03"", ""n04"", ""n06"", ""n11"", ""n12"", ""n15""]",1,0
1,2,KMeans,160,"[""n13""]",0,0
1,2,KMeans,161,[],0,0
1,2,KMeans,162,"[""n00"", ""n01""]",1,0
1,2,KMeans,163,"[""n14""]",1,0
1,2,KMeans,164,"[""n00"", ""n01"", ""n02""]",1,1
1,2,KMeans,165,"[""n13""]",0,0
1,2,KMeans,166,"[""n03"", ""n06"", ""n10""]",0,0
1,2,KMeans,167,"[""n14""]",1,1
1,2,KMeans,256,"[""n06"", ""n09""]",0,0
1,2,KMeans,257,"[""n00""]",0,0
1,2,KMeans,258,"[""n09"", ""n11""]",0,0
1,2,KMeans,259,"[""n09"", ""n10""]",0,0
1,2,KMeans,260,"[""n07"", ""n13"", ""n14""]",1,1
1,2,KMeans,261,"[""n00"", ""n14""]",1,0
1,2,KMeans,262,[],0,0
1,2,KMeans,263,[],0,0
1,2,KMeans,280,"[""n00"", ""n02"", ""n07"", ""n09""]",1,1
1,2,KMeans,281,"[""n06"", ""n07""]",0,0
1,2,KMeans,282,"[""n03"", ""n07""]",0,0
1,2,KMeans,283,"[""n09""]",1,1
1,2,KMeans,284,"[""n04"", ""n06"", ""n07""]",0,0
1,2,KMeans,285,"[""n05""]",1,0
1,2,KMeans,286,"[""n00"", ""n05"", ""n08"", ""n09""]",1,1
1,2,KMeans,287,"[""n07""]",0,0
1,2,KMeans,288,"[""n02"", ""n03""]",1,0
1,2,KMeans,289,"[""n01"", ""n05"", ""n07""]",1,1
1,2,KMeans,290,"[""n00""]",1,1
1,2,KMeans,291,"[""n06""]",0,0
1,2,KMeans,292,"[""n00"", ""n06""]",1,0
1,2,KMeans,293,[],0,0
1,2,KMeans,294,"[""n09""]",1,1
1,2,KMeans,295,[],0,0
1,2,KMeans,296,"[""n04""]",0,0
1,2,KMeans,297,"[""n07"", ""n12""]",0,0
1,2,KMeans,298,"[""n04"", ""n07"", ""n10""]",0,0
1,2,KMeans,299,"[""n14""]",1,0
1,2,KMeans,300,"[""n04"", ""n10""]",0,0
1,2,KMeans,301,"[""n00"", ""n03"", ""n09"", ""n14""]",1,1
1,2,KMeans,302,[],0,0
1,2,KMeans,303,"[""n08""]",0,0
1,2,KMeans,304,"[""n03"", ""n07""]",0,0
1,2,KMeans,305,"[""n02"", ""n03"", ""n07"", ""n09""]",1,1
1,2,KMeans,306,"[""n04"", ""n07""]",0,0
1,2,KMeans,307,"[""n00""]",0,0
1,2,KMeans,308,"[""n03"", ""n07"", ""n08""]",0,0
1,2,KMeans,309,"[""n07""]",0,0
1,2,KMeans,310,[],0,0
1,2,KMeans,311,"[""n00"", ""n02"", ""n05"", ""n06""]",0,0
1,2,KMeans,312,"[""n01""]",0,0
1,2,KMeans,313,"[""n01"", ""n02"", ""n04""]",0,0
1,2,KMeans,314,[],0,0
1,2,KMeans,315,"[""n04"", ""n05""]",0,0
1,2,KMeans,316,"[""n00""]",0,0
1,2,KMeans,317,[],0,0
1,2,KMeans,318,"[""n00"", ""n05"", ""n08""]",0,0
1,2,KMeans,319,"[""n08""]",0,0
1,2,KMeans,384,"[""n00"", ""n02""]",1,0
1,2,KMeans,385,[],0,0
1,2,KMeans,386,"[""n13""]",0,0
1,2,KMeans,387,"[""n11"", ""n13"", ""n14""]",1,0
1,2,KMeans,388,"[""n12""]",0,0
1,2,KMeans,389,"[""n02"", ""n12""]",0,0
1,2,KMeans,390,"[""n00"", ""n02"", ""n08"", ""n09"", ""n11"", ""n12"", ""n13""]",1,1
1,2,KMeans,391,"[""n04""]",1,1
1,2,KMeans,432,[],0,0
1,2,KMeans,433,"[""n13"", ""n14""]",0,0
1,2,KMeans,434,"[""n05""]",0,0
1,2,KMeans,435,[],0,0
1,2,KMeans,436,"[""n00"", ""n04"", ""n08""]",0,0
1,2,KMeans,437,"[""n04"", ""n12"", ""n15""]",0,0
1,2,KMeans,438,"[""n01""]",0,0
1,2,KMeans,439,"[""n07"", ""n08"", ""n16""]",1,0
1,2,KMeans,480,"[""n00""]",0,0
1,2,KMeans,481,"[""n02"", ""n03"", ""n05""]",1,0
1,2,KMeans,482,[],0,0
1,2,KMeans,483,[],0,0
1,2,KMeans,484,"[""n07""]",0,0
1,2,KMeans,485,"[""n05"", ""n08""]",0,0
1,2,KMeans,486,"[""n01"", ""n04""]",0,0
1,2,KMeans,487,"[""n03"", ""n05""]",0,0
1,2,KMeans,496,"[""n02"", ""n04""]",0,0
1,2,KMeans,497,"[""n08""]",0,0
1,2,KMeans,498,[],0,0
1,2,KMeans,499,"[""n10""]",0,0
1,2,KMeans,500,"[""n00"", ""n05""]",0,0
1,2,KMeans,501,"[""n02"", ""n11""]",0,0
1,2,KMeans,502,"[""n05"", ""n08"", ""n11""]",0,0
1,2,KMeans,503,"[""n03"", ""n05""]",0,0
1,2,KMeans,512,"[""n01""]",0,0
1,2,KMeans,513,[],0,0
1,2,KMeans,514,"[""n06"", ""n08"", ""n10""]",1,1
1,2,KMeans,515,[],0,0
1,2,KMeans,516,[],0,0
1,2,KMeans,517,"[""n04"", ""n05""]",0,0
1,2,KMeans,518,"[""n03"", ""n04""]",1,1
1,2,KMeans,519,"[""n03"", ""n07"", ""n10""]",1,0
1,2,KMeans,584,"[""n05""]",0,0
1,2,KMeans,585,[],0,0
1,2,KMeans,586,"[""n02"", ""n03""]",1,1
1,2,KMeans,587,[],0,0
1,2,KMeans,588,"[""n08"", ""n09""]",1,1
1,2,KMeans,589,"[""n01""]",0,0
1,2,KMeans,590,"[""n08""]",0,0
1,2,KMeans,591,"[""n02"", ""n04""]",1,0
1,2,KMeans,600,"[""n09""]",0,0
1,2,KMeans,601,"[""n07""]",0,0
1,2,KMeans,602,"[""n05"", ""n06"", ""n10""]",0,0
1,2,KMeans,603,"[""n05""]",0,0
1,2,KMeans,604,"[""n04"", ""n09""]",1,1
1,2,KMeans,605,"[""n08""]",1,0
1,2,KMeans,606,[],0,0
1,2,KMeans,607,"[""n05"", ""n10""]",0,0
1,2,KMeans,632,[],0,0
1,2,KMeans,633,"[""n06""]",1,1
1,2,KMeans,634,"[""n07"", ""n08"", ""n15""]",0,0
1,2,KMeans,635,"[""n15""]",0,0
1,2,KMeans,636,"[""n09"", ""n11""]",0,0
1,2,KMeans,637,[],0,0
1,2,KMeans,638,"[""n07""]",0,0
1,2,KMeans,639,"[""n05"", ""n11""]",0,0
1,2,KMeans,696,"[""n02"", ""n03"", ""n08""]",1,1
1,2,KMeans,697,"[""n00"", ""n02"", ""n03"", ""n07"", ""n12""]",1,1
1,2,KMeans,698,"[""n06""]",0,0
1,2,KMeans,699,"[""n02"", ""n06"", ""n07"", ""n10"", ""n12"", ""n13""]",1,1
1,2,KMeans,700,"[""n04"", ""n05""]",1,0
1,2,KMeans,701,"[""n06"", ""n13""]",1,0
1,2,KMeans,702,"[""n04"", ""n10""]",0,0
1,2,KMeans,703,[],0,0
1,2,KMeans,720,"[""n01"", ""n03"", ""n07"", ""n10""]",0,0
1,2,KMeans,721,"[""n07"", ""n09"", ""n12""]",0,0
1,2,KMeans,722,"[""n00"", ""n12"", ""n15""]",1,1
1,2,KMeans,723,"[""n01""]",0,0
1,2,KMeans,724,"[""n04"", ""n08""]",0,0
1,2,KMeans,725,"[""n02"", ""n07"", ""n13"", ""n14""]",1,0
1,2,KMeans,726,"[""n00"", ""n13""]",0,0
1,2,KMeans,727,"[""n00"", ""n03"", ""n04"", ""n07"", ""n10""]",0,0
1,2,KMeans,832,"[""n05""]",0,0
1,2,KMeans,833,"[""n01"", ""n07""]",0,0
1,2,KMeans,834,"[""n00""]",0,0
1,2,KMeans,835,"[""n07"", ""n12""]",1,0
1,2,KMeans,836,"[""n04"", ""n06""]",0,0
1,2,KMeans,837,[],0,0
1,2,KMeans,838,[],0,0
1,2,KMeans,839,"[""n02"", ""n05"", ""n11""]",0,0
1,2,KMeans,856,[],0,0
1,2,KMeans,857,"[""n03""]",0,0
1,2,KMeans,858,"[""n03"", ""n10""]",1,1
1,2,KMeans,859,"[""n01"", ""n02"", ""n04"", ""n06""]",0,0
1,2,KMeans,860,"[""n04"", ""n05"", ""n07"", ""n08""]",0,0
1,2,KMeans,861,"[""n01"", ""n05"", ""n08""]",0,0
1,2,KMeans,862,"[""n05""]",0,0
1,2,KMeans,863,"[""n03"", ""n05"", ""n10""]",1,1
1,2,KMeans,888,"[""n04"", ""n06""]",1,0
1,2,KMeans,889,"[""n02"", ""n05"", ""n06""]",1,1
1,2,KMeans,890,"[""n00""]",0,0
1,2,KMeans,891,"[""n00"", ""n03"", ""n09""]",1,1
1,2,KMeans,892,"[""n00"", ""n09""]",1,0
1,2,KMeans,893,"[""n00"", ""n02"", ""n06""]",1,1
1,2,KMeans,894,"[""n03""]",0,0
1,2,KMeans,895,"[""n06""]",1,1
1,2,KMeans,896,"[""n08""]",0,0
1,2,KMeans,897,"[""n03""]",0,0
1,2,KMeans,898,"[""n07"", ""n08""]",0,0
1,2,KMeans,899,"[""n02"", ""n05"", ""n07""]",1,0
1,2,KMeans,900,[],0,0
1,2,KMeans,901,"[""n03""]",0,0
1,2,KMeans,902,"[""n03"", ""n06""]",0,0
1,2,KMeans,903,"[""n09""]",0,0
1,3,FixedThreshold,40,"[""n13""]",0,0
1,3,FixedThreshold,41,"[""n13""]",0,0
1,3,FixedThreshold,42,[],0,1
1,3,FixedThreshold,43,"[""n15""]",1,1
1,3,FixedThreshold,44,[],0,1
1,3,FixedThreshold,45,"[""n04"", ""n13"", ""n15""]",1,1
1,3,FixedThreshold,46,[],0,0
1,3,FixedThreshold,47,"[""n12""]",0,1
1,3,FixedThreshold,88,"[""n11""]",0,0
1,3,FixedThreshold,89,[],0,0
1,3,FixedThreshold,90,"[""n04"", ""n09""]",0,0
1,3,FixedThreshold,91,[],0,0
1,3,FixedThreshold,92,[],0,0
1,3,FixedThreshold,93,"[""n11""]",0,0
1,3,FixedThreshold,94,[],0,0
1,3,FixedThreshold,95,[],0,0
1,3,FixedThreshold,96,[],0,0
1,3,FixedThreshold,97,[],0,0
1,3,FixedThreshold,98,[],0,0
1,3,FixedThreshold,99,[],0,0
1,3,FixedThreshold,100,[],0,0
1,3,FixedThreshold,101,[],0,0
1,3,FixedThreshold,102,[],0,0
1,3,FixedThreshold,103,[],0,0
1,3,FixedThreshold,104,[],0,0
1,3,FixedThreshold,105,[],0,0
1,3,FixedThreshold,106,"[""n01"", ""n11""]",0,0
1,3,FixedThreshold,107,[],0,0
1,3,FixedThreshold,108,"[""n07""]",1,1
1,3,FixedThreshold,109,[],0,0
1,3,FixedThreshold,110,"[""n07""]",1,1
1,3,FixedThreshold,111,[],0,0
1,3,FixedThreshold,176,[],0,0
1,3,FixedThreshold,177,[],0,0
1,3,FixedThreshold,178,[],0,0
1,3,FixedThreshold,179,[],0,0
1,3,FixedThreshold,180,[],0,0
1,3,FixedThreshold,181,"[""n10"", ""n12""]",0,0
1,3,FixedThreshold,182,"[""n03"", ""n05"", ""n14""]",1,1
1,3,FixedThreshold,183,[],0,0
1,3,FixedThreshold,240,[],0,0
1,3,FixedThreshold,241,[],0,1
1,3,FixedThreshold,242,[],0,1
1,3,FixedThreshold,243,[],0,0
1,3,FixedThreshold,244,"[""n01""]",1,1
1,3,FixedThreshold,245,[],0,1
1,3,FixedThreshold,246,[],0,1
1,3,FixedThreshold,247,[],0,0
1,3,FixedThreshold,264,"[""n09""]",1,1
1,3,FixedThreshold,265,[],0,0
1,3,FixedThreshold,266,[],0,0
1,3,FixedThreshold,267,[],0,0
1,3,FixedThreshold,268,[],0,0
1,3,FixedThreshold,269,[],0,0
1,3,FixedThreshold,270,[],0,0
1,3,FixedThreshold,271,[],0,0
1,3,FixedThreshold,272,"[""n02"", ""n05""]",0,0
1,3,FixedThreshold,273,[],0,0
1,3,FixedThreshold,274,[],0,1
1,3,FixedThreshold,275,[],0,0
1,3,FixedThreshold,276,"[""n00""]",0,0
1,3,FixedThreshold,277,[],0,0
1,3,FixedThreshold,278,[],0,0
1,3,FixedThreshold,279,[],0,0
1,3,FixedThreshold,336,[],0,0
1,3,FixedThreshold,337,[],0,0
1,3,FixedThreshold,338,[],0,0
1,3,FixedThreshold,339,[],0,0
1,3,FixedThreshold,340,[],0,0
1,3,FixedThreshold,341,[],0,0
1,3,FixedThreshold,342,"[""n15"", ""n16""]",0,0
1,3,FixedThreshold,343,[],0,0
1,3,FixedThreshold,344,[],0,0
1,3,FixedThreshold,345,[],0,0
1,3,FixedThreshold,346,[],0,1
1,3,FixedThreshold,347,"[""n01"", ""n04"", ""n06""]",0,0
1,3,FixedThreshold,348,"[""n01""]",0,0
1,3,FixedThreshold,349,[],0,0
1,3,FixedThreshold,350,[],0,0
1,3,FixedThreshold,351,[],0,0
1,3,FixedThreshold,376,"[""n04"", ""n12""]",0,0
1,3,FixedThreshold,377,[],0,1
1,3,FixedThreshold,378,[],0,0
1,3,FixedThreshold,379,"[""n04""]",0,0
1,3,FixedThreshold,380,[],0,0
1,3,FixedThreshold,381,[],0,1
1,3,FixedThreshold,382,[],0,1
1,3,FixedThreshold,383,[],0,0
1,3,FixedThreshold,392,[],0,0
1,3,FixedThreshold,393,"[""n04"", ""n16""]",1,1
1,3,FixedThreshold,394,[],0,0
1,3,FixedThreshold,395,"[""n04"", ""n15""]",0,0
1,3,FixedThreshold,396,[],0,0
1,3,FixedThreshold,397,[],0,0
1,3,FixedThreshold,398,"[""n00"", ""n13""]",0,0
1,3,FixedThreshold,399,[],0,0
1,3,FixedThreshold,416,[],0,0
1,3,FixedThreshold,417,"[""n07""]",0,0
1,3,FixedThreshold,418,[],0,0
1,3,FixedThreshold,419,"[""n05"", ""n07""]",0,0
1,3,FixedThreshold,420,"[""n01""]",0,0
1,3,FixedThreshold,421,[],0,0
1,3,FixedThreshold,422,[],0,0
1,3,FixedThreshold,423,"[""n08""]",0,0
1,3,FixedThreshold,520,[],0,0
1,3,FixedThreshold,521,"[""n07""]",0,0
1,3,FixedThreshold,522,[],0,0
1,3,FixedThreshold,523,"[""n04""]",0,0
1,3,FixedThreshold,524,[],0,1
1,3,FixedThreshold,525,[],0,0
1,3,FixedThreshold,526,[],0,0
1,3,FixedThreshold,527,[],0,0
1,3,FixedThreshold,576,"[""n13""]",0,0
1,3,FixedThreshold,577,[],0,0
1,3,FixedThreshold,578,[],0,0
1,3,FixedThreshold,579,[],0,0
1,3,FixedThreshold,580,[],0,0
1,3,FixedThreshold,581,"[""n14""]",0,1
1,3,FixedThreshold,582,"[""n09"", ""n11""]",1,1
1,3,FixedThreshold,583,[],0,1
1,3,FixedThreshold,608,[],0,1
1,3,FixedThreshold,609,[],0,0
1,3,FixedThreshold,610,[],0,0
1,3,FixedThreshold,611,[],0,0
1,3,FixedThreshold,612,"[""n04""]",0,0
1,3,FixedThreshold,613,"[""n00"", ""n02"", ""n06""]",1,1
1,3,FixedThreshold,614,"[""n03""]",0,0
1,3,FixedThreshold,615,[],0,0
1,3,FixedThreshold,688,[],0,0
1,3,FixedThreshold,689,"[""n11""]",1,1
1,3,FixedThreshold,690,[],0,0
1,3,FixedThreshold,691,[],0,0
1,3,FixedThreshold,692,[],0,0
1,3,FixedThreshold,693,[],0,0
1,3,FixedThreshold,694,"[""n06""]",0,0
1,3,FixedThreshold,695,"[""n01"", ""n10"", ""n12""]",0,0
1,3,FixedThreshold,768,[],0,0
1,3,FixedThreshold,769,[],0,0
1,3,FixedThreshold,770,[],0,0
1,3,FixedThreshold,771,[],0,0
1,3,FixedThreshold,772,[],0,1
1,3,FixedThreshold,773,[],0,0
1,3,FixedThreshold,774,[],0,0
1,3,FixedThreshold,775,[],0,1
1,3,FixedThreshold,776,[],0,0
1,3,FixedThreshold,777,[],0,0
1,3,FixedThreshold,778,[],0,0
1,3,FixedThreshold,779,[],0,0
1,3,FixedThreshold,780,[],0,0
1,3,FixedThreshold,781,[],0,1
1,3,FixedThreshold,782,"[""n06""]",0,0
1,3,FixedThreshold,783,"[""n01"", ""n04"", ""n09""]",1,1
1,3,FixedThreshold,848,[],0,0
1,3,FixedThreshold,849,[],0,0
1,3,FixedThreshold,850,[],0,0
1,3,FixedThreshold,851,[],0,0
1,3,FixedThreshold,852,[],0,1
1,3,FixedThreshold,853,[],0,0
1,3,FixedThreshold,854,[],0,1
1,3,FixedThreshold,855,[],0,0
1,3,FixedThreshold,872,"[""n03""]",0,0
1,3,FixedThreshold,873,[],0,0
1,3,FixedThreshold,874,"[""n14""]",0,0
1,3,FixedThreshold,875,"[""n07""]",0,0
1,3,FixedThreshold,876,[],0,0
1,3,FixedThreshold,877,[],0,0
1,3,FixedThreshold,878,[],0,0
1,3,FixedThreshold,879,[],0,1
1,3,FixedThreshold,880,[],0,1
1,3,FixedThreshold,881,[],0,1
1,3,FixedThreshold,882,[],0,0
1,3,FixedThreshold,883,[],0,0
1,3,FixedThreshold,884,"[""n11""]",0,1
1,3,FixedThreshold,885,[],0,0
1,3,FixedThreshold,886,[],0,0
1,3,FixedThreshold,887,"[""n01""]",0,0
1,3,FixedThreshold,912,[],0,0
1,3,FixedThreshold,913,[],0,0
1,3,FixedThreshold,914,[],0,0
1,3,FixedThreshold,915,[],0,0
1,3,FixedThreshold,916,[],0,1
1,3,FixedThreshold,917,[],0,0
1,3,FixedThreshold,918,"[""n09""]",0,0
1,3,FixedThreshold,919,[],0,0
1,3,FixedThreshold,920,[],0,0
1,3,FixedThreshold,921,[],0,0
1,3,FixedThreshold,922,"[""n05""]",0,0
1,3,FixedThreshold,923,[],0,0
1,3,FixedThreshold,924,[],0,0
1,3,FixedThreshold,925,[],0,0
1,3,FixedThreshold,926,"[""n04""]",0,0
1,3,FixedThreshold,927,"[""n02""]",0,0
1,3,SingleCenter,40,"[""n05"", ""n09"", ""n13""]",0,0
1,3,SingleCenter,41,"[""n12"", ""n13""]",0,0
1,3,SingleCenter,42,"[""n00"", ""n13""]",1,1
1,3,SingleCenter,43,"[""n01"", ""n11"", ""n13"", ""n14"", ""n15""]",1,1
1,3,SingleCenter,44,"[""n03"", ""n06"", ""n11"", ""n14""]",1,1
1,3,SingleCenter,45,"[""n02"", ""n04"", ""n13"", ""n15""]",1,1
1,3,SingleCenter,46,"[""n07"", ""n09"", ""n11""]",0,0
1,3,SingleCenter,47,"[""n01"", ""n03"", ""n09"", ""n10"", ""n12""]",1,1
1,3,SingleCenter,88,"[""n08"", ""n11""]",0,0
1,3,SingleCenter,89,"[""n08""]",0,0
1,3,SingleCenter,90,"[""n04"", ""n09""]",0,0
1,3,SingleCenter,91,"[""n07"", ""n08""]",0,0
1,3,SingleCenter,92,"[""n06"", ""n16"", ""n17""]",1,0
1,3,SingleCenter,93,"[""n11""]",0,0
1,3,SingleCenter,94,"[""n02""]",0,0
1,3,SingleCenter,95,"[""n11""]",0,0
1,3,SingleCenter,96,"[""n01"", ""n07""]",0,0
1,3,SingleCenter,97,"[""n01"", ""n04"", ""n05"", ""n07""]",0,0
1,3,SingleCenter,98,"[""n09""]",1,0
1,3,SingleCenter,99,[],0,0
1,3,SingleCenter,100,"[""n03"", ""n08""]",0,0
1,3,SingleCenter,101,[],0,0
1,3,SingleCenter,102,"[""n00""]",0,0
1,3,SingleCenter,103,"[""n03"", ""n04""]",0,0
1,3,SingleCenter,104,"[""n05"", ""n11"", ""n17""]",1,0
1,3,SingleCenter,105,"[""n02"", ""n06""]",1,0
1,3,SingleCenter,106,"[""n01"", ""n06"", ""n08"", ""n11""]",1,0
1,3,SingleCenter,107,[],0,0
1,3,SingleCenter,108,"[""n05"", ""n07"", ""n10"", ""n15""]",1,1
1,3,SingleCenter,109,"[""n08""]",0,0
1,3,SingleCenter,110,"[""n03"", ""n07"", ""n08"", ""n15""]",1,1
1,3,SingleCenter,111,"[""n12""]",0,0
1,3,SingleCenter,176,[],0,0
1,3,SingleCenter,177,"[""n09""]",0,0
1,3,SingleCenter,178,"[""n01"", ""n02""]",0,0
1,3,SingleCenter,179,"[""n01"", ""n03""]",0,0
1,3,SingleCenter,180,"[""n00"", ""n02"", ""n08"", ""n09"", ""n10""]",1,0
1,3,SingleCenter,181,"[""n10"", ""n11"", ""n12""]",0,0
1,3,SingleCenter,182,"[""n03"", ""n05"", ""n06"", ""n10"", ""n14""]",1,1
1,3,SingleCenter,183,"[""n02""]",0,0
1,3,SingleCenter,240,"[""n01"", ""n10"", ""n11""]",1,0
1,3,SingleCenter,241,"[""n05""]",1,1
1,3,SingleCenter,242,"[""n01"", ""n04"", ""n07""]",1,1
1,3,SingleCenter,243,"[""n08""]",0,0
1,3,SingleCenter,244,"[""n01"", ""n13""]",1,1
1,3,SingleCenter,245,"[""n09""]",1,1
1,3,SingleCenter,246,"[""n06"", ""n09""]",1,1
1,3,SingleCenter,247,"[""n03""]",1,0
1,3,SingleCenter,264,"[""n09""]",1,1
1,3,SingleCenter,265,"[""n00""]",0,0
1,3,SingleCenter,266,"[""n01"", ""n04""]",0,0
1,3,SingleCenter,267,"[""n07""]",0,0
1,3,SingleCenter,268,"[""n03"", ""n04""]",0,0
1,3,SingleCenter,269,"[""n03"", ""n06""]",0,0
1,3,SingleCenter,270,"[""n02""]",0,0
1,3,SingleCenter,271,"[""n01"", ""n04"", ""n06""]",0,0
1,3,SingleCenter,272,"[""n02"", ""n05""]",0,0
1,3,SingleCenter,273,"[""n07"", ""n10""]",0,0
1,3,SingleCenter,274,"[""n10"", ""n16""]",1,1
1,3,SingleCenter,275,"[""n08""]",0,0
1,3,SingleCenter,276,"[""n00"", ""n05""]",0,0
1,3,SingleCenter,277,[],0,0
1,3,SingleCenter,278,[],0,0
1,3,SingleCenter,279,[],0,0
1,3,SingleCenter,336,"[""n01""]",0,0
1,3,SingleCenter,337,"[""n02"", ""n14"", ""n15""]",0,0
1,3,SingleCenter,338,"[""n08"", ""n10"", ""n15"", ""n17""]",1,0
1,3,SingleCenter,339,"[""n04"", ""n06"", ""n10""]",0,0
1,3,SingleCenter,340,"[""n11"", ""n17""]",1,0
1,3,SingleCenter,341,"[""n05"", ""n13"", ""n17""]",1,0
1,3,SingleCenter,342,"[""n00"", ""n12"", ""n15"", ""n16""]",1,0
1,3,SingleCenter,343,"[""n02"", ""n03"", ""n13"", ""n14""]",1,0
1,3,SingleCenter,344,"[""n03""]",0,0
1,3,SingleCenter,345,[],0,0
1,3,SingleCenter,346,"[""n03"", ""n11""]",1,1
1,3,SingleCenter,347,"[""n01"", ""n04"", ""n06"", ""n11""]",1,0
1,3,SingleCenter,348,"[""n01""]",0,0
1,3,SingleCenter,349,"[""n01""]",0,0
1,3,SingleCenter,350,[],0,0
1,3,SingleCenter,351,"[""n05""]",0,0
1,3,SingleCenter,376,"[""n04"", ""n10"", ""n12""]",0,0
1,3,SingleCenter,377,"[""n00"", ""n04"", ""n08"", ""n11"", ""n13""]",1,1
1,3,SingleCenter,378,"[""n02""]",1,0
1,3,SingleCenter,379,"[""n01"", ""n02"", ""n04"", ""n13""]",1,0
1,3,SingleCenter,380,"[""n01""]",0,0
1,3,SingleCenter,381,"[""n02"", ""n03"", ""n05"", ""n08"", ""n09""]",1,1
1,3,SingleCenter,382,"[""n01"", ""n13""]",1,1
1,3,SingleCenter,383,"[""n02"", ""n07"", ""n09""]",1,0
1,3,SingleCenter,392,"[""n07"", ""n08"", ""n09""]",0,0
1,3,SingleCenter,393,"[""n04"", ""n16""]",1,1
1,3,SingleCenter,394,"[""n00"", ""n07""]",0,0
1,3,SingleCenter,395,"[""n04"", ""n15""]",0,0
1,3,SingleCenter,396,[],0,0
1,3,SingleCenter,397,"[""n03""]",0,0
1,3,SingleCenter,398,"[""n00"", ""n13"", ""n16""]",1,0
1,3,SingleCenter,399,"[""n04""]",0,0
1,3,SingleCenter,416,"[""n10""]",0,0
1,3,SingleCenter,417,"[""n02"", ""n07""]",0,0
1,3,SingleCenter,418,"[""n05""]",0,0
1,3,SingleCenter,419,"[""n02"", ""n05""]",0,0
1,3,SingleCenter,420,"[""n01"", ""n14""]",1,0
1,3,SingleCenter,421,"[""n07"", ""n09""]",0,0
1,3,SingleCenter,422,"[""n12""]",0,0
1,3,SingleCenter,423,"[""n03"", ""n08""]",0,0
1,3,SingleCenter,520,"[""n03"", ""n08""]",0,0
1,3,SingleCenter,521,"[""n02"", ""n04"", ""n07""]",0,0
1,3,SingleCenter,522,"[""n04""]",0,0
1,3,SingleCenter,523,"[""n03"", ""n04""]",0,0
1,3,SingleCenter,524,"[""n07"", ""n08"", ""n09""]",1,1
1,3,SingleCenter,525,"[""n05"", ""n06""]",0,0
1,3,SingleCenter,526,"[""n02"", ""n04"", ""n07""]",0,0
1,3,SingleCenter,527,[],0,0
1,3,SingleCenter,576,"[""n13""]",0,0
1,3,SingleCenter,577,[],0,0
1,3,SingleCenter,578,"[""n15""]",0,0
1,3,SingleCenter,579,"[""n06"", ""n16""]",0,0
1,3,SingleCenter,580,"[""n08"", ""n11"", ""n13"", ""n14"", ""n15""]",0,0
1,3,SingleCenter,581,"[""n09"", ""n14""]",1,1
1,3,SingleCenter,582,"[""n09"", ""n11"", ""n17""]",1,1
1,3,SingleCenter,583,"[""n01"", ""n04"", ""n05"", ""n09"", ""n14""]",1,1
1,3,SingleCenter,608,"[""n00"", ""n02""]",1,1
1,3,SingleCenter,609,[],0,0
1,3,SingleCenter,610,"[""n03"", ""n05"", ""n06"", ""n07""]",0,0
1,3,SingleCenter,611,[],0,0
1,3,SingleCenter,612,"[""n04""]",0,0
1,3,SingleCenter,613,"[""n00"", ""n02"", ""n06""]",1,1
1,3,SingleCenter,614,"[""n03""]",0,0
1,3,SingleCenter,615,"[""n01"", ""n09""]",1,0
1,3,SingleCenter,688,"[""n04""]",0,0
1,3,SingleCenter,689,"[""n04"", ""n11""]",1,1
1,3,SingleCenter,690,"[""n08"", ""n12""]",0,0
1,3,SingleCenter,691,"[""n07"", ""n13""]",0,0
1,3,SingleCenter,692,"[""n08""]",0,0
1,3,SingleCenter,693,"[""n01""]",0,0
1,3,SingleCenter,694,"[""n06""]",0,0
1,3,SingleCenter,695,"[""n01"", ""n06"", ""n10"", ""n12""]",0,0
1,3,SingleCenter,768,"[""n00"", ""n08""]",1,0
1,3,SingleCenter,769,[],0,0
1,3,SingleCenter,770,"[""n04""]",1,0
1,3,SingleCenter,771,[],0,0
1,3,SingleCenter,772,"[""n09""]",1,1
1,3,SingleCenter,773,[],0,0
1,3,SingleCenter,774,"[""n02"", ""n03""]",1,0
1,3,SingleCenter,775,"[""n11""]",1,1
1,3,SingleCenter,776,"[""n04""]",1,0
1,3,SingleCenter,777,"[""n07""]",0,0
1,3,SingleCenter,778,[],0,0
1,3,SingleCenter,779,"[""n08""]",0,0
1,3,SingleCenter,780,"[""n12""]",0,0
1,3,SingleCenter,781,"[""n01"", ""n03"", ""n07"", ""n12""]",1,1
1,3,SingleCenter,782,"[""n06""]",0,0
1,3,SingleCenter,783,"[""n01"", ""n04"", ""n09""]",1,1
1,3,SingleCenter,848,"[""n10"", ""n11"", ""n13""]",0,0
1,3,SingleCenter,849,[],0,0
1,3,SingleCenter,850,[],0,0
1,3,SingleCenter,851,"[""n10""]",0,0
1,3,SingleCenter,852,"[""n00"", ""n01"", ""n06"", ""n07"", ""n08"", ""n14""]",1,1
1,3,SingleCenter,853,"[""n10""]",0,0
1,3,SingleCenter,854,"[""n00"", ""n05"", ""n11"", ""n16""]",1,1
1,3,SingleCenter,855,[],0,0
1,3,SingleCenter,872,"[""n03""]",0,0
1,3,SingleCenter,873,"[""n09""]",0,0
1,3,SingleCenter,874,"[""n04"", ""n14""]",0,0
1,3,SingleCenter,875,"[""n07""]",0,0
1,3,SingleCenter,876,"[""n00"", ""n13""]",0,0
1,3,SingleCenter,877,"[""n10"", ""n14""]",0,0
1,3,SingleCenter,878,"[""n01"", ""n04"", ""n06"", ""n07"", ""n10""]",0,0
1,3,SingleCenter,879,"[""n00"", ""n01"", ""n02"", ""n06"", ""n07""]",1,1
1,3,SingleCenter,880,"[""n10"", ""n13"", ""n16""]",1,1
1,3,SingleCenter,881,"[""n16""]",1,1
1,3,SingleCenter,882,"[""n06"", ""n07""]",0,0
1,3,SingleCenter,883,"[""n14"", ""n15"", ""n16""]",1,0
1,3,SingleCenter,884,"[""n11"", ""n16""]",1,1
1,3,SingleCenter,885,"[""n02"", ""n07"", ""n08""]",0,0
1,3,SingleCenter,886,"[""n06""]",0,0
1,3,SingleCenter,887,"[""n01"", ""n02"", ""n15""]",0,0
1,3,SingleCenter,912,"[""n03""]",0,0
1,3,SingleCenter,913,"[""n08"", ""n13""]",0,0
1,3,SingleCenter,914,"[""n00"", ""n13"", ""n15""]",0,0
1,3,SingleCenter,915,"[""n00"", ""n09""]",0,0
1,3,SingleCenter,916,"[""n00"", ""n03"", ""n09"", ""n10"", ""n11"", ""n13"", ""n16""]",1,1
1,3,SingleCenter,917,[],0,0
1,3,SingleCenter,918,"[""n00"", ""n09""]",0,0
1,3,SingleCenter,919,"[""n03"", ""n04"", ""n14"", ""n15""]",0,0
1,3,SingleCenter,920,[],0,0
1,3,SingleCenter,921,"[""n03""]",1,0
1,3,SingleCenter,922,"[""n05""]",0,0
1,3,SingleCenter,923,"[""n00"", ""n03"", ""n09""]",1,0
1,3,SingleCenter,924,"[""n01"", ""n05"", ""n08""]",0,0
1,3,SingleCenter,925,[],0,0
1,3,SingleCenter,926,"[""n00"", ""n04""]",0,0
1,3,SingleCenter,927,"[""n02""]",0,0
1,3,KMeans,40,"[""n13""]",0,0
1,3,KMeans,41,"[""n12"", ""n13""]",0,0
1,3,KMeans,42,"[""n00"", ""n04"", ""n13""]",1,1
1,3,KMeans,43,"[""n13"", ""n14"", ""n15""]",1,1
1,3,KMeans,44,"[""n03"", ""n06"", ""n11""]",1,1
1,3,KMeans,45,"[""n04"", ""n13"", ""n15""]",1,1
1,3,KMeans,46,"[""n01"", ""n06"", ""n07"", ""n09"", ""n11""]",1,0
1,3,KMeans,47,"[""n01"", ""n03"", ""n12""]",1,1
1,3,KMeans,88,"[""n03"", ""n08"", ""n11""]",0,0
1,3,KMeans,89,"[""n08"", ""n16""]",0,0
1,3,KMeans,90,"[""n04"", ""n07"", ""n09""]",0,0
1,3,KMeans,91,"[""n07"", ""n08""]",0,0
1,3,KMeans,92,"[""n06""]",0,0
1,3,KMeans,93,"[""n11""]",0,0
1,3,KMeans,94,"[""n02""]",0,0
1,3,KMeans,95,"[""n11""]",0,0
1,3,KMeans,96,"[""n07"", ""n08""]",0,0
1,3,KMeans,97,"[""n01"", ""n04"", ""n05"", ""n07""]",0,0
1,3,KMeans,98,"[""n09""]",1,0
1,3,KMeans,99,[],0,0
1,3,KMeans,100,"[""n03"", ""n08""]",0,0
1,3,KMeans,101,"[""n03""]",0,0
1,3,KMeans,102,"[""n00""]",0,0
1,3,KMeans,103,"[""n08""]",0,0
1,3,KMeans,104,"[""n00"", ""n05"", ""n11""]",1,0
1,3,KMeans,105,[],0,0
1,3,KMeans,106,"[""n01"", ""n08"", ""n11""]",0,0
1,3,KMeans,107,"[""n02"", ""n12""]",0,0
1,3,KMeans,108,"[""n00"", ""n05"", ""n07"", ""n10""]",1,1
1,3,KMeans,109,"[""n08"", ""n09""]",0,0
1,3,KMeans,110,"[""n03"", ""n07"", ""n12""]",1,1
1,3,KMeans,111,"[""n05"", ""n12""]",0,0
1,3,KMeans,176,[],0,0
1,3,KMeans,177,[],0,0
1,3,KMeans,178,"[""n01"", ""n02""]",0,0
1,3,KMeans,179,"[""n01"", ""n03""]",0,0
1,3,KMeans,180,"[""n00"", ""n02"", ""n08"", ""n09"", ""n10""]",1,0
1,3,KMeans,181,"[""n10"", ""n12""]",0,0
1,3,KMeans,182,"[""n03"", ""n05"", ""n14""]",1,1
1,3,KMeans,183,"[""n02""]",0,0
1,3,KMeans,240,"[""n10"", ""n11""]",0,0
1,3,KMeans,241,"[""n05""]",1,1
1,3,KMeans,242,"[""n01"", ""n04"", ""n07""]",1,1
1,3,KMeans,243,"[""n08"", ""n09""]",1,0
1,3,KMeans,244,"[""n01"", ""n11"", ""n13""]",1,1
1,3,KMeans,245,"[""n09""]",1,1
1,3,KMeans,246,"[""n09""]",1,1
1,3,KMeans,247,"[""n00"", ""n08""]",0,0
1,3,KMeans,264,"[""n07"", ""n09""]",1,1
1,3,KMeans,265,[],0,0
1,3,KMeans,266,"[""n01"", ""n04""]",0,0
1,3,KMeans,267,"[""n07""]",0,0
1,3,KMeans,268,[],0,0
1,3,KMeans,269,"[""n03""]",0,0
1,3,KMeans,270,[],0,0
1,3,KMeans,271,"[""n01"", ""n04""]",0,0
1,3,KMeans,272,"[""n02"", ""n05""]",0,0
1,3,KMeans,273,"[""n07"", ""n08""]",0,0
1,3,KMeans,274,"[""n10"", ""n11"", ""n16""]",1,1
1,3,KMeans,275,"[""n08""]",0,0
1,3,KMeans,276,"[""n00""]",0,0
1,3,KMeans,277,[],0,0
1,3,KMeans,278,"[""n13""]",0,0
1,3,KMeans,279,"[""n16""]",1,0
1,3,KMeans,336,"[""n01""]",0,0
1,3,KMeans,337,"[""n02"", ""n14"", ""n15""]",0,0
1,3,KMeans,338,[],0,0
1,3,KMeans,339,"[""n04"", ""n06"", ""n10""]",0,0
1,3,KMeans,340,"[""n00"", ""n11""]",1,0
1,3,KMeans,341,"[""n10"", ""n13"", ""n14""]",0,0
1,3,KMeans,342,"[""n06"", ""n15"", ""n16""]",0,0
1,3,KMeans,343,"[""n02"", ""n13"", ""n14"", ""n16""]",0,0
1,3,KMeans,344,"[""n10""]",0,0
1,3,KMeans,345,"[""n10""]",0,0
1,3,KMeans,346,"[""n03"", ""n08"", ""n11""]",1,1
1,3,KMeans,347,"[""n01"", ""n04"", ""n06""]",0,0
1,3,KMeans,348,"[""n01""]",0,0
1,3,KMeans,349,"[""n01"", ""n04""]",0,0
1,3,KMeans,350,[],0,0
1,3,KMeans,351,[],0,0
1,3,KMeans,376,"[""n04"", ""n10"", ""n12""]",0,0
1,3,KMeans,377,"[""n00"", ""n04"", ""n08"", ""n11"", ""n13""]",1,1
1,3,KMeans,378,"[""n06""]",0,0
1,3,KMeans,379,"[""n04"", ""n12""]",0,0
1,3,KMeans,380,"[""n01"", ""n07"", ""n12""]",0,0
1,3,KMeans,381,"[""n02"", ""n03"", ""n05"", ""n08"", ""n09""]",1,1
1,3,KMeans,382,"[""n01"", ""n13""]",1,1
1,3,KMeans,383,[],0,0
1,3,KMeans,392,"[""n08""]",0,0
1,3,KMeans,393,"[""n04"", ""n16""]",1,1
1,3,KMeans,394,"[""n00"", ""n07""]",0,0
1,3,KMeans,395,"[""n04"", ""n15""]",0,0
1,3,KMeans,396,[],0,0
1,3,KMeans,397,"[""n03""]",0,0
1,3,KMeans,398,"[""n00"", ""n13""]",0,0
1,3,KMeans,399,"[""n04"", ""n06""]",0,0
1,3,KMeans,416,"[""n10""]",0,0
1,3,KMeans,417,"[""n07""]",0,0
1,3,KMeans,418,"[""n05"", ""n06""]",0,0
1,3,KMeans,419,"[""n02"", ""n05""]",0,0
1,3,KMeans,420,"[""n01"", ""n14""]",1,0
1,3,KMeans,421,"[""n05"", ""n07"", ""n09""]",0,0
1,3,KMeans,422,"[""n02"", ""n12""]",0,0
1,3,KMeans,423,"[""n08""]",0,0
1,3,KMeans,520,[],0,0
1,3,KMeans,521,"[""n02"", ""n07""]",0,0
1,3,KMeans,522,"[""n04""]",0,0
1,3,KMeans,523,"[""n04""]",0,0
1,3,KMeans,524,"[""n03"", ""n09""]",1,1
1,3,KMeans,525,"[""n06""]",0,0
1,3,KMeans,526,"[""n02"", ""n04"", ""n07""]",0,0
1,3,KMeans,527,[],0,0
1,3,KMeans,576,"[""n13""]",0,0
1,3,KMeans,577,"[""n12""]",0,0
1,3,KMeans,578,"[""n00"", ""n04""]",0,0
1,3,KMeans,579,"[""n03"", ""n06"", ""n12"", ""n16""]",1,0
1,3,KMeans,580,"[""n08"", ""n11"", ""n13"", ""n15""]",0,0
1,3,KMeans,581,"[""n09"", ""n14""]",1,1
1,3,KMeans,582,"[""n09"", ""n11""]",1,1
1,3,KMeans,583,"[""n01"", ""n04"", ""n05"", ""n09"", ""n14""]",1,1
1,3,KMeans,608,"[""n00"", ""n02"", ""n09""]",1,1
1,3,KMeans,609,"[""n05""]",0,0
1,3,KMeans,610,"[""n03"", ""n05"", ""n06"", ""n07""]",0,0
1,3,KMeans,611,"[""n00""]",0,0
1,3,KMeans,612,"[""n04"", ""n05""]",0,0
1,3,KMeans,613,"[""n00"", ""n02"", ""n06""]",1,1
1,3,KMeans,614,"[""n03"", ""n07""]",0,0
1,3,KMeans,615,"[""n01""]",0,0
1,3,KMeans,688,"[""n04""]",0,0
1,3,KMeans,689,"[""n06"", ""n08"", ""n11""]",1,1
1,3,KMeans,690,"[""n01"", ""n12"", ""n13""]",0,0
1,3,KMeans,691,"[""n07"", ""n13""]",0,0
1,3,KMeans,692,"[""n08""]",0,0
1,3,KMeans,693,[],0,0
1,3,KMeans,694,"[""n03"", ""n06""]",1,0
1,3,KMeans,695,"[""n01"", ""n10"", ""n12"", ""n13""]",0,0
1,3,KMeans,768,"[""n00""]",1,0
1,3,KMeans,769,[],0,0
1,3,KMeans,770,"[""n06""]",0,0
1,3,KMeans,771,[],0,0
1,3,KMeans,772,"[""n03"", ""n09""]",1,1
1,3,KMeans,773,[],0,0
1,3,KMeans,774,"[""n02"", ""n03""]",1,0
1,3,KMeans,775,"[""n11""]",1,1
1,3,KMeans,776,"[""n13""]",1,0
1,3,KMeans,777,"[""n07""]",0,0
1,3,KMeans,778,[],0,0
1,3,KMeans,779,[],0,0
1,3,KMeans,780,"[""n12""]",0,0
1,3,KMeans,781,"[""n01"", ""n03"", ""n07"", ""n12""]",1,1
1,3,KMeans,782,"[""n06"", ""n12""]",0,0
1,3,KMeans,783,"[""n01"", ""n04"", ""n09"", ""n12""]",1,1
1,3,KMeans,848,"[""n10"", ""n11"", ""n13""]",0,0
1,3,KMeans,849,[],0,0
1,3,KMeans,850,"[""n09""]",0,0
1,3,KMeans,851,"[""n10""]",0,0
1,3,KMeans,852,"[""n00"", ""n01"", ""n06"", ""n07"", ""n08"", ""n14""]",1,1
1,3,KMeans,853,"[""n10""]",0,0
1,3,KMeans,854,"[""n00"", ""n05"", ""n11"", ""n16""]",1,1
1,3,KMeans,855,"[""n10""]",0,0
1,3,KMeans,872,"[""n00"", ""n03""]",0,0
1,3,KMeans,873,"[""n09""]",0,0
1,3,KMeans,874,"[""n00"", ""n14""]",0,0
1,3,KMeans,875,"[""n02"", ""n07"", ""n15""]",1,0
1,3,KMeans,876,"[""n13""]",0,0
1,3,KMeans,877,"[""n10"", ""n14""]",0,0
1,3,KMeans,878,"[""n01"", ""n04"", ""n06"", ""n07"", ""n10""]",0,0
1,3,KMeans,879,"[""n00"", ""n02"", ""n06""]",1,1
1,3,KMeans,880,"[""n10"", ""n13"", ""n16""]",1,1
1,3,KMeans,881,"[""n09"", ""n16""]",1,1
1,3,KMeans,882,"[""n06"", ""n07""]",0,0
1,3,KMeans,883,"[""n15""]",0,0
1,3,KMeans,884,"[""n09"", ""n11"", ""n16""]",1,1
1,3,KMeans,885,"[""n00"", ""n02"", ""n07"", ""n08""]",0,0
1,3,KMeans,886,"[""n06""]",0,0
1,3,KMeans,887,"[""n00"", ""n01"", ""n02"", ""n08"", ""n12""]",1,0
1,3,KMeans,912,"[""n03"", ""n10"", ""n14""]",0,0
1,3,KMeans,913,"[""n06"", ""n08"", ""n13""]",0,0
1,3,KMeans,914,"[""n00"", ""n08"", ""n13"", ""n15""]",0,0
1,3,KMeans,915,"[""n00""]",0,0
1,3,KMeans,916,"[""n00"", ""n03"", ""n06"", ""n09"", ""n10"", ""n11"", ""n13"", ""n16""]",1,1
1,3,KMeans,917,"[""n16""]",1,0
1,3,KMeans,918,"[""n09""]",0,0
1,3,KMeans,919,"[""n02"", ""n03"", ""n04"", ""n14"", ""n15""]",0,0
1,3,KMeans,920,[],0,0
1,3,KMeans,921,"[""n03""]",1,0
1,3,KMeans,922,"[""n05""]",0,0
1,3,KMeans,923,"[""n03""]",1,0
1,3,KMeans,924,"[""n01"", ""n08""]",0,0
1,3,KMeans,925,[],0,0
1,3,KMeans,926,"[""n00"", ""n04""]",0,0
1,3,KMeans,927,"[""n02""]",0,0
1,4,FixedThreshold,8,"[""n06"", ""n07""]",0,0
1,4,FixedThreshold,9,[],0,0
1,4,FixedThreshold,10,[],0,0
1,4,FixedThreshold,11,[],0,0
1,4,FixedThreshold,12,[],0,0
1,4,FixedThreshold,13,[],0,0
1,4,FixedThreshold,14,[],0,0
1,4,FixedThreshold,15,[],0,1
1,4,FixedThreshold,16,"[""n00"", ""n12""]",1,1
1,4,FixedThreshold,17,[],0,0
1,4,FixedThreshold,18,"[""n00""]",0,0
1,4,FixedThreshold,19,"[""n09""]",0,0
1,4,FixedThreshold,20,[],0,0
1,4,FixedThreshold,21,"[""n03""]",0,0
1,4,FixedThreshold,22,[],0,0
1,4,FixedThreshold,23,[],0,0
1,4,FixedThreshold,24,"[""n05""]",0,0
1,4,FixedThreshold,25,[],0,0
1,4,FixedThreshold,26,[],0,0
1,4,FixedThreshold,27,[],0,0
1,4,FixedThreshold,28,[],0,0
1,4,FixedThreshold,29,[],0,0
1,4,FixedThreshold,30,"[""n06""]",0,0
1,4,FixedThreshold,31,[],0,0
1,4,FixedThreshold,56,"[""n03""]",0,0
1,4,FixedThreshold,57,"[""n10""]",0,0
1,4,FixedThreshold,58,"[""n07""]",0,0
1,4,FixedThreshold,59,[],0,0
1,4,FixedThreshold,60,[],0,0
1,4,FixedThreshold,61,"[""n09""]",0,0
1,4,FixedThreshold,62,"[""n09""]",0,0
1,4,FixedThreshold,63,"[""n08""]",0,0
1,4,FixedThreshold,64,"[""n03""]",0,0
1,4,FixedThreshold,65,"[""n06""]",0,0
1,4,FixedThreshold,66,[],0,0
1,4,FixedThreshold,67,[],0,0
1,4,FixedThreshold,68,"[""n06""]",0,0
1,4,FixedThreshold,69,[],0,0
1,4,FixedThreshold,70,[],0,0
1,4,FixedThreshold,71,[],0,0
1,4,FixedThreshold,80,[],0,0
1,4,FixedThreshold,81,"[""n02""]",0,0
1,4,FixedThreshold,82,[],0,0
1,4,FixedThreshold,83,[],0,0
1,4,FixedThreshold,84,[],0,0
1,4,FixedThreshold,85,[],0,0
1,4,FixedThreshold,86,[],0,0
1,4,FixedThreshold,87,[],0,0
1,4,FixedThreshold,168,"[""n02"", ""n03""]",0,0
1,4,FixedThreshold,169,[],0,0
1,4,FixedThreshold,170,[],0,0
1,4,FixedThreshold,171,[],0,0
1,4,FixedThreshold,172,[],0,1
1,4,FixedThreshold,173,[],0,1
1,4,FixedThreshold,174,[],0,1
1,4,FixedThreshold,175,[],0,1
1,4,FixedThreshold,400,[],0,0
1,4,FixedThreshold,401,[],0,1
1,4,FixedThreshold,402,"[""n01""]",0,0
1,4,FixedThreshold,403,[],0,0
1,4,FixedThreshold,404,"[""n05""]",0,0
1,4,FixedThreshold,405,[],0,0
1,4,FixedThreshold,406,[],0,0
1,4,FixedThreshold,407,[],0,0
1,4,FixedThreshold,424,[],0,1
1,4,FixedThreshold,425,[],0,0
1,4,FixedThreshold,426,[],0,0
1,4,FixedThreshold,427,[],0,0
1,4,FixedThreshold,428,"[""n08""]",0,0
1,4,FixedThreshold,429,[],0,0
1,4,FixedThreshold,430,[],0,1
1,4,FixedThreshold,431,"[""n04"", ""n10""]",1,1
1,4,FixedThreshold,456,[],0,0
1,4,FixedThreshold,457,[],0,0
1,4,FixedThreshold,458,[],0,0
1,4,FixedThreshold,459,[],0,1
1,4,FixedThreshold,460,[],0,0
1,4,FixedThreshold,461,[],0,0
1,4,FixedThreshold,462,[],0,0
1,4,FixedThreshold,463,[],0,0
1,4,FixedThreshold,544,[],0,0
1,4,FixedThreshold,545,[],0,0
1,4,FixedThreshold,546,[],0,0
1,4,FixedThreshold,547,[],0,0
1,4,FixedThreshold,548,[],0,0
1,4,FixedThreshold,549,"[""n05""]",0,0
1,4,FixedThreshold,550,[],0,0
1,4,FixedThreshold,551,[],0,0
1,4,FixedThreshold,616,"[""n12""]",0,0
1,4,FixedThreshold,617,[],0,0
1,4,FixedThreshold,618,"[""n00"", ""n06"", ""n10"", ""n13""]",0,0
1,4,FixedThreshold,619,[],0,1
1,4,FixedThreshold,620,[],0,0
1,4,FixedThreshold,621,[],0,0
1,4,FixedThreshold,622,"[""n02"", ""n16"", ""n17""]",1,1
1,4,FixedThreshold,623,[],0,0
1,4,FixedThreshold,648,[],0,0
1,4,FixedThreshold,649,[],0,0
1,4,FixedThreshold,650,"[""n04"", ""n06"", ""n07"", ""n08""]",0,0
1,4,FixedThreshold,651,[],0,0
1,4,FixedThreshold,652,[],0,0
1,4,FixedThreshold,653,[],0,0
1,4,FixedThreshold,654,[],0,0
1,4,FixedThreshold,655,"[""n00"", ""n02"", ""n12""]",1,1
1,4,FixedThreshold,664,"[""n09""]",0,0
1,4,FixedThreshold,665,[],0,0
1,4,FixedThreshold,666,[],0,0
1,4,FixedThreshold,667,[],0,0
1,4,FixedThreshold,668,[],0,0
1,4,FixedThreshold,669,"[""n08""]",0,0
1,4,FixedThreshold,670,[],0,1
1,4,FixedThreshold,671,[],0,0
1,4,FixedThreshold,704,[],0,0
1,4,FixedThreshold,705,"[""n06"", ""n11""]",0,0
1,4,FixedThreshold,706,"[""n16""]",1,1
1,4,FixedThreshold,707,"[""n00""]",0,0
1,4,FixedThreshold,708,"[""n06""]",0,0
1,4,FixedThreshold,709,"[""n05"", ""n15""]",0,0
1,4,FixedThreshold,710,"[""n12""]",0,0
1,4,FixedThreshold,711,[],0,0
1,4,FixedThreshold,728,[],0,0
1,4,FixedThreshold,729,[],0,0
1,4,FixedThreshold,730,"[""n00"", ""n07""]",0,0
1,4,FixedThreshold,731,[],0,0
1,4,FixedThreshold,732,[],0,0
1,4,FixedThreshold,733,"[""n10""]",0,0
1,4,FixedThreshold,734,[],0,0
1,4,FixedThreshold,735,[],0,0
1,4,FixedThreshold,736,[],0,1
1,4,FixedThreshold,737,"[""n06""]",0,0
1,4,FixedThreshold,738,[],0,0
1,4,FixedThreshold,739,[],0,0
1,4,FixedThreshold,740,[],0,0
1,4,FixedThreshold,741,[],0,0
1,4,FixedThreshold,742,[],0,0
1,4,FixedThreshold,743,[],0,0
1,4,FixedThreshold,744,"[""n01"", ""n03""]",0,0
1,4,FixedThreshold,745,[],0,0
1,4,FixedThreshold,746,[],0,1
1,4,FixedThreshold,747,[],0,0
1,4,FixedThreshold,748,"[""n05""]",0,1
1,4,FixedThreshold,749,[],0,1
1,4,FixedThreshold,750,"[""n02"", ""n05""]",0,0
1,4,FixedThreshold,751,[],0,0
1,4,FixedThreshold,760,[],0,0
1,4,FixedThreshold,761,[],0,0
1,4,FixedThreshold,762,[],0,0
1,4,FixedThreshold,763,[],0,0
1,4,FixedThreshold,764,[],0,0
1,4,FixedThreshold,765,[],0,0
1,4,FixedThreshold,766,[],0,0
1,4,FixedThreshold,767,"[""n02""]",0,0
1,4,FixedThreshold,784,[],0,0
1,4,FixedThreshold,785,[],0,0
1,4,FixedThreshold,786,[],0,0
1,4,FixedThreshold,787,[],0,0
1,4,FixedThreshold,788,"[""n01"", ""n06""]",0,0
1,4,FixedThreshold,789,"[""n09"", ""n11""]",0,0
1,4,FixedThreshold,790,[],0,0
1,4,FixedThreshold,791,[],0,0
1,4,FixedThreshold,792,"[""n07""]",1,1
1,4,FixedThreshold,793,[],0,1
1,4,FixedThreshold,794,[],0,0
1,4,FixedThreshold,795,[],0,0
1,4,FixedThreshold,796,[],0,0
1,4,FixedThreshold,797,[],0,0
1,4,FixedThreshold,798,[],0,0
1,4,FixedThreshold,799,[],0,0
1,4,FixedThreshold,824,[],0,1
1,4,FixedThreshold,825,[],0,0
1,4,FixedThreshold,826,[],0,0
1,4,FixedThreshold,827,"[""n01"", ""n09""]",0,0
1,4,FixedThreshold,828,[],0,0
1,4,FixedThreshold,829,[],0,0
1,4,FixedThreshold,830,[],0,0
1,4,FixedThreshold,831,[],0,0
1,4,FixedThreshold,840,[],0,1
1,4,FixedThreshold,841,"[""n07""]",1,1
1,4,FixedThreshold,842,"[""n08"", ""n09""]",0,0
1,4,FixedThreshold,843,[],0,0
1,4,FixedThreshold,844,[],0,1
1,4,FixedThreshold,845,[],0,0
1,4,FixedThreshold,846,[],0,1
1,4,FixedThreshold,847,[],0,1
1,4,FixedThreshold,864,[],0,0
1,4,FixedThreshold,865,[],0,0
1,4,FixedThreshold,866,"[""n03""]",0,0
1,4,FixedThreshold,867,"[""n10""]",0,0
1,4,FixedThreshold,868,"[""n01""]",0,0
1,4,FixedThreshold,869,"[""n07""]",0,0
1,4,FixedThreshold,870,"[""n01""]",0,0
1,4,FixedThreshold,871,[],0,0
1,4,SingleCenter,8,"[""n06"", ""n07"", ""n09""]",0,0
1,4,SingleCenter,9,[],0,0
1,4,SingleCenter,10,"[""n13""]",0,0
1,4,SingleCenter,11,"[""n07"", ""n11"", ""n14""]",0,0
1,4,SingleCenter,12,"[""n04""]",1,0
1,4,SingleCenter,13,"[""n05"", ""n06"", ""n12""]",0,0
1,4,SingleCenter,14,"[""n13""]",0,0
1,4,SingleCenter,15,"[""n02"", ""n04"", ""n06"", ""n08""]",1,1
1,4,SingleCenter,16,"[""n00"", ""n12""]",1,1
1,4,SingleCenter,17,"[""n00"", ""n06"", ""n11""]",0,0
1,4,SingleCenter,18,"[""n00"", ""n04"", ""n05"", ""n08""]",0,0
1,4,SingleCenter,19,"[""n09""]",0,0
1,4,SingleCenter,20,"[""n07""]",0,0
1,4,SingleCenter,21,"[""n01"", ""n03"", ""n04""]",0,0
1,4,SingleCenter,22,"[""n11""]",0,0
1,4,SingleCenter,23,"[""n02""]",0,0
1,4,SingleCenter,24,"[""n05""]",0,0
1,4,SingleCenter,25,"[""n08""]",0,0
1,4,SingleCenter,26,"[""n02""]",0,0
1,4,SingleCenter,27,[],0,0
1,4,SingleCenter,28,"[""n08""]",0,0
1,4,SingleCenter,29,[],0,0
1,4,SingleCenter,30,"[""n03"", ""n06"", ""n07""]",0,0
1,4,SingleCenter,31,[],0,0
1,4,SingleCenter,56,"[""n02"", ""n03"", ""n10""]",1,0
1,4,SingleCenter,57,"[""n00"", ""n10""]",1,0
1,4,SingleCenter,58,"[""n07""]",0,0
1,4,SingleCenter,59,"[""n13""]",1,0
1,4,SingleCenter,60,[],0,0
1,4,SingleCenter,61,"[""n02"", ""n03"", ""n07"", ""n09""]",1,0
1,4,SingleCenter,62,"[""n09""]",0,0
1,4,SingleCenter,63,"[""n01"", ""n05"", ""n08"", ""n12""]",0,0
1,4,SingleCenter,64,"[""n03"", ""n05"", ""n10""]",0,0
1,4,SingleCenter,65,"[""n04"", ""n06"", ""n08""]",0,0
1,4,SingleCenter,66,"[""n01"", ""n07""]",0,0
1,4,SingleCenter,67,"[""n04""]",0,0
1,4,SingleCenter,68,"[""n02"", ""n06""]",0,0
1,4,SingleCenter,69,"[""n01"", ""n08""]",0,0
1,4,SingleCenter,70,"[""n08""]",0,0
1,4,SingleCenter,71,"[""n04"", ""n10""]",0,0
1,4,SingleCenter,80,[],0,0
1,4,SingleCenter,81,"[""n02"", ""n03"", ""n05"", ""n10""]",1,0
1,4,SingleCenter,82,[],0,0
1,4,SingleCenter,83,"[""n04"", ""n05"", ""n10""]",1,0
1,4,SingleCenter,84,"[""n08""]",0,0
1,4,SingleCenter,85,"[""n00"", ""n04"", ""n07""]",1,0
1,4,SingleCenter,86,[],0,0
1,4,SingleCenter,87,"[""n02"", ""n09""]",0,0
1,4,SingleCenter,168,"[""n02"", ""n03"", ""n04"", ""n16""]",0,0
1,4,SingleCenter,169,"[""n03"", ""n05""]",0,0
1,4,SingleCenter,170,"[""n00"", ""n01"", ""n03"", ""n07""]",1,0
1,4,SingleCenter,171,"[""n12"", ""n16""]",0,0
1,4,SingleCenter,172,"[""n05"", ""n08"", ""n12"", ""n15""]",1,1
1,4,SingleCenter,173,"[""n03"", ""n08""]",1,1
1,4,SingleCenter,174,"[""n13""]",1,1
1,4,SingleCenter,175,"[""n06"", ""n11"", ""n16""]",1,1
1,4,SingleCenter,400,"[""n06"", ""n07""]",0,0
1,4,SingleCenter,401,"[""n00"", ""n12""]",1,1
1,4,SingleCenter,402,"[""n01"", ""n10"", ""n11"", ""n12""]",1,0
1,4,SingleCenter,403,"[""n01"", ""n04""]",0,0
1,4,SingleCenter,404,"[""n02"", ""n05"", ""n14"", ""n16""]",1,0
1,4,SingleCenter,405,"[""n04"", ""n09"", ""n16""]",1,0
1,4,SingleCenter,406,"[""n10""]",1,0
1,4,SingleCenter,407,[],0,0
1,4,SingleCenter,424,"[""n01"", ""n07""]",1,1
1,4,SingleCenter,425,"[""n02""]",0,0
1,4,SingleCenter,426,"[""n01""]",1,0
1,4,SingleCenter,427,"[""n07"", ""n09""]",0,0
1,4,SingleCenter,428,"[""n04"", ""n08"", ""n10""]",1,0
1,4,SingleCenter,429,"[""n07""]",0,0
1,4,SingleCenter,430,"[""n00"", ""n10""]",1,1
1,4,SingleCenter,431,"[""n03"", ""n04"", ""n08"", ""n10""]",1,1
1,4,SingleCenter,456,[],0,0
1,4,SingleCenter,457,[],0,0
1,4,SingleCenter,458,"[""n04"", ""n06""]",0,0
1,4,SingleCenter,459,"[""n00"", ""n10"", ""n11"", ""n13""]",1,1
1,4,SingleCenter,460,"[""n00"", ""n04"", ""n11""]",1,0
1,4,SingleCenter,461,"[""n01""]",0,0
1,4,SingleCenter,462,"[""n11""]",0,0
1,4,SingleCenter,463,"[""n10"", ""n15""]",1,0
1,4,SingleCenter,544,"[""n01"", ""n05""]",0,0
1,4,SingleCenter,545,"[""n03"", ""n05""]",0,0
1,4,SingleCenter,546,"[""n00""]",1,0
1,4,SingleCenter,547,[],0,0
1,4,SingleCenter,548,"[""n01""]",0,0
1,4,SingleCenter,549,"[""n05""]",0,0
1,4,SingleCenter,550,[],0,0
1,4,SingleCenter,551,[],0,0
1,4,SingleCenter,616,"[""n00"", ""n01"", ""n04"", ""n10"", ""n12"", ""n17""]",1,0
1,4,SingleCenter,617,"[""n07"", ""n16""]",0,0
1,4,SingleCenter,618,"[""n00"", ""n06"", ""n10"", ""n13"", ""n16""]",0,0
1,4,SingleCenter,619,"[""n01"", ""n02"", ""n03""]",1,1
1,4,SingleCenter,620,"[""n15""]",0,0
1,4,SingleCenter,621,"[""n06"", ""n09"", ""n16""]",0,0
1,4,SingleCenter,622,"[""n01"", ""n02"", ""n16"", ""n17""]",1,1
1,4,SingleCenter,623,"[""n02"", ""n08"", ""n13""]",0,0
1,4,SingleCenter,648,"[""n08"", ""n12""]",0,0
1,4,SingleCenter,649,"[""n06""]",0,0
1,4,SingleCenter,650,"[""n04"", ""n05"", ""n06"", ""n07"", ""n08""]",0,0
1,4,SingleCenter,651,"[""n04"", ""n14""]",1,0
1,4,SingleCenter,652,"[""n02"", ""n04""]",0,0
1,4,SingleCenter,653,"[""n06"", ""n13""]",0,0
1,4,SingleCenter,654,"[""n00"", ""n08""]",0,0
1,4,SingleCenter,655,"[""n00"", ""n02"", ""n12""]",1,1
1,4,SingleCenter,664,"[""n09""]",0,0
1,4,SingleCenter,665,[],0,0
1,4,SingleCenter,666,"[""n09"", ""n10"", ""n12""]",1,0
1,4,SingleCenter,667,[],0,0
1,4,SingleCenter,668,"[""n00""]",0,0
1,4,SingleCenter,669,"[""n03"", ""n08""]",0,0
1,4,SingleCenter,670,"[""n07""]",1,1
1,4,SingleCenter,671,"[""n00"", ""n08"", ""n11""]",0,0
1,4,SingleCenter,704,"[""n02"", ""n13""]",0,0
1,4,SingleCenter,705,"[""n02"", ""n03"", ""n05"", ""n06"", ""n08"", ""n09"", ""n11"", ""n13""]",0,0
1,4,SingleCenter,706,"[""n00"", ""n06"", ""n16""]",1,1
1,4,SingleCenter,707,"[""n00""]",0,0
1,4,SingleCenter,708,"[""n06""]",0,0
1,4,SingleCenter,709,"[""n02"", ""n05"", ""n15""]",0,0
1,4,SingleCenter,710,"[""n12""]",0,0
1,4,SingleCenter,711,"[""n00"", ""n01"", ""n03"", ""n04"", ""n06"", ""n07""]",0,0
1,4,SingleCenter,728,"[""n11""]",0,0
1,4,SingleCenter,729,"[""n02"", ""n04""]",0,0
1,4,SingleCenter,730,"[""n00"", ""n03"", ""n07""]",0,0
1,4,SingleCenter,731,[],0,0
1,4,SingleCenter,732,"[""n05""]",0,0
1,4,SingleCenter,733,"[""n00"", ""n05"", ""n08"", ""n10""]",0,0
1,4,SingleCenter,734,"[""n06"", ""n11""]",0,0
1,4,SingleCenter,735,"[""n04"", ""n06""]",0,0
1,4,SingleCenter,736,"[""n01"", ""n02"", ""n05"", ""n10""]",1,1
1,4,SingleCenter,737,"[""n02"", ""n06""]",0,0
1,4,SingleCenter,738,"[""n04"", ""n06"", ""n10""]",0,0
1,4,SingleCenter,739,"[""n09""]",0,0
1,4,SingleCenter,740,"[""n04""]",0,0
1,4,SingleCenter,741,"[""n02""]",0,0
1,4,SingleCenter,742,"[""n01"", ""n07""]",0,0
1,4,SingleCenter,743,"[""n01"", ""n05"", ""n07""]",1,0
1,4,SingleCenter,744,"[""n01"", ""n03""]",0,0
1,4,SingleCenter,745,"[""n00"", ""n05"", ""n08"", ""n10""]",0,0
1,4,SingleCenter,746,"[""n00"", ""n07""]",1,1
1,4,SingleCenter,747,[],0,0
1,4,SingleCenter,748,"[""n05"", ""n07"", ""n13""]",1,1
1,4,SingleCenter,749,"[""n05"", ""n13""]",1,1
1,4,SingleCenter,750,"[""n02"", ""n05""]",0,0
1,4,SingleCenter,751,"[""n00"", ""n04""]",0,0
1,4,SingleCenter,760,"[""n02""]",0,0
1,4,SingleCenter,761,"[""n08""]",0,0
1,4,SingleCenter,762,"[""n12""]",0,0
1,4,SingleCenter,763,"[""n02""]",0,0
1,4,SingleCenter,764,"[""n00""]",0,0
1,4,SingleCenter,765,"[""n03""]",0,0
1,4,SingleCenter,766,"[""n00"", ""n01"", ""n12""]",0,0
1,4,SingleCenter,767,"[""n02"", ""n04"", ""n08""]",0,0
1,4,SingleCenter,784,"[""n11""]",0,0
1,4,SingleCenter,785,"[""n02"", ""n08""]",0,0
1,4,SingleCenter,786,"[""n11""]",0,0
1,4,SingleCenter,787,[],0,0
1,4,SingleCenter,788,"[""n01"", ""n06"", ""n12"", ""n14""]",0,0
1,4,SingleCenter,789,"[""n00"", ""n09"", ""n11""]",0,0
1,4,SingleCenter,790,[],0,0
1,4,SingleCenter,791,"[""n00"", ""n02"", ""n09""]",0,0
1,4,SingleCenter,792,"[""n04"", ""n07""]",1,1
1,4,SingleCenter,793,"[""n06""]",1,1
1,4,SingleCenter,794,"[""n01"", ""n11""]",1,0
1,4,SingleCenter,795,[],0,0
1,4,SingleCenter,796,[],0,0
1,4,SingleCenter,797,[],0,0
1,4,SingleCenter,798,[],0,0
1,4,SingleCenter,799,"[""n09""]",0,0
1,4,SingleCenter,824,"[""n04"", ""n05"", ""n10""]",1,1
1,4,SingleCenter,825,"[""n04"", ""n08""]",0,0
1,4,SingleCenter,826,"[""n09""]",0,0
1,4,SingleCenter,827,"[""n01"", ""n05"", ""n09""]",0,0
1,4,SingleCenter,828,"[""n04"", ""n07""]",0,0
1,4,SingleCenter,829,"[""n00"", ""n04"", ""n06""]",0,0
1,4,SingleCenter,830,"[""n01""]",0,0
1,4,SingleCenter,831,"[""n02"", ""n04"", ""n09""]",1,0
1,4,SingleCenter,840,"[""n03""]",1,1
1,4,SingleCenter,841,"[""n04"", ""n06"", ""n07""]",1,1
1,4,SingleCenter,842,"[""n04"", ""n07"", ""n08"", ""n09""]",1,0
1,4,SingleCenter,843,"[""n06""]",0,0
1,4,SingleCenter,844,"[""n00"", ""n07""]",1,1
1,4,SingleCenter,845,[],0,0
1,4,SingleCenter,846,"[""n00"", ""n10"", ""n11""]",1,1
1,4,SingleCenter,847,"[""n00"", ""n01"", ""n06"", ""n07""]",1,1
1,4,SingleCenter,864,[],0,0
1,4,SingleCenter,865,"[""n05"", ""n10""]",0,0
1,4,SingleCenter,866,"[""n01"", ""n03"", ""n08"", ""n13""]",1,0
1,4,SingleCenter,867,"[""n05"", ""n08"", ""n09"", ""n10""]",0,0
1,4,SingleCenter,868,"[""n01""]",0,0
1,4,SingleCenter,869,"[""n07"", ""n12""]",0,0
1,4,SingleCenter,870,"[""n01""]",0,0
1,4,SingleCenter,871,"[""n04"", ""n07"", ""n08""]",0,0
1,4,KMeans,8,"[""n04"", ""n06"", ""n07""]",1,0
1,4,KMeans,9,[],0,0
1,4,KMeans,10,"[""n13""]",0,0
1,4,KMeans,11,"[""n07"", ""n11"", ""n14""]",0,0
1,4,KMeans,12,[],0,0
1,4,KMeans,13,"[""n00"", ""n05"", ""n06"", ""n08"", ""n12""]",0,0
1,4,KMeans,14,"[""n13""]",0,0
1,4,KMeans,15,"[""n04"", ""n06"", ""n08"", ""n16""]",1,1
1,4,KMeans,16,"[""n00"", ""n10"", ""n12""]",1,1
1,4,KMeans,17,[],0,0
1,4,KMeans,18,"[""n00"", ""n04"", ""n05"", ""n08""]",0,0
1,4,KMeans,19,"[""n09""]",0,0
1,4,KMeans,20,"[""n01"", ""n06"", ""n07""]",0,0
1,4,KMeans,21,"[""n03"", ""n04""]",0,0
1,4,KMeans,22,[],0,0
1,4,KMeans,23,[],0,0
1,4,KMeans,24,"[""n05""]",0,0
1,4,KMeans,25,"[""n08""]",0,0
1,4,KMeans,26,"[""n01"", ""n02""]",1,0
1,4,KMeans,27,[],0,0
1,4,KMeans,28,"[""n08""]",0,0
1,4,KMeans,29,"[""n02""]",0,0
1,4,KMeans,30,"[""n06""]",0,0
1,4,KMeans,31,[],0,0
1,4,KMeans,56,"[""n02"", ""n03""]",1,0
1,4,KMeans,57,"[""n10""]",0,0
1,4,KMeans,58,"[""n07""]",0,0
1,4,KMeans,59,[],0,0
1,4,KMeans,60,"[""n01""]",0,0
1,4,KMeans,61,"[""n07"", ""n09""]",0,0
1,4,KMeans,62,"[""n06"", ""n09""]",0,0
1,4,KMeans,63,"[""n01"", ""n05"", ""n08"", ""n12""]",0,0
1,4,KMeans,64,"[""n02"", ""n03"", ""n05""]",0,0
1,4,KMeans,65,"[""n06""]",0,0
1,4,KMeans,66,"[""n01"", ""n07""]",0,0
1,4,KMeans,67,"[""n01""]",0,0
1,4,KMeans,68,"[""n06""]",0,0
1,4,KMeans,69,"[""n01"", ""n03"", ""n08""]",1,0
1,4,KMeans,70,"[""n04"", ""n09"", ""n11""]",0,0
1,4,KMeans,71,"[""n04"", ""n10""]",0,0
1,4,KMeans,80,[],0,0
1,4,KMeans,81,"[""n02""]",0,0
1,4,KMeans,82,[],0,0
1,4,KMeans,83,"[""n03"", ""n04"", ""n10""]",1,0
1,4,KMeans,84,"[""n08""]",0,0
1,4,KMeans,85,"[""n00"", ""n04"", ""n07""]",1,0
1,4,KMeans,86,[],0,0
1,4,KMeans,87,[],0,0
1,4,KMeans,168,"[""n02"", ""n03"", ""n04"", ""n16""]",0,0
1,4,KMeans,169,[],0,0
1,4,KMeans,170,"[""n00"", ""n01"", ""n03"", ""n07""]",1,0
1,4,KMeans,171,"[""n12""]",0,0
1,4,KMeans,172,"[""n05"", ""n08"", ""n12""]",1,1
1,4,KMeans,173,"[""n03"", ""n08""]",1,1
1,4,KMeans,174,"[""n13""]",1,1
1,4,KMeans,175,"[""n04"", ""n06"", ""n11"", ""n16""]",1,1
1,4,KMeans,400,"[""n06"", ""n07""]",0,0
1,4,KMeans,401,"[""n00"", ""n12""]",1,1
1,4,KMeans,402,"[""n01"", ""n07""]",0,0
1,4,KMeans,403,"[""n01"", ""n04""]",0,0
1,4,KMeans,404,"[""n05""]",0,0
1,4,KMeans,405,"[""n09""]",0,0
1,4,KMeans,406,[],0,0
1,4,KMeans,407,[],0,0
1,4,KMeans,424,"[""n01"", ""n06"", ""n07""]",1,1
1,4,KMeans,425,"[""n02""]",0,0
1,4,KMeans,426,"[""n01"", ""n03""]",1,0
1,4,KMeans,427,"[""n07"", ""n08"", ""n09""]",0,0
1,4,KMeans,428,"[""n08""]",0,0
1,4,KMeans,429,"[""n07""]",0,0
1,4,KMeans,430,"[""n00"", ""n01"", ""n05"", ""n10""]",1,1
1,4,KMeans,431,"[""n03"", ""n04"", ""n10""]",1,1
1,4,KMeans,456,[],0,0
1,4,KMeans,457,"[""n06""]",0,0
1,4,KMeans,458,"[""n04"", ""n06""]",0,0
1,4,KMeans,459,"[""n04"", ""n08"", ""n11"", ""n13""]",1,1
1,4,KMeans,460,"[""n06"", ""n12""]",0,0
1,4,KMeans,461,"[""n01"", ""n07"", ""n15""]",1,0
1,4,KMeans,462,"[""n11"", ""n13""]",1,0
1,4,KMeans,463,"[""n00"", ""n10"", ""n12""]",1,0
1,4,KMeans,544,"[""n00"", ""n01"", ""n05""]",1,0
1,4,KMeans,545,"[""n05""]",0,0
1,4,KMeans,546,[],0,0
1,4,KMeans,547,[],0,0
1,4,KMeans,548,"[""n01""]",0,0
1,4,KMeans,549,"[""n05""]",0,0
1,4,KMeans,550,[],0,0
1,4,KMeans,551,[],0,0
1,4,KMeans,616,"[""n12"", ""n17""]",1,0
1,4,KMeans,617,"[""n02""]",0,0
1,4,KMeans,618,"[""n00"", ""n06"", ""n10"", ""n13"", ""n16""]",0,0
1,4,KMeans,619,"[""n01"", ""n08"", ""n16""]",1,1
1,4,KMeans,620,[],0,0
1,4,KMeans,621,"[""n06"", ""n09"", ""n16""]",0,0
1,4,KMeans,622,"[""n02"", ""n16"", ""n17""]",1,1
1,4,KMeans,623,"[""n02"", ""n08"", ""n13""]",0,0
1,4,KMeans,648,"[""n08"", ""n12""]",0,0
1,4,KMeans,649,"[""n06"", ""n08""]",0,0
1,4,KMeans,650,"[""n04"", ""n06"", ""n07"", ""n08"", ""n14""]",1,0
1,4,KMeans,651,"[""n03"", ""n04"", ""n09"", ""n14""]",1,0
1,4,KMeans,652,"[""n02"", ""n04""]",0,0
1,4,KMeans,653,[],0,0
1,4,KMeans,654,"[""n00"", ""n06"", ""n14""]",1,0
1,4,KMeans,655,"[""n00"", ""n02"", ""n04"", ""n12"", ""n13""]",1,1
1,4,KMeans,664,"[""n09""]",0,0
1,4,KMeans,665,"[""n08"", ""n11""]",0,0
1,4,KMeans,666,"[""n09"", ""n12""]",1,0
1,4,KMeans,667,[],0,0
1,4,KMeans,668,[],0,0
1,4,KMeans,669,"[""n03"", ""n08""]",0,0
1,4,KMeans,670,"[""n04"", ""n07""]",1,1
1,4,KMeans,671,[],0,0
1,4,KMeans,704,"[""n02"", ""n13""]",0,0
1,4,KMeans,705,"[""n02"", ""n06"", ""n11"", ""n15""]",0,0
1,4,KMeans,706,"[""n00"", ""n06"", ""n08"", ""n16""]",1,1
1,4,KMeans,707,"[""n00""]",0,0
1,4,KMeans,708,"[""n06""]",0,0
1,4,KMeans,709,"[""n02"", ""n05"", ""n15""]",0,0
1,4,KMeans,710,"[""n00"", ""n12""]",0,0
1,4,KMeans,711,"[""n00"", ""n01"", ""n03"", ""n04"", ""n06"", ""n07""]",0,0
1,4,KMeans,728,"[""n11""]",0,0
1,4,KMeans,729,"[""n02"", ""n04""]",0,0
1,4,KMeans,730,"[""n00"", ""n07""]",0,0
1,4,KMeans,731,[],0,0
1,4,KMeans,732,"[""n05""]",0,0
1,4,KMeans,733,"[""n05"", ""n10""]",0,0
1,4,KMeans,734,"[""n06"", ""n09"", ""n11"", ""n12""]",1,0
1,4,KMeans,735,"[""n04"", ""n06""]",0,0
1,4,KMeans,736,"[""n01"", ""n02"", ""n05"", ""n10""]",1,1
1,4,KMeans,737,"[""n06""]",0,0
1,4,KMeans,738,"[""n04"", ""n06"", ""n08"", ""n10""]",1,0
1,4,KMeans,739,"[""n05"", ""n07"", ""n09""]",1,0
1,4,KMeans,740,[],0,0
1,4,KMeans,741,"[""n02"", ""n09""]",0,0
1,4,KMeans,742,"[""n01"", ""n07""]",0,0
1,4,KMeans,743,"[""n01"", ""n05"", ""n07""]",1,0
1,4,KMeans,744,"[""n01"", ""n03"", ""n11""]",0,0
1,4,KMeans,745,"[""n00"", ""n05"", ""n08""]",0,0
1,4,KMeans,746,"[""n07""]",1,1
1,4,KMeans,747,[],0,0
1,4,KMeans,748,"[""n05"", ""n07"", ""n13""]",1,1
1,4,KMeans,749,"[""n00"", ""n05"", ""n13""]",1,1
1,4,KMeans,750,"[""n02"", ""n05""]",0,0
1,4,KMeans,751,"[""n00"", ""n04""]",0,0
1,4,KMeans,760,"[""n02""]",0,0
1,4,KMeans,761,"[""n11""]",0,0
1,4,KMeans,762,"[""n12""]",0,0
1,4,KMeans,763,"[""n02""]",0,0
1,4,KMeans,764,"[""n00""]",0,0
1,4,KMeans,765,"[""n02"", ""n03""]",0,0
1,4,KMeans,766,"[""n00"", ""n01"", ""n12""]",0,0
1,4,KMeans,767,"[""n02"", ""n08"", ""n10""]",0,0
1,4,KMeans,784,"[""n11""]",0,0
1,4,KMeans,785,"[""n02""]",0,0
1,4,KMeans,786,[],0,0
1,4,KMeans,787,"[""n03"", ""n10""]",0,0
1,4,KMeans,788,"[""n01"", ""n06""]",0,0
1,4,KMeans,789,"[""n00"", ""n09"", ""n11""]",0,0
1,4,KMeans,790,[],0,0
1,4,KMeans,791,"[""n00"", ""n02"", ""n09""]",0,0
1,4,KMeans,792,"[""n07""]",1,1
1,4,KMeans,793,"[""n06""]",1,1
1,4,KMeans,794,[],0,0
1,4,KMeans,795,"[""n01"", ""n07""]",1,0
1,4,KMeans,796,[],0,0
1,4,KMeans,797,"[""n09""]",0,0
1,4,KMeans,798,"[""n06""]",1,0
1,4,KMeans,799,"[""n09""]",0,0
1,4,KMeans,824,"[""n00"", ""n04"", ""n05"", ""n10""]",1,1
1,4,KMeans,825,"[""n04"", ""n08""]",0,0
1,4,KMeans,826,"[""n09""]",0,0
1,4,KMeans,827,"[""n01"", ""n09""]",0,0
1,4,KMeans,828,"[""n04"", ""n09""]",0,0
1,4,KMeans,829,"[""n00""]",0,0
1,4,KMeans,830,[],0,0
1,4,KMeans,831,"[""n01"", ""n04"", ""n09""]",0,0
1,4,KMeans,840,"[""n03""]",1,1
1,4,KMeans,841,"[""n06"", ""n07""]",1,1
1,4,KMeans,842,"[""n08"", ""n09"", ""n11""]",0,0
1,4,KMeans,843,"[""n06""]",0,0
1,4,KMeans,844,"[""n00"", ""n07""]",1,1
1,4,KMeans,845,[],0,0
1,4,KMeans,846,"[""n00"", ""n10"", ""n11""]",1,1
1,4,KMeans,847,"[""n00"", ""n01"", ""n06"", ""n07"", ""n11""]",1,1
1,4,KMeans,864,"[""n13""]",1,0
1,4,KMeans,865,"[""n02"", ""n05"", ""n10""]",0,0
1,4,KMeans,866,"[""n00"", ""n03""]",0,0
1,4,KMeans,867,"[""n05"", ""n08"", ""n09"", ""n10""]",0,0
1,4,KMeans,868,"[""n01""]",0,0
1,4,KMeans,869,"[""n03"", ""n07""]",0,0
1,4,KMeans,870,"[""n01""]",0,0
1,4,KMeans,871,"[""n04"", ""n07"", ""n08"", ""n12""]",1,0
