sample_id,group,snapshot,root_cpu,root_errors,root_latency,n_nodes,n_requires,n_replicas,alarm_fraction,root_down,down_fraction,reachable_fraction,exposed_fraction,reachable_down_fraction,degraded_fraction,mean_cpu,max_cpu,mean_errors,max_errors,target
0,0,0,0.5809340352495356,0.3227910140558103,75.46845592400047,10,8,0,0.3,0,0.3,0.2,0.0,0.0,0.0,0.5556070914934097,0.8827317719250419,0.4853535835942998,0.8884037474213209,0
1,0,1,0.4682586443399377,0.07634160489580757,60.173263498946525,10,8,0,0.0,0,0.0,0.2,0.0,0.0,0.0,0.4643968276503211,0.7282189383417477,0.2620714893592605,0.4038696091405409,0
2,0,2,0.41943451784652397,0.11202783146446224,52.64421329545241,10,8,0,0.2,1,0.6,0.2,1.0,1.0,0.0,0.5882813978851502,0.9800631186394969,0.49256036700945005,1.0,1
3,0,3,0.8299061288629368,0.5589277679581551,126.54545319209498,10,8,0,0.2,1,0.6,0.2,0.5,1.0,0.0,0.5714160693368768,0.8299061288629368,0.47889097477336506,0.7197463539623391,1
4,0,4,0.50616347406666,0.7020750723407154,116.36908546778828,10,8,0,0.4,1,0.8,0.2,0.5,0.5,0.0,0.5682829198732097,0.8120507540750173,0.5245689075626003,0.756050530720711,1
5,0,5,0.3147038050941476,0.31940180907666815,70.37953232344925,10,8,0,0.1,0,0.5,0.2,0.0,0.0,0.0,0.46106388588526875,0.8195336852640615,0.3830173649555054,0.7997254149525996,0
6,0,6,0.30245999899469894,0.2171498510340676,41.478708636287394,10,8,0,0.2,1,0.9,0.2,0.5,1.0,0.0,0.49863329779553595,0.8788989101576554,0.4131675391498753,0.8203823165394954,0
7,0,7,0.36011919234039297,0.1805433839177193,70.13775292904751,10,8,0,0.0,0,0.0,0.2,0.0,0.0,0.0,0.3713136059448342,0.5602861782436217,0.2610843857214252,0.46915153944466303,0
8,1,0,0.6808558800503566,0.5815659238975277,142.83557266114863,17,12,5,0.29411764705882354,0,0.47058823529411764,0.11764705882352941,0.0,0.0,0.17647058823529413,0.6195997377407971,0.861622782186468,0.5133881359501254,0.9166591443198803,1
9,1,1,0.2635598178403271,0.1975910777365547,32.879114437987496,17,12,5,0.11764705882352941,1,0.5882352941176471,0.11764705882352941,0.5,1.0,0.29411764705882354,0.3816556157975514,0.7008605736982847,0.3146343284105596,0.8183466430837597,0
10,1,2,0.3632547748171871,0.19237418231753906,65.98386904053677,17,12,5,0.058823529411764705,0,0.058823529411764705,0.11764705882352941,0.0,0.0,0.0,0.4392402616478798,0.6299729934905888,0.3049621465898835,0.6279443162643905,0
11,1,3,0.38927621280111335,0.07083342490596056,81.75874658796121,17,12,5,0.0,0,0.0,0.11764705882352941,0.0,0.0,0.0,0.3997451718982297,0.6589364665700838,0.25461925166674204,0.471022984458512,1
12,1,4,0.48086331030849794,0.25706496565205805,75.45142774521193,17,12,5,0.0,0,0.0,0.11764705882352941,0.0,0.0,0.0,0.4022959018787505,0.6079709496196039,0.28250487941775165,0.5692468513550634,0
13,1,5,0.7002800996486801,0.7709955515620625,154.81047983986355,17,12,5,0.4117647058823529,1,0.5294117647058824,0.11764705882352941,0.5,0.5,0.29411764705882354,0.5147787472690601,0.7002800996486801,0.536059464782084,0.7709955515620625,1
14,1,6,0.3570584752389755,0.32243050364113107,73.92535116163876,17,12,5,0.17647058823529413,0,0.29411764705882354,0.11764705882352941,0.0,0.0,0.11764705882352941,0.5142679357577097,0.6946815632091555,0.44182688447407575,0.861415429026067,1
15,1,7,0.5615746843528747,0.5184226778791295,138.59444992035623,17,12,5,0.0,0,0.0,0.11764705882352941,0.0,0.0,0.0,0.3973067602809451,0.7071623800478677,0.23705401080810956,0.5819471198263058,0
16,2,0,0.23086110326778625,0.21783260737616122,65.55277498788354,13,6,5,0.0,0,0.0,0.3076923076923077,0.0,0.0,0.0,0.3563388226618895,0.6916751745262798,0.1686777280242057,0.4807223350141261,0
17,2,1,0.582464455994047,0.3853671723811531,107.18367708229665,13,6,5,0.23076923076923078,0,0.3076923076923077,0.3076923076923077,0.0,0.0,0.15384615384615385,0.5127839380130509,0.7483112215853134,0.4299658207542088,0.6847304275506738,0
18,2,2,0.3055929878312642,0.4784676039640411,98.24481687527087,13,6,5,0.23076923076923078,0,0.23076923076923078,0.3076923076923077,0.25,0.25,0.07692307692307693,0.5698421619994096,0.837253803400759,0.537919915079355,0.8797569073362644,0
19,2,3,0.5527787932123256,0.47015703952194043,128.3744650033276,13,6,5,0.46153846153846156,0,0.7692307692307693,0.3076923076923077,0.5,0.5,0.38461538461538464,0.6451504796460454,0.9912783510690433,0.575085149348931,0.9991598355614393,1
20,2,4,0.5488022585820485,0.3891151704640752,106.12290776873952,13,6,5,0.23076923076923078,0,0.3076923076923077,0.3076923076923077,0.0,0.0,0.0,0.5102434610296814,0.6850307358419647,0.49069362376199155,0.7741630032410922,0
21,2,5,0.49715314523108645,0.38651672554323635,101.11325247078365,13,6,5,0.15384615384615385,0,0.23076923076923078,0.3076923076923077,0.0,0.0,0.0,0.535458957208623,0.9941772459089887,0.4799416636526572,1.0,0
22,2,6,0.462963030394449,0.33161463993497825,76.55452981828324,13,6,5,0.23076923076923078,0,0.38461538461538464,0.3076923076923077,0.25,0.25,0.07692307692307693,0.48294603598968666,0.7277193036258212,0.4259245035990635,0.7878033761790272,0
23,2,7,0.7305002623360463,0.7075707700632041,145.60574512347105,13,6,5,0.38461538461538464,1,0.46153846153846156,0.3076923076923077,0.0,0.0,0.0,0.5881648392491672,1.0,0.50936814308486,1.0,0
24,3,0,0.48567485578494785,0.43735386649377617,109.07235193457947,12,4,6,0.16666666666666666,0,0.16666666666666666,0.16666666666666666,0.0,0.0,0.08333333333333333,0.5105966406211179,0.7871647750310494,0.4187789429825883,0.6801361270063102,0
25,3,1,0.736333671613052,0.5814024477520462,143.88783322773693,12,4,6,0.08333333333333333,0,0.08333333333333333,0.16666666666666666,0.0,0.0,0.0,0.46784388718751346,0.736333671613052,0.3789831813492284,0.7066910039011821,1
26,3,2,0.5615297963205608,0.4111878512064991,104.26125707348427,12,4,6,0.25,0,0.4166666666666667,0.16666666666666666,0.0,0.0,0.25,0.5169659776361607,0.7369010173036428,0.4478321098077895,0.853571362182181,0
27,3,3,0.4202789608137946,0.13276135182760468,79.89486605556658,12,4,6,0.16666666666666666,0,0.25,0.16666666666666666,0.0,0.0,0.16666666666666666,0.46902473092913305,0.6723232453324746,0.40653404275360994,0.7533515007947263,1
28,3,4,0.2936311408103584,0.06482437388818701,63.158725461980225,12,4,6,0.0,0,0.0,0.16666666666666666,0.0,0.0,0.0,0.46368079640187304,0.8063017285424836,0.356549804743646,0.5912202180105091,0
29,3,5,0.47905882719577575,0.4028292504028316,93.03659352760734,12,4,6,0.16666666666666666,0,0.16666666666666666,0.16666666666666666,0.0,0.0,0.08333333333333333,0.5434950865982993,0.95471341561999,0.5106943845465871,0.9480007479047041,0
30,3,6,0.5076018954375614,0.2636198328030418,78.37187283358064,12,4,6,0.08333333333333333,0,0.08333333333333333,0.16666666666666666,0.0,0.0,0.08333333333333333,0.5299348685753826,0.7669451986461161,0.44318071450052443,0.6861343760035686,0
31,3,7,0.5185898586143166,0.40018197728751587,115.0916239783264,12,4,6,0.08333333333333333,0,0.16666666666666666,0.16666666666666666,0.0,0.0,0.0,0.4331097049202894,0.6919801970397201,0.3353842149954928,0.674137702797722,0
32,4,0,0.4867723321252251,0.3971107546530497,84.08161909991625,11,9,2,0.0,0,0.0,0.36363636363636365,0.0,0.0,0.0,0.3732109204533511,0.5110478448022434,0.25274027080366024,0.5146643622943393,0
33,4,1,0.37579338592684763,0.19880366270213248,75.73761070324923,11,9,2,0.0,0,0.0,0.36363636363636365,0.0,0.0,0.0,0.3320262493084682,0.44577672013174596,0.23976120089189681,0.5915241280476469,0
34,4,2,0.624798662939889,0.33094682909104983,99.2665016708089,11,9,2,0.0,0,0.0,0.36363636363636365,0.0,0.0,0.0,0.45388996865050263,0.624798662939889,0.27911275853512657,0.3872995304099017,0
35,4,3,0.5692130290784446,0.7336511488080777,161.15437946358458,11,9,2,0.2727272727272727,1,0.6363636363636364,0.36363636363636365,0.25,0.25,0.09090909090909091,0.5711020989501155,0.7235140688064835,0.5196001354575155,0.7336511488080777,0
36,4,4,0.45877257035262464,0.3211254581830755,84.43049749441364,11,9,2,0.18181818181818182,0,0.36363636363636365,0.36363636363636365,0.25,0.25,0.09090909090909091,0.5264749359466149,0.7848555223066626,0.4952076266694711,0.8379982779150997,0
37,4,5,0.33422663100825245,0.08413729295833206,40.85013178491935,11,9,2,0.0,0,0.0,0.36363636363636365,0.0,0.0,0.0,0.3825021421741473,0.5801340987051435,0.24084202726156095,0.5067140038564681,0
38,4,6,0.3787703769884451,0.267769445228158,94.65133430261854,11,9,2,0.09090909090909091,0,0.18181818181818182,0.36363636363636365,0.0,0.0,0.0,0.47981479236631175,0.6434801132680148,0.3977776053567906,0.7838857388528224,0
39,4,7,0.41036238203784814,0.23915322829570942,70.19409873756668,11,9,2,0.09090909090909091,0,0.36363636363636365,0.36363636363636365,0.25,0.5,0.18181818181818182,0.4480676874273424,0.6641575853569778,0.3195319379408463,0.6431564464147167,0
40,5,0,0.6282943831164829,0.5214888229170758,100.9463278096999,16,12,4,0.0625,0,0.1875,0.4375,0.0,0.0,0.0625,0.530180996084458,0.8627464663168591,0.4149917882571592,0.7525044678868822,0
41,5,1,0.36708876973506077,0.28845559272443416,73.44119220583848,16,12,4,0.0625,0,0.0625,0.4375,0.0,0.0,0.125,0.39932090209884263,0.47575738591560857,0.24758913305560615,0.6376462585146357,0
42,5,2,0.734250978884533,0.7778134655335518,173.12650248257668,16,12,4,0.1875,1,0.4375,0.4375,0.14285714285714285,0.42857142857142855,0.25,0.5524903148534219,0.7444669342427844,0.5155198394760586,0.8815297749263229,0
43,5,3,0.20945810933668496,0.18461555237262547,55.505963001850496,16,12,4,0.0,0,0.0,0.4375,0.0,0.0,0.0,0.35056185619629976,0.6500386588318204,0.2641890067516825,0.5498710558965891,1
44,5,4,0.38001221268612995,0.4182408488802502,97.55535252585969,16,12,4,0.3125,1,0.875,0.4375,0.5714285714285714,1.0,0.25,0.5522489119929536,0.9110280747417294,0.5007394941819184,0.6909340170300385,0
45,5,5,0.42804517436200246,0.3287539962366074,71.42422999122425,16,12,4,0.125,1,0.6875,0.4375,0.14285714285714285,0.7142857142857143,0.25,0.4918982432243593,0.8571560433146888,0.38729684203023174,0.8611943855946206,1
46,5,6,0.4647708327169561,0.182849472902543,87.43791648846116,16,12,4,0.3125,0,0.4375,0.4375,0.14285714285714285,0.42857142857142855,0.25,0.5338179895997568,0.8222287044599513,0.46784249359893365,0.979435100263882,1
47,5,7,0.42964482965529416,0.2982095979233806,40.47641434186225,16,12,4,0.125,1,0.75,0.4375,0.14285714285714285,0.8571428571428571,0.25,0.4547367008348989,0.7967473538289955,0.40763537742640477,0.9330269596741091,0
48,6,0,0.4906969427264981,0.3053402853273084,105.94868803675354,15,10,4,0.06666666666666667,0,0.13333333333333333,0.06666666666666667,0.0,0.0,0.0,0.47187797964641515,0.7429031132394386,0.37329830130174746,0.7937169934530826,0
49,6,1,0.5169414484930623,0.5216150399922265,98.28718343021643,15,10,4,0.06666666666666667,0,0.06666666666666667,0.06666666666666667,0.0,0.0,0.0,0.38255033330358784,0.6911216855539212,0.2802482081423431,0.6411400632302768,0
50,6,2,0.276816222919421,0.2840320167945778,57.05517329666447,15,10,4,0.06666666666666667,0,0.4,0.06666666666666667,0.0,0.0,0.13333333333333333,0.3769569523973532,0.5856819764584241,0.24015187494366116,0.6353276164081388,0
51,6,3,0.21078878823857375,0.09328191147142002,33.892328058554014,15,10,4,0.0,0,0.0,0.06666666666666667,0.0,0.0,0.0,0.40466267762502034,0.5992598352737979,0.24711020382553178,0.5509630213373132,0
52,6,4,0.3821244314092558,0.43242781045912465,81.22920810065919,15,10,4,0.06666666666666667,0,0.06666666666666667,0.06666666666666667,0.0,0.0,0.0,0.4553083351278569,0.7645316625155653,0.42470920594646444,0.8820283769534767,0
53,6,5,0.415856716055787,0.5837434156167635,90.87536812650634,15,10,4,0.3333333333333333,1,0.6,0.06666666666666667,1.0,1.0,0.2,0.52987757821385,0.8742657245008426,0.5120029510633064,0.7299787914541951,0
54,6,6,0.32582696166414205,0.181916562002581,58.83755296581826,15,10,4,0.0,0,0.0,0.06666666666666667,0.0,0.0,0.0,0.41273859569323795,0.7482782732640185,0.31110967004050327,0.586803734244632,0
55,6,7,0.32745572832012754,0.15870511881445534,65.4896973111566,15,10,4,0.06666666666666667,0,0.06666666666666667,0.06666666666666667,0.0,0.0,0.0,0.4945242291505264,0.8541619748776601,0.3462428709819128,0.7087189086792364,1
56,7,0,0.3215300176628777,0.4214779076942058,90.40153330837282,14,11,3,0.14285714285714285,0,0.21428571428571427,0.5714285714285714,0.125,0.125,0.07142857142857142,0.48123684077209333,0.7626717853148659,0.4329908691729364,0.868502039074141,0
57,7,1,0.29344965587812644,0.28150349857163304,76.5742382838751,14,11,3,0.0,0,0.0,0.5714285714285714,0.0,0.0,0.0,0.4496705642380542,0.752366187808543,0.3479011775129322,0.5678802022448188,1
58,7,2,0.21189735169286722,0.12368000554975346,73.3701324674269,14,11,3,0.0,0,0.0,0.5714285714285714,0.0,0.0,0.0,0.341779168149988,0.5604028220518236,0.19682400578992398,0.3886216998527336,0
59,7,3,0.34995668332893,0.0,51.926306133504745,14,11,3,0.21428571428571427,0,0.42857142857142855,0.5714285714285714,0.25,0.375,0.14285714285714285,0.40471916755539106,0.8119652092331753,0.2921096033307509,0.8121751092992892,0
60,7,4,0.3080667681124305,0.29239145839186115,94.71588263876473,14,11,3,0.0,0,0.0,0.5714285714285714,0.0,0.0,0.0,0.38666463776588184,0.6681009943287254,0.24977366295464828,0.5531750571256165,0
61,7,5,0.43342004588297883,0.38048822201894383,67.20226527149799,14,11,3,0.0,0,0.0,0.5714285714285714,0.0,0.0,0.0,0.36736556762180933,0.590540269623135,0.2765303200490414,0.5458006553143144,0
62,7,6,0.45029422657099755,0.7282316988899785,118.36293751104,14,11,3,0.14285714285714285,1,0.35714285714285715,0.5714285714285714,0.125,0.25,0.07142857142857142,0.42033394468828655,0.753649347948101,0.34823428227193703,0.8396381804218953,1
63,7,7,0.7706333682030905,0.40915608123245695,146.32101518034523,14,11,3,0.07142857142857142,0,0.07142857142857142,0.5714285714285714,0.0,0.0,0.0,0.5241945500253554,0.7725462217131264,0.42588362523825923,0.7092316368899508,1
64,8,0,0.37238347630137225,0.0,20.313167881516463,14,12,3,0.14285714285714285,0,0.14285714285714285,0.42857142857142855,0.16666666666666666,0.16666666666666666,0.14285714285714285,0.38457445103069865,0.7227085499517857,0.23095943209635622,0.6945819755770162,0
65,8,1,0.6228866074750437,0.8587635841942682,144.77240023237897,14,12,3,0.21428571428571427,1,0.21428571428571427,0.42857142857142855,0.0,0.0,0.0,0.5293488967873728,0.9825616601533949,0.4976449895008391,0.8587635841942682,1
66,8,2,0.2813312575106819,0.0,39.64003752027392,14,12,3,0.07142857142857142,0,0.07142857142857142,0.42857142857142855,0.0,0.0,0.07142857142857142,0.33503894995311223,0.8761869312055459,0.2400424512602137,0.9870226952164427,0
67,8,3,0.3873831177483761,0.2804551721561966,73.02861240303454,14,12,3,0.2857142857142857,0,0.8571428571428571,0.42857142857142855,0.5,0.8333333333333334,0.21428571428571427,0.5432515189822411,0.6713442289420758,0.47354878992566,0.6878597856841306,0
68,8,4,0.4588038161842229,0.2866679038771647,76.0881936302583,14,12,3,0.0,0,0.0,0.42857142857142855,0.0,0.0,0.0,0.37016856832145667,0.6965651134827784,0.29256546232719344,0.5881388382557612,0
69,8,5,0.4366435924374482,0.17228198385105037,67.38885728790845,14,12,3,0.14285714285714285,1,0.7857142857142857,0.42857142857142855,0.3333333333333333,0.8333333333333334,0.21428571428571427,0.4143197036771879,0.6375676364167421,0.33651048665916516,0.8839175789251117,0
70,8,6,0.39420266181183644,0.3056462243696088,74.50900978543478,14,12,3,0.21428571428571427,0,0.2857142857142857,0.42857142857142855,0.16666666666666666,0.16666666666666666,0.07142857142857142,0.4608301636440907,0.7985705814771464,0.4342183518563584,0.8611676749096755,0
71,8,7,0.6047096869294708,0.7159267117535464,121.56341151563655,14,12,3,0.21428571428571427,1,0.7857142857142857,0.42857142857142855,0.16666666666666666,0.6666666666666666,0.21428571428571427,0.49972300266894226,0.6839064408277921,0.424805186573972,0.7159267117535464,0
72,9,0,0.5965838424154537,0.29845804085615335,98.44431518505341,12,9,3,0.25,1,0.75,0.3333333333333333,0.25,1.0,0.16666666666666666,0.4980513437201884,0.7714687243230688,0.4628614705709803,0.7659936344972299,0
73,9,1,0.46658568310597553,0.2879857032937039,88.08843629749862,12,9,3,0.16666666666666666,1,0.8333333333333334,0.3333333333333333,0.25,1.0,0.25,0.5110360277844058,0.7595319233192103,0.4383346025069618,0.7855189108992032,1
74,9,2,0.5189379471123573,0.29174919401648863,97.95332082205519,12,9,3,0.0,0,0.0,0.3333333333333333,0.0,0.0,0.0,0.4718460655194933,0.6117124247414477,0.36208262245540923,0.5339391256085462,0
75,9,3,0.4802396488029522,0.33810461295012284,86.36581128804511,12,9,3,0.08333333333333333,1,0.5833333333333334,0.3333333333333333,0.25,1.0,0.16666666666666666,0.5183818369573718,0.8166535211997745,0.41539728081304966,1.0,1
76,9,4,0.5246267384713392,0.43186631823991245,109.19655412671924,12,9,3,0.16666666666666666,0,0.25,0.3333333333333333,0.0,0.0,0.16666666666666666,0.5433777066906864,0.7508494027298537,0.4524173316932157,0.8181565216290746,0
77,9,5,0.6463736707835306,0.3564994802958484,113.15547658395724,12,9,3,0.0,0,0.0,0.3333333333333333,0.0,0.0,0.0,0.4865557152882507,0.6463736707835306,0.38391384009782153,0.5884973478243513,1
78,9,6,0.3309572399663092,0.02967209844327924,63.453273771418075,12,9,3,0.08333333333333333,0,0.08333333333333333,0.3333333333333333,0.0,0.0,0.08333333333333333,0.47070329910972325,0.6970635855668624,0.33975441851259336,0.632538430155802,1
79,9,7,0.4526583620751631,0.33344999512365703,83.96636963858205,12,9,3,0.16666666666666666,0,0.16666666666666666,0.3333333333333333,0.0,0.0,0.08333333333333333,0.4523474616308913,0.6143317804697437,0.34105502951655026,0.821422311867263,0
80,10,0,0.7530865328639659,0.6106040546365717,127.31039360749891,11,4,5,0.18181818181818182,1,0.2727272727272727,0.45454545454545453,0.0,0.0,0.18181818181818182,0.4894015801788486,0.8235396707710221,0.45732907814581164,0.9276035390958285,1
81,10,1,0.6618739688455995,0.5648468747050753,148.54553957235348,11,4,5,0.2727272727272727,1,0.5454545454545454,0.45454545454545453,0.4,0.4,0.18181818181818182,0.6099866709288968,0.9623144235018916,0.5688323073926042,0.9837670612756491,0
82,10,2,0.23465676453920664,0.23358765585038985,56.70631004512325,11,4,5,0.09090909090909091,0,0.09090909090909091,0.45454545454545453,0.0,0.0,0.09090909090909091,0.38333332614078847,0.6740047469210876,0.2319020128934868,0.6047226975874658,0
83,10,3,0.4490316450038117,0.20093937503532744,64.81421048144324,11,4,5,0.2727272727272727,0,0.5454545454545454,0.45454545454545453,0.2,0.2,0.36363636363636365,0.5504623401211474,0.8377676694758909,0.4800150937834988,0.7257104318345403,0
84,10,4,0.48888802288723493,0.18575105380769785,45.68689947596988,11,4,5,0.0,0,0.0,0.45454545454545453,0.0,0.0,0.0,0.45375135252960047,0.6125490409262662,0.30652327918722977,0.5185892309509345,0
85,10,5,0.3242309570855951,0.20827431463557997,73.74432208271692,11,4,5,0.09090909090909091,1,0.18181818181818182,0.45454545454545453,0.2,0.2,0.0,0.4101994275936814,0.6889652805809231,0.2822793600757879,0.6209286108577406,0
86,10,6,0.29372201145377075,0.4561503848800052,96.28806830344121,11,4,5,0.18181818181818182,0,0.18181818181818182,0.45454545454545453,0.2,0.2,0.36363636363636365,0.5204878490326513,0.838473621172158,0.4838242022282033,0.6952821489754994,1
87,10,7,0.7315010821935961,0.61750045491313,134.63718626418097,11,4,5,0.2727272727272727,1,0.36363636363636365,0.45454545454545453,0.2,0.2,0.2727272727272727,0.5234653769531739,0.8383000328388894,0.3891370157916245,0.69676755583359,0
88,11,0,0.30675327927817964,0.13514964689772851,89.9434324481772,18,14,6,0.1111111111111111,0,0.1111111111111111,0.2777777777777778,0.2,0.2,0.1111111111111111,0.47581858800809357,0.9697855286738725,0.40304989396900504,1.0,0
89,11,1,0.3938168392087178,0.21562878335730584,66.7058407429819,18,14,6,0.05555555555555555,0,0.1111111111111111,0.2777777777777778,0.0,0.0,0.05555555555555555,0.4447274335261107,0.76394470482986,0.3025515341009663,0.6719318375441131,0
90,11,2,0.486845783477347,0.2185561248024741,127.71719342347927,18,14,6,0.2777777777777778,0,0.6111111111111112,0.2777777777777778,0.4,0.6,0.3333333333333333,0.5540147970380959,0.7707291525668997,0.4808444013376,0.9077719788355892,0
91,11,3,0.5927575715186114,0.2339561955112673,90.88347206820707,18,14,6,0.16666666666666666,0,0.2222222222222222,0.2777777777777778,0.0,0.0,0.05555555555555555,0.5627245151293615,0.7650920787289788,0.5023934492345448,0.9530345224453203,0
92,11,4,0.5189007314053385,0.18504255505282707,50.12449890764912,18,14,6,0.16666666666666666,0,0.6111111111111112,0.2777777777777778,0.2,0.4,0.2222222222222222,0.46420046774858764,0.7583058492310234,0.3314599483191617,0.9006175143023483,0
93,11,5,0.36518862784821515,0.11446784843337784,70.64014628706981,18,14,6,0.05555555555555555,0,0.2777777777777778,0.2777777777777778,0.2,0.4,0.2777777777777778,0.39362045503652887,0.8235575768953936,0.34767533577325194,0.6780193903239702,0
94,11,6,0.534922324974019,0.5340708290132796,139.6341062449041,18,14,6,0.16666666666666666,0,0.2222222222222222,0.2777777777777778,0.0,0.0,0.05555555555555555,0.5022896151405106,0.8449352362077241,0.3584472401107527,0.8034657172094063,0
95,11,7,0.4026966618478316,0.2775039370498183,68.03557957412774,18,14,6,0.2777777777777778,1,0.7777777777777778,0.2777777777777778,0.4,0.6,0.3333333333333333,0.48649236770840226,0.7509922594147703,0.4268920393037356,0.9779498166721202,0
96,12,0,0.38000101975235007,0.4988383219032952,90.18210160930514,10,3,4,0.3,1,0.6,0.3,0.6666666666666666,1.0,0.4,0.5832270333973274,0.8769611318344539,0.5626182859188554,1.0,0
97,12,1,0.40640604421050125,0.41673989681863205,70.21157997004026,10,3,4,0.1,0,0.1,0.3,0.0,0.0,0.0,0.4253610594191162,0.7691954402857748,0.299460346244716,0.7440325769160819,0
98,12,2,0.4024590817094957,0.24810271832715353,72.0043371380959,10,3,4,0.1,0,0.1,0.3,0.0,0.0,0.0,0.4205423351724763,0.7397407056475445,0.3162801752986049,0.6877151585327038,0
99,12,3,0.6833282275555351,0.3817169732079122,131.32611880485288,10,3,4,0.0,0,0.0,0.3,0.0,0.0,0.0,0.523500643305045,0.6833282275555351,0.39329782957421544,0.5753461804002643,0
100,12,4,0.660664618756222,0.7783606415472074,145.3053358497718,10,3,4,0.2,1,0.3,0.3,0.0,0.0,0.1,0.5293900893510837,0.660664618756222,0.5374564560693029,0.8589358342833358,0
101,12,5,0.44977178081376634,0.4695674529376495,97.78568891885928,10,3,4,0.3,0,0.3,0.3,0.6666666666666666,0.6666666666666666,0.4,0.5585916929249797,0.7952337168585597,0.4930713979190446,0.8681378186166363,1
102,12,6,0.41783076453887275,0.2510802555672069,86.5018028000788,10,3,4,0.2,0,0.3,0.3,0.0,0.0,0.1,0.48866767688255586,0.7200145624308563,0.49357915212280246,0.8671876181497534,0
103,12,7,0.7045657110388727,0.6703309987669711,143.79502674817644,10,3,4,0.1,1,0.1,0.3,0.0,0.0,0.0,0.4128182408663035,0.7045657110388727,0.23467964526738516,0.6703309987669711,0
104,13,0,0.1690333816683647,0.024264823664850582,71.11155364078377,18,16,2,0.0,0,0.0,0.16666666666666666,0.0,0.0,0.0,0.3734502827612634,0.6802842883373581,0.22810400518840998,0.5864684826073704,0
105,13,1,0.6639211300102004,0.6321566776602918,132.11250270580223,18,16,2,0.1111111111111111,1,0.1111111111111111,0.16666666666666666,0.3333333333333333,0.3333333333333333,0.0,0.46832000580009975,0.7852715463484577,0.36126000736559816,0.6468360694742812,0
106,13,2,0.6385350532433549,0.5378785726462695,97.271366863646,18,16,2,0.16666666666666666,0,0.2777777777777778,0.16666666666666666,0.0,0.0,0.0,0.5436285866972649,0.8686235283615666,0.4857886425646805,0.8729493215156892,1
107,13,3,0.46699707405561625,0.4338462476075487,110.45077355260554,18,16,2,0.05555555555555555,0,0.16666666666666666,0.16666666666666666,0.0,0.0,0.0,0.34637033355921926,0.6989828239070095,0.25626446995862623,0.777865955772707,0
108,13,4,0.32295188974663946,0.33912547264032633,70.1567614146239,18,16,2,0.2777777777777778,1,0.6666666666666666,0.16666666666666666,0.3333333333333333,1.0,0.1111111111111111,0.5152568521316342,0.960589364973614,0.4433569183845991,0.9955979650878808,1
109,13,5,0.28492601805393836,0.2149786287838944,78.29980598613767,18,16,2,0.16666666666666666,0,0.2777777777777778,0.16666666666666666,0.0,0.0,0.0,0.49424309124997656,0.826090805004384,0.43454726881072253,0.8725307310847047,0
110,13,6,0.23380437921536334,0.11457565615019691,42.237917845503816,18,16,2,0.0,0,0.0,0.16666666666666666,0.0,0.0,0.0,0.3483640821520167,0.5020971936624853,0.21754857042804632,0.4781366045023331,1
111,13,7,0.5113217734369694,0.2770341596084366,71.36179686287367,18,16,2,0.05555555555555555,0,0.3333333333333333,0.16666666666666666,0.0,0.0,0.1111111111111111,0.430702713389976,0.6932016417412445,0.30169251770466743,0.6430978537843464,1
112,14,0,0.38260460200929236,0.5213123112809994,95.52518375820006,18,14,5,0.16666666666666666,1,0.6666666666666666,0.5,0.3333333333333333,0.6666666666666666,0.2777777777777778,0.562024939720621,0.8738653556581248,0.44267119722915377,0.8204829720726445,1
113,14,1,0.6572478503694898,0.5436474633393718,113.72857706956185,18,14,5,0.05555555555555555,0,0.05555555555555555,0.5,0.0,0.0,0.0,0.40297416012268983,0.6572478503694898,0.3180177423736735,0.606802439092335,1
114,14,2,0.2686842181040237,0.0,31.021309231363755,18,14,5,0.05555555555555555,0,0.05555555555555555,0.5,0.0,0.0,0.0,0.32905477160249885,0.6930367051297563,0.18703032660266078,0.6233331116705371,1
115,14,3,0.4059671033691583,0.361424436269732,68.19649541670267,18,14,5,0.16666666666666666,0,0.16666666666666666,0.5,0.1111111111111111,0.1111111111111111,0.05555555555555555,0.48800046238502287,0.7819924446544727,0.37216668764520555,0.8636144938795309,0
116,14,4,0.8924058264560857,0.8210893338939107,161.24392434439318,18,14,5,0.3888888888888889,1,0.6666666666666666,0.5,0.1111111111111111,0.4444444444444444,0.1111111111111111,0.5860601757817955,0.9206929366666851,0.5287379536321267,0.8210893338939107,1
117,14,5,0.2984376021072043,0.2840505797344855,82.35434446531116,18,14,5,0.1111111111111111,0,0.1111111111111111,0.5,0.1111111111111111,0.1111111111111111,0.05555555555555555,0.4516781941780994,0.8516644472040638,0.36871091792909866,0.7206068228171681,0
118,14,6,0.1981509836931517,0.05616769869858908,40.744488582794034,18,14,5,0.0,0,0.0,0.5,0.0,0.0,0.0,0.34359235750412653,0.5854301396338202,0.18925131830306485,0.4709958289794915,0
119,14,7,0.3358452607869221,0.03076672483774133,54.709629077030165,18,14,5,0.05555555555555555,0,0.05555555555555555,0.5,0.0,0.0,0.0,0.3882339200645833,0.7967295761615002,0.28124522088788856,0.9619368483097251,0
120,15,0,0.3860440166687862,0.3002942198189138,70.74541568863204,13,5,7,0.0,0,0.0,0.6153846153846154,0.0,0.0,0.0,0.38466102932099194,0.625477203316133,0.2840645028051578,0.5771902234020776,0
121,15,1,0.32056448788550723,0.2165750165797284,96.1465278422809,13,5,7,0.3076923076923077,1,0.46153846153846156,0.6153846153846154,0.25,0.25,0.23076923076923078,0.5788601529633761,0.8058934870867596,0.5222710718223833,0.805776529437107,1
122,15,2,0.37721247393113877,0.17668260471456088,91.60928317243305,13,5,7,0.15384615384615385,0,0.15384615384615385,0.6153846153846154,0.125,0.125,0.07692307692307693,0.5157730501139757,0.7707799340395199,0.37026624028454197,0.6978137776782419,0
123,15,3,0.4081569833921118,0.28569234176214986,79.14389157694431,13,5,7,0.07692307692307693,0,0.07692307692307693,0.6153846153846154,0.125,0.125,0.3076923076923077,0.4348071773361476,0.6691725406832383,0.30965141683766073,0.6877653134526722,0
124,15,4,0.41416592634553673,0.23791069445937496,71.65453884861604,13,5,7,0.07692307692307693,0,0.07692307692307693,0.6153846153846154,0.125,0.125,0.07692307692307693,0.43358591383886935,0.7514371200249321,0.31360080770260507,0.660279453186353,1
125,15,5,0.470005760111014,0.3653960748162659,116.49161444463086,13,5,7,0.23076923076923078,1,0.3076923076923077,0.6153846153846154,0.25,0.25,0.23076923076923078,0.5622182482424236,0.8406423976032056,0.49501457005378974,0.8724368694676682,1
126,15,6,0.4398546172858101,0.03573813148482785,43.26873909688153,13,5,7,0.0,0,0.0,0.6153846153846154,0.0,0.0,0.0,0.33231691961572146,0.5736512675846392,0.180647041296431,0.538837227960346,0
127,15,7,0.6137553475320885,0.7238782492115162,117.60142966916717,13,5,7,0.23076923076923078,1,0.23076923076923078,0.6153846153846154,0.25,0.25,0.3076923076923077,0.5529889277988086,0.7696327488778354,0.45000104125277585,0.8900546138247849,1
128,16,0,0.06177026146657258,0.11700246511591267,29.63459417281963,12,6,5,0.08333333333333333,0,0.5,0.25,0.3333333333333333,0.3333333333333333,0.3333333333333333,0.3254173989498178,0.7656839237709194,0.306681223291022,0.6874273876655216,0
129,16,1,0.16058414903326804,0.3887104762851339,68.2863257012815,12,6,5,0.3333333333333333,0,0.4166666666666667,0.25,0.3333333333333333,0.3333333333333333,0.3333333333333333,0.5641600337338942,0.8529269845590562,0.5580607907576921,0.8841325860414113,1
130,16,2,0.6316075211406407,0.42835079816570504,61.82549645807888,12,6,5,0.0,0,0.0,0.25,0.0,0.0,0.0,0.42907016510734847,0.6316075211406407,0.3118656841790034,0.47324608817897645,1
131,16,3,0.5820724758364748,0.45285178553095984,102.18871492922334,12,6,5,0.0,0,0.0,0.25,0.0,0.0,0.0,0.39192820438889536,0.6269484231138023,0.2677302844112992,0.5743142398694259,0
132,16,4,0.5519471914840776,0.3301059793928621,64.05228814647676,12,6,5,0.0,0,0.0,0.25,0.0,0.0,0.0,0.4261084045386268,0.580292141305261,0.2988764756178112,0.5335184612630791,0
133,16,5,0.5199609341876781,0.28661463819515576,80.22748986206341,12,6,5,0.3333333333333333,0,0.4166666666666667,0.25,0.0,0.0,0.16666666666666666,0.5647690044314649,0.8318662524426728,0.45687470502789634,0.8001372682173822,0
134,16,6,0.47464559398794004,0.16364052382352884,41.6649178290105,12,6,5,0.0,0,0.0,0.25,0.0,0.0,0.0,0.3976452423102627,0.6633014764964978,0.19060664991108314,0.5196985091144316,0
135,16,7,0.49727440049195354,0.23297239579364673,49.426098603666375,12,6,5,0.25,0,0.3333333333333333,0.25,0.0,0.0,0.16666666666666666,0.46761553296103475,0.6354176396571579,0.4474862396536261,0.802294939996967,1
136,17,0,0.7449696824978097,0.4909030936936682,105.6860439267966,13,4,6,0.23076923076923078,0,0.3076923076923077,0.3076923076923077,0.0,0.0,0.15384615384615385,0.5721203142254543,0.8626203773610155,0.46766309346329354,0.9784235471092056,0
137,17,1,0.4383672377369957,0.37663106989451733,81.5304548471277,13,4,6,0.0,0,0.0,0.3076923076923077,0.0,0.0,0.0,0.42552777835177724,0.7014516468330365,0.2795717056348185,0.5852347500296136,0
138,17,2,0.4639201648124889,0.4127811012357962,94.20023123563058,13,4,6,0.23076923076923078,0,0.23076923076923078,0.3076923076923077,0.25,0.25,0.15384615384615385,0.5240899343584007,0.7692276977310459,0.4545161793063225,0.7706497528388805,0
139,17,3,0.522678835282025,0.4299206236202403,107.09046496650059,13,4,6,0.46153846153846156,0,0.5384615384615384,0.3076923076923077,0.0,0.0,0.23076923076923078,0.5681512992374247,0.8422113283270724,0.511195710599787,0.9593999100249426,0
140,17,4,0.3481175621426611,0.24249132911723048,85.23382624360505,13,4,6,0.15384615384615385,0,0.23076923076923078,0.3076923076923077,0.25,0.5,0.07692307692307693,0.47244209168122886,0.7483628513669665,0.4249085970678426,0.802104991946468,1
141,17,5,0.3660345585172144,0.06908740281905809,69.5578008485756,13,4,6,0.0,0,0.0,0.3076923076923077,0.0,0.0,0.0,0.3857583879554023,0.5460893970365887,0.24830240204054707,0.4544052710430311,0
142,17,6,0.4654554606102679,0.33252899084199383,111.55540557316992,13,4,6,0.38461538461538464,1,1.0,0.3076923076923077,0.5,1.0,0.46153846153846156,0.5643907081079715,0.845566904924361,0.5406886101960938,0.8808672133661253,1
143,17,7,0.3863767527930376,0.2263654571213342,57.018715443242144,13,4,6,0.23076923076923078,1,0.7692307692307693,0.3076923076923077,0.5,0.75,0.38461538461538464,0.5505054807812318,0.7867058821125674,0.46034545325242876,0.8303788937932463,1
144,18,0,0.47732482653075825,0.34433735938711896,100.96666600955034,16,10,4,0.0625,0,0.0625,0.25,0.0,0.0,0.0,0.43149716850257613,0.7321454801879164,0.3659163986396161,0.6619704591035057,0
145,18,1,0.6599069039226529,0.8197043070021336,162.43536387507623,16,10,4,0.125,1,0.25,0.25,0.0,0.0,0.0625,0.46570578819120295,0.7504467468913438,0.39729901146899316,0.8197043070021336,0
146,18,2,0.4156775166864385,0.4410475389815776,92.48253040447656,16,10,4,0.0,0,0.0,0.25,0.0,0.0,0.0,0.3959034975190999,0.7578005868399263,0.31063357373428657,0.5672790638388099,0
147,18,3,0.45186816964506504,0.22854850656561618,57.896848745585324,16,10,4,0.25,0,0.25,0.25,0.0,0.0,0.125,0.559670510232744,0.8676292100420149,0.504851755837145,1.0,1
148,18,4,0.23225381951519283,0.15456811070582782,47.7403968940565,16,10,4,0.0,0,0.0,0.25,0.0,0.0,0.0,0.3869490937078298,0.6354210287885294,0.2681409133786749,0.5896556456596641,0
149,18,5,0.7198754213741256,0.7568085966665313,146.87469773628095,16,10,4,0.125,1,0.125,0.25,0.0,0.0,0.0,0.5215544724283185,0.8030447729179099,0.4418637265264219,0.7568085966665313,0
150,18,6,0.5573917170450066,0.19457586513271385,100.3995401572744,16,10,4,0.0625,0,0.1875,0.25,0.0,0.0,0.0,0.4610684215256643,0.8864384698994583,0.3191786503965547,0.9476642823541166,0
151,18,7,0.36529377517796363,0.24034759654264023,71.45639330795149,16,10,4,0.125,0,0.25,0.25,0.0,0.0,0.0625,0.5750553113371144,0.7728190491466428,0.4780579043556561,0.7884020270698482,0
152,19,0,0.4804118716919779,0.2870647150561499,87.11479215719159,18,8,10,0.05555555555555555,0,0.2777777777777778,0.5,0.1111111111111111,0.1111111111111111,0.16666666666666666,0.4263828486621517,0.745205517185832,0.27316119011316,0.7935776951871311,0
153,19,1,0.5910029162020078,0.34508716070423073,117.36628233298205,18,8,10,0.16666666666666666,0,0.4444444444444444,0.5,0.2222222222222222,0.3333333333333333,0.3333333333333333,0.4743107382255901,0.6860376965202667,0.43733557176324994,0.822880229285725,1
154,19,2,0.3254801123566853,0.1888584976436401,87.9110216919348,18,8,10,0.16666666666666666,0,0.3333333333333333,0.5,0.2222222222222222,0.2222222222222222,0.3333333333333333,0.3900941405867022,0.6994879373978891,0.26458759735451176,0.9771372255706046,0
155,19,3,0.10804027272390593,0.06518667320505539,65.8628900145672,18,8,10,0.1111111111111111,0,0.3333333333333333,0.5,0.2222222222222222,0.2222222222222222,0.3333333333333333,0.4489854847570698,0.7500495089761078,0.30329996609429544,0.7171191067521258,0
156,19,4,0.5149464576973202,0.10535214159443665,69.34573108937951,18,8,10,0.05555555555555555,0,0.05555555555555555,0.5,0.0,0.0,0.0,0.37680308315953703,0.7973751592012195,0.2461494065249753,0.7525213657583826,0
157,19,5,0.3562675492847857,0.27819436066315156,84.24667070695641,18,8,10,0.2222222222222222,1,0.2777777777777778,0.5,0.2222222222222222,0.2222222222222222,0.16666666666666666,0.43194258981014405,0.6694334486207476,0.3815370641089052,0.7001119778556544,0
158,19,6,0.7151020920877953,0.5433677091886371,146.2392267750307,18,8,10,0.4444444444444444,1,0.6666666666666666,0.5,0.4444444444444444,0.4444444444444444,0.3888888888888889,0.6278009189628658,0.9026924130037035,0.5976887753083087,1.0,0
159,19,7,0.3088738187658901,0.0158236129823483,50.18329039287181,18,8,10,0.05555555555555555,0,0.05555555555555555,0.5,0.0,0.0,0.0,0.4482117605348057,0.8491166453284118,0.3522841693273701,0.7181870522959938,0
160,20,0,0.3520135558136201,0.3399591171820268,64.436417806017,15,14,3,0.0,0,0.0,0.2,0.0,0.0,0.0,0.3948741715534982,0.7296884254451044,0.29513515477513397,0.5714984470913577,0
161,20,1,0.38101840928354913,0.07986710825352372,70.92889321305822,15,14,3,0.06666666666666667,0,0.06666666666666667,0.2,0.0,0.0,0.06666666666666667,0.48403187353841265,0.6746397017406758,0.3827850204308155,0.760603385351967,1
162,20,2,0.524759151555944,0.39965101166029515,103.79954426866921,15,14,3,0.2,1,0.5333333333333333,0.2,0.3333333333333333,0.6666666666666666,0.06666666666666667,0.5446034489106746,0.7827178297913415,0.4621151547175229,0.8135875608308255,0
163,20,3,0.3381448090743743,0.18284702296103933,94.13684840335064,15,14,3,0.06666666666666667,0,0.06666666666666667,0.2,0.0,0.0,0.0,0.38668440517944386,0.5358869430095496,0.2918674050045374,0.6349679241876867,0
164,20,4,0.5771061323561961,0.31338221090871277,96.56128289255341,15,14,3,0.26666666666666666,1,0.4,0.2,0.6666666666666666,0.6666666666666666,0.0,0.57384008661419,0.8323285455206396,0.4907169144373339,0.7924841086619709,0
165,20,5,0.3925551620700863,0.01589320407621006,48.88738236070995,15,14,3,0.0,0,0.0,0.2,0.0,0.0,0.0,0.43422362928024055,0.8199279141823845,0.278612042027455,0.5673959663759145,1
166,20,6,0.36009136155529264,0.30912599701559407,73.89687604399994,15,14,3,0.06666666666666667,0,0.13333333333333333,0.2,0.0,0.0,0.0,0.51549042771527,0.8358896290070381,0.37810859484115666,0.7576496960437702,1
167,20,7,0.3372188594781473,0.20773446524495753,39.77530390731213,15,14,3,0.0,0,0.0,0.2,0.0,0.0,0.0,0.35051318389321107,0.8056027407174029,0.2541635508795471,0.5208101468826242,0
168,21,0,0.2606490559766617,0.19091448399078695,57.78699929673525,18,16,4,0.1111111111111111,0,0.2222222222222222,0.3333333333333333,0.0,0.0,0.1111111111111111,0.44947234744341397,0.9572358057351699,0.31438182243400026,0.7586873823706223,0
169,21,1,0.3647353446915583,0.1910131643767909,30.772568354071325,18,16,4,0.1111111111111111,0,0.2222222222222222,0.3333333333333333,0.0,0.0,0.05555555555555555,0.4435865212744629,0.6982930331210799,0.326469916815031,0.7093437730938374,0
170,21,2,0.5055658777695506,0.6024834871823075,128.6844845385437,18,16,4,0.2222222222222222,1,0.7222222222222222,0.3333333333333333,0.16666666666666666,1.0,0.2222222222222222,0.5044208067021835,0.7673189900356137,0.42787502218039,0.9423636559348721,0
171,21,3,0.7116239384904225,0.5016179457261014,125.28599096411317,18,16,4,0.1111111111111111,1,0.5555555555555556,0.3333333333333333,0.16666666666666666,1.0,0.1111111111111111,0.48178658876017916,0.7297308086257193,0.32540350722318284,0.7817664796715891,1
172,21,4,0.3133526000930455,0.32511126845795874,51.799068069241855,18,16,4,0.1111111111111111,0,0.1111111111111111,0.3333333333333333,0.0,0.0,0.0,0.515144474446527,0.8649305397805034,0.37367672969851873,0.8445959257830907,1
173,21,5,0.4904059247824514,0.37124533955346856,64.16061741010196,18,16,4,0.16666666666666666,0,0.16666666666666666,0.3333333333333333,0.0,0.0,0.1111111111111111,0.5108889402780806,0.7921268908871137,0.36760033809134723,0.8236087449904204,1
174,21,6,0.42483646888823995,0.27461533163345136,54.10321463943137,18,16,4,0.1111111111111111,0,0.16666666666666666,0.3333333333333333,0.0,0.0,0.0,0.491913446501015,0.7224911223849728,0.37973576263276404,0.8809712926766937,1
175,21,7,0.35599208605426036,0.36832565369405135,98.23238013801353,18,16,4,0.2777777777777778,0,0.2777777777777778,0.3333333333333333,0.0,0.0,0.05555555555555555,0.515900158041318,0.8422494448030707,0.4772531800833192,0.999065784849676,0
176,22,0,0.36673438274394204,0.24436507075925748,79.97324898446972,15,10,5,0.06666666666666667,0,0.06666666666666667,0.4666666666666667,0.0,0.0,0.0,0.37053782250375805,0.5689705175423586,0.293067858816443,0.7062444478958296,1
177,22,1,0.7383140765292725,0.9232436411332279,179.87467196395758,15,10,5,0.2,1,0.4,0.4666666666666667,0.14285714285714285,0.2857142857142857,0.13333333333333333,0.5491150837916265,1.0,0.44253308601966396,0.9232436411332279,1
178,22,2,0.5362636179511103,0.44988994662618437,111.00604268332313,15,10,5,0.13333333333333333,0,0.13333333333333333,0.4666666666666667,0.14285714285714285,0.14285714285714285,0.06666666666666667,0.44471497703198987,0.8896160272247007,0.3788385492362372,1.0,0
179,22,3,0.18322477816419483,0.2963944141831296,46.862321664689034,15,10,5,0.13333333333333333,0,0.13333333333333333,0.4666666666666667,0.0,0.0,0.0,0.41848308346654206,0.8396364806759626,0.2954187563780953,0.8469245531551018,0
180,22,4,0.2612181702334801,0.2816685364402507,52.20807611102394,15,10,5,0.13333333333333333,0,0.2,0.4666666666666667,0.0,0.0,0.06666666666666667,0.39125783357196425,0.7134452840138775,0.27849640518692453,0.6656624049126624,1
181,22,5,0.6062461532470911,0.5105052486735687,118.5806400139859,15,10,5,0.06666666666666667,0,0.06666666666666667,0.4666666666666667,0.0,0.0,0.0,0.46156896103946293,0.6705886465961776,0.34170316785002347,0.8468645433082227,0
182,22,6,0.5695086627596568,0.5758246987722319,139.954010223593,15,10,5,0.2,1,0.3333333333333333,0.4666666666666667,0.14285714285714285,0.14285714285714285,0.06666666666666667,0.5128167580337529,0.8015857667356174,0.443135828158361,0.7685808991432997,0
183,22,7,0.49976325732417504,0.4414097896358719,112.95496849305734,15,10,5,0.13333333333333333,0,0.2,0.4666666666666667,0.0,0.0,0.06666666666666667,0.44036082983132874,0.6769629941201878,0.3503658460226545,0.7034696499555336,0
184,23,0,0.6725297172001176,0.5369802838475524,114.57078835678024,18,6,11,0.1111111111111111,0,0.16666666666666666,0.6111111111111112,0.18181818181818182,0.2727272727272727,0.1111111111111111,0.5026688445857593,0.6970704473717231,0.3934228562161516,0.6377383188315496,0
185,23,1,0.509579519402282,0.4536866353434627,101.98519389155044,18,6,11,0.16666666666666666,0,0.2777777777777778,0.6111111111111112,0.09090909090909091,0.2727272727272727,0.2222222222222222,0.5645710927683587,0.7900230875092789,0.4686786553992975,0.641622687146354,0
186,23,2,0.4323455045943927,0.16256257949547667,59.86366564916733,18,6,11,0.05555555555555555,0,0.2777777777777778,0.6111111111111112,0.09090909090909091,0.36363636363636365,0.3888888888888889,0.4373731253497136,0.7267124305882889,0.33827690876009,0.6197704558683792,1
187,23,3,0.5694400462612287,0.44589164552009064,125.52000204804285,18,6,11,0.16666666666666666,0,0.2777777777777778,0.6111111111111112,0.18181818181818182,0.36363636363636365,0.2222222222222222,0.5824981763558156,0.8898617779268783,0.461354394762549,0.6947975386735696,1
188,23,4,0.316104967965623,0.2601855766850855,77.40946528154096,18,6,11,0.05555555555555555,0,0.16666666666666666,0.6111111111111112,0.09090909090909091,0.2727272727272727,0.3333333333333333,0.39999071373184075,0.5967879074818863,0.24166505218715306,0.6947725252794767,0
189,23,5,0.5807597505288765,0.42819202793734107,90.77528188676338,18,6,11,0.2222222222222222,0,0.2222222222222222,0.6111111111111112,0.2727272727272727,0.2727272727272727,0.2777777777777778,0.5529960977314031,0.8893543375877697,0.49260989893992185,0.7978109840551155,0
190,23,6,0.33906726856199043,0.21357207604065812,96.31007185132913,18,6,11,0.16666666666666666,0,0.2222222222222222,0.6111111111111112,0.2727272727272727,0.36363636363636365,0.2222222222222222,0.5076736712073688,0.7196507644109107,0.4279850272060028,0.7074203587828476,0
191,23,7,0.5404650737648984,0.44740433080698994,104.62548306956067,18,6,11,0.16666666666666666,0,0.4444444444444444,0.6111111111111112,0.2727272727272727,0.7272727272727273,0.3888888888888889,0.5096348267552029,0.7328945261340738,0.37251910321878007,0.8486705753614996,0
192,24,0,0.4113507886959535,0.2658616663248715,63.94599306759821,13,4,7,0.15384615384615385,0,0.15384615384615385,0.23076923076923078,0.0,0.0,0.07692307692307693,0.5349188150360379,0.7818162952952008,0.43540829735670994,0.7439799704163124,1
193,24,1,0.3520705550696596,0.22643275506540197,63.42539857358829,13,4,7,0.07692307692307693,0,0.07692307692307693,0.23076923076923078,0.0,0.0,0.0,0.3811555725938759,0.5556580484579392,0.2551037313754306,0.6510401345263608,0
194,24,2,0.7934652459363734,0.5545013620886061,134.50998794099362,13,4,7,0.0,0,0.0,0.23076923076923078,0.0,0.0,0.0,0.43288222061008585,0.7934652459363734,0.31104322864172484,0.5545013620886061,0
195,24,3,0.40273834264554154,0.4526086863879247,106.47780299749232,13,4,7,0.23076923076923078,0,0.38461538461538464,0.23076923076923078,0.3333333333333333,0.3333333333333333,0.23076923076923078,0.5249736252244832,0.8076425310793098,0.46007014191413553,0.7544670017032005,0
196,24,4,0.6392150413154539,0.5431170436947423,111.65088330346344,13,4,7,0.15384615384615385,0,0.15384615384615385,0.23076923076923078,0.0,0.0,0.0,0.5440392192248619,0.8793488559297489,0.4642726952590532,0.8724808951192496,0
197,24,5,0.627930515029455,0.4912291573938629,81.58798576784191,13,4,7,0.23076923076923078,1,0.7692307692307693,0.23076923076923078,0.3333333333333333,1.0,0.5384615384615384,0.529902294127062,0.7948362304319505,0.46602469251794976,0.6949239236603715,0
198,24,6,0.12614191544267267,0.04869290661702148,19.54162649500112,13,4,7,0.15384615384615385,0,0.15384615384615385,0.23076923076923078,0.0,0.0,0.15384615384615385,0.3422271850029823,0.5931926181242568,0.26758483138984573,0.6653882856185348,0
199,24,7,0.35104022312236427,0.17553036947577827,74.81456449371892,13,4,7,0.23076923076923078,0,0.5384615384615384,0.23076923076923078,0.3333333333333333,0.6666666666666666,0.46153846153846156,0.5235542154066346,0.8282593785744986,0.4154145669598219,0.8553506955835575,0
200,25,0,0.4622055819041538,0.4440082199231717,107.11363840291698,16,7,7,0.0625,0,0.0625,0.1875,0.0,0.0,0.125,0.4383850617926309,0.7230390550726693,0.31029985675134825,0.6531375529347454,1
201,25,1,0.37368885723576506,0.2936342854506853,67.22860886924842,16,7,7,0.0,0,0.0,0.1875,0.0,0.0,0.0,0.43392507093737137,0.6849311845544497,0.3256881866861301,0.5744589492778841,0
202,25,2,0.33281306689449397,0.3726986026161654,55.39938128692915,16,7,7,0.25,0,0.25,0.1875,0.3333333333333333,0.3333333333333333,0.125,0.6012195883198446,0.8830050522256421,0.5141678821382635,0.9877116891112813,1
203,25,3,0.7512388780529258,0.8597817576763284,181.01738960259544,16,7,7,0.3125,1,0.3125,0.1875,0.0,0.0,0.1875,0.5473776105271652,0.8015570733107693,0.509024661707357,0.8597817576763284,0
204,25,4,0.3856533529364622,0.38880795616634817,155.1290351507103,16,7,7,0.0,0,0.0,0.1875,0.0,0.0,0.0,0.4540748366891771,0.7330991079208106,0.3000362623380669,0.5568148524445132,0
205,25,5,0.46560021729131684,0.3923743152823108,82.47769253815835,16,7,7,0.0625,0,0.0625,0.1875,0.0,0.0,0.0,0.48392762196394395,0.6393258935438111,0.40869731897573425,0.6788972865010726,0
206,25,6,0.26715781562927216,0.4324739516228263,96.43754968563061,16,7,7,0.0,0,0.0,0.1875,0.0,0.0,0.0,0.4187417906780687,0.5956552960616596,0.36669357635391864,0.597192265671009,0
207,25,7,0.5787533614099658,0.37282450654248417,105.42769691973484,16,7,7,0.0,0,0.0,0.1875,0.0,0.0,0.0,0.3708244361072198,0.5787533614099658,0.2898585434328625,0.50018921863868,1
208,26,0,0.46762008565467356,0.33704937185392414,97.3044812924196,11,4,5,0.09090909090909091,0,0.2727272727272727,0.5454545454545454,0.16666666666666666,0.3333333333333333,0.18181818181818182,0.47751040483660706,0.7092127342178466,0.37405713422236403,0.6224123716543433,0
209,26,1,0.7261195557877118,0.3594401371080136,129.46311596612676,11,4,5,0.0,0,0.0,0.5454545454545454,0.0,0.0,0.0,0.45354446943976184,0.7261195557877118,0.2787705230832299,0.40057323982853477,0
210,26,2,0.7090585050112105,0.6755223139129831,122.24901877960434,11,4,5,0.36363636363636365,1,0.36363636363636365,0.5454545454545454,0.3333333333333333,0.3333333333333333,0.2727272727272727,0.5836376005347158,0.8026961945858714,0.5362016084512138,0.9005390167127337,0
211,26,3,0.2938822096173544,0.03442860108770432,28.289101353063,11,4,5,0.09090909090909091,0,0.2727272727272727,0.5454545454545454,0.16666666666666666,0.3333333333333333,0.18181818181818182,0.4435220225288184,0.7678939455385253,0.29422624776073686,0.6654565322658004,0
212,26,4,0.5926995317425242,0.34735330897996064,102.32205780026874,11,4,5,0.2727272727272727,1,0.9090909090909091,0.5454545454545454,0.5,1.0,0.45454545454545453,0.5229142335840212,0.7364797441564503,0.47999355927013726,0.6906460820477577,0
213,26,5,0.5134704476949692,0.17712368921317242,43.302363607660354,11,4,5,0.2727272727272727,0,0.36363636363636365,0.5454545454545454,0.3333333333333333,0.3333333333333333,0.18181818181818182,0.5674728538147052,0.7811477708071738,0.48036373552530254,0.7930495236575061,0
214,26,6,0.4962899391776122,0.16475980905057266,85.04161952140379,11,4,5,0.09090909090909091,0,0.09090909090909091,0.5454545454545454,0.0,0.0,0.0,0.5024145373543824,0.7326305072486968,0.3031057198637004,0.6193427843528586,1
215,26,7,0.38557557149881116,0.21602201744511668,56.609640591952314,11,4,5,0.0,0,0.0,0.5454545454545454,0.0,0.0,0.0,0.4372289801473782,0.7103995473986733,0.2883749383960282,0.5546878084818846,0
216,27,0,0.5469731573799788,0.622060523344429,135.0163998367111,10,4,4,0.2,1,0.2,0.3,0.3333333333333333,0.3333333333333333,0.3,0.5282246953329902,0.6911437195073358,0.4263740179117006,0.6725068294954624,0
217,27,1,0.4828152831779523,0.49638267111482637,126.67144781680099,10,4,4,0.3,0,0.4,0.3,0.0,0.0,0.1,0.55639648745657,0.6571453184963724,0.4962742852831835,0.922346498096634,0
218,27,2,0.31933084199133394,0.30603364355973367,49.33005068986312,10,4,4,0.0,0,0.0,0.3,0.0,0.0,0.0,0.32735924559894974,0.4739321260516395,0.2299929777707299,0.5549661670687939,0
219,27,3,0.5092864460715393,0.5082020906504399,115.14302843466096,10,4,4,0.2,0,0.3,0.3,0.0,0.0,0.0,0.5364837062004871,0.8995406562551977,0.4905153701735272,0.8662365514314798,1
220,27,4,0.27741853534057853,0.26707604480233615,55.78211380361624,10,4,4,0.1,0,0.1,0.3,0.3333333333333333,0.3333333333333333,0.2,0.4873147533713794,0.7643400429810994,0.3597862730910582,0.7719942262471008,0
221,27,5,0.3966716547634003,0.27360610456553264,86.29040139014047,10,4,4,0.2,0,0.5,0.3,0.3333333333333333,0.3333333333333333,0.3,0.5626964899182758,0.8126443520261686,0.49282667236062905,1.0,0
222,27,6,0.5365770755152823,0.3165888640671135,118.58171559013866,10,4,4,0.1,0,0.1,0.3,0.0,0.0,0.0,0.3880780697262519,0.5830954574835628,0.24355253139503583,0.6459653955206718,0
223,27,7,0.36348147330625824,0.040858330969902656,70.57896108560007,10,4,4,0.0,0,0.0,0.3,0.0,0.0,0.0,0.3973215456187124,0.6208729429372468,0.24491323396161402,0.4874264164785821,0
224,28,0,0.6032037077058625,0.5455667007066514,114.05741953626375,18,13,6,0.16666666666666666,1,0.6666666666666666,0.6111111111111112,0.18181818181818182,0.6363636363636364,0.2777777777777778,0.508084197768637,0.743027776995403,0.40277166146928906,0.9248028011900914,1
225,28,1,0.5237193636372355,0.6491136265683121,153.1043133807398,18,13,6,0.1111111111111111,1,0.3888888888888889,0.6111111111111112,0.09090909090909091,0.2727272727272727,0.2777777777777778,0.45580693359780533,0.6474718628770756,0.3963830895800672,0.6747733181333787,1
226,28,2,0.20813709322857835,0.1977141608535316,32.422250720633,18,13,6,0.1111111111111111,0,0.16666666666666666,0.6111111111111112,0.18181818181818182,0.18181818181818182,0.1111111111111111,0.36114236096877367,0.8524212994560729,0.29943031980977364,0.9789941441821172,0
227,28,3,0.48236898269165207,0.8465235640868479,136.8575416153333,18,13,6,0.2222222222222222,1,0.2222222222222222,0.6111111111111112,0.09090909090909091,0.09090909090909091,0.05555555555555555,0.44840155453901226,0.6798906028692236,0.4055014736434606,0.8465235640868479,0
228,28,4,0.341983426515861,0.4123070942477317,85.97398992896711,18,13,6,0.1111111111111111,0,0.2777777777777778,0.6111111111111112,0.18181818181818182,0.2727272727272727,0.16666666666666666,0.48571495293651445,0.7715100180283649,0.4061998712036915,0.7907499759146321,1
229,28,5,0.378438439749342,0.36388568701185503,93.46323778421073,18,13,6,0.1111111111111111,0,0.3888888888888889,0.6111111111111112,0.09090909090909091,0.36363636363636365,0.16666666666666666,0.5190700969875883,0.6689262824088557,0.352245344449055,0.6394944403484459,1
230,28,6,0.5112737796898142,0.2010239845180552,82.83764089391103,18,13,6,0.05555555555555555,0,0.1111111111111111,0.6111111111111112,0.09090909090909091,0.09090909090909091,0.05555555555555555,0.43545892841734296,0.6402147651274931,0.32108796134651335,0.6996857315442251,0
231,28,7,0.13549880941427622,0.10114943113279373,44.82387504144306,18,13,6,0.05555555555555555,0,0.1111111111111111,0.6111111111111112,0.09090909090909091,0.09090909090909091,0.05555555555555555,0.4580944005445752,0.8342574111791653,0.3116895869672036,0.8029425840752509,0
232,29,0,0.4088642743381119,0.34482827022989426,87.7328813344699,11,9,2,0.09090909090909091,0,0.09090909090909091,0.45454545454545453,0.0,0.0,0.0,0.33587162315286856,0.7211644561240942,0.2570241064318555,0.6805813833728376,0
233,29,1,0.40915895099937344,0.27681023474295974,94.78783445490714,11,9,2,0.18181818181818182,1,0.36363636363636365,0.45454545454545453,0.2,0.4,0.09090909090909091,0.5362578238478999,0.8958975616163134,0.37173381908312675,0.6512980162579844,1
234,29,2,0.5204906339236008,0.549813157999884,139.0421801879605,11,9,2,0.09090909090909091,1,0.18181818181818182,0.45454545454545453,0.2,0.2,0.0,0.4605078696742682,0.7022930847910285,0.347039090960361,0.7806763530280173,1
235,29,3,0.33886270344276476,0.26931983980355967,52.954478552570265,11,9,2,0.0,0,0.0,0.45454545454545453,0.0,0.0,0.0,0.47804176390517106,0.7634374254564921,0.3654717290734975,0.5673647576788762,0
236,29,4,0.44533733262155784,0.13729066900794892,61.16557321724258,11,9,2,0.0,0,0.0,0.45454545454545453,0.0,0.0,0.0,0.35260256635219456,0.4875849844253248,0.2136015935687702,0.42933274042618896,0
237,29,5,0.7100651234333591,0.6725194965410288,140.30350582841575,11,9,2,0.09090909090909091,1,0.09090909090909091,0.45454545454545453,0.0,0.0,0.0,0.3419454133717566,0.7100651234333591,0.2180070181597981,0.6725194965410288,0
238,29,6,0.5704573727441263,0.31815843561657464,87.9923569765702,11,9,2,0.2727272727272727,1,0.36363636363636365,0.45454545454545453,0.2,0.2,0.18181818181818182,0.4868089831106737,0.6714614319038384,0.4548539589454258,0.829203409047769,0
239,29,7,0.7237848666843465,0.6445421012740962,161.81263025700525,11,9,2,0.18181818181818182,1,0.18181818181818182,0.45454545454545453,0.0,0.0,0.0,0.4751258072496601,0.7237848666843465,0.40292618318520645,0.6445421012740962,0
240,30,0,0.42764392134016216,0.46234697520352996,118.3291942555512,14,12,2,0.21428571428571427,1,0.2857142857142857,0.5714285714285714,0.25,0.25,0.07142857142857142,0.5769532633701134,0.8899745366574981,0.5069792562086336,0.9399846497970576,1
241,30,1,0.4337782498936644,0.4006477128155991,104.11196941489875,14,12,2,0.21428571428571427,1,0.5,0.5714285714285714,0.25,0.5,0.14285714285714285,0.5314869835302225,0.7387976994954681,0.4450181412475495,0.6851687246557884,1
242,30,2,0.36438220525234016,0.3020195598897187,82.16298245866197,14,12,2,0.14285714285714285,1,0.7857142857142857,0.5714285714285714,0.25,0.75,0.07142857142857142,0.41651165914084654,0.7845769223898736,0.3653339304956605,0.6893182383775408,1
243,30,3,0.3954589339817036,0.04727230164438648,81.71200955761665,14,12,2,0.0,0,0.0,0.5714285714285714,0.0,0.0,0.0,0.41244786050965604,0.692971291526289,0.2953907582653693,0.5541327772633498,1
244,30,4,0.6143371832655431,0.28393874187001183,57.33281050509243,14,12,2,0.21428571428571427,1,0.8571428571428571,0.5714285714285714,0.375,0.875,0.14285714285714285,0.49736225783444193,0.7712121912938649,0.39382053912584597,0.8964886683490814,0
245,30,5,0.30109005574725334,0.27394882106887825,89.88479844582116,14,12,2,0.14285714285714285,1,0.21428571428571427,0.5714285714285714,0.25,0.25,0.0,0.5306026541137449,0.8376519455203788,0.4647529027780771,0.9901431044668436,0
246,30,6,0.758561722921246,0.9233459675959871,178.97242763360308,14,12,2,0.6428571428571429,1,0.9285714285714286,0.5714285714285714,0.75,1.0,0.14285714285714285,0.6431201729725985,0.9310075560447744,0.6171190432108442,1.0,1
247,30,7,0.3239380971133997,0.3464852352392112,87.60229159534686,14,12,2,0.14285714285714285,1,0.5,0.5714285714285714,0.125,0.5,0.14285714285714285,0.4251930299047358,0.741561725497627,0.391014127699692,0.6539365758433143,1
248,31,0,0.45003319158822996,0.47232083190187235,98.26631272252592,17,14,4,0.29411764705882354,1,0.7647058823529411,0.17647058823529413,0.6666666666666666,0.6666666666666666,0.23529411764705882,0.5240188818567257,0.9045141148579512,0.5429715408404199,0.8494843759898633,1
249,31,1,0.5372519131118824,0.4952522606232431,109.01609672783175,17,14,4,0.058823529411764705,0,0.47058823529411764,0.17647058823529413,0.3333333333333333,0.3333333333333333,0.17647058823529413,0.3820169049053994,0.6151059355522148,0.2869832638046656,0.6191992429117846,0
250,31,2,0.3103987402331374,0.16043848934559066,49.017165000338416,17,14,4,0.058823529411764705,0,0.058823529411764705,0.17647058823529413,0.0,0.0,0.0,0.3573583148894508,0.6187268869344771,0.26410418824936666,0.6776548276473786,0
251,31,3,0.28085465375469126,0.24478197328504187,76.2029901606032,17,14,4,0.11764705882352941,0,0.47058823529411764,0.17647058823529413,0.3333333333333333,0.3333333333333333,0.17647058823529413,0.41239978390780907,0.6215956135917394,0.3262341396794824,0.74535114491426,0
252,31,4,0.24413602308506144,0.03624586466749678,32.64938672179609,17,14,4,0.058823529411764705,0,0.058823529411764705,0.17647058823529413,0.0,0.0,0.0,0.39696843707921864,0.7703966967407316,0.2747722856641357,0.6010805204416054,0
253,31,5,0.42213915306464694,0.1725107927244384,52.30494650589527,17,14,4,0.23529411764705882,0,0.47058823529411764,0.17647058823529413,0.0,0.0,0.058823529411764705,0.45495723833996127,0.8991197429752175,0.3863103970013524,0.7371613281191426,0
254,31,6,0.5080884562586411,0.4250533036895497,93.92769891587581,17,14,4,0.23529411764705882,0,0.5882352941176471,0.17647058823529413,0.0,0.0,0.11764705882352941,0.5096667401622322,0.8227024972170696,0.42971923378927257,0.8139632777882058,0
255,31,7,0.49720913245157805,0.581107821295217,109.69214458669687,17,14,4,0.058823529411764705,0,0.17647058823529413,0.17647058823529413,0.0,0.0,0.058823529411764705,0.4455616929317024,0.6514897752173238,0.37401156357071125,0.6799454408718891,1
256,32,0,0.6390253597193213,0.5655766893476474,123.32560458821752,15,7,7,0.26666666666666666,1,0.9333333333333333,0.06666666666666667,1.0,1.0,0.4666666666666667,0.545073473922829,0.8297753650514954,0.497044915879988,0.9058600986897303,0
257,32,1,0.3357320758751474,0.0,44.380691847540405,15,7,7,0.0,0,0.0,0.06666666666666667,0.0,0.0,0.0,0.32907105980039897,0.5708596392949258,0.20162105534548933,0.48337344222744383,0
258,32,2,0.6673026051505133,0.3747123675499233,110.93747231044894,15,7,7,0.13333333333333333,0,0.2,0.06666666666666667,0.0,0.0,0.26666666666666666,0.5133839960034103,0.7508074457088545,0.3755508053057706,0.8962735820731861,0
259,32,3,0.502973288533664,0.23309259061550452,57.434888595152344,15,7,7,0.06666666666666667,0,0.13333333333333333,0.06666666666666667,0.0,0.0,0.06666666666666667,0.44500356773996297,0.8260295397810125,0.32732044107654495,0.6084501467412671,0
260,32,4,0.40065617978523327,0.574851553986101,107.8179945383892,15,7,7,0.26666666666666666,0,0.3333333333333333,0.06666666666666667,0.0,0.0,0.2,0.526245781029496,0.7724288729014033,0.48464271231427775,0.6875411946529643,0
261,32,5,0.6704912391926383,0.387806872238237,117.74022118315429,15,7,7,0.3333333333333333,1,0.9333333333333333,0.06666666666666667,1.0,1.0,0.4666666666666667,0.6482356866317055,0.8399758103208406,0.543180849428404,0.8791294850326103,1
262,32,6,0.4648338655343706,0.39913961793605773,97.95819885958703,15,7,7,0.2,0,0.4,0.06666666666666667,0.0,0.0,0.26666666666666666,0.4375790327444517,1.0,0.4160630680791588,0.794062268372617,0
263,32,7,0.7606252732294675,0.8651784211724041,190.77747802126402,15,7,7,0.13333333333333333,1,0.2,0.06666666666666667,0.0,0.0,0.06666666666666667,0.445562408346923,0.7606252732294675,0.3488949309444563,0.8651784211724041,0
264,33,0,0.7337167775745983,0.6363167481811052,141.84481958798236,10,5,4,0.1,1,0.1,0.8,0.0,0.0,0.0,0.483313993641379,0.7337167775745983,0.36807836848241166,0.6363167481811052,0
265,33,1,0.4676923994181834,0.19399783581455698,59.990817870352615,10,5,4,0.3,0,0.4,0.8,0.375,0.375,0.3,0.48332210732494285,0.7134248946397186,0.38330657683382696,0.8750016271746368,0
266,33,2,0.6792375399863992,0.4930989668102531,122.73102634395067,10,5,4,0.0,0,0.0,0.8,0.0,0.0,0.0,0.52203000671873,0.6792375399863992,0.4039381669459159,0.5166008612186986,1
267,33,3,0.45892844574878067,0.32610190352901264,75.36199198168094,10,5,4,0.3,1,0.6,0.8,0.375,0.5,0.3,0.5529834437874914,0.8563960126994874,0.43906888269957245,0.731709745900759,0
268,33,4,0.4636757349605524,0.2878054763728468,82.79885549824448,10,5,4,0.1,0,0.3,0.8,0.125,0.25,0.2,0.5144138410540281,0.7299966501123013,0.41894958705650637,0.6819396206292022,0
269,33,5,0.5525984121742206,0.3154468337054086,104.13938475742394,10,5,4,0.1,0,0.1,0.8,0.0,0.0,0.0,0.36763791559959774,0.5525984121742206,0.24258556789200503,0.6303983551106823,0
270,33,6,0.46719287676660365,0.39525990020724133,113.18767533208798,10,5,4,0.1,0,0.1,0.8,0.0,0.0,0.0,0.4969162221747533,0.8648327339251541,0.3998202461424827,1.0,0
271,33,7,0.33481757603032847,0.3214639752376992,87.36636424163457,10,5,4,0.2,0,0.3,0.8,0.25,0.375,0.3,0.5257262809362648,0.8763458556066159,0.39290791873931497,0.6404912367033122,0
272,34,0,0.6520402280474187,0.7379004034524289,164.01162877796762,17,14,4,0.17647058823529413,1,0.5294117647058824,0.4117647058823529,0.14285714285714285,0.5714285714285714,0.23529411764705882,0.57898321226664,0.7994353734751889,0.5354750583339909,0.9496603306950634,1
273,34,1,0.5300837765431646,0.5558023806519513,114.72103671395247,17,14,4,0.35294117647058826,0,0.5882352941176471,0.4117647058823529,0.2857142857142857,0.5714285714285714,0.23529411764705882,0.5591963430426884,0.9044568230126423,0.5733294549966945,1.0,0
274,34,2,0.6423948780699993,0.5348575222265014,117.82430221034095,17,14,4,0.23529411764705882,0,0.29411764705882354,0.4117647058823529,0.0,0.0,0.058823529411764705,0.5329087221243114,0.8414222874588956,0.5191840551886143,0.9111642189286477,1
275,34,3,0.4602997837836561,0.4323113767617756,105.29742961987662,17,14,4,0.11764705882352941,0,0.11764705882352941,0.4117647058823529,0.14285714285714285,0.14285714285714285,0.11764705882352941,0.4275789459263231,0.67736935853678,0.35396453521570714,0.7993142237184568,0
276,34,4,0.28175924657753926,0.16435922630456937,71.63948575132646,17,14,4,0.058823529411764705,0,0.058823529411764705,0.4117647058823529,0.14285714285714285,0.14285714285714285,0.058823529411764705,0.4617033137984973,0.6800693472434347,0.3042644224894012,0.6953757365000616,0
277,34,5,0.28793843917223005,0.2775359136818951,43.52865456150092,17,14,4,0.11764705882352941,0,0.29411764705882354,0.4117647058823529,0.14285714285714285,0.14285714285714285,0.11764705882352941,0.47193770784899935,0.746838473820258,0.37978296706538156,0.8042260194066058,0
278,34,6,0.4988424851640946,0.697953796267733,152.08719128408575,17,14,4,0.058823529411764705,1,0.058823529411764705,0.4117647058823529,0.0,0.0,0.0,0.4108760150857053,0.5307831132475014,0.3456257868109746,0.697953796267733,0
279,34,7,0.393406064861619,0.39011745584650326,118.15903150185241,17,14,4,0.0,0,0.0,0.4117647058823529,0.0,0.0,0.0,0.3744187652643781,0.6326459343731563,0.24807856953028545,0.48336917186018397,0
280,35,0,0.5180734662682153,0.39325184894312293,95.52089398300794,10,4,3,0.2,0,0.2,0.4,0.25,0.25,0.2,0.509427079732278,0.689168208125542,0.4130092245388717,0.7321503611623823,0
281,35,1,0.6085799196278261,0.1925689872206766,129.98341571584515,10,4,3,0.1,0,0.2,0.4,0.25,0.25,0.2,0.4081910890758209,0.7017458129465748,0.3488166855592846,0.7631011608981899,1
282,35,2,0.41515292023040085,0.3792369785021505,74.08366375299502,10,4,3,0.0,0,0.0,0.4,0.0,0.0,0.0,0.3715057353610239,0.8096416755297029,0.2580762023826168,0.5863417016423486,0
283,35,3,0.3289114451812278,0.49049321960565156,85.46621021483745,10,4,3,0.3,0,0.5,0.4,0.25,0.25,0.2,0.47145934983179033,0.6555027547190717,0.43992430358498213,0.7922953472266275,0
284,35,4,0.23955026151026504,0.29767474364142077,70.1640738397885,10,4,3,0.0,0,0.0,0.4,0.0,0.0,0.0,0.3386252540052962,0.6349726135793904,0.2311624394359789,0.564334342290928,0
285,35,5,0.6040772300826154,0.41206636868489765,122.73652384024122,10,4,3,0.1,0,0.1,0.4,0.0,0.0,0.0,0.46122174950520334,0.6368482677282398,0.38701948118803575,0.6018432212759547,0
286,35,6,0.6823149096270479,0.6201945697756517,150.69850410256595,10,4,3,0.5,1,0.6,0.4,0.25,0.25,0.3,0.641888275455168,0.8894590871867795,0.5781601681946332,0.9104912343253522,1
287,35,7,0.5352719263049152,0.21089524497873896,97.71902130896999,10,4,3,0.1,0,0.1,0.4,0.0,0.0,0.0,0.4782928782488424,0.7288460071908405,0.4001581829788913,0.7173977613646182,0
288,36,0,0.7292308631296097,0.43330090277528555,126.60075143306206,10,7,2,0.1,1,0.6,0.4,0.25,0.5,0.2,0.37643565258185474,0.7647106713414047,0.27093972625640894,0.8429341582314205,0
289,36,1,0.3274909944052371,0.4261199892799696,96.92594402378131,10,7,2,0.3,1,0.8,0.4,0.25,0.5,0.2,0.5382177345151002,0.7434513814535272,0.4645031869108712,0.6650024522218215,0
290,36,2,0.30154233814146103,0.07917019715731916,71.11226337552016,10,7,2,0.0,0,0.0,0.4,0.0,0.0,0.0,0.40197417089434173,0.6033479859012633,0.26252787193853655,0.3977834894764692,0
291,36,3,0.38830170613036075,0.3523642352266686,76.70563950000106,10,7,2,0.1,0,0.1,0.4,0.0,0.0,0.0,0.4769279082180152,0.6990435268746134,0.34816084077432297,0.6082343466186263,1
292,36,4,0.4187597455340832,0.38806416763696583,110.18476348855728,10,7,2,0.0,0,0.0,0.4,0.0,0.0,0.0,0.4082858229559803,0.7494082461578132,0.23816486506535633,0.563106917528019,0
293,36,5,0.5098804166402777,0.4270834239216916,75.23947823587193,10,7,2,0.3,1,0.6,0.4,0.25,0.5,0.2,0.5307770393792699,0.7181072411737179,0.5242264357695416,0.9349456622271908,0
294,36,6,0.5650018540175711,0.5612197730077656,143.71749735870264,10,7,2,0.1,1,0.8,0.4,0.25,0.5,0.2,0.48770348908475736,0.756928863927408,0.34180982986966785,0.6593353151943616,0
295,36,7,0.6528970015857329,0.3287421986329387,87.51191265345861,10,7,2,0.4,1,0.8,0.4,0.5,0.5,0.2,0.5648593968740505,0.8879038342281106,0.48791814308506815,0.7839451955852133,1
296,37,0,0.657793304689379,0.5890169303347719,130.68311187433505,15,8,5,0.2,0,0.3333333333333333,0.4666666666666667,0.14285714285714285,0.14285714285714285,0.13333333333333333,0.5768337306665893,0.7206709828475163,0.5091368664959562,0.8389527744570964,0
297,37,1,0.5387995626563162,0.5356292139857302,112.13502205843146,15,8,5,0.4,0,0.6666666666666666,0.4666666666666667,0.5714285714285714,0.5714285714285714,0.3333333333333333,0.6344481662979935,1.0,0.5720100645931929,1.0,1
298,37,2,0.504982064817292,0.2683121288974229,73.32059534459795,15,8,5,0.13333333333333333,0,0.4,0.4666666666666667,0.14285714285714285,0.14285714285714285,0.06666666666666667,0.5090839211231858,0.6742120259370017,0.4401188902493505,0.6879713774139814,0
299,37,3,0.2872593937086241,0.2553059661237222,72.42019523293048,15,8,5,0.13333333333333333,0,0.26666666666666666,0.4666666666666667,0.14285714285714285,0.14285714285714285,0.13333333333333333,0.5088801567023581,0.71808585043259,0.42626363683092117,0.8364735494031111,0
300,37,4,0.5533681840909969,0.32286724229792324,82.68090369145807,15,8,5,0.26666666666666666,0,0.5333333333333333,0.4666666666666667,0.2857142857142857,0.42857142857142855,0.26666666666666666,0.6060002736326106,0.8670073445346037,0.5397320556243261,0.968306991556282,0
301,37,5,0.7513783609657111,0.7830088474755564,185.836152268488,15,8,5,0.2,1,0.26666666666666666,0.4666666666666667,0.0,0.0,0.0,0.5639100255983148,0.7513783609657111,0.49481305126459457,0.7830088474755564,0
302,37,6,0.23336649263843234,0.36534810249829497,85.43088357335728,15,8,5,0.0,0,0.0,0.4666666666666667,0.0,0.0,0.0,0.4087458132285761,0.6192380190910781,0.25573501438736523,0.5847023948236716,0
303,37,7,0.4003749237240007,0.19622212094502847,60.91405906542092,15,8,5,0.0,0,0.0,0.4666666666666667,0.0,0.0,0.0,0.4007629517869761,0.5914554477262266,0.27465520162642904,0.48299941581937483,0
304,38,0,0.3680142224773453,0.09870260881928106,55.36000796416804,12,7,3,0.0,0,0.0,0.3333333333333333,0.0,0.0,0.0,0.3283835100694554,0.5070154623946049,0.2707653602590936,0.40646992728575626,0
305,38,1,0.545313983736118,0.2455342343065895,105.9414521384061,12,7,3,0.16666666666666666,1,0.25,0.3333333333333333,0.5,0.5,0.08333333333333333,0.4900977413706236,0.7912156788958016,0.4051276667518769,0.8263617736283642,1
306,38,2,0.5257551459924892,0.22503652784920278,45.1177076112515,12,7,3,0.0,0,0.0,0.3333333333333333,0.0,0.0,0.0,0.39931440847572536,0.59130294068436,0.28246666454669717,0.5845826118813757,0
307,38,3,0.47595010294495477,0.5624941439359393,117.86011644278632,12,7,3,0.3333333333333333,1,0.75,0.3333333333333333,0.25,0.5,0.16666666666666666,0.5598135857273009,0.8990405331730069,0.48281380688853487,0.9790182148254164,1
308,38,4,0.18640388961731252,0.16178487248130063,50.7566887806634,12,7,3,0.0,0,0.0,0.3333333333333333,0.0,0.0,0.0,0.3291500364849183,0.4815994596390292,0.22236596004460982,0.38203584276898506,0
309,38,5,0.3790262801110287,0.23212865914131406,97.58258126337755,12,7,3,0.16666666666666666,0,0.16666666666666666,0.3333333333333333,0.25,0.25,0.08333333333333333,0.48378023298438694,0.7848398771412217,0.44315482528113254,0.6777175972552415,0
310,38,6,0.4707191930302219,0.5368642417452011,137.4116277904287,12,7,3,0.08333333333333333,0,0.08333333333333333,0.3333333333333333,0.0,0.0,0.08333333333333333,0.5246250730101998,0.8947984897942136,0.3670832323458251,0.7601697473877339,0
311,38,7,0.36414424529522155,0.34813346694769987,93.72726221864139,12,7,3,0.16666666666666666,1,0.3333333333333333,0.3333333333333333,0.25,0.5,0.08333333333333333,0.5223753633795364,0.7731878931351873,0.38464921245450423,0.6794407466621403,0
312,39,0,0.3562461379882693,0.2083133286538269,73.40132117075598,10,7,3,0.1,0,0.3,0.2,0.5,0.5,0.1,0.47180392578835956,0.7004688980148043,0.33888490423833634,0.717299997208232,0
313,39,1,0.4187575704527342,0.299863709177793,69.49601927226533,10,7,3,0.1,0,0.2,0.2,0.0,0.0,0.0,0.4998743420486738,0.7025052256939956,0.41135337001786904,0.6422081112213274,0
314,39,2,0.34585499355911414,0.18697033536348587,56.30927295108983,10,7,3,0.0,0,0.0,0.2,0.0,0.0,0.0,0.4430538347885826,0.5803239798222004,0.252317231878321,0.5347383546771626,0
315,39,3,0.22006809309756856,0.27385572986714907,46.07959788201656,10,7,3,0.0,0,0.0,0.2,0.0,0.0,0.0,0.4616574080359392,0.6635269000025841,0.29661718506693296,0.5551599663752362,0
316,39,4,0.37482847497064753,0.3370536902541109,97.73263679776628,10,7,3,0.0,0,0.0,0.2,0.0,0.0,0.0,0.4157669338580294,0.5500429533179868,0.3306828019241151,0.5851113495578025,0
317,39,5,0.6345677013622815,0.7275104878935694,140.3785175785089,10,7,3,0.1,1,0.1,0.2,0.0,0.0,0.0,0.5142655140551621,0.7132437619927129,0.46633727622983717,0.7275104878935694,0
318,39,6,0.729943737883699,0.7621063505074105,160.03286411216402,10,7,3,0.4,1,0.7,0.2,0.5,0.5,0.3,0.5806147266892332,0.8145599067927178,0.48198842115256124,0.8259798088508511,0
319,39,7,0.1710435813807078,0.15970312374097215,57.62800802588284,10,7,3,0.2,0,0.5,0.2,0.0,0.0,0.2,0.35001654368529184,0.7233088308456125,0.35279066132378134,0.7190549936892257,0
320,40,0,0.3817768503765678,0.10625643191287512,58.045017144881804,18,16,4,0.0,0,0.0,0.1111111111111111,0.0,0.0,0.0,0.4131702637966344,0.6842454718353392,0.2603858496891204,0.5287258339536594,1
321,40,1,0.7068146813791154,0.7773493766161514,104.01226907310408,18,16,4,0.3888888888888889,1,0.6111111111111112,0.1111111111111111,0.0,0.0,0.16666666666666666,0.5655895225006125,0.754544185839138,0.5249262639416786,0.8796732755213416,0
322,40,2,0.738129976186679,0.6296569596991896,137.7986139091114,18,16,4,0.4444444444444444,1,0.6111111111111112,0.1111111111111111,0.5,1.0,0.1111111111111111,0.5916227340760437,0.9493292641311261,0.5669218012799774,1.0,0
323,40,3,0.6362168334917815,0.5603406018006418,111.5812029942148,18,16,4,0.16666666666666666,0,0.5,0.1111111111111111,0.0,0.0,0.1111111111111111,0.4912673516869464,0.7250559871771494,0.4972375992049364,0.8529154623508168,1
324,40,4,0.48147157082720493,0.3390461196542245,93.88893518567298,18,16,4,0.3333333333333333,1,0.7222222222222222,0.1111111111111111,0.5,0.5,0.16666666666666666,0.5970676859357114,0.802190445774225,0.4895033365661657,0.9398769916834941,1
325,40,5,0.5911697646990255,0.5621369631428085,115.14299742729037,18,16,4,0.1111111111111111,0,0.1111111111111111,0.1111111111111111,0.0,0.0,0.0,0.5150777793531766,0.7708776904247528,0.4355296587722402,0.799133232305617,0
326,40,6,0.532027734203662,0.33202762599826696,115.2478903919444,18,16,4,0.16666666666666666,0,0.5555555555555556,0.1111111111111111,0.0,0.0,0.16666666666666666,0.5336025840888736,0.982084674658606,0.4553214224039234,0.8522788885356841,1
327,40,7,0.6805996189803236,0.5103486933693896,128.48681157305438,18,16,4,0.2222222222222222,1,0.7222222222222222,0.1111111111111111,0.5,1.0,0.2222222222222222,0.5266189355424865,0.9226812760278569,0.454693185088199,0.8017227872663387,0
328,41,0,0.5506007126176526,0.3394625744946601,76.7622538521667,14,13,2,0.35714285714285715,0,0.5,0.14285714285714285,0.0,0.0,0.14285714285714285,0.5901807130929952,0.9261907303231977,0.5329387146952713,0.9514522752064258,0
329,41,1,0.6306330381028078,0.535468867200049,132.49011621746158,14,13,2,0.14285714285714285,0,0.6428571428571429,0.14285714285714285,0.0,0.0,0.14285714285714285,0.507843261565619,0.9032281370884574,0.41751518694490075,0.6479625565443805,0
330,41,2,0.35728540315091545,0.35857463288144487,91.27751745267165,14,13,2,0.07142857142857142,0,0.35714285714285715,0.14285714285714285,0.0,0.0,0.14285714285714285,0.436269799215754,0.6360104156573475,0.3480033982449366,0.6301574119749913,1
331,41,3,0.5242508477389505,0.4718840642599769,129.2590006417054,14,13,2,0.07142857142857142,1,0.2857142857142857,0.14285714285714285,0.5,1.0,0.0,0.4437047980504124,0.9799104604022637,0.3837862552936249,1.0,1
332,41,4,0.2836428412775336,0.35350798387579574,87.83721294684605,14,13,2,0.2857142857142857,0,0.35714285714285715,0.14285714285714285,0.0,0.0,0.0,0.49774986138103566,0.9524991905785412,0.4093860684421732,0.8086930333675632,1
333,41,5,0.35487329701253967,0.2817639112400888,108.2949988644867,14,13,2,0.42857142857142855,1,0.7857142857142857,0.14285714285714285,0.5,1.0,0.14285714285714285,0.48394080403209816,0.7265931013946547,0.5057905166686605,0.822820147932209,1
334,41,6,0.47242019077310893,0.09110934646892205,39.49129995742658,14,13,2,0.0,0,0.0,0.14285714285714285,0.0,0.0,0.0,0.35264929667764694,0.6039479082710284,0.1753732483264062,0.45642038841213994,1
335,41,7,0.43254152067087,0.32286318221114574,89.54240989729006,14,13,2,0.07142857142857142,0,0.14285714285714285,0.14285714285714285,0.0,0.0,0.07142857142857142,0.4267812289122393,0.6489135067786163,0.31122412077205686,0.6340628217101524,0
336,42,0,0.6053402691395221,0.7041225757489076,155.72082421079315,18,12,7,0.5555555555555556,1,0.7222222222222222,0.16666666666666666,0.3333333333333333,0.3333333333333333,0.2222222222222222,0.6320120624033917,0.8758762211166764,0.6077396354306617,0.9983122126185139,1
337,42,1,0.41441795344061577,0.0939613762603551,59.59806898480641,18,12,7,0.16666666666666666,0,0.16666666666666666,0.16666666666666666,0.0,0.0,0.0,0.47969936921250533,0.9204079480516519,0.40939497064270874,1.0,0
338,42,2,0.19025446670883045,0.11934254832733598,27.24206235353873,18,12,7,0.0,0,0.0,0.16666666666666666,0.0,0.0,0.0,0.32695482918058993,0.6141202811860516,0.21427566068667614,0.3859314985353817,0
339,42,3,0.6195781084629032,0.1477375999078294,53.8460176079884,18,12,7,0.05555555555555555,0,0.2777777777777778,0.16666666666666666,0.0,0.0,0.16666666666666666,0.42850201407989336,0.6773386892032008,0.24749162126403487,0.6483678387035462,1
340,42,4,0.7512722360961323,0.4943814049642567,134.49681145176095,18,12,7,0.16666666666666666,1,0.8333333333333334,0.16666666666666666,0.3333333333333333,1.0,0.3888888888888889,0.500846083448936,0.7512722360961323,0.4458906215832063,0.7768161001466385,0
341,42,5,0.2924138551753812,0.009094103253890762,42.58868412284597,18,12,7,0.05555555555555555,0,0.05555555555555555,0.16666666666666666,0.0,0.0,0.1111111111111111,0.35992907988752865,0.7313569183164367,0.20360849522124186,0.7037308046971542,0
342,42,6,0.34708878482258176,0.19541253262539937,69.0606757736159,18,12,7,0.2222222222222222,1,0.5555555555555556,0.16666666666666666,0.3333333333333333,1.0,0.3888888888888889,0.496954398169975,0.8486435853234124,0.3530840191292646,0.8857042088239307,0
343,42,7,0.36690649996491614,0.3241385393589362,62.76365929640406,18,12,7,0.0,0,0.0,0.16666666666666666,0.0,0.0,0.0,0.35327828109993087,0.7044288699064933,0.20155732342598587,0.5294600751322948,0
344,43,0,0.535455031580507,0.34121063922631517,96.80043162749338,12,4,6,0.0,0,0.0,0.5,0.0,0.0,0.0,0.48353613928307704,0.599150450192564,0.2987570395085198,0.5291590321594419,0
345,43,1,0.3367817090168561,0.0,44.26348558115303,12,4,6,0.08333333333333333,0,0.16666666666666666,0.5,0.16666666666666666,0.16666666666666666,0.25,0.39200614453716104,0.6238652647333252,0.24073887159523535,0.6051855285735482,0
346,43,2,0.3681475064752313,0.11769214918710502,44.28855872790005,12,4,6,0.0,0,0.0,0.5,0.0,0.0,0.0,0.4063448358595216,0.5938684467065681,0.24617873441086702,0.5881085869790128,1
347,43,3,0.5401150458392789,0.3038946067006532,101.08309710340899,12,4,6,0.0,0,0.0,0.5,0.0,0.0,0.0,0.41044069385237364,0.6001533941797259,0.2444444775816781,0.45409815509441426,0
348,43,4,0.4474110856237435,0.39587520356139644,91.71405919297781,12,4,6,0.16666666666666666,1,0.5,0.5,0.3333333333333333,0.5,0.3333333333333333,0.39661845514897137,0.6799499675068745,0.31724025606141115,0.7190508590877268,0
349,43,5,0.5238503068566224,0.3005233915434665,76.17926641192282,12,4,6,0.25,0,0.3333333333333333,0.5,0.3333333333333333,0.3333333333333333,0.5,0.5736272855151562,0.939904541199943,0.49071193513681877,0.8114165635035038,0
350,43,6,0.3102575011588617,0.09511204206110713,68.23694886045146,12,4,6,0.16666666666666666,0,0.16666666666666666,0.5,0.16666666666666666,0.16666666666666666,0.16666666666666666,0.45110943401968634,0.7253359900308155,0.36471321069042384,0.8355228530423803,0
351,43,7,0.3637235915413321,0.17462173446629747,66.37590834897694,12,4,6,0.0,0,0.0,0.5,0.0,0.0,0.0,0.430864453674852,0.6044360567430085,0.3275737997512682,0.5547200713667824,0
352,44,0,0.4766346674238811,0.572061190469185,114.64801104665914,11,4,5,0.0,0,0.0,0.45454545454545453,0.0,0.0,0.0,0.420646598860875,0.49626848299748816,0.36178135074606826,0.572061190469185,1
353,44,1,0.448450969845873,0.21128986671761357,99.10451174942784,11,4,5,0.0,0,0.0,0.45454545454545453,0.0,0.0,0.0,0.35202450432453697,0.4730133992170884,0.2205106596316626,0.5072905653256996,0
354,44,2,0.37388838785712,0.31700102796790947,69.32938220561337,11,4,5,0.09090909090909091,0,0.09090909090909091,0.45454545454545453,0.0,0.0,0.0,0.4249627816039318,0.7320567743181647,0.2569668932371832,0.7904939159776079,0
355,44,3,0.4966379739204638,0.3783178758445509,68.62865121527561,11,4,5,0.09090909090909091,0,0.09090909090909091,0.45454545454545453,0.2,0.2,0.09090909090909091,0.5113837061461058,0.7506245206714756,0.4470745519856847,0.8370003901760595,1
356,44,4,0.4083672655796295,0.3372742630395864,91.3125638846316,11,4,5,0.09090909090909091,0,0.09090909090909091,0.45454545454545453,0.0,0.0,0.0,0.5191008158843098,0.8567942780145985,0.421474387036983,0.8167766468093175,0
357,44,5,0.49238323369161296,0.5162386028646654,86.52292041694449,11,4,5,0.0,0,0.0,0.45454545454545453,0.0,0.0,0.0,0.3890213812292036,0.6734810423089126,0.25677798915983374,0.5162386028646654,1
358,44,6,0.5691890088178131,0.1816579899168325,64.26605098358998,11,4,5,0.09090909090909091,0,0.18181818181818182,0.45454545454545453,0.2,0.2,0.2727272727272727,0.46764763111775487,0.5898047906578914,0.3129154570471832,0.7077823971406876,1
359,44,7,0.4794210415183098,0.32058885205582016,92.5698601010301,11,4,5,0.09090909090909091,0,0.18181818181818182,0.45454545454545453,0.2,0.2,0.2727272727272727,0.41463910171139634,0.8162756128357855,0.3206055171170651,0.7431149028585866,0
360,45,0,0.37413749203885116,0.4936000155425655,142.48392865037346,13,13,2,0.07692307692307693,0,0.07692307692307693,0.38461538461538464,0.2,0.2,0.07692307692307693,0.49632483350843215,0.7036503845329003,0.3703480704295845,0.7813231107242852,0
361,45,1,0.42010108427336484,0.42899339838703276,97.38466812495844,13,13,2,0.07692307692307693,0,0.23076923076923078,0.38461538461538464,0.2,0.2,0.07692307692307693,0.46066868719582205,0.7539682613152485,0.39673112123319665,0.7164292284279402,0
362,45,2,0.2232714101277099,0.14940762445722522,48.58604546807298,13,13,2,0.0,0,0.0,0.38461538461538464,0.0,0.0,0.0,0.3070612652322379,0.4885856156831614,0.219606982263187,0.5181841762930032,0
363,45,3,0.3716522861262625,0.266693898642073,78.22584350549653,13,13,2,0.15384615384615385,0,0.15384615384615385,0.38461538461538464,0.2,0.2,0.07692307692307693,0.47504262520397206,0.7548952969662915,0.36564875518844164,0.6251040832968033,0
364,45,4,0.6711463019681337,0.556300022294112,102.79000088459503,13,13,2,0.38461538461538464,1,0.7692307692307693,0.38461538461538464,0.4,0.8,0.15384615384615385,0.5456322771543707,0.9589172623099443,0.5077105031295499,0.7781219782066969,1
365,45,5,0.5798677285081785,0.6314276302580536,126.38099667043359,13,13,2,0.23076923076923078,1,0.6153846153846154,0.38461538461538464,0.2,0.4,0.15384615384615385,0.5059519910107558,0.7143156933334699,0.4686430878422208,0.6441443573766539,0
366,45,6,0.6178828208486126,0.5939524241943807,134.25764973490408,13,13,2,0.3076923076923077,1,0.9230769230769231,0.38461538461538464,0.4,0.8,0.15384615384615385,0.5894985383655386,0.8637975387925053,0.5477828537335683,0.9034864160017695,1
367,45,7,0.6136691046926174,0.41569397173568334,80.82098136982285,13,13,2,0.15384615384615385,0,0.23076923076923078,0.38461538461538464,0.2,0.2,0.07692307692307693,0.5274163819456791,0.7089894623753673,0.42249801640173834,0.7567699280619373,0
368,46,0,0.5737688339403779,0.4042689414175031,85.04150015733187,12,4,6,0.0,0,0.0,0.25,0.0,0.0,0.0,0.396719035632137,0.5737688339403779,0.20090539537938015,0.5592174307299606,0
369,46,1,0.4804102341541927,0.13193116411936917,66.9539108916969,12,4,6,0.0,0,0.0,0.25,0.0,0.0,0.0,0.34879631541704864,0.4804102341541927,0.2878222936256372,0.4782700790866289,0
370,46,2,0.46239652855003976,0.5576700791866177,120.8225534027404,12,4,6,0.16666666666666666,0,0.16666666666666666,0.25,0.3333333333333333,0.3333333333333333,0.25,0.44860136422538693,0.5972404952047967,0.35407026675452474,0.6824331054974216,0
371,46,3,0.8854649842499087,0.9223107575832987,148.54304961310493,12,4,6,0.3333333333333333,1,0.3333333333333333,0.25,0.0,0.0,0.3333333333333333,0.5940476014414576,0.8854649842499087,0.5585004809885014,0.9223107575832987,1
372,46,4,0.5137138513186783,0.16529551390021718,61.34372116923327,12,4,6,0.08333333333333333,0,0.16666666666666666,0.25,0.0,0.0,0.0,0.5479915977361706,0.7197053070358883,0.40076764579646545,0.6995715826744885,0
373,46,5,0.4037663397381619,0.31310684523904775,74.72002880451123,12,4,6,0.4166666666666667,1,0.5,0.25,0.3333333333333333,0.3333333333333333,0.08333333333333333,0.555896307035087,0.8722595689771782,0.4851311578048198,0.7733342382217133,0
374,46,6,0.6509936270039748,0.6299271765935983,129.996006997252,12,4,6,0.16666666666666666,1,0.25,0.25,0.0,0.0,0.0,0.4481522724621108,0.7021147848481849,0.37760319708155365,0.6299271765935983,0
375,46,7,0.5952621911995073,0.42900584642958073,91.65090939704581,12,4,6,0.08333333333333333,0,0.08333333333333333,0.25,0.0,0.0,0.0,0.3618362556632464,0.7345271792570855,0.2499744789940638,0.6324455511614623,0
376,47,0,0.38028138309538695,0.2965314070942116,73.6123680299892,14,8,5,0.07142857142857142,0,0.21428571428571427,0.2857142857142857,0.25,0.5,0.14285714285714285,0.45894393935833694,0.6487624113546208,0.37013779895925003,0.6725846931112212,0
377,47,1,0.47788245643445915,0.4633027677298122,103.21545377143015,14,8,5,0.14285714285714285,1,0.6428571428571429,0.2857142857142857,0.5,1.0,0.2857142857142857,0.5318626591784632,0.9503565214649198,0.46705219099212764,0.8272032790286817,1
378,47,2,0.5216582001654059,0.5858911352241537,131.64234563384227,14,8,5,0.0,0,0.0,0.2857142857142857,0.0,0.0,0.0,0.3675295117126295,0.5931588441560538,0.2732376634795629,0.5858911352241537,0
379,47,3,0.5716342679714405,0.2625608712341918,105.55073972827739,14,8,5,0.21428571428571427,0,0.7857142857142857,0.2857142857142857,0.25,0.75,0.35714285714285715,0.5815010229275616,0.8553479853228231,0.4663895762497111,0.8894385257014252,0
380,47,4,0.5977801665811635,0.2745135408110808,70.04706314323228,14,8,5,0.0,0,0.0,0.2857142857142857,0.0,0.0,0.0,0.4091073377578801,0.5977801665811635,0.2545114814416089,0.5071318056109595,0
381,47,5,0.28868457786498547,0.3035563954876402,78.23617702744257,14,8,5,0.14285714285714285,0,0.2857142857142857,0.2857142857142857,0.0,0.0,0.14285714285714285,0.358456199192447,0.8484480915196727,0.27907200605528254,0.9656327484486404,0
382,47,6,0.5447914825141201,0.36863051818447523,84.55139824350128,14,8,5,0.35714285714285715,0,0.5714285714285714,0.2857142857142857,0.0,0.0,0.21428571428571427,0.5730401343189472,0.8193224170656733,0.5548650057794167,0.7769556505252782,0
383,47,7,0.4979762670850317,0.3044250600137294,109.08199034012912,14,8,5,0.14285714285714285,0,0.14285714285714285,0.2857142857142857,0.0,0.0,0.07142857142857142,0.5355252673213189,0.6636667318362748,0.4212464266020767,0.671265247753565,1
384,48,0,0.49117959576350534,0.35416992623640825,87.6114258375832,15,10,6,0.2,0,0.2,0.6,0.0,0.0,0.0,0.5753263275593895,1.0,0.4527083927627619,0.9706567463880096,1
385,48,1,0.2189800060481691,0.13204970276659578,51.6136301634218,15,10,6,0.0,0,0.0,0.6,0.0,0.0,0.0,0.3377556759491327,0.47061834800198776,0.2316650584888991,0.512640942412499,1
386,48,2,0.1843564066537697,0.0,43.96003957051022,15,10,6,0.13333333333333333,0,0.13333333333333333,0.6,0.2222222222222222,0.2222222222222222,0.2,0.4039198405069114,0.6842603939247222,0.2521670601036551,0.6545532971754602,1
387,48,3,0.4332243154366297,0.4864201273794241,98.61460395341834,15,10,6,0.0,0,0.0,0.6,0.0,0.0,0.0,0.3674357874654871,0.8003598433448098,0.21421047624264428,0.5746258277440875,1
388,48,4,0.3197593294166913,0.14056167152105106,71.01631089608199,15,10,6,0.06666666666666667,1,0.13333333333333333,0.6,0.1111111111111111,0.1111111111111111,0.13333333333333333,0.37739596141377796,0.777726870766334,0.2537898471209245,0.738931739313628,0
389,48,5,0.19670662812556958,0.36491030978869793,66.35745179213883,15,10,6,0.2,1,0.8,0.6,0.3333333333333333,0.6666666666666666,0.4,0.46949899181553734,0.7668010567840874,0.4418437848109342,0.7269116757146478,1
390,48,6,0.824531260651051,0.7554793966724642,146.30316812024114,15,10,6,0.13333333333333333,1,0.2,0.6,0.1111111111111111,0.2222222222222222,0.0,0.5994337685135483,0.824531260651051,0.46545504270755217,0.7554793966724642,1
391,48,7,0.2301172538633532,0.44328039097425936,68.33427785997799,15,10,6,0.0,0,0.0,0.6,0.0,0.0,0.0,0.3417576725377075,0.4756858461236597,0.22382752841745854,0.45104840806738433,0
392,49,0,0.34062640303852343,0.30087481285246154,51.608706071110724,17,8,8,0.17647058823529413,0,0.23529411764705882,0.058823529411764705,0.0,0.0,0.11764705882352941,0.4772437232889378,0.6554026916579518,0.4190886764342313,0.7636409156278137,0
393,49,1,0.6981846784900307,0.36497182796099203,126.53963770821451,17,8,8,0.17647058823529413,0,0.17647058823529413,0.058823529411764705,0.0,0.0,0.23529411764705882,0.45742318193969755,0.9572808884027175,0.3153487938143101,1.0,0
394,49,2,0.5660474267384626,0.7274757940804042,144.63635322846713,17,8,8,0.23529411764705882,1,0.35294117647058826,0.058823529411764705,0.0,0.0,0.17647058823529413,0.546077494924518,0.7872979881665418,0.5019769685535406,0.8405955204377455,1
395,49,3,0.4845588398232903,0.16465484692218432,58.42699583495278,17,8,8,0.058823529411764705,0,0.11764705882352941,0.058823529411764705,0.0,0.0,0.11764705882352941,0.36025525817111115,0.5328970786654534,0.21786712224497617,0.6280181429275178,0
396,49,4,0.4433717598010649,0.28336931992463293,52.40369830453326,17,8,8,0.23529411764705882,0,0.23529411764705882,0.058823529411764705,0.0,0.0,0.17647058823529413,0.5016004961474363,0.8309247216022103,0.4537987607698697,0.8826100393419908,0
397,49,5,0.46973480620910857,0.35228243783920193,84.00045967757626,17,8,8,0.29411764705882354,0,0.35294117647058826,0.058823529411764705,0.0,0.0,0.29411764705882354,0.6234960607918392,0.8829477695311823,0.5343262461567564,1.0,0
398,49,6,0.39960126127533846,0.5580734043847674,95.29578983155885,17,8,8,0.4117647058823529,1,0.5294117647058824,0.058823529411764705,1.0,1.0,0.35294117647058826,0.5959711320958521,0.8622858496886192,0.5659476770687282,0.9156643257614705,1
399,49,7,0.47237342185386794,0.03307750499405711,56.60260023359763,17,8,8,0.0,0,0.0,0.058823529411764705,0.0,0.0,0.0,0.3776991990903926,0.5603021726640581,0.23923158080024787,0.4345324487232029,0
400,50,0,0.6244089752966773,0.49200691249206774,101.78865494811782,17,12,4,0.058823529411764705,0,0.35294117647058826,0.29411764705882354,0.2,0.4,0.23529411764705882,0.4251812917599187,0.6244089752966773,0.3033907506213497,0.6951970991798232,0
401,50,1,0.5965734378098394,0.5422486596283248,134.14331034963706,17,12,4,0.23529411764705882,0,0.5294117647058824,0.29411764705882354,0.2,0.2,0.17647058823529413,0.5319301835456998,0.8579543641309539,0.47054525431304917,0.7341299309704242,1
402,50,2,0.38943049385193845,0.19965873488932182,92.06798508899142,17,12,4,0.0,0,0.0,0.29411764705882354,0.0,0.0,0.0,0.39925168511948195,0.636838941568772,0.23972000294734036,0.4460687141965769,1
403,50,3,0.5978488906706344,0.40400080570580865,125.4759727190048,17,12,4,0.4117647058823529,1,1.0,0.29411764705882354,0.6,1.0,0.23529411764705882,0.6163121464026876,0.8944588703105207,0.5197583179558917,0.878061481466168,1
404,50,4,0.529461859593295,0.1620738765708224,63.07812100880619,17,12,4,0.17647058823529413,0,0.35294117647058826,0.29411764705882354,0.0,0.0,0.11764705882352941,0.5162474191297033,0.8351502720869082,0.47524079505829453,0.7266163327678274,0
405,50,5,0.4456648785481296,0.3764668276039848,76.67489954856397,17,12,4,0.17647058823529413,1,0.35294117647058826,0.29411764705882354,0.2,0.2,0.058823529411764705,0.44498662425668245,0.807431397488742,0.32405359964139513,0.7472753142849841,1
406,50,6,0.7449566108092215,0.6680240094416524,158.44310870465057,17,12,4,0.11764705882352941,1,0.23529411764705882,0.29411764705882354,0.0,0.0,0.11764705882352941,0.4733031458390097,0.8129388467690946,0.3136644837578221,0.7003769780496287,1
407,50,7,0.3816487188499003,0.3755545430072888,69.30946866833416,17,12,4,0.17647058823529413,1,0.35294117647058826,0.29411764705882354,0.2,0.4,0.17647058823529413,0.4653297647722487,0.7760826621714377,0.41676844680540986,0.9224165095938703,0
408,51,0,0.5271225969803448,0.6179663197717664,109.2314511668112,12,10,2,0.08333333333333333,1,0.08333333333333333,0.08333333333333333,0.0,0.0,0.0,0.5552943272186445,0.6769601240097756,0.48443050616172495,0.6179663197717664,0
409,51,1,0.41067116404254356,0.13471418551355643,51.51915322921782,12,10,2,0.08333333333333333,0,0.3333333333333333,0.08333333333333333,0.0,0.0,0.0,0.3650002089976352,0.6610483758434766,0.2866414886628417,0.6124842299957691,0
410,51,2,0.42104913886887485,0.36442081841341284,81.86563076758891,12,10,2,0.25,0,0.5,0.08333333333333333,0.0,0.0,0.16666666666666666,0.5336434795648606,0.7141637833430278,0.5348632263445756,0.9266829877117391,0
411,51,3,0.223241800965109,0.0,34.53045673382118,12,10,2,0.08333333333333333,0,0.25,0.08333333333333333,0.0,0.0,0.08333333333333333,0.33790541782928235,0.6074380974067263,0.2404939431881662,0.6442789541028974,0
412,51,4,0.6688910309621857,0.49501730824633056,116.11195179081973,12,10,2,0.0,0,0.0,0.08333333333333333,0.0,0.0,0.0,0.42429135953074854,0.6688910309621857,0.41232584409737427,0.5550785536064193,0
413,51,5,0.38265350507863605,0.2887353379768098,84.69559388502316,12,10,2,0.25,1,0.9166666666666666,0.08333333333333333,1.0,1.0,0.16666666666666666,0.4773735562293456,0.7258727682585665,0.4478331030083498,0.9045591772541663,0
414,51,6,0.38662382352352537,0.2697112655647651,75.25397834013006,12,10,2,0.08333333333333333,0,0.4166666666666667,0.08333333333333333,0.0,0.0,0.16666666666666666,0.422014812144979,0.675544899968635,0.26367718824109937,0.679849825541907,0
415,51,7,0.24320629126074678,0.1555321340805019,62.5947444747834,12,10,2,0.08333333333333333,0,0.16666666666666666,0.08333333333333333,0.0,0.0,0.0,0.4142661364365752,0.5365098102229862,0.2982681646552398,0.6628811099737857,0
416,52,0,0.5487602144022992,0.5591537438972224,157.60611450088922,15,7,6,0.26666666666666666,1,0.9333333333333333,0.2,0.6666666666666666,1.0,0.4,0.5437639558618476,0.8587467606965686,0.4862006090210862,0.9099044554183856,1
417,52,1,1.0,0.8938345653763886,169.0154816215513,15,7,6,0.3333333333333333,1,0.3333333333333333,0.2,0.0,0.0,0.06666666666666667,0.5277569856137777,1.0,0.49646186758993854,0.8938345653763886,1
418,52,2,0.3267136814302155,0.15888137910079939,48.288898438533806,15,7,6,0.06666666666666667,0,0.06666666666666667,0.2,0.0,0.0,0.0,0.41215785496684176,0.7200723154746937,0.2948784256057829,0.6101878167665493,0
419,52,3,0.7331130034218378,0.6158649717982879,109.14038725011655,15,7,6,0.26666666666666666,1,0.3333333333333333,0.2,0.0,0.0,0.13333333333333333,0.5687751894333178,0.9042252745207406,0.47748159793439954,0.8071636915767675,0
420,52,4,0.8562706703904897,0.664710042745335,171.3683124132171,15,7,6,0.2,1,0.3333333333333333,0.2,0.3333333333333333,0.3333333333333333,0.2,0.5510707198926952,0.8562706703904897,0.44694711778197793,0.7844277551126643,0
421,52,5,0.6627097968685394,0.5253023276261668,115.68764828193773,15,7,6,0.13333333333333333,0,0.26666666666666666,0.2,0.3333333333333333,0.3333333333333333,0.26666666666666666,0.4889307086443066,0.6627097968685394,0.3821971036846424,0.6674141712898378,1
422,52,6,0.5773297197004452,0.46509486263027777,115.81973494030817,15,7,6,0.26666666666666666,0,0.6,0.2,0.3333333333333333,0.6666666666666666,0.3333333333333333,0.5816926354298115,0.7875766040065415,0.4899406141219433,0.8761647014887496,0
423,52,7,0.6458246494483852,0.7221864180193736,160.8778645137065,15,7,6,0.06666666666666667,1,0.06666666666666667,0.2,0.0,0.0,0.0,0.42160864358595807,0.714042481779187,0.29378556131980205,0.7221864180193736,0
424,53,0,0.580753483550972,0.25607425350823054,81.2762667544587,11,9,3,0.09090909090909091,0,0.18181818181818182,0.2727272727272727,0.0,0.0,0.0,0.4022533885232629,0.6951694269406532,0.2632270211607997,0.9401298675856027,0
425,53,1,0.19238381419363276,0.3050161935848674,50.89448620489473,11,9,3,0.09090909090909091,0,0.09090909090909091,0.2727272727272727,0.0,0.0,0.0,0.40961719217958054,0.6075771654241756,0.36153531010032475,0.7060194318480129,1
426,53,2,0.4556918188154432,0.3104835954647715,67.67037953001227,11,9,3,0.18181818181818182,0,0.18181818181818182,0.2727272727272727,0.0,0.0,0.0,0.5730559480837826,0.8749201872749693,0.43946416079916584,0.658530207348756,0
427,53,3,0.3734959104032695,0.3175262810104197,96.58234502977152,11,9,3,0.0,0,0.0,0.2727272727272727,0.0,0.0,0.0,0.3146563997623957,0.3784679013116166,0.14109934609920669,0.3175262810104197,0
428,53,4,0.703483521816552,0.5989374143120902,154.9372115587156,11,9,3,0.2727272727272727,0,0.45454545454545453,0.2727272727272727,0.0,0.0,0.0,0.6153164216305097,0.8085430327984675,0.5450623956587229,0.8703259747959284,1
429,53,5,0.5392836553662462,0.4260801307502644,102.09917657345984,11,9,3,0.18181818181818182,0,0.2727272727272727,0.2727272727272727,0.0,0.0,0.0,0.49652594240599757,0.7115468733936585,0.4515418032224655,0.7012217371192332,1
430,53,6,0.23835862449283396,0.20053267458977656,72.43496081295581,11,9,3,0.09090909090909091,0,0.2727272727272727,0.2727272727272727,0.0,0.0,0.0,0.4145677411108685,0.665162678621464,0.35886552102929986,0.6127197247330182,0
431,53,7,0.3692196995476436,0.15998422122816067,85.54549612628668,11,9,3,0.0,0,0.0,0.2727272727272727,0.0,0.0,0.0,0.3934628404565933,0.5295974826816952,0.20245858499126387,0.5208389810359121,1
432,54,0,0.2803641951844376,0.12157287499144867,78.03798850337083,17,8,7,0.0,0,0.0,0.058823529411764705,0.0,0.0,0.0,0.4248664829275043,0.6259008431475108,0.26905020105724675,0.5709051514104115,1
433,54,1,0.4900941138569677,0.5352327604482482,98.33736566099911,17,8,7,0.11764705882352941,1,0.35294117647058826,0.058823529411764705,1.0,1.0,0.29411764705882354,0.5308817728389489,0.7755859582020506,0.4590044422886575,0.7543091765800234,1
434,54,2,0.27602092298867964,0.08076991306336981,65.24189849838373,17,8,7,0.11764705882352941,0,0.29411764705882354,0.058823529411764705,0.0,0.0,0.23529411764705882,0.4933896524393173,1.0,0.35347524683481096,0.8904145758078237,0
435,54,3,0.4833248529961737,0.43553941650210976,112.09040265056231,17,8,7,0.058823529411764705,0,0.058823529411764705,0.058823529411764705,0.0,0.0,0.11764705882352941,0.4519013755120757,0.8296352130543734,0.3322105367299989,0.8249330087518778,0
436,54,4,0.32037347572984054,0.23147884860516868,84.81266125721422,17,8,7,0.23529411764705882,0,0.35294117647058826,0.058823529411764705,0.0,0.0,0.11764705882352941,0.47810625643654786,0.6721118215982755,0.4133620834478982,0.6509123468153626,0
437,54,5,0.14433131509466154,0.16453858006473177,39.23233523250103,17,8,7,0.0,0,0.0,0.058823529411764705,0.0,0.0,0.0,0.3553108184243056,0.57594268440022,0.21222301948250966,0.5377541290815319,0
438,54,6,0.54445992202539,0.44059322445382176,109.00655547828629,17,8,7,0.058823529411764705,0,0.058823529411764705,0.058823529411764705,0.0,0.0,0.0,0.47694402965586513,0.7096425842295442,0.37619006021397206,0.9176511776576304,0
439,54,7,0.400767319521544,0.25702979277664983,64.17971952136367,17,8,7,0.058823529411764705,0,0.11764705882352941,0.058823529411764705,0.0,0.0,0.0,0.44777379440051795,0.7141398925470097,0.3888026210211364,0.7238846250874204,1
440,55,0,0.5119488918555527,0.2402971616525631,86.28908172839651,15,13,2,0.0,0,0.0,0.13333333333333333,0.0,0.0,0.0,0.3638779646634942,0.6745011408626033,0.21953658326630723,0.5756517902075917,0
441,55,1,0.3329864836221953,0.32208825439161304,102.46546782722154,15,13,2,0.13333333333333333,0,0.13333333333333333,0.13333333333333333,0.0,0.0,0.0,0.44985462762548156,0.7550085533519452,0.35201482277585483,0.7257355463621015,1
442,55,2,0.7748537745548549,0.5556240498759993,120.6798422158429,15,13,2,0.13333333333333333,0,0.26666666666666666,0.13333333333333333,0.0,0.0,0.0,0.43085544882469523,0.7922576046375477,0.2676451153723377,0.7512669909427907,1
443,55,3,0.4448758151712728,0.18099259134947795,39.95119185804149,15,13,2,0.0,0,0.0,0.13333333333333333,0.0,0.0,0.0,0.36757739831933356,0.6540763108557819,0.25244870533989994,0.54837981609089,0
444,55,4,0.4680965849911311,0.27190934784668475,70.71787182905823,15,13,2,0.2,0,0.3333333333333333,0.13333333333333333,0.0,0.0,0.06666666666666667,0.574258229816241,0.9331496406017596,0.49528951658860126,0.9159327072598998,0
445,55,5,0.36594528595797915,0.24881754221106062,91.03189171675766,15,13,2,0.13333333333333333,0,0.13333333333333333,0.13333333333333333,0.0,0.0,0.0,0.41523002542381654,0.6730733841390084,0.33440670421884594,0.7345799100373533,0
446,55,6,0.6032215155016514,0.4697443794843128,148.42354999290058,15,13,2,0.26666666666666666,1,0.6,0.13333333333333333,0.5,0.5,0.13333333333333333,0.5359700171889642,0.8859545755257412,0.419658486069472,0.7535189668638479,0
447,55,7,0.2612890542929664,0.09071246132260363,42.97700941003676,15,13,2,0.2,0,0.3333333333333333,0.13333333333333333,0.0,0.0,0.0,0.5115776362851396,0.7737840038172117,0.4015147930799476,0.7214639155875995,0
448,56,0,0.22468827714506262,0.023641293678168668,60.128941257817985,17,11,6,0.17647058823529413,0,0.17647058823529413,0.058823529411764705,0.0,0.0,0.11764705882352941,0.47594551486678377,0.8416362828998655,0.425960441450131,0.8077555723780097,0
449,56,1,0.856887927982262,0.8310631983640573,183.58187545066363,17,11,6,0.23529411764705882,1,0.23529411764705882,0.058823529411764705,0.0,0.0,0.058823529411764705,0.4959005791615953,0.856887927982262,0.44487068638947413,0.8310631983640573,1
450,56,2,0.6601802015793784,0.6387892422826978,106.78418676793258,17,11,6,0.11764705882352941,1,0.17647058823529413,0.058823529411764705,0.0,0.0,0.0,0.47356680279526986,0.7092566388494902,0.37822401338019457,0.8041266029428193,0
451,56,3,0.4265539991833873,0.5660112963363786,103.36212305566177,17,11,6,0.23529411764705882,0,0.29411764705882354,0.058823529411764705,0.0,0.0,0.058823529411764705,0.5866842398804835,0.8292346571938708,0.5159843120960769,0.782343056963892,1
452,56,4,0.5734324576998597,0.29133462521081466,81.69727117877711,17,11,6,0.058823529411764705,0,0.058823529411764705,0.058823529411764705,0.0,0.0,0.058823529411764705,0.4575152762601808,0.8294515153008514,0.3661958072597199,0.6456806228769064,0
453,56,5,0.533260919444673,0.6122032467350635,90.52149912248795,17,11,6,0.058823529411764705,1,0.058823529411764705,0.058823529411764705,0.0,0.0,0.0,0.4324288532387225,0.609366946953263,0.330385842945773,0.6122032467350635,0
454,56,6,0.6351494704895012,0.3882902885083985,76.03131713620508,17,11,6,0.058823529411764705,0,0.058823529411764705,0.058823529411764705,0.0,0.0,0.058823529411764705,0.5214697008359503,0.9135343556688429,0.37156091034163474,0.8216787764222614,0
455,56,7,0.41538140171159926,0.27075800117654525,29.7372383960954,17,11,6,0.0,0,0.0,0.058823529411764705,0.0,0.0,0.0,0.41824779457330197,0.6696410006144979,0.3138746009295586,0.5926327710836545,0
456,57,0,0.4759172889551455,0.3923360944679147,82.96650979311676,16,10,5,0.125,0,0.3125,0.3125,0.2,0.2,0.3125,0.5361889648281428,0.7664640992210789,0.43271196694726405,0.8005481460073095,0
457,57,1,0.3345318623678545,0.27724082425986607,73.21263865918101,16,10,5,0.0,0,0.0,0.3125,0.0,0.0,0.0,0.3998525866797856,0.7786185187458576,0.2678657363211311,0.5671165123224446,0
458,57,2,0.6163779018991185,0.5288600209826361,127.40214675541928,16,10,5,0.1875,0,0.375,0.3125,0.0,0.0,0.1875,0.5675634443955975,1.0,0.464990511605702,0.770912983719413,0
459,57,3,0.43221028425476854,0.3303248690229686,91.43889242818449,16,10,5,0.0,0,0.0,0.3125,0.0,0.0,0.0,0.42610082773755587,0.6013766656092219,0.31104434760991073,0.4782754448630243,0
460,57,4,0.37137973125021156,0.19866214899580542,93.73249516246509,16,10,5,0.0625,0,0.0625,0.3125,0.0,0.0,0.0,0.3265390268541536,0.759185551529915,0.22039782353714993,0.7578708084819,1
461,57,5,0.33084820973604456,0.16565507140419083,81.34886138360167,16,10,5,0.125,0,0.25,0.3125,0.0,0.0,0.0,0.39648546176244415,0.717749051083289,0.3155365058974906,0.9075559753387775,1
462,57,6,0.2334574142613113,0.0,72.99761027199756,16,10,5,0.125,0,0.3125,0.3125,0.2,0.2,0.3125,0.39274062763685635,0.7540360016860671,0.2264202805080902,0.6614618951933543,0
463,57,7,0.45864127118747533,0.551661922463245,110.6216961282303,16,10,5,0.4375,1,0.625,0.3125,0.4,0.4,0.25,0.5802496876533161,0.8160469663211717,0.5456221464064104,1.0,0
464,58,0,0.6245639160854317,0.3393386854902194,108.2587880103203,16,4,10,0.3125,0,0.375,0.25,0.25,0.25,0.4375,0.564412723519496,0.7393803688509885,0.49622466342365856,0.7182059848608727,0
465,58,1,0.7044514616071872,0.7865579401877513,151.8712544221369,16,4,10,0.4375,1,0.5,0.25,0.0,0.0,0.1875,0.6106514223204305,1.0,0.5955915249051149,0.8940024918193628,1
466,58,2,0.7666340390554528,0.4256345888887722,144.08957663022392,16,4,10,0.125,0,0.125,0.25,0.25,0.25,0.3125,0.5248642959605476,0.8054809354768793,0.42096452427473907,0.724710993704761,0
467,58,3,0.3745734189972447,0.27287045022186895,18.472854716970183,16,4,10,0.0,0,0.0,0.25,0.0,0.0,0.0,0.42998200810675863,0.6855575040434742,0.35015216246293657,0.5423822709709322,0
468,58,4,0.5806199302528023,0.5789033492041146,138.43340060856283,16,4,10,0.25,0,0.3125,0.25,0.25,0.25,0.25,0.5153133260392919,0.7313744047645813,0.45394934023472044,0.7390351972673475,1
469,58,5,0.6290294727198591,0.2764681198411628,112.23212920180394,16,4,10,0.25,0,0.25,0.25,0.0,0.0,0.0625,0.5590034784653425,0.7492679046912132,0.4789980675231176,0.7686956931058097,1
470,58,6,0.48365347292840366,0.3346237133048978,99.9006148461508,16,4,10,0.1875,0,0.3125,0.25,0.25,0.25,0.375,0.4985443785766511,0.8105494655743535,0.40115106710598036,0.810006889376078,0
471,58,7,0.4725451691271883,0.14132435085531925,78.35737196793504,16,4,10,0.0625,0,0.125,0.25,0.25,0.25,0.125,0.46308285007167016,0.6902876957987332,0.3480157256451506,0.8946026130179466,0
472,59,0,0.6343003703084578,0.5515624137126818,109.87168807213784,13,5,5,0.38461538461538464,1,0.46153846153846156,0.07692307692307693,1.0,1.0,0.23076923076923078,0.6459871884297516,0.9490997642922142,0.6029454314358659,1.0,0
473,59,1,0.7237366260366275,0.687110221560583,147.85770233723576,13,5,5,0.3076923076923077,1,0.3076923076923077,0.07692307692307693,0.0,0.0,0.23076923076923078,0.5856156706644302,0.8091924302129333,0.48784787813973574,0.687110221560583,0
474,59,2,0.5177931513819263,0.6266107870240576,147.85064641979687,13,5,5,0.15384615384615385,1,0.23076923076923078,0.07692307692307693,0.0,0.0,0.07692307692307693,0.5083837227701898,0.8429102100297844,0.42644628234523857,0.6930362600962334,0
475,59,3,0.4264066460843495,0.32806766180707286,54.06307439169109,13,5,5,0.3076923076923077,1,0.7692307692307693,0.07692307692307693,1.0,1.0,0.38461538461538464,0.4847266230578185,0.7992895361868352,0.4246200820773064,0.7300548348308774,0
476,59,4,0.5676804163755205,0.637148225845636,131.8304978160361,13,5,5,0.3076923076923077,1,0.3076923076923077,0.07692307692307693,1.0,1.0,0.07692307692307693,0.6391797815858167,0.9658320429912843,0.5727792256954486,0.9865276402542432,1
477,59,5,0.17280336821904912,0.31652914552535105,68.65821073601595,13,5,5,0.07692307692307693,1,0.15384615384615385,0.07692307692307693,1.0,1.0,0.07692307692307693,0.4500449699764468,0.6407864205813165,0.3874443755233916,0.732267826346083,1
478,59,6,0.47212420977454433,0.22300017113946505,71.35022871770752,13,5,5,0.0,0,0.0,0.07692307692307693,0.0,0.0,0.0,0.45003897235903384,0.6255541311459508,0.32161415801257637,0.5698444982847889,1
479,59,7,0.3988786015745969,0.4435394409260037,89.37098454157484,13,5,5,0.15384615384615385,0,0.15384615384615385,0.07692307692307693,0.0,0.0,0.3076923076923077,0.5084082725097827,0.698026483144338,0.436319010708191,0.7239272048597394,0
480,60,0,0.3585794599642924,0.38087181167813033,84.99671263255415,10,6,3,0.1,0,0.2,0.1,0.0,0.0,0.2,0.5004082569690527,0.8061917030941442,0.3780848959054192,0.7836693713839358,1
481,60,1,0.6867038215490534,0.4661478302100552,97.18433017814763,10,6,3,0.0,0,0.0,0.1,0.0,0.0,0.0,0.4779815428216521,0.6867038215490534,0.40080202832456563,0.5919943059799979,0
482,60,2,0.3075069726988409,0.49093655464108094,112.55619963394365,10,6,3,0.0,0,0.0,0.1,0.0,0.0,0.0,0.42399759040471735,0.5415892889664481,0.35928190936425936,0.5444116028704111,1
483,60,3,0.36364028828819805,0.25240717380875516,76.94160134483364,10,6,3,0.3,0,0.6,0.1,0.0,0.0,0.3,0.5464463399463234,0.7575838317571072,0.4825988749506118,0.9235577833618771,0
484,60,4,0.681283121947922,0.6828897394492766,133.18113730248618,10,6,3,0.3,1,0.6,0.1,0.0,0.0,0.3,0.5561895619460944,0.6980113687931889,0.44783979582249234,0.6828897394492766,0
485,60,5,0.61522264137302,0.6119075438729751,122.66968928343944,10,6,3,0.4,1,0.4,0.1,0.0,0.0,0.1,0.5526022048852433,0.9552216192974636,0.4688889497398968,1.0,0
486,60,6,0.3284461117371639,0.06487152006699258,74.91714393210873,10,6,3,0.0,0,0.0,0.1,0.0,0.0,0.0,0.41863307018122387,0.6037019122384563,0.35417460851532306,0.48295017569365634,1
487,60,7,0.43131027193933924,0.2689556680625454,64.15026315559399,10,6,3,0.2,0,0.5,0.1,0.0,0.0,0.3,0.42468844834961705,0.892568617069388,0.341685747097738,0.6059055421068918,0
488,61,0,0.4876446260944293,0.4199713249531454,85.82999502834532,15,13,3,0.4,1,0.6666666666666666,0.26666666666666666,0.25,0.5,0.2,0.6082910042036223,0.858438176701095,0.5535156208411934,0.9079849244560663,1
489,61,1,0.18622962878214494,0.22186048562030022,52.2942765959475,15,13,3,0.06666666666666667,1,0.26666666666666666,0.26666666666666666,0.25,0.5,0.2,0.4020737694573093,0.6845562903261335,0.33249873537701685,0.6253388120026908,1
490,61,2,0.3906683366589553,0.25605107598051624,58.97061257595653,15,13,3,0.13333333333333333,1,0.4666666666666667,0.26666666666666666,0.25,0.5,0.06666666666666667,0.4752606841374075,0.745850746144155,0.39575700893108784,0.7140373527338119,1
491,61,3,0.6494903269578952,0.5670340382347939,130.23083663599,15,13,3,0.4,1,0.6,0.26666666666666666,0.25,0.5,0.06666666666666667,0.664883605637592,1.0,0.6242611940756787,1.0,1
492,61,4,0.29679820313292504,0.33270002105687035,102.0869989973157,15,13,3,0.13333333333333333,0,0.13333333333333333,0.26666666666666666,0.0,0.0,0.06666666666666667,0.4612470953043172,0.8574699847165499,0.35359426328453963,0.7613271987619173,0
493,61,5,0.5246374786084561,0.3589948469433761,84.86021228763715,15,13,3,0.06666666666666667,0,0.06666666666666667,0.26666666666666666,0.0,0.0,0.0,0.5334504398917913,0.8280420432345821,0.3970889447812133,0.7302447753847966,1
494,61,6,0.5239680087497269,0.2084066551054723,71.94694829205693,15,13,3,0.06666666666666667,1,0.3333333333333333,0.26666666666666666,0.25,0.5,0.0,0.37111582718737574,0.5239680087497269,0.25870735906138226,0.6632939139512463,1
495,61,7,0.47076257280048167,0.3150831806477295,85.37511092208752,15,13,3,0.2,0,0.26666666666666666,0.26666666666666666,0.0,0.0,0.13333333333333333,0.5285767101121368,0.6662800068005894,0.4899749307489164,0.8653321539615578,1
496,62,0,0.562075491114679,0.8544645128517686,140.63796903429986,13,4,6,0.15384615384615385,1,0.23076923076923078,0.38461538461538464,0.2,0.2,0.23076923076923078,0.5612589831200124,0.7518374970305707,0.5136238995454927,0.9214248989290251,1
497,62,1,0.44886472622025386,0.38607076199529655,105.0924825218532,13,4,6,0.3076923076923077,0,0.5384615384615384,0.38461538461538464,0.4,0.6,0.46153846153846156,0.5638890909067299,0.8907187756845851,0.4655242572339807,0.8815569853155117,1
498,62,2,0.5320643195177166,0.38122280468558395,94.20591201578826,13,4,6,0.15384615384615385,0,0.23076923076923078,0.38461538461538464,0.2,0.2,0.23076923076923078,0.46330352603221026,0.8900873991835133,0.35590701085322896,1.0,0
499,62,3,0.2672955376355479,0.2316307528357681,52.288450700971765,13,4,6,0.15384615384615385,0,0.15384615384615385,0.38461538461538464,0.2,0.2,0.23076923076923078,0.4578674854272084,0.7507835329242184,0.4133271730161574,0.7524627405167696,0
500,62,4,0.5083863344286341,0.28308326947297086,49.4867320545217,13,4,6,0.0,0,0.0,0.38461538461538464,0.0,0.0,0.0,0.4326799981627319,0.6636070828396705,0.25393762624731175,0.46439190733382785,0
501,62,5,0.5519501895363972,0.5192816825035065,107.28080032885411,13,4,6,0.46153846153846156,1,0.6923076923076923,0.38461538461538464,0.6,0.8,0.46153846153846156,0.6362230071403114,1.0,0.5647137945181308,0.8099782383303828,1
502,62,6,0.39273748403785075,0.48747689592399157,91.5901365562008,13,4,6,0.23076923076923078,1,0.38461538461538464,0.38461538461538464,0.4,0.6,0.38461538461538464,0.5641071899518361,0.9390453642203955,0.473912046236885,0.770171843883802,1
503,62,7,0.41518090243894945,0.28416702927378673,71.8543064868675,13,4,6,0.07692307692307693,0,0.07692307692307693,0.38461538461538464,0.2,0.2,0.15384615384615385,0.47132789365258004,0.7037900223529704,0.45799239243155004,0.8249381547378489,0
504,63,0,0.4113263102901687,0.39766061703146627,69.99633054548346,16,15,3,0.0,0,0.0,0.4375,0.0,0.0,0.0,0.3923789003510004,0.5789015738619149,0.2718925427865087,0.5271867213350995,0
505,63,1,0.5299952394311819,0.4967047331177712,108.29883903487185,16,15,3,0.0625,0,0.0625,0.4375,0.0,0.0,0.0,0.3946491409100149,0.5764285822919941,0.29733148931627923,0.6013945408663183,0
506,63,2,0.5481481910916053,0.38578066152480095,81.08698426156299,16,15,3,0.125,0,0.125,0.4375,0.14285714285714285,0.14285714285714285,0.0625,0.44498639288237235,0.7415686142460088,0.35063222880577805,0.9040657636873101,0
507,63,3,0.523765860329435,0.22274269032322058,68.33316140144103,16,15,3,0.0625,0,0.4375,0.4375,0.14285714285714285,0.7142857142857143,0.0625,0.44199100646779305,0.6831817985889775,0.28282896628865717,0.678943985674242,1
508,63,4,0.3328038034242962,0.41832008617714195,71.0901056119757,16,15,3,0.0,0,0.0,0.4375,0.0,0.0,0.0,0.38567156386097634,0.5337223517958705,0.23147191673157613,0.5343955951261876,0
509,63,5,0.46425690069197445,0.36330883657614416,83.92655254375096,16,15,3,0.125,0,0.125,0.4375,0.0,0.0,0.0,0.5383984213050304,0.7015262014278355,0.43337814511144845,0.6913836841416001,0
510,63,6,0.5909205499735426,0.5751138833369155,151.3885326984825,16,15,3,0.3125,1,0.875,0.4375,0.2857142857142857,0.8571428571428571,0.125,0.5430824278485556,0.7578547688846208,0.5086501836322692,0.7490327241116217,0
511,63,7,0.2867253470293073,0.3423163747384464,60.845684695752695,16,15,3,0.1875,0,0.625,0.4375,0.42857142857142855,0.7142857142857143,0.125,0.5298358428019929,0.9535644140809674,0.4247159695929591,0.8808411642271043,0
512,64,0,0.6836864799703989,0.649677534047306,142.81568894407127,11,6,3,0.2727272727272727,1,0.2727272727272727,0.2727272727272727,0.0,0.0,0.09090909090909091,0.5932505592785297,0.8289607181631475,0.4682317220041265,0.815718526348028,0
513,64,1,0.31800799742546,0.1937880325865319,105.9806911225989,11,6,3,0.09090909090909091,0,0.09090909090909091,0.2727272727272727,0.0,0.0,0.09090909090909091,0.40276398200360436,0.5933331019506736,0.34400269017844937,0.627089969556889,0
514,64,2,0.6806481895128402,0.7775179684960246,163.6989005335708,11,6,3,0.18181818181818182,1,0.5454545454545454,0.2727272727272727,0.0,0.0,0.18181818181818182,0.5100320947965913,0.8067958987546693,0.44421919764448214,0.7775179684960246,1
515,64,3,0.49146164933736747,0.6074847417044491,110.10319740489861,11,6,3,0.36363636363636365,1,0.5454545454545454,0.2727272727272727,0.6666666666666666,0.6666666666666666,0.2727272727272727,0.5175048247056838,0.7685428538522212,0.5053368490819491,1.0,1
516,64,4,0.5084415848111599,0.522817867208981,98.38843468609929,11,6,3,0.18181818181818182,0,0.6363636363636364,0.2727272727272727,0.3333333333333333,0.3333333333333333,0.2727272727272727,0.4974935323721931,0.7027522693035874,0.47877430419413264,0.8022504534435833,0
517,64,5,0.31051146653211864,0.30281532174431997,46.98164195994832,11,6,3,0.09090909090909091,0,0.09090909090909091,0.2727272727272727,0.0,0.0,0.09090909090909091,0.4361652985919635,0.8857513275333515,0.3483920631461592,0.6427115950163089,1
518,64,6,0.4761310119927281,0.44146986037954583,96.96650705069787,11,6,3,0.0,0,0.0,0.2727272727272727,0.0,0.0,0.0,0.33226928733941113,0.5240849174185092,0.21806853231786966,0.4792401764478106,0
519,64,7,0.5527418211098712,0.43560732232027116,81.21524417649874,11,6,3,0.0,0,0.0,0.2727272727272727,0.0,0.0,0.0,0.5509375186629483,0.7014124427666504,0.4521047543490257,0.5982963662338175,0
520,65,0,0.5216692459868677,0.431074978637996,95.68347829347475,10,4,3,0.0,0,0.0,0.3,0.0,0.0,0.0,0.43877151945877707,0.6665086422205728,0.33637893871930774,0.5216794737006215,0
521,65,1,0.759931299543349,0.6240809835000141,117.13817513427527,10,4,3,0.2,1,0.2,0.3,0.0,0.0,0.0,0.552500965671866,0.759931299543349,0.47709793974658776,0.6491518651627917,0
522,65,2,0.4800179122524862,0.33195637231320935,94.48320433640139,10,4,3,0.0,0,0.0,0.3,0.0,0.0,0.0,0.5237204058612985,0.7022854081726615,0.35839467550015364,0.5748473367215873,0
523,65,3,0.14220992609908464,0.24592690309001952,48.99700078010488,10,4,3,0.0,0,0.0,0.3,0.0,0.0,0.0,0.41825962561755103,0.6094204114027522,0.3130792435315352,0.5905537633738533,0
524,65,4,0.4585736229298446,0.32679675855741314,55.12300487645651,10,4,3,0.1,0,0.1,0.3,0.0,0.0,0.1,0.4200589622513721,0.6528235994797168,0.2753911946982046,0.7134412865274432,0
525,65,5,0.3379968709964045,0.40421029991465174,88.46111264355481,10,4,3,0.1,0,0.1,0.3,0.0,0.0,0.0,0.46746555899088993,0.5348613943290702,0.4181249905129226,0.7574931082386809,0
526,65,6,0.4469950380939496,0.4813005888734802,89.86864045929275,10,4,3,0.2,0,0.2,0.3,0.0,0.0,0.0,0.441855355998901,0.6549496885201214,0.4016260457650643,0.8178638257288988,0
527,65,7,0.5449480203213537,0.49964062948415383,78.96930199037419,10,4,3,0.1,0,0.1,0.3,0.0,0.0,0.0,0.5131883080272803,0.7550200877979429,0.45661306241938127,0.7992716003848017,0
528,66,0,0.5529961937554323,0.5317197537619347,109.9183125361126,12,5,5,0.08333333333333333,0,0.08333333333333333,0.6666666666666666,0.0,0.0,0.0,0.43599221421592566,0.7040610858399035,0.32546243886089304,0.691350929666135,0
529,66,1,0.4608891058679256,0.3182200083476885,92.60904458343447,12,5,5,0.08333333333333333,0,0.25,0.6666666666666666,0.125,0.125,0.08333333333333333,0.45515167047053096,0.6052496897641841,0.36886816366712843,0.7892806091102009,0
530,66,2,0.4698729522642147,0.4281363381680828,82.97342357193912,12,5,5,0.3333333333333333,0,0.3333333333333333,0.6666666666666666,0.375,0.375,0.4166666666666667,0.5427033261906123,0.9388519139975817,0.5387616492924371,1.0,0
531,66,3,0.45249688454281345,0.0,52.382869458637174,12,5,5,0.08333333333333333,0,0.25,0.6666666666666666,0.125,0.125,0.08333333333333333,0.3896121654258872,0.5648733016245587,0.2780117336910677,0.7200418735782446,1
532,66,4,0.6678510024368745,0.4677485713126739,82.13279102845415,12,5,5,0.16666666666666666,0,0.25,0.6666666666666666,0.25,0.25,0.16666666666666666,0.4455799799974287,0.7888617157691579,0.3627488439672903,0.7520457848984793,0
533,66,5,0.22016258401896566,0.1938078093781902,75.56115398801424,12,5,5,0.0,0,0.0,0.6666666666666666,0.0,0.0,0.0,0.3632340896735268,0.704363658540015,0.15822814170745123,0.43617005968616845,0
534,66,6,0.4779547545017037,0.5718590324551115,110.01504526026011,12,5,5,0.16666666666666666,1,0.25,0.6666666666666666,0.25,0.25,0.25,0.5728210190724721,0.7348198202141649,0.5378863880525343,0.7347934860384276,0
535,66,7,0.3089622260840189,0.32361991247466326,65.83658206196358,12,5,5,0.08333333333333333,0,0.25,0.6666666666666666,0.125,0.125,0.08333333333333333,0.3651063279254092,0.6239135829569772,0.2827981438569748,0.6547003512087498,0
536,67,0,0.3492123777459274,0.364228772098091,114.97619368844633,10,2,5,0.3,0,0.4,0.6,0.3333333333333333,0.5,0.3,0.4560546084405055,0.7385871743568915,0.3928509452950989,0.7532010737157558,0
537,67,1,0.5859050843230506,0.6065376392317572,138.4422751126673,10,2,5,0.3,1,0.3,0.6,0.16666666666666666,0.16666666666666666,0.2,0.58581683061598,0.8813947620742679,0.4916980973083181,0.6192783851354634,0
538,67,2,0.3915413787608578,0.4070665557177212,52.262559106538305,10,2,5,0.0,0,0.0,0.6,0.0,0.0,0.0,0.49468266674144357,0.6325334043146512,0.3691467666502345,0.5628985752574673,0
539,67,3,0.6778781490395354,0.7993894726938668,156.32972912783225,10,2,5,0.1,1,0.1,0.6,0.0,0.0,0.0,0.49928831253849887,0.6778781490395354,0.3921785147261024,0.7993894726938668,1
540,67,4,0.4266625013808855,0.2169708040946366,67.49399265346914,10,2,5,0.1,0,0.1,0.6,0.0,0.0,0.0,0.48905474806462096,0.7068952827953942,0.36468861838780064,0.6689616614478383,0
541,67,5,0.3506647817808727,0.16742574846476826,72.53390433198665,10,2,5,0.0,0,0.0,0.6,0.0,0.0,0.0,0.4402173954118072,0.6724024959839501,0.36962818666424924,0.5362086859475512,0
542,67,6,0.2589755865845989,0.13651981918605674,45.22937656510568,10,2,5,0.1,0,0.1,0.6,0.0,0.0,0.0,0.4392630079502785,0.885010847369937,0.36367409814523477,1.0,0
543,67,7,0.8128410150114745,0.5162505635192323,126.34260579497261,10,2,5,0.3,0,0.3,0.6,0.16666666666666666,0.16666666666666666,0.2,0.5477463584510607,0.8128410150114745,0.48483554417030766,0.8989387981930556,0
544,68,0,0.7269080255089759,0.6987440726099204,183.02341443806193,10,6,2,0.5,1,0.8,0.1,0.0,0.0,0.0,0.5780693669497923,0.7873130175475745,0.5335152507832173,0.7971691473086666,1
545,68,1,0.5276482329060745,0.5110671522874938,110.10158857521714,10,6,2,0.3,1,0.4,0.1,1.0,1.0,0.2,0.5233371504622278,0.6002410253167987,0.4547581131199788,0.7283757311503035,1
546,68,2,0.7198251136413778,0.7354743499710317,163.5253764159846,10,6,2,0.1,1,0.1,0.1,0.0,0.0,0.0,0.41465209729041563,0.7198251136413778,0.2874190841164247,0.7354743499710317,0
547,68,3,0.3123696278986426,0.1588533296662605,75.21773063312162,10,6,2,0.1,0,0.1,0.1,0.0,0.0,0.0,0.475167935711752,0.6659804840576012,0.2982398150451117,0.6180026631646135,0
548,68,4,0.6678786221434792,0.8047281574241112,159.5429449218698,10,6,2,0.1,1,0.1,0.1,0.0,0.0,0.0,0.477244411624867,0.7506502241001978,0.37164551921970945,0.8047281574241112,1
549,68,5,0.5191065409716226,0.3582956563286133,72.34288090559735,10,6,2,0.1,1,0.3,0.1,1.0,1.0,0.2,0.4963256743661023,0.6747864849995047,0.34029430845455166,0.6671037272227379,0
550,68,6,0.24361668030161573,0.15321617742335544,41.23857616295802,10,6,2,0.0,0,0.0,0.1,0.0,0.0,0.0,0.4508922429777888,0.7068534643232742,0.33462615615512425,0.5861294233958805,0
551,68,7,0.4754401940467115,0.38895104438603667,103.44242973601331,10,6,2,0.2,1,0.4,0.1,1.0,1.0,0.2,0.537454209664,0.7967778321283295,0.42818293490331244,0.6901863454710826,1
552,69,0,0.27887275826761176,0.16694878247256764,49.229532566291724,17,10,7,0.11764705882352941,0,0.5882352941176471,0.4117647058823529,0.14285714285714285,0.5714285714285714,0.35294117647058826,0.343536965247288,0.7114499709300661,0.2269519217313163,0.6591161893967574,0
553,69,1,0.40073110218275204,0.49692396785216214,107.58175269480056,17,10,7,0.0,0,0.0,0.4117647058823529,0.0,0.0,0.0,0.4045512790124568,0.6277350348158933,0.23147956399564665,0.5072578491923305,1
554,69,2,0.43912899343437994,0.13065897000571286,55.681053110305555,17,10,7,0.17647058823529413,0,0.17647058823529413,0.4117647058823529,0.14285714285714285,0.14285714285714285,0.11764705882352941,0.43344074696558366,0.8082848953115572,0.35812915189388556,0.6290849954527907,0
555,69,3,0.6241651192741761,0.4657047164127963,120.85169830281794,17,10,7,0.4117647058823529,0,0.6470588235294118,0.4117647058823529,0.2857142857142857,0.5714285714285714,0.4117647058823529,0.5830066510564953,1.0,0.5637103140529452,0.9420449498949847,0
556,69,4,0.5046771630022285,0.5680543169223605,94.90516704799654,17,10,7,0.23529411764705882,0,0.4117647058823529,0.4117647058823529,0.2857142857142857,0.2857142857142857,0.29411764705882354,0.5017731017834034,0.7694485538414523,0.43926296531426157,0.8242125204086453,1
557,69,5,0.3873847015676206,0.15768357121634075,53.385590991510064,17,10,7,0.0,0,0.0,0.4117647058823529,0.0,0.0,0.0,0.4455347820245102,0.689322065840184,0.30477223312735974,0.5042654404860232,0
558,69,6,0.42514207529172515,0.28687828124787274,79.84226399979819,17,10,7,0.0,0,0.0,0.4117647058823529,0.0,0.0,0.0,0.3806734473584902,0.6607756332382542,0.2938112345235563,0.5217370876198621,0
559,69,7,0.4390032835995713,0.3947284505001232,102.85956477167879,17,10,7,0.058823529411764705,0,0.6470588235294118,0.4117647058823529,0.14285714285714285,0.42857142857142855,0.35294117647058826,0.43564506393620583,0.6558288965288123,0.3154220994499579,0.6395644831175693,0
560,70,0,0.33514874172845754,0.181034670889947,62.32582086465691,14,8,4,0.0,0,0.0,0.07142857142857142,0.0,0.0,0.0,0.4008068101981726,0.6562756323334434,0.3052407073480792,0.5835820677673675,0
561,70,1,0.32761767501805117,0.34784357960628987,62.40354648679959,14,8,4,0.07142857142857142,0,0.07142857142857142,0.07142857142857142,0.0,0.0,0.2857142857142857,0.40002101034471377,0.6887576122585519,0.3185604968891199,0.7698242532412233,0
562,70,2,0.4318375988465083,0.2703189457448407,83.16035163572876,14,8,4,0.14285714285714285,0,0.14285714285714285,0.07142857142857142,0.0,0.0,0.0,0.48770587391477493,0.7238070754041255,0.37178024945061555,0.6945446080916478,1
563,70,3,0.38479268910627806,0.11966974798805463,46.759020130269604,14,8,4,0.07142857142857142,1,0.14285714285714285,0.07142857142857142,1.0,1.0,0.14285714285714285,0.45759990981243404,0.6679531173573904,0.3276929311781221,0.6275404944727706,1
564,70,4,0.5114156106600936,0.44261000055609667,78.60287846822976,14,8,4,0.0,0,0.0,0.07142857142857142,0.0,0.0,0.0,0.38945788524731745,0.6211635883251179,0.2685629493128153,0.47321065670841944,1
565,70,5,0.5181963186747579,0.21661556527584758,75.87083970121022,14,8,4,0.0,0,0.0,0.07142857142857142,0.0,0.0,0.0,0.4007295092151417,0.708827371587652,0.25150177266165197,0.4940170184814936,1
566,70,6,0.7178598702338741,1.0,210.38000354505158,14,8,4,0.2857142857142857,1,0.35714285714285715,0.07142857142857142,0.0,0.0,0.0,0.6118133406740573,0.7470155319074776,0.5417860606438647,1.0,1
567,70,7,0.43281885446896734,0.30705653881286943,77.96050249781024,14,8,4,0.21428571428571427,0,0.21428571428571427,0.07142857142857142,0.0,0.0,0.2857142857142857,0.5224656544108225,0.689473709406567,0.4673829809499547,0.7487128922861653,1
568,71,0,0.4245173512480576,0.16109605999699272,74.64255392022685,14,10,5,0.0,0,0.0,0.42857142857142855,0.0,0.0,0.0,0.3838327262733724,0.5706964490806302,0.17896791410195373,0.4199327937216367,0
569,71,1,0.3833831196404105,0.6122868474695777,108.974327011931,14,10,5,0.6428571428571429,1,1.0,0.42857142857142855,0.8333333333333334,1.0,0.35714285714285715,0.626547353778227,0.9157449051658407,0.6617705139440583,0.9372789582063789,0
570,71,2,0.6210678046979469,0.5436021530241638,117.07025098985163,14,10,5,0.0,0,0.0,0.42857142857142855,0.0,0.0,0.0,0.4002149988756048,0.7418484302183164,0.3348245977805,0.5734982901942726,0
571,71,3,0.3365043046190202,0.38382718276664163,83.35165811666121,14,10,5,0.5,1,0.7142857142857143,0.42857142857142855,0.5,0.6666666666666666,0.2857142857142857,0.7030255246815457,0.9438805869874232,0.6134127924524935,0.9969984455665538,0
572,71,4,0.3269311444921119,0.29976072824459377,69.00395162395411,14,10,5,0.21428571428571427,0,0.35714285714285715,0.42857142857142855,0.16666666666666666,0.16666666666666666,0.14285714285714285,0.525686191445185,0.7027971745054238,0.46586687743848276,0.9064385935230138,1
573,71,5,0.5031999494708204,0.22894888149128437,79.0165866197855,14,10,5,0.21428571428571427,1,0.42857142857142855,0.42857142857142855,0.3333333333333333,0.3333333333333333,0.14285714285714285,0.4771181598034467,0.7898320334016908,0.3937135558763513,0.7112433433960611,1
574,71,6,0.4734638146835574,0.49388516253402487,93.95887458585739,14,10,5,0.21428571428571427,1,0.42857142857142855,0.42857142857142855,0.3333333333333333,0.3333333333333333,0.21428571428571427,0.5195237102659575,0.7544912760412819,0.4255953552222492,0.8430070356811443,1
575,71,7,0.3300636509265624,0.1444071723247347,65.69248616199216,14,10,5,0.0,0,0.0,0.42857142857142855,0.0,0.0,0.0,0.3680085842926234,0.5772867429021642,0.17546464677389687,0.5210931330589854,1
576,72,0,0.5880209068891346,0.5560404336409355,139.99659330776123,18,15,3,0.16666666666666666,0,0.2777777777777778,0.2222222222222222,0.0,0.0,0.05555555555555555,0.5527046901471809,0.9041146775808366,0.4873814185943035,0.906037922390547,1
577,72,1,0.59279885032646,0.6379844872670063,149.65310417623732,18,15,3,0.3888888888888889,1,0.7222222222222222,0.2222222222222222,0.5,0.75,0.1111111111111111,0.5441096006242595,0.9299218799080383,0.5383668747880265,0.8077271353743035,1
578,72,2,0.6008997703696868,0.6381171192200783,130.31900346831316,18,15,3,0.3888888888888889,1,1.0,0.2222222222222222,0.5,1.0,0.16666666666666666,0.5420465083721979,0.7179653456756832,0.4999308440051601,0.7126181052880342,1
579,72,3,0.3953942132879145,0.4191453022889287,122.04336065161706,18,15,3,0.05555555555555555,0,0.1111111111111111,0.2222222222222222,0.0,0.0,0.0,0.4905301556453684,0.878542460069881,0.39455166058527846,0.922060966281481,1
580,72,4,0.34818209281158125,0.1415346003312673,69.06492158893441,18,15,3,0.1111111111111111,0,0.16666666666666666,0.2222222222222222,0.0,0.0,0.05555555555555555,0.4458613370200366,0.5941422556740215,0.38658260590079024,0.6775066272761033,1
581,72,5,0.5721144866187018,0.42631267914781285,82.59146551755106,18,15,3,0.2222222222222222,1,0.6111111111111112,0.2222222222222222,0.25,0.5,0.1111111111111111,0.5102187528729782,0.7078519682269536,0.4771448827279809,0.7695868796798964,1
582,72,6,0.5580690591742585,0.7038992561964849,107.88844599417959,18,15,3,0.16666666666666666,1,0.2222222222222222,0.2222222222222222,0.0,0.0,0.0,0.5040139262720149,0.8524635650594992,0.38506661712971113,0.8601797572278093,0
583,72,7,0.6474593053421916,0.49392390985036344,133.97936578373367,18,15,3,0.3333333333333333,1,0.9444444444444444,0.2222222222222222,0.5,0.75,0.16666666666666666,0.5551064793211483,0.8447955302784846,0.48948869419751617,0.808848233168037,0
584,73,0,0.34652400602262645,0.06341633444467415,41.43439205638302,10,3,5,0.2,0,0.2,0.1,0.0,0.0,0.3,0.37277434484252786,0.8244753013012106,0.2586607366458097,0.9928212080668184,0
585,73,1,0.38268782542442287,0.10628070339236834,31.15477566261597,10,3,5,0.0,0,0.0,0.1,0.0,0.0,0.0,0.4019230381138426,0.5409433048544733,0.28254643477773494,0.48600436951074416,0
586,73,2,0.6494621099067774,0.5822328136785894,84.50200776244675,10,3,5,0.1,0,0.1,0.1,0.0,0.0,0.0,0.4947882784839937,0.7301314211872949,0.3668064393323434,0.7330880684663653,0
587,73,3,0.44749322058401947,0.02532988096271227,81.55495068548227,10,3,5,0.3,1,0.9,0.1,1.0,1.0,0.5,0.5472722940498741,0.7581973044473992,0.42924776440232204,0.6763359491034424,0
588,73,4,0.5596717421802648,0.4984837532601242,88.28546016816456,10,3,5,0.4,0,0.4,0.1,0.0,0.0,0.3,0.6373846163813351,0.9247224538029126,0.5582120660804171,0.9307267489418173,1
589,73,5,0.6187207176050156,0.3985276806333983,86.39565230940137,10,3,5,0.0,0,0.0,0.1,0.0,0.0,0.0,0.4728155185231898,0.6187207176050156,0.35507846113942054,0.5894439487402681,0
590,73,6,0.2887684870333815,0.38298680079039277,87.70596531311018,10,3,5,0.2,0,0.2,0.1,0.0,0.0,0.1,0.4483255306325281,0.7662810669896339,0.4120703611657629,0.7636976036516091,0
591,73,7,0.4472525455292271,0.5117558010814058,99.79637923310898,10,3,5,0.1,0,0.1,0.1,0.0,0.0,0.0,0.3655769868386468,0.77940120965086,0.2151226434389338,0.7857612411906083,0
592,74,0,0.5008326904355961,0.3852501817889539,86.28034130197082,13,9,3,0.0,0,0.0,0.3076923076923077,0.0,0.0,0.0,0.4103963625487586,0.739575384997616,0.26372656120155963,0.5350134610510456,0
593,74,1,0.4886231909663947,0.20061108381904585,110.58896320886186,13,9,3,0.15384615384615385,0,0.23076923076923078,0.3076923076923077,0.0,0.0,0.07692307692307693,0.5426972397068724,0.7951345675964533,0.42022691888839486,0.888784341279563,1
594,74,2,0.5715622437149144,0.4325319358621654,111.97749029440966,13,9,3,0.38461538461538464,0,0.38461538461538464,0.3076923076923077,0.25,0.25,0.15384615384615385,0.7068130112149708,1.0,0.5999886459930497,1.0,0
595,74,3,0.46342733678158377,0.33538857695240654,89.88911823585943,13,9,3,0.07692307692307693,0,0.46153846153846156,0.3076923076923077,0.25,0.5,0.23076923076923078,0.43080653457470486,0.6011883725222897,0.3345056015478907,0.6372936912372014,0
596,74,4,0.3542776385932067,0.13268946964386166,49.967550739483904,13,9,3,0.0,0,0.0,0.3076923076923077,0.0,0.0,0.0,0.3606408368089942,0.6251180955863767,0.21167567578373997,0.5438227881455301,0
597,74,5,0.5830246146134448,0.38056095772194815,92.39111680312715,13,9,3,0.0,0,0.0,0.3076923076923077,0.0,0.0,0.0,0.4566046770627219,0.8162202288520228,0.36965968766380314,0.5780702258659328,1
598,74,6,0.7249872572171087,0.7741406287866563,116.49059180311131,13,9,3,0.23076923076923078,1,0.5384615384615384,0.3076923076923077,0.5,0.5,0.23076923076923078,0.5358287424233503,0.7249872572171087,0.48715801427914607,0.7741406287866563,1
599,74,7,0.3915570095733404,0.01214296727274669,16.62724960699913,13,9,3,0.07692307692307693,0,0.15384615384615385,0.3076923076923077,0.0,0.0,0.07692307692307693,0.4398126968011527,0.6197920613474993,0.36541400932732326,0.7878705339010088,1
600,75,0,0.40823011066915077,0.2874479785233252,86.82744003195529,12,6,5,0.3333333333333333,1,0.8333333333333334,0.4166666666666667,0.4,0.6,0.3333333333333333,0.6140020260763482,0.8481130648671041,0.5363584913452352,0.851618169714441,1
601,75,1,0.8395076569771536,0.8138296154168132,200.3293408834937,12,6,5,0.3333333333333333,1,0.3333333333333333,0.4166666666666667,0.0,0.0,0.16666666666666666,0.4969198919032882,0.8395076569771536,0.4456181099894955,0.8138296154168132,1
602,75,2,0.5802118706142217,0.4440128753938815,111.98014611895074,12,6,5,0.0,0,0.0,0.4166666666666667,0.0,0.0,0.0,0.4933412153785826,0.6255608471634696,0.36794552328371494,0.5500374768961329,1
603,75,3,0.4548590465376934,0.5530609359418458,100.46472343722833,12,6,5,0.25,0,0.4166666666666667,0.4166666666666667,0.2,0.2,0.4166666666666667,0.5115081298840976,0.704953719787968,0.48052895080402364,0.8090272780295001,1
604,75,4,0.3190866509536681,0.20714311037933575,82.7519112555482,12,6,5,0.0,0,0.0,0.4166666666666667,0.0,0.0,0.0,0.4147648658272484,0.7012086203014039,0.36597464103300165,0.5435856489380982,0
605,75,5,0.36699847166739025,0.34555457118753896,122.36573217339256,12,6,5,0.0,0,0.0,0.4166666666666667,0.0,0.0,0.0,0.5162054367678456,0.7608762170672734,0.44821248373685846,0.5782782411475376,1
606,75,6,0.3224224785632533,0.4083009169446428,81.47430043058287,12,6,5,0.0,0,0.0,0.4166666666666667,0.0,0.0,0.0,0.45633599966841754,0.6286300136552165,0.3509639116013097,0.4910572029242607,0
607,75,7,0.25007671541772347,0.0,42.79846341769045,12,6,5,0.0,0,0.0,0.4166666666666667,0.0,0.0,0.0,0.31753925294777724,0.4641499590041067,0.16939144881473792,0.38069122785633785,0
608,76,0,0.23851330527896059,0.32135476059832907,93.52815335297649,10,5,4,0.1,0,0.3,0.3,0.0,0.0,0.2,0.3815236373304808,0.6944893941083372,0.28638094456444996,0.6080787793021618,0
609,76,1,0.4269913340137792,0.5766520574657715,134.95278671909642,10,5,4,0.4,0,0.6,0.3,0.0,0.0,0.2,0.5979884843277812,0.8320147315536061,0.5363102084848563,0.740723524181556,1
610,76,2,0.5467025433058151,0.4909657506941667,69.50636466462721,10,5,4,0.1,0,0.1,0.3,0.0,0.0,0.1,0.5455241937081405,0.7289037487367287,0.4449389714545595,0.6285153267846976,0
611,76,3,0.350624872741744,0.17239107682016666,70.93045549198708,10,5,4,0.2,0,0.2,0.3,0.3333333333333333,0.3333333333333333,0.2,0.4095338814152207,0.652079251042972,0.3209778713092497,0.7412987944520213,0
612,76,4,0.6948592930373109,0.7190230795911411,134.56621260510178,10,5,4,0.3,1,0.6,0.3,0.3333333333333333,0.3333333333333333,0.4,0.5527204436542481,0.7341062430233573,0.49338797754971664,0.7198267486539588,0
613,76,5,0.32911920425804,0.16772739399097913,58.72866572166688,10,5,4,0.1,0,0.3,0.3,0.0,0.0,0.2,0.3390304890299373,0.5549931528409283,0.24773396132818654,0.6502030731699345,0
614,76,6,0.42945527551131374,0.2163649537375543,71.73918155066815,10,5,4,0.4,1,0.8,0.3,1.0,1.0,0.4,0.482388944205202,0.6900552830830347,0.4551991972802683,0.797352142949364,0
615,76,7,0.4390651500377514,0.19060710159286381,46.79357368255804,10,5,4,0.1,0,0.1,0.3,0.3333333333333333,0.3333333333333333,0.1,0.507432398538136,0.6643250283172024,0.3658955727471331,0.6713931727069069,0
616,77,0,0.2823071608193439,0.3025849105092484,48.986659662897154,18,10,9,0.0,0,0.0,0.3333333333333333,0.0,0.0,0.0,0.32050841534284397,0.6095161830567631,0.19528809349253323,0.5997992852936845,0
617,77,1,0.4331604535350038,0.31477749630669866,96.22503616874299,18,10,9,0.0,0,0.0,0.3333333333333333,0.0,0.0,0.0,0.45649876054723887,0.637508272242826,0.31887685932810045,0.5350436805111147,0
618,77,2,0.1235057916162774,0.024842587311152083,44.76598763058776,18,10,9,0.1111111111111111,1,0.2222222222222222,0.3333333333333333,0.16666666666666666,0.3333333333333333,0.05555555555555555,0.4118822156781373,0.753395522002798,0.2754409605283944,0.762254700197849,1
619,77,3,0.5008027612976876,0.3264431741986148,79.87766337108786,18,10,9,0.1111111111111111,1,0.3333333333333333,0.3333333333333333,0.16666666666666666,0.16666666666666666,0.16666666666666666,0.44707936056142406,0.7288268652339897,0.3599322094073353,0.812644716240126,1
620,77,4,0.42203041965011207,0.3431954158260413,75.32898038286433,18,10,9,0.16666666666666666,1,0.8333333333333334,0.3333333333333333,0.5,0.8333333333333334,0.5,0.4589487541713236,0.7543238224050883,0.4350310791259969,0.8261957798603841,1
621,77,5,0.5738747521761545,0.2951882373091608,82.26574182914501,18,10,9,0.0,0,0.0,0.3333333333333333,0.0,0.0,0.0,0.40488764870165894,0.5738747521761545,0.3085725032603866,0.5245305485046746,1
622,77,6,0.30916617165328664,0.10133120010223143,58.042971546902116,18,10,9,0.05555555555555555,1,0.16666666666666666,0.3333333333333333,0.16666666666666666,0.3333333333333333,0.05555555555555555,0.5115889647100477,0.8196793283208097,0.3745938296919736,0.7555866538342036,1
623,77,7,0.693893452004632,0.4033458506431945,122.45078887260813,18,10,9,0.2222222222222222,0,0.3333333333333333,0.3333333333333333,0.0,0.0,0.0,0.5634320502597648,0.8621643921109025,0.41482376588382475,0.7377666509115389,1
624,78,0,0.4476701991463115,0.2013920039917863,65.57167937200211,14,8,5,0.0,0,0.0,0.21428571428571427,0.0,0.0,0.0,0.49803214124360873,0.6656636043125861,0.3602939460470438,0.5656449201568945,0
625,78,1,0.4445166586467254,0.2418845736578343,75.67196643560423,14,8,5,0.35714285714285715,0,0.35714285714285715,0.21428571428571427,0.6666666666666666,0.6666666666666666,0.14285714285714285,0.5812356424489764,0.8912874482358952,0.5908502498922505,1.0,1
626,78,2,0.6569987297015899,0.7258174191916859,139.90897937470234,14,8,5,0.2857142857142857,1,0.2857142857142857,0.21428571428571427,0.6666666666666666,0.6666666666666666,0.14285714285714285,0.5628696467895623,0.9274974070359449,0.45632731677084,0.7438417600803313,1
627,78,3,0.41076002278909385,0.31534212824536606,94.52756317983187,14,8,5,0.0,0,0.0,0.21428571428571427,0.0,0.0,0.0,0.39108525505566977,0.5773661287193652,0.25610933440212197,0.571083029379636,0
628,78,4,0.8288517222067705,0.8894137275826601,171.99276201733085,14,8,5,0.14285714285714285,1,0.14285714285714285,0.21428571428571427,0.0,0.0,0.0,0.3749274144077837,0.8288517222067705,0.28908148941423395,0.8894137275826601,1
629,78,5,0.4246258737119727,0.42792461959024675,112.53473414525153,14,8,5,0.2857142857142857,0,0.35714285714285715,0.21428571428571427,0.0,0.0,0.21428571428571427,0.49573050984072975,0.8101626465475664,0.5376645166103414,0.8753614756089918,0
630,78,6,0.77127648718272,0.8091064980225413,150.18113859974224,14,8,5,0.07142857142857142,1,0.07142857142857142,0.21428571428571427,0.0,0.0,0.0,0.3991140965654884,0.77127648718272,0.27333857331385175,0.8091064980225413,0
631,78,7,0.5063511123744111,0.36360666665376506,99.19907627772066,14,8,5,0.07142857142857142,0,0.07142857142857142,0.21428571428571427,0.0,0.0,0.07142857142857142,0.4418583881011343,0.7278267410881711,0.35272211166409845,0.7391420026119659,0
632,79,0,0.5759077500880483,0.33677952622750706,72.84693618111508,17,7,8,0.058823529411764705,1,0.11764705882352941,0.17647058823529413,0.3333333333333333,0.3333333333333333,0.0,0.4442465223427886,0.7654278466062817,0.36925234174908594,0.6708983353883722,0
633,79,1,0.41218222212116473,0.08302315308792782,63.9190540758413,17,7,8,0.058823529411764705,1,0.11764705882352941,0.17647058823529413,0.3333333333333333,0.3333333333333333,0.0,0.4658033436101925,0.9284316031542523,0.36081252738182806,1.0,1
634,79,2,0.2906329219156082,0.21274912548754413,68.3977481779995,17,7,8,0.0,0,0.0,0.17647058823529413,0.0,0.0,0.0,0.43035055103320624,0.7542879016558686,0.26383361764953817,0.5140591973302182,0
635,79,3,0.448243488180951,0.19081883042854125,59.91952724392482,17,7,8,0.23529411764705882,1,0.47058823529411764,0.17647058823529413,0.3333333333333333,0.6666666666666666,0.23529411764705882,0.5257963918374845,0.8202432905980991,0.42999741442938183,0.8350014653342008,0
636,79,4,0.3167246673952471,0.24741563919489679,54.092237746843054,17,7,8,0.11764705882352941,1,0.29411764705882354,0.17647058823529413,0.3333333333333333,0.6666666666666666,0.23529411764705882,0.3831662757067015,0.7792415307200764,0.2714027944090691,0.9015729918252678,0
637,79,5,0.45756723103556773,0.6986209288146025,125.54798578864398,17,7,8,0.11764705882352941,1,0.11764705882352941,0.17647058823529413,0.0,0.0,0.11764705882352941,0.4150309007756585,0.6029117030864137,0.39777956938738995,0.6986209288146025,1
638,79,6,0.4678603915657863,0.41177984151887304,80.64201910622023,17,7,8,0.11764705882352941,0,0.11764705882352941,0.17647058823529413,0.0,0.0,0.0,0.43606211661137106,0.7328081379507532,0.3409871570414383,0.7253582883668663,0
639,79,7,0.7264769879702452,0.7544259034493325,147.1185828417488,17,7,8,0.29411764705882354,1,0.35294117647058826,0.17647058823529413,0.3333333333333333,0.6666666666666666,0.11764705882352941,0.58790166097065,0.9136522539810202,0.5280489772338793,0.9568721935939966,0
640,80,0,0.41882725747435323,0.37738591433745,81.72949905461726,16,7,7,0.375,0,0.375,0.0625,0.0,0.0,0.3125,0.5639600974034844,0.8927428731115703,0.5188571219421603,0.8349831318679239,0
641,80,1,0.286518083456973,0.12245380753581542,106.71300199719579,16,7,7,0.0625,0,0.0625,0.0625,0.0,0.0,0.0,0.529092265472649,0.8335535525362828,0.40764448012573706,0.6957285568757774,0
642,80,2,0.47164810910735144,0.1235781681607066,75.99140919650118,16,7,7,0.0625,0,0.25,0.0625,0.0,0.0,0.125,0.4133459103284477,0.8956685437991906,0.29139973837483535,0.8539706404146432,0
643,80,3,0.5451797081345228,0.46941004949980764,106.74433698017317,16,7,7,0.3125,1,0.5625,0.0625,1.0,1.0,0.4375,0.5449835603572812,0.8336751649779652,0.48033000945124876,0.8389501638970314,0
644,80,4,0.5640485459699445,0.6066839611262015,130.74773208455113,16,7,7,0.125,1,0.125,0.0625,0.0,0.0,0.0,0.4173690537756999,0.8290102537155037,0.3246642701225206,0.7341543121672901,0
645,80,5,0.5895032102985865,0.4180442238949014,141.76601041761228,16,7,7,0.0,0,0.0,0.0625,0.0,0.0,0.0,0.394815856329462,0.6091669479000392,0.2800197854730672,0.5916826093550807,0
646,80,6,0.3417616914334563,0.217826195024449,52.80356367465315,16,7,7,0.1875,0,0.375,0.0625,0.0,0.0,0.125,0.48063507419921303,0.8905079942682578,0.3941214786022512,0.6842000934118447,1
647,80,7,0.43880034538537277,0.3246679688858685,88.0644688219989,16,7,7,0.125,0,0.1875,0.0625,0.0,0.0,0.0,0.4892150565732823,0.6931016888111874,0.4125981461848343,0.6618093080013795,0
648,81,0,0.6186661198179649,0.48229042606470024,102.09583857763221,15,8,5,0.06666666666666667,0,0.3333333333333333,0.4,0.0,0.0,0.06666666666666667,0.5076686087769592,0.6213325585446239,0.4339792455465577,0.6505525014968797,0
649,81,1,0.6103637975701257,0.49143366325889565,88.21423869948165,15,8,5,0.2,0,0.4666666666666667,0.4,0.16666666666666666,0.16666666666666666,0.13333333333333333,0.5429323164362707,0.81571263794047,0.5077034348910286,0.8423559294723139,0
650,81,2,0.6077408910081463,0.4768170936394589,126.01360010342195,15,8,5,0.2,0,0.2,0.4,0.16666666666666666,0.16666666666666666,0.13333333333333333,0.4953524311143561,0.7194415768281749,0.43860894386525306,0.7204536621166688,1
651,81,3,0.6102180651657084,0.5976636943180161,120.07914214426066,15,8,5,0.26666666666666666,0,0.3333333333333333,0.4,0.3333333333333333,0.3333333333333333,0.2,0.6050587461182136,0.8759519265927993,0.45210235490842976,0.9126211678500008,1
652,81,4,0.3572473977505312,0.4033582194666967,105.86662101954792,15,8,5,0.3333333333333333,0,0.8,0.4,0.3333333333333333,0.8333333333333334,0.26666666666666666,0.579675392604267,0.9155153749975096,0.5512886735834456,1.0,0
653,81,5,0.3742546550327189,0.2715021289418845,86.69122967490728,15,8,5,0.06666666666666667,0,0.2,0.4,0.0,0.0,0.0,0.4192460233353103,0.6683558958339509,0.2857409177900575,0.7342744816393267,0
654,81,6,0.5193413195287238,0.4292540760510466,72.81125376277474,15,8,5,0.06666666666666667,0,0.06666666666666667,0.4,0.16666666666666666,0.16666666666666666,0.06666666666666667,0.39755352690410095,0.6314052190978606,0.29656560088565137,0.6967975910654993,0
655,81,7,0.40138318174022664,0.17849199540828836,62.32041533946733,15,8,5,0.06666666666666667,0,0.06666666666666667,0.4,0.0,0.0,0.0,0.44360945796198603,0.7681393018725778,0.3440557064716886,0.7909266641938203,0
656,82,0,0.6243083906748711,0.37045788239658917,91.93771468960219,17,7,9,0.058823529411764705,0,0.058823529411764705,0.23529411764705882,0.25,0.25,0.23529411764705882,0.3964939980730379,0.7319963171061029,0.25321629188842787,0.6904296064064639,0
657,82,1,0.48378552808435216,0.5712140524513847,116.92941243615527,17,7,9,0.11764705882352941,0,0.23529411764705882,0.23529411764705882,0.0,0.0,0.0,0.5763852643255816,0.9014892655873021,0.4610056505902185,0.7843096646889011,0
658,82,2,0.22201253150931563,0.09892460704292025,44.61098463617714,17,7,9,0.0,0,0.0,0.23529411764705882,0.0,0.0,0.0,0.4194100245549937,0.662644673542971,0.2673993974214661,0.5462440964416581,1
659,82,3,0.42941585587678727,0.3085752457670744,84.39950346679724,17,7,9,0.058823529411764705,0,0.058823529411764705,0.23529411764705882,0.25,0.25,0.17647058823529413,0.4318530898840742,0.705759613894134,0.32954039250213757,0.7224921691422974,0
660,82,4,0.19268937177206477,0.23877298596740118,54.59737962926923,17,7,9,0.11764705882352941,0,0.17647058823529413,0.23529411764705882,0.25,0.25,0.29411764705882354,0.4598883301966338,0.7481124693710629,0.3274045575329052,0.6169760359006294,0
661,82,5,0.3813778805966163,0.42835122657388447,84.79658578578683,17,7,9,0.4117647058823529,0,0.6470588235294118,0.23529411764705882,0.5,0.75,0.47058823529411764,0.636366832490332,0.8889916618562462,0.6015120839764581,0.9727250453574359,0
662,82,6,0.6932436868590788,0.6208637845298108,130.81801140987952,17,7,9,0.4117647058823529,1,0.7647058823529411,0.23529411764705882,0.5,0.5,0.5294117647058824,0.48511110112240524,0.7543046927276263,0.47567634882092485,0.6650675538698629,1
663,82,7,0.46450205197208033,0.13683961499164007,41.90516608524182,17,7,9,0.058823529411764705,0,0.058823529411764705,0.23529411764705882,0.0,0.0,0.058823529411764705,0.4470057810027473,0.6165673320968296,0.3763251836625949,0.712912388683282,0
664,83,0,0.5529583600139014,0.4520822682194802,87.67172677137415,13,7,5,0.3076923076923077,0,0.38461538461538464,0.3076923076923077,0.0,0.0,0.3076923076923077,0.5879624815298643,0.9405639600105968,0.5427952260126243,1.0,1
665,83,1,0.389033576961143,0.2915750477408834,77.66893885077121,13,7,5,0.23076923076923078,0,0.3076923076923077,0.3076923076923077,0.0,0.0,0.0,0.4807905873100152,0.8701180572375067,0.357816512821064,0.7406145991650116,0
666,83,2,0.3329715169407503,0.23918081453517445,93.44027349727635,13,7,5,0.07692307692307693,0,0.07692307692307693,0.3076923076923077,0.0,0.0,0.0,0.3635648871356457,0.7111414790984144,0.3037589489613924,0.7349472788478434,0
667,83,3,0.349360006006647,0.24988443911072583,67.13482216912737,13,7,5,0.0,0,0.0,0.3076923076923077,0.0,0.0,0.0,0.4351439737693188,0.7737195281915625,0.27574555601109424,0.5729702205668913,1
668,83,4,0.21217894840713464,0.09392688619844246,42.805610028615696,13,7,5,0.0,0,0.0,0.3076923076923077,0.0,0.0,0.0,0.3964599862027304,0.6135939998621764,0.2607621997666186,0.5471883578576964,1
669,83,5,0.4709428939358768,0.12298991540993838,57.86412872365477,13,7,5,0.07692307692307693,0,0.07692307692307693,0.3076923076923077,0.0,0.0,0.0,0.4035647123506075,0.7860135951486324,0.24591581704884627,0.658871752983403,0
670,83,6,0.6075819258440152,0.41176106663989637,123.34168619540169,13,7,5,0.15384615384615385,1,0.5384615384615384,0.3076923076923077,0.5,0.75,0.3076923076923077,0.5567106074765442,0.9915687032035643,0.47363596334439334,0.9934609503420799,1
671,83,7,0.48277326962586364,0.13379722736361888,81.84812707017956,13,7,5,0.0,0,0.0,0.3076923076923077,0.0,0.0,0.0,0.3953703600805159,0.5360231463046555,0.2947594564957102,0.5383489437033101,1
672,84,0,0.5508805076611196,0.4176303587932895,105.13079025851505,14,4,8,0.07142857142857142,0,0.07142857142857142,0.2857142857142857,0.25,0.25,0.14285714285714285,0.39154958496076314,0.569976738592051,0.3257362846681775,0.6628837354154611,0
673,84,1,0.3011926324506554,0.09713404174880777,55.0824538048799,14,4,8,0.14285714285714285,0,0.14285714285714285,0.2857142857142857,0.0,0.0,0.0,0.4368200905506123,0.6373711792718657,0.3577280601959754,0.6218416643894285,0
674,84,2,0.6186120870533812,0.6901197783599742,152.22971195676928,14,4,8,0.42857142857142855,1,0.5,0.2857142857142857,0.25,0.25,0.42857142857142855,0.5721864834252075,0.8588373643416877,0.5293035276116039,0.7908685228865265,0
675,84,3,0.7615597502975666,0.482119192999588,146.48257323054239,14,4,8,0.14285714285714285,0,0.21428571428571427,0.2857142857142857,0.25,0.25,0.14285714285714285,0.43130035289390023,0.802478018872582,0.2973336688028662,0.7097314681240369,0
676,84,4,0.5086150375731199,0.4305467223066761,125.56112977147149,14,4,8,0.21428571428571427,0,0.35714285714285715,0.2857142857142857,0.5,0.5,0.42857142857142855,0.5716927645950207,0.8134518791959149,0.4893379289222307,0.736348388665775,1
677,84,5,0.3088166869844963,0.27171021696393727,32.751612393420984,14,4,8,0.07142857142857142,0,0.07142857142857142,0.2857142857142857,0.25,0.25,0.14285714285714285,0.430997213929846,0.6488946861282973,0.3290065922518505,0.7736623164226033,0
678,84,6,0.6915054334997561,0.6312967441802506,119.65537096614058,14,4,8,0.14285714285714285,1,0.21428571428571427,0.2857142857142857,0.0,0.0,0.0,0.518381635794762,0.6915054334997561,0.4435590112692877,0.6312967441802506,1
679,84,7,0.47212700921385753,0.15836332394546418,56.00921320951521,14,4,8,0.0,0,0.0,0.2857142857142857,0.0,0.0,0.0,0.36880401723228523,0.7052561384202447,0.25973977460629166,0.49880849169075225,0
680,85,0,0.45160105089298036,0.4424346304730985,76.22914161330979,14,12,3,0.21428571428571427,1,0.42857142857142855,0.6428571428571429,0.2222222222222222,0.3333333333333333,0.07142857142857142,0.5697697193404997,0.828212847255151,0.45032942273109383,0.7990442438719682,1
681,85,1,0.37041965971220997,0.1513119609195991,73.48548769866876,14,12,3,0.07142857142857142,0,0.07142857142857142,0.6428571428571429,0.0,0.0,0.0,0.40918929171233626,0.7340368866747894,0.32122117751569157,0.6731523913675027,0
682,85,2,0.7253341965885374,0.6597712393496465,165.80359983414021,14,12,3,0.14285714285714285,1,0.35714285714285715,0.6428571428571429,0.1111111111111111,0.2222222222222222,0.07142857142857142,0.4884237665924681,0.7253341965885374,0.42460076217597653,0.7594321306121949,1
683,85,3,0.32565803526733417,0.3132524447678264,68.02808870719973,14,12,3,0.2857142857142857,1,0.8571428571428571,0.6428571428571429,0.3333333333333333,0.7777777777777778,0.21428571428571427,0.4804326415810768,0.7836767082118616,0.44296031482593295,0.7182206354497137,1
684,85,4,0.2797102285125078,0.1550799899973156,54.030504208730484,14,12,3,0.2857142857142857,1,0.35714285714285715,0.6428571428571429,0.3333333333333333,0.3333333333333333,0.07142857142857142,0.47598721280406575,0.7750977476374301,0.4310191532421067,1.0,0
685,85,5,0.31126793695650906,0.482382838546892,99.06515819260837,14,12,3,0.42857142857142855,1,0.8571428571428571,0.6428571428571429,0.3333333333333333,0.7777777777777778,0.21428571428571427,0.5728059487537208,0.9086053746180444,0.5478376944000999,1.0,1
686,85,6,0.5476604786001199,0.32598147444676884,106.00110012599121,14,12,3,0.14285714285714285,0,0.14285714285714285,0.6428571428571429,0.0,0.0,0.0,0.46455975001215205,0.8100680821482457,0.42376614699732545,0.7669901733897477,1
687,85,7,0.23947075572204385,0.09408244419439002,81.93537929358924,14,12,3,0.07142857142857142,1,0.21428571428571427,0.6428571428571429,0.1111111111111111,0.2222222222222222,0.07142857142857142,0.4956271019577267,0.817895874237005,0.379139174416825,0.6245868818422667,1
688,86,0,0.3620443253715795,0.47318342142523206,84.06729253136386,15,10,5,0.06666666666666667,0,0.26666666666666666,0.4,0.16666666666666666,0.16666666666666666,0.26666666666666666,0.4990903077894192,0.8631487413369784,0.42216144306824915,0.7167808648495821,0
689,86,1,0.5437413723735435,0.2740360502969835,109.74208870754445,15,10,5,0.06666666666666667,0,0.13333333333333333,0.4,0.0,0.0,0.0,0.49610798393019284,0.6706307157905825,0.38431662031841285,0.6675668230296512,0
690,86,2,0.6567008753524839,0.6308825142189758,133.68292780042879,15,10,5,0.3333333333333333,1,0.7333333333333333,0.4,0.5,0.6666666666666666,0.3333333333333333,0.5663250443710894,0.8529848322723795,0.509356860129024,0.8207287853381451,1
691,86,3,0.4484248970061475,0.41028317485678223,66.75859028339251,15,10,5,0.26666666666666666,0,0.26666666666666666,0.4,0.0,0.0,0.0,0.5134166641722848,0.99008626391462,0.4585447234291279,0.9905754433075344,0
692,86,4,0.4536072472897613,0.4375611613541417,109.00095090503498,15,10,5,0.06666666666666667,0,0.26666666666666666,0.4,0.16666666666666666,0.3333333333333333,0.13333333333333333,0.42487358652838775,0.6240332638267125,0.3339338865724937,0.919115243743819,0
693,86,5,0.4605455176214203,0.22347607453167453,90.0766965368951,15,10,5,0.0,0,0.0,0.4,0.0,0.0,0.0,0.46961919448147704,0.6963107619270982,0.3124623243444573,0.5455956413330568,0
694,86,6,0.5130246495995933,0.2657504503486436,102.21984456349422,15,10,5,0.06666666666666667,0,0.2,0.4,0.16666666666666666,0.16666666666666666,0.06666666666666667,0.5086697668428791,0.7359322468264373,0.4027625725776023,0.6339343019401826,0
695,86,7,0.7941151026645875,0.7918226978068513,163.7256372332312,15,10,5,0.13333333333333333,1,0.26666666666666666,0.4,0.16666666666666666,0.16666666666666666,0.06666666666666667,0.4433056034080702,0.7941151026645875,0.3801556052354243,0.7918226978068513,1
696,87,0,0.5762045154362566,0.7241380259145358,100.6689189617191,14,9,5,0.2857142857142857,1,0.2857142857142857,0.35714285714285715,0.0,0.0,0.07142857142857142,0.6284562296234208,0.9894286209339256,0.519470212348885,0.7564305894599328,1
697,87,1,0.24168571865292643,0.023172024089881893,71.78118741221424,14,9,5,0.07142857142857142,1,0.21428571428571427,0.35714285714285715,0.2,0.2,0.0,0.42589665985757147,0.7718086499725976,0.3419460869853399,0.8108538196673432,0
698,87,2,0.25602143437280855,0.08258411554823981,33.086093869435814,14,9,5,0.0,0,0.0,0.35714285714285715,0.0,0.0,0.0,0.31500717182420174,0.4565758660621124,0.2279663783072883,0.40680392203938315,1
699,87,3,0.6915509392507703,0.6179293929187014,131.47640037993315,14,9,5,0.2857142857142857,1,0.2857142857142857,0.35714285714285715,0.2,0.2,0.0,0.5745311421308662,0.740203785834585,0.5298661914665439,1.0,1
700,87,4,0.32497126773342977,0.30357083310053135,60.84331449563851,14,9,5,0.14285714285714285,0,0.14285714285714285,0.35714285714285715,0.0,0.0,0.07142857142857142,0.43888167014311125,0.825659245086155,0.32168806701678826,0.7546555703766566,1
701,87,5,0.35402502130979313,0.14096663500604803,76.0282727841439,14,9,5,0.07142857142857142,0,0.07142857142857142,0.35714285714285715,0.0,0.0,0.0,0.4889522348430271,0.6413067932021167,0.34286218440280253,0.6452730555130306,0
702,87,6,0.22591260832422,0.07764421347765739,43.02890093029772,14,9,5,0.0,0,0.0,0.35714285714285715,0.0,0.0,0.0,0.3418294051965507,0.5507549624757159,0.210354127208002,0.48848678521264705,0
703,87,7,0.5052666681601552,0.45469427088267234,112.32354867936603,14,9,5,0.2857142857142857,1,0.7142857142857143,0.35714285714285715,0.4,0.6,0.35714285714285715,0.5649690411092166,0.9683645359743838,0.4926636558341762,0.8819219286762914,1
704,88,0,0.3583803056202349,0.16487535411614562,83.29357011853308,17,11,6,0.058823529411764705,0,0.058823529411764705,0.11764705882352941,0.0,0.0,0.0,0.40464097149680583,0.6579858537029348,0.27156061669596865,0.6638776252004158,0
705,88,1,0.5187195069693513,0.5607102973029497,124.35666317831834,17,11,6,0.17647058823529413,0,0.23529411764705882,0.11764705882352941,0.0,0.0,0.058823529411764705,0.4314024678380991,0.7698013881738396,0.3790231554133616,0.6588825724839131,0
706,88,2,0.49349264383387204,0.4482448620630147,112.24010883675427,17,11,6,0.29411764705882354,0,0.7647058823529411,0.11764705882352941,0.0,0.0,0.17647058823529413,0.5995562145648841,0.9336613669837791,0.5173761946691142,1.0,0
707,88,3,0.4999340741811795,0.5172517561239497,146.63123808269728,17,11,6,0.35294117647058826,0,0.8235294117647058,0.11764705882352941,0.5,0.5,0.35294117647058826,0.6243353684431708,1.0,0.5483687767701709,1.0,0
708,88,4,0.4983611594675122,0.595115455068049,120.69714326287409,17,11,6,0.0,0,0.0,0.11764705882352941,0.0,0.0,0.0,0.39618712973106107,0.5795830966056584,0.27383020477930614,0.595115455068049,0
709,88,5,0.38752005726384847,0.33140671312892167,103.49151185697657,17,11,6,0.17647058823529413,0,0.7647058823529411,0.11764705882352941,0.5,0.5,0.35294117647058826,0.5348725346006167,0.9211274761833905,0.4719461906189524,0.8352069801778663,0
710,88,6,0.304322063281891,0.21277501574002833,53.63965262816379,17,11,6,0.0,0,0.0,0.11764705882352941,0.0,0.0,0.0,0.42677745967435543,0.7833862428418904,0.29422699507536054,0.5900899353866622,0
711,88,7,0.46039430053297165,0.2033958827771146,69.93061841184088,17,11,6,0.17647058823529413,0,0.5294117647058824,0.11764705882352941,0.0,0.0,0.17647058823529413,0.527583774735624,0.8035989406921985,0.408596421005455,0.8104138547515518,0
712,89,0,0.3182297135826967,0.3825672827994827,67.16316261160709,12,8,3,0.0,0,0.0,0.16666666666666666,0.0,0.0,0.0,0.3660124367368785,0.5408808423679143,0.21747386509559663,0.4940228296332866,0
713,89,1,0.7967628346547739,0.5884118053180641,137.59913982912897,12,8,3,0.25,1,1.0,0.16666666666666666,0.5,1.0,0.25,0.5580362887636047,0.7967628346547739,0.5316359578688481,0.7809782539670108,1
714,89,2,0.39064734958824215,0.27060357506296356,57.80892975638321,12,8,3,0.08333333333333333,0,0.16666666666666666,0.16666666666666666,0.0,0.0,0.16666666666666666,0.40373879056155365,0.5986990444031173,0.3267596420656827,0.6185834201624392,0
715,89,3,0.7038896131954772,0.7254889733866289,129.3670924964094,12,8,3,0.25,1,0.25,0.16666666666666666,0.0,0.0,0.08333333333333333,0.5524818515220156,0.880892923641084,0.46869208010073726,0.9009204740517167,1
716,89,4,0.5584473335495798,0.6184160054648908,120.13475118411769,12,8,3,0.4166666666666667,1,0.5833333333333334,0.16666666666666666,0.0,0.0,0.16666666666666666,0.5131690777993541,0.811886546415867,0.4614296133610878,0.6902054958638145,1
717,89,5,0.7857432215690614,0.8431057539307882,151.50872714877175,12,8,3,0.08333333333333333,1,0.08333333333333333,0.16666666666666666,0.0,0.0,0.0,0.509025692670507,0.8110055717298899,0.3837258094680216,0.8431057539307882,1
718,89,6,0.397879865607225,0.09811503151252862,95.96254839335195,12,8,3,0.0,0,0.0,0.16666666666666666,0.0,0.0,0.0,0.3182401826928723,0.43149507625976546,0.1574591589070836,0.20016902738631223,1
719,89,7,0.41498493557624017,0.25924817470886513,82.77030763155614,12,8,3,0.0,0,0.0,0.16666666666666666,0.0,0.0,0.0,0.39219258652243755,0.6516939675868283,0.26955033060967487,0.5278117222919885,0
720,90,0,0.4203550666800556,0.4842426381789997,80.25224068840924,16,9,6,0.1875,0,0.5625,0.5,0.125,0.625,0.375,0.5092367195268723,0.8932368860596438,0.4575057736644582,0.7291536091994207,0
721,90,1,0.5355773273926102,0.415614741499343,81.23917101409874,16,9,6,0.125,0,0.25,0.5,0.125,0.375,0.0625,0.4940932344947224,0.8927692053002872,0.42254541486666874,0.8658830079956522,0
722,90,2,0.33742349253627546,0.2569175734777859,73.36692447425465,16,9,6,0.0625,0,0.125,0.5,0.125,0.25,0.0625,0.39547957310381915,0.8859617112513736,0.24367224142296065,0.7648671913059611,0
723,90,3,0.7298534134571721,0.5554169760286598,127.04561705453006,16,9,6,0.0625,0,0.0625,0.5,0.0,0.0,0.0,0.4399469185133539,0.7298534134571721,0.36368533910447454,0.7814858576210761,0
724,90,4,0.5380901586624278,0.3713970025843344,84.02764068579329,16,9,6,0.1875,0,0.5625,0.5,0.25,0.75,0.375,0.4276534083522268,0.7034550975606882,0.3675685571067786,0.681478698524629,0
725,90,5,0.47140100234093063,0.04598780151168651,41.26274407919116,16,9,6,0.0,0,0.0,0.5,0.0,0.0,0.0,0.32574718462851027,0.5259669626512735,0.20866934516629868,0.46278276896912773,1
726,90,6,0.29453469599132237,0.3191846720054513,68.99396129249486,16,9,6,0.1875,0,0.5,0.5,0.25,0.625,0.375,0.49759172235826205,0.7739006840533518,0.4822341878866856,0.809578121163278,0
727,90,7,0.11453383302196612,0.0,15.091810738770683,16,9,6,0.0,0,0.0,0.5,0.0,0.0,0.0,0.30516843177438635,0.5570301450691447,0.23670877728963707,0.4845980396813901,0
728,91,0,0.13987987526178905,0.3280252508802383,57.88719308589002,13,8,5,0.23076923076923078,0,0.46153846153846156,0.23076923076923078,0.0,0.0,0.07692307692307693,0.48931215158358204,1.0,0.3445143790521505,0.9072306928839245,0
729,91,1,0.3381383428159931,0.2218503497152667,67.50303721582196,13,8,5,0.0,0,0.0,0.23076923076923078,0.0,0.0,0.0,0.3682659668604517,0.6065847421883697,0.21836623477305547,0.42259465446579203,0
730,91,2,0.24079982228437802,0.1347499433544611,78.07942269014268,13,8,5,0.07692307692307693,0,0.07692307692307693,0.23076923076923078,0.0,0.0,0.0,0.44579117864252776,0.9250132049202093,0.3295820804680742,0.8475121297787471,0
731,91,3,0.7066510689310934,0.652479999882821,152.31245795377413,13,8,5,0.15384615384615385,1,0.15384615384615385,0.23076923076923078,0.0,0.0,0.07692307692307693,0.5046092194006818,0.719020298674229,0.42381413226160514,0.652479999882821,0
732,91,4,0.3234428788621288,0.29387222768612287,69.76615141552308,13,8,5,0.15384615384615385,0,0.15384615384615385,0.23076923076923078,0.0,0.0,0.07692307692307693,0.46594299862467914,0.6733770834926491,0.27772476792778733,0.6462802018515476,1
733,91,5,0.7790169720547797,0.48224084318748406,122.50007460409284,13,8,5,0.38461538461538464,0,0.5384615384615384,0.23076923076923078,0.0,0.0,0.07692307692307693,0.5516423892328741,0.8357463948855244,0.538178877939646,0.9209549005691716,0
734,91,6,0.7655525502444439,0.6924396894291198,141.58174868747923,13,8,5,0.23076923076923078,1,0.23076923076923078,0.23076923076923078,0.0,0.0,0.07692307692307693,0.5934265151224268,0.812323653021555,0.4629810751497956,0.740617021129051,0
735,91,7,0.4567390797018468,0.12826297598389047,51.6918991048254,13,8,5,0.0,0,0.0,0.23076923076923078,0.0,0.0,0.0,0.35528137590846876,0.6554799732207057,0.17325734741728852,0.49038648252298667,0
736,92,0,0.4739042475584257,0.3321351536531765,59.67135534665133,12,6,5,0.0,0,0.0,0.5,0.0,0.0,0.0,0.40399524719351326,0.566845112103542,0.3804855440357671,0.570087121443454,0
737,92,1,0.6889926941218903,0.44871356005820295,137.9983598615508,12,6,5,0.16666666666666666,1,0.4166666666666667,0.5,0.16666666666666666,0.3333333333333333,0.08333333333333333,0.4452062433955331,0.6889926941218903,0.36831187336312604,0.6934483053587105,1
738,92,2,0.40536538481359985,0.38249171387051306,114.34123346159336,12,6,5,0.25,0,0.4166666666666667,0.5,0.16666666666666666,0.16666666666666666,0.3333333333333333,0.563805255787858,0.7808980610194635,0.513672851008209,0.8742974822597812,0
739,92,3,0.43806069971068595,0.30810324165139047,77.45500051477468,12,6,5,0.0,0,0.0,0.5,0.0,0.0,0.0,0.3914125823882581,0.6163529556150739,0.21649609635824205,0.36558746576936724,0
740,92,4,0.5409445423546806,0.4834251606686215,85.56933968522318,12,6,5,0.0,0,0.0,0.5,0.0,0.0,0.0,0.40782404401503775,0.5729909301539711,0.30551019890200537,0.4834251606686215,1
741,92,5,0.35187977606614973,0.27365727602059886,79.28819516859173,12,6,5,0.0,0,0.0,0.5,0.0,0.0,0.0,0.42402946306257977,0.7691421042765096,0.2660900543069447,0.420557504236571,0
742,92,6,0.46203642542504886,0.4522979857753968,111.15781044553563,12,6,5,0.0,0,0.0,0.5,0.0,0.0,0.0,0.42861740558565636,0.6106516100690176,0.38476116684251527,0.5375566759050188,0
743,92,7,0.5194356736835187,0.4190902035372353,75.39240176681943,12,6,5,0.25,1,0.75,0.5,0.3333333333333333,0.6666666666666666,0.4166666666666667,0.49524526793132856,0.7551331750477908,0.4527436728852568,0.8756500603626778,0
744,93,0,0.6359827474852041,0.5594931050174857,114.12060083499013,14,7,6,0.0,0,0.0,0.35714285714285715,0.0,0.0,0.0,0.42906125313040266,0.7776435577634404,0.2946177208199478,0.5594931050174857,0
745,93,1,0.345627263381455,0.3343029476789508,77.97693437037665,14,7,6,0.35714285714285715,0,0.35714285714285715,0.35714285714285715,0.4,0.4,0.2857142857142857,0.5466765598230158,0.8045290036307426,0.5342703001997026,0.786992843364068,1
746,93,2,0.32243333468382557,0.31549160323175435,59.36585090116112,14,7,6,0.2857142857142857,0,0.35714285714285715,0.35714285714285715,0.2,0.2,0.14285714285714285,0.5085483408280126,0.7283583293362579,0.47291101587500695,0.8176279403621186,0
747,93,3,0.13111220894643377,0.19647758083023587,30.98804066406843,14,7,6,0.0,0,0.0,0.35714285714285715,0.0,0.0,0.0,0.40329886691912037,0.7341195392781548,0.27351143948003637,0.5536254970969893,0
748,93,4,0.6067080036125769,0.723139216344955,130.33967872580016,14,7,6,0.42857142857142855,1,0.42857142857142855,0.35714285714285715,0.4,0.4,0.14285714285714285,0.6402074576106417,0.9106303616308355,0.5536806985788104,0.7481135104052995,1
749,93,5,0.4470886725043786,0.31555376337147534,92.44674843793806,14,7,6,0.0,0,0.0,0.35714285714285715,0.0,0.0,0.0,0.36589293159338776,0.559089496589764,0.3010118585595468,0.5428613703435085,1
750,93,6,0.30502295037852684,0.43481239263157845,66.09986227983488,14,7,6,0.07142857142857142,0,0.07142857142857142,0.35714285714285715,0.0,0.0,0.14285714285714285,0.5182463145255628,0.7282840986937146,0.3992850252291676,0.9106675099625152,0
751,93,7,0.35333797302368225,0.20159710158393226,69.73452553608956,14,7,6,0.0,0,0.0,0.35714285714285715,0.0,0.0,0.0,0.3403333142242869,0.5536346798621145,0.1966672500304129,0.3530107550800978,0
752,94,0,0.5113149825342903,0.48394676155491984,73.85506455902338,16,11,6,0.25,0,0.3125,0.375,0.16666666666666666,0.16666666666666666,0.1875,0.5621181999869869,0.8242242873706351,0.4987511718245693,0.8219114852321394,0
753,94,1,0.40801388689936674,0.3047107934548151,77.91088016207304,16,11,6,0.0625,0,0.125,0.375,0.16666666666666666,0.16666666666666666,0.0625,0.441628734091422,0.5804962057262752,0.288691962771514,0.7165619768753869,0
754,94,2,0.527016691550489,0.3587187252067464,93.31246916195734,16,11,6,0.125,0,0.375,0.375,0.16666666666666666,0.3333333333333333,0.25,0.4694190938660633,0.7119668646304879,0.38075127990279245,0.7677470663538252,0
755,94,3,0.23913287856978882,0.0,84.19482403877616,16,11,6,0.0,0,0.0,0.375,0.0,0.0,0.0,0.3751566941490516,0.6563023239180331,0.23711469986107947,0.5052425789571611,0
756,94,4,0.38885856158470533,0.4413036876245645,87.37354448128151,16,11,6,0.1875,0,0.1875,0.375,0.0,0.0,0.0,0.5253618161665796,0.8214000737178511,0.47824113047530015,0.8878604341407546,0
757,94,5,0.4446674766730728,0.07748548747641495,57.06215523006701,16,11,6,0.0625,0,0.0625,0.375,0.0,0.0,0.0,0.49438126547153244,0.884265523381526,0.32541479536797036,0.7074201163630672,1
758,94,6,0.4524112445725841,0.31758162417950664,60.99943955155527,16,11,6,0.0625,0,0.0625,0.375,0.0,0.0,0.0,0.4395405409355697,0.7829024243488153,0.35852173679124344,0.6683181852995292,0
759,94,7,0.17518328701670105,0.11055802428133224,55.993177856170036,16,11,6,0.0625,0,0.0625,0.375,0.0,0.0,0.125,0.3747931153825076,0.7773292667400808,0.26650743108707564,0.6602008725467183,0
760,95,0,0.4538810058088584,0.1773278284910161,78.82526566280595,18,14,6,0.1111111111111111,0,0.3333333333333333,0.2777777777777778,0.0,0.0,0.1111111111111111,0.4019240390111581,0.5832032040617909,0.3627408918426929,0.8318084244335723,0
761,95,1,0.4972316183810244,0.34765435597999383,109.88705505957299,18,14,6,0.1111111111111111,0,0.16666666666666666,0.2777777777777778,0.0,0.0,0.0,0.48337945262185095,0.625956685045685,0.3958943775532328,0.7768562253553536,0
762,95,2,0.6610287620851236,0.49088442063302823,121.3882969852179,18,14,6,0.1111111111111111,0,0.1111111111111111,0.2777777777777778,0.0,0.0,0.0,0.41561537701665674,0.8740220898931232,0.3484787481252076,0.9179700059876027,1
763,95,3,0.3889121140722613,0.3314440244728799,56.69065700382099,18,14,6,0.2222222222222222,0,0.3333333333333333,0.2777777777777778,0.0,0.0,0.0,0.517271677207078,0.9364596873791822,0.3972675130603484,0.8373989000308676,0
764,95,4,0.4393253394409093,0.3314973085760098,72.6609901719414,18,14,6,0.05555555555555555,0,0.05555555555555555,0.2777777777777778,0.0,0.0,0.0,0.4855284199948622,0.7776470090260774,0.415126856245228,0.7437479334286528,0
765,95,5,0.273269460392104,0.272719918827676,56.36432706576039,18,14,6,0.1111111111111111,0,0.16666666666666666,0.2777777777777778,0.4,0.4,0.2222222222222222,0.43720138936900016,0.6839680343262341,0.31286890082497415,0.6837107187852647,0
766,95,6,0.57245622358992,0.5215868272487703,113.84219563763037,18,14,6,0.2222222222222222,0,0.3888888888888889,0.2777777777777778,0.2,0.2,0.2222222222222222,0.5338541843630238,0.9507927366769299,0.4469468217990247,1.0,1
767,95,7,0.33062929713677,0.2229374168922952,66.82893673926372,18,14,6,0.16666666666666666,0,0.2777777777777778,0.2777777777777778,0.0,0.0,0.16666666666666666,0.48537521001292533,0.8654335643986266,0.37712772701915753,0.786046243309068,0
768,96,0,0.45245987432913054,0.2552523541279254,75.20328682274479,12,8,5,0.0,0,0.0,0.6666666666666666,0.0,0.0,0.0,0.43935818439746016,0.6551757103137519,0.3028835297905987,0.5374707938062693,1
769,96,1,0.5900557098012394,0.5032045677453109,74.1192960536282,12,8,5,0.25,1,0.3333333333333333,0.6666666666666666,0.375,0.375,0.08333333333333333,0.4490902364388211,0.745966395299032,0.4074303834130421,0.7884316486734461,1
770,96,2,0.38635406290643665,0.3118542642517354,103.07752933279147,12,8,5,0.0,0,0.0,0.6666666666666666,0.0,0.0,0.0,0.36998846793606993,0.8404672627754224,0.2428409734563215,0.508137961140964,1
771,96,3,0.7230443076905991,0.7130041771485535,128.22264112466118,12,8,5,0.16666666666666666,1,0.25,0.6666666666666666,0.125,0.25,0.0,0.4470721861962846,0.7230443076905991,0.38482095415309936,0.7130041771485535,1
772,96,4,0.482673189638827,0.3906709327024703,107.15379259089136,12,8,5,0.4166666666666667,1,0.9166666666666666,0.6666666666666666,0.5,0.875,0.4166666666666667,0.597695306649325,0.8211494288566754,0.5557188555495067,0.9260497456736072,1
773,96,5,0.7564263773795409,0.5272352476294215,125.52102505299618,12,8,5,0.0,0,0.0,0.6666666666666666,0.0,0.0,0.0,0.48231714925582053,0.7564263773795409,0.3827023478044375,0.5897027920597375,1
774,96,6,0.6976762931093102,0.7008402828332513,118.4399159925643,12,8,5,0.25,1,0.5,0.6666666666666666,0.25,0.625,0.3333333333333333,0.5453381673217288,0.7806118478821246,0.46360762457880395,0.7101258517054951,1
775,96,7,0.46431198819451,0.38553739935139675,101.61225611032188,12,8,5,0.3333333333333333,1,0.4166666666666667,0.6666666666666666,0.375,0.375,0.3333333333333333,0.5148912533072334,0.7862007627530553,0.47199985059788935,0.9133313318390991,1
776,97,0,0.6332460357828896,0.2508609379488003,95.36616321033028,14,10,4,0.0,0,0.0,0.21428571428571427,0.0,0.0,0.0,0.3581245491217886,0.6332460357828896,0.19020495913689617,0.44114764238027837,0
777,97,1,0.6858629956947158,0.37161131155148647,109.89612174189479,14,10,4,0.21428571428571427,1,0.5714285714285714,0.21428571428571427,0.3333333333333333,0.3333333333333333,0.2857142857142857,0.5665994343511411,0.830943729742754,0.46615360523527277,0.7787371823542308,1
778,97,2,0.3664533442351818,0.0731062122532436,51.36921621384451,14,10,4,0.07142857142857142,0,0.07142857142857142,0.21428571428571427,0.0,0.0,0.0,0.44865110784384715,0.6819680242497187,0.30133351464807256,0.6287961768782747,0
779,97,3,0.5610584911686965,0.609667691415455,134.5417386536406,14,10,4,0.14285714285714285,1,0.14285714285714285,0.21428571428571427,0.0,0.0,0.0,0.3881721339815652,0.5979330791922528,0.2562509629488425,0.7024712398346991,0
780,97,4,0.5995687512748725,0.46357317810826504,137.3163906952381,14,10,4,0.14285714285714285,1,0.7142857142857143,0.21428571428571427,0.3333333333333333,0.6666666666666666,0.2857142857142857,0.4973518643770736,0.9681782197200889,0.3930345773151654,0.9337954402121763,1
781,97,5,0.3021281423593432,0.1877074895891896,90.37376327212276,14,10,4,0.07142857142857142,0,0.07142857142857142,0.21428571428571427,0.0,0.0,0.0,0.41287251198235814,0.6520083291424854,0.33763013147102916,0.7863631297751461,0
782,97,6,0.48125380036998266,0.5056611001946385,111.96734758964095,14,10,4,0.2857142857142857,1,0.7142857142857143,0.21428571428571427,0.6666666666666666,0.6666666666666666,0.2857142857142857,0.5534847727852882,0.8924444389378696,0.5036155892575139,0.7731679032694313,0
783,97,7,0.3631134654952321,0.12455454254084716,64.4036412095799,14,10,4,0.0,0,0.0,0.21428571428571427,0.0,0.0,0.0,0.37011937058083594,0.5478062492485146,0.23978301342186878,0.4785847725760262,0
784,98,0,0.5514463187595523,0.42005274849678437,109.07746080478242,16,10,6,0.25,1,0.5625,0.25,0.5,0.5,0.3125,0.49529944226006084,0.6578621811797829,0.46660915326109836,0.7752256500299142,0
785,98,1,0.8846606618161543,0.7001808871400628,145.3057932541804,16,10,6,0.25,1,0.5,0.25,0.25,0.5,0.25,0.5494846334785821,0.9100589635072563,0.40631951536043326,0.8213884358793372,1
786,98,2,0.4834186763673387,0.3425386345290962,85.77926886487751,16,10,6,0.25,1,0.5,0.25,0.5,0.5,0.3125,0.5252147860634778,1.0,0.4741618854802675,1.0,1
787,98,3,0.608313267065898,0.3715953628385986,88.44111288560102,16,10,6,0.125,0,0.75,0.25,0.25,0.75,0.375,0.46033280202743665,0.6895316392246482,0.3739307527876853,0.8638583844465408,0
788,98,4,0.4630993485529062,0.38819837755721454,96.9551978316048,16,10,6,0.125,0,0.4375,0.25,0.25,0.75,0.3125,0.4911178626108472,0.7557312490911297,0.4199937928594384,0.7043208096286085,0
789,98,5,0.5566738715232444,0.26804981824194657,126.54465742199757,16,10,6,0.0,0,0.0,0.25,0.0,0.0,0.0,0.42680523293171546,0.6430925124398756,0.2783457183465645,0.5821542668247255,0
790,98,6,0.5948374151444318,0.16445690677947752,105.6555597759139,16,10,6,0.1875,0,0.375,0.25,0.25,0.25,0.3125,0.4878996281220144,0.6762317686590402,0.3812424095577638,0.8610123427898213,0
791,98,7,0.6101085131396571,0.531485893924197,121.80370773640354,16,10,6,0.125,0,0.375,0.25,0.25,0.75,0.3125,0.4778683630481959,0.8284453109956915,0.3833011552093414,0.6785025032184957,0
792,99,0,0.7240154037300023,0.4029723721174139,99.818678233109,12,5,4,0.0,0,0.0,0.5,0.0,0.0,0.0,0.46313490086287884,0.7240154037300023,0.25344617729028845,0.44982186121781975,0
793,99,1,0.4578267915588801,0.32804849914048384,69.54385450462073,12,5,4,0.0,0,0.0,0.5,0.0,0.0,0.0,0.40081926431735576,0.6443636475803698,0.35326785571790387,0.5871567126402795,0
794,99,2,0.8392403742840221,0.6111230286734947,148.70960893029098,12,5,4,0.08333333333333333,1,0.08333333333333333,0.5,0.0,0.0,0.0,0.5141994431661169,0.8392403742840221,0.4248078078147046,0.6111230286734947,1
795,99,3,0.4813114602241225,0.4842698704819846,86.85451602731887,12,5,4,0.16666666666666666,0,0.25,0.5,0.3333333333333333,0.3333333333333333,0.25,0.5117746460029101,0.7328090471785541,0.4244498469871681,0.7618591499590307,0
796,99,4,0.5003586189752862,0.31060192188874103,82.12597884574126,12,5,4,0.16666666666666666,1,0.3333333333333333,0.5,0.16666666666666666,0.3333333333333333,0.08333333333333333,0.5867023574801378,0.725289517359044,0.4517936926234296,0.6794557348542611,1
797,99,5,0.5126224214742613,0.5186930048028933,109.86822087887003,12,5,4,0.0,0,0.0,0.5,0.0,0.0,0.0,0.4186363161725253,0.5220850978508191,0.31290864647125494,0.5666203847930669,1
798,99,6,0.3358151344229183,0.4109685377709884,114.9498507084759,12,5,4,0.25,1,0.5,0.5,0.16666666666666666,0.5,0.16666666666666666,0.5462073362362162,0.9164604988184903,0.5123639888507744,1.0,1
799,99,7,0.7262189542830666,0.557162223251803,129.56796510786594,12,5,4,0.16666666666666666,1,0.4166666666666667,0.5,0.3333333333333333,0.6666666666666666,0.16666666666666666,0.5358543512056945,1.0,0.4751177363306327,0.8783801126267212,1
800,100,0,0.6184436428834268,0.2857765953399525,121.37868918050678,16,8,8,0.125,0,0.125,0.375,0.0,0.0,0.0625,0.46298358561565656,0.7090981261623504,0.39890225793730405,0.6391131541642509,0
801,100,1,0.47777650858458753,0.3767659704446455,98.7607934001278,16,8,8,0.125,0,0.4375,0.375,0.16666666666666666,0.3333333333333333,0.375,0.5207819141674881,0.9034666241318421,0.37993310205500264,0.9228882460725439,0
802,100,2,0.47452656724990555,0.5731272252262598,139.05800442646856,16,8,8,0.0,0,0.0,0.375,0.0,0.0,0.0,0.36369885057337076,0.6010228922604764,0.1949484025379859,0.5731272252262598,1
803,100,3,0.7027983707780192,0.46630924104254146,99.26593322640588,16,8,8,0.3125,0,0.3125,0.375,0.16666666666666666,0.16666666666666666,0.125,0.5356587870607307,0.7788197099172585,0.4799247608560824,0.7809747898863284,0
804,100,4,0.5121022585394254,0.6177002431236632,111.05198486401844,16,8,8,0.1875,1,0.1875,0.375,0.0,0.0,0.0,0.41958767325671986,0.6706815704362871,0.33156084015711634,0.8868134733792779,0
805,100,5,0.5147014242616442,0.2882228639946585,50.44924564952643,16,8,8,0.0,0,0.0,0.375,0.0,0.0,0.0,0.45652780051433534,0.6180038806494457,0.2903500974786979,0.5903847142440719,0
806,100,6,0.5579025215887137,0.5654266703258946,107.80117450274392,16,8,8,0.125,0,0.1875,0.375,0.16666666666666666,0.16666666666666666,0.0625,0.48215656664359907,0.8607314703149884,0.3772739041815115,0.8239624488370864,0
807,100,7,0.3068775592766142,0.2939870841100235,80.43153391910975,16,8,8,0.0625,0,0.1875,0.375,0.16666666666666666,0.3333333333333333,0.375,0.44196102473368604,0.7183962304742996,0.3690027590386509,0.7652501157239995,0
808,101,0,0.25610446477929716,0.2753298878486177,59.53859971095909,10,8,2,0.1,1,0.6,0.6,0.16666666666666666,0.3333333333333333,0.2,0.49208665397099455,0.6846338440396686,0.3355828877221884,0.6134726993777748,1
809,101,1,0.19975749539998444,0.13739819130192354,41.62758786412268,10,8,2,0.1,0,0.1,0.6,0.0,0.0,0.0,0.3524364933116094,0.6799433141110384,0.2421175730140206,0.6725060029596787,0
810,101,2,0.5167931968572372,0.19706849361830725,89.63902514037727,10,8,2,0.1,1,0.6,0.6,0.16666666666666666,0.3333333333333333,0.2,0.3642656739366436,0.5739930844381613,0.29932054896795635,0.7252324858894075,0
811,101,3,0.35710642854240043,0.46987051471452623,70.23309882128889,10,8,2,0.1,1,0.6,0.6,0.16666666666666666,0.3333333333333333,0.2,0.38797810234136254,0.4687263213917583,0.30758076869545936,0.6258406623441658,0
812,101,4,0.49369671321048725,0.27907631135684563,80.1083517978351,10,8,2,0.0,0,0.0,0.6,0.0,0.0,0.0,0.4286747966389829,0.636307069570571,0.30690072178244154,0.5183726390073112,0
813,101,5,0.2745091177408404,0.24520575255275914,62.44982999996754,10,8,2,0.2,1,0.7,0.6,0.3333333333333333,0.5,0.2,0.516855638253045,0.772751975605888,0.4544237872585904,0.8495150251627422,1
814,101,6,0.40823595521927614,0.2968263310547685,59.64460516767725,10,8,2,0.2,1,0.6,0.6,0.3333333333333333,0.3333333333333333,0.2,0.5103864825977402,0.704372145648527,0.33659438255234664,0.6845632851850016,1
815,101,7,0.3238480980047737,0.19563211783857315,62.161883628826814,10,8,2,0.2,1,0.8,0.6,0.3333333333333333,0.8333333333333334,0.2,0.4708049927700902,0.790749816224189,0.39230811908325175,0.8593914418716365,1
816,102,0,0.33060006531368935,0.4112874953408826,57.343712689910184,13,8,4,0.38461538461538464,0,0.5384615384615384,0.3076923076923077,0.25,0.25,0.23076923076923078,0.564340966213842,0.9887603514302408,0.5601768666862067,0.8146408729244435,0
817,102,1,0.4230135000483293,0.13300386772971504,108.72321653943906,13,8,4,0.23076923076923078,1,0.46153846153846156,0.3076923076923077,0.5,0.5,0.15384615384615385,0.4857632261188697,0.7730265036157703,0.43669048983742553,0.7803494839605357,0
818,102,2,0.6211935349410672,0.4620326332061418,119.75659092705538,13,8,4,0.0,0,0.0,0.3076923076923077,0.0,0.0,0.0,0.3963140011692533,0.7347601019038237,0.26340971785627704,0.4992591021008521,0
819,102,3,0.47466727305708106,0.5268370781953968,82.59954194610522,13,8,4,0.07692307692307693,0,0.38461538461538464,0.3076923076923077,0.25,0.5,0.3076923076923077,0.4747718319023781,0.7333123727277637,0.31873626812985745,0.7863785528865159,0
820,102,4,0.511642672159846,0.5953506109685373,121.06926987713919,13,8,4,0.5384615384615384,1,0.8461538461538461,0.3076923076923077,0.75,0.75,0.3076923076923077,0.6363853826109239,0.9170634052117566,0.6229444519570972,1.0,1
821,102,5,0.6754688683080062,0.4866874054462757,121.54323053378772,13,8,4,0.15384615384615385,0,0.15384615384615385,0.3076923076923077,0.0,0.0,0.0,0.5296685181957463,0.7595210738685482,0.4453927412208139,0.7526421376649968,0
822,102,6,0.6803477212911815,0.7332011837382187,141.38506754021864,13,8,4,0.23076923076923078,1,0.23076923076923078,0.3076923076923077,0.0,0.0,0.07692307692307693,0.5389030616138201,0.742222061364305,0.5127815205595172,0.8364359348332141,0
823,102,7,0.4731920186584466,0.41548374305671465,117.01488924595479,13,8,4,0.23076923076923078,0,0.23076923076923078,0.3076923076923077,0.0,0.0,0.0,0.5047800941163941,0.7481403726048448,0.4836836261057549,0.9571513104813963,0
824,103,0,0.6747899074311465,0.2952559949937916,103.85016747031311,11,5,5,0.36363636363636365,1,0.45454545454545453,0.36363636363636365,0.5,0.5,0.2727272727272727,0.6101270731803755,0.9016606362153934,0.5791721888983703,1.0,1
825,103,1,0.36142299038737746,0.42922547579303916,50.48128429536945,11,5,5,0.18181818181818182,1,0.2727272727272727,0.36363636363636365,0.25,0.25,0.09090909090909091,0.44813567434535595,0.6441192945638397,0.38214440556243423,0.7663113864251458,0
826,103,2,0.5641622496883467,0.6713776055581642,96.14144621644556,11,5,5,0.45454545454545453,1,0.45454545454545453,0.36363636363636365,0.75,0.75,0.2727272727272727,0.5880815460792107,0.9659153472945204,0.5893850373343928,1.0,1
827,103,3,0.5247989673703315,0.4573886929895728,99.3497620839287,11,5,5,0.36363636363636365,0,0.5454545454545454,0.36363636363636365,0.0,0.0,0.2727272727272727,0.5715409839835417,0.8938095084019262,0.5250223505448854,0.7729106516697042,1
828,103,4,0.729336522443416,0.629044381169102,147.01540175296896,11,5,5,0.18181818181818182,1,0.2727272727272727,0.36363636363636365,0.0,0.0,0.0,0.4786362427735954,0.8486645451293441,0.3961864118983488,0.6763128775445636,0
829,103,5,0.6164779366405087,0.5155875806311133,102.04903784595524,11,5,5,0.18181818181818182,0,0.18181818181818182,0.36363636363636365,0.0,0.0,0.18181818181818182,0.5109277423349206,0.8691142862555622,0.4161687456512145,0.8551182453025833,0
830,103,6,0.5819540635764893,0.6022560167055516,109.01879533564001,11,5,5,0.18181818181818182,1,0.45454545454545453,0.36363636363636365,0.25,0.25,0.45454545454545453,0.44570534251726224,0.8186085803071738,0.3601788419220491,0.6752952508734928,1
831,103,7,0.41381356736809927,0.3904192653553335,99.0090283188034,11,5,5,0.2727272727272727,1,0.45454545454545453,0.36363636363636365,0.5,0.5,0.09090909090909091,0.47970123638795437,0.6157319142589193,0.4541005561547028,0.8398443566305764,0
832,104,0,0.33513904712157644,0.18803874884323174,78.0754941661436,13,7,4,0.07692307692307693,0,0.07692307692307693,0.3076923076923077,0.0,0.0,0.0,0.4727838551892401,0.6998346979027226,0.4136800740565594,0.7732148781032062,0
833,104,1,0.22790030750144682,0.33991784165221733,98.41293077429964,13,7,4,0.15384615384615385,0,0.38461538461538464,0.3076923076923077,0.0,0.0,0.15384615384615385,0.48512878178951835,0.7496182006570578,0.4093131045311512,0.7444674845303891,0
834,104,2,0.4730730826017354,0.32925702904372195,101.19126217813655,13,7,4,0.07692307692307693,0,0.07692307692307693,0.3076923076923077,0.25,0.25,0.15384615384615385,0.4921037326300702,0.8547663524462873,0.39894856914439925,0.6596872629451365,1
835,104,3,0.4714537827216547,0.28610340557267,91.50466798934555,13,7,4,0.23076923076923078,0,0.23076923076923078,0.3076923076923077,0.0,0.0,0.0,0.5376896737448728,0.8786772364902694,0.4957274215854876,0.9716260407436837,1
836,104,4,0.9176160737815114,0.8588391540795354,168.58711473622884,13,7,4,0.5384615384615384,1,0.6153846153846154,0.3076923076923077,0.75,0.75,0.3076923076923077,0.5828713022452922,0.9176160737815114,0.5702826860087481,0.8588391540795354,1
837,104,5,0.3996998631602862,0.033573745304410874,75.0774684730614,13,7,4,0.15384615384615385,0,0.15384615384615385,0.3076923076923077,0.0,0.0,0.0,0.5105507804621836,0.7634819883554821,0.4250142683581771,0.8660408663355315,1
838,104,6,0.6240144952342414,0.7813441269126133,142.86701779300537,13,7,4,0.38461538461538464,1,0.46153846153846156,0.3076923076923077,0.25,0.5,0.15384615384615385,0.5978166833730432,0.9365209052666561,0.5210823328959189,0.9191048717866497,0
839,104,7,0.5607878273815143,0.25395843421718883,61.582845508926624,13,7,4,0.07692307692307693,0,0.15384615384615385,0.3076923076923077,0.0,0.0,0.07692307692307693,0.4481406872651586,0.7076774149213659,0.3340733040162649,0.7255937184329379,0
840,105,0,0.5293804858055795,0.5147084180742396,104.28158836859355,14,11,4,0.07142857142857142,0,0.14285714285714285,0.5714285714285714,0.0,0.0,0.0,0.4827187934572471,0.7728127728840756,0.3814084971317723,0.9124964485950796,1
841,105,1,0.5356698867107023,0.35087097926811084,101.9392267644819,14,11,4,0.14285714285714285,0,0.21428571428571427,0.5714285714285714,0.125,0.125,0.14285714285714285,0.4292387735410873,0.6890175410952835,0.35294202819960524,0.721434934576723,0
842,105,2,0.5294952489927351,0.29445778563369096,101.73667102859268,14,11,4,0.21428571428571427,1,0.5,0.5714285714285714,0.25,0.375,0.14285714285714285,0.5463953503806793,0.7839970402463279,0.5317280860036707,0.9689240804790606,1
843,105,3,0.6407179314094821,0.5177115241558267,167.26100180019588,14,11,4,0.35714285714285715,1,0.5,0.5714285714285714,0.5,0.625,0.21428571428571427,0.6182759752427207,0.916173645623568,0.5471822850966402,0.8796271884120529,1
844,105,4,0.8089499760046452,0.7626586920518774,170.7509156275116,14,11,4,0.07142857142857142,1,0.07142857142857142,0.5714285714285714,0.0,0.0,0.0,0.47813397735880653,0.8089499760046452,0.4297435840267034,0.7626586920518774,1
845,105,5,0.2628401321898244,0.0,33.85419201333346,14,11,4,0.07142857142857142,0,0.14285714285714285,0.5714285714285714,0.0,0.0,0.0,0.3798008186847937,0.7895324584794011,0.2235926546199431,0.7279640213091612,1
846,105,6,0.5662039565332294,0.406680800442043,134.55072682266726,14,11,4,0.14285714285714285,1,0.42857142857142855,0.5714285714285714,0.125,0.5,0.21428571428571427,0.5610505444002183,0.6820726616872229,0.42697266145750085,0.7337623115683667,1
847,105,7,0.4319241675744596,0.35954774490237357,90.22991550255084,14,11,4,0.21428571428571427,1,0.42857142857142855,0.5714285714285714,0.25,0.5,0.21428571428571427,0.4958543467349775,0.7122612248813619,0.4459746317637772,1.0,1
848,106,0,0.46968044615241805,0.10751579709167378,73.2048172597252,17,11,5,0.17647058823529413,0,0.23529411764705882,0.35294117647058826,0.0,0.0,0.058823529411764705,0.4859003705574916,1.0,0.422854658050258,0.9477361856616003,0
849,106,1,0.43154224647974615,0.27513119639511135,62.17697169221137,17,11,5,0.0,0,0.0,0.35294117647058826,0.0,0.0,0.0,0.3382769056005741,0.7080405346621649,0.200126176764034,0.5423421418456895,1
850,106,2,0.3381752375758451,0.3305493776227366,68.7677875863158,17,11,5,0.17647058823529413,1,0.47058823529411764,0.35294117647058826,0.16666666666666666,0.5,0.23529411764705882,0.427159180336459,0.7097347925997871,0.3371875676029969,0.7171452078920034,0
851,106,3,0.9614632001456073,1.0,185.1220425764721,17,11,5,0.17647058823529413,1,0.23529411764705882,0.35294117647058826,0.0,0.0,0.058823529411764705,0.5282279179207837,0.9614632001456073,0.49208573034401987,1.0,0
852,106,4,0.5579747826790553,0.6875850757512537,131.5583801321154,17,11,5,0.11764705882352941,1,0.11764705882352941,0.35294117647058826,0.0,0.0,0.0,0.41806923418052605,0.6576328571782897,0.3274185486693855,0.6875850757512537,0
853,106,5,0.46915618870762316,0.37292154180695647,96.76077710115734,17,11,5,0.11764705882352941,0,0.11764705882352941,0.35294117647058826,0.0,0.0,0.0,0.437354348490965,0.7246355051897398,0.30079875378076903,0.7393031899111558,1
854,106,6,0.363670642879438,0.16845851740623546,44.13511473501923,17,11,5,0.0,0,0.0,0.35294117647058826,0.0,0.0,0.0,0.40983773964531944,0.5363568021165039,0.2436551820661321,0.5446987827951345,1
855,106,7,0.6651531171879244,0.717417087184737,151.89668566582822,17,11,5,0.4117647058823529,1,0.8823529411764706,0.35294117647058826,0.5,0.8333333333333334,0.29411764705882354,0.5619905109497813,0.7336944540140575,0.523400006803766,0.8196769850012617,1
856,107,0,0.6911149960011053,0.628424785513655,121.18568388574836,11,4,5,0.09090909090909091,1,0.09090909090909091,0.45454545454545453,0.0,0.0,0.0,0.4976011688057982,0.7552300663836646,0.2791707470298593,0.628424785513655,0
857,107,1,0.5011240428788768,0.33977838385328013,83.79296774744888,11,4,5,0.0,0,0.0,0.45454545454545453,0.0,0.0,0.0,0.4701368165329511,0.742977877359972,0.3749900245556637,0.5954661309048022,0
858,107,2,0.8234536014047759,0.39096858909644416,131.85546712803713,11,4,5,0.09090909090909091,0,0.09090909090909091,0.45454545454545453,0.0,0.0,0.09090909090909091,0.5862245396665148,0.8234536014047759,0.37670386950917495,0.6375450098366972,0
859,107,3,0.6305804917388034,0.34498694128209184,91.45292934712685,11,4,5,0.09090909090909091,0,0.09090909090909091,0.45454545454545453,0.0,0.0,0.09090909090909091,0.5482217675189539,0.6949977708554197,0.37451476592182475,0.691871380015247,0
860,107,4,0.7669901050207317,0.41291707599810945,120.1152480485793,11,4,5,0.2727272727272727,0,0.45454545454545453,0.45454545454545453,0.4,0.4,0.45454545454545453,0.612740354302544,0.9739140010515572,0.46153720685310573,0.8179700732207373,0
861,107,5,0.21103129315678135,0.31853149590224905,81.01935851264467,11,4,5,0.18181818181818182,0,0.2727272727272727,0.45454545454545453,0.2,0.4,0.18181818181818182,0.5063874186556158,0.8254587288366728,0.4431954806389825,0.8227533905495431,0
862,107,6,0.4886725289532929,0.48386950999588285,115.99543739696114,11,4,5,0.0,0,0.0,0.45454545454545453,0.0,0.0,0.0,0.4541146451293432,0.5752417169127114,0.38219675500068706,0.5910841513555005,0
863,107,7,0.4803894065802256,0.19680477702447355,97.59849923105014,11,4,5,0.0,0,0.0,0.45454545454545453,0.0,0.0,0.0,0.35434053359354334,0.5000598638370098,0.2153946728351079,0.32198412021781975,0
864,108,0,0.40931057239217106,0.43844160290023393,84.82800751160958,14,5,7,0.35714285714285715,0,0.35714285714285715,0.5714285714285714,0.375,0.375,0.42857142857142855,0.5606136961169559,0.816911900864041,0.5439903952153736,0.733990707419618,0
865,108,1,0.5751700850832534,0.2932824085771042,102.94688463868793,14,5,7,0.2857142857142857,1,0.8571428571428571,0.5714285714285714,0.5,0.875,0.5,0.5334911685090467,0.7749112218281229,0.39926834331757843,0.7323429338646686,0
866,108,2,0.40237517386191235,0.053694119138402524,41.27194705063293,14,5,7,0.0,0,0.0,0.5714285714285714,0.0,0.0,0.0,0.39173078439047543,0.5659724652752939,0.313062521396715,0.5592966972348683,0
867,108,3,0.43964237912331805,0.629950586564933,116.46410062155701,14,5,7,0.07142857142857142,1,0.07142857142857142,0.5714285714285714,0.0,0.0,0.0,0.40037912164370754,0.5775922206522857,0.3365653400823391,0.629950586564933,0
868,108,4,0.4851753694075703,0.2895717429136685,76.4313700013352,14,5,7,0.14285714285714285,0,0.14285714285714285,0.5714285714285714,0.125,0.125,0.2857142857142857,0.4457645804681302,0.8910890059224771,0.36788865291827444,0.8792322659903836,0
869,108,5,0.5603245261122078,0.6329927716678371,125.24292614447224,14,5,7,0.14285714285714285,1,0.21428571428571427,0.5714285714285714,0.0,0.0,0.0,0.447949009987015,0.7272588063839873,0.3458958854004758,0.7397521317579987,1
870,108,6,0.6787482364486883,0.6551711999507347,142.3216358408992,14,5,7,0.2857142857142857,1,0.35714285714285715,0.5714285714285714,0.375,0.375,0.35714285714285715,0.5850207075783266,0.8915605508194379,0.4984549356925074,0.9680339500227598,1
871,108,7,0.5627307701404147,0.3878557962449372,115.8065124922691,14,5,7,0.07142857142857142,0,0.07142857142857142,0.5714285714285714,0.0,0.0,0.0,0.38138270945079544,0.8262896983951145,0.2801735306594327,0.7085450741538724,0
872,109,0,0.4524649048527472,0.35825537786254785,77.65697409971264,16,6,8,0.0625,0,0.0625,0.0625,0.0,0.0,0.0625,0.4901616440512988,0.8371572693449908,0.3648066504969232,0.6203954229498436,0
873,109,1,0.2296798650340152,0.34022778693419364,74.76836622640896,16,6,8,0.0625,0,0.125,0.0625,0.0,0.0,0.125,0.5121699898691094,0.6915747830306284,0.4298590775774477,0.6038062525363592,1
874,109,2,0.5492700773985383,0.5226722451798448,98.82003785802848,16,6,8,0.3125,0,0.5,0.0625,0.0,0.0,0.4375,0.5832231699747383,0.8424047615757482,0.538989131479422,0.7966009246592213,1
875,109,3,0.6334933218652972,0.4875925713937946,97.4525679648616,16,6,8,0.0,0,0.0,0.0625,0.0,0.0,0.0,0.390220416882035,0.6334933218652972,0.2542493784319557,0.5038849261651507,0
876,109,4,0.9255675995917982,1.0,234.66231812509537,16,6,8,0.25,1,0.625,0.0625,0.0,0.0,0.5,0.5709270486792282,0.9255675995917982,0.4774644981936451,1.0,0
877,109,5,0.4483509767081764,0.34953172674917365,81.6812258361052,16,6,8,0.5625,0,0.8125,0.0625,0.0,0.0,0.5,0.5811681638376511,0.8796952176148265,0.6124851338207205,0.8957891024767338,1
878,109,6,0.7003502460309249,0.4283760444063446,97.6211176697679,16,6,8,0.25,0,0.5,0.0625,0.0,0.0,0.5,0.6022140884489334,0.9136872780654454,0.5315361951606368,0.8201194229964537,0
879,109,7,0.38159651786132887,0.4389797658359244,93.18188025407889,16,6,8,0.0,0,0.0,0.0625,0.0,0.0,0.0,0.33675904933665946,0.7412592356692457,0.23235578122754794,0.5044582693415408,1
880,110,0,0.4824763866091975,0.07574868206393826,85.54420487479048,17,7,9,0.11764705882352941,0,0.17647058823529413,0.47058823529411764,0.25,0.375,0.35294117647058826,0.4266682851679174,0.8329722558249748,0.2952665940975328,0.83734083873036,0
881,110,1,0.7968256568110885,0.8908332208961036,166.65923825265924,17,7,9,0.4117647058823529,1,0.47058823529411764,0.47058823529411764,0.375,0.5,0.4117647058823529,0.6002339586002096,0.7968256568110885,0.5348823535722127,0.9414940952219695,0
882,110,2,0.6324915103042814,0.5809383734870198,130.6818687892042,17,7,9,0.4117647058823529,0,0.6470588235294118,0.47058823529411764,0.75,0.75,0.5294117647058824,0.5659247065123911,0.9393622087979371,0.5558493341365451,1.0,0
883,110,3,0.36268850296188954,0.17616567752504178,79.10827981915781,17,7,9,0.0,0,0.0,0.47058823529411764,0.0,0.0,0.0,0.37251614108862485,0.5368139101668229,0.2048099648929129,0.5283275168372514,0
884,110,4,0.3502724223715073,0.327614272745278,68.51401477414407,17,7,9,0.058823529411764705,0,0.058823529411764705,0.47058823529411764,0.0,0.0,0.0,0.45782967817313724,0.7937985881572664,0.3439716549357108,0.6649901256219077,1
885,110,5,0.4373474885162535,0.14564734315065136,53.45669006863935,17,7,9,0.058823529411764705,0,0.058823529411764705,0.47058823529411764,0.125,0.125,0.11764705882352941,0.48615919383997835,0.6680767804846734,0.3475294451968864,0.7821851388753578,0
886,110,6,0.6774467530818107,0.862893053490251,171.7031148550357,17,7,9,0.11764705882352941,1,0.11764705882352941,0.47058823529411764,0.0,0.0,0.0,0.5129194082341598,0.6774467530818107,0.49020509803394946,0.862893053490251,0
887,110,7,0.8783889017892663,0.861857445269074,161.27009002422483,17,7,9,0.4117647058823529,1,0.5294117647058824,0.47058823529411764,0.375,0.5,0.4117647058823529,0.6200551660149252,0.9576680002685237,0.5637630465432575,0.8986903464267733,1
888,111,0,0.3227112417631664,0.18306233833620117,65.30045564029902,10,6,2,0.0,0,0.0,0.5,0.0,0.0,0.0,0.4859815226375111,0.7573609541223603,0.3400667615545393,0.51873813242973,0
889,111,1,0.4726392597115972,0.47485276612456173,99.5162979914757,10,6,2,0.3,0,0.3,0.5,0.2,0.2,0.2,0.5680366922229895,0.7247560416628631,0.5520507676174007,0.9003971144136541,1
890,111,2,0.4325918302453315,0.6447573869413399,103.72201815202878,10,6,2,0.1,1,0.1,0.5,0.0,0.0,0.0,0.4458345644980666,0.655841317211009,0.2981342898415412,0.6447573869413399,1
891,111,3,0.6507576106634411,0.4501702465777451,101.59720395372428,10,6,2,0.1,0,0.1,0.5,0.0,0.0,0.0,0.5157179956194093,0.8239200957959334,0.37887702893030234,0.6975638769080261,1
892,111,4,0.44814331184436396,0.41819054825742935,93.3637768071955,10,6,2,0.3,0,0.3,0.5,0.2,0.2,0.2,0.4775927191512445,0.7573239601209083,0.4650746769829036,0.8716110830552515,1
893,111,5,0.3477656107386953,0.21930659389429677,83.6485705608888,10,6,2,0.3,1,0.7,0.5,0.4,0.6,0.2,0.5847093850357002,0.8485778909736815,0.4374449953338659,0.9592180032921771,0
894,111,6,0.39361920568335673,0.28085533971939075,56.08119440879091,10,6,2,0.0,0,0.0,0.5,0.0,0.0,0.0,0.34125972330469545,0.5377651840680752,0.2097582953717497,0.5940522274276127,0
895,111,7,0.329508983891699,0.12162977798784,43.95633148980347,10,6,2,0.0,0,0.0,0.5,0.0,0.0,0.0,0.4495582268086233,0.7355805711357668,0.23189946227734062,0.5833032744278773,0
896,112,0,0.48926731171807214,0.43776499071703917,81.34925450191507,11,3,5,0.09090909090909091,0,0.36363636363636365,0.45454545454545453,0.2,0.6,0.45454545454545453,0.48830473147085,0.6120709884449189,0.4695707902292863,0.6008870127612107,0
897,112,1,0.6673059342190274,0.56568372809359,136.88180018135475,11,3,5,0.18181818181818182,0,0.36363636363636365,0.45454545454545453,0.4,0.6,0.36363636363636365,0.5903701092199906,0.895351600416526,0.5002051259253633,1.0,0
898,112,2,0.7847488552851412,0.6329083827126946,84.69602957428359,11,3,5,0.2727272727272727,1,0.5454545454545454,0.45454545454545453,0.2,0.6,0.45454545454545453,0.47760358830932764,0.939366335159926,0.40208639482696235,0.876690189090092,0
899,112,3,0.3553613676761921,0.1737239957286219,32.32846445812111,11,3,5,0.09090909090909091,0,0.09090909090909091,0.45454545454545453,0.0,0.0,0.09090909090909091,0.4499985784409251,0.7412817834499534,0.2924756522361222,0.7036309954322022,0
900,112,4,0.634129803950506,0.7174468366844082,130.1182104175273,11,3,5,0.36363636363636365,1,0.36363636363636365,0.45454545454545453,0.4,0.4,0.2727272727272727,0.518317756347961,0.6806366002147353,0.4998734868889914,1.0,0
901,112,5,0.641377598244376,0.6963748047183733,146.06045334285648,11,3,5,0.09090909090909091,1,0.09090909090909091,0.45454545454545453,0.0,0.0,0.0,0.45897722304881367,0.6666010948713291,0.3517489012916626,0.6963748047183733,0
902,112,6,0.3224524676363048,0.5644620423176634,103.81435957286156,11,3,5,0.36363636363636365,1,0.9090909090909091,0.45454545454545453,0.6,1.0,0.45454545454545453,0.48210674748352883,0.7012277336759603,0.5420641491085388,0.7355416567963364,0
903,112,7,0.465525203507106,0.3271840891328852,70.69648217451807,11,3,5,0.09090909090909091,0,0.09090909090909091,0.45454545454545453,0.0,0.0,0.0,0.4511095248859371,0.7330558453695168,0.3233307201333103,0.7814473207783356,1
904,113,0,0.41905745525449223,0.3706211713834815,108.3799582828775,15,9,5,0.2,0,0.4,0.5333333333333333,0.25,0.5,0.2,0.5073107737838646,0.8531367220599136,0.4640002217002851,1.0,0
905,113,1,0.24701069260062816,0.3046639050743513,67.84705119000732,15,9,5,0.06666666666666667,0,0.06666666666666667,0.5333333333333333,0.0,0.0,0.0,0.4876384283360595,0.6912290068576082,0.4217209881344467,0.693139333061974,0
906,113,2,0.5804773544879764,0.7071204233832172,147.56434812524438,15,9,5,0.26666666666666666,1,0.6666666666666666,0.5333333333333333,0.375,0.625,0.3333333333333333,0.5448670432619227,0.776852885817363,0.48099559336823655,0.7175466077726146,0
907,113,3,0.6271759655845663,0.3773731910055059,106.26470781487825,15,9,5,0.13333333333333333,0,0.13333333333333333,0.5333333333333333,0.0,0.0,0.06666666666666667,0.44411263958568,0.6781680278888844,0.34090922207910973,0.7520083185528235,0
908,113,4,0.5922620479573644,0.492973000533275,114.63541664851695,15,9,5,0.06666666666666667,0,0.06666666666666667,0.5333333333333333,0.0,0.0,0.0,0.44312452020324594,0.6832375408630305,0.30873672631560717,0.6138783461954315,1
909,113,5,0.43721021412999417,0.1533699891739016,71.50716618326956,15,9,5,0.13333333333333333,0,0.3333333333333333,0.5333333333333333,0.25,0.5,0.26666666666666666,0.4213569842338293,0.8865766430229531,0.35755919854718987,0.8496517054028709,0
910,113,6,0.3588965031390091,0.3327972569820532,76.86371059721333,15,9,5,0.06666666666666667,0,0.06666666666666667,0.5333333333333333,0.0,0.0,0.0,0.4348300424867112,0.6546999032209307,0.36113493938128477,0.6413406139199961,0
911,113,7,0.7371497730162369,0.7327363741546092,169.5450498029906,15,9,5,0.3333333333333333,1,0.5333333333333333,0.5333333333333333,0.375,0.625,0.3333333333333333,0.5930861272485228,0.8295860711806534,0.527790884281427,0.776437941136516,1
912,114,0,0.8318735499071549,0.96861299900966,189.4243597589341,17,10,8,0.5294117647058824,1,0.8823529411764706,0.29411764705882354,0.4,0.6,0.4117647058823529,0.6176852796762738,0.8667112275777119,0.5832101817200314,1.0,1
913,114,1,0.5431804137234529,0.4494069808230543,105.77961419445943,17,10,8,0.29411764705882354,0,0.7058823529411765,0.29411764705882354,0.2,0.4,0.35294117647058826,0.5997904418833684,1.0,0.5463912871076985,1.0,0
914,114,2,0.5531289936878525,0.3177593524511537,99.7956002080336,17,10,8,0.23529411764705882,0,0.4117647058823529,0.29411764705882354,0.2,0.2,0.29411764705882354,0.577158352448349,0.8831931757686943,0.4568606247119424,0.909454233624425,0
915,114,3,0.5162777994144316,0.37813294164506267,94.95106735941187,17,10,8,0.058823529411764705,0,0.17647058823529413,0.29411764705882354,0.2,0.2,0.11764705882352941,0.5477117512227482,0.9063961317280913,0.4356589209540819,0.711088220014203,0
916,114,4,0.31557345327729036,0.06662097575639372,60.879180386100856,17,10,8,0.11764705882352941,0,0.23529411764705882,0.29411764705882354,0.0,0.0,0.17647058823529413,0.37660489643065737,0.6407168748891917,0.28099593752057267,0.730215974586415,0
917,114,5,0.5234706989278112,0.5865599914450325,123.1307776386159,17,10,8,0.23529411764705882,0,0.35294117647058826,0.29411764705882354,0.2,0.2,0.29411764705882354,0.5013039182704937,0.7611510697930073,0.4529720045998661,0.6482004512603947,1
918,114,6,0.6728270723593631,0.6116477021974762,147.2216277372402,17,10,8,0.17647058823529413,1,0.47058823529411764,0.29411764705882354,0.2,0.6,0.4117647058823529,0.5277644249709733,0.7129708191924917,0.47379435817603577,0.7288406169150892,0
919,114,7,0.42152616759342587,0.32188809852539135,66.31424189964592,17,10,8,0.17647058823529413,0,0.17647058823529413,0.29411764705882354,0.2,0.2,0.17647058823529413,0.46751930466455216,0.7662083006356514,0.4290230197501156,0.8462017715160186,0
920,115,0,0.7153761173274134,0.5858927623336206,124.76664580331379,10,7,3,0.4,1,0.7,0.6,0.3333333333333333,0.5,0.3,0.5746330220994279,0.8161291636847108,0.5629750746276538,0.7003993799495878,0
921,115,1,0.49092811588474133,0.5705932896169519,125.8945891519086,10,7,3,0.3,1,0.6,0.6,0.5,0.5,0.3,0.5378276898048512,0.8454135692203913,0.5023820230521776,0.9789928052447779,1
922,115,2,0.25123432286438985,0.1443053804190949,71.26818177710658,10,7,3,0.0,0,0.0,0.6,0.0,0.0,0.0,0.35762330132696435,0.4972022216872639,0.22472452881261545,0.5002889597861591,0
923,115,3,0.6644187699211809,0.6681864774866956,149.2471433934699,10,7,3,0.2,1,0.2,0.6,0.16666666666666666,0.16666666666666666,0.1,0.5042935034637929,0.6644187699211809,0.437312825127315,0.6681864774866956,1
924,115,4,0.6764596695649082,0.8348990568428143,155.53388969350036,10,7,3,0.3,1,0.5,0.6,0.3333333333333333,0.5,0.2,0.44678647690098616,0.6764596695649082,0.4437896691897735,0.8348990568428143,0
925,115,5,0.4415581544640104,0.30938074000400884,60.74235581902715,10,7,3,0.0,0,0.0,0.6,0.0,0.0,0.0,0.4044934326605222,0.5994885894038916,0.27279450432154007,0.48902389263246454,0
926,115,6,0.23729681389926674,0.07811328637567042,53.04059429962223,10,7,3,0.2,0,0.2,0.6,0.16666666666666666,0.16666666666666666,0.1,0.38210246471870657,0.5392704266231338,0.3571613923728262,0.742155107874743,0
927,115,7,0.6264704748706901,0.5609150682879425,90.11767375464507,10,7,3,0.2,0,0.3,0.6,0.16666666666666666,0.16666666666666666,0.2,0.5512466587510229,0.6264704748706901,0.5337549214291851,0.7434026922486893,0
928,116,0,0.3784636563783842,0.15461704540752969,47.506359845192115,17,12,5,0.17647058823529413,0,0.23529411764705882,0.35294117647058826,0.0,0.0,0.0,0.3986110587530932,0.8222438222597823,0.29981779553526633,0.8150651133616765,0
929,116,1,0.48899154207971834,0.5223553676463681,116.57499160103602,17,12,5,0.0,0,0.0,0.35294117647058826,0.0,0.0,0.0,0.4480585502535609,0.6342912815264895,0.3163641757936324,0.5635938540463195,0
930,116,2,0.6225190167125878,0.5755232250679605,161.296346089169,17,12,5,0.23529411764705882,1,0.5882352941176471,0.35294117647058826,0.3333333333333333,0.8333333333333334,0.29411764705882354,0.4998405711282025,0.6400959450696834,0.44578382668769245,0.7677319499613265,0
931,116,3,0.49114290951331285,0.45487130287495864,73.18699697489163,17,12,5,0.0,0,0.0,0.35294117647058826,0.0,0.0,0.0,0.3864153533692168,0.6661240458514978,0.23966402536159717,0.45487130287495864,1
932,116,4,0.2879547761959071,0.06099585109148349,42.152088328099914,17,12,5,0.058823529411764705,0,0.11764705882352941,0.35294117647058826,0.0,0.0,0.058823529411764705,0.3905928944537732,0.6676829611829953,0.36772169958123,0.6959192326276923,0
933,116,5,0.6959855021098948,0.1743324458873117,54.45478706062097,17,12,5,0.058823529411764705,0,0.11764705882352941,0.35294117647058826,0.0,0.0,0.0,0.4618051572280077,0.6959855021098948,0.3288025090967941,0.6194363458488401,0
934,116,6,0.9165303905059375,0.9458657168881835,221.70610389880088,17,12,5,0.35294117647058826,1,0.8235294117647058,0.35294117647058826,0.5,0.8333333333333334,0.29411764705882354,0.5805043813868551,0.9165303905059375,0.5147603557927289,0.9458657168881835,1
935,116,7,0.6653617088123905,0.589298062776687,121.26106042105872,17,12,5,0.058823529411764705,0,0.058823529411764705,0.35294117647058826,0.0,0.0,0.0,0.5016062601418634,0.8827928783143352,0.3405871057106599,0.7621805467456374,0
936,117,0,0.2535496005805095,0.24191331930112064,88.69059932553398,17,6,9,0.17647058823529413,1,0.47058823529411764,0.35294117647058826,0.3333333333333333,0.3333333333333333,0.47058823529411764,0.4217888779925604,0.6647970106662819,0.344674823569416,0.7486479861385966,0
937,117,1,0.7619610513101016,0.4848290317724385,143.94717517495496,17,6,9,0.058823529411764705,1,0.11764705882352941,0.35294117647058826,0.16666666666666666,0.16666666666666666,0.0,0.47568618049002076,0.7619610513101016,0.31255585444364703,0.691310336897429,1
938,117,2,0.42682274344158105,0.5514027169790716,120.4710807328218,17,6,9,0.0,0,0.0,0.35294117647058826,0.0,0.0,0.0,0.47099901634611235,0.6685543823735944,0.37895244811703904,0.5514027169790716,0
939,117,3,0.42468992467930117,0.5493704264913755,93.2755273625122,17,6,9,0.11764705882352941,0,0.17647058823529413,0.35294117647058826,0.16666666666666666,0.16666666666666666,0.29411764705882354,0.5601429009598288,0.6851671805914972,0.47285913254720063,0.7618125732266364,1
940,117,4,0.6126345856886296,0.38595529431094405,107.03168480388591,17,6,9,0.35294117647058826,1,0.6470588235294118,0.35294117647058826,0.5,0.5,0.5294117647058824,0.5911039612815194,0.863625043449604,0.5378383139113797,0.8482838749921717,0
941,117,5,0.4436241718103276,0.3888915751893025,80.4207825795135,17,6,9,0.17647058823529413,0,0.17647058823529413,0.35294117647058826,0.0,0.0,0.058823529411764705,0.5326923458591166,0.8533979279769603,0.4091987521492961,0.8186372015109322,0
942,117,6,0.45543769880419516,0.599820311602241,115.34345855382881,17,6,9,0.35294117647058826,1,0.9411764705882353,0.35294117647058826,0.6666666666666666,1.0,0.5294117647058824,0.5668220473468581,0.7686767844644767,0.5516629358233378,0.957647525828735,0
943,117,7,0.4854112393691309,0.36355835692601035,109.07036323237897,17,6,9,0.11764705882352941,0,0.11764705882352941,0.35294117647058826,0.0,0.0,0.0,0.4137177438008861,0.7326473242341329,0.28460671382383773,0.6718230983429566,1
944,118,0,0.597364137830146,0.741229080502124,184.30499692594066,15,8,5,0.3333333333333333,1,0.5333333333333333,0.2,0.3333333333333333,0.6666666666666666,0.3333333333333333,0.5859419166253956,0.7646699530919558,0.47097601564996044,0.8452914292063121,0
945,118,1,0.45041937057119386,0.4043246074249817,107.24794871248228,15,8,5,0.0,0,0.0,0.2,0.0,0.0,0.0,0.4399297195765906,0.6424189052002793,0.31850547964786086,0.5168002241434618,0
946,118,2,0.45701859940413825,0.27471385542956694,91.70745814135623,15,8,5,0.06666666666666667,0,0.13333333333333333,0.2,0.0,0.0,0.0,0.503285159119254,0.7236519659604551,0.3842199599410868,0.6609782394989345,0
947,118,3,0.6430123220393249,0.3593648817242535,95.25832265315591,15,8,5,0.0,0,0.0,0.2,0.0,0.0,0.0,0.46009739918289266,0.8173260504148447,0.3405139824218155,0.5620199628418135,1
948,118,4,0.3627581793402684,0.23308825537238287,66.76354020746199,15,8,5,0.2,1,0.3333333333333333,0.2,0.3333333333333333,0.6666666666666666,0.06666666666666667,0.5536197421170973,0.8265585839689673,0.4920526309281325,0.8010173956774597,0
949,118,5,0.49518431888795233,0.1845692138089275,111.92369550059678,15,8,5,0.06666666666666667,0,0.2,0.2,0.0,0.0,0.06666666666666667,0.5124448348239354,0.7699779797139754,0.3437769299948021,0.812728549140165,0
950,118,6,0.1744567447626133,0.04797893616509449,24.594831312935323,15,8,5,0.0,0,0.0,0.2,0.0,0.0,0.0,0.3241081004511737,0.5681720982480757,0.20993142954572966,0.5089437016441876,0
951,118,7,0.8972932254340388,0.9525371257748587,186.25079439116612,15,8,5,0.4666666666666667,1,0.6,0.2,0.0,0.0,0.3333333333333333,0.6288476181661501,1.0,0.596601093525784,1.0,1
952,119,0,0.4396659248307172,0.30146117123413263,66.85508172122164,12,4,5,0.16666666666666666,0,0.25,0.3333333333333333,0.0,0.0,0.0,0.5405773561283941,0.6491370113942951,0.44736059661765143,0.7162796509000896,0
953,119,1,0.35873965978642514,0.20628962188458305,58.250846508661,12,4,5,0.08333333333333333,0,0.08333333333333333,0.3333333333333333,0.0,0.0,0.0,0.40961622858056695,0.5791111210714694,0.34719317099995145,0.6207539722210317,0
954,119,2,0.4723159189158134,0.2793516098103444,112.1717960135177,12,4,5,0.08333333333333333,0,0.08333333333333333,0.3333333333333333,0.0,0.0,0.0,0.4533966270043448,0.7369903047377971,0.36950023666827564,0.686666162189615,1
955,119,3,0.3915262428661098,0.16079871463810352,53.49795329993774,12,4,5,0.0,0,0.0,0.3333333333333333,0.0,0.0,0.0,0.3915678672867893,0.5393939523256999,0.2464042302202437,0.5689520967218636,0
956,119,4,0.3434824413718104,0.2692687655208632,73.15454256377939,12,4,5,0.08333333333333333,0,0.16666666666666666,0.3333333333333333,0.0,0.0,0.0,0.38813902143943363,0.5544545404058955,0.2800254334202026,0.6230425941062252,0
957,119,5,0.37838934089997084,0.24350195255143905,62.66787177322941,12,4,5,0.0,0,0.0,0.3333333333333333,0.0,0.0,0.0,0.34147524504713495,0.441741104091431,0.20097695024053194,0.35100727372611473,0
958,119,6,0.6575201198702129,0.5383467159957968,132.1982588453357,12,4,5,0.16666666666666666,0,0.5,0.3333333333333333,0.25,0.5,0.25,0.4906326518341629,0.7442663194862813,0.35459348962066595,0.6805821127930387,0
959,119,7,0.5588233406129169,0.37732580714522274,77.27941150583936,12,4,5,0.0,0,0.0,0.3333333333333333,0.0,0.0,0.0,0.4890545770677793,0.6230440580612618,0.3890800688651417,0.5333342230924568,0
