sample_id,group,node,cpu,errors,latency
0,0,n00,0.7201899089581636,0.09468474593064659,98.14224077979505
0,0,n01,0.6954666359908076,0.0891675736504291,103.723817511138
0,0,n02,0.6365654908515006,0.09241455958705716,105.0671707899927
0,0,n03,0.6709403193292236,0.06589947249665717,111.83317508923395
0,0,n04,0.6859312981995712,0.0650782246566001,102.21978944642554
0,0,n05,0.7813653730677502,0.08469599513487627,114.98262371027762
0,0,n06,0.7670555067535254,0.06596256454234828,103.08107589060134
0,0,n07,0.7378042610482001,0.08403319064611929,109.79961236349655
0,0,n08,0.7273005105454474,0.06935611294353361,108.27556663505194
0,0,n09,0.6878052302254868,0.11077201088951093,121.69676270773431
0,0,n10,0.6874240270424585,0.06998240008200139,113.35405801046703
0,0,n11,0.6875527211510443,0.07372785681192849,115.76111330648205
0,0,n12,0.7227460538710612,0.0704460379488537,114.34370084269982
0,0,n13,0.784057359195959,0.08375435017360525,105.25803341573287
0,0,n14,0.6632716529497333,0.08116422560193254,100.59120681561575
0,0,n15,0.658186911481048,0.06940254566808708,105.00995291624848
0,0,n16,0.671690824828859,0.0715095029464537,111.63002512046427
1,0,n00,0.21491969052307064,0.05248093358221949,41.48969994210114
1,0,n01,0.2408305103107604,0.04262255301252104,35.211964018574605
1,0,n02,0.27233591160147835,0.0453944446905352,41.03969321303526
1,0,n03,0.37330438631672336,0.04034485452541195,40.23692743417372
1,0,n04,0.2324935163610765,0.01917113393115883,46.76872960353173
1,0,n05,0.2537200151088126,0.037708248949537636,31.15494222648234
1,0,n06,0.23043824025097648,0.027936334609924996,52.591708256385274
1,0,n07,0.2140861790260288,0.010387917164664341,49.06947058603729
1,0,n08,0.22148809121393173,0.04108011766925379,50.541150727272324
1,0,n09,0.25623999443372686,0.0339209216069322,46.54222010416711
1,0,n10,0.1400530543815111,0.045413569220134405,52.09642083098392
1,0,n11,0.3009571216679358,0.03082183683928245,49.21038363598426
1,0,n12,0.1992587190030531,0.018544993007617784,47.65357288178509
1,0,n13,0.24853556230813512,0.026754257363381346,41.839728137404336
1,0,n14,0.29832328228892074,0.03620011672012774,47.218528766380125
1,0,n15,0.26856639405979843,0.05647735967016594,49.483669626040054
1,0,n16,0.2507764741607661,0.03901298810728514,40.993665288421106
2,0,n00,0.24460260627657915,0.054556710758458284,43.13207794791665
2,0,n01,0.2146763474273797,0.01939576785866475,26.97469015571678
2,0,n02,0.23841025189077286,0.014103262858141934,46.3869761329691
2,0,n03,0.27241357152999685,0.0393403889868395,49.02004006645028
2,0,n04,0.31166002599138215,0.01970790747341554,34.707395273860406
2,0,n05,0.1799884052841753,0.03323609899291132,55.94749632130244
2,0,n06,0.2895680675258909,0.038369043390817814,48.122577440531074
2,0,n07,0.24144283962466706,0.02541671091403761,50.62686662935414
2,0,n08,0.2031135578597893,0.02155947217763981,39.67215640930549
2,0,n09,0.27805645997732764,0.03344145700451826,36.40414114891293
2,0,n10,0.22196344095702428,0.012819714558832605,37.7593948119875
2,0,n11,0.2498831811634468,0.04036383721303054,49.25422669112582
2,0,n12,0.2924186555476428,0.033565674139778894,52.570630789935535
2,0,n13,0.22554065507395604,0.0212688356605896,46.120644716098965
2,0,n14,0.25796232115630985,0.022261680230445138,46.914469285751764
2,0,n15,0.27324142831594034,0.03947993003187021,55.53243134796499
2,0,n16,0.20989455776154758,0.01732142944934164,41.201434996898236
3,0,n00,0.3083457120960545,0.036707816292416616,55.66134792044598
3,0,n01,0.27035642168311336,0.005435433216841999,42.72111496798608
3,0,n02,0.19891509128097556,0.03210032256098535,46.593859569289215
3,0,n03,0.24212801973966674,0.009473307891535696,49.17387857481335
3,0,n04,0.2687772667956805,0.022962882493665765,58.67273071191899
3,0,n05,0.23163582116619946,0.03527682583335391,45.35429911415671
3,0,n06,0.13501296491975573,0.022874834067245005,47.58902587961132
3,0,n07,0.2531758801839141,0.032058781833048944,60.57027223057304
3,0,n08,0.30358979088079985,0.014054651373998323,37.85570825103575
3,0,n09,0.2217929179735865,0.03538945399304697,48.21880565947099
3,0,n10,0.20987765935630567,0.021507614758583146,40.96076657247798
3,0,n11,0.19166491957535267,0.0004898952243693327,41.487740939131264
3,0,n12,0.29160297647043343,0.03886607653896825,57.098215517925496
3,0,n13,0.30842222943627784,0.03079189692797391,37.76869050240987
3,0,n14,0.18058074094276877,0.008452601857593289,42.49911441644499
3,0,n15,0.21256581886211054,0.03163822446014856,53.22868401950643
3,0,n16,0.18362105083809788,0.0391220192051587,49.134420118659804
4,0,n00,0.2503631329254401,0.017742745580608357,45.0487448012071
4,0,n01,0.24053224405750617,0.03549929921973874,54.108898529986575
4,0,n02,0.23484619107045265,0.02747174402605977,49.61007770286479
4,0,n03,0.16819403975468783,0.053404829801129206,49.33804875669886
4,0,n04,0.27507429745674095,0.030023758345849017,64.30540541886992
4,0,n05,0.25461028082502624,0.012677185389085223,63.19982119074163
4,0,n06,0.32734099944281464,0.03778677013859681,52.3277925927871
4,0,n07,0.238231402030158,0.013882941019507732,43.61651143340792
4,0,n08,0.21107334322950103,0.018178917985950747,50.58092198948467
4,0,n09,0.18109037695633506,0.03042145106794776,57.53300037269028
4,0,n10,0.33327157865699764,0.03481607166722997,49.41407420377611
4,0,n11,0.29736104507623184,0.016054113976301118,44.67848627953255
4,0,n12,0.22824885234580075,0.007379263716387422,48.09439335082844
4,0,n13,0.19769766894382487,0.026663828300558873,50.074246466172944
4,0,n14,0.2745374596676642,0.02852358475390148,46.16637403830668
4,0,n15,0.21820933172937318,0.021394444746942014,53.35429595592181
4,0,n16,0.19371521808176023,0.025304417273973694,38.465171533052974
5,0,n00,0.724333388430935,0.08212617837480071,118.54373535586137
5,0,n01,0.7609521636168227,0.08552578553822389,106.56269873649956
5,0,n02,0.6368586362163836,0.09810890861278311,104.20623573187942
5,0,n03,0.74150371842075,0.0665870914193402,111.41062547536525
5,0,n04,0.7411876421824762,0.08197121875299548,123.6919487908993
5,0,n05,0.693297225384606,0.07613194419431478,101.65260554182638
5,0,n06,0.7049691144378798,0.08686446294911712,116.35626270693156
5,0,n07,0.7516799159119577,0.07881696507308313,104.76793789768138
5,0,n08,0.653889976427867,0.08260477384567508,115.12897612227675
5,0,n09,0.6456755679355399,0.09656813691938576,115.72121339621273
5,0,n10,0.7937943961551046,0.06709597350692532,105.93427918518647
5,0,n11,0.644415244148773,0.08262704169981655,118.19738110877555
5,0,n12,0.7132585985212381,0.060965493910295446,103.97883141895643
5,0,n13,0.7403622147184555,0.06656838403742278,114.47066959495316
5,0,n14,0.7190350086551465,0.07816553875571049,103.47841146315506
5,0,n15,0.6674572230712665,0.08618755489585345,124.33515850268796
5,0,n16,0.6568082300751219,0.06540076740107367,118.92955264265862
6,0,n00,0.7271096557928521,0.07262387640659568,112.56563843763531
6,0,n01,0.7733112052466007,0.07207071741706714,102.3832785655015
6,0,n02,0.7200418271148669,0.09317345165426505,102.5874235307303
6,0,n03,0.7721893307943758,0.08349617770726628,110.00825676991921
6,0,n04,0.8175093298550233,0.07719010109116123,90.9243063526385
6,0,n05,0.7303880741033346,0.06748318076420083,111.65656660430413
6,0,n06,0.683923583882392,0.08176557627048049,123.25675657165154
6,0,n07,0.7761436704149546,0.0822045669220339,101.48399048654673
6,0,n08,0.7284021813301104,0.08611714919015286,109.24558425374208
6,0,n09,0.6988252098341609,0.06322346451186849,101.8818108819481
6,0,n10,0.7664070073677018,0.07913105452463694,112.75307360979474
6,0,n11,0.699794817488055,0.07408624335885362,101.08488047965207
6,0,n12,0.7019139933220608,0.06604405346425837,99.41701091758296
6,0,n13,0.7123783546239724,0.07046595640684224,97.73979901157391
6,0,n14,0.7480721947862753,0.06296758643850464,115.79979829439397
6,0,n15,0.6748138558805079,0.07596422573443298,112.14890665373336
6,0,n16,0.7424627047253148,0.08829018354663985,108.14989533479446
7,0,n00,0.7044506157048318,0.06750648189752201,103.9385554392004
7,0,n01,0.7557267339828877,0.08967555328275785,121.26214424302388
7,0,n02,0.7532489350940472,0.0902891485292499,101.94764533200927
7,0,n03,0.6909869418446046,0.07746997710659494,128.14446814649352
7,0,n04,0.7579169874648866,0.10232168450503024,105.85550805209014
7,0,n05,0.7136488445783815,0.07490185680205177,111.61226601892028
7,0,n06,0.7512799223930093,0.08434932084511389,111.18879246681402
7,0,n07,0.7550787354159463,0.07751074869312145,108.13203504620387
7,0,n08,0.7246666883716885,0.09522553601370143,99.954175933992
7,0,n09,0.6964583955622041,0.08588396303436081,115.48190599536305
7,0,n10,0.727860869831163,0.09631233520941404,108.69237129639146
7,0,n11,0.7944314301404647,0.10216330884630424,108.68516237149413
7,0,n12,0.7215853222035036,0.07254786749625655,119.25196503016159
7,0,n13,0.7593090663469838,0.08191571465058868,120.64104000258463
7,0,n14,0.6963840676589466,0.08316385379695959,110.50313496407941
7,0,n15,0.6639792031789759,0.07715739962313484,104.8594537986811
7,0,n16,0.7460921096687096,0.06657800133147443,120.18172184477213
8,1,n00,0.2777583143353339,0.03608107666885068,46.32406090940757
8,1,n01,0.20840016305035325,0.043031288179812284,49.674090081795796
8,1,n02,0.22749179466513791,0.007559623797240147,51.26423188955147
8,1,n03,0.27906709076008884,0.04998585360621201,30.662476264725385
8,1,n04,0.2890361722636466,0.027933138698813965,43.66360066058899
8,1,n05,0.21809831865436255,0.03279736816574307,44.06542468169851
8,1,n06,0.286892887100097,0.021080128816366707,57.93890137740925
8,1,n07,0.26511406873694293,0.04057339030464754,45.76646977245898
8,1,n08,0.2585583298948305,0.022232438914592395,43.535464861312306
8,1,n09,0.2731949222593197,0.01743007971513496,47.13820430860294
8,1,n10,0.2472174325860034,0.03363703891230458,59.96727657453502
8,1,n11,0.255591905333341,0.0475426495107452,37.735822624766975
8,1,n12,0.33042216550947995,0.02016359406725116,47.62037095477944
8,1,n13,0.21724830972033726,0.021014365835984275,47.1982223280278
8,1,n14,0.24536798704274188,0.04927815597888567,45.925133932673326
9,1,n00,0.22863518246099546,0.024399068698070986,42.01437201762921
9,1,n01,0.2361264502469558,0.05005486578247635,37.02303180469369
9,1,n02,0.22155478689410635,0.03613480688458074,36.894154590470265
9,1,n03,0.23048924816978023,0.0111159632348083,42.86837994303669
9,1,n04,0.20231271971954706,0.03677241524356294,59.533487384479706
9,1,n05,0.21421782325169306,0.039423886366254664,45.3158326206209
9,1,n06,0.28817692759352037,0.04476782421755526,36.260235863647864
9,1,n07,0.1877820987498321,0.036207417111485105,29.953205252373127
9,1,n08,0.2719738683612805,0.021866726783231462,48.52905361481729
9,1,n09,0.27943826380174625,0.042442856598989664,41.69019849159459
9,1,n10,0.2964777745332621,0.024753678653636462,55.40489686788471
9,1,n11,0.25818491671883015,0.03140245332747373,52.87367538109218
9,1,n12,0.22899083030342587,0.01617184990754944,45.50943400718002
9,1,n13,0.260666287852277,0.0668437152706409,46.198820775795035
9,1,n14,0.2530507282715961,0.016424198718672962,33.141016975266304
10,1,n00,0.25004190450036434,0.005323882657432704,56.360373430390375
10,1,n01,0.29038229358079054,0.04444649951537021,40.89352920400549
10,1,n02,0.18827308395776227,0.04104312177045791,36.23891198760022
10,1,n03,0.2229642803902085,0.04399534617116729,51.56676203521664
10,1,n04,0.22048502534197395,0.015406013894307789,44.09709999093214
10,1,n05,0.2846143377430607,0.019166679622986047,37.82783740861265
10,1,n06,0.21797264866067267,0.014071875207465508,49.38714649259321
10,1,n07,0.21271613621049484,0.03435573503465197,48.51986370774915
10,1,n08,0.20406142603120164,0.03536258639033097,38.164797414297766
10,1,n09,0.23686605885610487,0.022509060093128787,51.2290753553268
10,1,n10,0.2527287782185213,0.016847998436881707,47.4690491101576
10,1,n11,0.2580141129058064,0.02897552973861945,48.91497923722992
10,1,n12,0.2340951797607898,0.026791467364272722,24.665011831727103
10,1,n13,0.18953773651652364,0.01963965545013059,40.29076426489415
10,1,n14,0.3629828567380016,0.04340280752639874,35.42903371986261
11,1,n00,0.7460244244331607,0.09838569989245569,111.00294990758597
11,1,n01,0.7540915447545881,0.08012061317277089,102.05348968510174
11,1,n02,0.7158325211316067,0.10283057809446339,107.99765350049293
11,1,n03,0.7516398576812131,0.08520491516853536,118.7224538002527
11,1,n04,0.755959355020825,0.0595230518362493,117.9575569280669
11,1,n05,0.7302519718656044,0.08180519838265304,127.01762532562692
11,1,n06,0.7162572213042101,0.08369551678916823,105.72930316237029
11,1,n07,0.7687964900396925,0.08327236780057325,112.21298534759885
11,1,n08,0.7621971688681745,0.09017327150160641,100.41008270375117
11,1,n09,0.630903496003788,0.09082085690960509,114.44310504142018
11,1,n10,0.6143010976987127,0.08610308775810485,120.74677134414675
11,1,n11,0.757117280905203,0.08960966611350048,103.09320684192977
11,1,n12,0.7532716285791888,0.08895815534741172,104.23886243633615
11,1,n13,0.6874473911764272,0.07646268492314434,114.67681456438088
11,1,n14,0.6782788141790038,0.07966207840501612,108.73345506597362
12,1,n00,0.21814260596251223,0.03816874197769372,45.32300396940808
12,1,n01,0.25310953459712854,0.025455666029588535,33.24611349192819
12,1,n02,0.30233833842502805,0.04357372071163302,44.857452077800716
12,1,n03,0.24660306878414137,0.04169418543940555,45.30165089432141
12,1,n04,0.287864875738545,0.0044070854194532515,50.31089683039956
12,1,n05,0.2799660782896591,0.023737445847657683,54.012216022751225
12,1,n06,0.25073699049883114,0.037073512393481826,46.86776954795078
12,1,n07,0.2542366333891852,0.03214761793074479,48.70950663303604
12,1,n08,0.28057828945327856,0.03686832538939417,50.4832314358238
12,1,n09,0.23716371969434166,0.01848919844692043,50.021740525583425
12,1,n10,0.23339011387626551,0.022044646541684122,50.93724058180367
12,1,n11,0.31177528385996334,0.026527280056973516,55.381210969503215
12,1,n12,0.25299490378504685,0.02810330938488187,51.42965690963204
12,1,n13,0.20776004935955644,0.02808027645913891,48.058874922021474
12,1,n14,0.2381103981841902,0.0328947453473859,44.837938560230405
13,1,n00,0.28224390317815234,0.018404365997305727,56.21763437230146
13,1,n01,0.3375142938735728,0.023217686707287986,46.3593655017208
13,1,n02,0.197244216691844,0.02694620189088586,39.09323310563557
13,1,n03,0.25730638716791276,0.0374572594730113,48.13421468695343
13,1,n04,0.2921726330453761,0.02430463170726945,43.23333616377767
13,1,n05,0.2674414548729217,0.009862739300987678,46.794150605577116
13,1,n06,0.23979661769128624,0.0458946795840004,61.280123612328495
13,1,n07,0.26285176913204006,0.029786032365713748,42.62105191867663
13,1,n08,0.2212765833124724,0.03261332301493057,40.24248263581063
13,1,n09,0.16883914980650833,0.028402221921202304,46.687675853653964
13,1,n10,0.22578320503313382,0.002847616145100103,46.00461442448692
13,1,n11,0.13941007407142414,0.05249276955834127,59.75765115938138
13,1,n12,0.22616640934448606,0.009532310333535528,41.148341956272915
13,1,n13,0.22738091070963803,0.042906852696427716,47.08888440116081
13,1,n14,0.2897870089807209,0.03626287881613984,43.76787817192473
14,1,n00,0.735469315130652,0.06500073519546518,103.77752197477983
14,1,n01,0.7294215561686008,0.05153468315999045,107.91660427859915
14,1,n02,0.687432919149553,0.08566005108356115,105.59254571949373
14,1,n03,0.8157684937056703,0.0684545196373597,117.22549849378352
14,1,n04,0.6553734705493244,0.08266062055373725,110.73701004171431
14,1,n05,0.7520271876005623,0.07255624591102548,120.58670710853004
14,1,n06,0.7609949369874778,0.08439806247280092,105.60548968567984
14,1,n07,0.7621464994949392,0.07420415279920428,119.5699646400039
14,1,n08,0.6933348283837789,0.057652492533853954,109.2579731730119
14,1,n09,0.7987417498398444,0.08596252012796908,105.02665265424936
14,1,n10,0.682556060525769,0.07350428861046508,107.96380766220325
14,1,n11,0.7234591587614773,0.09246033669708002,108.16671710583151
14,1,n12,0.6929471302666245,0.08310805727915953,112.41459458874056
14,1,n13,0.7184379815536499,0.08128668901586603,126.30284718378888
14,1,n14,0.7311258581269272,0.0884438962893451,109.42665409879417
15,1,n00,0.2635145882455489,0.042560041430825896,47.09626192978004
15,1,n01,0.225490847577445,0.024581909457755766,54.10106459499394
15,1,n02,0.23166077079988956,0.015354845381030378,42.97674326565609
15,1,n03,0.2369512083005129,0.028810173154371416,53.29362817589972
15,1,n04,0.2765965350189475,0.008536178764507157,51.156769644983115
15,1,n05,0.24006143193348098,0.02649412335819309,27.701536478941748
15,1,n06,0.16156970165896717,0.045008291849296805,49.41473327093826
15,1,n07,0.26001827745877937,0.028509077910816045,47.30386050256745
15,1,n08,0.20154977481604175,0.023472339333850237,26.519143106702145
15,1,n09,0.20913714182121446,0.03244676831987746,55.169967666232395
15,1,n10,0.20638526804733787,0.04888306191742538,54.68316800505033
15,1,n11,0.27962814764630367,0.024188278207672997,45.14330337391984
15,1,n12,0.18860548312233866,0.006538450348653111,35.67179408800419
15,1,n13,0.3271047718772608,0.03296501390486664,60.29074755426199
15,1,n14,0.16678325429609714,0.024143462718484915,43.7849614825909
16,2,n00,0.7210955790274635,0.09026125158384649,115.91037087402472
16,2,n01,0.703559008843667,0.0895723113198882,101.56110333209966
16,2,n02,0.7403329661881867,0.09045630186934757,120.40231625524912
16,2,n03,0.8139198289045451,0.09319972403187979,108.6457854401737
16,2,n04,0.7414012585593199,0.07798172978534725,126.93714647931482
16,2,n05,0.741482719042659,0.08390561466101373,96.84545157369877
16,2,n06,0.7012984774455299,0.09811751034357419,110.25787934777635
16,2,n07,0.7768428873194736,0.06842267526697447,118.55392201019629
16,2,n08,0.706575182323228,0.06023342275631543,107.7292781795756
16,2,n09,0.8017100655962698,0.08110506769173192,116.6643902825533
16,2,n10,0.6675563752151754,0.08317945704244763,113.32968496260149
16,2,n11,0.7696317260585469,0.09391271071049323,119.35533325838814
16,2,n12,0.7443566378450298,0.07250409800226855,110.00171974588444
16,2,n13,0.7318566010837647,0.07115798804318355,111.20780879637047
16,2,n14,0.7286057675369747,0.08305226501805879,126.63933013168942
16,2,n15,0.7064935881788147,0.07290402069137386,99.03184900146633
16,2,n16,0.7034883879219545,0.0848579505559747,96.21054009988413
16,2,n17,0.7578937224762206,0.08832931777449558,113.43913096958977
17,2,n00,0.2830904652973282,0.02463816113113547,35.772356258551525
17,2,n01,0.31502426316167204,0.028173374975444948,43.57706601644493
17,2,n02,0.21601507231798417,0.038988056707107484,47.30641846782941
17,2,n03,0.22026448136642954,0.02826564744885178,52.207435288314706
17,2,n04,0.2085103599574103,0.011846738859762115,54.52792300905148
17,2,n05,0.2943399712328164,0.032871186704914235,47.84329471146202
17,2,n06,0.2307304070874262,0.0394470282337921,57.48207193107558
17,2,n07,0.24293018109371303,0.023665501576468368,44.027037743942365
17,2,n08,0.22909005346779515,0.05418447832796249,49.590451067080714
17,2,n09,0.17929086274431633,0.052891667875881815,40.22836328818368
17,2,n10,0.2750649093897847,0.010689220954597154,59.58385784334423
17,2,n11,0.28138435976102666,0.01647855944016468,49.02858350828556
17,2,n12,0.2192961043582983,0.046243514966844305,45.57134881309541
17,2,n13,0.3219307217133494,0.03646058296082813,54.40570632106713
17,2,n14,0.2802304248841964,0.04409335654354524,50.21770710136228
17,2,n15,0.285246908403925,0.026120598321706427,45.45824141291211
17,2,n16,0.25026148281195687,0.033059747219808755,40.23444263067605
17,2,n17,0.3906387386400073,0.017848427468526818,42.11055970115616
18,2,n00,0.6532054531285889,0.08383614807018883,94.61898661592652
18,2,n01,0.7456821652235026,0.09192715571750276,112.19989670645047
18,2,n02,0.7231770739180852,0.07197480279252441,97.50548831628426
18,2,n03,0.7038359859612292,0.05687272700296733,105.70705440205327
18,2,n04,0.7026846257699184,0.09882261171482914,95.22238619742762
18,2,n05,0.7332075064871197,0.06859216949405267,102.55082738827002
18,2,n06,0.7233942087517007,0.08443406437142732,132.86223499764455
18,2,n07,0.711605231973566,0.0678846738062304,99.53261937610607
18,2,n08,0.7149172761767282,0.07414157836066965,110.3118517401315
18,2,n09,0.7086048445226961,0.0609669537418973,110.60558769620216
18,2,n10,0.7924009064843075,0.11583116859649117,117.23065612615765
18,2,n11,0.6825530987558238,0.08835114673307724,123.23000939820949
18,2,n12,0.7451204924809981,0.08938447009666914,105.64087027582345
18,2,n13,0.7503268606382392,0.11340293193668435,101.2032752414147
18,2,n14,0.6582269695687143,0.06780648510321863,112.8503144273483
18,2,n15,0.733363140278003,0.09703025539632651,114.19808288370643
18,2,n16,0.7346218476947564,0.07674396100451554,110.56701090485116
18,2,n17,0.7732185854126805,0.08036079466916138,110.89182214795588
19,2,n00,0.7383295455985995,0.06508508835201467,109.30989894880646
19,2,n01,0.6742574638160005,0.07915155020739803,126.42221379697247
19,2,n02,0.7474493607571157,0.05801777290951312,112.74565461376169
19,2,n03,0.6914965811220894,0.08164299409874298,108.94684218766216
19,2,n04,0.8029428613289534,0.057013616216685575,105.90353719701179
19,2,n05,0.7663890964125991,0.07850129764680372,90.91318693410005
19,2,n06,0.7591671308819586,0.08965870104032088,107.43896071721002
19,2,n07,0.7711656063982126,0.056312092622983353,101.10470773371061
19,2,n08,0.7764303203846846,0.08453212736383679,119.15964171898682
19,2,n09,0.717502644412444,0.0653840905418572,110.33843265128269
19,2,n10,0.740357153667828,0.06390198926371318,100.2152534969726
19,2,n11,0.7154191508400216,0.0909142992362226,112.15955760017407
19,2,n12,0.7420956851011341,0.08629786155331266,117.97906958865808
19,2,n13,0.7057250517990241,0.08102329643627587,118.56415665827272
19,2,n14,0.7111049389147945,0.08564776882504309,128.48293100698623
19,2,n15,0.7762537128758814,0.06221404412529803,108.91041412881776
19,2,n16,0.7469623626107474,0.09898921367381565,111.38271846296065
19,2,n17,0.7116587844770215,0.08951088743000682,107.51780485793579
20,2,n00,0.3048308304466629,0.03776668357359497,47.44053772773414
20,2,n01,0.30093401394382496,0.029009534461952945,42.17052262464671
20,2,n02,0.24757075825489264,0.036775478827212646,38.04787661628791
20,2,n03,0.3361078271026623,0.03163940703681526,55.024109162734185
20,2,n04,0.1884732335891813,0.0320503618763857,51.07271908240132
20,2,n05,0.2131148106703465,0.023444851607769983,34.9846772295757
20,2,n06,0.2429619375318952,0.016061585038239644,51.209462352927076
20,2,n07,0.22818112519971126,0.03001449837199719,42.77187399373514
20,2,n08,0.29260712560579016,0.04037156309598466,38.75547925182448
20,2,n09,0.2725772331721696,0.029156818568351124,40.04704110585904
20,2,n10,0.18995541400046365,0.034114146228276486,32.97398490493218
20,2,n11,0.25199046374875383,0.036196333717391685,51.19127102516711
20,2,n12,0.29725696330914153,0.031806420991851984,45.46535599427674
20,2,n13,0.22973388949983506,0.04199176995052863,57.838972348076545
20,2,n14,0.3260042630671963,0.0360492353933395,37.46413521108517
20,2,n15,0.26747617705764615,0.006889197811755492,51.41096712289941
20,2,n16,0.26494183153343104,0.024643368842781913,38.13730942191404
20,2,n17,0.25444788593075646,0.031672494625710076,51.31779475531979
21,2,n00,0.7523707369368122,0.08599974043550375,114.48923749718811
21,2,n01,0.7875140433584277,0.0907213957853871,112.63432775589621
21,2,n02,0.7414084714839269,0.05165577430259308,109.61704717955591
21,2,n03,0.7064100084640899,0.0618937057013862,122.38317815412988
21,2,n04,0.7508061360253124,0.06630281458743492,114.36285288638526
21,2,n05,0.7579031680407833,0.09312662347147621,105.48204603458956
21,2,n06,0.7247500709922977,0.087599784546462,112.97209225974885
21,2,n07,0.7245522274651758,0.06619284602152582,120.85294637131732
21,2,n08,0.732677606467511,0.0667084809643585,110.92523813500094
21,2,n09,0.7420615415769551,0.06091415461704344,116.2051732797468
21,2,n10,0.7433716371487266,0.07767789477693529,114.38581158321146
21,2,n11,0.7109370776864211,0.07918113213479239,108.30711979640542
21,2,n12,0.6598348819226636,0.07313423730014378,104.64328200165698
21,2,n13,0.6887542144192746,0.07907832765810073,109.51201178576484
21,2,n14,0.672720533811944,0.08859295244499327,111.66191248536079
21,2,n15,0.7154250608679644,0.10003923939181814,100.66260825501614
21,2,n16,0.7707902317476845,0.08634394449647641,113.6067637906894
21,2,n17,0.7502074147349144,0.04319355183183428,114.6526714064715
22,2,n00,0.6803831707483279,0.06576329941213846,121.7965741695617
22,2,n01,0.6289547790767211,0.07617642583398543,113.56931081507076
22,2,n02,0.7137934904491007,0.0767528321578273,104.03453932661992
22,2,n03,0.8041894615757035,0.07150439279393041,107.35859816525435
22,2,n04,0.6698573702583397,0.09765757455981851,93.55185165236531
22,2,n05,0.6672525384947642,0.07350856887066284,117.51071673637178
22,2,n06,0.7732331556218073,0.08510828183691682,124.27564167923464
22,2,n07,0.7117004248976672,0.07406135703094477,115.90533993717558
22,2,n08,0.7417868351708813,0.0894433997332692,113.85909708203653
22,2,n09,0.6916711467923258,0.06585669835179815,104.79155043222961
22,2,n10,0.7313270220828287,0.08097518974291386,120.13716885342434
22,2,n11,0.7521989446380103,0.09156859860170438,114.39243741942254
22,2,n12,0.691263322972704,0.07788541925054804,102.95173392457323
22,2,n13,0.6911233285590741,0.06847643812671705,109.99764476840198
22,2,n14,0.7117224147861227,0.06812612538128691,98.58082364509812
22,2,n15,0.6699717973395483,0.08645606728485869,91.70466060036608
22,2,n16,0.7519640094258004,0.06565797841873078,106.75059058146707
22,2,n17,0.6921835375613858,0.06236526301752343,128.3202532236361
23,2,n00,0.2717986279681731,0.022214424104801532,37.916935507227336
23,2,n01,0.2930703733984825,0.039177716056445405,58.19122031274365
23,2,n02,0.24281164003521083,0.009577288668600654,48.08974841264044
23,2,n03,0.21308143127642143,0.022574475699867636,53.73146940485891
23,2,n04,0.1922737861009328,0.03924690476517015,32.10260119939828
23,2,n05,0.16000667347441905,0.029017297212633675,49.567861531299435
23,2,n06,0.1816031138298235,0.042038184421859276,47.8166880156856
23,2,n07,0.16464663466295343,0.033214190218720296,40.17021033536906
23,2,n08,0.25521615919488944,0.03938863102234907,50.939811906438315
23,2,n09,0.19149468549333898,0.042576035986442155,24.931482164757075
23,2,n10,0.29283582161444616,0.04849399376958433,40.220563818670605
23,2,n11,0.26142152740298885,0.05094272737780216,38.0517167673531
23,2,n12,0.1813180268086566,0.041523446548796396,46.272503527226164
23,2,n13,0.2632069345824358,0.015599792079106533,35.73150521578984
23,2,n14,0.3025046475860973,0.019482023982158026,47.11242669870982
23,2,n15,0.2810104972079458,0.03359264825424888,51.11767219485924
23,2,n16,0.232569465875786,0.031516098040687085,51.50755461910353
23,2,n17,0.37043477154015303,0.022077034329753283,34.20317520192343
24,3,n00,0.6581002774105668,0.08169294046659684,117.9221642859067
24,3,n01,0.727118453509546,0.08236972908786093,114.8327101637264
24,3,n02,0.6631210136723674,0.08519288349454861,104.36328103532824
24,3,n03,0.6971069555448639,0.09185676502550741,97.09792562159828
24,3,n04,0.7012751353510718,0.0865818287404879,108.31889093180362
24,3,n05,0.7796788570523618,0.08117722343785631,95.524786730224
24,3,n06,0.6779299398589568,0.0718898863208902,115.18792609395352
24,3,n07,0.7691322641884139,0.07933618613858268,117.97418750242883
24,3,n08,0.7141925521868755,0.07372206490975133,116.05147859749604
24,3,n09,0.6031453267017304,0.06715158988417645,123.95097002120855
24,3,n10,0.7863015130405602,0.08951224053161676,101.99023984078673
24,3,n11,0.6873578312930297,0.09510119954750415,104.91987889828052
24,3,n12,0.6965790600138088,0.07679489807231343,113.39765663807309
25,3,n00,0.734823024779815,0.08735161478545395,121.66211093983271
25,3,n01,0.7548745043194575,0.08499796182084918,108.64696793326576
25,3,n02,0.7080319300248289,0.09690354683779939,101.18803999847522
25,3,n03,0.6912194979895736,0.07060746911341544,100.76130600418942
25,3,n04,0.7479546894554009,0.07880732629938154,120.29014030893899
25,3,n05,0.6369754021131474,0.06262624131798646,117.31221392138539
25,3,n06,0.7579021723272189,0.0769922415941362,106.38490596291535
25,3,n07,0.6796908676277952,0.07444842533806137,108.41518957927677
25,3,n08,0.7689539229899698,0.07919283203049411,114.18644572710849
25,3,n09,0.6983641483622401,0.08672918841420066,112.18949943099459
25,3,n10,0.6345597916853681,0.05975122516286253,110.5271670176346
25,3,n11,0.7170579580764572,0.09193027340669989,102.00916789758504
25,3,n12,0.6906203540544346,0.0897488261076381,109.20154718984526
26,3,n00,0.26247784949611,0.031009285426409815,55.120626388245384
26,3,n01,0.24175761734004708,0.03442687908276496,28.010350978354985
26,3,n02,0.2853088243319619,0.023764403551721724,49.49991540314824
26,3,n03,0.21488122286144046,0.037293372072475586,43.26437201382284
26,3,n04,0.19152341757036143,0.024474664499047595,49.04608274339474
26,3,n05,0.3159620958855405,0.03568538803407435,38.97905441662821
26,3,n06,0.2597442217856142,0.031053685158000142,49.79266171827977
26,3,n07,0.26889467570724074,0.04637773299218709,35.042658367470985
26,3,n08,0.26005117446472154,0.011714522396340136,59.09748837245131
26,3,n09,0.1797668648446089,0.028079339359446513,47.79146602288736
26,3,n10,0.26291967018063,0.01420422487462318,43.30569736839725
26,3,n11,0.22969231062296092,0.039039236507217745,39.53966773857581
26,3,n12,0.25277298517160135,0.033516996881112836,24.216121001681913
27,3,n00,0.2378900234662479,0.029246643359419292,51.77898894325416
27,3,n01,0.2364349206180025,0.02261625276369885,40.71651039158671
27,3,n02,0.17807673762486032,0.02800268378591484,35.62417921886403
27,3,n03,0.2897451896385295,0.02801566492189577,47.894964370798284
27,3,n04,0.3215354043515889,0.027186903948515594,48.29679789069438
27,3,n05,0.22069205996744742,0.028791842663548277,45.10728316278239
27,3,n06,0.22935274438113903,0.024426401040949414,37.38928611038699
27,3,n07,0.20430686518238897,0.031726739411875114,44.73592292330126
27,3,n08,0.24553266863766912,0.009854285822356645,62.74120669207997
27,3,n09,0.29255341632930876,0.026451932782115946,33.40343197841579
27,3,n10,0.17088560651293802,0.045432947097157186,38.05928884137974
27,3,n11,0.2788430131182268,0.0067997531877930645,43.38389777681558
27,3,n12,0.27646339283632637,0.03444965723094366,41.84686682812741
28,3,n00,0.29877942612685787,0.020146591473553334,34.54134339136891
28,3,n01,0.29275324139665304,0.016224778706564642,43.64420688963121
28,3,n02,0.21163559132240364,0.018387083924817943,46.313807563037486
28,3,n03,0.283103188148311,0.008962957055085215,51.76822494213802
28,3,n04,0.2646236946289561,0.012830514843816285,34.72125124811893
28,3,n05,0.26304165187686523,0.02419094898738199,43.97298978152562
28,3,n06,0.15307593395644475,0.022719138204601256,43.322295693331654
28,3,n07,0.24209678847891447,0.026076966298344145,42.94113473046793
28,3,n08,0.17267095971782484,0.02348111073876339,34.2637445307134
28,3,n09,0.26781483907192183,0.030196061953921136,37.61000671984944
28,3,n10,0.29293907723876983,0.02257891262418966,40.805712433962846
28,3,n11,0.16419011324492663,0.03684941778318999,42.81772511032153
28,3,n12,0.24944850515348047,0.018394032083168057,50.159225772815184
29,3,n00,0.32605390450228244,0.03049280210982486,33.60112247997448
29,3,n01,0.29358279732162185,0.035154582387143266,56.89613719277829
29,3,n02,0.2555530036742268,0.03938213417062454,45.38824577363484
29,3,n03,0.2572310824063305,0.02145425652015159,36.892780019887844
29,3,n04,0.2285182571507796,0.030126322521920715,51.403677076383154
29,3,n05,0.15850477307276006,0.03296541793733104,52.762796629612474
29,3,n06,0.2406573558017716,0.0,32.88140732652245
29,3,n07,0.22286132273858786,0.023541251532105772,44.39246510877732
29,3,n08,0.32100826772221147,0.023408174327604597,52.24693851216183
29,3,n09,0.18386491034435212,0.04382646440088046,38.93709079890502
29,3,n10,0.12349414682873314,0.03169964141365519,43.098763625716785
29,3,n11,0.2562373917076759,0.03593762621045431,49.65722782172821
29,3,n12,0.18462690304344692,0.01436918556467389,65.18613862573966
30,3,n00,0.18901547727124857,0.04336947228505605,49.04641323851289
30,3,n01,0.2197636676990114,0.03721324836708973,57.950192108348574
30,3,n02,0.23386976680345478,0.03210633829622978,45.9126094023062
30,3,n03,0.3290361651699701,0.018154635922815,46.98549844204244
30,3,n04,0.163823171817857,0.03524398025799705,45.03407363078276
30,3,n05,0.210082027021673,0.028804227402743993,41.82531685704015
30,3,n06,0.2046692694131716,0.011721507283370625,39.82939284889789
30,3,n07,0.2197180480288631,0.01787512069727654,43.016018999749484
30,3,n08,0.2862848793207657,0.048898241971700784,49.851219918650564
30,3,n09,0.3186939434315855,0.03200988881280384,43.44897543459229
30,3,n10,0.23182672273370308,0.017730357430501095,37.40506277911463
30,3,n11,0.3204753318644711,0.04381994142239785,60.7866680822143
30,3,n12,0.30417889775909185,0.04730558894815706,47.39933195462686
31,3,n00,0.26935345390315385,9.337201734405456e-05,43.07760277672279
31,3,n01,0.2326390778451049,0.03894428190200444,30.787148118825094
31,3,n02,0.20727162042539596,0.023432932233784273,41.285335249886785
31,3,n03,0.26977687468552225,0.025797544996028054,46.72501238414229
31,3,n04,0.2518267779480687,0.026726513184684116,22.50558105892292
31,3,n05,0.2506989672169487,0.03570747374911469,32.425191647725484
31,3,n06,0.18294480643535097,0.0,41.2642808134048
31,3,n07,0.27627874437778177,0.018536819277114862,36.66467128872078
31,3,n08,0.30392415741122325,0.04827077254203012,34.98583388160495
31,3,n09,0.24573069918941082,0.03364553131108256,41.47460975311322
31,3,n10,0.24603371921538134,0.007618099210383051,50.53549024185793
31,3,n11,0.304548124662376,0.02171960919170804,24.170968694647062
31,3,n12,0.2807885459251152,0.02898918138991173,47.8525860135685
32,4,n00,0.7124058069790797,0.05278459308325893,101.63744191304797
32,4,n01,0.6868994909978103,0.08307926715061736,112.03996673265974
32,4,n02,0.744359196915205,0.05854562551142717,108.75577343051758
32,4,n03,0.6613218623673699,0.08412836802454181,118.62571592971162
32,4,n04,0.8063459052388132,0.04865676958241985,115.00129005079414
32,4,n05,0.7376323679804103,0.08242717737890606,107.20730416174598
32,4,n06,0.6174812092444024,0.07927178452947453,112.63053349916879
32,4,n07,0.7573587019940524,0.08530458812629631,114.2536997942463
32,4,n08,0.7089633602325188,0.08386209455666159,100.9276334213715
32,4,n09,0.721468039086821,0.0754643657150347,108.34669636276938
32,4,n10,0.7054829339294103,0.0877967955385663,118.54696120158496
32,4,n11,0.6851318210805566,0.09007411254042325,108.13416406790621
32,4,n12,0.7270520258837346,0.09074660902974735,112.27902742593957
33,4,n00,0.3183745965661411,0.031129196805257338,55.64327284057259
33,4,n01,0.31379366884514076,0.022995726854063245,34.42383042489693
33,4,n02,0.2653521344700745,0.023837290425095248,55.649575337012266
33,4,n03,0.2719102589916218,0.03173557331350595,34.85547811792817
33,4,n04,0.26190355716904723,0.03319858477075145,41.67655982084552
33,4,n05,0.3048477270896237,0.00513914312629607,48.945066492638375
33,4,n06,0.2349145983196638,0.02511293451990504,35.25462433495022
33,4,n07,0.24407189295096077,0.02133507735559214,49.57603512387487
33,4,n08,0.25062781695974284,0.045417500921135945,48.962583828937134
33,4,n09,0.2655798585673417,0.041664099131435775,45.644557376335165
33,4,n10,0.22805087712594607,0.061761265559618944,46.409144715876685
33,4,n11,0.30558289383492065,0.022797715993199505,38.23277359703068
33,4,n12,0.21079989223373696,0.0220678349179285,52.04419162817809
34,4,n00,0.2774311639914586,0.029207730163231346,54.30871887741526
34,4,n01,0.3371970997025504,0.012688185658026235,41.9559485410299
34,4,n02,0.24479516397220197,0.027082904066327768,33.6506142138164
34,4,n03,0.2872222049886396,0.03326517340716003,36.13365301881043
34,4,n04,0.2410812470192391,0.03271794875640901,43.27759134999269
34,4,n05,0.3157853838320177,0.03870442857268813,53.442792232892856
34,4,n06,0.21921499610027323,0.04866901844492899,48.65242796864266
34,4,n07,0.14441129985519455,0.02003940755973113,42.61023602060255
34,4,n08,0.2636893414572806,0.032334920424949974,46.189307333050536
34,4,n09,0.1661176912616234,0.031843047883037164,57.434761888432774
34,4,n10,0.22651536874892392,0.011370193722263364,33.48974840482522
34,4,n11,0.24501783499122193,0.033356646678596676,45.04288134763472
34,4,n12,0.281522299694122,0.023533420188953075,44.333651766754215
35,4,n00,0.24697690432290506,0.03357092767372119,41.26804806594544
35,4,n01,0.258404119303108,0.030320094124337855,46.76154364538092
35,4,n02,0.27332546627960136,0.037997373305199346,43.69425245374085
35,4,n03,0.3350616094620854,0.021606272485862138,43.52796069885647
35,4,n04,0.2468082544814881,0.01661821353887275,40.48548181282315
35,4,n05,0.2861294860648931,0.032950447860928773,40.71697807892613
35,4,n06,0.2605457130733734,0.02989961170476663,36.89235515668827
35,4,n07,0.32624037758677055,0.018524085089870464,37.978885851940085
35,4,n08,0.2417081799687621,0.015984072402729387,40.04779516426414
35,4,n09,0.28069242458660687,0.028071810837656884,55.314983562687246
35,4,n10,0.2554272021214217,0.044289103448968845,33.90088536320589
35,4,n11,0.2590187642602906,0.02516688615300492,53.2313140122489
35,4,n12,0.23178178749473316,0.029315639976049458,56.16032465775013
36,4,n00,0.17046483630115156,0.045479998607257724,43.888410885782555
36,4,n01,0.2591735682838601,0.022182974870459293,55.926053688372875
36,4,n02,0.2662392190442434,0.02543199578466776,26.777941630175505
36,4,n03,0.26709364434222127,0.043013690703459645,37.75810882380231
36,4,n04,0.2685680975514935,0.03514154277193699,52.196459616288195
36,4,n05,0.2116703356247388,0.013910100844462425,41.60362737189796
36,4,n06,0.2518721732628587,0.04589704626165152,49.86665143587732
36,4,n07,0.25853183733877166,0.020722968818046007,42.20363421729954
36,4,n08,0.2699071676509986,0.02054960546230929,46.11095036863285
36,4,n09,0.254833608482236,0.030059918699885776,36.41606696731283
36,4,n10,0.2265069328011573,0.03497344361397024,47.080593315715255
36,4,n11,0.20625498588049826,0.0016495393197437265,46.43611395178323
36,4,n12,0.24324917548805317,0.03767028746013927,29.630107803358406
37,4,n00,0.7697221265055206,0.09041306097330311,114.35371548295457
37,4,n01,0.700868799809333,0.08781264306364545,107.57913714951418
37,4,n02,0.725272685486374,0.08229670128668579,111.01436108207388
37,4,n03,0.7811878825516697,0.07404916175144621,104.00623301059561
37,4,n04,0.7722206728970634,0.06302118698057757,96.16415209083593
37,4,n05,0.7086263256341716,0.0772561301240704,109.2177638081662
37,4,n06,0.6764465444943251,0.06970890508514532,104.8309907581745
37,4,n07,0.7338249446909559,0.090854319912042,118.20260379473532
37,4,n08,0.6324728070312804,0.06419982224701488,117.29739915937546
37,4,n09,0.7013559509924305,0.07860688271076824,99.75418737778958
37,4,n10,0.8271567413436894,0.08276350666149922,113.41685780873298
37,4,n11,0.6861852295631237,0.0836844449743601,108.2451048364479
37,4,n12,0.733740780392524,0.09815063251252774,100.80453560570471
38,4,n00,0.35451435995307734,0.03936327633202141,48.949406641815436
38,4,n01,0.1843126068846332,0.03809420695848215,43.870994644380886
38,4,n02,0.24805069735387222,0.01081791369562405,44.44062211525934
38,4,n03,0.22123352433328763,0.02855280463073794,50.92284751087205
38,4,n04,0.2916956455073026,0.04124802107702695,63.212925471428555
38,4,n05,0.1262735904939546,0.040294890697146,53.33326005906271
38,4,n06,0.2645364763056536,0.024359027478768527,49.339455951016184
38,4,n07,0.29512920989965813,0.004262495659822611,41.21831956207208
38,4,n08,0.2574921363903673,0.019658909886977986,34.84149235288888
38,4,n09,0.2664199684957182,0.03205616014122576,53.61937219626867
38,4,n10,0.2887744701953336,0.06641030803940433,67.51729045548217
38,4,n11,0.22973451191407163,0.04849353140184132,42.653758735780585
38,4,n12,0.20916339604609346,0.05050572887863909,48.42849868722452
39,4,n00,0.7589769934726134,0.06847512884537238,101.50204223625684
39,4,n01,0.7770283461684011,0.0732736061638279,102.97921564387885
39,4,n02,0.7631624636922485,0.08667785891916475,102.27677305983254
39,4,n03,0.7315113740456327,0.06762667233029812,118.74467685005287
39,4,n04,0.6896832522862765,0.0788322710075979,111.22846923436282
39,4,n05,0.793687031019859,0.07661172647128738,104.12488881619005
39,4,n06,0.8094261695747752,0.06855773381414426,94.42808564850608
39,4,n07,0.7239189742686545,0.07027123405562945,114.91373077303795
39,4,n08,0.6524318501825782,0.05692830882480924,109.9095860945747
39,4,n09,0.7210462528253923,0.08831489515339667,110.73525172214808
39,4,n10,0.7297086064240291,0.06905523026015481,122.03474260905605
39,4,n11,0.7767265094471325,0.061380176755196234,106.47816736626602
39,4,n12,0.6831360708284185,0.07235741220597891,110.18430756261404
40,5,n00,0.7728405907988897,0.08593130021669142,114.96071772332817
40,5,n01,0.6526019790645307,0.0809197314279586,117.79783119659314
40,5,n02,0.7362542628013266,0.07176324333220772,94.10944253986443
40,5,n03,0.7787458832691118,0.08433192762176316,112.1561877127973
40,5,n04,0.7366394362049924,0.0870405343845994,103.69930971638816
40,5,n05,0.7303583195271678,0.07361009981799135,104.37489910212052
40,5,n06,0.741776086461445,0.0942814265724085,107.54119882502148
40,5,n07,0.6678219480253831,0.06586858367713368,111.92705460236832
40,5,n08,0.6378890308861206,0.07038025426431448,101.0360048030666
40,5,n09,0.7310780629004345,0.07670389015577239,116.11862424843932
40,5,n10,0.6946960472593412,0.07228738003952993,106.94601179471242
40,5,n11,0.6886259909737532,0.06735599062905984,118.4243511878926
41,5,n00,0.34010255517317944,0.030383483155051526,44.19271281064551
41,5,n01,0.2253186994531263,0.04842911244654919,43.29214767903437
41,5,n02,0.21449304145676504,0.004219426763222681,34.847157890161654
41,5,n03,0.2816779468331695,0.032025964955298,45.02059049987882
41,5,n04,0.23389384103542632,0.04029910876252872,37.08161722962889
41,5,n05,0.24325747810197546,0.048421098840197255,24.68440917150255
41,5,n06,0.18633377087830358,0.030167022584961678,46.999619713685824
41,5,n07,0.29761568890606577,0.018348779056798277,42.226797738351635
41,5,n08,0.2664578791834119,0.05183609182865556,48.109039911469054
41,5,n09,0.2847867928174286,0.04467923085872515,61.971084382396015
41,5,n10,0.2284080569188236,0.03057074152288673,50.017042626236574
41,5,n11,0.3375700512897244,0.042063598465044164,35.11987753431174
42,5,n00,0.31988936799601486,0.05165909154021413,43.93052198565515
42,5,n01,0.3138967773278938,0.040996363141664036,43.247843310199826
42,5,n02,0.23762530745252608,0.02247669525562569,53.46346189715544
42,5,n03,0.16265915491393365,0.03519557768193585,52.34726422885236
42,5,n04,0.24123462182927607,0.015808345973917344,40.55785852249706
42,5,n05,0.2957345654801004,0.023640530544711817,45.80290383749339
42,5,n06,0.2797040360177087,0.0395656753563776,53.44916971447776
42,5,n07,0.3095792048856836,0.0230673589242618,61.14708927172395
42,5,n08,0.20419126983181154,0.02919953288559884,49.9492209564058
42,5,n09,0.2578085797147932,0.018973694843604134,27.10953454312067
42,5,n10,0.39052975565676423,0.023451457361959024,46.82162926052419
42,5,n11,0.20682067565237772,0.04849943384585642,57.46542439582492
43,5,n00,0.675943499280203,0.09022083025228674,111.96823204739904
43,5,n01,0.7503644111976193,0.06991958011077823,106.23373813238895
43,5,n02,0.6305670586694907,0.09401825820917424,104.51606582588158
43,5,n03,0.6349931987592218,0.08701548291886424,116.43431395034494
43,5,n04,0.7878219189775016,0.09162295386656613,131.48707458958916
43,5,n05,0.6914456255683255,0.08506740272208864,121.9230193200741
43,5,n06,0.7440402704173781,0.06412229435847494,110.50353369699852
43,5,n07,0.7676252819131926,0.07878659185509655,122.9392842658399
43,5,n08,0.7513107575913662,0.06744869007730461,107.21148853467712
43,5,n09,0.7641193919258293,0.08462035671883372,120.81735853751962
43,5,n10,0.6901867234028763,0.08206758705293625,112.91595202665061
43,5,n11,0.7544753333241824,0.048666704254744314,102.52897380950724
44,5,n00,0.6953683602466536,0.08707666548133666,114.15481904657717
44,5,n01,0.7664965018746145,0.0749894974796979,112.16820688078157
44,5,n02,0.7146340943063432,0.06473552796890875,115.42433166700944
44,5,n03,0.7188662751139813,0.0851700962067888,113.74664792882258
44,5,n04,0.7039956202793282,0.07969983546138502,117.52668688754625
44,5,n05,0.7018496033589529,0.0888077803688256,107.0576005262444
44,5,n06,0.7403798746140597,0.08371817890531315,102.39671932007083
44,5,n07,0.7567540185857214,0.07658237031697354,109.42810817654848
44,5,n08,0.6125559163143984,0.07567164504880138,112.75513062425658
44,5,n09,0.7345250391883642,0.0684379669576379,120.20780368506126
44,5,n10,0.7280177576248736,0.09837310954495837,104.2518118119762
44,5,n11,0.6805689096028298,0.09626431780008152,107.14907435499421
45,5,n00,0.36240746093993603,0.01621842339499383,38.75827796750216
45,5,n01,0.18951601291565384,0.008419475457783526,53.29082773983013
45,5,n02,0.2632234062515647,0.038953711327486956,46.92728458398736
45,5,n03,0.23196632830657193,0.034813178944086344,58.47661684396608
45,5,n04,0.24048990578672108,0.04773581441284923,42.63765760768918
45,5,n05,0.14347262651862458,0.03417073587341333,41.918704992516666
45,5,n06,0.2729051857188012,0.040934268637449436,47.29404199067252
45,5,n07,0.30989870022654453,0.005467685958621498,45.89217358711235
45,5,n08,0.2468279602696398,0.048121883397416215,31.35693807834283
45,5,n09,0.24125006763324197,0.024496723799390125,56.646696332309375
45,5,n10,0.2723235729015187,0.02090048587304288,44.56028409300204
45,5,n11,0.23483025462539325,0.03593285622653544,46.51338525688132
46,5,n00,0.6713413986313466,0.08635987612348363,104.37154284837206
46,5,n01,0.7156334328398302,0.044328097941027884,114.25692503330423
46,5,n02,0.7622448937792584,0.06542627369162862,98.7402520589763
46,5,n03,0.7543155040327091,0.0794401249091371,119.76544182752328
46,5,n04,0.7512986206631165,0.0729334668331253,117.47523048889603
46,5,n05,0.7801895267315407,0.07266796051808759,125.13358979544616
46,5,n06,0.7280371877890086,0.05190723995797023,115.25712771028685
46,5,n07,0.7262655729558853,0.060532026159265756,117.44541776688908
46,5,n08,0.7662242661479516,0.08359983101005278,123.36935551716837
46,5,n09,0.7340362766352646,0.09521946821992448,111.6959605519692
46,5,n10,0.7268589796041856,0.067990182678381,114.80817756011653
46,5,n11,0.7767980946163853,0.09503245332026997,109.7647542778319
47,5,n00,0.2728379250238746,0.003133324341067289,44.036609444365794
47,5,n01,0.2640758654522026,0.05428895629351492,40.426652971693166
47,5,n02,0.222921797511643,0.02491440083316552,54.19556266821784
47,5,n03,0.18035325206850233,0.037860596826072346,37.94709880169798
47,5,n04,0.23397704490075588,0.038770428767670104,17.93126534682851
47,5,n05,0.2345391734653252,0.05600218808443294,44.66571578276005
47,5,n06,0.20829265209804926,0.018588301870989234,57.61243807071184
47,5,n07,0.24468325341480124,0.04500052910662323,47.2322949580483
47,5,n08,0.3383557779591284,0.02772549416426828,48.601973820639124
47,5,n09,0.2701177494403084,0.04656032314020154,44.40813752889933
47,5,n10,0.1918577929892463,0.023116544172804548,28.71881719620106
47,5,n11,0.2613606117250533,0.004743703318665811,52.42135546098688
48,6,n00,0.20247387092411287,0.044891627757758026,51.82314427626053
48,6,n01,0.28448103171916606,0.05070204991260453,42.187081899022125
48,6,n02,0.2781548174322096,0.03474055877605407,57.34560850465326
48,6,n03,0.20676629119761322,0.026768081910967207,31.90064372414139
48,6,n04,0.27319788812163087,0.027603427695493118,34.939305991925835
48,6,n05,0.2535580087098329,0.03183979600648131,56.460194874756674
48,6,n06,0.300056199236975,0.018758775230794944,52.4935517857248
48,6,n07,0.23619085868169176,0.04366591431246266,51.35303784804714
48,6,n08,0.23431207176608954,0.01360388497913035,42.89095324643205
48,6,n09,0.310944476066247,0.022651958332565954,38.014101036696815
48,6,n10,0.20999740834222996,0.03833092185670224,47.13794116873973
48,6,n11,0.2917702173647493,0.028933308879908505,66.9487516566651
48,6,n12,0.32296277558886255,0.03826548559513225,51.54020224322147
49,6,n00,0.8332145020929549,0.1019127880076738,93.56953084308252
49,6,n01,0.6833008969066787,0.0792789360362466,110.90509811292256
49,6,n02,0.648587899513211,0.0675338393157411,111.77884380515502
49,6,n03,0.7400662594545457,0.09457442100122063,102.43998200531863
49,6,n04,0.6986556473245485,0.08075825589166002,117.64319135401831
49,6,n05,0.7572283534629703,0.07605345116298451,109.65891964993813
49,6,n06,0.7248986276287402,0.07780092592906417,114.4886013168693
49,6,n07,0.7010011924985345,0.06402835624168736,108.72590853356193
49,6,n08,0.6710472083081532,0.07680089075101146,99.88044504242343
49,6,n09,0.7623225486938727,0.07389831785059452,104.24944957661923
49,6,n10,0.7898494818110046,0.10942832506012407,103.84447274451426
49,6,n11,0.6832149779699109,0.08649507641914965,90.67078767045403
49,6,n12,0.6961859829459514,0.0971718359859266,98.27739295759098
50,6,n00,0.266975506069658,0.031495803433983,53.49148510174215
50,6,n01,0.2195744214979075,0.027098543745816328,56.9211965398022
50,6,n02,0.22321435009738858,0.028897283000599957,37.400739670018005
50,6,n03,0.17312268768544625,0.01969991144881252,48.769026176235776
50,6,n04,0.2990349761096369,0.03746887200653548,44.59252673617467
50,6,n05,0.2912636292999345,0.024110944362193902,47.12279621614198
50,6,n06,0.2719284568718844,0.025462217053152516,45.886186209240144
50,6,n07,0.22289429946108483,0.03612999144071945,59.483190672912585
50,6,n08,0.2062115557497669,0.0656404473253663,42.56892237211582
50,6,n09,0.2736189999522552,0.021891860701598858,44.64952774784542
50,6,n10,0.20676201311167205,0.033669380649109466,57.79821802542107
50,6,n11,0.28222924427277557,0.05729818646588983,59.85654844770292
50,6,n12,0.2001053281933968,0.025669783182804586,42.29342988818206
51,6,n00,0.7096218042391231,0.07949385300715392,117.48607872347225
51,6,n01,0.6594864700147051,0.10697590740604529,111.49794331848271
51,6,n02,0.7325712601920816,0.09124378896560131,107.8040381574021
51,6,n03,0.6489651023084554,0.0829906572461571,110.20351286890117
51,6,n04,0.7003457245606219,0.07191929931356403,109.69598488664523
51,6,n05,0.6857377224724585,0.08497280071238428,114.81363335853928
51,6,n06,0.7082270287506829,0.07168771966002704,101.41422047237684
51,6,n07,0.684124601804475,0.07035643332118065,112.0509307833468
51,6,n08,0.7834858511948125,0.08810323789546638,106.61926504122177
51,6,n09,0.6819421916573699,0.07977869461017018,102.35805914569461
51,6,n10,0.7390151206097042,0.09633362976296558,103.02496291903444
51,6,n11,0.7050897896701994,0.07000167991474485,103.23184450756824
51,6,n12,0.6027067234523076,0.08535584858211656,106.01770516242611
52,6,n00,0.7241589693167596,0.08187841571118788,112.9451974910934
52,6,n01,0.8287976433355152,0.06514132448251732,108.41657912877494
52,6,n02,0.6603013224475925,0.08755095669180765,118.73298475419875
52,6,n03,0.6537614433363973,0.0586948597918849,123.06164516460646
52,6,n04,0.6887745663390029,0.08492645055875506,106.44323906009342
52,6,n05,0.7651804505474625,0.07677684046349932,112.51449246326241
52,6,n06,0.6613529154540835,0.07015716122060134,111.73574606453134
52,6,n07,0.7719670157872117,0.07802513848999991,106.50628530024767
52,6,n08,0.79484519844654,0.06615228433396644,104.54870625667571
52,6,n09,0.7115318396655302,0.058901726820596974,115.58610020021064
52,6,n10,0.7021267333574394,0.07907653957291033,113.89312862817397
52,6,n11,0.7205615681622642,0.09367214740882467,94.37007786675612
52,6,n12,0.7994802615675191,0.07582393162075238,99.18928319558918
53,6,n00,0.20425376202722623,0.03825279178708539,56.41957880198
53,6,n01,0.21314917866112293,0.044383875667688276,37.98298144828933
53,6,n02,0.22165016438201762,0.02727875661210167,46.35736125722887
53,6,n03,0.24667389601514092,0.00262911648183755,41.58525060513111
53,6,n04,0.29431236985657677,0.028445451752977885,47.09285694860706
53,6,n05,0.1598578724689192,0.022131741302235705,51.72313261769547
53,6,n06,0.21284320456094163,0.046962744400688226,50.96861482190515
53,6,n07,0.25746410479121923,0.04318675776565785,48.54059395852659
53,6,n08,0.2795621087416733,0.024756165972909555,47.83655463595877
53,6,n09,0.301863875071817,0.03628400706994585,36.6206175841824
53,6,n10,0.24191154805086326,0.021900844263560443,48.244426788277764
53,6,n11,0.2685416300833338,0.02524607981388575,42.856622954261105
53,6,n12,0.22249688153260894,0.01609896826216403,33.075336269544295
54,6,n00,0.22667062579584343,0.04048635264783036,48.911493423822066
54,6,n01,0.2478192772406293,0.030344135079165186,43.141871980992505
54,6,n02,0.2427018169478085,0.016714523212723355,54.63694562143867
54,6,n03,0.22500965911718376,0.03707031986431506,32.737828806064414
54,6,n04,0.2592350596514084,0.026963413788381213,44.83763667022287
54,6,n05,0.2224808323571514,0.039758711334831304,40.130187337263365
54,6,n06,0.25920982084296346,0.040484112283745516,35.9311534217442
54,6,n07,0.21386489277827206,0.03781823346909529,47.539256579963464
54,6,n08,0.2582528680162776,0.032666393867089666,47.42042814704063
54,6,n09,0.30669812951853564,0.02678131274723234,48.957443335781505
54,6,n10,0.17023926881513335,0.03550159938662016,44.14525302947105
54,6,n11,0.29322525116799003,0.051537461826256833,48.93220961107408
54,6,n12,0.22919909032529653,0.04002199974397307,55.07398381353217
55,6,n00,0.7758419709778972,0.08555754357669014,102.49467971308587
55,6,n01,0.73124913013005,0.08490209881809785,99.62672406020506
55,6,n02,0.7421780565389937,0.10195731998703308,117.10322439958992
55,6,n03,0.7617621014491514,0.0666703045604469,109.02916715393084
55,6,n04,0.6386325750322369,0.07209653626671722,116.02762427810703
55,6,n05,0.7358032566656472,0.07845416444989187,115.1442329185814
55,6,n06,0.7080823360974051,0.06666568863906339,103.93869798469696
55,6,n07,0.6770425925959351,0.08449492391973781,107.16200888211333
55,6,n08,0.7342662860743538,0.07355899998601617,109.59122454767018
55,6,n09,0.6923294540489886,0.08338348229860668,107.53274029511863
55,6,n10,0.7264557351484318,0.05825075662334837,96.05514108091126
55,6,n11,0.7660640956411994,0.06881299551168014,114.39249593910601
55,6,n12,0.707529960325868,0.07345518744097987,115.27201200649114
56,7,n00,0.2596634686929016,0.006058167841970531,50.35726371655548
56,7,n01,0.24069207967175815,0.0035197662245267172,56.7660890456211
56,7,n02,0.2672898993688181,0.03383426842961079,41.36667604080534
56,7,n03,0.2510896803118799,0.013742588749692978,33.841871670305395
56,7,n04,0.2970868842484292,0.03050913605438038,50.9331091276477
56,7,n05,0.18478588092969683,0.036215217077755664,41.94819905993501
56,7,n06,0.2115071958093264,0.0449116315958422,40.556299783467914
56,7,n07,0.25507405197415045,0.020747457334021186,52.412517978631264
56,7,n08,0.2543052227797406,0.023962653077481223,40.609726254336735
56,7,n09,0.2547830636774547,0.04692894654455558,50.173664208761096
56,7,n10,0.30931133727970545,0.04246482927058935,50.67880787130392
56,7,n11,0.3078675994943666,0.03351357414087229,25.397421394498778
56,7,n12,0.226467926955425,0.023338164330583364,51.02646460145638
56,7,n13,0.218551127853741,0.045933570263739384,40.13272713458828
56,7,n14,0.23496776532781427,0.05965105023308678,48.454824562293524
56,7,n15,0.26317403907565634,0.04912980957298914,42.5919834994213
56,7,n16,0.25233735124903045,0.05189362609099782,42.58911851277047
56,7,n17,0.2850539611120034,0.022404387741328382,34.68327269954287
57,7,n00,0.7076036858274914,0.07592396884986456,102.8836284923317
57,7,n01,0.7511486926824835,0.06553456386754067,105.54346757086785
57,7,n02,0.6775108900169959,0.07899124234471079,112.63025316814384
57,7,n03,0.724605934235465,0.0917031414480283,105.9793015093663
57,7,n04,0.703930955460824,0.08282772324165195,95.72784796268326
57,7,n05,0.6648374734318091,0.06393524446816147,118.32143436409137
57,7,n06,0.6858750064317141,0.07688935914581696,129.88720751994794
57,7,n07,0.7693614694550607,0.0847793776895727,107.67276535905388
57,7,n08,0.6930504292178045,0.06301766549152603,99.92154291695053
57,7,n09,0.7750521447301166,0.09085351196520913,109.45568528586752
57,7,n10,0.716385219025414,0.07871296932528193,112.05921876801011
57,7,n11,0.7548298910488217,0.08660290739641968,117.1018394859744
57,7,n12,0.6817833599375531,0.09152381120799825,113.55347578991115
57,7,n13,0.6938273641558986,0.08887306710825645,110.18434351399387
57,7,n14,0.8291919582609313,0.08241891993213,120.48492039589131
57,7,n15,0.6857233996519494,0.06913358263111538,108.79150506917593
57,7,n16,0.687990247128343,0.07720510768881948,95.05587906460433
57,7,n17,0.7150333261048378,0.07396687159177977,119.70638566837317
58,7,n00,0.22539663049796052,0.036901610453126864,53.21548514493114
58,7,n01,0.23941005907206162,0.013514256060683048,50.06328788191864
58,7,n02,0.2769753350564767,0.015034797082217277,52.523284435001
58,7,n03,0.2743829746839509,0.03511552587045373,51.43300175145038
58,7,n04,0.20799088002664212,0.027020056184144412,39.21704168413377
58,7,n05,0.2685384732104416,0.03847810783348103,33.66717105684695
58,7,n06,0.2341350756189981,0.026867723829510595,36.30223863318526
58,7,n07,0.3213550864305657,0.015789968754000246,50.69444385732413
58,7,n08,0.18091973292571684,0.017172035518553605,40.26274503908034
58,7,n09,0.3234283946693759,0.016259144731241848,46.589198893967854
58,7,n10,0.21326848117083871,0.022979853575549512,40.849548374620426
58,7,n11,0.27318429095073865,0.0430199359737686,37.855233114849625
58,7,n12,0.19717680543549534,0.026903993713904964,47.97878869976189
58,7,n13,0.2272796801251272,0.03872123788766428,28.683887143534466
58,7,n14,0.1828986664299494,0.011985161436199009,44.0204111562317
58,7,n15,0.30676861862961713,0.02992669654470045,38.283043402596896
58,7,n16,0.25923510709800157,0.017990228201035494,46.17612676972831
58,7,n17,0.29365832481370663,0.027615268261042304,37.581046523038424
59,7,n00,0.7187919471615548,0.07628560420903158,121.40918087571751
59,7,n01,0.7300888125652826,0.0728644631721352,105.95434591015001
59,7,n02,0.6853081781787822,0.06670901310540936,109.19738010216166
59,7,n03,0.7235161342841752,0.08195367868073364,120.16558652068223
59,7,n04,0.8269984551724922,0.07224791059882653,115.87153312771635
59,7,n05,0.7475626832001335,0.06825292661685757,115.71116110103208
59,7,n06,0.7636098791824673,0.06031496081517908,107.29617294929707
59,7,n07,0.773424270231462,0.08138999123493357,117.58545479746925
59,7,n08,0.6823954639479219,0.07645854480907674,103.1079705717411
59,7,n09,0.751422785946281,0.08056645796406972,101.66287456419481
59,7,n10,0.7800913335609269,0.07959373357148257,114.87655479891097
59,7,n11,0.7446939808985659,0.08382827765737566,113.29783758435725
59,7,n12,0.6635706855369726,0.07080937011116244,108.50725862734595
59,7,n13,0.6538447818732837,0.06165393211926945,118.68243348496071
59,7,n14,0.7169321887675035,0.05957543981650436,105.70881097376763
59,7,n15,0.6638996302029254,0.05804653689569536,114.98840894987502
59,7,n16,0.7763110148292828,0.0592433160593514,114.61341255552173
59,7,n17,0.7631867185308311,0.07542406331213214,103.22917985526999
60,7,n00,0.15608025863071334,0.03789437965011079,39.045505353188936
60,7,n01,0.15528347522873762,0.027724041478562472,51.67277179804489
60,7,n02,0.23739613289419179,0.029223482610405808,38.02980226369667
60,7,n03,0.22704157569684988,0.04026011681706319,34.87742674958935
60,7,n04,0.2388445081493367,0.019467808354922685,34.374315253671845
60,7,n05,0.1831103736700857,0.01762291694972511,42.08594566508524
60,7,n06,0.2511909578544494,0.03289468028035706,37.16689484717657
60,7,n07,0.3053469968391731,0.03926739017960448,44.448010777492755
60,7,n08,0.16236264257669916,0.031621896167440156,48.10661068929275
60,7,n09,0.3123726997699787,0.037630203181105236,38.73855929729834
60,7,n10,0.2574504645119434,0.024741418045028767,54.67694720296272
60,7,n11,0.20237247695666566,0.04471443302582139,43.198100809768505
60,7,n12,0.18025647637731818,0.05637491709620701,47.53149358411338
60,7,n13,0.17735681347422977,0.02986834132696317,48.14446924328799
60,7,n14,0.27358281617947766,0.013525770112171303,41.40031259885276
60,7,n15,0.24791040011752435,0.054826008609120805,40.98144517159844
60,7,n16,0.2775314772866816,0.022275180195233918,51.74789191694656
60,7,n17,0.2719061941777631,0.04728809344320982,41.512094864191255
61,7,n00,0.26140055399280526,0.03680567674963858,41.11851812767077
61,7,n01,0.2743818148363606,0.01529054179074701,49.251235428749865
61,7,n02,0.24965728018420608,0.037378225578454494,43.91327729456177
61,7,n03,0.19621062619808038,0.019954571471629753,38.1736897850533
61,7,n04,0.24132392211361894,0.06063872528694862,45.05488361804637
61,7,n05,0.24323771519264534,0.012042869003541345,44.696964757167244
61,7,n06,0.2434107991251198,0.03313969946855227,40.63842846201404
61,7,n07,0.20765335787639555,0.04117157744592079,39.63801110268312
61,7,n08,0.2230661772617883,0.017726998146329727,41.65098744226165
61,7,n09,0.16366138328268723,0.052158495369664104,29.37941653747972
61,7,n10,0.23386600581609512,0.027782031717727952,53.78547818486518
61,7,n11,0.29276891218714723,0.02799772554583199,41.966583166842554
61,7,n12,0.25096951663550077,0.03364863565596431,46.00858200134543
61,7,n13,0.2725255263716102,0.032808572421899385,39.825138319644154
61,7,n14,0.234294503365283,0.023940816263615668,31.240942830159426
61,7,n15,0.22542889781011785,0.020388229358403336,34.97528916821023
61,7,n16,0.22610159054980294,0.03740840002517925,34.552003755609206
61,7,n17,0.27658289023054033,0.02784295070746568,52.48078414402886
62,7,n00,0.6390374179016735,0.08532924314850274,103.00209575546194
62,7,n01,0.7226799405181961,0.086313663292305,98.32801945580853
62,7,n02,0.8130671658907485,0.07529719043789493,121.69221274568433
62,7,n03,0.7311672599806417,0.07896165549994452,111.90629658131544
62,7,n04,0.7145734744870275,0.05035396922202939,103.02571664845595
62,7,n05,0.7638251337574529,0.06858372958038092,110.46055906699911
62,7,n06,0.7846607125359768,0.08584923942183773,100.53508767066096
62,7,n07,0.6559247099796608,0.0723542561612748,115.93912724282535
62,7,n08,0.6611573014314629,0.09875652429828397,97.50493416583508
62,7,n09,0.6769619108406896,0.04693567810145832,103.38214953479284
62,7,n10,0.6368797583856196,0.07964620571583544,105.04126797060349
62,7,n11,0.7093707702179677,0.07939881912511386,116.50477545543735
62,7,n12,0.7635722954507653,0.07481414266910899,103.22465195129274
62,7,n13,0.6226253988524163,0.0927720538198917,115.5359935722314
62,7,n14,0.6994983143669365,0.08823753002475708,108.8039882213982
62,7,n15,0.703536835949472,0.08301573565193338,102.03960836248969
62,7,n16,0.7684930936696146,0.0819722931100602,114.45121961640855
62,7,n17,0.7754574001065787,0.06822416546346238,99.22735486062973
63,7,n00,0.22114957569706567,0.038729481440136534,48.50250786175781
63,7,n01,0.2504783931129114,0.0650763175576348,36.89623678732039
63,7,n02,0.27604987181426266,0.025145337935725855,45.712580337684614
63,7,n03,0.16735498192255543,0.017696486681203407,49.35882025028803
63,7,n04,0.258173076150713,0.03677138528454557,43.703336352649565
63,7,n05,0.24754490644106442,0.022325867579632244,59.63434792113655
63,7,n06,0.23396676497961996,0.045835291715590684,39.86657984892204
63,7,n07,0.20794769111785474,0.0006933268305694754,50.826040721262494
63,7,n08,0.24448483029053777,0.041469595734394446,35.16481114815333
63,7,n09,0.23305781174658122,0.025340736880554042,29.291486607799346
63,7,n10,0.11872817075925587,0.06251252408156978,36.39537732088677
63,7,n11,0.2756777621790592,0.02192407935373221,40.4933348789082
63,7,n12,0.2935565252032299,0.040380464710358215,48.0143973592884
63,7,n13,0.29447062268681473,0.01849604797440492,34.014221736153225
63,7,n14,0.24290018923842252,0.02064191440361879,41.23882757642097
63,7,n15,0.17637172747179639,0.044267448193583865,46.316980849335735
63,7,n16,0.18748834262580474,0.03779406992277341,36.64471965897191
63,7,n17,0.2797458558431157,0.011912474164576171,44.88450719897803
64,8,n00,0.27694810227771516,0.05396478571410675,45.58641218694138
64,8,n01,0.16631319136697553,0.04024273103648821,54.70815672195299
64,8,n02,0.16180390752382462,0.038215431648616294,38.27299862124808
64,8,n03,0.2819647242664636,0.0316869199918924,45.51099684485665
64,8,n04,0.261923401654596,0.004741925564341502,48.4670227018678
64,8,n05,0.21708335712458404,0.027805793408728432,32.97369828188093
64,8,n06,0.3376043607007843,0.022303694904286086,50.43371606605216
64,8,n07,0.26382048204456393,0.028959631448104164,32.16680074525287
64,8,n08,0.2544625744284294,0.04455701034203079,47.95343540556506
64,8,n09,0.2765001709785521,0.028185563696124086,30.200380337035856
64,8,n10,0.28704414155598645,0.03496518520494348,57.853054465357175
64,8,n11,0.26078913096332074,0.03554261634324505,43.21437119906814
64,8,n12,0.20974263592752357,0.026878691871234935,41.63152105160968
64,8,n13,0.24527777279878724,0.053361215128093165,50.94334624674241
64,8,n14,0.23298273897716767,0.03136029562904602,47.541451836409294
64,8,n15,0.2493141894615674,0.024170810940975493,55.0665577783471
64,8,n16,0.28036632242208337,0.02944703745527601,26.413868551705924
64,8,n17,0.21564405167478257,0.02919153665761226,32.44090539860473
65,8,n00,0.18214488536250628,0.014391386960915915,56.76323841589807
65,8,n01,0.20988394286301312,0.01540161005435994,38.57489365159376
65,8,n02,0.23088288359048978,0.02418207902747821,30.368840647749757
65,8,n03,0.2324516800897325,0.02915242919780927,46.86652863389668
65,8,n04,0.18213347352190046,0.03751508598470929,36.467651585051165
65,8,n05,0.13002851830327894,0.03740546558210742,40.37111447833148
65,8,n06,0.19234358139971874,0.0613252992641715,37.37210411675012
65,8,n07,0.35186459654806657,0.04370089255323668,44.99009230076068
65,8,n08,0.23909541776182014,0.04313505713907192,40.28341600386359
65,8,n09,0.24605933464568602,0.03674870843031999,60.24647505716529
65,8,n10,0.2673630175006172,0.05090126624558439,51.061398537713224
65,8,n11,0.27904791008438606,0.027726785363888052,48.54765209117655
65,8,n12,0.236710021633005,0.011129450140095306,35.24901401058306
65,8,n13,0.22451698414181395,0.04019512409554353,47.54858626066174
65,8,n14,0.16892138524795747,0.03735707826591881,38.18369043090389
65,8,n15,0.3012613830144517,0.012573727399198608,27.201338909318544
65,8,n16,0.20203270466925805,0.04394227468635254,41.36119823495664
65,8,n17,0.27328341025153885,0.04608883962108118,41.922614555156315
66,8,n00,0.3049651328127554,0.024928496586110023,45.37135599066654
66,8,n01,0.262042842767996,0.030143324036707126,53.238030413464344
66,8,n02,0.2106326654751263,0.03167375176072569,48.46125535324371
66,8,n03,0.25771885306044556,0.0360654749325794,48.73726893985501
66,8,n04,0.24819860869463936,0.0028956337972305297,39.66723776054198
66,8,n05,0.2617697398776464,0.03167290600929826,44.920037841419784
66,8,n06,0.20539303821648586,0.03235097216889282,46.9122226409211
66,8,n07,0.22785969162402442,0.035795638006940786,50.789658904987654
66,8,n08,0.24962720507639308,0.007484546600739047,39.59334721963872
66,8,n09,0.23626091313904188,0.04007203814291075,39.535802649001006
66,8,n10,0.2150879607972477,0.04290900102313502,49.11232197217511
66,8,n11,0.1497361419624248,0.03969475800119333,39.763262797944165
66,8,n12,0.22681917164106774,0.029886769494006923,35.07499475303203
66,8,n13,0.36761087558274297,0.018092996307175212,43.70007722764279
66,8,n14,0.16720080712733507,0.032763571210744497,44.54133007593416
66,8,n15,0.2063195209753044,0.0341928456595571,44.06694193739731
66,8,n16,0.16651097568205642,0.030092845413484927,42.86614841898875
66,8,n17,0.2652028196289721,0.03569879918771548,49.98201305378361
67,8,n00,0.31138669365948524,0.025994808607117906,44.178792267814835
67,8,n01,0.2864415248879993,0.03697135348897041,47.37428827628528
67,8,n02,0.269982468872924,0.022446833436169544,43.159683157745285
67,8,n03,0.2836649194505134,0.02191712874371817,40.81506585764025
67,8,n04,0.33273066534348683,0.032222688484844754,32.366525725482134
67,8,n05,0.17366200020935205,0.04260665207959989,47.295464887392676
67,8,n06,0.24446342016014813,0.037422348998165475,58.19504199734122
67,8,n07,0.165079128495292,0.041747369023662585,36.3627975068219
67,8,n08,0.23756769486449647,0.0354886578673731,45.15783137325478
67,8,n09,0.298434369917233,0.0264811817061905,47.758323761842114
67,8,n10,0.26647938481853495,0.042746671510031906,45.16666180453394
67,8,n11,0.2834999043874439,0.04015027852251093,50.16123056494164
67,8,n12,0.2322132957839888,0.04156814795626676,46.2146579643188
67,8,n13,0.2653795723703735,0.050769538590042046,53.94256194456625
67,8,n14,0.23395929749960417,0.02828293895161424,44.21650868888018
67,8,n15,0.2466841282622001,0.010407239635538131,38.801590631718014
67,8,n16,0.29505060396215754,0.01286948051828241,42.06668140432666
67,8,n17,0.2923705234515566,0.026870674451018928,36.527552382012175
68,8,n00,0.7355318421332422,0.09001564922450779,108.38902053373502
68,8,n01,0.8082385107570819,0.061849677345740164,106.29821901758984
68,8,n02,0.7404706455201849,0.06451772452035665,104.3557803091805
68,8,n03,0.7174974085445557,0.10207617913770678,104.17063305009772
68,8,n04,0.7555904293673669,0.06843745221586861,111.75163692758835
68,8,n05,0.7142713032727193,0.09593630360234832,100.46412399657152
68,8,n06,0.7292738376230026,0.07609847299001311,108.9976876734995
68,8,n07,0.7123786570492693,0.07819636441489429,120.35187087476616
68,8,n08,0.8324076638240498,0.0892728973714235,104.30303886814968
68,8,n09,0.8249055949354852,0.08499588864750554,111.01659965089146
68,8,n10,0.7840706509730628,0.07659875400549979,102.17648130167021
68,8,n11,0.7607931871373599,0.07829163723166987,104.03199007299644
68,8,n12,0.6543545091945915,0.10263542175545026,116.12356707159375
68,8,n13,0.7385739163511278,0.09192885416285711,98.34307813704454
68,8,n14,0.7291630418864787,0.0770755970364323,112.05284685266255
68,8,n15,0.8000635695574049,0.06937717130770461,111.33382610995231
68,8,n16,0.6959224985726387,0.07297996549468319,92.75794842718658
68,8,n17,0.753420927756765,0.08286966791822864,96.4217973696365
69,8,n00,0.6636035715973089,0.08095603690515502,111.26616775576008
69,8,n01,0.7294623191541968,0.05716704879029977,117.06922973647971
69,8,n02,0.7136896580732908,0.07761623434963308,108.02827891152755
69,8,n03,0.7257603490793649,0.06027615836576994,113.38889032803151
69,8,n04,0.7177240312328452,0.07260114072018083,113.03236011320016
69,8,n05,0.7112219300534042,0.08487654771828099,111.38085850973087
69,8,n06,0.7024454757080569,0.08163770917854574,113.1397186430073
69,8,n07,0.7007787904991922,0.08487635319329737,120.76564965912493
69,8,n08,0.7526489619285028,0.07285235852284418,97.5905880147477
69,8,n09,0.7471981081255328,0.08727946708650294,98.93584276112308
69,8,n10,0.7334705804297981,0.07271149838491814,110.7913160193791
69,8,n11,0.7392082362822262,0.10598016426775267,112.08790917015376
69,8,n12,0.6985389935579625,0.08923334470451874,107.94654283811796
69,8,n13,0.7242856302180382,0.09316771601344703,111.53965148901229
69,8,n14,0.7127334372831591,0.06039523887962914,109.5088474523857
69,8,n15,0.7498616693866682,0.09320310671680491,123.29962287400835
69,8,n16,0.7328883452729058,0.07142221687074915,111.92796025807147
69,8,n17,0.6398975300176912,0.08039717427739723,110.42674275010984
70,8,n00,0.6929446841165378,0.07279737705544206,96.43569336157321
70,8,n01,0.7654347616932804,0.08047513410255801,116.15433546735497
70,8,n02,0.6939067778846022,0.0871561108664862,104.12238862316427
70,8,n03,0.6890790160670242,0.06600341718017944,100.02154839515356
70,8,n04,0.7192601221166837,0.08928270990464433,107.16477002103842
70,8,n05,0.6958245943111897,0.08784666894081826,97.42877703268424
70,8,n06,0.7269987816260972,0.07986094862802591,109.39511811488212
70,8,n07,0.6716232987310354,0.09442417052181233,115.07299945370971
70,8,n08,0.6375010466809004,0.08247618662288457,99.11527011085059
70,8,n09,0.7045953283112305,0.07084638555153241,118.40934901658692
70,8,n10,0.6763765894119147,0.07129378420688076,132.25207619067433
70,8,n11,0.7195039428799439,0.090608683353972,113.83807765098065
70,8,n12,0.751240443832012,0.08067080314223407,113.4062751203541
70,8,n13,0.722325166389742,0.09161525677007389,122.60531163286626
70,8,n14,0.7500133757443603,0.08976169418747164,105.37576150368062
70,8,n15,0.7557811461523708,0.07490695827063712,112.72291152844087
70,8,n16,0.7352932279898468,0.07721955019190299,106.21165443016434
70,8,n17,0.6825980301459698,0.09362022089465237,117.63650527729364
71,8,n00,0.7331544621750962,0.106329785303698,96.14432889798732
71,8,n01,0.664238428269523,0.08339771033269112,121.61571791848345
71,8,n02,0.7674920491017477,0.07893377486081218,104.72104077757115
71,8,n03,0.6681034945681109,0.08847938832996499,112.16771100502643
71,8,n04,0.7645873820635232,0.09584991720258414,119.33509899293699
71,8,n05,0.7222251281610697,0.07647805104696836,111.90508795444019
71,8,n06,0.7727948290482793,0.07181606325975134,100.75543418540828
71,8,n07,0.7915392411723482,0.0877823760597277,99.01375181766642
71,8,n08,0.6760786772091755,0.07254679228326481,107.29672633166997
71,8,n09,0.7368341518581651,0.09190710310060689,103.33843869946952
71,8,n10,0.733525300559236,0.07084534514704983,112.18115187035899
71,8,n11,0.7267842129638998,0.0731593198790048,105.6457322478322
71,8,n12,0.6623134176614273,0.07888598485323887,95.93297955064726
71,8,n13,0.6681344060322126,0.08201593743352034,104.52876922780055
71,8,n14,0.6382094388929029,0.09400053635393354,119.03486324537279
71,8,n15,0.6845868782959827,0.07669852386532552,98.89685833234309
71,8,n16,0.7439660542386133,0.08648689312709128,110.88531260223435
71,8,n17,0.721174778889442,0.07492531255273692,98.07166327895445
72,9,n00,0.30895133550362125,0.004502014013212149,43.29077062570871
72,9,n01,0.3470318390214293,0.016891583712917303,36.621337246755786
72,9,n02,0.32031695852241804,0.01793555449675118,65.13580556684622
72,9,n03,0.24588286595594344,0.02166517762745162,39.86117257801908
72,9,n04,0.3540993450977931,0.04039137947878752,48.49295090816168
72,9,n05,0.26807295479043963,0.02961226894610481,38.248985283561325
72,9,n06,0.1991213654730593,0.029540041489676237,34.52781884042993
72,9,n07,0.25237413627388894,0.030845380949325322,42.17574685747208
72,9,n08,0.3001106604207425,0.03693597347410867,40.155333637181286
72,9,n09,0.25156687722308846,0.028764386763804786,64.52881905089998
72,9,n10,0.2578194587066202,0.03368064544915082,39.344735619127036
72,9,n11,0.35897285173714016,0.02927152603880671,50.63577430839781
72,9,n12,0.3394065773107259,0.02520622134697291,39.298113652724226
72,9,n13,0.27123739876845776,0.034810703989247425,41.286147181048506
72,9,n14,0.2279503616127006,0.034306854500948274,34.729751377920635
72,9,n15,0.2207917796910739,0.025880919077574584,43.68381229688237
72,9,n16,0.18036599643338863,0.03636802373543393,63.342284804660736
72,9,n17,0.27653079551494125,0.043084329321582654,30.75049527649351
73,9,n00,0.7147719000029337,0.10766130593370128,111.3723882628577
73,9,n01,0.7436412995280209,0.06867445810203004,128.72442304984546
73,9,n02,0.6639862426491104,0.07907446362973108,121.54086326750112
73,9,n03,0.6699502303799278,0.099072234679525,111.96227941838292
73,9,n04,0.6967594180668621,0.07369304969484812,111.9506298429333
73,9,n05,0.721736780318873,0.08107234569118384,116.39854359233483
73,9,n06,0.6858503053156689,0.07030612715092485,104.54080680942134
73,9,n07,0.7952320001198011,0.07908747202055803,112.21154389919076
73,9,n08,0.7492121243231297,0.08025369279997423,112.90220619071118
73,9,n09,0.778544191482475,0.07480058970640259,102.48411250777039
73,9,n10,0.7297120282545234,0.09932179436468679,108.99575554347462
73,9,n11,0.7000485684346878,0.07105151736334894,107.10667245534741
73,9,n12,0.7295941191574196,0.06738893057091797,125.98311395634511
73,9,n13,0.7025032263060073,0.07449969262151103,108.46120627255102
73,9,n14,0.7533914420030773,0.08724228606286628,115.19326530372807
73,9,n15,0.7274559980528446,0.0782695239518169,121.30625760335856
73,9,n16,0.7275418532860431,0.06357532914446853,125.18597265111498
73,9,n17,0.7497034291739629,0.08140817830382212,115.7253680074618
74,9,n00,0.7465814001985822,0.09587424894155111,129.09463302230125
74,9,n01,0.6509535737741599,0.06914798957526015,110.75512337019134
74,9,n02,0.7457619357528038,0.08569193590028244,107.1419764698844
74,9,n03,0.7385492709120022,0.08124487583753545,111.66517709758615
74,9,n04,0.7519189078495944,0.08989266729678391,117.34210580854757
74,9,n05,0.6840192487545902,0.07794906757666364,102.3440450212332
74,9,n06,0.8008310444023005,0.06867390558528594,101.67293215874837
74,9,n07,0.720744434730505,0.06735398167517953,106.4849991191207
74,9,n08,0.7259077267359725,0.06367799183635994,99.62077589590186
74,9,n09,0.7468076938342032,0.09243834421802365,118.68579387847682
74,9,n10,0.7513711868759333,0.07131325213501905,112.4665586084603
74,9,n11,0.6997405891992787,0.07195433430870872,104.10143141032906
74,9,n12,0.7742889948933204,0.08684953031591962,119.40568928513271
74,9,n13,0.7436244644578696,0.09749274194756083,104.00069460358458
74,9,n14,0.7303132409194136,0.09225152734876954,97.62691826133371
74,9,n15,0.6664981649612776,0.0989263286164873,108.25733107688605
74,9,n16,0.6926612304020648,0.057700316597081025,108.99723280073282
74,9,n17,0.7155591935324267,0.08124425260424688,101.10962735962849
75,9,n00,0.307590330841156,0.04517064297035471,37.41898599989444
75,9,n01,0.33843459334204445,0.0,56.96680260887847
75,9,n02,0.2650737929954462,0.027339825350109676,50.96448445749036
75,9,n03,0.3477509023880903,0.039449395390573586,50.2041896574889
75,9,n04,0.2383051813123303,0.026605846062847847,38.94541570601788
75,9,n05,0.28056699583613026,0.021478747152946974,46.268159422677414
75,9,n06,0.30203872853354274,0.04940545001609867,40.95058330964909
75,9,n07,0.13715138810009658,0.03749441579053944,43.208534861089305
75,9,n08,0.262071082854603,0.044959915611413485,45.11055347792501
75,9,n09,0.21937288096254626,0.02111747957101,36.82922420577849
75,9,n10,0.2926678521105395,0.04310954423284198,43.34683596334941
75,9,n11,0.20866456238923983,0.03683461335656978,41.10632137601557
75,9,n12,0.3007607437127476,0.016956408555441907,35.18079221324872
75,9,n13,0.24862299736666177,0.027520968799065737,32.8371234801726
75,9,n14,0.25200372481317707,0.0430452465066649,36.92862385035851
75,9,n15,0.25103826333690743,0.020478942884663138,49.78148000143666
75,9,n16,0.2526723142331312,0.04586427994920714,40.2863995537102
75,9,n17,0.25424319634433035,0.041364196718577745,36.29110772143356
76,9,n00,0.31447520458235,0.045538029078138864,51.47681528305592
76,9,n01,0.25668856523656836,0.009028535322729164,51.73465159538196
76,9,n02,0.2486434350113793,0.04848349696409153,36.28629027482262
76,9,n03,0.31876112744856183,0.044910633297416284,28.143799830990176
76,9,n04,0.28736160434076913,0.039114182918398466,45.67439993353667
76,9,n05,0.3395482189414789,0.025103321335135008,46.45097844396025
76,9,n06,0.2814893991334614,0.032992015876661625,49.31071279507205
76,9,n07,0.22207383979111792,0.038870501791548315,47.54586049847211
76,9,n08,0.24128876501756902,0.04239745867353939,51.05725293452591
76,9,n09,0.23330641500730362,0.018249371690701843,31.10396741240821
76,9,n10,0.2636031159628944,0.03363209483191501,40.77264076797309
76,9,n11,0.27550264605741287,0.04275023030526054,31.654886239402774
76,9,n12,0.20449592402945602,0.028069827770200832,50.895070937345
76,9,n13,0.3152548349856278,0.019369383791296265,43.552472462134375
76,9,n14,0.18257099631008547,0.02995943958524411,45.8645638949527
76,9,n15,0.2119543075685414,0.015666282051085327,62.032043515696294
76,9,n16,0.2909815736148022,0.010564345704762695,41.1362506145271
76,9,n17,0.2512272916377784,0.0259571670610231,43.1931343611275
77,9,n00,0.7512939733865988,0.08921276541128718,107.02953415520071
77,9,n01,0.7245991322769917,0.07749696372199677,102.56441857173927
77,9,n02,0.7454960608115584,0.08299462911698392,123.11147646096063
77,9,n03,0.736069664395454,0.08310983952569165,102.42966284845235
77,9,n04,0.6598400287489383,0.06846382594456488,129.30902395496216
77,9,n05,0.7591952232168467,0.06905361518237438,108.53717054667382
77,9,n06,0.6885139184610137,0.060635049551148595,105.26507001889618
77,9,n07,0.7107220693737994,0.07187865575134571,100.2030355880154
77,9,n08,0.6516065166056006,0.08712312832133437,111.96095095898491
77,9,n09,0.7093525902867199,0.08258433910143043,110.42106069178026
77,9,n10,0.6456552874928653,0.08127238693568296,115.20972044329379
77,9,n11,0.6779964467198455,0.08560320509785281,107.06388772370529
77,9,n12,0.7425147299939449,0.0901125978712533,111.01615245892822
77,9,n13,0.7204665837655297,0.06882586369828715,111.12405955727056
77,9,n14,0.6879993136613262,0.07807700149670006,99.28476119570742
77,9,n15,0.707642751614959,0.09408436041928639,112.394273403734
77,9,n16,0.7932530002633036,0.09127019630805747,109.8211776848896
77,9,n17,0.756775519407298,0.0918583423757818,115.16218849151538
78,9,n00,0.2168290946029653,0.029711102554976165,37.4716257273667
78,9,n01,0.26611472608972,0.03029180648757074,52.767225906529866
78,9,n02,0.3188333005681886,0.011729796601053236,40.759213857080745
78,9,n03,0.2699027672442074,0.008878330896764548,42.98340064577381
78,9,n04,0.18991987015857548,0.0017443920653810764,44.14883120465619
78,9,n05,0.2778656686337161,0.033913507844777424,63.68085070281471
78,9,n06,0.25692801626867307,0.03065104673290597,48.684066633894304
78,9,n07,0.2170526356948707,0.03594787787166433,35.022718372028365
78,9,n08,0.22209871462593236,0.04357515144522467,41.93175449827779
78,9,n09,0.22854946713747262,0.020335382245123337,53.84485763835498
78,9,n10,0.24337350114827994,0.008553047195728268,38.957052951371985
78,9,n11,0.19077871455336226,0.014209087464028193,49.601118784418105
78,9,n12,0.25915801677681255,0.028816003715389456,39.04952053160902
78,9,n13,0.2910591071386174,0.03238329791203699,40.04679169521231
78,9,n14,0.2161851275515329,0.03419323609686576,40.27581360368035
78,9,n15,0.2163622707001658,0.0590132042504412,51.39603821514668
78,9,n16,0.28404127072235147,0.021286349339415842,28.36501816027052
78,9,n17,0.29907278017464356,0.030186501902204833,33.00503370287083
79,9,n00,0.3141009074657049,0.03278041334732769,37.608666054573824
79,9,n01,0.22928716100499807,0.010028200576164433,42.035762092902935
79,9,n02,0.1868471127655897,0.011408901304381096,43.80379886072472
79,9,n03,0.26117437329424703,0.0251666214185553,41.05887716519156
79,9,n04,0.2408680470393358,0.025927501121650216,41.704678991711006
79,9,n05,0.2815414389054803,0.014459132162049889,45.349442661923206
79,9,n06,0.24741649935961657,0.037355990471130036,41.30275255943354
79,9,n07,0.3337837300262981,0.02794581533518786,45.00808699892932
79,9,n08,0.16526422866147938,0.015283556805556455,36.54873061095305
79,9,n09,0.26552358365062195,0.009674491953424704,37.850787736038704
79,9,n10,0.2775805799472956,0.024606909729089556,37.09001704527855
79,9,n11,0.2532571557318069,0.03376881681509412,39.88316012469532
79,9,n12,0.31598873671549127,0.003133951511569654,40.996395996237034
79,9,n13,0.27218563088546993,0.00829614107417806,38.58526432163052
79,9,n14,0.26912745630649865,0.04847791593710796,46.874706611076014
79,9,n15,0.2850041834242176,0.02925698504218716,38.161481989073515
79,9,n16,0.23182884091048514,0.04553688206752847,47.49142971587142
79,9,n17,0.24897375670111724,0.037546064667481546,40.806491657162695
80,10,n00,0.20309239459090386,0.034142412948525186,46.41382585111944
80,10,n01,0.2307373766045692,0.03365707557270641,34.07628222535885
80,10,n02,0.2697427704083571,0.017601021211017163,43.8611810679374
80,10,n03,0.23006310872626115,0.04495240525601442,50.96608900760978
80,10,n04,0.3269454368507228,0.036637669889093276,50.12766374120323
80,10,n05,0.23050197728464933,0.035070928466652024,48.5764170001297
80,10,n06,0.27225051337210304,0.03467097057802739,53.42788703736504
80,10,n07,0.2383047916954257,0.018630948178072225,47.78845177137572
80,10,n08,0.291271667177932,0.017807764171281795,42.360928816476864
80,10,n09,0.2512436195725508,0.03228892972320983,51.44467551359253
80,10,n10,0.2534218647113437,0.025644643102320747,39.57116710146996
80,10,n11,0.17493175348650591,0.03234047110851892,46.521828313596274
80,10,n12,0.32792344239722565,0.034489060418968424,46.35427785452487
80,10,n13,0.2599738063230227,0.0,47.843020347669075
80,10,n14,0.2371012625914151,0.0366114827592765,40.108432950926456
80,10,n15,0.20491148017929373,0.043179458193045514,56.021464449446576
80,10,n16,0.21602197092215938,0.016111758694544905,43.60893796463483
80,10,n17,0.2593653352795162,0.022203160102625148,52.423980698288915
81,10,n00,0.8107125027540053,0.07330792603556865,120.62945820504883
81,10,n01,0.8375825095391634,0.06195945911655884,110.01284553664625
81,10,n02,0.6870332662628053,0.08166160718919009,119.36319512278038
81,10,n03,0.6873530781166228,0.10897396801990342,110.91995044337946
81,10,n04,0.6937490238341235,0.037613527125185106,111.35096125751971
81,10,n05,0.7322100174703213,0.08109092681823875,123.55694165272605
81,10,n06,0.7100516384387513,0.07735491680194675,111.48423382016108
81,10,n07,0.785722023400481,0.05533861475972582,107.56462619962339
81,10,n08,0.7237856810013903,0.08345425591220025,115.40486916328034
81,10,n09,0.6841958398900931,0.07208557420095958,94.70937766137185
81,10,n10,0.7264086117071307,0.09565395631479481,107.12190147757478
81,10,n11,0.7239072416321942,0.06731566716831841,102.07289256426759
81,10,n12,0.7541344246818587,0.08275233576773067,102.13484091309931
81,10,n13,0.657526999523792,0.07797155604918614,107.89224862866526
81,10,n14,0.7693572396266631,0.08662640686623124,99.99785078937325
81,10,n15,0.7584578589658384,0.09340552930900245,106.73552048969492
81,10,n16,0.7534404591089942,0.06028696584091445,108.84867143903458
81,10,n17,0.644343775517114,0.0742583905523927,97.76971377248672
82,10,n00,0.3153654571134305,0.03008177092982957,51.53052222657426
82,10,n01,0.24662492065965336,0.029240190931083928,31.080222354902702
82,10,n02,0.2291835640893985,0.039921340620901365,38.34458729308801
82,10,n03,0.2188997670945783,0.049844539666863016,46.62423870201488
82,10,n04,0.23378987285954445,0.03859087110791921,49.12157953948433
82,10,n05,0.3226660055331543,0.03448368804643405,36.698561170368755
82,10,n06,0.2944295128072645,0.03145082231509556,47.55364596928524
82,10,n07,0.24515457486827152,0.019069053080027792,53.871673747212405
82,10,n08,0.2827460427721898,0.02953454634284551,33.3296535668586
82,10,n09,0.26005414608108973,0.04521870074661618,30.97732450739604
82,10,n10,0.22227427034293115,0.0394293873019219,50.52977762584571
82,10,n11,0.1962008027488683,0.030952794593767957,39.291859497165156
82,10,n12,0.2588776292014305,0.02391345662160363,50.37235432084299
82,10,n13,0.18968643825751808,0.027428145019894577,43.446648804623194
82,10,n14,0.21806541154345385,0.043360194327201756,36.84717706139065
82,10,n15,0.23816153944654783,0.033183684254430794,44.18186423789384
82,10,n16,0.17691034135002537,0.03072045971291967,35.24316569720636
82,10,n17,0.20362285983027117,0.02394925724615385,43.19901699762415
83,10,n00,0.2623154256975533,0.03974329011137554,41.721806600664536
83,10,n01,0.2660910603934462,0.02647703754269807,48.67320827501629
83,10,n02,0.2811347439706246,0.03662111678926811,49.458051943630636
83,10,n03,0.2292608939052596,0.04007504989971441,42.872198199500254
83,10,n04,0.2825415507010451,0.04528629201736677,59.238288293458886
83,10,n05,0.2844192614655003,0.012058064604147423,55.58367935234888
83,10,n06,0.24540907020708494,0.02620952145933552,51.03476323492523
83,10,n07,0.29997239883415333,0.02057229182902636,43.86462814760258
83,10,n08,0.18552846215118995,0.035240899309352085,31.25273364399574
83,10,n09,0.10421432786953302,0.019660584296518353,30.949105661267346
83,10,n10,0.2388655098784723,0.03963956256533937,41.29338256192533
83,10,n11,0.2595694907013415,0.01360773031851853,53.82028101710287
83,10,n12,0.24790261601702712,0.03797246268751215,35.49143083254698
83,10,n13,0.27994563355575924,0.04915787200677344,44.427009288901445
83,10,n14,0.21512126323672776,0.025008892985678856,43.320918591644755
83,10,n15,0.29910522631963277,0.03241781084601584,33.82638014638724
83,10,n16,0.2604055410237283,0.028028064215151173,42.458744235811764
83,10,n17,0.23344277497525687,0.052387371380731323,42.26773347022249
84,10,n00,0.6656883874675669,0.06796933396929732,110.27255205748665
84,10,n01,0.666540264922484,0.08555221285842916,111.26710327822242
84,10,n02,0.7841751221235909,0.08416147377308987,98.67552568189909
84,10,n03,0.6484863029657316,0.10780157474185947,107.70984254630075
84,10,n04,0.7471701271917502,0.10422164326845207,110.29803115013915
84,10,n05,0.6359656491393267,0.05736439741279052,101.0775613069588
84,10,n06,0.682429762204524,0.08785928657096753,106.30174285365452
84,10,n07,0.7665062999146247,0.08759441477469596,116.70197460114755
84,10,n08,0.6899337339502355,0.08947372579216052,117.97105145546335
84,10,n09,0.76541103922244,0.07634967292725159,109.0164616088136
84,10,n10,0.7976997880321116,0.08587523331494265,119.42758777620094
84,10,n11,0.6949660001406909,0.07768087076173635,105.22363473495199
84,10,n12,0.7624206252293672,0.07649539981251098,99.34209405884252
84,10,n13,0.8311959492922746,0.08626656176043189,117.98174488272758
84,10,n14,0.7299045964189574,0.0732494415358582,102.9385745952475
84,10,n15,0.7114170220486679,0.08358006895992894,112.84125147166921
84,10,n16,0.71979591069296,0.09125794529758487,115.5529111486911
84,10,n17,0.7340622655141067,0.08995763552830341,96.87587653392242
85,10,n00,0.1973259521755616,0.04114385483120491,47.82188083435232
85,10,n01,0.2771007726378601,0.017982884358536705,41.06333641114506
85,10,n02,0.2838541842799037,0.014149415263679358,41.13536412893101
85,10,n03,0.25426440120705623,0.03437662981479124,48.93006224284619
85,10,n04,0.2850737610387979,0.00496167627398808,51.96272708775278
85,10,n05,0.21530640525408512,0.02955071847796118,37.61908693063933
85,10,n06,0.25816626687015687,0.016232281125251283,33.42818585591757
85,10,n07,0.2594409350752899,0.017466400197137223,36.85852287854505
85,10,n08,0.2818141096464906,0.018419485609919437,32.61624616389628
85,10,n09,0.33023727259373625,0.018103130082868554,35.55829696458207
85,10,n10,0.2057305861470534,0.00880148935628397,54.320509302097804
85,10,n11,0.2273877176553038,0.034028509214066194,44.00685998567445
85,10,n12,0.29082886005352204,0.03629888428805633,42.48555538288724
85,10,n13,0.2917404484409979,0.024747679100588393,44.05662596442905
85,10,n14,0.1490752943239756,0.026862359940137286,41.292926483274556
85,10,n15,0.25354400410666666,0.019996098507220728,56.68091680818769
85,10,n16,0.2737384236558628,0.029347811176430434,53.716219426497474
85,10,n17,0.19256017046705,0.05311662005883371,53.77150647371167
86,10,n00,0.20238499235709648,0.022137770453368802,45.011879492056146
86,10,n01,0.22051440536364225,0.015559847422883598,45.54781064405893
86,10,n02,0.23232705213631358,0.03253122696148759,50.59613821688783
86,10,n03,0.26344778253184065,0.04036363182865964,42.36461037262773
86,10,n04,0.25857948424228466,0.043350167748401294,42.257562628693016
86,10,n05,0.31402897181264844,0.054441606582111675,50.02921166496483
86,10,n06,0.2247305392795761,0.015634492441254456,42.022931646402185
86,10,n07,0.2599527440607167,0.013210525002935361,29.29382509347856
86,10,n08,0.19769984252109907,0.023719277821556126,45.109387117459626
86,10,n09,0.2305829824699979,0.04657524181676696,48.260780679600344
86,10,n10,0.24228823736243205,0.026068740643059883,52.9882499276165
86,10,n11,0.3237058861975794,0.039443297719941005,38.87648169965152
86,10,n12,0.29931920382129507,0.04735858437376166,46.9879716358506
86,10,n13,0.25533249774047406,0.02970876191584569,34.98034816648226
86,10,n14,0.2514306538942179,0.05681206544240959,35.797990561475416
86,10,n15,0.300102050864538,0.02263445129210805,53.18278547802586
86,10,n16,0.24197268725896726,0.028915591445334902,45.90370891501997
86,10,n17,0.2032956693241889,0.04151901231156367,37.10999784850165
87,10,n00,0.21291017035885085,0.02284212786761001,59.6228295919954
87,10,n01,0.2623689819806592,0.01636687293426238,49.33251138216415
87,10,n02,0.22179418923108557,0.023995939908485545,59.00080122390435
87,10,n03,0.2066929665971096,0.03299096998742745,35.50628855629839
87,10,n04,0.2100278503355466,0.037069660442707535,50.52198980101404
87,10,n05,0.26575178087832574,0.03041298002422737,47.66168862181983
87,10,n06,0.27711453465493396,0.03272571820381359,47.63299196091044
87,10,n07,0.3390702081882406,0.029541595456366282,28.58581958977198
87,10,n08,0.28950600433905144,0.03639483847583688,44.5597658905453
87,10,n09,0.19506083197978982,0.04153848019892396,44.413522359723025
87,10,n10,0.2446295020513328,0.03512073841706224,38.513352666181966
87,10,n11,0.26084185714681857,0.04853548799015493,30.585392640847637
87,10,n12,0.16165716028904842,0.044228096337686325,51.95839320940687
87,10,n13,0.32146891282114326,0.047435209979934494,32.43247202251973
87,10,n14,0.19794523379873505,0.02678046420276384,47.24125363194314
87,10,n15,0.27550318913797306,0.029043409515075596,51.28292614739671
87,10,n16,0.29089245486181203,0.02293096935800639,42.2505421332726
87,10,n17,0.23881850583673508,0.0240406542810501,37.322032438314906
88,11,n00,0.23580581123055255,0.027148940844729647,54.78081759013514
88,11,n01,0.2921006957836207,0.02617790997426766,32.473374739758725
88,11,n02,0.28093088615168205,0.02856694838018718,36.238081519887004
88,11,n03,0.20207555177963618,0.030049012003583675,45.57242648285252
88,11,n04,0.21600469491089283,0.026347850034564153,33.59258964461297
88,11,n05,0.3407767880059603,0.02921712457321371,50.78381162836997
88,11,n06,0.28404321835251406,0.011511624263611419,52.27841593237242
88,11,n07,0.19931373753800952,0.04805706094596253,37.857727259370336
88,11,n08,0.29871433799154795,0.02531779273702153,27.950567926495683
88,11,n09,0.24082747673843916,0.01597518277016107,44.81062703701328
88,11,n10,0.21932985794744803,0.025110141884927238,40.304859172526335
88,11,n11,0.2803415501573803,0.024548920015813203,44.945329181603796
88,11,n12,0.28003186402982133,0.0413228294953544,47.69114557654477
88,11,n13,0.2971093612779934,0.009108593254901445,41.37834890820832
88,11,n14,0.24323054571638875,0.03308959859771894,52.58744845891767
88,11,n15,0.18152953499168212,0.03342402981892188,46.609572417472194
88,11,n16,0.24964999596796594,0.054757857122894396,29.513164722815834
89,11,n00,0.6806073528636251,0.09139700891481928,110.44751470405801
89,11,n01,0.6502786342980391,0.08216171393085488,107.4404825567136
89,11,n02,0.6792535022488349,0.06501300135593527,118.38460782867955
89,11,n03,0.686055312130599,0.0788730273248826,109.6496668430731
89,11,n04,0.6930885655855412,0.08037391355180667,111.12622254698302
89,11,n05,0.6491050680752928,0.07875351900517175,99.5694611995326
89,11,n06,0.6401496289448791,0.08908798171522717,96.90171868362597
89,11,n07,0.7748945291992084,0.07985820707672,120.20451158613497
89,11,n08,0.6770758795078866,0.08906685654074653,107.04525729346533
89,11,n09,0.7739462197814171,0.07176275567251768,117.41008993938131
89,11,n10,0.7567225492351937,0.07109818378767895,117.35503201593777
89,11,n11,0.684046453889415,0.07116490364467604,99.51366932554018
89,11,n12,0.7413660064875294,0.0686268780874511,110.14319307165418
89,11,n13,0.7186842185385612,0.06602049480247375,107.84797621557968
89,11,n14,0.6765020327888078,0.06766479806874617,124.05380786237657
89,11,n15,0.6772968609651321,0.07025652929417622,106.3071852208695
89,11,n16,0.7254329227092523,0.078482275140899,106.02055980595628
90,11,n00,0.70761644507192,0.08860441007200116,103.89847596624243
90,11,n01,0.7278714723630776,0.08858602053135779,107.12494231294326
90,11,n02,0.6654187421132941,0.07859456754000187,100.05358746372843
90,11,n03,0.7464886429757678,0.08483953156131017,101.33041524948496
90,11,n04,0.7666240212419612,0.08097711453222561,106.67349086335382
90,11,n05,0.7613367769893081,0.09416392528930535,102.0305629606327
90,11,n06,0.6280808176723729,0.07808757049744025,123.34464448602324
90,11,n07,0.7249799439003278,0.05787318260833027,99.99792119331966
90,11,n08,0.6622891283224703,0.07021474998890338,105.09694726768166
90,11,n09,0.7433231875586439,0.06874930270123049,107.12672881959216
90,11,n10,0.7725682737692169,0.06896740123150598,123.60335562547726
90,11,n11,0.716382024739812,0.08097369714828398,113.30104776667913
90,11,n12,0.671961057851343,0.07189959384525252,100.49574523918973
90,11,n13,0.6631774994362595,0.07267512690636217,95.41651644351715
90,11,n14,0.6240455549308297,0.08546488615252198,115.36739862184348
90,11,n15,0.7789658536504233,0.08120267546935686,116.66370996725139
90,11,n16,0.7836471366430244,0.07069780873764543,117.139844061438
91,11,n00,0.2494348979086375,0.010055435983201438,48.7251309944663
91,11,n01,0.2696918814324677,0.0373792303290077,42.548339209837266
91,11,n02,0.2634548043219707,0.031053637283624806,36.191818374131806
91,11,n03,0.2751650311834799,0.022347593563009298,41.30236460493888
91,11,n04,0.18009853250010782,0.00690820734593256,46.68918101056658
91,11,n05,0.28468936696786146,0.026947385859681025,33.34679174573423
91,11,n06,0.2606137932877576,0.016569772901492155,35.87367584161905
91,11,n07,0.3108741658698633,0.012713438235075349,42.287757127420655
91,11,n08,0.3275442723291443,0.03813093386133613,41.54169388031814
91,11,n09,0.3271052926851088,0.02767189045389797,51.57485198469311
91,11,n10,0.2549296176494134,0.039148591572725606,58.40013467742014
91,11,n11,0.2447345163600887,0.04606186666755646,55.39267457208959
91,11,n12,0.21064946104641716,0.052236246952877985,40.06186254480949
91,11,n13,0.23228214763217503,0.021175760712320746,51.16102741423048
91,11,n14,0.3205085572156181,0.02734667325725602,42.892899569603436
91,11,n15,0.1530182458685357,0.030590076564903087,42.3673897737696
91,11,n16,0.27148635434207635,0.03694294681309591,41.46777310572494
92,11,n00,0.7363845845017294,0.06095578796411497,118.08918639732236
92,11,n01,0.7014272505654207,0.07262229339300279,109.2776915051607
92,11,n02,0.7860488032775725,0.08146059232318335,100.01343341807471
92,11,n03,0.6907395333375472,0.08511092461921707,98.3367975838621
92,11,n04,0.7679945745952625,0.07593629987328213,122.03015187894685
92,11,n05,0.7256631292195564,0.07101742513772905,107.18818285176377
92,11,n06,0.776695652947299,0.047662305725311445,120.41588329829021
92,11,n07,0.7393743401659758,0.08430940683950089,111.73341193320337
92,11,n08,0.6917606308320094,0.07745906524716181,105.83721549823339
92,11,n09,0.7856690551822376,0.10050440472282891,114.95505266929463
92,11,n10,0.7677715380017441,0.06846034330790414,106.83323174128859
92,11,n11,0.6949612261580562,0.07651964437222121,100.07743786574613
92,11,n12,0.7118337299615675,0.08026507668474062,106.91690873326833
92,11,n13,0.7333164178253692,0.08481391247605827,116.96734691609143
92,11,n14,0.7712460183678561,0.10126660085238245,120.50970963639647
92,11,n15,0.76686435946678,0.07146232862298707,108.27945731568545
92,11,n16,0.826423837216609,0.06659994802897799,108.97564914851121
93,11,n00,0.30499031284923606,0.01041993621862915,38.27576866121085
93,11,n01,0.1935954329111674,0.032018214160014796,40.597900727716265
93,11,n02,0.19477404097189338,0.04773799473649705,59.635991734688055
93,11,n03,0.19599697692340393,0.02006696585929211,37.68923862020201
93,11,n04,0.2632187928689999,0.02131904917656717,41.4964395381723
93,11,n05,0.23109855335237464,0.05281987232564334,43.506269607121574
93,11,n06,0.21510237342364313,0.03999461094552721,45.756031214072834
93,11,n07,0.301539422725097,0.026107793481951202,47.952395391629196
93,11,n08,0.2795908183691452,0.025316855394183744,57.10765093672305
93,11,n09,0.212353450156275,0.023354508843891987,43.66176558673279
93,11,n10,0.22736396148938426,0.04734808961329051,47.70352892323525
93,11,n11,0.26339824977285226,0.01343882254085086,45.89211544248089
93,11,n12,0.24857933922293607,0.04181048722668533,37.39843206202031
93,11,n13,0.2460655822203922,0.03056689166221911,53.771744956715146
93,11,n14,0.3602616624350058,0.0052214035774176305,52.54010203368186
93,11,n15,0.22466337579180162,0.034929714618145036,40.07412883394042
93,11,n16,0.22315557258163685,0.022868589691472922,42.67442372483855
94,11,n00,0.7377164162593999,0.057192281253172716,106.67019604000821
94,11,n01,0.7434635892103101,0.06920299741969653,105.88544146128193
94,11,n02,0.7135366030414305,0.08660326079533841,116.94467131439032
94,11,n03,0.6945313586789391,0.06617013301400891,114.58907921662774
94,11,n04,0.8591717089675658,0.07041670885626314,103.1803371983335
94,11,n05,0.7176067829358009,0.11401192349818043,120.86842471042003
94,11,n06,0.8412677434067288,0.06765148398607844,104.20054294622894
94,11,n07,0.6808574216101753,0.09374266124716828,106.2795283623149
94,11,n08,0.6771044614741155,0.07338731564443055,118.40208492333598
94,11,n09,0.7863904588318118,0.08696623948682033,103.40876298200142
94,11,n10,0.6796964342278721,0.09896165642063284,105.30106613486822
94,11,n11,0.7101638950066924,0.09335309578402019,109.04364852872573
94,11,n12,0.7111971601871296,0.08170027677317998,117.33229614765581
94,11,n13,0.7400961898311901,0.08175556904477273,113.01458165988599
94,11,n14,0.720829530189005,0.06379436745112757,97.45841426695404
94,11,n15,0.6352317188392484,0.08415115591181181,108.91044392193228
94,11,n16,0.8026991163858619,0.07932422235342482,98.69875548124213
95,11,n00,0.2308974970074748,0.03847185187747021,47.23241809559526
95,11,n01,0.2863637658476401,0.022159701614804385,47.16314174750616
95,11,n02,0.1809524938250103,0.03611194486651206,56.43630059763224
95,11,n03,0.2703985247800548,0.02844990621247113,55.35658577797396
95,11,n04,0.21757251558880208,0.010754944397410302,48.9679416722743
95,11,n05,0.22949940558180593,0.008621681114740497,39.099100438771174
95,11,n06,0.3009704086755952,0.032866128544669734,55.46249090304223
95,11,n07,0.22134650158842006,0.029929103177831526,49.78381441835443
95,11,n08,0.2692659083261571,0.034573118758902274,34.48863094553211
95,11,n09,0.15661095815655343,0.03501337105679371,56.37221906452189
95,11,n10,0.34370117509254594,0.03483956093241341,49.26435545275298
95,11,n11,0.29371455502463084,0.01028636013430341,36.889943066605774
95,11,n12,0.3031465848498212,0.03600328899387597,40.20983838872513
95,11,n13,0.24451790744134866,0.040216145678624846,44.98934063642054
95,11,n14,0.29602786228164923,0.041223858859606985,28.376119637950733
95,11,n15,0.24582099229127033,0.038548219238799454,36.75534071784267
95,11,n16,0.18011056820111532,0.0114202890631107,40.594820374741865
96,12,n00,0.6899822949958014,0.07934229608866539,113.01112919411725
96,12,n01,0.6987380886690688,0.0872653533195353,100.84391370323891
96,12,n02,0.6642008536156684,0.09420820794244823,112.9169341938833
96,12,n03,0.6768682114997517,0.08560415943082186,117.58807459138231
96,12,n04,0.7063834185359508,0.09167090123198945,120.17081831262969
96,12,n05,0.7691596915874642,0.06313777390673639,125.53782238600965
96,12,n06,0.7391814629339686,0.09027511347453847,112.71684985780132
96,12,n07,0.716485402227055,0.07486937348127225,107.57459698891212
96,12,n08,0.7235563406764359,0.07764762750145994,103.85699599116622
96,12,n09,0.7308670939747408,0.07459231823261303,114.53791106571491
96,12,n10,0.7592080172439906,0.10053160531098451,116.82960526683583
96,12,n11,0.6695218989461613,0.0891453090320445,108.93049929818274
96,12,n12,0.6893415952045824,0.08620552954377371,111.62291804909073
96,12,n13,0.7584171516185919,0.07896376112100101,94.97919286124497
96,12,n14,0.7045178399107258,0.08393960831723202,111.54601976058827
96,12,n15,0.6697499182205243,0.10042321427870499,103.54621488024617
96,12,n16,0.731136166477546,0.06707987161896499,106.10761775213503
96,12,n17,0.7207963520941861,0.07076291720689083,110.13411265819771
97,12,n00,0.22330599924171246,0.04813553192108322,47.17514171904198
97,12,n01,0.3190529785831293,0.021794573686442748,49.88457394657317
97,12,n02,0.28873704532576266,0.03831139545004178,41.43602478731505
97,12,n03,0.21485132486751615,0.012991721720738068,48.86508811923388
97,12,n04,0.27345628415335854,0.046820354781917706,32.748137646583174
97,12,n05,0.2688480043757072,0.04006087244266963,57.1476768537065
97,12,n06,0.28124415289240473,0.021074218170220576,42.39868235864679
97,12,n07,0.2576083239612368,0.04785600787365822,49.86465800780348
97,12,n08,0.23278890271911504,0.023638205204844904,29.634358716886204
97,12,n09,0.24120803359333112,0.03663207953022779,43.82019327004832
97,12,n10,0.2665744887988108,0.019616311796024678,44.080955870740674
97,12,n11,0.24227444555976366,0.03304070603204726,51.4056535789091
97,12,n12,0.2866474895964268,0.01991431386990623,56.05039537093793
97,12,n13,0.233108370050207,0.025802840102839116,43.22105109256918
97,12,n14,0.25782325568413755,0.037969922348160046,48.369225945729006
97,12,n15,0.15099756224612104,0.03189498844786066,53.64294294653361
97,12,n16,0.2606199692458607,0.02478734329196622,39.58486345493441
97,12,n17,0.26462788927806546,0.033521055931775866,46.86873685414108
98,12,n00,0.27856576608617417,0.023018950138080817,36.476543473673885
98,12,n01,0.3087761472984315,0.021743118513725165,46.51657611038217
98,12,n02,0.24628059119520437,0.035881376260162925,23.294039399774704
98,12,n03,0.25162463682197855,0.0195076000802689,58.76954154805393
98,12,n04,0.31846783169447945,0.02057185992001436,45.66904370765689
98,12,n05,0.2747591987801437,0.04020636330056953,45.93699318984585
98,12,n06,0.22285439472877952,0.03818599836544431,37.31128771331597
98,12,n07,0.28832720195911676,0.050956531154079374,51.018255113315234
98,12,n08,0.2119359014505609,0.02423526211279135,54.64348907262856
98,12,n09,0.24603672218331954,0.022069695352187436,31.400794830541187
98,12,n10,0.17962722012905052,0.029803008840579143,47.50085046299295
98,12,n11,0.21136033266818913,0.03236519469027002,37.29829426897275
98,12,n12,0.1793729832727431,0.03781136353712342,55.15227702549033
98,12,n13,0.24626543529422634,0.022042268596590326,53.694915367846534
98,12,n14,0.30394334400732903,0.027086415963924394,46.11836063803463
98,12,n15,0.27665845928909966,0.00024079152071941265,49.73504195918173
98,12,n16,0.3220844902045809,0.01769847502899751,52.33674835550155
98,12,n17,0.2451476045222048,0.03433400669651358,39.94180439178359
99,12,n00,0.7379292615688864,0.07305756522272677,112.05156492765346
99,12,n01,0.6982594834678297,0.08907770771771793,100.64139562924107
99,12,n02,0.776401167806568,0.07179948620010093,118.06579254941184
99,12,n03,0.703485499857208,0.07143981841612616,109.6575368306049
99,12,n04,0.7155238827502928,0.05895680844220853,104.06940568470401
99,12,n05,0.7016796263385451,0.09633391804984338,106.9976447468799
99,12,n06,0.749388918628692,0.07876455451771254,114.71993291789434
99,12,n07,0.8459608235846434,0.08705900724195567,103.73049497562262
99,12,n08,0.7507551370256991,0.07517385447601108,100.33343940001532
99,12,n09,0.7151582637557778,0.09523743906000513,107.56861292820408
99,12,n10,0.727622258800181,0.09236113638441099,110.01614636751187
99,12,n11,0.7433443297985391,0.07266516852270263,100.0492843475459
99,12,n12,0.7330441381798435,0.08839031103157514,118.15096389680497
99,12,n13,0.6885336908297817,0.08667093381263852,103.70747000573782
99,12,n14,0.7465015455447931,0.09517654943602225,89.40154054336553
99,12,n15,0.7628654870883208,0.07325449103595259,104.0191395320202
99,12,n16,0.8342139034902445,0.0933462784099323,115.40881458707273
99,12,n17,0.770600862303398,0.06616379001102483,112.3750618580135
100,12,n00,0.7552007527723497,0.10369124623823156,109.4260883964572
100,12,n01,0.6991521641466274,0.08390525718174317,104.88013918613727
100,12,n02,0.7682878412809416,0.07963366085001962,102.16543980947296
100,12,n03,0.7530612248849374,0.07939548130290022,96.72874008140936
100,12,n04,0.7331690796110993,0.07799778298322269,90.99895841946731
100,12,n05,0.6589959511983671,0.05465344584371257,114.12718353884254
100,12,n06,0.7652396723890853,0.10666070660378772,107.62781378161438
100,12,n07,0.7664785185508319,0.05876561742138761,113.10513635578661
100,12,n08,0.7731280770854536,0.0813858287940927,108.20159346984369
100,12,n09,0.7116117581291511,0.05991082588878491,109.92901153564209
100,12,n10,0.7929582132235949,0.07750409108051372,114.24143527094193
100,12,n11,0.6878960505502899,0.10298326539516664,114.76706397179011
100,12,n12,0.8579263085956008,0.07809964013909382,123.83604766210243
100,12,n13,0.7059233584545251,0.08746532310549426,120.23073822432252
100,12,n14,0.7931723217277902,0.07099224592063881,119.26036854708744
100,12,n15,0.7136898230207964,0.08486441068241915,110.93617620566083
100,12,n16,0.7157009839106137,0.0634945242040926,100.92825434217416
100,12,n17,0.7256049078996978,0.07962832923671884,104.67915415190016
101,12,n00,0.6793532082766554,0.07388632453403678,107.08818184013306
101,12,n01,0.7447832418067953,0.05526873323688755,110.69153530090709
101,12,n02,0.7096790666239265,0.09785089564015696,98.94659811705866
101,12,n03,0.7794245943505494,0.10509335324003244,103.86151266000152
101,12,n04,0.7827573426217916,0.07200011464853957,100.43166838448168
101,12,n05,0.6815256193089011,0.08508210021084463,116.45955422122708
101,12,n06,0.6619006991198888,0.07980637211744272,109.17417492584724
101,12,n07,0.7537282317224527,0.05833215014069269,119.01582533765043
101,12,n08,0.6734618591989697,0.05851279085133655,106.5844561086986
101,12,n09,0.6814947125303098,0.07660325526311339,111.65426680089469
101,12,n10,0.8167900682359703,0.07778905105492291,115.43112891669197
101,12,n11,0.7271897293011512,0.07836039285511835,114.42319212324247
101,12,n12,0.7235068684585875,0.07020638547228306,112.84922697596248
101,12,n13,0.6505004207094176,0.0839589880365899,99.43836120048992
101,12,n14,0.7313688700468327,0.0822962286386277,118.85948561991249
101,12,n15,0.8004465127224237,0.09811918396459665,111.0986443232617
101,12,n16,0.7118217634696696,0.08055595036891891,109.49878056394613
101,12,n17,0.7063610157507172,0.0892541865511045,114.58246358030425
102,12,n00,0.7061468945980417,0.07796629216340285,103.3693803214081
102,12,n01,0.6338359294824788,0.07507399182786992,115.05213166073024
102,12,n02,0.6319754339538233,0.08533328647560781,108.82676565876008
102,12,n03,0.750386752735234,0.08301494309853878,100.74399768571583
102,12,n04,0.7180231597031601,0.06192653004294893,99.76148689968355
102,12,n05,0.7379412408105304,0.08186124794714071,103.33015102376504
102,12,n06,0.6231791910310116,0.0870408798364279,107.192533845747
102,12,n07,0.6841290001881635,0.08136722302717418,110.41337491239325
102,12,n08,0.791779976201154,0.08938644667207357,105.38218253798799
102,12,n09,0.6668648944521569,0.07451976222127067,96.1752989450936
102,12,n10,0.7074977589632205,0.0620990933355745,103.91410030155265
102,12,n11,0.6937119937251378,0.07163270164747924,109.48556792914255
102,12,n12,0.7358771259035104,0.09702996226699838,101.65886603579176
102,12,n13,0.7371788657383345,0.10174562365695948,94.69256561125223
102,12,n14,0.7140741339704155,0.09017938538939753,111.66971592139005
102,12,n15,0.735712269439665,0.07723533309664449,108.04990386441577
102,12,n16,0.6908256054516309,0.07770875110074221,101.9816535715506
102,12,n17,0.6618843937383752,0.09747786159354083,102.80823367168531
103,12,n00,0.2319377551837543,0.02888208967375118,44.73830493887212
103,12,n01,0.21058589710681064,0.03447192141674218,46.03139365919082
103,12,n02,0.21670222462868227,0.030856785762020708,58.3643185176098
103,12,n03,0.2691829781908064,0.042546164698278224,41.88874754736907
103,12,n04,0.24427033224488587,0.03349984643724826,41.30926036851751
103,12,n05,0.27172995792821886,0.019599465217187622,39.14352465661702
103,12,n06,0.22935597113981407,0.02535633383908156,50.597216140460496
103,12,n07,0.1752508236069063,0.006595065672607824,37.276911392337055
103,12,n08,0.28968813284691214,0.043955045601674875,47.4093814766725
103,12,n09,0.21772317609309702,0.04128954797532918,50.476591959770914
103,12,n10,0.3011443243294909,0.03295871382246875,41.53050190783567
103,12,n11,0.2763836789157728,0.03627168734334552,45.95684450065454
103,12,n12,0.18299693714502535,0.018587871435594913,32.648960475345945
103,12,n13,0.32784405776922354,0.028104617692088777,49.94187283769491
103,12,n14,0.21441868191341062,0.03210787488134422,49.23068180997949
103,12,n15,0.2111014434403849,0.047930525521208925,44.06516885281912
103,12,n16,0.25668316405323005,0.02020722344550451,42.10035936534664
103,12,n17,0.2776240443456562,0.03340929795670712,54.72821429669718
104,13,n00,0.8044796882563019,0.08753766587990183,108.65794327052924
104,13,n01,0.714858513857459,0.08879001661150789,103.49077981589312
104,13,n02,0.7530464945145307,0.06874233214257153,117.32984119954847
104,13,n03,0.6713964993140878,0.09293909650003793,110.6718896223075
104,13,n04,0.7650280208035813,0.061692667368888884,108.41796284681962
104,13,n05,0.7588113270563761,0.070094177273347,116.22861603572085
104,13,n06,0.7941540600903105,0.07224177072447831,118.24199176385966
104,13,n07,0.7489855765118067,0.07977913225817468,110.64246375457954
104,13,n08,0.6625594180324108,0.0844694954652892,106.69880540101376
104,13,n09,0.7852930803186657,0.07259209210635066,113.48957448861873
104,13,n10,0.758083850382224,0.07172139900393057,100.03981335802585
104,13,n11,0.680297648547767,0.08407315432903366,119.95131584273868
104,13,n12,0.7144049263049611,0.08823834344491237,121.987917820954
104,13,n13,0.6306057704810599,0.07867705770387104,93.40189193113095
104,13,n14,0.7323597135477379,0.08585631324431414,120.53433801596876
105,13,n00,0.7421606715850763,0.07872104848154711,127.27393338128255
105,13,n01,0.7061219495752161,0.07554532039439919,101.98526963006574
105,13,n02,0.6817956599293857,0.081880268715953,109.02861863464312
105,13,n03,0.6573079012271105,0.07400468366394562,114.55485495353389
105,13,n04,0.7925435509015457,0.07055274913523617,100.45513106142651
105,13,n05,0.7677987756174944,0.08253520973883162,109.23560542882926
105,13,n06,0.7041602992781961,0.0596548388372698,102.10079306427801
105,13,n07,0.6897543604888076,0.08282079083100767,106.19606607331299
105,13,n08,0.6769554320994816,0.0858148354620542,132.9816313914487
105,13,n09,0.7070060976815404,0.08655612085120507,97.2278066362379
105,13,n10,0.6591233699021621,0.11049280426305641,114.144057340121
105,13,n11,0.7762750441311485,0.07533137819823062,121.07525083842945
105,13,n12,0.6324799721109334,0.09902027577646658,97.30157328927643
105,13,n13,0.7058198771735337,0.08642210218133664,103.91093840998964
105,13,n14,0.7929727198654699,0.07061148156720952,108.63471135275368
106,13,n00,0.24022125149221188,0.014101062776495355,54.959815273413696
106,13,n01,0.2520069415826948,0.049966492483575174,47.483269126692804
106,13,n02,0.22152758401267655,0.03291018717144054,23.62122291326391
106,13,n03,0.21996182382469545,0.034537153100325485,40.96941709643943
106,13,n04,0.22818238098925556,0.034774479913690225,43.80647104926875
106,13,n05,0.24084026079874807,0.028616878765860294,42.06770314665389
106,13,n06,0.19736045390385942,0.018297361552154747,50.07871224171681
106,13,n07,0.289209261978587,0.035677198445104516,53.400948975856906
106,13,n08,0.20925901293942248,0.02833393473881909,47.71013105217878
106,13,n09,0.25372211158204433,0.03334285744456247,45.46272997136898
106,13,n10,0.26142032695694606,0.037927217506019545,55.750647200040774
106,13,n11,0.3000033265242278,0.00577529248955614,49.963289922090496
106,13,n12,0.25614480365596115,0.035316339703917274,53.0640941614642
106,13,n13,0.2254970946668507,0.023319839721891375,49.74927240244397
106,13,n14,0.24581063721796426,0.02580950350478305,45.143966033843135
107,13,n00,0.7237245867975757,0.06993453609524937,99.8534281538593
107,13,n01,0.7860066081421261,0.0905554967954634,110.25067477293062
107,13,n02,0.6897879623761939,0.06717401399525422,108.42645121120523
107,13,n03,0.7312093201780929,0.10022833024436989,116.4397044090608
107,13,n04,0.7447812485436582,0.06716249259931262,110.88830289290593
107,13,n05,0.7174396731711031,0.09190162294269244,107.82235335215948
107,13,n06,0.716103001890226,0.09323797652585598,95.98420716401723
107,13,n07,0.7421793564970088,0.10139939896629946,88.46220711319788
107,13,n08,0.772346232796626,0.08070002779397034,115.87760487081447
107,13,n09,0.6431180529444915,0.09563877119729541,125.77433135358119
107,13,n10,0.758066457724276,0.09124224293392705,111.58392976082774
107,13,n11,0.6538596641423959,0.08312334016005946,96.04089049408029
107,13,n12,0.7726047560575708,0.053975297689132146,117.44751610849102
107,13,n13,0.7005053899715529,0.06831152641046133,107.12235956344092
107,13,n14,0.6962040896633962,0.1016932715086899,94.27455172968692
108,13,n00,0.18010063027959824,0.044060547008240025,60.56206547774755
108,13,n01,0.2812365477883552,0.03218653192876072,48.9482729724428
108,13,n02,0.19828592801174624,0.018646212199968818,44.64938252927788
108,13,n03,0.22801814298771422,0.04544632065452822,44.872446426431424
108,13,n04,0.18313427830990253,0.04002552312079647,41.285262053233026
108,13,n05,0.24364744449745784,0.028742979999452845,36.52870017182824
108,13,n06,0.25564053325230995,0.03283442906360816,38.90397172255168
108,13,n07,0.25479764098886665,0.04813695739208829,48.301855798721306
108,13,n08,0.3217365059695537,0.014890012106874672,42.893188953220154
108,13,n09,0.218661139772849,0.031665962361891065,43.458077781334616
108,13,n10,0.24079167391613,0.04251849471503695,38.95219724155226
108,13,n11,0.2159945570211097,0.036283255211121294,39.65969425348608
108,13,n12,0.20312910209784457,0.024749462122555944,49.69710877402124
108,13,n13,0.26230745137861333,0.019765349848366035,48.08865243566145
108,13,n14,0.27666015285284024,0.0256376021424144,54.22530894765575
109,13,n00,0.8280276698701103,0.06342800383718603,109.15050081862682
109,13,n01,0.7531532948618346,0.08885263940239745,100.05215631332143
109,13,n02,0.7387143651444659,0.09844988927504289,119.70976978204877
109,13,n03,0.7613569875597513,0.0827602462865266,101.72627446217616
109,13,n04,0.7350125281025012,0.0623406555889127,108.68270175168321
109,13,n05,0.8395602301382855,0.08909312965058255,112.4815208320545
109,13,n06,0.6310439894503687,0.07419867044100438,105.01332840101372
109,13,n07,0.7850442857287849,0.10121776809581509,117.33600595545144
109,13,n08,0.7054230082527214,0.06589819078259206,104.0537773564274
109,13,n09,0.756744716824526,0.06933020413553968,115.05404238802123
109,13,n10,0.6867226015483463,0.10519661204076995,120.81200192129744
109,13,n11,0.7291630156690425,0.09688120742610519,108.92017389289657
109,13,n12,0.6720567784628635,0.09014437104204608,102.17284876342576
109,13,n13,0.68327060070068,0.08739397743283187,111.78951822237134
109,13,n14,0.6829951911494314,0.06778333647857952,117.13983902290863
110,13,n00,0.7794615512524347,0.09992148032063575,112.06989942165981
110,13,n01,0.7191678858097772,0.08567859070690764,99.69420364595935
110,13,n02,0.7232806975401805,0.0926900470891075,112.8840570310652
110,13,n03,0.6888985391775627,0.0786548751468385,116.64321589030888
110,13,n04,0.7182433389011521,0.0923505486592408,103.59301934890513
110,13,n05,0.7499665767048872,0.052312004890574554,113.61251308787428
110,13,n06,0.7911959746733264,0.06663029427407556,103.30157041138263
110,13,n07,0.7274816015535388,0.093871675371493,118.55278469060835
110,13,n08,0.7514235441552483,0.06626962699014463,103.54273634084979
110,13,n09,0.739253413519371,0.08628432464321696,111.75697370951245
110,13,n10,0.7069395164661259,0.0970285066558314,90.27544366437486
110,13,n11,0.6940372630178018,0.08772452875406306,113.40528622727254
110,13,n12,0.7120837525733685,0.09112692388353731,108.88809169972247
110,13,n13,0.7387492528774563,0.06689884870659175,113.74053632479121
110,13,n14,0.7388442449299567,0.07139362637430392,121.3899438990965
111,13,n00,0.258672398636074,0.01031998845171132,35.61677271083203
111,13,n01,0.25197698084252856,0.0218240755947192,38.91193999755839
111,13,n02,0.2644855221101395,0.030676779406658812,35.25638779170336
111,13,n03,0.29517915857327615,0.05060133206644496,35.16030486239474
111,13,n04,0.23594075063586073,0.020732399086421268,59.74659330074377
111,13,n05,0.27974787003868584,0.019066252364815104,60.35160128613915
111,13,n06,0.27555268273359623,0.04278443157765467,34.818550786650576
111,13,n07,0.24756398864259227,0.023474392015192767,37.25465552686542
111,13,n08,0.30931843618661453,0.03964125114386251,53.556641140504226
111,13,n09,0.2956756646392493,0.044325376068699955,37.728895862734724
111,13,n10,0.2248943802696531,0.05451697502579213,52.30771436219746
111,13,n11,0.22852229934474672,0.017861907690890404,35.81586774554089
111,13,n12,0.23706723118932818,0.012816034617818956,46.58642081284709
111,13,n13,0.2808946250703615,0.03181272144155532,37.33927232200978
111,13,n14,0.25129732183608033,0.023816819251477696,42.52885622535539
112,14,n00,0.24938252445687387,0.04048309980006008,54.46360440739861
112,14,n01,0.2207675555383536,0.035130688988575805,51.21818047259762
112,14,n02,0.3228227468638215,0.03266988685498745,40.979500458880146
112,14,n03,0.21542445177501643,0.0321098243354456,44.382773548494974
112,14,n04,0.24827100453002693,0.02842718560923305,48.7879792187163
112,14,n05,0.2801761364668099,0.00659499766374675,46.098456167269106
112,14,n06,0.29197023734675087,0.04606822087368764,57.52168004571288
112,14,n07,0.24119497592514086,0.03073989454581836,46.03886278006501
112,14,n08,0.21846869001046676,0.032251917558542,59.97318862411794
112,14,n09,0.2640444388852118,0.01344485985579508,54.92278645195666
112,14,n10,0.3012614674775659,0.0312878654790113,42.71997121825572
112,14,n11,0.28243856145176327,0.022115675801810612,38.582248243549465
112,14,n12,0.21641793487047925,0.016329115850873956,51.150140997971356
113,14,n00,0.18697530325155054,0.03583706975390394,44.67438017370178
113,14,n01,0.17095775917157252,0.02254220681456097,44.50326709874049
113,14,n02,0.31714551829083115,0.029361809900005413,50.55211982530041
113,14,n03,0.28602683377928173,0.020711340583708972,46.39826860422638
113,14,n04,0.27525941696377987,0.012111419551463776,49.97505756435279
113,14,n05,0.2287672877371352,0.04232803630009423,42.736786003330685
113,14,n06,0.29727254690470073,0.03565186691265866,39.74296340900116
113,14,n07,0.17401571413579828,0.03628830070608663,48.331518503468395
113,14,n08,0.28676885663832463,0.020042897823282287,31.704596537169962
113,14,n09,0.3277888900077532,0.0199641205499739,43.45954468260296
113,14,n10,0.14684001417029752,0.018349258004483227,48.36456428403437
113,14,n11,0.23062989988629495,0.024501684680600617,60.80385504863317
113,14,n12,0.23468450076117192,0.019293556530544653,53.995223953063025
114,14,n00,0.2332368002005932,0.03697818971433303,42.92491010515047
114,14,n01,0.2538103618716874,0.017730445278114335,57.769681638779446
114,14,n02,0.14820482637510068,0.025500934065434896,57.772545125760885
114,14,n03,0.24354646183520634,0.02278425283276715,65.45733995653771
114,14,n04,0.24035647782660924,0.0084186252801268,45.76273794525842
114,14,n05,0.2194964348304247,0.030710594965348798,31.776267254402484
114,14,n06,0.2825874471359571,0.025381425434240087,36.1832619907857
114,14,n07,0.2174681706317771,0.037900794834869994,32.63717428625699
114,14,n08,0.2654392590688074,0.010837945342419848,49.50092984693612
114,14,n09,0.2851489710175279,0.03058600405485722,40.555117376016135
114,14,n10,0.271761734115876,0.03893420292519166,28.9552925268827
114,14,n11,0.17838553150127628,0.014425918326811926,48.88196748639771
114,14,n12,0.2241173358672424,0.04649501641111533,57.93884489055733
115,14,n00,0.2263669673065052,0.013292610265985015,46.5178999959503
115,14,n01,0.2713184898967208,0.023791087192518132,38.76296344101135
115,14,n02,0.2079724775125604,0.03170957163853597,40.80496392043209
115,14,n03,0.22106549959574817,0.04848490518517078,41.517511343872755
115,14,n04,0.2623994182550263,0.03836134205885321,55.59603996604284
115,14,n05,0.3398143121584981,0.04307278218015402,44.228208025718004
115,14,n06,0.2919291021996885,0.04078391464157853,50.77652776800943
115,14,n07,0.2973972365180094,0.023299615882793043,39.94735588446464
115,14,n08,0.30284211388554655,0.03809346474450309,47.428328224311386
115,14,n09,0.21095261475688643,0.008094916478815477,64.32217445126626
115,14,n10,0.20513221371808768,0.03042958925521854,46.719076490285296
115,14,n11,0.2775736737565336,0.04515793120258972,55.64724404891437
115,14,n12,0.31346161110663784,0.02864661733673057,44.987875348225955
116,14,n00,0.27839830453292386,0.013551956475596476,43.56696272625213
116,14,n01,0.245074055081176,0.02845227263094234,62.24340313644106
116,14,n02,0.3361458625398662,0.04641364481209202,41.91129291991081
116,14,n03,0.2862591560318989,0.018449475222618472,33.06592863945533
116,14,n04,0.2823871889747193,0.031322852847086746,34.84424927013741
116,14,n05,0.2770225116308838,0.01183577833289972,50.1844295049135
116,14,n06,0.2605946407291866,0.02817778480504775,50.732741595425566
116,14,n07,0.2766283944304619,0.016616564172582626,56.94342494344569
116,14,n08,0.3071971875315134,0.028456160504932184,28.043705080030723
116,14,n09,0.22895891208841174,0.019919981606559903,52.242511642406
116,14,n10,0.21773304525741316,0.021474853200626406,30.345032024500448
116,14,n11,0.287082953408772,0.039583947938983496,49.446022569859004
116,14,n12,0.26048552327367713,0.017177551846344834,44.35852636258327
117,14,n00,0.7349975152972316,0.0825033399927188,102.72070270101926
117,14,n01,0.753414398358228,0.073006506715615,115.17755325351544
117,14,n02,0.7542272956035028,0.0830769865588559,96.72543657717124
117,14,n03,0.7317990945493754,0.06517528626206398,105.40263585619878
117,14,n04,0.7838236677027968,0.08238121101061521,106.8424631553339
117,14,n05,0.7392633057980738,0.07947812102313939,101.59319941680984
117,14,n06,0.7108677384607667,0.08218781169784671,107.6511168758561
117,14,n07,0.6709219239387797,0.08742102251755336,117.42508307443308
117,14,n08,0.6915402387791263,0.0509062376874007,103.86951703921325
117,14,n09,0.7315855270257092,0.06878194439999277,105.32538355994795
117,14,n10,0.7011975956180934,0.06917054125505473,118.65973507048946
117,14,n11,0.7248384302984228,0.08260237026803251,96.39192055261411
117,14,n12,0.6863502376709538,0.0716217681064736,116.32484980176447
118,14,n00,0.2747846537272162,0.04978058703719333,44.61465564036805
118,14,n01,0.2273967638652556,0.029142971917001107,45.63980422612475
118,14,n02,0.2594235319872538,0.040256315682306525,34.16490566779319
118,14,n03,0.244686548377449,0.015336480070539027,41.38669277737458
118,14,n04,0.2683522174817913,0.02449197792567254,41.80996865918523
118,14,n05,0.331036220607174,0.06071320046463864,39.33288582485546
118,14,n06,0.24528431235581435,0.024904353994668275,38.24715359756897
118,14,n07,0.24718048284069843,0.017921914292198214,47.56850175089982
118,14,n08,0.2170809318321788,0.02036260996742327,41.400634956109656
118,14,n09,0.26730476142099746,0.03711873542691617,52.602804544749006
118,14,n10,0.23614461917630433,0.03441474848252535,40.39486523368474
118,14,n11,0.2930336153401631,0.035772929908345436,51.53320270538145
118,14,n12,0.21974170739993515,0.03308689773210348,39.290795291249324
119,14,n00,0.21516893095671455,0.02548365454142866,40.09799934424996
119,14,n01,0.24563386633910392,0.05051165476544181,35.03577730842444
119,14,n02,0.20370858351538276,0.02507317620287338,43.50002438538393
119,14,n03,0.28335375079172054,0.024243201879087926,42.89278546294722
119,14,n04,0.29849296293773286,0.02070057180103923,36.59325474549274
119,14,n05,0.29727697348827997,0.009321555483285913,51.64092203856001
119,14,n06,0.2274483127041152,0.03901806714220779,43.26065241244452
119,14,n07,0.26477345558285104,0.02739737604703673,40.73307967704282
119,14,n08,0.27198611800130873,0.038992779288667456,43.38256254596852
119,14,n09,0.26675914096979914,0.03127741592047444,51.22912766699078
119,14,n10,0.25293202106694446,0.04469710526462263,34.611906762238426
119,14,n11,0.2667094810458278,0.009556001562467345,49.85468030142907
119,14,n12,0.23467621067523944,0.03228070102511965,43.93133531790264
120,15,n00,0.3340177611200632,0.03869135871665051,58.22470065185428
120,15,n01,0.27742276362812057,0.04347769301782898,41.28418803608623
120,15,n02,0.22660351917875515,0.019055623556211276,63.31395048494747
120,15,n03,0.3149326807958349,0.03042640472474769,46.73544102794614
120,15,n04,0.2530045895237761,0.0076104829203689425,42.7309904815907
120,15,n05,0.2602816511155564,0.03484333806552385,42.493233775125546
120,15,n06,0.2648204130548054,0.027363628351531426,44.53797385653298
120,15,n07,0.3174756166966771,0.023225920967514156,60.95728789410934
120,15,n08,0.2724548099431888,0.037172647354270456,36.1077968761555
120,15,n09,0.21999308176888377,0.05384816325625794,47.8038300727802
120,15,n10,0.342348800632607,0.017997995232490148,45.673525253979925
120,15,n11,0.275587573527958,0.03037064505063769,37.47326168513907
120,15,n12,0.2234444368865744,0.009093129739923243,50.45750445763767
120,15,n13,0.21582889741015626,0.03530275159043643,39.78152254569919
120,15,n14,0.20749594140125296,0.024688579744030142,63.182710982460215
120,15,n15,0.2883194625194368,0.022459245280378817,46.3106023766786
120,15,n16,0.30799623591148634,0.022556216616717965,51.22240590982679
121,15,n00,0.732337249635907,0.08556830207516274,100.90631927723291
121,15,n01,0.7738148635981154,0.08770817253087224,109.61924935911739
121,15,n02,0.6637517706819807,0.07451245728199304,91.5001261239161
121,15,n03,0.671901339523098,0.0919506719745091,113.88310133603235
121,15,n04,0.7287793700568028,0.07930935212834693,109.38418532405703
121,15,n05,0.7501444654472824,0.04807113838441654,96.70644211349148
121,15,n06,0.6676526079480913,0.0739847137866524,114.90914479862406
121,15,n07,0.6909411636468246,0.08343450988314842,111.53719662182769
121,15,n08,0.7699153265859457,0.0876940022424247,106.53626393767018
121,15,n09,0.8015146328965259,0.09836937562727383,99.84354624034533
121,15,n10,0.750543120993949,0.057601641864934855,112.2592761285041
121,15,n11,0.7290697985109644,0.09209082187871744,115.80961428868001
121,15,n12,0.6787551827801569,0.052202230779173756,117.62809359199588
121,15,n13,0.686068636861067,0.09946200397350906,119.37619791103273
121,15,n14,0.6538192533291638,0.0875321440836882,103.17157413024377
121,15,n15,0.7725749810060392,0.07997792117282926,100.1658693050453
121,15,n16,0.7388473932419057,0.10593896249759942,112.74759828780427
122,15,n00,0.30477353410010793,0.02901092079005004,43.906384482205844
122,15,n01,0.2281885792985656,0.034629031541953965,60.21239247937183
122,15,n02,0.25566155619424197,0.05186235760617519,51.05171672569823
122,15,n03,0.28200674281486915,0.04572037267716607,62.02603875170953
122,15,n04,0.2811859325812954,0.03427145902615468,50.956666725636374
122,15,n05,0.2793655250911614,0.034405179043306144,60.29344303713953
122,15,n06,0.31243927875365907,0.028742053267193046,41.95840690939727
122,15,n07,0.21007898130355793,0.030946731968312234,36.96287248646574
122,15,n08,0.14626748574948156,0.03219864564992615,47.2271305704055
122,15,n09,0.2861009550317373,0.02839145718744618,37.925230929429546
122,15,n10,0.21943287314626048,0.029116352771122563,42.914282933861514
122,15,n11,0.22687329871422401,0.0155766558819206,43.47821201482491
122,15,n12,0.254456183557757,0.021568211120470165,35.91925683591441
122,15,n13,0.22536523641607337,0.05194760244779707,47.36849464343821
122,15,n14,0.17737377126046833,0.01083850099009159,39.18894300549354
122,15,n15,0.26442673248048937,0.020330584386335067,50.247368968188624
122,15,n16,0.2608282250547238,0.019448067148414093,35.822066777010974
123,15,n00,0.291140747937179,0.04231880298928451,41.73158376855061
123,15,n01,0.18380954844698907,0.058556881047703666,41.14096594189179
123,15,n02,0.1728733212774898,0.028355022437682953,40.291886662557566
123,15,n03,0.28301366626591495,0.03838073508025319,48.56425381895449
123,15,n04,0.28525712768139766,0.02970806592626407,48.86408843589036
123,15,n05,0.231617028378882,0.039622430089102295,33.19257961287485
123,15,n06,0.21323231484141447,0.017317419223791986,45.15801753588083
123,15,n07,0.18983787778172523,0.0445008863409319,42.74216408492218
123,15,n08,0.2697436498535858,0.029027026402584727,27.159389574724813
123,15,n09,0.2513250732698613,0.02301835639556433,42.792431310222085
123,15,n10,0.2824967727927963,0.04908692282279222,43.1812914275037
123,15,n11,0.30872319708312973,0.01821813070158656,48.39923162592162
123,15,n12,0.2652049770277861,0.02412174281275913,36.60180962374698
123,15,n13,0.28793701242876196,0.04329438472412658,43.23452495701799
123,15,n14,0.30605834343093785,0.03382322015418583,38.31509503981196
123,15,n15,0.3663442213469865,0.008568659662279272,32.778087967562456
123,15,n16,0.25680879433621157,0.024509302875391194,38.574531870673816
124,15,n00,0.3072887731608935,0.041229284097295815,44.59507975739067
124,15,n01,0.23400453997584686,0.02385236744078112,43.96034878217372
124,15,n02,0.23515352262264133,0.029806214159924332,35.23609430162546
124,15,n03,0.22455861422400747,0.05845989530472564,28.995899832145035
124,15,n04,0.2863883048903932,0.0331803325281559,43.88420093250151
124,15,n05,0.2324183453300161,0.014209610079225263,48.83214707782022
124,15,n06,0.21370722465232675,0.041578690366066984,32.056831685059095
124,15,n07,0.3441836986664786,0.015477527723250221,44.1034188595395
124,15,n08,0.2537579243867587,0.04964791489999644,39.41794221659493
124,15,n09,0.22457429805895643,0.011326094269370215,50.06723576820824
124,15,n10,0.27448200725119504,0.028204239801828786,39.69006070894702
124,15,n11,0.28836920510549235,0.035532568968825104,50.462537813974116
124,15,n12,0.25087064004493775,0.03645535818613195,45.69054018349822
124,15,n13,0.2776490409197958,0.05201145843189442,46.328021909991776
124,15,n14,0.2915394562771481,0.024379990655284425,33.84481775857407
124,15,n15,0.2975495339078316,0.036035599254406595,48.62928731699996
124,15,n16,0.20534591929377538,0.016537330868229397,49.725638112240084
125,15,n00,0.760953881207299,0.07861934042439164,115.9338429724415
125,15,n01,0.7298176203058021,0.07083322799068996,99.25893277655675
125,15,n02,0.6615978939025212,0.08211495976612541,119.44477951614626
125,15,n03,0.7179190130892462,0.07009638368182732,97.00633983400576
125,15,n04,0.7222713998870098,0.08064337772990728,117.05842934798295
125,15,n05,0.6967996025163659,0.08248930089114624,109.65553897239472
125,15,n06,0.7574544998133307,0.0753453629208694,106.65367713281404
125,15,n07,0.7187806382329814,0.07118771916259473,106.70533873945128
125,15,n08,0.7322099995762729,0.1013229698010174,114.70568193592493
125,15,n09,0.7005622188975538,0.09275534559524468,118.49393610880213
125,15,n10,0.8073053531406541,0.08420520407526891,122.98941568096744
125,15,n11,0.685721521409516,0.07405730871609056,105.78857393635425
125,15,n12,0.6510510897207241,0.08849472971148056,105.02536370359135
125,15,n13,0.639342329516111,0.07311179194285677,113.35663845411699
125,15,n14,0.7255247603338197,0.08127740853507731,111.55119668995742
125,15,n15,0.6918834622696414,0.09197019328885417,96.20287292449612
125,15,n16,0.7302629210402137,0.07764503472637134,96.86311751245643
126,15,n00,0.2763032449744744,0.03318466312511471,43.87103102979523
126,15,n01,0.3045212271316576,0.03601750625565646,53.83793638328949
126,15,n02,0.2185221182927389,0.0388765706980486,36.76114752575251
126,15,n03,0.2666367106041963,0.029629757473113746,51.98859282969417
126,15,n04,0.304150173065879,0.019329576291067484,46.03610124659171
126,15,n05,0.1695025735478486,0.027189982341839405,38.168574426985465
126,15,n06,0.24088488795802446,0.04389800900015037,47.794007369315445
126,15,n07,0.27948311340274656,0.03189488817370953,34.47119858112556
126,15,n08,0.27514141961700117,0.025443726757910515,38.805940711108256
126,15,n09,0.26970059460989376,0.024885654830489337,40.33140649550504
126,15,n10,0.21491034318229768,0.033636033969419346,51.04271423339206
126,15,n11,0.3850542672814864,0.015187691251015097,36.80682702994744
126,15,n12,0.2909625674354028,0.007945900948064882,58.276401555541504
126,15,n13,0.23506439479423363,0.037938037001296034,46.318564873318465
126,15,n14,0.29884299025949707,0.012696363024283133,51.012357209756175
126,15,n15,0.24391897045476976,0.03176835347966052,29.268541362463324
126,15,n16,0.28990533279839775,0.01652208427645535,50.80127433631645
127,15,n00,0.24868684966737922,0.04399367011607819,49.42057968649064
127,15,n01,0.2807086266370204,0.022526731453018416,43.11953264701921
127,15,n02,0.2993423701756501,0.01886145931413544,50.73855213854773
127,15,n03,0.16215577935132675,0.022952233606687637,41.97269257756922
127,15,n04,0.17007579444072468,0.026202372464925697,44.496651264546
127,15,n05,0.2835762555820764,0.014698386393967958,43.83050167098877
127,15,n06,0.30612224644185326,0.021607817094954775,43.46534372355078
127,15,n07,0.2327120655616088,0.019977329225087943,53.180961155639345
127,15,n08,0.26639523833725853,0.032276360277687946,51.507022196325224
127,15,n09,0.2522665905277411,0.03751288365099683,46.13477933705623
127,15,n10,0.2774813251288573,0.06201294056144253,41.3529452273938
127,15,n11,0.17316715071224786,0.038994552012052375,52.3655450174267
127,15,n12,0.1953116003979592,0.008516058077343031,37.391388131287556
127,15,n13,0.2922985461225721,0.05021010937362874,38.40973088294584
127,15,n14,0.261542349801361,0.03199288916979458,32.86937095770841
127,15,n15,0.2592645591951428,0.019118845436671375,43.632021532996504
127,15,n16,0.21410049093820158,0.02912652230133709,48.68052824367273
128,16,n00,0.724324382087224,0.07543297514714864,103.32280403561488
128,16,n01,0.6527497325863749,0.08255170457245574,102.60302214274732
128,16,n02,0.7372457598364437,0.0758025484069459,115.77562429221564
128,16,n03,0.75337651489175,0.06582829898240239,122.42658197355185
128,16,n04,0.7516691545220888,0.10239777537699593,114.97202684635101
128,16,n05,0.7573800998014726,0.07940049542243835,103.05120780674339
128,16,n06,0.8263676564210924,0.07408276134907318,107.09540909064714
128,16,n07,0.7197205137861832,0.06982242729513133,108.13699856784797
128,16,n08,0.7643600627175409,0.09520390179761551,96.76476049074367
128,16,n09,0.6902955332475323,0.09875449930877198,114.39371261737853
129,16,n00,0.2668186013890554,0.04356489255052243,38.60229850735614
129,16,n01,0.270463706645219,0.02450766293402714,30.60046301641837
129,16,n02,0.23137182610317455,0.006957077015611112,48.843386006564266
129,16,n03,0.3295822771514093,0.04512865657393994,37.279300271257206
129,16,n04,0.21552085557697997,0.034462530196416284,45.86408157372446
129,16,n05,0.28177519563111775,0.013924701774154929,44.16004257053254
129,16,n06,0.20985779249245515,0.039346971392264514,45.90225873682297
129,16,n07,0.1918105334026413,0.03189934422587402,44.57068926408692
129,16,n08,0.3038009013517581,0.018095780360373973,39.30744839993622
129,16,n09,0.1967779658035334,0.04980039908219458,50.650803346516966
130,16,n00,0.2725886005680101,0.033448920436253915,38.338717778596305
130,16,n01,0.22649175685038053,0.010581597992199609,52.553264444977934
130,16,n02,0.3074630152129176,0.04193973052160767,49.410535040790876
130,16,n03,0.3157973528445429,0.009097485567272488,31.67094297619058
130,16,n04,0.24607163699390236,0.04635161921939322,45.89207566942476
130,16,n05,0.17741728670344067,0.03593113298310827,45.15978461569437
130,16,n06,0.26685097977818373,0.021153127655262498,47.474300219746844
130,16,n07,0.19050061688361586,0.02882166264521705,51.04774027493522
130,16,n08,0.23546902532221667,0.014889856514840257,55.91466780001737
130,16,n09,0.2810306475170604,0.019408183518448655,56.299254908061606
131,16,n00,0.32041488453617617,0.02706380254145834,38.07691323867688
131,16,n01,0.3051456778029879,0.03274227428440238,35.60571664914348
131,16,n02,0.25605923505108014,0.028966498044086526,49.51027403867589
131,16,n03,0.21298158943060325,0.028891780574938047,34.96096607899014
131,16,n04,0.2253118936279269,0.03705016940890786,43.66692123317647
131,16,n05,0.26006834127033096,0.02528226360856043,33.36590248948711
131,16,n06,0.18623558786116046,0.024921363574859554,44.19157466866649
131,16,n07,0.23863548380631208,0.03482154600000473,38.0276987916275
131,16,n08,0.24003310299028605,0.028387968318066753,33.97522801498851
131,16,n09,0.20262341118521446,0.02140470571552442,60.189798906056566
132,16,n00,0.7492326817987481,0.06403205789583342,104.09159934955395
132,16,n01,0.732616828245882,0.10487273106089363,109.64526257709892
132,16,n02,0.7195369251667563,0.06283190933733498,129.4728105815247
132,16,n03,0.6763129055781422,0.07940046899735541,100.55634283666092
132,16,n04,0.7136837396626113,0.0758304898657989,110.36979218127773
132,16,n05,0.7046863083558073,0.10144428652725426,103.41028510837506
132,16,n06,0.7384660825364289,0.07674776039702963,106.01176077828659
132,16,n07,0.6512532844266077,0.1008410703038482,106.22761670442493
132,16,n08,0.7589445694795363,0.08276900927150035,123.06591426422496
132,16,n09,0.7335233386633043,0.06575419447470122,107.02315389800316
133,16,n00,0.6969844157460361,0.08670463287906612,113.70090767177004
133,16,n01,0.7361875041961475,0.07205560480395577,111.65120207705965
133,16,n02,0.6954326882879988,0.0796360228478797,92.13422118042922
133,16,n03,0.7139978636811097,0.08055790945397102,117.98287071723979
133,16,n04,0.6897585403514971,0.07676467750279599,118.29688739073282
133,16,n05,0.6982329605513334,0.07173920422097724,116.33000628187385
133,16,n06,0.7028835291865875,0.08766487171919912,97.30087857543155
133,16,n07,0.6702904673305757,0.07786484985447324,112.01443507815743
133,16,n08,0.6126502210760657,0.07099491599442748,116.57860963466567
133,16,n09,0.7764992306911513,0.0706184357259359,107.3111973088325
134,16,n00,0.7372242971699272,0.08427499189415263,115.65925696452939
134,16,n01,0.7645178785413307,0.07171514640243615,91.7445050622215
134,16,n02,0.691612752123457,0.04527817041537161,103.2307175237773
134,16,n03,0.718329207213756,0.0719985915162181,113.09366259961475
134,16,n04,0.680829009386342,0.07481259153856049,102.95251346100902
134,16,n05,0.7386061868718535,0.07569243020813267,105.44090555471608
134,16,n06,0.7283168528028351,0.07907796254592687,111.40347782534197
134,16,n07,0.6756776678482191,0.09260258363914611,112.1115823940393
134,16,n08,0.7327053479293146,0.07896102652911108,116.21678101024456
134,16,n09,0.695660492729729,0.07069833382026847,97.03992355447335
135,16,n00,0.22545545316908264,0.026943980070530605,38.68527989470332
135,16,n01,0.1701182384439767,0.04823870897172583,41.61252845395459
135,16,n02,0.2572162304973518,0.034944283042801824,41.17446584939431
135,16,n03,0.2110075938997838,0.02893676475403448,53.55769582536034
135,16,n04,0.3006071915794518,0.02790842672912523,37.59119041386035
135,16,n05,0.1944920625828732,0.019087959857798167,40.45452928738123
135,16,n06,0.26862265554569303,0.01747732317026756,31.9509230975181
135,16,n07,0.2089636387093804,0.03190364622349114,37.29664636405387
135,16,n08,0.3527805276726147,0.040922364447639116,33.92166489241174
135,16,n09,0.2099385452376021,0.05372044034274151,33.52732211548881
136,17,n00,0.6515854415250774,0.08197997662458514,104.27049452370093
136,17,n01,0.746484483436079,0.0692225642870434,101.67514224016597
136,17,n02,0.7139758950249221,0.07366914534109764,105.07303202909421
136,17,n03,0.6861240649505045,0.07272402995407867,113.11618089162337
136,17,n04,0.7796390222652663,0.06863857605819193,107.41308660260977
136,17,n05,0.7126689892045308,0.07571341648679131,114.47171865487262
136,17,n06,0.7654897559523899,0.08440328953170251,102.63418774142754
136,17,n07,0.740937535967325,0.0912726572397458,111.24085763024635
136,17,n08,0.7374356121872596,0.0843188470581178,107.18807374567612
136,17,n09,0.7015612286044866,0.08250569575924689,111.68532162420081
136,17,n10,0.7149290414425158,0.08524432684971205,118.33582687633519
136,17,n11,0.7042170075846953,0.06862645717103759,113.6514805343742
136,17,n12,0.709008306770803,0.05393084416870514,111.54749523091819
136,17,n13,0.7591004492965792,0.09157984296787278,112.91067283700589
136,17,n14,0.7905876458258025,0.06006494935936568,127.03805638561829
136,17,n15,0.7356476518538381,0.08113337353131192,120.22650961198781
137,17,n00,0.1528545273723575,0.029815289881411293,46.764539723778874
137,17,n01,0.2047538434312695,0.039356412285247694,44.64829710485483
137,17,n02,0.2105633006934691,0.020207025469456984,37.099166981383235
137,17,n03,0.292595004104678,0.038166174415778645,56.14063119116946
137,17,n04,0.20955068076336564,0.031149875124738182,38.11201492692649
137,17,n05,0.32706926633161865,0.02916809615377913,38.56212294206223
137,17,n06,0.2138996150139996,0.047038238056587675,35.91582101495265
137,17,n07,0.2763683677271405,0.026703273862399412,41.17105217814181
137,17,n08,0.24163128956564037,0.03575151500840218,40.10271876867784
137,17,n09,0.21400769598735733,0.038406101277004674,44.003706566110964
137,17,n10,0.27774983124129077,0.019870647225732757,41.81650716897634
137,17,n11,0.21596540575179735,0.03859636142664893,37.83068209422207
137,17,n12,0.2802008825628103,0.039535685055411274,42.645758770584585
137,17,n13,0.2500768642834716,0.0031316887395607673,52.50067899992319
137,17,n14,0.23828311796406307,0.05095977254382224,45.052366764805456
137,17,n15,0.2882436678233081,0.04087844246738476,44.74673783799252
138,17,n00,0.22066479435849554,0.02213736765721902,54.36305661460641
138,17,n01,0.3032808752847654,0.030056625419537155,49.396586897983994
138,17,n02,0.25328267274597815,0.024367089099888176,44.100669708660305
138,17,n03,0.22546964821151014,0.03413030489776762,48.41270314761895
138,17,n04,0.28238922380215403,0.03522485321497531,44.157802429887184
138,17,n05,0.2512006448168874,0.017535545718364194,31.079309278134364
138,17,n06,0.22768240596976372,0.043584386241125095,40.832455014859676
138,17,n07,0.249650095920538,0.02505045753864251,45.99787581599449
138,17,n08,0.2710193234918077,0.04691112689793693,45.01917161282026
138,17,n09,0.2370586954998287,0.04019294731105062,50.71920324031851
138,17,n10,0.21127802332672482,0.030192683591934243,38.2811943518915
138,17,n11,0.36653941818600855,0.055714434226284304,34.225539866949546
138,17,n12,0.2469155575951742,0.02747814695864365,51.7126327666932
138,17,n13,0.2768670541405907,0.020225424247592418,40.49511705736697
138,17,n14,0.22692666216445384,0.024726524265167034,44.38873290711383
138,17,n15,0.2559286417321835,0.00382455978672357,50.26319581852537
139,17,n00,0.24822564523658439,0.021823329169670565,49.213732248265
139,17,n01,0.31021401132711235,0.05249119921573209,45.326536091280616
139,17,n02,0.1836623818214076,0.02581583356352789,47.85870354658082
139,17,n03,0.22060878004838086,0.03578733843297847,55.2493112583432
139,17,n04,0.2616260537548816,0.04325808083288857,47.70960027152634
139,17,n05,0.3038428757241397,0.03487113332872016,40.76413513739747
139,17,n06,0.27786847870010006,0.039340204807073745,55.17356832758824
139,17,n07,0.25168477500342107,0.02249541625253342,44.407097176895206
139,17,n08,0.24464283051808963,0.054905170844414826,55.45329374589256
139,17,n09,0.2828376317059157,0.0304598515189328,38.93794383959943
139,17,n10,0.27475359241536995,0.04720014948607985,56.186981054626145
139,17,n11,0.27916302367389795,0.04156786059259927,48.339641518836736
139,17,n12,0.15676636244463987,0.027321089037836914,53.307208378262274
139,17,n13,0.34039695481219634,0.013880883928679654,33.199777110462506
139,17,n14,0.2255793486301148,0.014382815561516006,41.61882954970265
139,17,n15,0.2088401306711575,0.01577624131005134,29.628346332371944
140,17,n00,0.7060385826678693,0.0792511586621203,103.69651007520638
140,17,n01,0.6262895887354303,0.07861122188125669,102.46330320658657
140,17,n02,0.7019893014693341,0.057059486708874965,104.74779175873068
140,17,n03,0.7472594770389849,0.07439264468627207,123.13857390000985
140,17,n04,0.7522478172449182,0.08585373902434527,109.33306240730869
140,17,n05,0.7399409396620663,0.08969388532173446,107.88264199027093
140,17,n06,0.6809527178210188,0.0942606469140288,113.21030430874895
140,17,n07,0.6822856046766828,0.09135481818526535,111.38539858987613
140,17,n08,0.7551058878835745,0.10305701312260128,113.3404806634075
140,17,n09,0.7209100455634974,0.1049046555362122,107.99887360428762
140,17,n10,0.7774429477808774,0.070122000554995,108.72293613302361
140,17,n11,0.6779078143387249,0.07920441039142392,111.64327373094909
140,17,n12,0.7108296578490926,0.08377973688106581,109.56302610965021
140,17,n13,0.7300806825551883,0.07474058775702827,115.73994499649224
140,17,n14,0.6717254653057978,0.08036830304511171,117.98785409733962
140,17,n15,0.7668679881287549,0.07206169448768883,104.50956296956006
141,17,n00,0.7436817078209353,0.09333392977036094,109.74957943110707
141,17,n01,0.7099529268040238,0.10197246884501658,116.56547872030211
141,17,n02,0.7131879032775456,0.06503273641621898,99.28244703660832
141,17,n03,0.7535090095805946,0.09480315661618105,113.22460664774525
141,17,n04,0.776269460556225,0.09980021717650957,107.27454721778378
141,17,n05,0.721395537819442,0.07957934449126494,97.65270517680429
141,17,n06,0.6752905004568323,0.08440962565008027,114.1981057688098
141,17,n07,0.7441255600962846,0.0711821520798243,110.69629119457929
141,17,n08,0.6340067681744367,0.050019190631903215,121.41662553218822
141,17,n09,0.6836983865723848,0.08797993193690279,100.77675110933086
141,17,n10,0.6701614589386342,0.09899749101837457,116.66024877291703
141,17,n11,0.7909945591425038,0.09474172710974632,123.12406594984158
141,17,n12,0.7895697348484458,0.09508878948785604,124.34636151838316
141,17,n13,0.7349535909355682,0.050101985033000035,112.76966030658987
141,17,n14,0.8127106993323787,0.09160304692161209,113.0491157323459
141,17,n15,0.7759887184651819,0.08589528945548296,100.80502358291045
142,17,n00,0.6806397085020417,0.0845404633006184,100.65564991748062
142,17,n01,0.6495594143068433,0.07837503827517582,107.43634427216769
142,17,n02,0.5480713731161538,0.0749306256863555,107.83238794324075
142,17,n03,0.7440205640222933,0.0865114307856329,104.92979462400177
142,17,n04,0.6728764050218987,0.06812891792006315,109.86718355963923
142,17,n05,0.6744175969115234,0.09316914809448446,128.85986455050224
142,17,n06,0.7336501546010388,0.10505871881880427,116.58806531777097
142,17,n07,0.6331279037515306,0.07352137582071629,129.66666601324735
142,17,n08,0.7261314307978222,0.07689495655598087,109.97599395829475
142,17,n09,0.7628800694021708,0.08198402020945826,92.05193403232974
142,17,n10,0.7124121649489907,0.08043139786753593,113.08455166516846
142,17,n11,0.6648253555945467,0.06772427211244339,116.21027881723863
142,17,n12,0.696112611509073,0.08532976457285961,112.71413976489562
142,17,n13,0.7337664007219081,0.08238683426024436,100.23370750162925
142,17,n14,0.7217487114464854,0.07424591965082586,98.09842740261169
142,17,n15,0.697910723164579,0.09555381523258102,118.67365099587784
143,17,n00,0.19468045097108405,0.003532823997215599,48.916648015604316
143,17,n01,0.26778471347622235,0.026260923428645527,42.10877869047063
143,17,n02,0.23100958338242142,0.03697242801917676,56.93664645209448
143,17,n03,0.13645565829635323,0.02116337521265947,30.88103990157914
143,17,n04,0.21826955399322404,0.023930809851909818,35.602976646197845
143,17,n05,0.30932453709431196,0.0254911480722625,53.820114979364405
143,17,n06,0.19248926689292842,0.013932077518149504,47.10917910313392
143,17,n07,0.2483452531625508,0.001216302558109443,58.06584304937836
143,17,n08,0.18610016451135458,0.02409704419561376,51.547476729009894
143,17,n09,0.3234813533215495,0.024064186918091673,29.619829923636566
143,17,n10,0.32796670997465166,0.013821216002488253,45.07011507720378
143,17,n11,0.18494866944147298,0.021609832527728686,39.27922804144214
143,17,n12,0.18269024278450005,0.0479559044342718,31.441601510673095
143,17,n13,0.20500080935908482,0.031172212881276952,54.962709328610494
143,17,n14,0.23729312989811796,0.04576311555850246,56.207862814366315
143,17,n15,0.2623723989483598,0.017028447354219114,63.78174696938658
144,18,n00,0.748549966394598,0.0776067890313098,97.1826415273107
144,18,n01,0.7007936533102841,0.07572321808428656,109.15042899102005
144,18,n02,0.6789072726680787,0.08513281064023126,102.68115902745892
144,18,n03,0.7261815242214912,0.08666140027100451,103.78485439031834
144,18,n04,0.7654430517356968,0.08709398596137144,112.72403681951427
144,18,n05,0.8092377049997982,0.07463825201469128,108.64365918049172
144,18,n06,0.6687534504725468,0.09723798274222982,113.54499645885515
144,18,n07,0.7172267473212529,0.06404966633535922,113.45676409284293
144,18,n08,0.7010165186656857,0.07521932679986404,100.92385449591957
144,18,n09,0.7338370752354713,0.10962290876420303,108.0087376671828
144,18,n10,0.6373257118577083,0.08595012145993669,99.12195993147498
144,18,n11,0.7138499473202351,0.07410008155920508,104.91369192789102
144,18,n12,0.6861893935457833,0.07945297845979328,108.93960939889745
144,18,n13,0.7516573099745132,0.056090686824774055,105.78684268041413
144,18,n14,0.7379374264197062,0.08628096387949596,121.7176105442922
144,18,n15,0.7745525827563846,0.06864412228170183,106.57849196594734
144,18,n16,0.7465460442420488,0.05932848010071821,107.3346489238154
145,18,n00,0.6982487316900832,0.08075920842417199,103.36185029202576
145,18,n01,0.6784647279771038,0.08751292161955622,103.69766081109891
145,18,n02,0.6587502208780247,0.1038540472255027,103.02859321075896
145,18,n03,0.7580780734923861,0.09822381009246417,113.98078675164643
145,18,n04,0.6920236059220595,0.09614625226593151,119.26393031110108
145,18,n05,0.6932782755280555,0.0840219305873605,114.82251035411714
145,18,n06,0.701298214999306,0.07993367458406767,116.7358991122228
145,18,n07,0.73122378780345,0.09586323142825123,113.55598717404315
145,18,n08,0.7271078722149319,0.07426646077391481,112.36180037843171
145,18,n09,0.6509251766419575,0.08752566702633079,117.61892566607435
145,18,n10,0.7620424661303518,0.07510108513325978,109.03575235891199
145,18,n11,0.7105917906846548,0.0722192514175444,113.04377583064475
145,18,n12,0.6729297871089389,0.07779285372519866,109.18386544682006
145,18,n13,0.6970848683402229,0.08338874510526971,110.94939040880047
145,18,n14,0.7213003677890444,0.06888942144846597,110.22599334275311
145,18,n15,0.777666019306699,0.08235610863927495,107.70849751018744
145,18,n16,0.6538633940721715,0.07857976502119467,123.84832477930847
146,18,n00,0.2935629551189653,0.037542251583172134,45.8292857593392
146,18,n01,0.21832747511194814,0.029744598391155,57.23826825054299
146,18,n02,0.2824836026711983,0.045742209399026484,53.95088816292398
146,18,n03,0.34834642781116976,0.04235370244165391,56.54146254714379
146,18,n04,0.22152996547012271,0.04287772213237733,55.139269664602196
146,18,n05,0.2714094017736155,0.04245068393182556,43.66494767485041
146,18,n06,0.29451779180196164,0.025473535221202576,39.443489349281265
146,18,n07,0.24559313516449321,0.03707146817888323,48.556716599362815
146,18,n08,0.24051510929837966,0.012036028264481163,40.18042444999596
146,18,n09,0.17379131611082207,0.024093148335721466,54.00578473447004
146,18,n10,0.23833134408923437,0.0394071749094813,33.22751689763983
146,18,n11,0.2049134916553526,0.03577074545730532,52.552109400086586
146,18,n12,0.22842654010450802,0.038322534142635825,34.5433251749261
146,18,n13,0.22756175903298081,0.02927437848247614,45.6182666014556
146,18,n14,0.27961631849914514,0.049142875877178804,35.8253938481196
146,18,n15,0.33951211649626384,0.00971801812616634,40.98236419839529
146,18,n16,0.21914472846326255,0.0254381508412178,47.37425074456779
147,18,n00,0.7142696471079597,0.0985629172808913,108.0558638944836
147,18,n01,0.7231662170984017,0.061793571178804636,101.02759223720567
147,18,n02,0.7665730851765149,0.07305544194580364,103.2599756298283
147,18,n03,0.7561761160481488,0.08576924642660316,113.78924885324913
147,18,n04,0.7060321340069629,0.0727660485140896,111.66182927581083
147,18,n05,0.7353551170928077,0.06846476769616494,108.01283541201296
147,18,n06,0.732458512819845,0.06005720428025675,93.4975599815944
147,18,n07,0.7694087176959413,0.0808692690757185,105.82943692005449
147,18,n08,0.6910758119059696,0.08700880964885074,125.13978968364452
147,18,n09,0.714147167351253,0.10555114068006785,101.38863593991339
147,18,n10,0.771415992297465,0.07421279383437879,101.91841946048555
147,18,n11,0.7521914059304476,0.07090387909805237,114.66047478003466
147,18,n12,0.7641692325621932,0.08370273947535853,117.78417272928863
147,18,n13,0.7767303318870804,0.10514847161769714,109.01477178868586
147,18,n14,0.7123473028588613,0.06510026915953869,119.12288246633906
147,18,n15,0.720347229754383,0.07513440023540414,114.53228115647134
147,18,n16,0.7710508300149679,0.08809780254388469,101.70623703503324
148,18,n00,0.34767214434641297,0.02445226433649064,56.935489605686975
148,18,n01,0.2854339444274546,0.024245742417268536,43.49978920964943
148,18,n02,0.1882047424838249,0.018401810817565766,44.22063989349048
148,18,n03,0.24717846598742524,0.04048475384760944,32.04896901296958
148,18,n04,0.3011156388244045,0.029878507736691116,45.97849742914123
148,18,n05,0.24971275753582148,0.03227712068575008,44.90775725729885
148,18,n06,0.22183168098365252,0.03623627293965708,40.11223590729791
148,18,n07,0.22982168225483635,0.030664076262725336,48.311451242161375
148,18,n08,0.3038454468206498,0.014560236689727552,45.420611696805075
148,18,n09,0.28739517506200185,0.03919472861317672,47.1880255156504
148,18,n10,0.2562472418080487,0.051897493708516804,33.35495806008251
148,18,n11,0.3035814070314974,0.024057320557109615,58.979197927836665
148,18,n12,0.2835822318585103,0.045364663302513035,55.04348182934942
148,18,n13,0.1833448087425179,0.014823617213174123,37.12503312850222
148,18,n14,0.12638774162818095,0.020682770586204356,43.69417073837096
148,18,n15,0.2347007907365183,0.030840770414813774,59.48949612314591
148,18,n16,0.17010581621087079,0.03567513850690849,44.95962722157371
149,18,n00,0.2546244975203325,0.04100536030180129,43.62491905380375
149,18,n01,0.2410262201357269,0.02951776430432673,50.8819957052872
149,18,n02,0.3434820454167367,0.017684544902797916,60.551345861496934
149,18,n03,0.29418430704166887,0.030917778905106132,45.510424048983765
149,18,n04,0.25280069299213653,0.030609166076092986,47.022728020058786
149,18,n05,0.2921987108778239,0.024030164742496016,45.467513316787404
149,18,n06,0.2048765130346798,0.023809913127304662,45.00176333510931
149,18,n07,0.24958265354979356,0.041640967550719415,36.222899619684284
149,18,n08,0.25031042515997914,0.0198861179335568,42.8889181114534
149,18,n09,0.24001475699607308,0.03264068983484557,58.846764344904166
149,18,n10,0.16486344675107556,0.034496030507952545,47.89548933442898
149,18,n11,0.27242400101009173,0.04517271504553925,47.694891208981254
149,18,n12,0.23941167252680245,0.00982388839616755,41.7875367544395
149,18,n13,0.2761129405336491,0.039792367164055535,48.0265229042931
149,18,n14,0.26329507887970865,0.016126217812366707,41.689761092581726
149,18,n15,0.3539245743371906,0.048264008861192066,46.528948009273726
149,18,n16,0.15737912209243674,0.010898765457444504,44.20191346067562
150,18,n00,0.7366537869236922,0.07802866585510575,118.24375689750732
150,18,n01,0.8787417730085079,0.08452155257296189,117.27971508627193
150,18,n02,0.7745767800230932,0.06685197460983597,113.05980028308858
150,18,n03,0.7152597950759709,0.0709684518773325,106.27746392255985
150,18,n04,0.7080222799752949,0.07572771148390717,101.85918227042005
150,18,n05,0.7125345852318024,0.08440622282152663,116.07818629878335
150,18,n06,0.7447050479507642,0.0741565298429756,118.85608553679754
150,18,n07,0.6840826649282876,0.07415029579153858,104.88381584054127
150,18,n08,0.7022495706632473,0.06781160059620414,117.60632934716611
150,18,n09,0.7725030073615494,0.058260355349316006,122.86288033334654
150,18,n10,0.7002568495129032,0.07231322848084346,102.96782558699792
150,18,n11,0.7800084467026623,0.09363476241421285,115.6201241023418
150,18,n12,0.7172135384658096,0.08662450888947011,100.59883270951404
150,18,n13,0.7616761729813283,0.06912820869291923,113.51864805610813
150,18,n14,0.7618297295510238,0.06571069900656985,114.60118200339225
150,18,n15,0.7517929298768159,0.08200960990495264,110.90185281862792
150,18,n16,0.7971807298655407,0.08074209931780053,117.20505212753676
151,18,n00,0.6689427482821787,0.07639509841286389,94.36434092442423
151,18,n01,0.7085783846024752,0.08623730768586199,101.93048255416281
151,18,n02,0.7365476904197248,0.07822052290544261,109.2548418791561
151,18,n03,0.7443655536021763,0.08607039558880177,115.49047211584299
151,18,n04,0.6961872219174456,0.0842959428541015,106.6165269199749
151,18,n05,0.6294021178985811,0.07244454156278075,105.4095956601206
151,18,n06,0.7650110501229371,0.08801109482864301,128.25079142845806
151,18,n07,0.779553062390095,0.07225740554752969,98.86796992981583
151,18,n08,0.7422264814165601,0.08602239467449174,116.81051553211765
151,18,n09,0.7137656287764579,0.07738018832123843,125.10622859472345
151,18,n10,0.7623664137159236,0.10284067209879393,98.74858124144708
151,18,n11,0.7349980948627877,0.07118939067196012,99.60101286485093
151,18,n12,0.7576306930014871,0.08918446071713201,114.56623863552073
151,18,n13,0.6515209346711288,0.07451719708999618,103.15802287703579
151,18,n14,0.7023875048902066,0.08445831849408061,111.24135537578597
151,18,n15,0.7818284486807605,0.06162540078799618,113.92538262551989
151,18,n16,0.6815411786812625,0.0697724919215466,122.33399987892174
152,19,n00,0.24186003224471442,0.04327648676871246,43.64858862021376
152,19,n01,0.2770099329123966,0.03382281390884226,36.14624625554997
152,19,n02,0.2953095934482866,0.009631469762353018,35.59132790101695
152,19,n03,0.21886779559691383,0.017677639012604194,50.845658067296355
152,19,n04,0.2067629766764661,0.018743755154578406,48.321752271847615
152,19,n05,0.28908642034715926,0.04647515882965622,49.999739481002074
152,19,n06,0.2262803870333431,0.03879448817471941,46.173069152609145
152,19,n07,0.25514694297049967,0.03223253080731357,39.840778523556594
152,19,n08,0.33953038563859006,0.019047915643676114,43.63298337388917
152,19,n09,0.2508843111040364,0.03826688328494963,49.2482571282994
152,19,n10,0.2566358636121329,0.032603092836160766,46.52502321482311
153,19,n00,0.2923227164923402,0.028167951547193874,27.233349988322264
153,19,n01,0.25460579801022065,0.04633009215481651,35.55883648641449
153,19,n02,0.16474427259716948,0.04404660214962798,28.166796345350804
153,19,n03,0.1928810899939616,0.03395084213777778,34.510586048839784
153,19,n04,0.28023127104359785,0.0,39.379160503057996
153,19,n05,0.3112272305522146,0.0391397450908738,36.49339590182558
153,19,n06,0.2682650805250014,0.05993590251420015,59.26349399987195
153,19,n07,0.21847257237989462,0.04619335453332255,43.99661894257529
153,19,n08,0.20920713878176042,0.022374391333087666,33.34673343953136
153,19,n09,0.299827920735058,0.02922682208515654,30.126394888925734
153,19,n10,0.28220301265946196,0.027286405644969088,54.4311305478608
154,19,n00,0.25949444378469183,0.0048019357872624464,63.04179275414391
154,19,n01,0.24519206872753763,0.026405410447228293,47.2567172410629
154,19,n02,0.23793566446710138,0.032015335180315053,55.05400823149736
154,19,n03,0.2556395677298279,0.024787361100406257,39.48097158538383
154,19,n04,0.20618781831808405,0.014800289526604808,39.382805985522836
154,19,n05,0.35007016440380956,0.032859799641241444,30.55024705938925
154,19,n06,0.21781367645881258,0.03729695740568507,49.3385719273235
154,19,n07,0.2001107990280274,0.022458388689562202,47.0325079652534
154,19,n08,0.2623680119387929,0.038908133607792744,39.2397993789485
154,19,n09,0.27284253539302566,0.002798602787608545,50.64307868230649
154,19,n10,0.18098050010756678,0.025874026501649196,41.09830201540644
155,19,n00,0.24001196785514167,0.0373371554176977,44.76775184387641
155,19,n01,0.2750633710660404,0.06359269296632283,62.40191578212692
155,19,n02,0.23827712999292616,0.012830445508228816,58.953676873065994
155,19,n03,0.2455175220719097,0.03082375689492129,48.351259295446695
155,19,n04,0.2174563564608109,0.049769283891218985,38.202873915107645
155,19,n05,0.30736536281212196,0.019406400178776914,54.308500149309914
155,19,n06,0.2558454397455748,0.03727201835417147,31.74402035222932
155,19,n07,0.220707079197275,0.01734350366035054,53.83923483219153
155,19,n08,0.25047206630640406,0.03691421434938282,45.09602520870631
155,19,n09,0.2546550443901768,0.03417239256043607,48.77288805586896
155,19,n10,0.2958493376915118,0.02523655946680694,31.673536706358263
156,19,n00,0.2332908281045076,0.036030979330800024,39.20777640491793
156,19,n01,0.20849937736800506,0.008139365748320936,39.06125652052025
156,19,n02,0.2511827367861628,0.021406493994573554,31.21695011056476
156,19,n03,0.20839854013354484,0.025044230797757222,42.4193083386212
156,19,n04,0.2549643069901987,0.016779447119382167,30.635186713439715
156,19,n05,0.30811799357665126,0.022804130119528792,29.86960508419906
156,19,n06,0.2587845167377436,0.043929492544653156,35.98284161985155
156,19,n07,0.22515761626892292,0.028027265856184768,33.39747250026595
156,19,n08,0.16969416324395456,0.054786436419200044,38.99345539302836
156,19,n09,0.17512488427004402,0.02014871677520952,46.39970254435202
156,19,n10,0.22774407578490496,0.031138471313258823,64.53420781578875
157,19,n00,0.6878890006406259,0.06678518442872866,119.34031257079039
157,19,n01,0.6710455124339182,0.06561704485089122,118.72766260951937
157,19,n02,0.6800592356457654,0.06692253203230489,121.12922137749115
157,19,n03,0.7546049653134965,0.0793007916015466,103.76651112557339
157,19,n04,0.6406081668894201,0.08655044944185203,124.23727463490468
157,19,n05,0.7404046806629677,0.07738108396175954,108.0536467357187
157,19,n06,0.6518241704373087,0.08234648147847004,112.38467163895403
157,19,n07,0.7885411561500221,0.06886574630482571,113.38144862683039
157,19,n08,0.7256795663792404,0.09601162196317145,104.45141305549679
157,19,n09,0.700846407740609,0.05502808686036294,80.62915149674764
157,19,n10,0.769897810297868,0.09154594077464694,115.12757988786225
158,19,n00,0.20744341059714694,0.02359443670895132,26.45274880312512
158,19,n01,0.3012837267832653,0.03872604546174552,27.124755651341935
158,19,n02,0.2775604965627956,0.008414687647806396,37.11374316414732
158,19,n03,0.2923836985864051,0.02652223602683145,51.06156646949609
158,19,n04,0.25525246175042277,0.009714285839030553,50.78666178293103
158,19,n05,0.17248634283013198,0.04229668645719869,50.905966013184546
158,19,n06,0.2213026700282238,0.03183834715360161,36.70320355975278
158,19,n07,0.2682044004622116,0.05755230763183113,31.90326630329671
158,19,n08,0.2908157915814889,0.036048346812977874,37.662628468686535
158,19,n09,0.40542215799396386,0.02138955532365759,48.56708195652135
158,19,n10,0.27201214320763106,0.028582248917211523,42.18093280849901
159,19,n00,0.22654467583609483,0.003545973642706011,52.01533673036324
159,19,n01,0.3230646417904344,0.025010830288040613,39.16140470779298
159,19,n02,0.24060415660726894,0.019521140395371638,47.8937283619673
159,19,n03,0.1484401001220724,0.05398106067447074,51.1704807713409
159,19,n04,0.32843818607203057,0.030767049310540598,49.716798677144254
159,19,n05,0.30247020091295995,0.04945706617906801,40.023093911255486
159,19,n06,0.1952190127613068,0.009823034359203932,55.20245303978017
159,19,n07,0.2700597889645964,0.026340339121391988,58.207134869331895
159,19,n08,0.20773815952872388,0.0047051439547005115,44.14834069863844
159,19,n09,0.2708050056273034,0.018735235741028762,49.434682611393534
159,19,n10,0.1790025827727969,0.02447174268252061,58.44094672461571
160,20,n00,0.2539755592739307,0.020125340622947817,48.691574110874576
160,20,n01,0.1970643969463073,0.022733873659184767,46.08670910775656
160,20,n02,0.25855210724063404,0.05401249701189903,46.46267959602076
160,20,n03,0.2194096268832872,0.022196803874861556,34.82325020316913
160,20,n04,0.25361860498500965,0.04146616438220393,61.915885199522535
160,20,n05,0.28323351193572827,0.018378715772543113,52.352883278869555
160,20,n06,0.2155360570065482,0.03925148918274654,47.7410058953422
160,20,n07,0.2921039710799082,0.020121497449346888,46.52346918675996
160,20,n08,0.24132547613498012,0.03699722067254178,32.66605457306099
160,20,n09,0.28686218470864816,0.047192296767903236,50.421820751418316
160,20,n10,0.24868905409698963,0.03194947083694054,50.11904469262809
160,20,n11,0.1945386445876653,0.030521168859188146,53.49728209004589
160,20,n12,0.23842162949006873,0.03751577865535219,48.12444436289199
160,20,n13,0.20544529329273417,0.020228759099179212,61.12686524805825
160,20,n14,0.2162759260393132,0.030355966729067704,41.551108944500406
160,20,n15,0.2602677459170357,0.028439643530286433,43.47838698793098
161,20,n00,0.2466343284009706,0.03929437093664248,36.96645173223935
161,20,n01,0.25037954909511034,0.026705964692859227,53.381526741319476
161,20,n02,0.2760772936945755,0.04492065853939404,40.593596831543074
161,20,n03,0.2067245120639564,0.027951968560811613,30.73854089929076
161,20,n04,0.24757034010517515,0.012946901040281025,47.0955891713543
161,20,n05,0.2624244925048165,0.02881120610138837,46.45973522630281
161,20,n06,0.24358764500200195,0.03828339822454842,54.98257474584803
161,20,n07,0.24745425381529743,0.041126122348292396,50.9119836652158
161,20,n08,0.2945834784745755,0.025686205698942848,57.99583932795346
161,20,n09,0.1982629598644359,0.01710592016195383,30.50674314496493
161,20,n10,0.24808963838278106,0.04712163244181445,44.5166958079778
161,20,n11,0.2921111178650004,0.032131025139907204,43.88794158096183
161,20,n12,0.30150838765010984,0.046751879963107604,43.05110694330156
161,20,n13,0.2238865170244906,0.018433200109904284,51.11840197245794
161,20,n14,0.24926152340236715,0.03989065650255849,31.11993020941423
161,20,n15,0.2604595872804712,0.0293266819738746,45.91687981555694
162,20,n00,0.7866952455680001,0.06354544810447625,111.47095865876223
162,20,n01,0.7467326320546918,0.08518402359271662,108.10029258577774
162,20,n02,0.7113763786799242,0.10159826758503504,109.45665924228764
162,20,n03,0.7116420355452326,0.07447634713807559,116.11300711718668
162,20,n04,0.7115009883163083,0.08024457458383273,112.92783635312726
162,20,n05,0.7203958699088038,0.05448512412807286,102.08716972162478
162,20,n06,0.7292940242511399,0.08466340958530191,103.05996788601239
162,20,n07,0.7085869324551266,0.06973720275016411,108.14287936565368
162,20,n08,0.7665135194751294,0.09311238452796812,113.42506830017047
162,20,n09,0.6542200074316722,0.07130637090791145,112.62565908919709
162,20,n10,0.7317849347163027,0.08565081041338594,113.84795494784454
162,20,n11,0.7234986807102902,0.0707595772316992,130.33010187645812
162,20,n12,0.7350377789939859,0.09022042766778424,111.42433427634892
162,20,n13,0.709595218005335,0.08616670917695353,110.2328856951794
162,20,n14,0.6810925580735014,0.0770662997911266,105.77307342834254
162,20,n15,0.7190219274355755,0.05956000555322627,128.95733047571986
163,20,n00,0.287006406405096,0.03261322664016156,39.701286463811655
163,20,n01,0.18218918317079305,0.0408871896075505,35.1863519724931
163,20,n02,0.26368257542519163,0.02615519560687774,43.37643866288318
163,20,n03,0.3242566946573753,0.04128706968474208,55.83629646681014
163,20,n04,0.26937918690566526,0.03458447597221663,54.33584518179562
163,20,n05,0.24203599536962128,0.0423029685817136,53.78993884002873
163,20,n06,0.27113117817099847,0.02879753003051465,43.879865955685496
163,20,n07,0.2474549497103706,0.04003584526900494,54.88737294769429
163,20,n08,0.2345339753863416,0.032319650194227376,44.803049226222996
163,20,n09,0.27007211365804284,0.004370352665060626,51.47851868485992
163,20,n10,0.2461127413632269,0.034004968979984354,39.75125926074965
163,20,n11,0.2890962979168576,0.03767217103793432,49.21528726969394
163,20,n12,0.2828672007479037,0.046349842571103875,37.45588887417597
163,20,n13,0.33221393873304295,0.03923665164109155,38.03398101095259
163,20,n14,0.29294449440485953,0.03007500288482609,60.58562306178284
163,20,n15,0.32428361813120465,0.017407054974080106,47.806798611261875
164,20,n00,0.2279634382192023,0.034976105478297985,44.156782188240115
164,20,n01,0.19316103591335734,0.026099086927472225,51.880067311840335
164,20,n02,0.17584932750585544,0.03704286034119569,47.58223532427078
164,20,n03,0.22584367632963592,0.04363546549936352,29.640931721170194
164,20,n04,0.20094829029184264,0.031536325367953456,51.34304554831698
164,20,n05,0.27763137330763593,0.03961787830731477,48.17807329636353
164,20,n06,0.27891198020602725,0.03080845550081327,37.13102683104758
164,20,n07,0.22417540085671556,0.032299258527245,38.34151370971741
164,20,n08,0.24138402910964418,0.04294279479530444,54.465390366109055
164,20,n09,0.264995215839243,0.024777203695007795,44.01688290047292
164,20,n10,0.20169033484466653,0.0157023169862545,32.64153954628273
164,20,n11,0.2754202662007517,0.032157288000958156,30.748433344077956
164,20,n12,0.15997324985821776,0.03596645408626078,50.54759419375189
164,20,n13,0.20088757888472183,0.029582280894259714,48.20256992595892
164,20,n14,0.20796323237705389,0.06008990644420216,35.697188570626025
164,20,n15,0.3205083716977594,0.01817666822417329,31.262907328422862
165,20,n00,0.3060030200730588,0.0307389674864346,49.07015402438242
165,20,n01,0.19101963204253877,0.013660372245849407,48.12122744944253
165,20,n02,0.23443800162887313,0.0302072959604303,38.101163949264105
165,20,n03,0.2327737079039165,0.006405498915926688,44.182181935757335
165,20,n04,0.23476607865682764,0.03765688489017714,44.885180041815374
165,20,n05,0.2955259722209195,0.022655173117049746,46.142885110326795
165,20,n06,0.21209315787687344,0.03716953081544676,49.137666167462676
165,20,n07,0.20366188792638756,0.005480396190677896,56.09840995440092
165,20,n08,0.2574524946700421,0.04873828988963833,39.56846277263083
165,20,n09,0.3335640220489107,0.01505311876830489,44.22916165281128
165,20,n10,0.18785023921669206,0.02526505900416844,54.054099861899296
165,20,n11,0.3486981917542102,0.023375305838148997,50.804189766174844
165,20,n12,0.27979419789325627,0.02152669124768322,34.689212852799926
165,20,n13,0.25116672379332966,0.02769067834901542,48.388408585864894
165,20,n14,0.25097997785831266,0.050502915129775824,38.13380039325443
165,20,n15,0.3351884217821773,0.026176335044952016,34.90241074219716
166,20,n00,0.69806650907461,0.10192066112831802,122.52638322322072
166,20,n01,0.7214420549861422,0.08170946233055427,119.40640445151982
166,20,n02,0.8109551842496836,0.08645506015792566,102.3337604000347
166,20,n03,0.7149778517537002,0.0996901583505196,115.44090398600537
166,20,n04,0.7802877883295545,0.0871217183258398,101.76010220914863
166,20,n05,0.7214826567268616,0.08127840741982369,112.27480572316135
166,20,n06,0.7522094025596555,0.07855610114952369,98.48368018312925
166,20,n07,0.6927825479399713,0.07532923339044215,109.8914583096408
166,20,n08,0.7534945174908672,0.08968530687875398,121.62812389853214
166,20,n09,0.7732992080307709,0.10223866163369227,108.51178613426353
166,20,n10,0.7396606504842703,0.08975186929707515,115.03722247290342
166,20,n11,0.6919888041283839,0.0871240135715485,101.34168426332488
166,20,n12,0.7483109495685281,0.06078186490167532,134.50238836580192
166,20,n13,0.7417557141560609,0.07579214413458238,113.48620550283522
166,20,n14,0.8161960183379098,0.08796610066806064,116.93658496932476
166,20,n15,0.78053610664771,0.07275556018135748,96.05367557335558
167,20,n00,0.703938957896993,0.08885062975431184,114.18207364576483
167,20,n01,0.7222342980712433,0.07258275947676292,103.35219914891408
167,20,n02,0.6527105358682069,0.07651787051946539,118.93947439104532
167,20,n03,0.7604685151355368,0.08030785375609364,107.66816823237691
167,20,n04,0.8065776843055468,0.07784960469053476,103.27709497120446
167,20,n05,0.7230401742288527,0.0819955426180729,116.84541753451234
167,20,n06,0.7435044551954146,0.05465069582646698,96.15596676641192
167,20,n07,0.6891343423879545,0.08033159757882656,106.12644474828934
167,20,n08,0.7368401264712454,0.08679443670048478,113.66328790615266
167,20,n09,0.7541742257231081,0.07204320913839879,111.32272587697665
167,20,n10,0.7371478677944143,0.08495482797256276,102.25241648280307
167,20,n11,0.705979840663869,0.10609739286461099,94.22662510323421
167,20,n12,0.7314295991401768,0.10079017319303006,106.0353211206099
167,20,n13,0.7084370249776754,0.07074166039321858,86.09145043630932
167,20,n14,0.7245381055520174,0.0887643154589095,104.88601951178822
167,20,n15,0.692999346749947,0.07210557503422861,95.22699651920952
168,21,n00,0.712152918509382,0.09059149844890046,109.17667641103537
168,21,n01,0.6546912250807054,0.07663652507195516,105.50424842942928
168,21,n02,0.7135801217715345,0.05598084810042446,99.13479597775186
168,21,n03,0.8149899020046826,0.08828319101462703,106.79300866081084
168,21,n04,0.6202983947830257,0.0773964633343983,99.34583715015248
168,21,n05,0.7232895031017366,0.08825928755296035,113.45467837108802
168,21,n06,0.7699065955902694,0.08007981863922432,118.57280782171149
168,21,n07,0.7058405259213272,0.07481947479764914,105.34830946649052
168,21,n08,0.6861293411644184,0.06955796719782563,101.46158799498464
168,21,n09,0.6953022507213883,0.09499938608279909,118.41715079105848
168,21,n10,0.7776605003997629,0.0893513198489365,107.73915412987672
168,21,n11,0.6766298231433453,0.08011990841727613,104.72783114791203
169,21,n00,0.7921588790060979,0.06841316342203484,112.2354697064268
169,21,n01,0.7871478133632362,0.06243896994302815,121.23816266596664
169,21,n02,0.7813570471815271,0.0858975250938481,120.42591504948842
169,21,n03,0.7184219238086759,0.07044912617086359,108.71837832516621
169,21,n04,0.676075820077893,0.09028336796958605,107.57805127079043
169,21,n05,0.6775409297520993,0.0875135909296882,125.63211570302416
169,21,n06,0.7687348382246154,0.08614249291551287,115.21300717883257
169,21,n07,0.7433396701768052,0.10806820316792427,99.47175580313348
169,21,n08,0.6920922485606207,0.10318377426874908,122.49862513071481
169,21,n09,0.7897893552214694,0.09198994181269685,106.28433249770707
169,21,n10,0.6980596410516596,0.08250021872082329,110.31487231105065
169,21,n11,0.6715997792682211,0.08246476342202542,123.07139254690364
170,21,n00,0.6628337586594604,0.07590858099520072,105.3147436003134
170,21,n01,0.7860101423824231,0.08440846163644494,106.71330938015937
170,21,n02,0.6569499532882078,0.08578861335235363,105.7203650399882
170,21,n03,0.7279551642406273,0.0894820715656384,102.81586579782388
170,21,n04,0.6464007765914224,0.09649397291571313,109.36489544191691
170,21,n05,0.6877219362806997,0.09013942663185212,118.8292914178092
170,21,n06,0.7424488664578911,0.06785842839230573,95.97633167952225
170,21,n07,0.7043391617122836,0.08310173937881905,112.9465450788394
170,21,n08,0.7096747127489269,0.07410755743028657,117.09626983614667
170,21,n09,0.7394720769294015,0.09626556671824099,108.02976792417117
170,21,n10,0.7510961997049963,0.07461524100212959,108.83168379199108
170,21,n11,0.7582489511544269,0.09334594664463637,123.32065726629988
171,21,n00,0.23195562943418915,0.027466863063710496,37.27479604943828
171,21,n01,0.2495032049117278,0.011361936442113876,39.22441564242711
171,21,n02,0.24811509064910603,0.045596981128542796,45.993120360435285
171,21,n03,0.250413927962681,0.02893014996406502,37.490590778806805
171,21,n04,0.18163808292167882,0.03560350008556841,57.218476880168055
171,21,n05,0.2124499631469202,0.03181005901728866,45.92954516364904
171,21,n06,0.35496919529076226,0.024725066446095977,44.18922629323576
171,21,n07,0.2615514880290408,0.02728218053564292,40.471306440846604
171,21,n08,0.3224623433707537,0.025686526156777974,50.40769772383064
171,21,n09,0.3055934907826202,0.035017284535418684,37.73229461015231
171,21,n10,0.2654678375649729,0.02469317947170066,52.50000409463044
171,21,n11,0.2567011682888599,0.03198039576005545,50.87774998498418
172,21,n00,0.7148447948609098,0.07708368887608281,101.41112070143389
172,21,n01,0.6998987186315122,0.06871734269086448,114.14021389144536
172,21,n02,0.6895652646266648,0.07420471244858148,117.84221666237184
172,21,n03,0.7435433796159331,0.0722246358102256,114.77137693580934
172,21,n04,0.755928998767658,0.05700732925716216,115.12027886939777
172,21,n05,0.6630456921384392,0.080485965688896,98.50204784092472
172,21,n06,0.6794921005305895,0.0857289264983327,104.87702738356575
172,21,n07,0.7093697140797716,0.09117054783606698,119.7371244801571
172,21,n08,0.7913293609799361,0.11652583228501198,100.18019004968366
172,21,n09,0.6527513992913846,0.08366980052615719,102.08915840981985
172,21,n10,0.6908774938132979,0.08264894296496401,108.78890414590423
172,21,n11,0.7778069465017572,0.06350203522223324,112.87734828275012
173,21,n00,0.27474188292505736,0.05783559681262853,40.678427341137485
173,21,n01,0.235294964330823,0.034433954655669986,54.031955350729035
173,21,n02,0.28310006797246484,0.013878886105998654,45.04075709272834
173,21,n03,0.3626286187171699,0.03619126697292293,37.74922411889204
173,21,n04,0.25687451073609263,0.04673435328282155,39.24002256392678
173,21,n05,0.19100240390824713,0.03470984557382313,37.11163066263576
173,21,n06,0.23690248251833723,0.03599057553734089,36.286402453157336
173,21,n07,0.229291543395376,0.04210078812086792,62.143696319708596
173,21,n08,0.26418002551148173,0.03093129097053133,50.278021600246205
173,21,n09,0.23918993109438372,0.027312254943434745,48.38510081082126
173,21,n10,0.259514824705263,0.03572965421859791,50.83790001128442
173,21,n11,0.30740598637832317,0.02671894744325115,45.98699069867601
174,21,n00,0.22796229059248013,0.032351139215057306,53.40733936676392
174,21,n01,0.32964322324000683,0.027616059239452744,37.91956211236415
174,21,n02,0.3379895641084957,0.0072790544028179145,46.596490954715804
174,21,n03,0.32279185299277163,0.022229647583297683,53.464207770580394
174,21,n04,0.161322134209524,0.022428382195838422,51.49562886768966
174,21,n05,0.24096535436531757,0.04955854448303676,32.334855283609045
174,21,n06,0.1930534904207653,0.020073163615658723,41.15496773710036
174,21,n07,0.34245513977155145,0.035870701758613704,52.05222217056301
174,21,n08,0.23597114941079694,0.04382295196862066,51.52465661439996
174,21,n09,0.29879102552070014,0.03763807519621154,43.27362730874656
174,21,n10,0.19972924850227008,0.03126825091697295,44.878438654170026
174,21,n11,0.21512356743027555,0.025036826468541242,45.17178877289701
175,21,n00,0.6927049186991727,0.07309082999686037,114.17745468350327
175,21,n01,0.6535334576819039,0.09043318547711007,105.82303504384643
175,21,n02,0.7583324122305626,0.09572001164693011,104.88712694728402
175,21,n03,0.7300614336372441,0.07258251681053908,109.29621826371694
175,21,n04,0.6956378106135636,0.06820437286508436,103.21240378402199
175,21,n05,0.7253388931340273,0.09099014614388301,109.01273525283793
175,21,n06,0.705201936186343,0.0745459022392037,104.97088316311769
175,21,n07,0.7575402293151288,0.058790432380390764,111.27783747990327
175,21,n08,0.6567037807837179,0.07865060012598485,107.09527354864275
175,21,n09,0.7724808900085642,0.08663713476305615,99.83119067795607
175,21,n10,0.7512537446335653,0.08339373705470504,120.69092950238385
175,21,n11,0.6924912118802664,0.10939080051300826,105.05858151224787
176,22,n00,0.7857968974253237,0.06526618107856078,117.03136460946311
176,22,n01,0.7175442324005615,0.09108373077557709,121.65637073527732
176,22,n02,0.6448276377023103,0.07356090745185137,105.02065007913224
176,22,n03,0.7322818412287564,0.08696945387681329,109.83594521926963
176,22,n04,0.6970600718139452,0.08125478294895531,118.23376364120462
176,22,n05,0.7042269502275171,0.08166895766218227,111.06188275355477
176,22,n06,0.7876621497638133,0.08662753551408119,117.03551109595236
176,22,n07,0.7152189010763063,0.086135843448614,112.51672255810641
176,22,n08,0.7533776543417698,0.08978861591970744,114.52499412354307
176,22,n09,0.6992857129067277,0.07881549995042614,100.25938437017312
176,22,n10,0.7266591635432091,0.08377520447598756,108.50697958277746
176,22,n11,0.7647961227631483,0.08149750378557553,117.38833912726308
176,22,n12,0.6290461763898361,0.07108739395578084,117.63214363345053
176,22,n13,0.7535157098650093,0.08880741189314514,107.8622795696678
177,22,n00,0.2864439306859578,0.03772997724737451,47.31680867022554
177,22,n01,0.29137857717393245,0.018831914417872565,49.61322032212713
177,22,n02,0.18109541101075644,0.02389793776674798,34.72184468673109
177,22,n03,0.22941449070940334,0.025321952456034476,55.93154792824888
177,22,n04,0.2646921808590434,0.03931982244551463,41.13509081124274
177,22,n05,0.2692773911659035,0.05332827407599737,43.597000818229624
177,22,n06,0.32964832303547814,0.034214957324887156,47.56421178469983
177,22,n07,0.20894536517397852,0.04210624798502551,48.74563211985332
177,22,n08,0.26422403840000774,0.011934546627681786,30.32372353816406
177,22,n09,0.19145010624262906,0.03648105325801409,48.12600271422725
177,22,n10,0.21854132925530478,0.029600615101048878,45.452307246887415
177,22,n11,0.2388097895652984,0.02914010423812267,57.56263047487799
177,22,n12,0.28856677046977214,0.041361887505987106,38.76013977050917
177,22,n13,0.3291416516523811,0.021903299965702422,48.30339752387474
178,22,n00,0.2061553206867723,0.017095335016413117,38.18195203392887
178,22,n01,0.30821414432181127,0.034177755877339594,40.56690611775533
178,22,n02,0.21977962529410958,0.0395827579123071,34.50120455515852
178,22,n03,0.27769813034394863,0.020797225821491842,46.250108200560824
178,22,n04,0.24772518935793128,0.028356225152399824,43.95649499192467
178,22,n05,0.2682292440061316,0.03008994659130309,42.59700703780751
178,22,n06,0.3175624899628662,0.013639292464272666,47.511637438806765
178,22,n07,0.2244173749252916,0.04193163679319253,38.276788799971364
178,22,n08,0.2793954321986137,0.022120579699678407,40.375344206891874
178,22,n09,0.3027361361646809,0.03706628904485583,49.82938782791397
178,22,n10,0.23961753642042755,0.03623358336246818,43.96935819099672
178,22,n11,0.23365506667841382,0.039364372233228556,34.32170669785674
178,22,n12,0.38629876340757596,0.03629913424751233,54.168989886368266
178,22,n13,0.30931494069138815,0.04789516727279358,44.54072087757465
179,22,n00,0.7145667272159515,0.07636097896580707,108.01149991551208
179,22,n01,0.6597973520004519,0.10976555435630658,110.14266774197979
179,22,n02,0.7044636101161124,0.08804093245238064,99.93211137020076
179,22,n03,0.6220332404604023,0.0760810735439197,113.12518319120947
179,22,n04,0.7171029881964501,0.08589100136248823,117.35833505250325
179,22,n05,0.6932064019345283,0.08090567104079625,119.93641233840685
179,22,n06,0.735381124135229,0.06852014200300467,126.48172410136847
179,22,n07,0.6495278124791715,0.05829675868155608,116.39254467771248
179,22,n08,0.7569075072986217,0.09334565899100132,113.2827948044147
179,22,n09,0.6959805794605952,0.06805483758807886,108.25843155569822
179,22,n10,0.7084890876686709,0.06738766948155016,113.14943146632625
179,22,n11,0.7802810958075745,0.07292632425290009,115.48605254562318
179,22,n12,0.7134570471203797,0.056345431507674584,101.54152600842522
179,22,n13,0.7905867727701441,0.07946168399937033,103.63102743915549
180,22,n00,0.2590133005637252,0.047040204765991175,43.62383132461955
180,22,n01,0.1489692257879296,0.01666410981772836,51.79450861497192
180,22,n02,0.19729456939693082,0.020485435499046203,49.64561096024792
180,22,n03,0.16269984300851908,0.02547358509810199,47.47218039153054
180,22,n04,0.2006510951128137,0.01701682396445202,33.660316760574496
180,22,n05,0.21801455965004002,0.021657192849428488,48.74359209977251
180,22,n06,0.28350278523937256,0.02517105866583147,60.376367401165
180,22,n07,0.21548279691739303,0.02889907689520428,47.289331320167165
180,22,n08,0.19294387901225557,0.017256824190219434,44.06102370291375
180,22,n09,0.20724958303717939,0.024502425612070063,35.985746987603925
180,22,n10,0.22804759918043085,0.04115991495925068,52.544525530139396
180,22,n11,0.23389157560417748,0.03624304298104801,41.57065442415611
180,22,n12,0.3565070383383422,0.01463903374159403,61.342133829376465
180,22,n13,0.3139675073337988,0.03652718930464667,44.47069693649999
181,22,n00,0.751418820144776,0.07132606280487513,99.7771868881637
181,22,n01,0.7292617723166469,0.07602629449472317,118.29861203592974
181,22,n02,0.7193020026047549,0.07153363539102728,110.57844669734703
181,22,n03,0.7494021004767678,0.06263363958951859,96.18911818687808
181,22,n04,0.6925311628497202,0.08485609942288659,112.10593689262367
181,22,n05,0.7660189141987852,0.07535361076684478,106.66475123547389
181,22,n06,0.7312870925364353,0.06706626027948025,104.04227905044323
181,22,n07,0.7861917210439884,0.06840544478145356,105.27931252563307
181,22,n08,0.7736435391372413,0.08301711315033886,108.72765576835025
181,22,n09,0.623586231161674,0.06603852234383789,101.24248815475626
181,22,n10,0.6910107407373824,0.07471946000113369,109.24838177324536
181,22,n11,0.7086573870196867,0.08333328079567215,121.39061273481855
181,22,n12,0.7343144808468669,0.074588274271066,103.36745346918798
181,22,n13,0.6960341280524418,0.09472148707103326,99.53288754751428
182,22,n00,0.673268070975304,0.09414769818246412,123.82666590167861
182,22,n01,0.7555887271746728,0.06790148199790541,102.73776478803562
182,22,n02,0.7318069292239714,0.09196230066373504,106.43739945303756
182,22,n03,0.6808048560683021,0.06175933328324937,112.31212227409848
182,22,n04,0.7350710470844676,0.08080070478261969,111.82525636305536
182,22,n05,0.69497663519433,0.08977090573375067,113.21306582209147
182,22,n06,0.6879877980569182,0.05629507399399842,99.38603784422423
182,22,n07,0.7704079490004505,0.07027603026730274,109.90552547146487
182,22,n08,0.7091809443967312,0.09314156849841797,113.9564004234579
182,22,n09,0.6782382492796433,0.08402307744789089,112.83255818976185
182,22,n10,0.7589409982384979,0.07870125142786116,101.76262733174592
182,22,n11,0.6820941271589452,0.08151837315544641,110.91528741232027
182,22,n12,0.7298438315068468,0.09562351431158278,117.1196055332142
182,22,n13,0.7378420424993168,0.08653539511968958,105.25223502636035
183,22,n00,0.7213756429118355,0.09035255817169399,113.02407585056064
183,22,n01,0.7233834988521612,0.06700083708097229,112.93850984269821
183,22,n02,0.7235787891560569,0.09744367680702587,114.31311726332194
183,22,n03,0.6525054823081685,0.08749867088081748,124.97869544167297
183,22,n04,0.7606733309305342,0.08555819364812374,108.93911493765249
183,22,n05,0.6819279061081426,0.07440605006576459,109.102245604672
183,22,n06,0.7205262651468318,0.09925868665672026,107.41951758847705
183,22,n07,0.7286889201683187,0.07668688435393921,122.11716524793127
183,22,n08,0.789431481008166,0.06766086320583946,121.55975492397432
183,22,n09,0.8338567956823445,0.08654809578785748,119.33261955064164
183,22,n10,0.6812050566411962,0.08576059875153762,106.85698250433488
183,22,n11,0.6566115921970217,0.08266614260358682,110.38013287483379
183,22,n12,0.7146226639044608,0.08139146575931556,99.08122461416619
183,22,n13,0.74411513793312,0.08076694105367845,105.86266146149053
184,23,n00,0.2489442782305284,0.025853031894727558,47.00273284889296
184,23,n01,0.2530751449078989,0.03238444470578443,45.449435626674706
184,23,n02,0.23574333774604067,0.03156131600839119,40.91248032828255
184,23,n03,0.20349468960888167,0.02701091820479791,43.23079112638293
184,23,n04,0.2476090330109594,0.03909946329924466,35.545569602193574
184,23,n05,0.24368301866755004,0.021616768147053142,54.45893654427474
184,23,n06,0.19728877332148276,0.018928642115546047,41.9354847283668
184,23,n07,0.22956302832254843,0.03332409248239263,54.99621268497791
184,23,n08,0.26283242230844767,0.03712905182953073,54.61887424595595
184,23,n09,0.23008388057627416,0.022182817995250726,55.05738048817741
184,23,n10,0.2830100025623161,0.03561225195926511,44.420383872972494
184,23,n11,0.2437653110398296,0.013372682922499064,47.78586310142389
184,23,n12,0.37930257290677843,0.044991163117369566,45.77134377081391
184,23,n13,0.26699711844524066,0.019131767827719574,55.489926794847264
184,23,n14,0.2999894157270201,0.024988480517139172,48.83350349917581
185,23,n00,0.2840423013886902,0.033516144602469024,63.096456831105336
185,23,n01,0.2616672920296465,0.022962962559249164,45.82746986264739
185,23,n02,0.31025299709611887,0.03005727524050369,55.11351374957963
185,23,n03,0.26993510785259306,0.018046988713083415,32.74024376254353
185,23,n04,0.25465294061269755,0.036484935452614733,42.94849454176198
185,23,n05,0.23349403010393202,0.02245869039476634,39.99685245222156
185,23,n06,0.23765472827632653,0.04157841542429593,40.76394053654019
185,23,n07,0.2424064158480648,0.035054744140379956,39.123029874018705
185,23,n08,0.254772265292924,0.030962396741926943,49.86368281779202
185,23,n09,0.25306187706367733,0.027950937039374978,51.63106899704501
185,23,n10,0.3193740923565626,0.03241387681631355,40.33286374638019
185,23,n11,0.2541111798433803,0.030787290496110287,34.05661619159308
185,23,n12,0.32378871200378234,0.014283050464927914,59.85657236984467
185,23,n13,0.2222889144236485,0.023763649472969002,39.0571101042679
185,23,n14,0.29928540428640055,0.023647553027327944,37.045125236037116
186,23,n00,0.11922066797980771,0.029150098247521093,50.29394497289059
186,23,n01,0.2565589123339526,0.05645602250504368,40.078448678555915
186,23,n02,0.25646845870327944,0.031983629656601384,38.599904177367584
186,23,n03,0.327608576394373,0.030813165381750454,41.77846284606274
186,23,n04,0.24321169341640453,0.039850815245837286,44.008403164643454
186,23,n05,0.27585550952331367,0.05062207002321997,45.899656968749866
186,23,n06,0.29511438225125736,0.045328545913739124,51.924173247183866
186,23,n07,0.2896403801676213,0.04488546843971529,41.04613949504881
186,23,n08,0.2567226207764205,0.055129507415764355,26.141394880287077
186,23,n09,0.28150306349303367,0.03270140597089956,57.25618253628063
186,23,n10,0.18776022359789218,0.035903031884929694,54.77668885895726
186,23,n11,0.26373466564926257,0.028128445252875948,45.12447431170627
186,23,n12,0.2524351798878564,0.02299652559161498,42.60600237296417
186,23,n13,0.16806341303436112,0.01401267635766685,37.8972565943282
186,23,n14,0.3642929289817985,0.03682157353533637,48.038136949412944
187,23,n00,0.3347813941823542,0.004078711187470475,53.45428350962384
187,23,n01,0.3069162647195973,0.032012029184927446,48.025336227080736
187,23,n02,0.27221138709837966,0.024392646864686642,43.70388687787776
187,23,n03,0.23848142001140823,0.02857714077507892,41.9528621164183
187,23,n04,0.23737907774486033,0.051672778447037875,46.00152412761477
187,23,n05,0.2632357712897781,0.03662751236915881,36.70552607704101
187,23,n06,0.2631425797459622,0.03714398172214598,56.06237725025178
187,23,n07,0.2137994796072906,0.05231662280385104,54.16280370280061
187,23,n08,0.2409338319701572,0.035276247132211815,41.00701689671323
187,23,n09,0.21990494197375515,0.037617580530082566,44.772811779159845
187,23,n10,0.25832344808815894,0.01322382932184623,36.454227994496826
187,23,n11,0.20731347363866512,0.01973323401816423,51.06924787789358
187,23,n12,0.23945361922388675,0.04105322008453645,47.87226791387859
187,23,n13,0.27222400015864967,0.02008746886494083,45.22799666847699
187,23,n14,0.21190289481008007,0.020727726389107446,55.5738105578946
188,23,n00,0.2124189902749725,0.03902361808825351,57.74061326249377
188,23,n01,0.3522869703013576,0.05654816329980173,52.805874584328144
188,23,n02,0.3046259521931679,0.040670767533949825,37.547438996048676
188,23,n03,0.251917523043855,0.028345892287619995,53.414585095238394
188,23,n04,0.17891759300024684,0.04128493171369248,50.44923607279323
188,23,n05,0.22754731492498734,0.019233094267742633,52.7452279613846
188,23,n06,0.24406003896185738,0.035768686074686314,54.039796959361254
188,23,n07,0.19508441349864702,0.02773278744892442,28.12542287847851
188,23,n08,0.26374126028264083,0.028082726224933862,36.3148276843284
188,23,n09,0.18685585042588643,0.01471299881225074,37.624276229930565
188,23,n10,0.22983930432513472,0.03501368027330888,36.76645703459336
188,23,n11,0.2356212691312656,0.03751921143214859,55.13057088266507
188,23,n12,0.26993425658819553,0.029442137713902448,36.0516076014874
188,23,n13,0.30021837303994264,0.0405218027483952,51.57315255549031
188,23,n14,0.251936261983547,0.056655857517439366,46.621904195385525
189,23,n00,0.2842368397103186,0.02470897116875341,47.311910088027
189,23,n01,0.20269675134811016,0.04482180354882002,38.95060103547448
189,23,n02,0.21866525551044672,0.02475408227949407,41.24547997483405
189,23,n03,0.27912480366342485,0.02648326640594202,45.49625669320369
189,23,n04,0.4055785590098101,0.03721606399436985,45.702733761744106
189,23,n05,0.2254179853415814,0.05060930654076379,42.95912620042108
189,23,n06,0.2600710568263912,0.0,50.341593404403056
189,23,n07,0.20680892273112356,0.020083764846405398,56.959732961599656
189,23,n08,0.3222509969841284,0.031513587665488514,34.504899139726916
189,23,n09,0.19135952647413063,0.051473867239871275,37.798934277239155
189,23,n10,0.254979938632267,0.011944462990081266,49.863911588716824
189,23,n11,0.29526940164006604,0.035282062136988125,43.19822533513811
189,23,n12,0.23886855301385715,0.03082527096054196,45.58092149535064
189,23,n13,0.21479905587701179,0.026987529518088332,53.47161853245906
189,23,n14,0.21396194205343266,0.03280346655909034,62.204818102282786
190,23,n00,0.7074997119206075,0.062030561145709456,109.39275940274028
190,23,n01,0.7108193104069347,0.10320910115572705,103.3183519221406
190,23,n02,0.6744308595473871,0.06877247122756328,100.55507973376858
190,23,n03,0.7803277562088305,0.09287037807075886,101.80394075176216
190,23,n04,0.6101957869030261,0.08620166906297237,117.6274906611262
190,23,n05,0.7348669553720228,0.0997399556753796,115.16793563035537
190,23,n06,0.767124612298083,0.0810727315709819,98.58599274155911
190,23,n07,0.6852532146175823,0.07302957315884545,104.80438481298684
190,23,n08,0.7307170852545384,0.09702721367980523,106.31166344879267
190,23,n09,0.7090728118623031,0.08660959111997245,118.484712846276
190,23,n10,0.5621624042122615,0.1027432445873891,109.89386186646563
190,23,n11,0.729853094501489,0.06706500838653881,116.13898935375188
190,23,n12,0.6893479415265771,0.0807726390137884,98.1224592821915
190,23,n13,0.7599916889727111,0.08203694022257997,120.02689023528481
190,23,n14,0.7509006945027474,0.09653597773865605,104.64211562974654
191,23,n00,0.7988143693234412,0.08256280345450648,100.49622831066425
191,23,n01,0.7618317929848203,0.09494880722870286,111.95103419974777
191,23,n02,0.7279425967476294,0.10641355606641031,86.45156744398132
191,23,n03,0.7628756997329337,0.09343980893743481,96.25669964951679
191,23,n04,0.7618975931676572,0.0853572461143662,113.3700986300425
191,23,n05,0.7147092688352727,0.07870449335576692,104.00375595594795
191,23,n06,0.6820176985708682,0.10780807840251604,108.06575636143319
191,23,n07,0.7267516038695248,0.07074010998859381,112.31402546362726
191,23,n08,0.6802095729907631,0.09719185201854239,112.73002649365598
191,23,n09,0.732864924831749,0.07205488133398583,119.68561939748378
191,23,n10,0.7430844605616372,0.08532280107043463,101.67451464404944
191,23,n11,0.8093694982395452,0.07407490321448704,132.46853290177148
191,23,n12,0.7296391814192803,0.06398350263401709,119.13621105338213
191,23,n13,0.7133327977200302,0.06720112941314405,109.14264738735659
191,23,n14,0.8204111976810644,0.06610693224200913,106.47830470020506
192,24,n00,0.2105646483664216,0.04622275577209523,58.87744865518804
192,24,n01,0.21892953265664522,0.04314368071500005,39.60771045250944
192,24,n02,0.2887469790844196,0.04754901443203324,40.703706298752806
192,24,n03,0.3271639463553122,0.023594260674382903,37.93392409831927
192,24,n04,0.28292125135991253,0.02732987198337658,37.119636917438655
192,24,n05,0.25364593980192773,0.03208500481223654,36.07389108561796
192,24,n06,0.3285043050444358,0.015586202528346582,55.4041052722784
192,24,n07,0.22820258465854887,0.018361271506485845,39.77980448612062
192,24,n08,0.17196677095876395,0.04311932531371328,50.434111076256286
192,24,n09,0.2822089423070615,0.0393161602278525,34.498145461347846
193,24,n00,0.26811201720231004,0.04669819756730391,54.57721210517711
193,24,n01,0.2945575878794183,0.0256807179982009,50.456933929654596
193,24,n02,0.24295312328675303,0.022160217583506107,35.82392121870985
193,24,n03,0.1913877277301683,0.011218786461413232,30.243667516041615
193,24,n04,0.24846318556427055,0.041154297268030084,45.73220657239876
193,24,n05,0.2561064806335019,0.004227868993834816,55.59977388591596
193,24,n06,0.3020550636246849,0.03674006362177076,53.20242687681242
193,24,n07,0.2371884333675056,0.011498111666882228,55.02291994696438
193,24,n08,0.29128274772305635,0.045374675934783164,45.74324685594844
193,24,n09,0.21178386108709876,0.04270115324466288,41.72762767384879
194,24,n00,0.7165516805344236,0.09137328179932669,121.89260543296908
194,24,n01,0.6642570032843323,0.07622132264681275,115.57059937149629
194,24,n02,0.7228032136396204,0.07649454958403665,113.11469116220425
194,24,n03,0.686460444727165,0.06914483705218637,109.63996729594636
194,24,n04,0.6860526812568005,0.07968326884381455,109.36366737768532
194,24,n05,0.6445525677683666,0.0710402557761993,109.52765837611656
194,24,n06,0.7191939733447841,0.09667711946195999,111.31662655290805
194,24,n07,0.7813725779110527,0.08835309395694965,126.71141915505015
194,24,n08,0.7819818279962966,0.08266302286454884,114.26592589066757
194,24,n09,0.7281028232636402,0.053828053744808965,90.56429193710186
195,24,n00,0.8165096286228279,0.06396126157414357,108.57009137385069
195,24,n01,0.7100146866546161,0.07559078566209491,107.9939769071407
195,24,n02,0.7647920471957563,0.06380467655895528,110.28056421677726
195,24,n03,0.7751008246280264,0.07285099555744788,115.16546657246758
195,24,n04,0.7121620816402088,0.08263657396504318,108.58842734373218
195,24,n05,0.7114170289971982,0.07671451968422324,125.3675300145982
195,24,n06,0.7210118913638229,0.08556452343174618,120.79556327119288
195,24,n07,0.7263908336010736,0.10056864667701353,115.55123402920938
195,24,n08,0.7059749413486002,0.07900669203311854,116.33812890020019
195,24,n09,0.7268790164218611,0.07311910789604731,99.18157859319199
196,24,n00,0.2427501587948966,0.030293012797029527,38.74933513328755
196,24,n01,0.19299566686742242,0.02174516284460279,40.902419712638505
196,24,n02,0.32120939825429284,0.01824358656101547,47.695157581867164
196,24,n03,0.31508943357645514,0.00438705956941161,49.244829099083574
196,24,n04,0.2679320800246098,0.02049661427807769,45.25078572711493
196,24,n05,0.22968628444856157,0.02869705500363782,52.719067339123676
196,24,n06,0.3338892481258293,0.02178142948950023,41.17923499548469
196,24,n07,0.287753421165963,0.036079332097988304,42.64149088043631
196,24,n08,0.2325492358387568,0.03454937749510245,40.69067130431145
196,24,n09,0.276483823417979,0.009550988574118523,41.22694452679148
197,24,n00,0.7269202128410573,0.07799898594828591,87.59366663772875
197,24,n01,0.6562045168868429,0.06987395775056458,104.76858015624308
197,24,n02,0.7274166231916778,0.09590858114016695,99.10634675075123
197,24,n03,0.6969228901752967,0.06290589792215168,120.22368165822027
197,24,n04,0.634699315285405,0.08227069982547452,118.2919942810352
197,24,n05,0.7616762066005075,0.09800719259844368,120.06026955583492
197,24,n06,0.743214371012739,0.0917349863045748,93.5858765537894
197,24,n07,0.7364428180253284,0.05805604645212355,104.71343856120035
197,24,n08,0.6754910146438973,0.0691553726478463,106.80589177247259
197,24,n09,0.7394936810472146,0.07801141494360313,111.29843869619211
198,24,n00,0.7084332890238906,0.0767753774746668,109.65943680816319
198,24,n01,0.6591473254512162,0.07028345872088002,112.06102885956149
198,24,n02,0.6553630731579194,0.06887949254721724,107.92422280414324
198,24,n03,0.6911870874801708,0.048482661651157624,110.87993986414635
198,24,n04,0.6269568718573457,0.09970848222945189,103.49449524432937
198,24,n05,0.8178458498063285,0.08050747458716502,114.05967160068364
198,24,n06,0.7001888104291165,0.08666285798672083,100.29543325286575
198,24,n07,0.7948372007057595,0.07821795350007772,110.27614456918371
198,24,n08,0.7325715176610498,0.06492488521502439,118.95478963043563
198,24,n09,0.6545309935558976,0.06626045633842842,108.45260820118092
199,24,n00,0.2929558365842773,0.024521974988267463,40.408840253744486
199,24,n01,0.24602554210892424,0.027936061301351865,57.5174924970179
199,24,n02,0.26715248106804174,0.04274260064580594,34.483572369463275
199,24,n03,0.2895573636534255,0.03222613323277392,44.930492647894326
199,24,n04,0.1963510427226548,0.011708608464949567,48.95910134098547
199,24,n05,0.31130428210108413,0.0490083877651815,43.969099264914135
199,24,n06,0.26342546550056506,0.013900829096527751,44.485045603289834
199,24,n07,0.278178703156885,0.015304398324189054,49.48411639424848
199,24,n08,0.16686030792670117,0.04025966431332208,43.28491335700084
199,24,n09,0.23776933295126376,0.0335836470958502,45.286041245316376
200,25,n00,0.26941868546418374,0.05200218481803759,48.326185921868586
200,25,n01,0.22443307599736106,0.03447328033826294,39.281903636471014
200,25,n02,0.3223177834451896,0.018388526184242113,50.91913297513189
200,25,n03,0.20943007711422168,0.0,42.59342587902387
200,25,n04,0.2593165297572286,0.03718704132669264,40.46391756931323
200,25,n05,0.28975727163066234,0.03859210116764764,45.74109651994427
200,25,n06,0.3004304081248666,0.04124809302863493,53.59551341595525
200,25,n07,0.2956927781282179,0.034378404629451964,48.85780537643917
200,25,n08,0.2964438070864663,0.039569852451652565,31.345782827098425
200,25,n09,0.23600808552644365,0.027425408013764384,40.3748596025271
200,25,n10,0.2085013548907036,0.02749886925298292,30.922389407287877
200,25,n11,0.24657660948409724,0.01652011856285588,49.325970061337664
200,25,n12,0.2526286331351133,0.04058752812209401,51.65120603863747
200,25,n13,0.2071846250937113,0.0417718054425335,62.06042684009614
200,25,n14,0.2520278705732045,0.020895491035049577,45.640517116317355
200,25,n15,0.23952156281489756,0.023267306555991595,39.2417324880344
200,25,n16,0.1782735717572706,0.031480240220586646,54.61331265764727
200,25,n17,0.38718395736676536,0.016612881316774436,56.45898141983036
201,25,n00,0.23124986362082126,0.02435578050920414,40.475422195509736
201,25,n01,0.2550026503879138,0.05261502080529836,52.468326023543916
201,25,n02,0.32023602934638606,0.03734882330391419,42.881872417297565
201,25,n03,0.282435418905068,0.024420516203326248,47.21397796388773
201,25,n04,0.3192806771956341,0.0341733968576074,33.823113702784305
201,25,n05,0.22514295773414764,0.025275935035968332,38.02580640323485
201,25,n06,0.30661792172601215,0.02403697921974518,51.199106452197015
201,25,n07,0.339324838497042,0.028237130469269615,55.06628565536192
201,25,n08,0.250229903407928,0.0185056305686058,30.6575325241484
201,25,n09,0.19637726277728063,0.03070664937106896,31.028022146438076
201,25,n10,0.23059730793866312,0.01934170187714165,43.75772295865737
201,25,n11,0.2798232792820717,0.04260675957921228,47.50425674553922
201,25,n12,0.24958485366359007,0.02623173298046068,44.42799133210978
201,25,n13,0.2803598789311362,0.027305026850438556,48.96974066625301
201,25,n14,0.21051064522087162,0.0519372296900798,33.32760863409571
201,25,n15,0.31709089640865407,0.03337225359691811,46.107531092050344
201,25,n16,0.28105441387355945,0.017507857612487406,43.30026837406839
201,25,n17,0.3006811969335305,0.012657826309080408,53.9907867601766
202,25,n00,0.662683062405565,0.07940791653307949,120.2536044067356
202,25,n01,0.7463156353607358,0.09270753937675427,113.78428044608371
202,25,n02,0.6992691845433615,0.0758063585574314,118.28462719552408
202,25,n03,0.6685105988756996,0.08431115667187816,107.8237560989488
202,25,n04,0.7062264987329271,0.08749257942277265,133.42568929225231
202,25,n05,0.7085941185407115,0.08383536022491363,119.94110054783977
202,25,n06,0.7117329913202073,0.07692188011012331,115.81238354810093
202,25,n07,0.7304394236980228,0.07485831214081128,106.21536559142342
202,25,n08,0.7704810484305065,0.06003362649219955,126.82486650302965
202,25,n09,0.7247538606887267,0.07296339120877336,101.58235730728967
202,25,n10,0.7519827420778208,0.08064713202387337,107.24254247742692
202,25,n11,0.6357257005987963,0.10211230584986926,92.18035739450916
202,25,n12,0.6750523087199604,0.08799025891673791,121.01402009991862
202,25,n13,0.8104897757446474,0.05355928143116609,103.1340856078303
202,25,n14,0.7413302632164497,0.06411980869616671,111.02753435669831
202,25,n15,0.7866254602574743,0.07823355969220623,112.53656296827798
202,25,n16,0.7677767844870412,0.08051073095349837,114.51726321663222
202,25,n17,0.7396030920683684,0.06723462663808677,104.25532692176148
203,25,n00,0.2796754584478406,0.010579655931167626,44.92165377217195
203,25,n01,0.3457324971395544,0.021799825305511663,49.08360224282474
203,25,n02,0.27230964318508916,0.047558520868837224,38.10760570292826
203,25,n03,0.2595664907190026,0.020410709994359955,45.144295398784614
203,25,n04,0.22217648859530356,0.025984193591795674,42.67041707830763
203,25,n05,0.1718037715174794,0.022145901052380443,48.05698618132539
203,25,n06,0.17734762910304255,0.01950850425454727,57.37451416415836
203,25,n07,0.22198909307663175,0.023503292815356982,54.75745300660698
203,25,n08,0.26619949670959053,0.028116279101082397,43.24634720617676
203,25,n09,0.3027102256322771,0.02994031531630806,22.686002234315563
203,25,n10,0.23311393049099172,0.019236762509587862,36.90574269685239
203,25,n11,0.30344974793680163,0.04303894167714417,51.645928257945265
203,25,n12,0.21584057089747533,0.0283991508513798,42.087051923073815
203,25,n13,0.31441319246910704,0.02528836266154047,44.93166253175182
203,25,n14,0.2018686513177159,0.03271842646616858,35.55387539392335
203,25,n15,0.267230932908103,0.03140786173560506,47.80418248193081
203,25,n16,0.22308338327788357,0.01965233347758634,36.30063501441398
203,25,n17,0.2727139696596324,0.04482578903081891,29.83576984954037
204,25,n00,0.3198308060150735,0.014773231491352642,61.90718766612197
204,25,n01,0.2812005215176526,0.04266494441008457,37.35096682753394
204,25,n02,0.19301379463321128,0.04834589843826556,41.90449133992225
204,25,n03,0.21071576766363254,0.045681065430081325,36.524293627365076
204,25,n04,0.2164772306111909,0.03420440098955599,51.191892220549214
204,25,n05,0.3109064125027624,0.01262531240060693,38.93664337602436
204,25,n06,0.26278669823999795,0.023424542426321034,58.174458880248736
204,25,n07,0.2811647244863752,0.023142108671430177,39.10413575732125
204,25,n08,0.2037129527714424,0.03967111588296405,41.902898592092804
204,25,n09,0.1798882480590263,0.03477972549595022,36.93474768120253
204,25,n10,0.24261205367376934,0.030621013601988954,52.37247982582598
204,25,n11,0.19507608220030867,0.04374406343824129,46.45971656459242
204,25,n12,0.27351538496109074,0.014301415710599966,50.31435320264814
204,25,n13,0.23314518179208887,0.02955934977824314,47.83081595117129
204,25,n14,0.19053307714948842,0.027179123621214257,50.55639380131433
204,25,n15,0.27392297953960265,0.02557338430283831,43.45226790000263
204,25,n16,0.28147034800586046,0.033919069690011384,40.81789314243059
204,25,n17,0.262279032954682,0.05912714985198494,56.81447782588997
205,25,n00,0.7241410949516033,0.08563011786092481,103.6972004878955
205,25,n01,0.7391387554475849,0.08482402772692359,107.63134104578867
205,25,n02,0.7919289197084899,0.08708852040379234,111.7751025005975
205,25,n03,0.7522509654918743,0.06980449111090081,111.99804345318839
205,25,n04,0.6674028788696484,0.06563834570632959,110.61531048727268
205,25,n05,0.773901292265121,0.08801349674368755,101.34245367824288
205,25,n06,0.6833804572065981,0.07213484037718781,111.47709304940476
205,25,n07,0.7371565146122985,0.09162856229974918,95.85756690774215
205,25,n08,0.8450760271132315,0.07730920723930408,130.1476611916542
205,25,n09,0.7446808286362048,0.07127889595214913,94.15252289195865
205,25,n10,0.7304323259171737,0.0806009115794681,120.75972152635768
205,25,n11,0.773068421368627,0.08485034257030848,98.2988112525973
205,25,n12,0.7900102693653662,0.0747902768451666,110.28261658703472
205,25,n13,0.7249412631229277,0.06422529201155036,106.90610823926082
205,25,n14,0.7530445096565861,0.10936754344127829,103.54292840696937
205,25,n15,0.772780947408591,0.10788091927046461,118.90085163542291
205,25,n16,0.7871781483703695,0.06636491215337166,116.11508446203794
205,25,n17,0.6918903851893669,0.06391094297256211,120.92963559266974
206,25,n00,0.6814813803916663,0.08904485724970194,103.18225222886652
206,25,n01,0.7124401686955139,0.07174335583929282,116.17410252604282
206,25,n02,0.6687322870136159,0.0849748223093022,122.30790504211146
206,25,n03,0.6917689785948163,0.0750107781549261,109.4470348711047
206,25,n04,0.7831557074528772,0.06238450958837517,107.71528940170212
206,25,n05,0.6778441008211172,0.08301839639689079,113.62535189959125
206,25,n06,0.7238683187859772,0.08158651931563925,106.71385890639672
206,25,n07,0.6917809477761454,0.09589780919879433,97.17568891134803
206,25,n08,0.7236777749601478,0.07450453525430804,101.0746554604254
206,25,n09,0.6942206212454228,0.08491782049441308,124.45915448831023
206,25,n10,0.7645883499132413,0.09407666357799142,103.03236160932536
206,25,n11,0.7481637717429261,0.08368500887953786,108.66601590877161
206,25,n12,0.7197814212947814,0.08331240675386352,110.57919931579437
206,25,n13,0.7292795441673858,0.07295069433520326,100.38233217364422
206,25,n14,0.7206739757754114,0.061881095117688245,115.66206170765285
206,25,n15,0.7156897620469471,0.10182147308709724,101.16039319361987
206,25,n16,0.6930742506391361,0.08036767426507345,104.06522646617049
206,25,n17,0.7091126385438498,0.06747023171619372,109.3530442506214
207,25,n00,0.19066796547084328,0.030738424763659084,46.25104718361228
207,25,n01,0.2680677213928413,0.040800199906732726,49.79575227133521
207,25,n02,0.28536403735508015,0.03416984690018213,51.29955487968646
207,25,n03,0.1728228338494606,0.02382167402188854,47.38634601404803
207,25,n04,0.2617736923950208,0.01936505131063909,43.031719414646155
207,25,n05,0.3129493905396468,0.03697727157244491,39.43105255818891
207,25,n06,0.22828807410191734,0.037504615577890296,54.37563705955027
207,25,n07,0.3080741122317645,0.029020914770953754,33.67159173968352
207,25,n08,0.24568652257488638,0.01000838129409419,42.99375452319246
207,25,n09,0.31633557563680137,0.023417369280443964,57.815119573137885
207,25,n10,0.2737090773933915,0.02693997569374244,49.585125457208626
207,25,n11,0.22426634676186435,0.024899102713065994,43.82263227974876
207,25,n12,0.24481448657129457,0.039159763182664606,45.093437350863084
207,25,n13,0.2555383526389538,0.03440101203901994,47.5566640171821
207,25,n14,0.19977886092696331,0.013960060098497151,39.64159696005916
207,25,n15,0.2273844628476415,0.033631398880530954,55.93487264588401
207,25,n16,0.19585701411407605,0.017690515086074554,29.48376916851319
207,25,n17,0.27201231603833886,0.01589868453916144,40.2458224861685
208,26,n00,0.24992334259982224,0.035291854692114294,32.126056815866214
208,26,n01,0.26600947404986636,0.021446082348648372,54.52745079183251
208,26,n02,0.3542084579233792,0.033053888274777926,46.419409463277255
208,26,n03,0.17199450539980363,0.02527324260941622,42.57302013873937
208,26,n04,0.187487423612696,0.025185426766779748,47.709050615593625
208,26,n05,0.26037762170962414,0.031588265008983554,34.49204439037641
208,26,n06,0.291286962528398,0.02705390160339515,53.60297438961427
208,26,n07,0.2564149271363861,0.033695827276305344,48.9762623073744
208,26,n08,0.2124082599666518,0.03674539062185386,42.71462844683871
208,26,n09,0.32325373479547076,0.029942597637801608,42.4777664616595
208,26,n10,0.16623474380728487,0.02432033325059846,30.635414728057516
208,26,n11,0.28593653826367293,0.017965703363871738,37.76772778204218
208,26,n12,0.22275601946920887,0.030271066272823513,52.37667306544273
208,26,n13,0.263716329027209,0.03212157898196707,56.86309712347989
208,26,n14,0.3189037645891102,0.03765602853282159,53.13745981636074
208,26,n15,0.25301230775890104,0.021478501054583106,51.48629899637449
208,26,n16,0.20136862335425262,0.03785530192735355,37.624279216022394
208,26,n17,0.31396409454836055,0.02112823898717799,49.14540238414771
209,26,n00,0.716890826707451,0.08007768983383619,116.16043854900121
209,26,n01,0.6933709430005046,0.0766988610488642,111.1749157361628
209,26,n02,0.7182121820350734,0.09590474913357386,110.77763877251728
209,26,n03,0.7288938861016332,0.08055423969070541,110.47599758196542
209,26,n04,0.7633695064333893,0.06656249274226733,121.33213325018002
209,26,n05,0.7169925126430525,0.070297513343713,98.01078651535451
209,26,n06,0.70383380541155,0.07710886363264467,103.73547437130354
209,26,n07,0.7182762752166816,0.09205864110899321,104.92347532908352
209,26,n08,0.6762279738667717,0.09040178848572433,116.9866942266729
209,26,n09,0.7940988016485732,0.09685273751646443,96.53864006411305
209,26,n10,0.6459083342168809,0.08372959693918419,118.19468360480353
209,26,n11,0.6736155005396107,0.10723535777768547,109.57806673201834
209,26,n12,0.7547689734232458,0.10471164686037729,95.68111357438553
209,26,n13,0.7554585592726397,0.06471207339234543,106.4527275476182
209,26,n14,0.7516286787207035,0.10561058733692753,105.40670070223845
209,26,n15,0.7168569355737078,0.06762735239081101,107.07762587307847
209,26,n16,0.7197194771701847,0.08036337707382556,103.63570837279102
209,26,n17,0.7314916795047963,0.07361049428364745,103.16637182749469
210,26,n00,0.7380155938106648,0.07510020146570144,114.96586429845618
210,26,n01,0.7891694719034064,0.08494878182131978,100.02915650451348
210,26,n02,0.6820678563781719,0.08576017055890933,106.45154609282477
210,26,n03,0.7303454107855305,0.07664031201180965,108.89923981011786
210,26,n04,0.7121933220958662,0.10136732817050535,107.63013883916065
210,26,n05,0.6395258917345005,0.0707601975785526,109.72669734345986
210,26,n06,0.7699972617421165,0.08680274048012028,99.12989413145597
210,26,n07,0.6917901058160271,0.08154458467541359,99.80770161243848
210,26,n08,0.7522651111169716,0.09588265959369369,111.30858187127909
210,26,n09,0.6717377889695676,0.07995825350617758,108.75803479737283
210,26,n10,0.7095509286449877,0.06609052293478349,123.26544154129415
210,26,n11,0.7177904053289348,0.07315630832144264,103.06614086263333
210,26,n12,0.7681882511250913,0.08299164768643645,106.7799593652652
210,26,n13,0.6097854964755189,0.08052015966891803,105.79857936695738
210,26,n14,0.687100849235557,0.08964678710102193,115.9871259597454
210,26,n15,0.745037050309523,0.08148015207870196,114.7720950973155
210,26,n16,0.7423695021867374,0.07314623154273461,92.86062491433603
210,26,n17,0.7871148084416085,0.0860235389147611,105.09607760994142
211,26,n00,0.2592749016859777,0.02910833444753845,47.60123039150635
211,26,n01,0.1707768502175234,0.02788702593202181,38.16083708082604
211,26,n02,0.23139897749562466,0.011873682536651105,40.59873270829353
211,26,n03,0.25189228398170455,0.021967116812400156,26.230289819685094
211,26,n04,0.20822813711442972,0.024815830033970386,36.58262357807394
211,26,n05,0.2893817598343691,0.02455812103363053,50.0501696948074
211,26,n06,0.255423004169083,0.048394875983228586,53.21261654546841
211,26,n07,0.30390091070405284,0.012186186529613296,40.1025902690733
211,26,n08,0.31247606151504914,0.024701417698587913,42.17351324296755
211,26,n09,0.3000995444673248,0.020074639905542088,39.31652793457622
211,26,n10,0.2166112792291744,0.03434152406416998,40.29028557861278
211,26,n11,0.21893832708114874,0.03511628818288585,50.656944576877656
211,26,n12,0.32642664251190356,0.01606371849265262,43.3988234607742
211,26,n13,0.24133552929087598,0.014356020642414601,28.19395430781782
211,26,n14,0.18019936396300335,0.031735705255562144,35.93249121075144
211,26,n15,0.3591211036744829,0.061476267030720684,38.12328868267329
211,26,n16,0.2733258696183728,0.037462553139896076,45.16977394546956
211,26,n17,0.20963586224822023,0.030051614851786028,52.13554430008105
212,26,n00,0.6962058878950594,0.09121373172209023,103.29656822698445
212,26,n01,0.7585486255512998,0.06695230319171087,109.91858923515049
212,26,n02,0.7032899676786935,0.07917189332048469,103.07933937762847
212,26,n03,0.6927606737276862,0.08154664800385672,100.86600236039652
212,26,n04,0.732984083046121,0.08296116173057537,106.65340476294188
212,26,n05,0.6774431466608681,0.08529832409273816,124.22424231249923
212,26,n06,0.7304033608237983,0.07478570243172392,110.04968961391967
212,26,n07,0.6988517411169555,0.07857058303411144,120.19210875345952
212,26,n08,0.7130823533971774,0.0823937595460061,107.7499186855593
212,26,n09,0.6386430152835078,0.07079772588024529,103.02084070723319
212,26,n10,0.7411586206073798,0.08219366185088686,112.29356832694114
212,26,n11,0.7436506481921489,0.09167613756473904,99.63008195734282
212,26,n12,0.8003234408976863,0.0952334515913822,98.31534037544314
212,26,n13,0.7353310473216225,0.0838256341183775,111.51281628910172
212,26,n14,0.7667891632338227,0.08980171778135868,107.2594351448849
212,26,n15,0.734266458756962,0.07510277304166887,113.44570304626652
212,26,n16,0.7117718828607078,0.09247652332946354,108.83801172881887
212,26,n17,0.6893347640866387,0.0819722452669604,95.97315914620712
213,26,n00,0.24515029905760527,0.027447618593471206,47.489791973671146
213,26,n01,0.2790808615275766,0.028404879786068277,50.46884029173731
213,26,n02,0.25101372724611704,0.024024297874062572,47.09961779939976
213,26,n03,0.29912775229398364,0.03659766765958744,56.59788312369265
213,26,n04,0.2322815437477122,0.05605864802594952,46.263790073407144
213,26,n05,0.278562492606508,0.02460670676001801,42.037231446902936
213,26,n06,0.2559115687128996,0.0322272405230309,34.126955267739405
213,26,n07,0.2895079920434353,0.035963322770117254,44.200154593257814
213,26,n08,0.18757137982730207,0.04361574145627001,45.70301039155967
213,26,n09,0.18791809612258173,0.05354644722018103,43.56882333899443
213,26,n10,0.22561602126961203,0.05689595475537385,47.60591728900573
213,26,n11,0.2443311155541431,0.024983285419321263,49.646058958104625
213,26,n12,0.21565022000310996,0.020331823048402763,35.95073704847995
213,26,n13,0.171629190300838,0.03054891956649142,48.76204718155747
213,26,n14,0.27776758065645035,0.042534166957839445,53.28611627923869
213,26,n15,0.21016841266153005,0.02909139288356235,41.13251887919009
213,26,n16,0.23779219141723829,0.030720194118410912,40.506718919424024
213,26,n17,0.18391648953949832,0.02256213215213234,65.57242130058228
214,26,n00,0.23453745384016725,0.04509066973700597,40.63652203185008
214,26,n01,0.2489854440717463,0.02443219698701054,47.15490276458612
214,26,n02,0.18025427340180472,0.023353202538553115,55.90996685267677
214,26,n03,0.27043341772813945,0.02738719211358369,50.67930905288887
214,26,n04,0.23844651032653874,0.02310522499145201,45.44065243788143
214,26,n05,0.27203969964262137,0.027697650437267445,51.408077511357504
214,26,n06,0.28265692993791036,0.0345182579813658,38.639608006763744
214,26,n07,0.28657500822645426,0.021258965410752735,49.16502073127835
214,26,n08,0.29675994175498244,0.030199646814609397,44.561310829162515
214,26,n09,0.22987744627500672,0.020696170235728666,48.83816868026594
214,26,n10,0.2009945437071546,0.03049265208388136,41.6353248914255
214,26,n11,0.2695812006254733,0.041339103818179845,41.53763215828866
214,26,n12,0.3160635908255403,0.029841578736204466,50.72637699407895
214,26,n13,0.22388073100480999,0.025389573022266396,40.26714832005901
214,26,n14,0.25497645108840794,0.03204403146584967,39.81884280013291
214,26,n15,0.21891988965353112,0.050232910598633204,61.4944093563428
214,26,n16,0.2650778426010271,0.0384550293546671,38.737765808963616
214,26,n17,0.2596756093901874,0.023792987317997963,47.41497042612993
215,26,n00,0.1910217805238852,0.02876025285671444,41.34252373000597
215,26,n01,0.24047073646865308,0.02974783470183831,38.24134885038063
215,26,n02,0.2758940472812396,0.017017285454177807,57.88627353778744
215,26,n03,0.2433702899625316,0.02794275975162201,41.93014539186279
215,26,n04,0.2301854358900401,0.033123433527278,43.84491719763796
215,26,n05,0.21626350697538538,0.02023332283179264,34.86040385865949
215,26,n06,0.27344106300619897,0.05111564229747666,44.40418847681793
215,26,n07,0.3152321530735105,0.029056805684846684,38.41606202014316
215,26,n08,0.24088604023745572,0.03502863258125034,51.349233386079824
215,26,n09,0.2387239724512433,0.03316681035605061,49.31537734919382
215,26,n10,0.17823704675442886,0.040372945408082436,41.80905359592221
215,26,n11,0.31385206673147065,0.03547503327411542,53.12712484875754
215,26,n12,0.24350989156729963,0.03200308043533946,39.34523177448889
215,26,n13,0.27377137475224744,0.03881102576442656,44.91718306280959
215,26,n14,0.25053530570691834,0.01918647449547965,36.492221514718345
215,26,n15,0.2851059989488126,0.04575009647928775,27.212039096929594
215,26,n16,0.24992590000513673,0.024976819478341194,49.31685184604038
215,26,n17,0.290186917687968,0.03711906915095756,40.54801316308291
216,27,n00,0.653859044499632,0.06492381864909308,115.44758228734429
216,27,n01,0.7961369109815396,0.06169412309809616,107.11963401664005
216,27,n02,0.731187801465987,0.08325975023290304,102.1281183193217
216,27,n03,0.6411228663483708,0.0854336641738662,122.13205641604874
216,27,n04,0.7309370751729447,0.109560021024669,105.18838815690808
216,27,n05,0.7341504790843275,0.07824750371224226,98.4676971064097
216,27,n06,0.6736666166718082,0.07368818472118693,111.5838059635226
216,27,n07,0.6664439618892777,0.06981404168607226,103.58087647718023
216,27,n08,0.6963867144008148,0.05799824335111883,104.85729621732588
216,27,n09,0.7332787727691823,0.07869072891503269,125.03790688214183
216,27,n10,0.7087726454272812,0.07405814165717292,110.97047984667688
216,27,n11,0.6398245628691426,0.09688054777137414,107.09063200046191
216,27,n12,0.7070765375667961,0.06782949726412903,101.99612771086582
217,27,n00,0.8021167830893197,0.08567476072779102,108.31506768635225
217,27,n01,0.671891056262848,0.06324910673743146,100.69470114008806
217,27,n02,0.6689798431569994,0.07421516440557162,100.33280785835755
217,27,n03,0.7832154490819176,0.0913372853804457,117.61622335971327
217,27,n04,0.6972208588355427,0.06215258256793693,107.58947550981617
217,27,n05,0.6981741453599615,0.051759363825834584,103.17704133285675
217,27,n06,0.7175121940712089,0.07848392359798868,108.97592621275383
217,27,n07,0.643616459497888,0.07906804194032888,115.68014146824221
217,27,n08,0.6403052136400768,0.052125134091256395,103.49886520045584
217,27,n09,0.7566474411937407,0.054855589426412374,117.44786976625802
217,27,n10,0.7164877501608466,0.06373853717693152,114.75986992871192
217,27,n11,0.7794401079966774,0.09578690121017328,113.44486268762525
217,27,n12,0.7443347090756313,0.07344086044994753,99.98619206751495
218,27,n00,0.16791144490498233,0.044347700914440145,39.46873701115789
218,27,n01,0.2553450943273447,0.031085290965239768,38.418664394082306
218,27,n02,0.23240731229338552,0.024059546504045723,46.387868211295114
218,27,n03,0.35328492727435723,0.03421772452504437,44.96839283508414
218,27,n04,0.3018265827886411,0.038845378558361954,56.71737524332887
218,27,n05,0.2803132403397122,0.029769393017489328,33.19302243810913
218,27,n06,0.2731058184414432,0.025462590349639578,42.8350942050372
218,27,n07,0.21092408311693084,0.02774866591107167,46.32923901689871
218,27,n08,0.2692841483696485,0.06503741911118274,49.846058591930955
218,27,n09,0.24381417032231503,0.03718640128753837,47.770224307443144
218,27,n10,0.2371351240712102,0.009392759993375632,46.57286605803353
218,27,n11,0.30541928303371757,0.02213569631367411,39.888751973534845
218,27,n12,0.2613398950733155,0.029249041897247988,42.89479251589451
219,27,n00,0.25320574172511096,0.016950007186603694,48.999000709589076
219,27,n01,0.20151278979826548,0.02398133359582432,44.025996053639176
219,27,n02,0.23755448084485425,0.046878563194468245,42.59580695744765
219,27,n03,0.31712285588898037,0.030831649451413774,46.742947086760786
219,27,n04,0.2677837625688298,0.024001521907175062,48.68741675114167
219,27,n05,0.25433927528456873,0.040119533854236146,48.53943725841066
219,27,n06,0.3045064871596032,0.019430576863773266,56.24759293301074
219,27,n07,0.28097695563924047,0.04626365347136408,40.50668118329359
219,27,n08,0.25123848868545107,0.025078799735164196,59.67334434765246
219,27,n09,0.3473550187321952,0.01935613833499873,43.30614065855311
219,27,n10,0.28987735968324346,0.024626505160658698,41.631832048361765
219,27,n11,0.3156289858007217,0.03340987416479036,44.72194909357171
219,27,n12,0.2650711028313207,0.023477159228461355,59.01154854751713
220,27,n00,0.7221632529142665,0.06211446407746381,113.37273135555827
220,27,n01,0.7702439709460229,0.06933872723344497,103.77496944850407
220,27,n02,0.7790927921696902,0.07570402642538518,112.32403753322963
220,27,n03,0.80095019137851,0.07608171601068434,106.1128837019079
220,27,n04,0.6721354476238226,0.07628085676179173,109.78517690698571
220,27,n05,0.7460118541459438,0.07542073434598784,97.95930864510271
220,27,n06,0.7085161761225974,0.06627270135797907,116.17950112717499
220,27,n07,0.7348521667288346,0.08237324709280297,113.74686686106557
220,27,n08,0.6899197197414404,0.09168282816751755,121.29382715384676
220,27,n09,0.6671472631451042,0.07871137143902253,96.82691227739508
220,27,n10,0.708291354681972,0.0567530298552594,112.0528690202955
220,27,n11,0.7915346695700439,0.07608413824507919,102.74152142569234
220,27,n12,0.700420767037316,0.07829325467647898,111.40033176715234
221,27,n00,0.25312128347152957,0.046342692329393094,39.2456112527815
221,27,n01,0.3479081981352736,0.0390831612534603,55.58915905674536
221,27,n02,0.21024489376375316,0.024786368680080988,39.19804131921803
221,27,n03,0.21632319909568612,0.039876610801617446,27.277674151960742
221,27,n04,0.265506388080625,0.02114167675400653,53.30515181251923
221,27,n05,0.25736356949018735,0.008384530742644298,47.592184916276054
221,27,n06,0.21600539370495217,0.030118407844050055,35.90964291054793
221,27,n07,0.14997989649231003,0.021465059387189244,50.90570756870508
221,27,n08,0.30868975747694705,0.038766620840791306,44.29540080461546
221,27,n09,0.2893670760031766,0.03667056772519619,49.014920549375766
221,27,n10,0.23630119424954288,0.03973760402943456,53.49395009947509
221,27,n11,0.25722286821980533,0.03928665272131954,56.44326344091702
221,27,n12,0.2879667777630111,0.04396655068534202,44.24291031778256
222,27,n00,0.2721192381118535,0.01755460514520224,52.151119312616444
222,27,n01,0.24683007634894202,0.04975521886433918,47.78449538984027
222,27,n02,0.2852600262253999,0.02199745692494133,46.68137687104767
222,27,n03,0.27157669088289055,0.01732143629689053,38.789309345521175
222,27,n04,0.23840414228499363,0.03432566063238264,41.1533947602107
222,27,n05,0.22150033367682825,0.03791896057336243,44.694487932281234
222,27,n06,0.3268541730886028,0.03516214312646886,46.16168583090413
222,27,n07,0.23716480784183422,0.02192562281368941,51.89322528802322
222,27,n08,0.32040315909284894,0.03308567784314501,36.771165724033146
222,27,n09,0.2826533970238029,0.04656073491740437,40.21894379763204
222,27,n10,0.23554069120664708,0.025135227330513876,52.60931832607787
222,27,n11,0.2443500932475684,0.016823061555070455,30.588162926675952
222,27,n12,0.26266069167073736,0.041021923315727835,49.95985898075332
223,27,n00,0.22502850404372723,0.030341626492513,39.09092040556517
223,27,n01,0.2400317250861355,0.03423471833309908,53.62966020328266
223,27,n02,0.17110545933584342,0.02523355685139976,37.81906941450035
223,27,n03,0.2816484402892917,0.036804354383897016,41.72872699777997
223,27,n04,0.25647357360325124,0.03267179989504549,45.240596110580015
223,27,n05,0.31557039398546427,0.026860329029621717,35.383785489857075
223,27,n06,0.23440984517328428,0.025033257071661333,41.734466651388715
223,27,n07,0.23880040246845644,0.03716422395255532,60.74420112925472
223,27,n08,0.2097457623952273,0.04003446714888808,27.91873853686331
223,27,n09,0.24527052659001547,0.030048494678226425,45.49259755708091
223,27,n10,0.27632645447214793,0.035909590008591646,37.54813685507243
223,27,n11,0.20196318591237641,0.04483401694993144,63.133574003100925
223,27,n12,0.1944033404819357,0.0285094814407547,42.72840786850032
224,28,n00,0.7074162302186292,0.06490011672928024,121.13584972835243
224,28,n01,0.6766312368799582,0.08090989103681574,112.37446737682684
224,28,n02,0.7165892931574833,0.09093241581477247,101.43229661710704
224,28,n03,0.6976203781898291,0.09000100352231644,127.72457541388316
224,28,n04,0.6623446017118784,0.07388677992133327,113.61797227074645
224,28,n05,0.6862439471622847,0.08704013209157939,111.00007600205844
224,28,n06,0.6460592646088794,0.08179556964074455,115.45498624565188
224,28,n07,0.6975022586585611,0.07054229068592223,115.26735248836302
224,28,n08,0.739274571388979,0.08602701134656857,101.74350864071704
224,28,n09,0.7256754610963827,0.0872535154217406,108.94380578921304
224,28,n10,0.7686227411216517,0.07761043044780874,104.24721341325044
224,28,n11,0.7400497055181671,0.06800430050149003,110.92953193113584
224,28,n12,0.6617045166825121,0.07817795472861652,106.34350362883346
224,28,n13,0.6541407072801348,0.07467364008296076,99.25434739514424
224,28,n14,0.7461925806087126,0.09815827472913338,113.50782288740105
224,28,n15,0.7034686744271477,0.08496404997949474,99.79034021810186
224,28,n16,0.7269915566266084,0.05623526624361919,105.54576682260827
225,28,n00,0.7760471396956108,0.10549450727806378,115.19105412424831
225,28,n01,0.6912518270212479,0.09089265681332684,101.36560706776189
225,28,n02,0.6620966176135525,0.085817217435685,120.06329304654929
225,28,n03,0.7611973077276137,0.049897253784157006,120.8313456823119
225,28,n04,0.7907469822685752,0.06071747070834392,109.8890099979709
225,28,n05,0.7149624206814322,0.06950862720382514,132.31031766946063
225,28,n06,0.643299104552808,0.08287463635752142,107.9773376911127
225,28,n07,0.7432668325900106,0.09027645979904475,107.78002717957361
225,28,n08,0.6348393911524061,0.06583676276054459,103.31221719776833
225,28,n09,0.6634561496814418,0.08131810133337028,101.01203432256791
225,28,n10,0.7661989238275726,0.0746101628490661,106.23800525541655
225,28,n11,0.7059275910482601,0.06191834362467975,111.03756674323603
225,28,n12,0.6720153243593516,0.07626279210763051,107.89596661336542
225,28,n13,0.6617582110687563,0.0870369307418913,108.66003415105018
225,28,n14,0.738648839169856,0.10049129008409613,110.12359958730877
225,28,n15,0.6622813867566616,0.09359520453280865,107.37846750013098
225,28,n16,0.7280652747643804,0.07206258529293771,108.4695958302805
226,28,n00,0.26040787372773033,0.03578561465980918,57.156943541260944
226,28,n01,0.26157989685771116,0.0013311860621297994,53.642551476104344
226,28,n02,0.3039323329105523,0.05407909921404361,29.672006364986668
226,28,n03,0.25614468985739414,0.03901208591380595,42.72890993156678
226,28,n04,0.23245086726052147,0.02423710108739766,54.269196367320724
226,28,n05,0.2574097815226389,0.049039094999295874,49.72652423861034
226,28,n06,0.26678517510084215,0.018942851686504655,42.29946993313082
226,28,n07,0.28789005161060627,0.03407077875277492,56.72042688279214
226,28,n08,0.22754163948600903,0.035176782415178354,36.43550578020043
226,28,n09,0.32374020685000615,0.023422330116378908,44.828544591868855
226,28,n10,0.2283944362076622,0.003396787482235087,42.55389896283905
226,28,n11,0.2907168604251546,0.018548409334577295,39.049210961385384
226,28,n12,0.2462940552064685,0.05747621087146462,49.07685904715012
226,28,n13,0.22010798952611732,0.00582032882052683,56.82150912843713
226,28,n14,0.24346496466566744,0.016871818776851902,55.29343414187007
226,28,n15,0.28918621275221296,0.031856432896027055,33.56491667729938
226,28,n16,0.2487552748076712,0.034497962535882075,38.44728564663002
227,28,n00,0.32321214362797235,0.035567059103662035,60.41325442757807
227,28,n01,0.26774062040667584,0.0,50.825554223353315
227,28,n02,0.2461179940757392,0.012054216145198225,44.36307809956417
227,28,n03,0.26042109516156237,0.023598169183231564,60.009261819085204
227,28,n04,0.23514388182530852,0.017127668701871678,37.86328635142456
227,28,n05,0.28686684007683383,0.041305110760714844,51.11972917586373
227,28,n06,0.21490957732016386,0.02034522739947322,54.410539338840806
227,28,n07,0.2717525940432235,0.0404594773038371,41.89175154840337
227,28,n08,0.22694475131707473,0.02211856804261056,49.530755199753685
227,28,n09,0.2581941287077789,0.0,43.194976269769924
227,28,n10,0.2909699766187295,0.03566115509501745,39.38880015045544
227,28,n11,0.31459021036016843,0.032124924223800096,42.471433576865415
227,28,n12,0.21066336791580004,0.03022669680744282,36.8299427142217
227,28,n13,0.2549808520635732,0.028708258276590203,41.02841874853074
227,28,n14,0.19052881837171007,0.030183359745211805,34.650489282343806
227,28,n15,0.24569689786254403,0.02458384895327659,34.408989268181124
227,28,n16,0.2013357669486823,0.04571865793556158,37.09899491645011
228,28,n00,0.7893836219151779,0.08269381567387972,111.1355883330209
228,28,n01,0.6710510812626843,0.07445654798231821,97.45093214852139
228,28,n02,0.6622871657052781,0.0798583250879022,120.84042248380806
228,28,n03,0.7441671456086556,0.09392121920420159,105.87514479518703
228,28,n04,0.6214108553512905,0.09082104179361436,108.05081279687722
228,28,n05,0.7339709898659328,0.09592817085614529,123.83023046211787
228,28,n06,0.7467259139876241,0.08332161327027193,100.05722614957924
228,28,n07,0.7169281813255396,0.09302766432696509,112.15046276938294
228,28,n08,0.7655986908970959,0.08724847016593634,110.4589248326313
228,28,n09,0.6865799333462048,0.0659964174155315,104.5402449322218
228,28,n10,0.7076666660805061,0.07868714495387835,105.70521566595937
228,28,n11,0.6366771002950776,0.07332448155206184,118.05247238676674
228,28,n12,0.7294301886670566,0.09929585997927326,107.70970151358337
228,28,n13,0.7230874675030855,0.07459126701336748,118.83709459825332
228,28,n14,0.6940277817363963,0.09459277431072143,119.08106633178727
228,28,n15,0.6969265282115154,0.06192926785177173,111.5940764453951
228,28,n16,0.6521442086753348,0.07279727431629836,102.62085388416183
229,28,n00,0.292138247642361,0.03601632327425138,44.85577729838305
229,28,n01,0.19663063169342707,0.017339849777979196,48.29669208161242
229,28,n02,0.31905725300290494,0.032644646710634134,47.53879322773192
229,28,n03,0.2960550506911717,0.012064967797969166,28.511900520093146
229,28,n04,0.20137171944034127,0.03266851657091131,34.94849190264179
229,28,n05,0.2357467032454972,0.06345329808492581,45.988332568572666
229,28,n06,0.21527265968488135,0.03447503677499205,38.58797012766418
229,28,n07,0.24361529458506997,0.030689631506524772,40.7367766089505
229,28,n08,0.24256924017457276,0.030637531546180773,38.911150995018424
229,28,n09,0.22518662330950895,0.033023423703098506,39.98130652888261
229,28,n10,0.23136994478019487,0.04131209204018996,38.39018580276071
229,28,n11,0.315256545616223,0.03164478375797012,50.27248388137145
229,28,n12,0.2638082054598118,0.026080633358596946,44.57924205485057
229,28,n13,0.22246235015006072,0.04237892775188233,36.41733487185209
229,28,n14,0.22248024562899296,0.04780342470784947,48.67591334526259
229,28,n15,0.32778340261315553,0.036315007554029444,47.15024504314406
229,28,n16,0.22969655664205318,0.011118897258597715,48.17141313255229
230,28,n00,0.23072285952323068,0.013025429792714698,43.42766689185144
230,28,n01,0.2612779085474283,0.03188933399715805,37.912386633809874
230,28,n02,0.3077947203419173,0.02143786569704021,54.893223117251225
230,28,n03,0.28416525155915895,0.03609790947759068,48.095093410576936
230,28,n04,0.1543257815494382,0.042098959922818334,61.045354577473546
230,28,n05,0.35307317226519863,0.034522285990275875,46.47138991488794
230,28,n06,0.33374698492023214,0.04078987362532921,25.12608353506798
230,28,n07,0.22822327086602032,0.024850082327835726,34.26605776876622
230,28,n08,0.3150852737555869,0.03527322314928865,47.94885152902778
230,28,n09,0.27932757770004873,0.03122856138063819,45.19732465831376
230,28,n10,0.22809659410680508,0.047298841557480445,39.610606211776535
230,28,n11,0.29685892608421477,0.0,56.15746463979105
230,28,n12,0.3455088390920782,0.029206525477095048,39.95201526570783
230,28,n13,0.27447171285114164,0.03913856807702007,37.922564896343665
230,28,n14,0.1975213116229005,0.02220548038451589,52.6275564374335
230,28,n15,0.28495713952230056,0.023876465966890716,51.11550450777581
230,28,n16,0.2703583423542757,0.024818759117436914,39.99211090992924
231,28,n00,0.6735168468947607,0.07914359163011335,110.78571926043831
231,28,n01,0.6836172729177531,0.07524523954926111,117.11956571949067
231,28,n02,0.6820863084981998,0.10514525837657349,103.98926101938807
231,28,n03,0.7348418532924443,0.0774643282303427,111.69982948442832
231,28,n04,0.7535253685900923,0.08526891186313398,119.01503099390172
231,28,n05,0.7512579938976918,0.08217613384669567,112.9597906187497
231,28,n06,0.7503925927368937,0.09279372871476363,116.71469990039418
231,28,n07,0.7054176089152473,0.09670792776011561,119.18155444967135
231,28,n08,0.6578595555045947,0.0781956662803476,120.12026101152765
231,28,n09,0.7196746549941307,0.0992711308039185,121.87635149346498
231,28,n10,0.6755439457624746,0.09745341553850391,118.58315904020372
231,28,n11,0.7761591489622076,0.07863400782354175,120.13562575584832
231,28,n12,0.6591184108698251,0.07139142593055674,105.05155741207874
231,28,n13,0.7225135921583947,0.07076288125840381,103.07488560744405
231,28,n14,0.6572012288477063,0.07017306696392175,104.79603073186539
231,28,n15,0.7419911576089928,0.07774427266746588,116.74584263196658
231,28,n16,0.7145378106675715,0.08752760235902553,109.7126978867885
232,29,n00,0.2945765429367867,0.055963959873596994,49.25028124722905
232,29,n01,0.3202981853393668,0.029414180588840023,34.37962322670368
232,29,n02,0.2566033450648778,0.010402677887678548,47.96544336781877
232,29,n03,0.23757412476325185,0.03329146457291973,58.23490218761719
232,29,n04,0.2613922843057862,0.03621174941766662,49.034585529238214
232,29,n05,0.2846973188757227,0.03540524763435595,45.44208035331758
232,29,n06,0.2685887761846492,0.05532502169140906,38.225669414163946
232,29,n07,0.26119191127371477,0.04546889754286222,39.37988095698431
232,29,n08,0.21791847006142706,0.037840449245861114,46.04857702631529
232,29,n09,0.2791549936994996,0.03375547134256476,34.75680396788685
232,29,n10,0.2301551072646526,0.015295117182738627,53.823214864716384
232,29,n11,0.2457792352837608,0.020433491694870895,32.13741274824201
233,29,n00,0.24135654404542575,0.042332830936101275,41.41105404617799
233,29,n01,0.25742167226014573,0.02291401102742223,42.47238033731215
233,29,n02,0.26845876514533645,0.0358784452884011,54.023191738932496
233,29,n03,0.312888992904059,0.01982037855371112,38.74018807402639
233,29,n04,0.1880107246362896,0.05481397832154585,38.96531271809627
233,29,n05,0.34078184998570227,0.002929496274281438,33.251182371958464
233,29,n06,0.22651846425855893,0.008205793217797002,31.11138765360019
233,29,n07,0.2697914334338848,0.03161580214371376,43.07531110768527
233,29,n08,0.2576893630001915,0.02541722982543216,25.112080108896173
233,29,n09,0.2817497195760857,0.011794169760067814,40.84121488541558
233,29,n10,0.24985590386215792,0.04198670137511795,63.227122672280075
233,29,n11,0.2165441016883158,0.022876883961072004,41.87874446202263
234,29,n00,0.6219466398149504,0.08651500013117405,110.53142692873945
234,29,n01,0.715144128208023,0.06748978290862244,108.09829744640867
234,29,n02,0.7557039041834429,0.06155684324804528,103.3738952053096
234,29,n03,0.7879221725345297,0.09651622713728658,109.6087262888139
234,29,n04,0.7292416867251145,0.07437311426944362,113.41465485897092
234,29,n05,0.6805572486048737,0.06984067087229871,99.9947910445344
234,29,n06,0.7875225143212182,0.07662937792747403,120.60469044714344
234,29,n07,0.8289284339545979,0.0875418456009992,106.04663035413701
234,29,n08,0.7681671196345572,0.08958206294556839,95.9239306771331
234,29,n09,0.6775862396103263,0.08373101352694795,117.0871644681778
234,29,n10,0.7256391739520411,0.06561272886196388,96.20783382656717
234,29,n11,0.7030995461520687,0.09822491989565708,108.41844853441398
235,29,n00,0.23379997633350696,0.021502988319556833,36.660964936381355
235,29,n01,0.2995278878925559,0.028576570920885468,35.01988852141528
235,29,n02,0.2831198669378436,0.018747989631095627,49.87772745501265
235,29,n03,0.3074356078060868,0.0280046335454188,41.901095556320506
235,29,n04,0.21484321105394363,0.03755485327443568,52.18379056387388
235,29,n05,0.25390286919071076,0.017682285609882768,34.86361173340748
235,29,n06,0.24547096365542173,0.038237555321157066,27.218054694094345
235,29,n07,0.23857689242401817,0.01707918497618239,61.42794165229036
235,29,n08,0.26996022959999444,0.026464527405295188,43.56255067376651
235,29,n09,0.20451441710828988,0.022393102110066773,47.54883646924944
235,29,n10,0.266710692654021,0.040376585849425134,37.15856248521983
235,29,n11,0.18838400388207455,0.04068784831122179,56.50378827752496
236,29,n00,0.717158499486756,0.09018270587489241,109.00386649346414
236,29,n01,0.7750230965775802,0.08813811053259506,115.43894114555778
236,29,n02,0.7975330624483545,0.09529836142467411,104.45791757408564
236,29,n03,0.7618217711101058,0.09760040134084993,122.38516131757672
236,29,n04,0.6750398210523394,0.08377388350926328,109.4582976182778
236,29,n05,0.6991737398255021,0.09547550881682075,107.66701760478044
236,29,n06,0.8148211160240636,0.09465407653645107,111.56709251764362
236,29,n07,0.8670959309792449,0.09863683387827046,98.92367909068767
236,29,n08,0.7393186097720015,0.07983892941970126,99.9423747222162
236,29,n09,0.7003220793667672,0.07259483333453991,101.92759771210592
236,29,n10,0.7329404871801332,0.08043749900130891,109.08354105999918
236,29,n11,0.7384578366828836,0.06947392627289174,104.14028221200742
237,29,n00,0.7586913789335952,0.1026930252001881,107.3914970550525
237,29,n01,0.7667238580788955,0.07992923539059672,115.44327782826622
237,29,n02,0.7494750843860671,0.07487684985583117,113.75965021547259
237,29,n03,0.7197199005466098,0.08078927090275424,113.95025502890037
237,29,n04,0.6541537826601754,0.06572579237724273,102.85057825526287
237,29,n05,0.7080422214945422,0.08281423871261787,119.39372597642908
237,29,n06,0.7044565460640052,0.06649422295225477,114.37645447073851
237,29,n07,0.6596911461211128,0.08004584332381745,106.94013099028825
237,29,n08,0.6745023314935663,0.06337562158074378,111.23830790332667
237,29,n09,0.7198679910374508,0.07896990936856928,103.70038741878905
237,29,n10,0.7339565614253342,0.07997725325995748,116.01012732783218
237,29,n11,0.6510667314999504,0.08689711420905231,103.22109150551466
238,29,n00,0.7371463854210223,0.06883584717864533,122.17033324656394
238,29,n01,0.7662234415309039,0.07296655832572614,99.41289627325591
238,29,n02,0.7306798949772082,0.08158346735189015,109.74499308132926
238,29,n03,0.7997780752503102,0.07849165234060279,117.20176658387344
238,29,n04,0.6742211074674436,0.08094948829436241,109.71317374828011
238,29,n05,0.7703289580000315,0.06347718992304233,108.19945445405942
238,29,n06,0.7392107185056851,0.07004998035775277,102.58538111221198
238,29,n07,0.670242017454386,0.0737035330940747,116.3260579125322
238,29,n08,0.7143710909069252,0.06420729703584989,117.22585833229857
238,29,n09,0.7550430556193387,0.08341658914398464,95.30567879988928
238,29,n10,0.6826327051336141,0.0794991343047815,120.37082308089379
238,29,n11,0.7334000665956306,0.07034667561714915,95.74561036483338
239,29,n00,0.8137465274501972,0.08522234297021285,106.43837094813226
239,29,n01,0.7182593667203407,0.09791723765436727,120.51863943651288
239,29,n02,0.7682737509325915,0.06067735329673259,118.31264323408074
239,29,n03,0.7505847954989702,0.09904480868719075,91.55697957062523
239,29,n04,0.7847706052147922,0.10379965023919449,114.69815118599018
239,29,n05,0.6714224542735036,0.08439261961409444,94.36520039771688
239,29,n06,0.705928875926016,0.07402498346235371,108.09458999073142
239,29,n07,0.7322369081180373,0.07335804932944388,107.15180175754294
239,29,n08,0.7513280652561622,0.06742643099458893,111.95011360528213
239,29,n09,0.8262325504177479,0.058058602289825234,117.6348341865722
239,29,n10,0.686584915899468,0.09356081025840507,101.46219598520891
239,29,n11,0.6714287821670667,0.07009114040630103,112.53162320341225
240,30,n00,0.7324830850182209,0.06548139244594578,102.45937542631884
240,30,n01,0.7176424916139058,0.09795287676902481,108.09392351554257
240,30,n02,0.7613101789334149,0.08883556266011436,133.2798651839292
240,30,n03,0.7147325869832614,0.09674854687717795,115.71280809218068
240,30,n04,0.7997592421316996,0.07379626034632206,94.02987329702188
240,30,n05,0.6656696780795109,0.07984786710373333,113.70702141846303
240,30,n06,0.7698422772551307,0.06273010830716644,101.53630547182277
240,30,n07,0.76103362782214,0.07522139262875126,100.64513501203682
240,30,n08,0.6963589552503286,0.07645302572477286,105.716117836861
240,30,n09,0.7035126184256771,0.07174615248863352,99.07022203612634
240,30,n10,0.710636903782059,0.08802098030458556,118.20768195611036
241,30,n00,0.20173197235020018,0.0155505684287515,58.034326076398436
241,30,n01,0.29267900160549676,0.02670169548562927,45.63989951410648
241,30,n02,0.2900607464214772,0.032093775153507705,48.29888239993375
241,30,n03,0.19612813964614811,0.0472996039286018,41.75885254740167
241,30,n04,0.23464118244858714,0.02755299262625883,42.57444464099137
241,30,n05,0.24538001504548496,0.027238739196215073,49.52932274739879
241,30,n06,0.23665937790750838,0.04506944171784317,45.05097171435794
241,30,n07,0.33058183307539235,0.01967314708829193,55.44850093722369
241,30,n08,0.23537514304418147,0.019670162817033106,43.055041521750994
241,30,n09,0.21770496267761394,0.019451605170107855,52.79054591630404
241,30,n10,0.31167097324349535,0.04660019539521393,52.801110851228415
242,30,n00,0.35067118144047327,0.023224658720305248,53.63894105125949
242,30,n01,0.28621499057130234,0.0,27.26387431764811
242,30,n02,0.2504680296188933,0.02556308104832746,43.187979842229936
242,30,n03,0.21596500020291556,0.014963230307933962,44.49964467421166
242,30,n04,0.2884468585142967,0.035195719690866,36.1355759116793
242,30,n05,0.21782455289247463,0.03134685014841365,57.41915960692509
242,30,n06,0.26494726635716637,0.03422695678721196,49.43065879397871
242,30,n07,0.16615772965989734,0.03600610323679005,33.81315285342099
242,30,n08,0.22372013057163015,0.01902832841060801,40.82403681338792
242,30,n09,0.2157703288848213,0.017373958396831063,49.44011668421593
242,30,n10,0.2165705271368118,0.041115251639217386,44.87821810860336
243,30,n00,0.2012814508731036,0.02572548792061426,40.78347761381167
243,30,n01,0.19751780775727523,0.024909484806168815,47.56402219418111
243,30,n02,0.22474375670801322,0.05619319951916568,41.445484588825096
243,30,n03,0.2840893685087944,0.02900965873097558,51.504005896108595
243,30,n04,0.1849959661020526,0.03127743237078368,38.599020098880125
243,30,n05,0.15694987512021902,0.005174240602510663,39.317106111679465
243,30,n06,0.24956895535894053,0.006370088511908303,27.295199540459098
243,30,n07,0.2356301870871127,0.01660556235005258,45.4528045164277
243,30,n08,0.18811169949882475,0.04028752642326283,44.8119595492647
243,30,n09,0.3313020224723826,0.04347816516199711,52.243329139783775
243,30,n10,0.31231463683533733,0.024182224917928735,47.41857145355165
244,30,n00,0.3026049552193067,0.029583379353396038,42.440580895361244
244,30,n01,0.24452853855099854,0.03725952613909645,44.2863765975707
244,30,n02,0.28374311110249195,0.01280969649612708,42.85848951357325
244,30,n03,0.1950561379070183,0.019103427709544898,37.73546978973852
244,30,n04,0.20666711638561158,0.038511692532721256,44.89795874670172
244,30,n05,0.27181819385185585,0.02825911959983427,46.44535797907951
244,30,n06,0.31881649535175244,0.04117048452957715,40.91737948741568
244,30,n07,0.20260508876506622,0.024254295736134943,56.554424810070806
244,30,n08,0.28036385635060634,0.018887680095097996,48.31893726149025
244,30,n09,0.2673474771195378,0.03682847919610172,39.96928285706342
244,30,n10,0.2997768584577607,0.05007114786078204,46.93062576285726
245,30,n00,0.7850604265503309,0.08545926759675898,106.95563981909245
245,30,n01,0.7295431113114437,0.09872240019155172,103.14794279554654
245,30,n02,0.7855376192330938,0.06115355534350418,112.13239664061545
245,30,n03,0.6895941386642803,0.0976141387299864,105.53003857460655
245,30,n04,0.7452268968041861,0.08768192673182791,115.49913780410168
245,30,n05,0.7857441668614303,0.07786881847705357,115.96595928597031
245,30,n06,0.7111526732552419,0.08003540155656891,102.26893085877914
245,30,n07,0.7762160210667649,0.07092448787417287,111.01784025511618
245,30,n08,0.7456158392985455,0.07723815710678318,109.53419180119164
245,30,n09,0.7517460150724555,0.07059661119870528,108.49110337683987
245,30,n10,0.6925229978942553,0.07181390305262542,98.71471123300702
246,30,n00,0.1839471855664101,0.0314222647239492,31.49576691079518
246,30,n01,0.27444504121670654,0.021396997748456312,39.435886558114575
246,30,n02,0.3250725370972974,0.020471998936714395,42.58581463378011
246,30,n03,0.19733147291093947,0.039244303719217034,38.44677670575557
246,30,n04,0.26940942332731055,0.012207484847866455,41.89065856332017
246,30,n05,0.30441604082843404,0.009945647908247094,46.56093229999653
246,30,n06,0.28277493814633586,0.028825786016530235,37.574944545466344
246,30,n07,0.2681380241391413,0.022737749929868427,54.88938539243817
246,30,n08,0.2132933233653147,0.01468906157704383,46.0523918161105
246,30,n09,0.1663112026000916,0.023204905502899494,29.07035728272644
246,30,n10,0.20522967904253034,0.01688988834267189,52.71032760350855
247,30,n00,0.17936033700969028,0.03932958096273344,46.4031284782861
247,30,n01,0.23817445819875221,0.02907817369000354,52.87406264945344
247,30,n02,0.2711786309329805,0.03615227577316253,53.27046527328347
247,30,n03,0.30130721356406887,0.028913441312398876,44.587132999622774
247,30,n04,0.1900463062822657,0.02593785531208203,42.55848997286352
247,30,n05,0.2669052192241004,0.03711796678144831,50.82990285433839
247,30,n06,0.290984177984012,0.03831858208823101,44.586670080457765
247,30,n07,0.2599497480830958,0.03023559332014587,47.14146002652526
247,30,n08,0.22384924942836956,0.03552081901162632,46.87653410492867
247,30,n09,0.27830266393998093,0.04220849945413507,46.740753642445235
247,30,n10,0.2532318709445763,0.022180838615489883,44.06472035074434
248,31,n00,0.28438964152163126,0.015582209405772762,46.18956653058381
248,31,n01,0.24909769642343535,0.03293403931708582,37.482016098744296
248,31,n02,0.13855709370073954,0.03606020856196292,50.94895391027875
248,31,n03,0.24107766582710266,0.020557461128369835,53.73644078826629
248,31,n04,0.21684394362348433,0.041594300695631733,41.67089011335137
248,31,n05,0.19801151826057556,0.03646618714344402,37.96061201202829
248,31,n06,0.29304076278772395,0.02890181441779188,44.66640423611425
248,31,n07,0.3248328245927927,0.03115436216685637,53.669011079886474
248,31,n08,0.258103397884364,0.028402587013172966,49.339885810071394
248,31,n09,0.3006219718429282,0.03570458828025342,33.83548823759679
248,31,n10,0.16024774736563363,0.025421662101688756,44.892203868294814
248,31,n11,0.20530060713672565,0.004358072839219889,30.233471972566445
249,31,n00,0.7947122439169422,0.09432811420090668,112.47720248433082
249,31,n01,0.6692613311151289,0.07067219643363691,106.5463817540713
249,31,n02,0.7333061926512705,0.09341132727933377,103.05478955615021
249,31,n03,0.6957322814746888,0.07819162207127123,107.51646034479934
249,31,n04,0.7322807010864341,0.0763980740113393,116.76107762216994
249,31,n05,0.7805807213583863,0.08564614535584235,116.32957551842247
249,31,n06,0.7533723072809851,0.07339775384985064,122.45586364223301
249,31,n07,0.7113505296705348,0.07489078418472721,109.89176424996597
249,31,n08,0.7513478192133796,0.07234854927312849,111.67409913692644
249,31,n09,0.7981963600851656,0.08004344890889045,106.74729991618526
249,31,n10,0.8093901942320987,0.06799084063724092,108.88941027303657
249,31,n11,0.6952179834301627,0.07713567880381327,109.81839760539003
250,31,n00,0.20150562021088445,0.02166176097891719,40.89871393907396
250,31,n01,0.2713939983069138,0.030793967995635173,43.284199929205705
250,31,n02,0.22377773582907212,0.03205330161167204,35.95614218144395
250,31,n03,0.21239014564695025,0.05485220574314528,53.39801368852983
250,31,n04,0.2735968825305284,0.04784563981621369,62.69583658726364
250,31,n05,0.32373066292928177,0.011920764713312187,37.46677392146145
250,31,n06,0.2654683372050553,0.029186610828266884,60.52748056057469
250,31,n07,0.3192935684514464,0.03409265680848597,44.428045977970015
250,31,n08,0.23757809665926102,0.024470634453281286,40.02267900863176
250,31,n09,0.24288814275040319,0.03209517642877863,43.73931165685377
250,31,n10,0.3040961331175358,0.04212245589344836,56.24236136935379
250,31,n11,0.23288171256288598,0.042074788334551215,44.91641851731964
251,31,n00,0.17085363590259833,0.04186237348628336,45.64317531798775
251,31,n01,0.1907504870329176,0.03812650496015226,47.697636213055056
251,31,n02,0.26363724473340777,0.027493584875861815,56.532954748908914
251,31,n03,0.19713758322858013,0.015238722598909992,51.812934023702766
251,31,n04,0.23141072385983724,0.02630146918736941,49.375226073304965
251,31,n05,0.21558823101429925,0.019866191575579912,48.204086367774565
251,31,n06,0.26748721826055294,0.05140404445577113,54.40107813615587
251,31,n07,0.19059260241665704,0.037260236521755925,36.13131578970841
251,31,n08,0.28616165580723946,0.028005686962158063,46.57018324808785
251,31,n09,0.23248161738107348,0.028444503945118365,48.5871160322665
251,31,n10,0.22397438422284163,0.02289026790912326,46.09976878785606
251,31,n11,0.25229692323131675,0.048925213197585055,42.00777102742915
252,31,n00,0.2874428216397862,0.023399301532089075,41.3957161074257
252,31,n01,0.29792282454381824,0.053508206762304396,48.68193814968445
252,31,n02,0.1436166891201513,0.041682103078174736,38.939351393709586
252,31,n03,0.2525100324425433,0.015702140329216886,42.465781283835334
252,31,n04,0.30006355893722547,0.05830208789653944,48.06616795111175
252,31,n05,0.31017775823075555,0.012200727713264244,36.39065967878301
252,31,n06,0.2886494615227908,0.026101813730536938,54.17122530154902
252,31,n07,0.20427795050202227,0.034684873179024904,48.1875502677245
252,31,n08,0.28976362016647655,0.030700871225463416,46.36565054567617
252,31,n09,0.22837052762507812,0.014861454660742294,40.21318508595082
252,31,n10,0.26089231946669245,0.03346815518765278,35.563921667038464
252,31,n11,0.2108911028596585,0.02312140714040175,44.584757658605795
253,31,n00,0.6900701954799997,0.07846907721108931,121.1781329367252
253,31,n01,0.6876152449181601,0.09002976327905353,122.37097774424255
253,31,n02,0.8048027743866152,0.05872759752579898,107.04742053393383
253,31,n03,0.6652660730780386,0.08604332393968402,121.07521162973478
253,31,n04,0.7394171865427751,0.09481102928668063,106.52859786058609
253,31,n05,0.7597081512583723,0.059422659341515555,111.08995620901227
253,31,n06,0.7442873571725224,0.07751073588660998,120.67689774243377
253,31,n07,0.7280670312390994,0.07871817988314667,111.23989706958584
253,31,n08,0.7893158262405855,0.082963029222324,112.96724717578908
253,31,n09,0.6602485158555123,0.09646539126972373,118.669352153271
253,31,n10,0.7251054539989878,0.1075246123881678,100.79982853783393
253,31,n11,0.682399677952868,0.09390445995459196,108.38745134063154
254,31,n00,0.2143671837407693,0.005470060357735215,45.77793327344411
254,31,n01,0.34287502355089666,0.02650200310036299,42.97829705879999
254,31,n02,0.19516679038787033,0.030867536856549388,49.1215426226852
254,31,n03,0.2775950428730946,0.04095364722217144,45.3980675640742
254,31,n04,0.28534775166250115,0.04947569340712558,43.7552312823667
254,31,n05,0.31799230264925926,0.02516363589002421,43.14477374095457
254,31,n06,0.28508912888938176,0.031995423002821904,25.989887712064693
254,31,n07,0.25328539844788034,0.021725179432713314,28.96163908925474
254,31,n08,0.2905181810331971,0.04213530685737268,50.76763987519222
254,31,n09,0.23484083065984013,0.04147101270970671,39.56936266326498
254,31,n10,0.2689503732296873,0.025155358230196025,42.5815217133535
254,31,n11,0.3091888523130937,0.03054832845842035,58.98482749431277
255,31,n00,0.7575747120137954,0.09179324377051208,127.13800007785782
255,31,n01,0.7197109902214823,0.07227242743741379,103.12808538003453
255,31,n02,0.7566372765206315,0.09369460120623933,97.79395670774623
255,31,n03,0.7723806288435024,0.07759528982210098,111.60723328871445
255,31,n04,0.6992552184072478,0.08323876970280956,109.02090573406572
255,31,n05,0.7377557590488353,0.07830334848748806,124.32744298055718
255,31,n06,0.7833519368887238,0.07078594236195712,98.23143728968995
255,31,n07,0.7617965298457412,0.06667338057625112,112.24933159555046
255,31,n08,0.7468001811759903,0.0746480775131585,93.49109125148757
255,31,n09,0.8427624621263191,0.07873498654329578,101.88506082335206
255,31,n10,0.8057329149496306,0.07434057879463539,118.36186217014529
255,31,n11,0.7509352198117986,0.07331426850602946,104.0808619331159
256,32,n00,0.7293986131736704,0.07557231512159068,110.03846981196507
256,32,n01,0.7087116581541341,0.07953537623054678,107.66581682630364
256,32,n02,0.720315480080886,0.08551373120303184,118.73683652496581
256,32,n03,0.7968219786459232,0.07385971340942916,113.79026204778019
256,32,n04,0.6197490619789595,0.07850101795698311,105.85262396664726
256,32,n05,0.7595805772998127,0.058128839995414336,114.38011242456723
256,32,n06,0.7807702977116272,0.06017525307013698,95.4673197470666
256,32,n07,0.6909262854394155,0.09549316726103985,114.50289610885528
256,32,n08,0.7099520164491214,0.06877384569892003,118.72809712979347
256,32,n09,0.743845643333746,0.08708042844755005,96.8642485073949
256,32,n10,0.6974782055013885,0.06641896958511678,121.67096417809594
256,32,n11,0.7345123370689169,0.08571819156443743,104.16272920619545
256,32,n12,0.7206440938002914,0.08176736826200641,101.76524896611757
256,32,n13,0.6822907930346312,0.08714346531337082,99.63460384194397
256,32,n14,0.7693395102939612,0.06231025611814903,101.23972751408716
256,32,n15,0.6764135853145598,0.0890782503474663,96.36369267688009
257,32,n00,0.21285599384160728,0.027667590406376882,39.69187493860681
257,32,n01,0.27610305623881976,0.03966834243244223,33.13882249227957
257,32,n02,0.20037283105608156,0.03245271842142435,56.599555574582865
257,32,n03,0.21515179414123228,0.04049629740876773,48.59296782129157
257,32,n04,0.24181927421413973,0.024707108440915906,62.87547665353402
257,32,n05,0.21868542580688452,0.02140612945649851,45.04775894521614
257,32,n06,0.24941353118442763,0.028149439638551987,53.57399210652315
257,32,n07,0.20624795306525567,0.04149215317369934,37.954893674526765
257,32,n08,0.22646615704697526,0.0271454563113237,44.81791922705404
257,32,n09,0.22717176856206683,0.030738638947883878,30.509073095694045
257,32,n10,0.27527445380591925,0.03278737375698006,39.03897815345771
257,32,n11,0.1749615997280593,0.0401134484742985,51.34846884138712
257,32,n12,0.19893627915385637,0.01549511028292902,47.17168528836119
257,32,n13,0.29271156718353064,0.02604432918958885,52.571877861986444
257,32,n14,0.2236827262800507,0.04311255132168778,54.267063580038624
257,32,n15,0.3393904180932167,0.025224483451972878,44.89440613200893
258,32,n00,0.2119626590585789,0.017062456436584286,33.31560747712228
258,32,n01,0.2968311954518871,0.04528962732617983,56.33947012155504
258,32,n02,0.19640595496867613,0.037693491763350455,53.49280325504067
258,32,n03,0.20302631861834067,0.020404451193378432,40.70627425515818
258,32,n04,0.29352759483323304,0.0533020762317564,39.61574457018369
258,32,n05,0.29411156545778394,0.03647960566112177,30.710192639058263
258,32,n06,0.23662328057011395,0.013297153820367408,47.377907401229294
258,32,n07,0.2573611875312081,0.012690186575845159,51.95203222939765
258,32,n08,0.1915407043734416,0.019015526108348973,28.78498770040017
258,32,n09,0.3651178694120203,0.02826938619140358,39.122531982066754
258,32,n10,0.24250058806175234,0.04048237436971122,26.461021726451804
258,32,n11,0.21128681881606562,0.02177018032698823,36.676767796314984
258,32,n12,0.2265111327600416,0.01831203578871066,43.633973257256436
258,32,n13,0.28489586793307053,0.027278803427039887,34.84552752407375
258,32,n14,0.24988636680645984,0.04198124909390341,52.460725451013126
258,32,n15,0.25077507366447255,0.000436888293558136,40.70463957156545
259,32,n00,0.709099584147161,0.0883257984675225,103.10451167371379
259,32,n01,0.6928914867473038,0.07666066208709983,96.39513730606242
259,32,n02,0.7687689082654976,0.073591853867168,116.63944444381573
259,32,n03,0.734639086476195,0.08061561523144933,114.305577566795
259,32,n04,0.6954532925736482,0.07704869181882794,115.56822055928563
259,32,n05,0.7084919072543757,0.07917807367279656,120.85448659947899
259,32,n06,0.5882462436721475,0.08605195238188816,96.74222697621713
259,32,n07,0.7110334839874692,0.06921775641991837,122.68341738858969
259,32,n08,0.7102750130591922,0.05190880892359721,124.06326059241356
259,32,n09,0.7119598158715801,0.09159948022439127,104.18550727766335
259,32,n10,0.7764150605494871,0.07116501229640071,112.34838777613467
259,32,n11,0.6849266271516947,0.10146854126555784,115.78361468604845
259,32,n12,0.7983438829333106,0.09064437969102591,107.95324658155484
259,32,n13,0.69589489140325,0.10141870702981762,110.22469770207391
259,32,n14,0.6849977190217722,0.09044336883431536,110.17231867281802
259,32,n15,0.7607940628870236,0.08030724731819387,115.36512149791339
260,32,n00,0.793746417301221,0.0874224341818751,119.46766359732565
260,32,n01,0.6854200344096806,0.07124703050617823,110.13197984986338
260,32,n02,0.7409520707266772,0.06720958475730895,107.88540319823693
260,32,n03,0.7317818019236021,0.08572252902816974,114.04021134334701
260,32,n04,0.790707911731602,0.0698686505005159,98.24531257684725
260,32,n05,0.6976201904221259,0.08777676246729596,105.84924096246274
260,32,n06,0.7682761277499263,0.06308389060255903,123.55907517028322
260,32,n07,0.72805609796984,0.07193826252604384,106.68755826202248
260,32,n08,0.7340628310797657,0.09465550741009018,113.42394749506752
260,32,n09,0.6942290716236711,0.08258597854687318,99.28148679127963
260,32,n10,0.6588776934321036,0.0738603184032675,114.43478422200546
260,32,n11,0.6503565009285631,0.09133687196683343,105.81054984892779
260,32,n12,0.7977722782646719,0.07689188783099056,105.12001535759879
260,32,n13,0.7342955897896097,0.08598794132238996,105.09020960488441
260,32,n14,0.6609798004073951,0.06533352319858549,122.66854191060172
260,32,n15,0.761683247976717,0.0722684747756328,109.07233980196673
261,32,n00,0.2209579228555069,0.03835614223837418,47.89170753960911
261,32,n01,0.3074642800364297,0.03725761819831501,62.6022438384817
261,32,n02,0.24707309383137974,0.013609197562840583,45.11430763555514
261,32,n03,0.19280512886418863,0.015707717754142654,45.24356766337779
261,32,n04,0.2865440106902132,0.01815541054741324,51.68911160362486
261,32,n05,0.2287046992989461,0.02414574719315698,50.47832429461933
261,32,n06,0.24180608545305401,0.02758204376054151,55.67035113983306
261,32,n07,0.19767798300023706,0.035208263448886355,37.51083864756102
261,32,n08,0.2292565405598855,0.03605300686588974,41.27058662170069
261,32,n09,0.3085223862932249,0.040679417931224454,36.2012016544556
261,32,n10,0.18879459190504255,0.039842702711159736,44.70249806153498
261,32,n11,0.2711706016096625,0.04047548446908743,46.09453075937039
261,32,n12,0.2752671541443794,0.021623834427772687,59.862118670469215
261,32,n13,0.2549687568289509,0.013387279334327172,60.14632862311072
261,32,n14,0.24965557569399516,0.04141752701440849,55.267572161638064
261,32,n15,0.2645169487433704,0.033361595977103364,56.75429167512772
262,32,n00,0.6815266173638276,0.09103625634310866,103.16186945088965
262,32,n01,0.7551138119745645,0.10356175612750144,102.18624846030215
262,32,n02,0.7204913463068445,0.09146285480432292,120.73338935735406
262,32,n03,0.7737948447068387,0.0703433389984346,113.13025305228952
262,32,n04,0.7542908376422017,0.07866594541946019,114.41290210001274
262,32,n05,0.7158225689951073,0.0794588987656451,105.41179862851176
262,32,n06,0.723055714842675,0.0829042674054327,120.22866830912837
262,32,n07,0.7540516796890924,0.07796129679010513,112.53368643255672
262,32,n08,0.7308267472720834,0.09648357564719702,104.19226063186917
262,32,n09,0.6974148243279992,0.07644612074465543,118.32923781051225
262,32,n10,0.7551779585059466,0.09413466683070638,123.49933943563276
262,32,n11,0.7915637797670316,0.09032955861969569,119.96933467605031
262,32,n12,0.6847597616817002,0.07917597485458877,109.96852149402939
262,32,n13,0.7399812436453095,0.0586177691192534,113.34935603542716
262,32,n14,0.6547703100826207,0.08391962474780568,109.48877876905416
262,32,n15,0.6802400233871779,0.10238423516023921,108.27630398432424
263,32,n00,0.6935896564931024,0.07564705449982731,131.15630739141307
263,32,n01,0.7086976708577416,0.09677767815667834,116.8839783239778
263,32,n02,0.6892474367033019,0.07719957759642337,104.27034749906082
263,32,n03,0.730481176320295,0.06388141409497482,106.67706573678798
263,32,n04,0.7676630163300435,0.0814259807850249,106.15062433456445
263,32,n05,0.6991326921951803,0.09688652516757937,111.34716902064142
263,32,n06,0.695195897971244,0.0641224878562037,114.9697397254166
263,32,n07,0.6810038286938928,0.07939213289248619,115.92257674079057
263,32,n08,0.6918748010633603,0.06476898664876794,103.42408389701397
263,32,n09,0.7212891217014152,0.0645136772140706,104.2600937427203
263,32,n10,0.719071548903811,0.08556510312273168,111.10845205165744
263,32,n11,0.7898013734141135,0.060787195613798334,102.99140514270158
263,32,n12,0.7793165067513943,0.0726922770782463,113.76002842052063
263,32,n13,0.6662790885937907,0.0825384609506972,96.88997308126731
263,32,n14,0.7239284724334363,0.07571370323290214,111.25659799214965
263,32,n15,0.7079325302524588,0.05311525358521346,102.49225827151734
264,33,n00,0.24628163416852647,0.025544553703294663,41.798071618378025
264,33,n01,0.2515502700728689,0.008525037599263485,42.81565576366144
264,33,n02,0.22629637233602268,0.01832761228524058,49.96517004710287
264,33,n03,0.22215086800243855,0.04132425418943195,58.31900005940632
264,33,n04,0.3018149014940021,0.02624287954749767,35.65376152933351
264,33,n05,0.18070824030771537,0.02408124632806263,50.98523527438579
264,33,n06,0.2871698666162476,0.032813251163702685,47.270587861613414
264,33,n07,0.14582256954762493,0.05115481895516523,34.60912034597583
264,33,n08,0.21116691083018801,0.021137424271454333,62.45226023835049
264,33,n09,0.23983565095209372,0.029633349242855586,42.94743642467822
264,33,n10,0.1461572931556136,0.03255483725855453,53.91755537856778
264,33,n11,0.22625517819564234,0.03364909634450261,29.863356392162977
264,33,n12,0.23213887909707656,0.0418432531428318,42.121743115005785
264,33,n13,0.35413630728122003,0.010076644491805772,41.96508481781272
264,33,n14,0.28828543138416024,0.028893033192488426,60.33539747197206
264,33,n15,0.2290197009412864,0.02345176810517255,49.919189122622676
264,33,n16,0.21914219204025764,0.038384538877651475,47.43376480147583
265,33,n00,0.7135767339056248,0.05360641364729042,107.99578518886484
265,33,n01,0.7034097584085821,0.07219121456915753,104.51284587731581
265,33,n02,0.6603193272774305,0.07890555801017218,102.15131788448247
265,33,n03,0.7503509598550092,0.11402861630222996,99.58410664615748
265,33,n04,0.6855307218470604,0.07596349799682542,123.5072401341811
265,33,n05,0.737288618350123,0.06846738874581829,110.98065611291221
265,33,n06,0.7132568547225799,0.0631422589701097,107.10856395990987
265,33,n07,0.7651633938256982,0.08407130398702513,113.83765630579981
265,33,n08,0.757413327829708,0.07739782776435729,107.39542378270656
265,33,n09,0.7190160455220371,0.1028716107614463,110.9602994393157
265,33,n10,0.6829736152666344,0.08737098175341305,113.22859341949956
265,33,n11,0.7382826748081457,0.07322729008882858,116.6613718352245
265,33,n12,0.6870125027933427,0.08104799728689858,115.28118542341437
265,33,n13,0.7187392722474351,0.05801140137547334,117.39490968964294
265,33,n14,0.598896006968158,0.059364983750218106,101.17662665499132
265,33,n15,0.7348765421710515,0.09943455169096366,112.94350964359995
265,33,n16,0.7397571577363348,0.0698076081556776,110.15976818180535
266,33,n00,0.6889167151866493,0.05697082956168752,98.63196756443344
266,33,n01,0.7326516424360741,0.06045497322270953,96.08405525292969
266,33,n02,0.7345400459589377,0.09312386971877097,114.94020391026791
266,33,n03,0.6640296003166027,0.06795246277429406,105.03184647394912
266,33,n04,0.7083161484951042,0.0867628678982924,103.04586525966124
266,33,n05,0.6960269795615937,0.08308651119279753,100.17942167974574
266,33,n06,0.7200206554638324,0.0917898995696403,109.85094919553977
266,33,n07,0.6797402402300927,0.0898242493252698,112.06559740300126
266,33,n08,0.746607872378424,0.08762122925446476,106.39408298773716
266,33,n09,0.7168436191019969,0.08141080927328406,109.90431408825998
266,33,n10,0.7217753428575109,0.07080228697875036,99.12536294959683
266,33,n11,0.6692705826674537,0.09757366462737085,90.542179293899
266,33,n12,0.7491510548732999,0.08663157929451638,112.0374238477854
266,33,n13,0.7803752340591769,0.09840570062131973,119.67967989328565
266,33,n14,0.6928742659431065,0.08870237123600676,113.03688620260935
266,33,n15,0.8258872820952358,0.07224620075751198,112.85151649833294
266,33,n16,0.7015218845442169,0.08737070024636759,105.1549820867136
267,33,n00,0.7457110085619924,0.0771166933685085,109.14833514871185
267,33,n01,0.6830713409655166,0.09850257668678614,93.81624794791213
267,33,n02,0.7238220504479906,0.10965668609872707,121.5637645705534
267,33,n03,0.789832321946956,0.07718956697489114,105.71419124035857
267,33,n04,0.5955327866160537,0.07232374576677392,108.5274821888084
267,33,n05,0.6885850424134096,0.08624809860667948,110.39713401500872
267,33,n06,0.7671144333367574,0.09564998053117384,114.438430636289
267,33,n07,0.6848916185672529,0.07904062832374131,113.94594635015598
267,33,n08,0.7352599367468452,0.09223415051744441,111.77039660706143
267,33,n09,0.7228060330197283,0.08914579211341733,96.03702984778202
267,33,n10,0.7474413255242834,0.08817252358622013,111.21859648878362
267,33,n11,0.6585155818087601,0.09605667865464124,94.47471741487988
267,33,n12,0.7296916532779992,0.07209321422747395,113.22646553110171
267,33,n13,0.691850220134436,0.08183154526278721,105.22266731684515
267,33,n14,0.6531193381546962,0.09116829869575555,107.55014451767882
267,33,n15,0.7675942946109768,0.0723388442576464,94.2889653372981
267,33,n16,0.8118534617210751,0.08554457051260965,117.05887391089279
268,33,n00,0.27370589623717134,0.045313316423050864,29.40038482656981
268,33,n01,0.2821013414688352,0.02566546672522594,57.59866726541466
268,33,n02,0.23562569622526694,0.03529643645947088,27.727169468751704
268,33,n03,0.23325053113630173,0.029470718663294936,57.38015871854346
268,33,n04,0.19409398128617755,0.04451039296602599,38.865145994257986
268,33,n05,0.2778172631441858,0.03373738636504657,39.0481821321559
268,33,n06,0.26104207108640537,0.03398861749431922,35.24530258428132
268,33,n07,0.24798589782827243,0.020240113898494456,50.06326156540215
268,33,n08,0.30596181634422914,0.01515453777997128,41.93354926250916
268,33,n09,0.16270039288697408,0.034572198384574565,53.93245333629823
268,33,n10,0.27780150050734326,0.010869776908215,30.50815517188342
268,33,n11,0.21012935694344564,0.003204007820597859,43.502729322663505
268,33,n12,0.2709417273979706,0.03364998645922634,35.39584393984086
268,33,n13,0.2812761687928362,0.031306988469415056,38.71630682789061
268,33,n14,0.27793244359998104,0.03119535787278136,54.28925552726018
268,33,n15,0.35697242358995585,0.031064385713917547,50.61927329603295
268,33,n16,0.1803184120813654,0.0348292954481172,32.52329941958023
269,33,n00,0.25159891058399153,0.021300650234147032,51.31064529353353
269,33,n01,0.203950814604275,0.012838681997299765,49.69410819903347
269,33,n02,0.2651183956027729,0.040160232522019994,46.23531973689131
269,33,n03,0.1903297813796479,0.046941123995798945,43.05912730394188
269,33,n04,0.17146977226497256,0.02288156898232374,50.55771931025088
269,33,n05,0.25352649398380966,0.007479905825442709,42.43807567326556
269,33,n06,0.21864512981752757,0.024650886548961345,49.16575584568012
269,33,n07,0.22562795515166922,0.03692403835718579,60.90289928901544
269,33,n08,0.2689018162854569,0.04149673676397953,42.93405104572306
269,33,n09,0.28209412662684047,0.043702013133574684,41.27110933525825
269,33,n10,0.34441191881705613,0.03937157567888786,48.318031741854035
269,33,n11,0.1939876492742936,0.00998442446401495,38.85751060712864
269,33,n12,0.24256553355986568,0.05039619964086477,36.20906239599838
269,33,n13,0.29243232876054437,0.033658198460955094,41.822287345329215
269,33,n14,0.28318748429863566,0.03815243548061967,39.19640024619892
269,33,n15,0.18464071162377108,0.010336875457297712,45.96060702344582
269,33,n16,0.2544711545357626,0.031267005573550936,59.752861260485346
270,33,n00,0.19807397597019313,0.022532603447942282,38.55241466390248
270,33,n01,0.23590380658257792,0.011822615842391793,35.396964088934936
270,33,n02,0.203500498455048,0.0418933398535138,45.4892572344361
270,33,n03,0.35603507077072494,0.024679828982367626,42.37387854887781
270,33,n04,0.20430915481142478,0.039969306474959845,43.136604481882415
270,33,n05,0.3147473814991253,0.03778891991348979,46.62802288673786
270,33,n06,0.31205721895374894,0.035451252005808336,49.77465139137809
270,33,n07,0.2769494376001201,0.025665409721747974,50.549083431774065
270,33,n08,0.22991548424468278,0.023205578907999264,40.61756962648721
270,33,n09,0.36324509613381506,0.01943634991405272,44.46696813671082
270,33,n10,0.2790476093618035,0.038805064562871625,44.711244487778956
270,33,n11,0.29569025745444383,0.029334824099919322,37.52279958255597
270,33,n12,0.1367197303475119,0.02236442661237401,39.05485788068349
270,33,n13,0.25280482754565037,0.02810669314051457,51.73402944774159
270,33,n14,0.29080944174579487,0.016588404546503614,47.0197338984147
270,33,n15,0.2720986343776345,0.03311509685631633,53.99393757834065
270,33,n16,0.23904256675437338,0.05197029543879909,48.84006822197449
271,33,n00,0.20939426326064153,0.044133951582880006,44.905443980729316
271,33,n01,0.23205209094094748,0.03286044291795298,42.19503091729486
271,33,n02,0.25742517423842365,0.016900489105021517,53.3319615136091
271,33,n03,0.23014006348063926,0.032921936000694145,34.16992027864514
271,33,n04,0.237746968744784,0.04657326903762635,39.37753674500286
271,33,n05,0.27884691094904035,0.030182975960613766,37.16804301037305
271,33,n06,0.2539758337269335,0.022049919874931594,67.55691878260339
271,33,n07,0.2324186201813143,0.051636009112476004,49.77860991802244
271,33,n08,0.19166995918093677,0.051213963117687056,62.23674034864443
271,33,n09,0.2626832769933383,0.004543356095679154,34.05394399571593
271,33,n10,0.22439590623641764,0.03637360862562606,55.30182766143159
271,33,n11,0.20040780780554157,0.034074475385595854,59.14041333175547
271,33,n12,0.307609176758728,0.040240087711845555,34.15920086547827
271,33,n13,0.2414965127720024,0.030516879851450646,52.38611716448976
271,33,n14,0.3528257526744849,0.04611633233930201,43.23931128091582
271,33,n15,0.17063207884070358,0.009791237523396848,43.841523674776
271,33,n16,0.2267145481083885,0.012386540724404278,41.07305936844692
272,34,n00,0.27590494329649407,0.021138445824818143,52.02918626452154
272,34,n01,0.28392864887677005,0.003275939888227896,38.862735870938536
272,34,n02,0.20403962279423557,0.033540451652772064,58.308498765883755
272,34,n03,0.28973324328017536,0.014837079278128888,40.26773137623463
272,34,n04,0.19221621640387712,0.021041478804627874,35.84836663618378
272,34,n05,0.25519518860542695,0.02190080679196886,42.90272414792741
272,34,n06,0.3256161412210203,0.03922076771604234,46.105425574875085
272,34,n07,0.20769695662039556,0.026732482000897007,56.25866961615493
272,34,n08,0.20775996749423797,0.03587758270734863,51.804922918847836
272,34,n09,0.3245767036334014,0.03758567869583398,41.089507820254056
272,34,n10,0.23810660903178338,0.04029043249350194,39.561506645540426
272,34,n11,0.16740719661529066,0.03529101499050324,57.189514220544126
272,34,n12,0.24663332282227632,0.03265195734713882,53.764757761345024
272,34,n13,0.261094054305526,0.04611651988700907,52.196892238339366
272,34,n14,0.2581797154845638,0.012348847859817207,37.15801251757464
272,34,n15,0.23203634323780814,0.015381137810232788,55.186006792114256
272,34,n16,0.21152108299591374,0.03133406192379048,41.71518678529907
273,34,n00,0.7884546670843301,0.09136346913760313,107.1025758468903
273,34,n01,0.7838324542251027,0.10189613954956742,108.13136929177408
273,34,n02,0.6814020366945653,0.057014389433173794,119.59574820678503
273,34,n03,0.8117673199023093,0.08871768754282455,110.14774558869044
273,34,n04,0.644437286811872,0.09312347105480005,114.53701757513005
273,34,n05,0.7229149378823879,0.08773005647202346,108.41840738166518
273,34,n06,0.6861900612248204,0.05393703569586522,122.50241790665939
273,34,n07,0.6621495528206242,0.06887217575066595,126.21050022724185
273,34,n08,0.7416479543163677,0.0804088275804985,93.73586605861786
273,34,n09,0.7567913259824892,0.08696333873763007,112.5255312787216
273,34,n10,0.6875268631818291,0.08758165745285094,113.19172299775882
273,34,n11,0.6584749169306874,0.07611192382975149,126.52901382149817
273,34,n12,0.6990574812419272,0.08270048950925538,105.00193994832226
273,34,n13,0.7258094411995655,0.07322115376598072,111.0544031644217
273,34,n14,0.7343032050141898,0.07942391096868116,95.28328907228754
273,34,n15,0.7086126391407298,0.07777672294589429,97.98204927580684
273,34,n16,0.7208684602659049,0.09925372776067742,106.5582439058151
274,34,n00,0.7229070115422038,0.0735720113981646,112.15148414450077
274,34,n01,0.7283424920020322,0.0886931293161475,94.40292119273872
274,34,n02,0.6954424155939719,0.08844333133220002,109.73192933396352
274,34,n03,0.7192247390327041,0.07028503406353262,117.99068869867827
274,34,n04,0.7676750953919516,0.07283576271186663,123.10790094210886
274,34,n05,0.779594248342824,0.08645411338790358,109.72233621935419
274,34,n06,0.709015556467981,0.07393485990094084,110.52203577151748
274,34,n07,0.7308339598667867,0.07398785384478437,114.99672323560462
274,34,n08,0.6644368840234731,0.08418774022335743,95.22587065568197
274,34,n09,0.718613155988666,0.0830867262005286,103.88548866633882
274,34,n10,0.707041093235747,0.06633486678558277,116.45427819386954
274,34,n11,0.6947840887252142,0.07505051689156197,118.34455688623365
274,34,n12,0.6686757087521702,0.06472466320372305,107.26844591291784
274,34,n13,0.7282729541799462,0.09808170867026583,106.4797393064426
274,34,n14,0.6997183462265102,0.09310095001340277,113.21254767141713
274,34,n15,0.8432221558431691,0.09781238652929622,111.63069979311342
274,34,n16,0.7350696290351812,0.09934093883513877,105.08204405844471
275,34,n00,0.7092129831313195,0.09208048692437483,103.24859660575581
275,34,n01,0.6842810968909968,0.07376219112300425,119.96676344238583
275,34,n02,0.8273191652716659,0.08863168180126327,121.9016241068486
275,34,n03,0.7279113537272532,0.07018742280364285,104.45517734959179
275,34,n04,0.7115325545968452,0.07902872990364217,114.33655512002622
275,34,n05,0.6723972691153243,0.07637042153915684,90.36301728963112
275,34,n06,0.6594423508052712,0.07107180985566898,103.21939558551178
275,34,n07,0.7831640194186158,0.09371177441031757,91.9728070453238
275,34,n08,0.6700876577236623,0.09862279440689693,106.91958791074408
275,34,n09,0.6333887143124945,0.05326800177372341,109.28617390843424
275,34,n10,0.7468640219547806,0.09246263852981404,111.42688987644395
275,34,n11,0.7011055323598552,0.05410355772534261,121.56498480091581
275,34,n12,0.7913916115067299,0.06541308229779472,107.145496646295
275,34,n13,0.748706323059711,0.0930597995802381,105.1434067897051
275,34,n14,0.6965172365998908,0.0718503367866948,109.07868449248366
275,34,n15,0.695885814575305,0.09457208572441993,114.11347887827539
275,34,n16,0.7948796039201436,0.08271495160361032,107.6259275473356
276,34,n00,0.24476375780463894,0.019987146108377863,46.793841189295065
276,34,n01,0.17324097331766322,0.020782241805916982,38.05547008427701
276,34,n02,0.25612611134343594,0.05047964530484815,41.778467957807386
276,34,n03,0.2361992467715004,0.0382970291265018,50.23851440914399
276,34,n04,0.21264492908512933,0.0352054654730993,54.11648690844642
276,34,n05,0.2360972720480792,0.04256972725556376,43.386305690206555
276,34,n06,0.2773781024014051,0.010824763778526321,43.58388194516168
276,34,n07,0.28258745942316577,0.027373085284525017,52.645491696469165
276,34,n08,0.17054165049103676,0.031043421928573546,45.5201794824971
276,34,n09,0.21305140768405367,0.026958926464102452,36.310129747021065
276,34,n10,0.2741867702257315,0.02580291365097369,38.642756148990244
276,34,n11,0.27341660380640065,0.0197918918310264,50.845227608039586
276,34,n12,0.20417706461954463,0.008095208822810278,43.221384332547274
276,34,n13,0.28133644540301694,0.05628584466672645,43.58293398933794
276,34,n14,0.2809923686511103,0.037528981190216866,35.433546782392916
276,34,n15,0.24464123338633126,0.03881559263328902,43.22312360275123
276,34,n16,0.24938527687479764,0.03279887125408025,43.211056377475295
277,34,n00,0.6396127247320468,0.08227527314612224,112.64633341963707
277,34,n01,0.658175852941074,0.08014996714819818,109.24765687635877
277,34,n02,0.7461551585332098,0.06880581994121479,104.54096657485499
277,34,n03,0.7106818897699553,0.07039665858180874,107.45661441101808
277,34,n04,0.7107142763268306,0.08909176355483912,105.94612758806186
277,34,n05,0.7403740968519219,0.09027526187372589,94.57729320111646
277,34,n06,0.6546656038896502,0.07745938271122536,105.95771931645474
277,34,n07,0.7488494524790535,0.08355273924908271,125.72121655931774
277,34,n08,0.7724950783323362,0.08163398720715144,123.31317568322785
277,34,n09,0.754069336911835,0.0893144307774278,113.89167613834158
277,34,n10,0.7227597149729386,0.08782047328566808,98.8718229529335
277,34,n11,0.7544665076018459,0.09397531120906939,107.79694259667569
277,34,n12,0.6654717440750608,0.06511021925941288,120.58126321467563
277,34,n13,0.6796327317177315,0.07398363163215808,98.70306156973754
277,34,n14,0.7240217803655679,0.07506252912505862,112.97317975778535
277,34,n15,0.7918407504487811,0.0950632264031858,115.24287631190334
277,34,n16,0.7276709808324185,0.06676421290653221,109.17421994385028
278,34,n00,0.18473341803086646,0.040960568184522456,53.81654316604299
278,34,n01,0.2237700134272036,0.020000826611957484,54.241563357889405
278,34,n02,0.23542388097295544,0.04109812382531186,47.66039490882676
278,34,n03,0.26310142734217745,0.042904148716705205,41.75029967435967
278,34,n04,0.2654613323874201,0.03409750364428312,42.47472341155495
278,34,n05,0.26160119275229005,0.028855938218721865,38.99396880900317
278,34,n06,0.2518087096262737,0.03840521388748998,39.41258873927233
278,34,n07,0.2594384285747719,0.035794629835075725,53.42642286214099
278,34,n08,0.22350548260291936,0.040305292547574076,30.32164900770477
278,34,n09,0.2617379623031508,0.044243250631660694,27.554782913974908
278,34,n10,0.226586681952123,0.049108423920564,38.495964792645175
278,34,n11,0.25042617842886516,0.0027218092313970044,35.925141420529684
278,34,n12,0.18727176446362653,0.04530339546378201,55.44764189699217
278,34,n13,0.2964902870968952,0.040946594617590454,46.42051321967755
278,34,n14,0.24711923936027286,0.022025836142837475,49.63625859982477
278,34,n15,0.22862742236779318,0.043650502971754074,33.5176796427685
278,34,n16,0.2526790196491581,0.03282056732651588,44.55645327106998
279,34,n00,0.7439707748502671,0.0618215302159274,112.00487630404952
279,34,n01,0.6895037697513209,0.07797443587332027,110.8022164344597
279,34,n02,0.7157666524400674,0.08957882416685985,104.91932020295033
279,34,n03,0.7568887280525176,0.0657755706151008,105.64320116028904
279,34,n04,0.7450990755492544,0.06827334880567627,116.52717506063266
279,34,n05,0.7205807530780781,0.06805873100333208,116.71238949460215
279,34,n06,0.7673302686072426,0.07902416308516433,117.67772853900286
279,34,n07,0.8103110333283606,0.08137257955679283,112.59432788994539
279,34,n08,0.7622226204094724,0.0884037050706542,115.4236270438582
279,34,n09,0.7783013908226855,0.08257893815196693,112.21369438546935
279,34,n10,0.6384400169817153,0.08343072758730102,99.10419403232821
279,34,n11,0.7536238174866386,0.06274469067350258,110.13276229044416
279,34,n12,0.7562500489911578,0.10624163726656151,121.11408059395355
279,34,n13,0.7505479149481137,0.0796371804726515,108.91321318811649
279,34,n14,0.6739747873354262,0.07240136122960529,112.88833879836906
279,34,n15,0.7665818487958019,0.0820700248500103,119.3711008535018
279,34,n16,0.6967774109183034,0.08086310605817863,104.59743000336009
280,35,n00,0.722596424597286,0.08099722984774504,115.31793197623007
280,35,n01,0.7489546716217095,0.06903411479906427,110.2460302109988
280,35,n02,0.6435737468868421,0.06983421240208856,93.89782136216901
280,35,n03,0.7285546119734058,0.09417944993102642,98.82683237231825
280,35,n04,0.600370256836339,0.07475464844157995,114.19671840252475
280,35,n05,0.6919169549122149,0.07027619434322145,101.78043362474419
280,35,n06,0.6727298931408643,0.08214076647244732,109.04595183648101
280,35,n07,0.6763025975233952,0.08324879329786997,109.38634963069178
280,35,n08,0.7128385205089359,0.0631298112881307,107.17049393179666
280,35,n09,0.7375713855646414,0.08735048258339019,99.21004912591523
280,35,n10,0.7711394610498017,0.08779300197000806,108.32563613349447
280,35,n11,0.7850316560705983,0.0954284772097758,103.98782519493008
281,35,n00,0.6214069971520342,0.07414181788875829,112.60867151209877
281,35,n01,0.7498203743440798,0.09141534566466517,102.05668527535953
281,35,n02,0.726100440114343,0.062219887607935204,129.19317966474222
281,35,n03,0.7856716457539853,0.07858574761767166,109.81828771924685
281,35,n04,0.657183429550655,0.07224038501711268,110.11813189118641
281,35,n05,0.6780963288055458,0.08583178440717583,114.19306753933266
281,35,n06,0.7731676427950678,0.05229269799953887,121.64448667704673
281,35,n07,0.6041641359846277,0.07801307456292289,105.72464199653888
281,35,n08,0.7019415274018753,0.0989892620424342,120.4478880313534
281,35,n09,0.7738466946348426,0.09181151306557403,98.74227630882405
281,35,n10,0.7954582035726355,0.08668790650582715,101.76279554848567
281,35,n11,0.7280747850150434,0.09890184686428893,110.00578063092512
282,35,n00,0.1662897904632285,0.033820594910627555,42.62863404731284
282,35,n01,0.22304663399392038,0.0520430991880136,52.82411727899344
282,35,n02,0.19203537907521126,0.03252890820447348,42.62146555771792
282,35,n03,0.24649826903086064,0.04100694373051535,37.22951351075128
282,35,n04,0.2751915659520438,0.029917158830024427,42.04422467646994
282,35,n05,0.19106130384688663,0.04281154852196618,39.766954086326955
282,35,n06,0.32339346271965164,0.0,42.5622597735779
282,35,n07,0.2135677521282369,0.02353011961080256,27.50327416983263
282,35,n08,0.19414275564046626,0.04293700782768744,35.12802528631933
282,35,n09,0.2702209332122687,0.053225290630956414,44.396677650758974
282,35,n10,0.18571636893708207,0.024314556448116614,42.18953623751087
282,35,n11,0.2650441335265359,0.03276575074185495,52.59416252111329
283,35,n00,0.23287901886420442,0.017680706208730912,48.46736549524589
283,35,n01,0.24230065411661478,0.02388740280386761,31.76938348553161
283,35,n02,0.22301838229760748,0.038355179333565595,34.86379485208113
283,35,n03,0.3004008343740037,0.03546464024600607,60.71899232856679
283,35,n04,0.2661825827903886,0.054473556587912156,46.458567834681645
283,35,n05,0.2725534295847153,0.021928080146397105,49.573037313522676
283,35,n06,0.2945332157251386,0.03390353057032806,42.78345809280708
283,35,n07,0.275303835091149,0.021551555269290232,54.64873983170148
283,35,n08,0.3043774647421824,0.03991066228217342,50.887695071894385
283,35,n09,0.26402272577702746,0.026750231794957613,49.667518574626996
283,35,n10,0.23712071721695047,0.0359201037843463,35.51833689154381
283,35,n11,0.17591653613072344,0.01969396921173295,47.36369537683985
284,35,n00,0.6961783983085946,0.08728194217906952,102.50871051990171
284,35,n01,0.7632632927060604,0.07542479035758955,112.65263450330289
284,35,n02,0.6840407137353842,0.09306359745840044,123.36831155273877
284,35,n03,0.59091856786442,0.06384995338164282,110.92569202397846
284,35,n04,0.7558881061607416,0.0822948675956051,104.13480535266973
284,35,n05,0.7673645446680625,0.09846561212133811,113.18535970629698
284,35,n06,0.7210683266969771,0.072461613987283,102.99234921956507
284,35,n07,0.6591166405691667,0.0724635412295596,109.75642998981888
284,35,n08,0.7528981357377613,0.08668075566062808,104.80348002615449
284,35,n09,0.7476097821626038,0.07726683207223276,106.00471467453758
284,35,n10,0.7121774573992565,0.07217188657546011,104.19465365882562
284,35,n11,0.8451174072801835,0.100052418625519,104.93300614149125
285,35,n00,0.7471593755901111,0.08147951428352336,114.2438497620463
285,35,n01,0.6639951879252695,0.06710319161558925,120.33204967378295
285,35,n02,0.6950208077221529,0.07956081810144369,101.72653582223303
285,35,n03,0.7474478526195945,0.07199795740538105,111.68809928039933
285,35,n04,0.7930480942531932,0.0860898981504187,101.44037173036347
285,35,n05,0.7523567603950413,0.05948894221750133,115.38406663241761
285,35,n06,0.7115668202283848,0.07536378902221506,108.54657229697372
285,35,n07,0.7424758169148777,0.10096433026042698,103.53537119488176
285,35,n08,0.6211484348535266,0.0680063044593979,98.66834562444552
285,35,n09,0.7207205735739036,0.09127842494494351,107.84041094612068
285,35,n10,0.765858334702177,0.08576048103138181,121.92091643240153
285,35,n11,0.7685080131239638,0.05739096011425159,110.08737898599267
286,35,n00,0.27310277984269493,0.04591214294416732,45.635680937774495
286,35,n01,0.30280102949041876,0.030197308548007833,33.77824239540093
286,35,n02,0.2333538282696545,0.0339308349480956,48.3328909673432
286,35,n03,0.2254528897645306,0.03431899686363278,37.967204529138954
286,35,n04,0.3095711887686295,0.03219270645635557,65.93431384363845
286,35,n05,0.30424289479500094,0.03946329864777257,39.24974003510284
286,35,n06,0.20827099689183307,0.028286606396935227,67.67358083017852
286,35,n07,0.2227789657695301,0.013140744748017533,25.643309819687705
286,35,n08,0.18966958222738223,0.056000062825179504,42.25580706428394
286,35,n09,0.31059244289758065,0.03845452217827361,56.043781263238586
286,35,n10,0.24777510817346846,0.036413717325490556,52.52248065445961
286,35,n11,0.3071482702903005,0.02129038200944771,42.62419759104386
287,35,n00,0.19607176499498596,0.030321663238998604,33.07223928337535
287,35,n01,0.21739772942711383,0.016544862028919187,45.75965223145504
287,35,n02,0.30989610401516565,0.02998768548885513,37.62852695496411
287,35,n03,0.28759478262367505,0.02384084554982719,38.221607330507105
287,35,n04,0.2736813118373634,0.02398422594071517,40.3859484593386
287,35,n05,0.21120934551787604,0.027476896675502793,41.96104249353746
287,35,n06,0.22572148166234074,0.02906720990733627,39.91738314376289
287,35,n07,0.24917359558050708,0.031512273537213004,54.40531417215554
287,35,n08,0.2253559846419359,0.034293020695967784,39.5597437135068
287,35,n09,0.24757365138531984,0.026873421742728217,43.34934908405641
287,35,n10,0.23113850816964898,0.007925269612424127,43.09310830745682
287,35,n11,0.28790968311709086,0.030323318015632577,41.161796048642415
288,36,n00,0.36665004615161617,0.035654128721477996,46.289435181694856
288,36,n01,0.29576664957510646,0.008423050040516258,50.205256554592005
288,36,n02,0.23079638488684254,0.03427766188529873,44.1307335080721
288,36,n03,0.2585290540872098,0.010985212872548552,36.54061067982952
288,36,n04,0.2941505294151318,0.03660680335936406,44.33428374259331
288,36,n05,0.26401711180431503,0.028485796278680017,45.10300303935011
288,36,n06,0.2705254867203427,0.0,45.366987748260144
288,36,n07,0.2531351774673929,0.03973535303402467,48.19723888735704
288,36,n08,0.30928872344339536,0.043184422146834864,48.84480687694409
288,36,n09,0.3044729553920267,0.03472390748811406,49.12829002930648
288,36,n10,0.273219382776153,0.016181542489240197,43.835079841180544
288,36,n11,0.19644426594687414,0.02312868913724405,36.341200088520196
288,36,n12,0.29363338441425885,0.04049721567257152,51.15932389648032
288,36,n13,0.25096235291490904,0.023191969632563907,54.55784005620874
288,36,n14,0.23719068023600004,0.02463175788120165,48.872700856818525
288,36,n15,0.24087246615980124,0.03526482684240854,37.83937147319573
288,36,n16,0.1768489048314585,0.018225518000915965,40.17182012267184
289,36,n00,0.2623238318935793,0.04166602381673472,39.436842627913855
289,36,n01,0.31582491260408563,0.028830840027244366,50.65134527664859
289,36,n02,0.22872071158592902,0.045978006768369786,41.18986546333367
289,36,n03,0.22491833054963106,0.04111087678579438,52.89106217709152
289,36,n04,0.23792794666999215,0.03971279740350388,48.61548037843818
289,36,n05,0.34492996831935924,0.04491251343654791,48.26655824846406
289,36,n06,0.2599829261606306,0.035627917692246325,27.320900321308216
289,36,n07,0.24340106128208341,0.04387375107055234,50.19098956667637
289,36,n08,0.28882194193572297,0.03316798144899576,44.47323712313639
289,36,n09,0.2718139630221144,0.05698767923891544,50.135559957774646
289,36,n10,0.16154970877464536,0.04409967650689622,47.0808046820491
289,36,n11,0.16139800687545447,0.014183291633556888,51.506523798238675
289,36,n12,0.15376468994242565,0.029420397726523224,52.029296953656946
289,36,n13,0.26817026412516504,0.017499784540563494,53.29772784152632
289,36,n14,0.2588959385031092,0.010175504226605236,40.82793013242869
289,36,n15,0.16721667437763119,0.04770437433396829,38.424402438031905
289,36,n16,0.25804469532472213,0.021930442605253245,56.86175515771939
290,36,n00,0.8233329483351012,0.08680849520787623,108.84305851740322
290,36,n01,0.7631392271912059,0.09064854307471136,118.06613481277826
290,36,n02,0.7277470370529205,0.08753504788036538,108.22137628387594
290,36,n03,0.6708187894860137,0.0685523892114199,125.5094122425541
290,36,n04,0.700986406322027,0.07807006300639628,99.62325402398757
290,36,n05,0.7263176443104484,0.08384600431400441,108.92821504617854
290,36,n06,0.7677576959443658,0.07109531507092519,110.51949641255237
290,36,n07,0.7489595142113025,0.07649851697370406,97.96734290010482
290,36,n08,0.7316598094751503,0.08805419542994054,106.45260577238498
290,36,n09,0.7514515145812806,0.07445422307086923,102.0311409873872
290,36,n10,0.6642347206175656,0.07660569934270867,106.36895534060784
290,36,n11,0.8315330583865285,0.06598684625854408,112.37157688328887
290,36,n12,0.7255447504798279,0.07134539853488177,101.3066809913588
290,36,n13,0.7465158830616454,0.08499555381914345,113.48185021073323
290,36,n14,0.7233343673291257,0.07503812725132414,115.72049310404986
290,36,n15,0.7073455679382536,0.08227152789378883,110.35381648449152
290,36,n16,0.7423693314244377,0.05792302286387309,113.84130491400904
291,36,n00,0.2260577205960253,0.03638822907697359,35.0389519563768
291,36,n01,0.2676711968974571,0.02807961901923147,45.098059620357134
291,36,n02,0.31825514580493275,0.031799275613433875,45.852916586073015
291,36,n03,0.23655881851126448,0.0359484955349936,47.31443259969446
291,36,n04,0.29303971065657686,0.02651332767869804,54.27654601760129
291,36,n05,0.23281271704496218,0.01516773273048489,39.480611329861134
291,36,n06,0.2546681227800431,0.028882326021696342,48.74402023797886
291,36,n07,0.24146502107729564,0.020772437768247845,40.350197989247185
291,36,n08,0.26949605086105294,0.01744289351826383,41.53758788904456
291,36,n09,0.19770435790929686,0.0171296943087096,33.68462272614257
291,36,n10,0.26425293002380573,0.04532160950513299,52.97558657870521
291,36,n11,0.20351531170938458,0.04028899832777154,34.03701928470648
291,36,n12,0.2711414655749907,0.00848045788770311,35.59141313124677
291,36,n13,0.2865423348088499,0.03552457768413668,40.14906270723588
291,36,n14,0.1880906840150792,0.027651225558976367,49.80562785117297
291,36,n15,0.10678030637922845,0.03274158364520333,40.480462937048166
291,36,n16,0.265023491162367,0.045118987660716245,51.18961570097715
292,36,n00,0.19536004461590176,0.030368160095431595,44.358724770501546
292,36,n01,0.24069680017100567,0.04880794308402685,44.58337389183313
292,36,n02,0.29383185894991004,0.024197953484619127,44.041276725933756
292,36,n03,0.29568046116158475,0.038071803302616225,47.01485779259705
292,36,n04,0.2571018466933965,0.043016703533875086,45.77434338861763
292,36,n05,0.2825728925016826,0.024855009838178743,27.510195850487136
292,36,n06,0.21175803081288086,0.030458500244264473,59.917222473250355
292,36,n07,0.32270261644204873,0.037527249243001444,49.76750337410049
292,36,n08,0.15020494928462133,0.017664279115838222,43.07288790928946
292,36,n09,0.15797010915088922,0.0282589986184551,38.36615976526322
292,36,n10,0.2197132547389386,0.04443580849823301,54.02258641785279
292,36,n11,0.23278733649170766,0.01006485864299327,34.41609291544333
292,36,n12,0.2918515857828938,0.04503050203129853,39.017587347558454
292,36,n13,0.33046519654458395,0.023233482320700372,41.41775259367273
292,36,n14,0.3166520174690416,0.04896388120688944,35.9284567296354
292,36,n15,0.2617608682108868,0.044848448665729186,46.73817005083067
292,36,n16,0.2604641232955763,0.031198888147347992,56.32428508015251
293,36,n00,0.2990773733911499,0.03472533687639611,50.03603961081257
293,36,n01,0.30419070468854814,0.031458223802973154,46.9145749388023
293,36,n02,0.21936093808764726,0.012917716355334695,43.62557513664105
293,36,n03,0.304632838564722,0.025149995787003873,56.11751999308787
293,36,n04,0.2944785231351531,0.04626604713141898,42.282448733141756
293,36,n05,0.30869946375462287,0.027978189712487514,50.4118072624975
293,36,n06,0.31115954850426,0.035777207656234065,44.415951444697576
293,36,n07,0.26465673635828774,0.04146766448311128,40.83906772090519
293,36,n08,0.24413458253487982,0.02339442334996657,51.39649852227711
293,36,n09,0.31068382355102975,0.002669162960351485,43.791010663738874
293,36,n10,0.20281669780963865,0.0183418596506882,56.28022085734212
293,36,n11,0.1645674241911741,0.03923134230790378,32.00375259066549
293,36,n12,0.30726740559200827,0.01574974796779116,47.030904556943305
293,36,n13,0.2506325823947213,0.01793981697157066,49.48012836728065
293,36,n14,0.2057322821366855,0.03484377888676271,35.84642577823635
293,36,n15,0.3529744563419615,0.04697254514702691,35.19126592867686
293,36,n16,0.22520007345893223,0.043859262980826125,52.86938640038648
294,36,n00,0.25595777351400895,0.0281773009572776,40.564787031553855
294,36,n01,0.22893268283131513,0.055303930217527636,55.444127882580084
294,36,n02,0.16840696341574715,0.024989317753033737,44.460651483104115
294,36,n03,0.19312361328381442,0.04867585762300876,46.56422631904981
294,36,n04,0.25983934940444686,0.03334102619826536,44.00988278795823
294,36,n05,0.2648574818796601,0.042705922393834764,58.398035494450546
294,36,n06,0.2914572524271436,0.012596728330909593,43.69914807563736
294,36,n07,0.31557827358362045,0.03437945319158352,27.194025542194414
294,36,n08,0.22500581487359816,0.038029570109751054,29.655506828118792
294,36,n09,0.31492027324090216,0.04193104056879618,47.448980562301244
294,36,n10,0.23845345697180442,0.036734432692064826,35.029969459960604
294,36,n11,0.1527670437373627,0.018929114719129232,37.1284374719431
294,36,n12,0.277743917877262,0.025832747513758664,47.28393529341168
294,36,n13,0.23320266411789403,0.01800558882661893,39.130695085491496
294,36,n14,0.21483369295692678,0.009586346875249344,50.37551194619688
294,36,n15,0.280814830067585,0.021983845707836208,58.98547496079475
294,36,n16,0.20822801535194174,0.010477754322902485,36.56368285854721
295,36,n00,0.7108553476719941,0.10184569984989486,111.93270199045591
295,36,n01,0.7279601182710693,0.0786302338545159,108.87716722518672
295,36,n02,0.6783039299984862,0.077574543427516,117.80494591561842
295,36,n03,0.7218933450330954,0.06911442727375337,106.92286014814894
295,36,n04,0.7222581753745196,0.06774059999557698,110.75505460471739
295,36,n05,0.6752254017541275,0.07544482113677183,117.91894105937118
295,36,n06,0.6745817750622511,0.08859524423785219,104.69310725071588
295,36,n07,0.712398948570393,0.06365521250960993,107.95952147131209
295,36,n08,0.8070892114173182,0.07020930518872746,124.03307119573532
295,36,n09,0.7109286467890117,0.09227471978193795,108.54405481508564
295,36,n10,0.7439702612146146,0.07660209783951141,100.73205093661073
295,36,n11,0.6820437153310883,0.08923876917275363,119.03880997683092
295,36,n12,0.6844160933693457,0.06603179423533709,122.53997859561414
295,36,n13,0.6361183335917369,0.08281120402621543,107.35316572554119
295,36,n14,0.7174836403855792,0.07739986903209858,127.31296410219989
295,36,n15,0.7986639876584897,0.08552904073285458,118.4447410283173
295,36,n16,0.7129819539786989,0.08598640054760168,104.13069539083894
296,37,n00,0.29081827955645584,0.015584268339885748,66.98631622984462
296,37,n01,0.22853185798811332,0.0283137793261962,47.92322188834117
296,37,n02,0.2733271513408625,0.020193627424363786,50.243908369869644
296,37,n03,0.2221374840643843,0.025420512165220642,36.70540238133907
296,37,n04,0.2801964582874013,0.026421890330550642,63.039989694837544
296,37,n05,0.15676897679768778,0.020869895564834633,51.338494189789934
296,37,n06,0.2570274650055006,0.04412629764230018,28.020468947074594
296,37,n07,0.2377762198685807,0.029381407259217365,50.166340378267854
296,37,n08,0.2316740516774196,0.02856685995900705,33.84956952373762
296,37,n09,0.23667870087517726,0.05616183339379814,42.25006035023116
296,37,n10,0.23350616896423387,0.008882624842316618,32.099501430143725
296,37,n11,0.21398823644329412,0.029261247594951013,41.11573026195867
296,37,n12,0.2515749072604574,0.039946759165637384,52.12510295963773
296,37,n13,0.2869877450464794,0.029402192487604284,43.034017703815366
296,37,n14,0.2796075927552653,0.027536418166485145,49.34902807770226
296,37,n15,0.26251898179634686,0.05072426611072753,52.83827738574022
296,37,n16,0.17819847292404234,0.02583433250492611,52.266785432160695
297,37,n00,0.2483036902295621,0.021128758762694697,40.39468106705715
297,37,n01,0.3173071978993217,0.02662135118083163,44.80022626985347
297,37,n02,0.2832494913023985,0.03963251049450079,46.97713982472251
297,37,n03,0.25807123072052524,0.046657293581124276,36.41261562849958
297,37,n04,0.21220142707511042,0.051557265428907886,51.269660427187944
297,37,n05,0.3219490938007491,0.018145527835610062,43.7795784632991
297,37,n06,0.21810143614476687,0.04147702880540715,61.37536452924297
297,37,n07,0.27802925226895314,0.0356677899586358,68.79612499272125
297,37,n08,0.1961996239024136,0.04107495522365796,47.932473968136065
297,37,n09,0.15928006155135035,0.03253664967644662,63.54868995557938
297,37,n10,0.284679697925117,0.0262171028320035,46.21479212319324
297,37,n11,0.3206265278587723,0.02244732409766708,37.99448887027059
297,37,n12,0.218428159380167,0.03513230640774392,40.99803833447658
297,37,n13,0.289212623771647,0.0338655122222597,40.121392809168015
297,37,n14,0.29401024824395355,0.045400392648660616,47.545009102290116
297,37,n15,0.2913190599669026,0.039701143239072326,49.93559314405598
297,37,n16,0.24558974463477906,0.02852039269448363,38.46320090681627
298,37,n00,0.28192904588429224,0.04304995584735215,45.00489053780372
298,37,n01,0.2872783252891662,0.03542214384872542,45.4268389999907
298,37,n02,0.23870161552183367,0.03227529163135048,61.83215042865433
298,37,n03,0.24960186100125864,0.031526095421205096,41.13503323962201
298,37,n04,0.28716149019104714,0.020177529363094856,49.5741956197453
298,37,n05,0.2568608429844006,0.04175388272153311,45.291420566031
298,37,n06,0.15295162629762926,0.02377165051145132,35.3226813127009
298,37,n07,0.2693183056627795,0.019978445448120004,31.74169117954398
298,37,n08,0.2787550901849899,0.056616992919687886,52.34270876325788
298,37,n09,0.23794043077293317,0.01648148811992005,53.917379349439074
298,37,n10,0.23555977841114867,0.04190644838635557,55.75058049939412
298,37,n11,0.22627608130392068,0.025142635140571728,62.316362798485315
298,37,n12,0.17764010714113643,0.026426896388247394,42.48647301293673
298,37,n13,0.33079063737818337,0.030947419746589794,50.29401278464837
298,37,n14,0.21251874651256222,0.027688708135814498,44.87157375718046
298,37,n15,0.24897692987165707,0.04161801002487798,39.432997254081
298,37,n16,0.27961733254219706,0.02061397758794569,47.50651271318833
299,37,n00,0.3439163851697613,0.02026546086861747,38.554709515336576
299,37,n01,0.20161215072011632,0.032513350645475045,54.681204141150175
299,37,n02,0.2892570736487717,0.047783136338483384,42.226431819614874
299,37,n03,0.22448026208653432,0.00392265570661476,36.3363659053177
299,37,n04,0.204702329875297,0.020149572040263422,33.12903920670878
299,37,n05,0.27166573529331434,0.02415696975365138,40.470038193722644
299,37,n06,0.15836315898251596,0.0392304100549195,39.6158146950433
299,37,n07,0.17473356022053,0.04502647067343823,42.04532977374292
299,37,n08,0.2706782956118113,0.027194610195213798,52.915576301384
299,37,n09,0.30590048121647656,0.02012248350469218,49.00199507251062
299,37,n10,0.2917155881386122,0.02290803129582568,46.26150593875262
299,37,n11,0.2464289603171517,0.03775296216093688,42.083397660805296
299,37,n12,0.21371312417333413,0.044704915893756414,54.08611652935478
299,37,n13,0.26813204021933773,0.03191842139814623,44.28411014960997
299,37,n14,0.33386683835806463,0.03506187136297199,36.62680923864919
299,37,n15,0.2949659659383323,0.028858806011878776,38.473818046248134
299,37,n16,0.27027378258856827,0.052159309424279814,36.0182140602121
300,37,n00,0.6971976645209165,0.07917889524423612,112.09210156823941
300,37,n01,0.6950522723394222,0.0950337521120337,107.62201119252511
300,37,n02,0.7417305569796843,0.070209646709846,115.47373138169083
300,37,n03,0.6632335505239852,0.06383154920803241,119.3165001001303
300,37,n04,0.6832371985218955,0.06931249811532425,102.98708542399518
300,37,n05,0.7610178444797534,0.055691352362270935,108.36104303278378
300,37,n06,0.6568719369337638,0.08507997685081739,105.51999727362863
300,37,n07,0.638115223666596,0.0657463539580687,96.45190720686671
300,37,n08,0.7260355336236348,0.09942219869893926,91.98616077982358
300,37,n09,0.7022327617011076,0.1064363290475476,121.02692913764041
300,37,n10,0.6971372339197115,0.0700084648825102,108.6147430189017
300,37,n11,0.7626825127747174,0.07013614969935579,114.34809897036511
300,37,n12,0.7502852800438976,0.08262356292396139,111.68698198556744
300,37,n13,0.6882648822774154,0.08982910153378404,115.75925549480297
300,37,n14,0.7754664079545868,0.05782816249052933,104.33951968703562
300,37,n15,0.7331979876538189,0.0536703033474968,100.18268862591242
300,37,n16,0.7770779190959933,0.09645522061954873,118.58811226171986
301,37,n00,0.6670233374366102,0.07033611891227055,115.60924621347996
301,37,n01,0.7098187395167943,0.09573817196059467,119.25073022864146
301,37,n02,0.7016641307473394,0.07175493894824483,93.82745378582052
301,37,n03,0.7593221307956114,0.06270405200857374,95.6739549958783
301,37,n04,0.7557402981463995,0.07848691762963189,94.59964971582005
301,37,n05,0.7122126369095799,0.0859708061344555,104.15152674320737
301,37,n06,0.6936683025036082,0.08768892220640885,117.0673756004367
301,37,n07,0.665804594756153,0.08901226335603751,116.44699284672778
301,37,n08,0.7127642365784,0.07525392604433036,102.41747994403951
301,37,n09,0.6478216264403938,0.09042197410601942,115.27430803875632
301,37,n10,0.694753557177504,0.08698834567953746,102.41285548274529
301,37,n11,0.7222565267796017,0.0897059621407927,110.67300324605698
301,37,n12,0.792286195396114,0.07666435743872774,110.60126883818171
301,37,n13,0.7259400406176467,0.07633941082717159,110.40118112732728
301,37,n14,0.7585137127342759,0.10596692480252859,114.08862066300745
301,37,n15,0.6968480821145928,0.08180124811677511,116.78632425215321
301,37,n16,0.7061357757986176,0.061455936967893254,105.1789969324162
302,37,n00,0.7178221416113123,0.08090961719253904,87.6181666871036
302,37,n01,0.7351192018948797,0.07812821752828333,116.76028984652848
302,37,n02,0.5921413048269497,0.07733208723412033,112.2826274621218
302,37,n03,0.736808979862573,0.0793044550251161,115.7798798178523
302,37,n04,0.7937507116189111,0.07593991809838693,93.03975403294743
302,37,n05,0.6280774570984842,0.07748223124263517,106.87245994025636
302,37,n06,0.7829150207506025,0.08673345167615057,102.92240732898355
302,37,n07,0.7136664961193541,0.08448543615511156,104.40887891804391
302,37,n08,0.8594065821001344,0.08401103820351633,115.02411120797657
302,37,n09,0.7462374206392034,0.062236482916487396,127.15055829490339
302,37,n10,0.7018525218734462,0.07836503280781384,103.06002496595602
302,37,n11,0.7322042862201833,0.10395069631454283,104.00830761913878
302,37,n12,0.7713207280628352,0.10905434555959605,123.15819105619785
302,37,n13,0.7926748905340097,0.09555310514154262,96.35184482364319
302,37,n14,0.7158314844474842,0.08605831985336712,108.65021949822567
302,37,n15,0.6755423429001371,0.08338630147058111,116.51990348596411
302,37,n16,0.6947610465662251,0.07578369584379457,117.11340164009552
303,37,n00,0.3124331460108036,0.020855820825544887,48.13688362858723
303,37,n01,0.2715350568267747,0.027504701607830355,39.567457202172356
303,37,n02,0.2825206232005585,0.027043192036838012,37.0218348277343
303,37,n03,0.2517177942868149,0.030930353945892327,60.379035967080796
303,37,n04,0.26745243568530475,0.0438423097459111,39.44732329284066
303,37,n05,0.24859055441713143,0.011604032127356143,43.51814107442183
303,37,n06,0.3686178647050678,0.03670364432765327,42.14205538878858
303,37,n07,0.24823686644312892,0.023618365649477314,52.662861185659224
303,37,n08,0.2730264977190336,0.03390796847923894,44.590270348375334
303,37,n09,0.26740480207855244,0.037302067323400974,56.10536476657478
303,37,n10,0.2272513430735148,0.030300238865832465,48.113536518378496
303,37,n11,0.2552854065688641,0.021553850725403376,56.887242984416964
303,37,n12,0.32364202003151804,0.0304859296460547,40.59949439617979
303,37,n13,0.22300503509370193,0.03893007696779635,54.930795850814036
303,37,n14,0.2655864200566603,0.025245504727075457,47.91022691435782
303,37,n15,0.2538810892992203,0.03478365428962492,51.11229459939572
303,37,n16,0.2802465180444398,0.03813343178918982,41.22618005828536
304,38,n00,0.27731651559759646,0.008948733831614018,59.520725034146835
304,38,n01,0.24441617618483494,0.03584532562999301,39.1084473658975
304,38,n02,0.2015818094413791,0.04166977319767958,49.93128540668316
304,38,n03,0.2690907999708432,0.02216683747876795,46.75336001184149
304,38,n04,0.28525004101117263,0.028307713005758652,29.708493945038843
304,38,n05,0.25205008049852295,0.03769087145694594,40.58344973984561
304,38,n06,0.20381671801228116,0.019708271407533166,40.640627849709034
304,38,n07,0.2263191104183811,0.029621796305566175,51.118877644028345
304,38,n08,0.24414117832504464,0.011556860477279392,49.70709150302512
304,38,n09,0.2979497167846278,0.018281663070922813,38.797062887538246
304,38,n10,0.28408972216181305,0.03282965527009563,51.643348986042305
304,38,n11,0.28372204591696815,0.03078033305260848,44.54153390387577
305,38,n00,0.3052729175303248,0.033023101855790514,36.82781426542433
305,38,n01,0.24116710932983892,0.030781638846890648,49.46214373144852
305,38,n02,0.2517600111484549,0.02346246533244865,41.74130473514161
305,38,n03,0.2992184039515602,0.01662387442164751,39.61041336849801
305,38,n04,0.24668685307590527,0.049581918235919085,46.23345131415879
305,38,n05,0.31611915591901474,0.038064377273360754,35.88786449522481
305,38,n06,0.17923914579750652,0.037659008952119113,51.15040689550442
305,38,n07,0.2419051763299286,0.036143819094651766,30.641097834938773
305,38,n08,0.3245869691389448,0.030677150260133366,41.76687039649596
305,38,n09,0.2988958830943303,0.038644238457275444,38.00608150799013
305,38,n10,0.24581598151731499,0.031217034527018822,60.32285105902395
305,38,n11,0.22059138405999384,0.02325778265882522,55.16415061855511
306,38,n00,0.7242942701502116,0.06138070565633107,106.81846520998018
306,38,n01,0.74623875407689,0.089100339670986,117.09534318885761
306,38,n02,0.7205967315572089,0.07758005121356666,111.05617860213472
306,38,n03,0.6895023159587791,0.07693180972809975,98.26401636897266
306,38,n04,0.7456731664209562,0.07983494082449967,113.24089579094749
306,38,n05,0.6118351691143653,0.07614320595711445,108.7936505920921
306,38,n06,0.7711463138208381,0.10011492040735426,109.53261453044132
306,38,n07,0.8139963355861818,0.10429801200894905,111.37385324677435
306,38,n08,0.6696791446017656,0.09996731792652098,111.44754199488858
306,38,n09,0.7298531195095423,0.07939975497150753,125.23126054986551
306,38,n10,0.6946803912689786,0.08152712173467921,106.35571168818991
306,38,n11,0.7202687359263303,0.08725141428609082,129.1573468078583
307,38,n00,0.2765592475192962,0.031100318786623796,45.77126152119271
307,38,n01,0.3322685450245103,0.009564008587113544,33.39923681218624
307,38,n02,0.2588761777245418,0.020111695246673892,44.117567118645255
307,38,n03,0.24712648169791201,0.026762451949845157,37.394260646800774
307,38,n04,0.26805506665429163,0.04592069499890817,45.38303415707884
307,38,n05,0.2693741546540649,0.029527021306296447,45.54937208082063
307,38,n06,0.2227622681459905,0.04283238842285208,68.04474792322823
307,38,n07,0.24547639453094347,0.027273711114681572,46.89382686328735
307,38,n08,0.23201006527708565,0.05075377538511376,45.4650563111091
307,38,n09,0.2847314307822847,0.04994746105032631,39.140831858293666
307,38,n10,0.2946116883586087,0.031371269246047294,50.000463349949754
307,38,n11,0.29787273960699356,0.0284236166720487,34.89977413802242
308,38,n00,0.6858760965873719,0.0798504642026336,107.47281975481425
308,38,n01,0.6982811657785853,0.08075530922408293,112.13992694173734
308,38,n02,0.7542670695364152,0.07879345062429957,109.06817879387519
308,38,n03,0.7319247269978816,0.09150931312635559,100.11819372273652
308,38,n04,0.7776273585874234,0.07444872007414548,111.39728506670757
308,38,n05,0.6931796932281356,0.06910261847065337,127.12501638328598
308,38,n06,0.6291043996247742,0.06462866662491967,114.14317839738153
308,38,n07,0.7876421542093346,0.07655119313050848,119.09265265863269
308,38,n08,0.7130860942636034,0.08205758943898454,109.06153159243499
308,38,n09,0.6799993474803068,0.08129275710589776,121.60692913446782
308,38,n10,0.7319034293398943,0.07907482960604197,107.80202050172937
308,38,n11,0.742489665757257,0.08357030312322211,106.78675491291682
309,38,n00,0.7687831661750328,0.06630502321143741,105.19744069542557
309,38,n01,0.766886563322563,0.10274127566532881,98.95494514208487
309,38,n02,0.7136632285899673,0.09227512278626829,112.47915999049583
309,38,n03,0.8078548935441126,0.09846523779759234,104.04918783353783
309,38,n04,0.6548797670531018,0.09049847826432622,98.96064321365523
309,38,n05,0.6619746254467292,0.08169874920718928,110.96255361341211
309,38,n06,0.7787352104446998,0.07792049988109935,107.67707208482025
309,38,n07,0.7675647442919548,0.08132675903677046,105.79783441316721
309,38,n08,0.7518804248846882,0.06708491190730323,107.91671132759693
309,38,n09,0.7271708786527987,0.08771832429405726,110.99775871945121
309,38,n10,0.7145683527684521,0.08435181018886458,113.83592504870646
309,38,n11,0.6817659414446405,0.06271481353208816,123.9132169810921
310,38,n00,0.6075490795259593,0.0861713630031246,110.33276420465673
310,38,n01,0.6625395996764258,0.0705680422450529,120.10913173940575
310,38,n02,0.6924952759038763,0.076410689584874,113.841605001872
310,38,n03,0.6549054739935629,0.0867526729261317,108.26786339043628
310,38,n04,0.7299746704820717,0.09327577906979197,119.08690718233315
310,38,n05,0.724385309723118,0.07096995327547079,116.08643568990477
310,38,n06,0.6977552939037143,0.08435175659476768,102.78134083315845
310,38,n07,0.6783340639691348,0.09138737684266478,118.74082594370317
310,38,n08,0.7599592969236797,0.09756812027524717,103.33478939548803
310,38,n09,0.7515175228280742,0.07678409564588919,103.31920107672194
310,38,n10,0.6990818880639351,0.08812057517509339,115.01448270519423
310,38,n11,0.6863278801701351,0.07598001145168899,101.00121534467334
311,38,n00,0.2339531886304733,0.025104091998226025,52.63059299415282
311,38,n01,0.1651616916326484,0.020270966205820865,49.37205007827859
311,38,n02,0.21835075597687942,0.031388865576920374,46.56275663917709
311,38,n03,0.2668271544029308,0.03821033132400801,30.391289124201904
311,38,n04,0.19194534728248736,0.02157485718826168,34.32730066722238
311,38,n05,0.24502406977066005,0.02586900201016674,38.349817111008505
311,38,n06,0.28989856215865023,0.04103501315597643,41.51426102441197
311,38,n07,0.27927065700686793,0.019736227753185943,30.91586076871326
311,38,n08,0.25981961338730086,0.033197509473126885,42.86493431388199
311,38,n09,0.2021643526931297,0.0240460319161854,32.67429493606206
311,38,n10,0.23419825279237522,0.03776199374271383,53.09090034085317
311,38,n11,0.25083358564989705,0.007331118678264727,38.46242903084463
312,39,n00,0.7300668764052253,0.07957024445039867,98.68399244138857
312,39,n01,0.7958165759949746,0.07893823803579893,112.63256065091042
312,39,n02,0.6152142214599895,0.07643060526110881,108.63701824238349
312,39,n03,0.641041315335042,0.08551818692301101,111.40721762950041
312,39,n04,0.7199649394360883,0.08051415060043934,101.53289084704079
312,39,n05,0.6779501367242621,0.096288149937023,111.9340688965543
312,39,n06,0.7471169326834538,0.07085759483278192,117.60045613976672
312,39,n07,0.6515464875629183,0.10240572848198141,108.80201955683722
312,39,n08,0.6808938275441401,0.07201457192092295,103.10486993146381
312,39,n09,0.6910035737897764,0.08700036179796784,101.42080072772862
312,39,n10,0.7600252275483643,0.08135362957616465,96.7094932715506
312,39,n11,0.7521254969019995,0.07824760650603288,109.31003891600281
312,39,n12,0.7412806167880611,0.06341001967563234,118.38810239309866
312,39,n13,0.6943279288540039,0.0770868979827053,109.92881468593835
312,39,n14,0.7216557482896526,0.0589168905496712,113.02375389022264
312,39,n15,0.678744822772884,0.06236384771332575,105.43415751280823
312,39,n16,0.7532406766776812,0.06965518074031185,119.31484154688182
313,39,n00,0.7687367780873464,0.07518919550118969,102.95927504428907
313,39,n01,0.7115029859761093,0.08686425188300997,112.2485002633944
313,39,n02,0.692789073117998,0.08366222861479913,112.35656372437629
313,39,n03,0.7253417782433156,0.0927973888930589,100.16266248343486
313,39,n04,0.695865378029713,0.08240276827700643,115.21329332676103
313,39,n05,0.7283508193045495,0.07665442225794018,109.85620374391162
313,39,n06,0.6536302250180066,0.06643811790116948,106.69267499797763
313,39,n07,0.7709528482683702,0.04414965292020616,117.51618694832118
313,39,n08,0.7385455755247642,0.07470771231066908,118.24322637168208
313,39,n09,0.774984136473427,0.08653426282812349,93.6167733492752
313,39,n10,0.815495135187282,0.07263182135311454,110.19483243954575
313,39,n11,0.695774802941953,0.11076425343942978,96.63150209940268
313,39,n12,0.710019298774526,0.08380623732323542,110.8314374933234
313,39,n13,0.7278636548333476,0.04237670050833448,105.09362136394816
313,39,n14,0.7273319391652574,0.08710308164490632,113.79766775188514
313,39,n15,0.7226738789728662,0.08384220750254487,91.66289435774743
313,39,n16,0.7034219074684459,0.07192513379244891,104.16754439280407
314,39,n00,0.298371399966108,0.040568474313026,67.42690676050405
314,39,n01,0.23689863059739028,0.02233732129714998,43.70200873158703
314,39,n02,0.17521173676646734,0.045338914587122844,52.64917191386933
314,39,n03,0.26989891922795045,0.03624400301485487,61.209329509147494
314,39,n04,0.18194469239749875,0.03837976436157386,43.27471076246679
314,39,n05,0.28713400596761435,0.027598213150137402,61.025775193019925
314,39,n06,0.27203371101426976,0.04380041714139577,56.89456793894398
314,39,n07,0.2795656064012398,0.04399683888502994,48.97589188046895
314,39,n08,0.22097646113659997,0.05126266548423972,56.306158477022365
314,39,n09,0.16830588531469667,0.0294564330503654,53.758007849314865
314,39,n10,0.274194508019902,0.03101566799555231,39.941111178597566
314,39,n11,0.22650759877669843,0.025113677981192836,38.861721933663844
314,39,n12,0.2694395518059041,0.018760273654923464,36.18470737909101
314,39,n13,0.24976760086542574,0.03629978063973351,54.278116416721296
314,39,n14,0.21387000088569635,0.02063697411003801,53.556595956778615
314,39,n15,0.2677882068779955,0.02683594374877838,49.19215720714505
314,39,n16,0.16967541194262675,0.04244795501658638,56.087872419613475
315,39,n00,0.7058735092366287,0.07202200117492111,114.74326222017764
315,39,n01,0.6958236702446816,0.0683101027914996,122.79731897124861
315,39,n02,0.7239248584802479,0.08098401130774452,102.26822354503017
315,39,n03,0.632775097931172,0.08142487629783803,115.5649105312117
315,39,n04,0.7422611642741966,0.08440578201715732,118.66311549403444
315,39,n05,0.8064525334786309,0.08248485586468778,115.97801283790766
315,39,n06,0.694673583709503,0.1039779247591287,102.4037538375083
315,39,n07,0.7393810072015222,0.08206697831670726,117.125130541663
315,39,n08,0.7445232356335074,0.09134679934512151,110.00109358343681
315,39,n09,0.7180174560198206,0.09419255450673732,103.7921868891505
315,39,n10,0.6512352374449438,0.08202184182653464,108.47920395201524
315,39,n11,0.7556065256196264,0.08361119457365578,111.62807333812631
315,39,n12,0.7237939485083376,0.08266787289111172,115.84160446082471
315,39,n13,0.703068320592135,0.10591765336209213,106.37546269213838
315,39,n14,0.7044109079624088,0.09191055518476256,113.71978985923131
315,39,n15,0.7341008302259329,0.0665781078707667,104.34112541273942
315,39,n16,0.7003351217519661,0.07127361207040661,113.17003608682043
316,39,n00,0.696620371260188,0.07824374558474138,114.57638341455156
316,39,n01,0.706149715257172,0.06492761582524906,113.56706693937619
316,39,n02,0.672639146962256,0.09126256733469366,106.65091568805825
316,39,n03,0.6844185684149671,0.09213268697566421,118.26410194732726
316,39,n04,0.7603092722651033,0.07526865198854484,105.74109253373766
316,39,n05,0.7315050450003459,0.08395984931099927,105.87266893122606
316,39,n06,0.680865964924306,0.06871524465358926,125.68705728453946
316,39,n07,0.7235251845253438,0.058557469433934285,109.44319999370987
316,39,n08,0.7081452603523195,0.07975011434181022,99.96096253135705
316,39,n09,0.7154762994664646,0.060463461086362816,110.78057565174228
316,39,n10,0.7041299115148874,0.08683073133621094,117.94785959262889
316,39,n11,0.6556217065732425,0.06887634936983347,101.15633083861307
316,39,n12,0.7134543493703863,0.07866558930975505,109.47097768906241
316,39,n13,0.769708033131353,0.06435839408697637,113.17811096737418
316,39,n14,0.6975905157581302,0.09353280579131557,107.39913147057091
316,39,n15,0.6666897794591521,0.06207638911628093,109.9181840726136
316,39,n16,0.6892092747652852,0.08261419771934804,98.42948967443614
317,39,n00,0.20163166367151517,0.043057032573343645,43.74486051728514
317,39,n01,0.1571534341591934,0.061575044944437995,42.30898663951349
317,39,n02,0.23713535087896864,0.056781980255724784,47.618538374644885
317,39,n03,0.2920502995787259,0.03823560773071781,34.715028856660886
317,39,n04,0.3250074084651644,0.023894346563015572,41.62249010830669
317,39,n05,0.1659399597114949,0.0138398965487652,39.06205642791518
317,39,n06,0.2150325587053145,0.041501014454331325,40.10569986478118
317,39,n07,0.2355901170988195,0.03276049684451114,39.372675169361756
317,39,n08,0.19174595172148692,0.0278942904471496,37.9988248557144
317,39,n09,0.23433318609275758,0.04643871885127222,31.996814108999004
317,39,n10,0.24658144015454142,0.017740736871377023,37.20103624702165
317,39,n11,0.22253339715403672,0.024933884086750083,41.40980330476408
317,39,n12,0.26227828852030227,0.031222843196539493,45.989031065567666
317,39,n13,0.17224718426639557,0.028046283572216144,31.846594017817267
317,39,n14,0.23052678060522278,0.04626418467748705,53.14059732521061
317,39,n15,0.2847783237174022,0.034064708765687644,39.97182019636665
317,39,n16,0.2714090675989508,0.03530183710645856,37.60857871548947
318,39,n00,0.7863824605813753,0.09715392740252467,102.89169031304257
318,39,n01,0.7613143762809126,0.0570357633761312,107.43162422527219
318,39,n02,0.7859555589973535,0.07540327765846196,107.17879072787248
318,39,n03,0.741735058149134,0.08028951072462723,110.59516803772061
318,39,n04,0.6282365944126749,0.08904053368942633,107.59030913309498
318,39,n05,0.7205969712654718,0.08350245039118405,119.02741497462766
318,39,n06,0.705805120919085,0.0780548229403906,101.23742788205641
318,39,n07,0.7376039303912505,0.07084563434963079,98.09457547513402
318,39,n08,0.7413968264270782,0.087858207329163,102.767207024145
318,39,n09,0.6912809362417832,0.08472611384401882,111.41246487293098
318,39,n10,0.720521558893215,0.07972980330422279,97.14210597548268
318,39,n11,0.7528591576763224,0.0923543317616167,109.58637929371905
318,39,n12,0.7406140204268696,0.07949029211282063,101.62269805333985
318,39,n13,0.6458993910654697,0.06779992283280006,125.06080299535012
318,39,n14,0.7030833941729715,0.0827391947118797,98.92391292780343
318,39,n15,0.7200622818547413,0.06746770911584532,121.06269611011258
318,39,n16,0.7312747805549983,0.06786071328621042,103.08186129090741
319,39,n00,0.746088187547051,0.0989062971276853,114.40399303431043
319,39,n01,0.6592777320151301,0.07151765441453695,115.21584675107066
319,39,n02,0.76411646763734,0.08023236948741436,112.35544053640231
319,39,n03,0.6926181571503081,0.08233781535055151,120.39409352590522
319,39,n04,0.7627419781989151,0.08039869831767568,116.71914067264863
319,39,n05,0.6247286262496422,0.08845528980549945,101.14437035114695
319,39,n06,0.6739059724549167,0.08096117162399134,118.34095110854285
319,39,n07,0.730378466436499,0.08976698714195126,111.11417017026224
319,39,n08,0.7321816985816704,0.07671257789027759,98.70717461672851
319,39,n09,0.7661226620355812,0.0900599051826784,112.2107589078244
319,39,n10,0.7221344017382948,0.08494640306063346,114.83908488235646
319,39,n11,0.7386246358716628,0.07600232031251176,111.77904030623743
319,39,n12,0.7170077436713848,0.07565411413151402,123.09982656603572
319,39,n13,0.7024523857519809,0.07994572112775615,101.21077500817573
319,39,n14,0.7295489452382956,0.055799656891960425,109.35982587935735
319,39,n15,0.775946573433458,0.08581891335897035,111.3889075911967
319,39,n16,0.6892277527824908,0.07010455747495838,97.47191540105442
320,40,n00,0.7439173004513748,0.07262032939578306,114.50934348649645
320,40,n01,0.7068586291869233,0.08870023712807204,119.31186597657877
320,40,n02,0.697677350782837,0.07543533050679274,119.33418852873656
320,40,n03,0.714950321415741,0.09658663931330284,111.82131216462821
320,40,n04,0.7641626911044087,0.08566601091659895,103.36995332316555
320,40,n05,0.7039901205534856,0.07302666851361582,111.5305518536435
320,40,n06,0.7346388280852761,0.09413334490452367,114.67153429246156
320,40,n07,0.6781033191973578,0.07557055986323329,99.81291306718502
320,40,n08,0.7957269435775641,0.07348374669119585,112.73007055247595
320,40,n09,0.6964131516681952,0.07248195228456127,124.44950765941276
321,40,n00,0.2529749363290037,0.05679822648277512,49.28609909292607
321,40,n01,0.2412103606790887,0.019582970709485795,35.26387665868626
321,40,n02,0.23594725986470233,0.0,39.29429524275109
321,40,n03,0.27342624232842977,0.03630093818477746,54.88238594854879
321,40,n04,0.25987200855355125,0.0,39.23295029837255
321,40,n05,0.24307878598434984,0.04611904744954855,55.941922858199085
321,40,n06,0.36442550651212613,0.03377537685574692,48.06132391692759
321,40,n07,0.24154128518914164,0.02524433664108294,44.76011603250308
321,40,n08,0.25261676875898587,0.03876693403800244,40.53051820130813
321,40,n09,0.2537011742970458,0.02331414753730164,54.17379356312108
322,40,n00,0.2578982500737877,0.030868145757443243,61.99998084809282
322,40,n01,0.2790188575388717,0.023685039030288457,45.156011249407946
322,40,n02,0.2417202347333613,0.0003651683675125854,37.19936670704525
322,40,n03,0.32710518660424504,0.027317998855527072,39.15441255753799
322,40,n04,0.24807010538803026,0.04805609803893685,43.00601996478636
322,40,n05,0.29798373760404007,0.03535608144136382,49.88227595820905
322,40,n06,0.3431991755750829,0.07127997613271664,53.74931126572971
322,40,n07,0.31369401769838945,0.042169314554282994,61.506350297462845
322,40,n08,0.20755935649523005,0.04373775271427595,35.250277422907615
322,40,n09,0.2511233150297951,0.027998455072674976,42.18926438195174
323,40,n00,0.3177065016694609,0.031037198043911418,55.19292369780373
323,40,n01,0.24637014875206434,0.033363435918210164,71.6902736227171
323,40,n02,0.24146197831351415,0.024213761676326436,33.59101596481601
323,40,n03,0.3316816046454577,0.024946272410129366,43.963058651150114
323,40,n04,0.22716649501875538,0.027639641601343596,55.018426332341605
323,40,n05,0.17804647483294778,0.03846500018112313,46.18106660310174
323,40,n06,0.2825459374048583,0.035199494425899064,48.60681470648732
323,40,n07,0.2707541205728172,0.021364317964730185,30.629719726152334
323,40,n08,0.16699529455064557,0.04407063435031894,42.076931994944495
323,40,n09,0.19514357618211753,0.03509081632434989,39.754376984332076
324,40,n00,0.2846926744042651,0.034669819685483494,37.25854154223148
324,40,n01,0.2601340696710558,0.04265156115834769,40.234756301923184
324,40,n02,0.3238334404558196,0.028037825966055512,59.40511093822734
324,40,n03,0.18484023139336248,0.02201638524986286,52.00378175057262
324,40,n04,0.2408871287784251,0.02478459910583415,38.70953605766953
324,40,n05,0.2603362646380864,0.01803865394826238,38.194805918801805
324,40,n06,0.23559781177903555,0.02905808311396155,52.66755280129192
324,40,n07,0.24412999127142979,0.04036281838480728,32.91295776992167
324,40,n08,0.18262182313990388,0.03202073165677042,46.77676973961701
324,40,n09,0.2820420408237279,0.04259920888502103,39.9311837758868
325,40,n00,0.7770390149926854,0.07075451532331416,102.14507259785806
325,40,n01,0.7142487861577447,0.08183826109107392,108.91517931822008
325,40,n02,0.7300944450078458,0.08257622096635464,111.32748680987895
325,40,n03,0.7463908539512195,0.07221131213312827,118.93482632674532
325,40,n04,0.7328067564498065,0.06820494256076266,124.68710913751707
325,40,n05,0.7354217687698424,0.07393706913564016,99.60407356140969
325,40,n06,0.720284926486385,0.07106694338667884,116.31713156481877
325,40,n07,0.7000228483962819,0.10253533919775416,116.38873801287282
325,40,n08,0.690779288168054,0.0848545167028744,113.19862646035655
325,40,n09,0.6504291412202001,0.08572671353223962,104.85367404333749
326,40,n00,0.730688715108999,0.08271933947832266,119.33378092255526
326,40,n01,0.6396858849493577,0.06557874983310236,112.78105443561734
326,40,n02,0.7513685012392081,0.06659217756174086,121.0246256225879
326,40,n03,0.7069070681538672,0.07705094380496333,101.08352091721478
326,40,n04,0.7569958119076307,0.0945749953748975,105.29461849736934
326,40,n05,0.7442011382491098,0.08603692296442114,104.99815319984705
326,40,n06,0.7138022593940487,0.07914457634031377,112.22450948907529
326,40,n07,0.7810659433779257,0.09108938933132589,103.07436979895436
326,40,n08,0.7141086227541993,0.08646185398656399,117.6914710157912
326,40,n09,0.6816198192229043,0.09356133711727549,96.79413405428859
327,40,n00,0.21789634822246676,0.026377634169706336,46.05535963073818
327,40,n01,0.29017704840983005,0.052413300131467624,33.19802569506128
327,40,n02,0.22025719846674705,0.03502387676071122,50.9498175028784
327,40,n03,0.2597391774782516,0.018383856339554337,47.275535994193746
327,40,n04,0.24086399701871963,0.038017365014230135,49.652776373268125
327,40,n05,0.23049524516533829,0.04416148902433506,27.83637565388888
327,40,n06,0.31507802510616506,0.049115011803319335,46.976341025548194
327,40,n07,0.2507835216141208,0.021226125334206467,67.12780105721473
327,40,n08,0.1884798165862061,0.030400003272715193,49.41743678736136
327,40,n09,0.26628545830742123,0.03462614873070468,33.96958380060941
328,41,n00,0.3040303837349178,0.024220135406983805,39.713382238749595
328,41,n01,0.24088465782494767,0.04223421509375202,41.76681635965221
328,41,n02,0.24560745689269292,0.026856502066446727,38.59392645866766
328,41,n03,0.2883450608172444,0.03163971657228895,44.15550825688339
328,41,n04,0.22843368785398596,0.034622799124474773,36.5548654107385
328,41,n05,0.3486475215564884,0.020230538860984366,51.910995534486645
328,41,n06,0.26924674335333804,0.01773249417642777,35.97757415292688
328,41,n07,0.32241918469743513,0.03896645707710257,61.05816464886817
328,41,n08,0.28707346352293883,0.03125827811949896,40.94198693304062
328,41,n09,0.22531999760603366,0.04329007896186769,54.316752836999264
328,41,n10,0.28786240904647437,0.019806321350303198,37.547943802663255
328,41,n11,0.2093301835316924,0.03087436754406872,38.39137010861813
328,41,n12,0.25896150425685516,0.04351299519870328,56.42264179610953
328,41,n13,0.34494465201258007,0.04634682575192413,40.45039908948906
328,41,n14,0.32957407495486,0.03914798622338278,36.0707138328784
328,41,n15,0.2142858859315508,0.04305564196839514,45.5901048088664
329,41,n00,0.2504589347414945,0.03635961485229451,37.57208669584064
329,41,n01,0.22528172652831857,0.02184690889814428,47.626756948225854
329,41,n02,0.2630486160747207,0.043638511217167136,43.48838732352062
329,41,n03,0.3308855193087188,0.020684316059502328,53.69598118124491
329,41,n04,0.341803319497456,0.03199247931743229,35.14274834002856
329,41,n05,0.14885013661553428,0.03581664778315606,48.43622977339379
329,41,n06,0.21507503573258996,0.02799678845055347,53.13542587658179
329,41,n07,0.24956230729540152,0.022127237989860094,48.349960413337634
329,41,n08,0.288571363663085,0.028741121717349417,46.12400299967324
329,41,n09,0.3370745833158343,0.04439520650372138,63.38115403405278
329,41,n10,0.35376258469232685,0.02700354882449887,41.68025004613227
329,41,n11,0.24566957499981337,0.021267247306359822,49.47874208114018
329,41,n12,0.24621820132816566,0.025728125444869958,46.56636981214255
329,41,n13,0.2257087557493198,0.039058147602094286,41.02122582123661
329,41,n14,0.2402808611995289,0.03646618015689928,53.16717923301769
329,41,n15,0.3172289144449656,0.028394949933432487,49.96102537254557
330,41,n00,0.788706001203517,0.07632732727604773,106.42847105897728
330,41,n01,0.6953354319977724,0.10003705898595244,108.63243165094883
330,41,n02,0.7750606272627868,0.07249201265651242,108.58005882850554
330,41,n03,0.6734145628796494,0.09001918414204059,121.56106388799915
330,41,n04,0.6707909308970886,0.08789328478740653,104.82082472239564
330,41,n05,0.702212503012358,0.09110793144192836,123.62807617922087
330,41,n06,0.7180823841378304,0.0670102129866984,98.23648818431559
330,41,n07,0.7054399410132056,0.08690827875412423,115.86125330606343
330,41,n08,0.8337798548723887,0.06279575599581698,107.05795504902052
330,41,n09,0.781542119409136,0.06940945728299502,118.9551872255989
330,41,n10,0.7704760717704486,0.08197928418825033,100.88325347508992
330,41,n11,0.6723678434676907,0.09974158603244407,114.79503255605792
330,41,n12,0.7700787164754139,0.08944435426960741,105.92841205522309
330,41,n13,0.7090782580491972,0.08994041636468994,116.95665143324746
330,41,n14,0.6878327066730402,0.08193709620117924,109.4730900295737
330,41,n15,0.7339747303804341,0.07283547413835888,107.21187656444131
331,41,n00,0.356021041753431,0.024372599460770184,54.885507160914656
331,41,n01,0.22560138722101214,0.013685505280629999,23.698685249052478
331,41,n02,0.13340814158020597,0.02189853249960999,38.452872151150224
331,41,n03,0.15053459745203948,0.021336690292106733,51.56685265446436
331,41,n04,0.20141641649350428,0.03241829231294802,25.35068073198694
331,41,n05,0.25666945558928855,0.03827203114828192,43.608074249150626
331,41,n06,0.22346404641333784,0.03679576212915719,51.07113531768734
331,41,n07,0.19736370595036692,0.0391557198086999,38.99072154164002
331,41,n08,0.23318512366401328,0.05114694985735031,45.19365089886516
331,41,n09,0.19249440741155227,0.024501039060932334,49.67917874902199
331,41,n10,0.27307179669620085,0.012991137487425683,42.13342108535366
331,41,n11,0.23523073234350547,0.013695881027976767,47.64783188568622
331,41,n12,0.2388786682521167,0.035595310928634175,45.423556863687516
331,41,n13,0.18426268983196376,0.043148126011176804,44.108586176302055
331,41,n14,0.27094551007667167,0.028029242934476048,37.27492812102754
331,41,n15,0.21452517578644417,0.039882737994978455,40.50842848480899
332,41,n00,0.22998777788345318,0.06270879224583323,59.60056914049821
332,41,n01,0.21370780713987794,0.018404132597389933,51.18601130547842
332,41,n02,0.29151956759134906,0.0297285120613157,51.897733288374475
332,41,n03,0.22573073464340437,0.021256603083009598,45.096555823102804
332,41,n04,0.2558087742686425,0.03763759128555637,53.214937149118704
332,41,n05,0.24994699626476397,0.04571480439987935,30.69250384820368
332,41,n06,0.246689180635538,0.025345484876535457,58.26736017838368
332,41,n07,0.25748068875467256,0.05652942724248661,56.12372909811651
332,41,n08,0.26047319883343123,0.043326886910911876,33.544716878045335
332,41,n09,0.20940495617523522,0.03532544038010581,50.17175610620029
332,41,n10,0.1810800959347751,0.03616592879475924,59.62141265433555
332,41,n11,0.308966212515779,0.028053289696220254,61.42658786427873
332,41,n12,0.2947617212630517,0.04535967234158547,50.697363242497616
332,41,n13,0.2520048482119239,0.03911220682054727,43.90603128423033
332,41,n14,0.27237321840365647,0.022899330703082844,43.38791347405032
332,41,n15,0.24560606245261846,0.009586402109052459,44.45160195756307
333,41,n00,0.7950719775777846,0.07325456720842513,104.20397011122212
333,41,n01,0.6299939640014738,0.07018601134163982,114.64138705040371
333,41,n02,0.7332489758898199,0.07072914887212911,111.94989988235524
333,41,n03,0.7082899780763521,0.05618471902815218,102.75980868850449
333,41,n04,0.7093105455596557,0.05968257270907133,116.53042065332988
333,41,n05,0.7106264957101994,0.08406480071659372,97.40527366745579
333,41,n06,0.7571886730879338,0.08146874673400885,105.95261846322396
333,41,n07,0.6648188066721566,0.076675060182589,97.2486914320039
333,41,n08,0.7817973706772798,0.08148895823633148,112.04533999645155
333,41,n09,0.699385980392448,0.049036157007472866,101.19770290713946
333,41,n10,0.7440726689129856,0.08799495067086269,99.23106755211194
333,41,n11,0.6655444455697765,0.11694572191392201,110.83531150349451
333,41,n12,0.7133851550926682,0.09155539201646447,118.8060136458346
333,41,n13,0.6967755550814643,0.0754219439257616,122.82894656714107
333,41,n14,0.713528441376554,0.057119773615868674,118.56550411286274
333,41,n15,0.706517999231717,0.09710464195666875,104.87308849580151
334,41,n00,0.683771766117554,0.08629659037467749,106.25994155404513
334,41,n01,0.7525091496341384,0.07668680534091787,111.62897797842355
334,41,n02,0.7623772490467683,0.08357423642502582,98.49064887235802
334,41,n03,0.6087522018792172,0.08506344395384367,97.55717578862513
334,41,n04,0.6847778040436467,0.06704106313602569,110.90936923549835
334,41,n05,0.7895732805899948,0.08813619214680155,103.93248614572597
334,41,n06,0.7174812978764917,0.09252054955725367,104.98716434995411
334,41,n07,0.6984799327555787,0.08425072461028259,106.76789325668149
334,41,n08,0.7491467313017629,0.09157477051869405,108.24294194778662
334,41,n09,0.8037527573465991,0.06916796709721762,102.51338094533307
334,41,n10,0.7757526778937787,0.07613898879082988,110.0890863578392
334,41,n11,0.7475608154758779,0.09092671867531399,98.03865210801385
334,41,n12,0.7429727940685225,0.0810486595323902,113.30103450391572
334,41,n13,0.713903208530788,0.05887796948159753,112.62954037153287
334,41,n14,0.7831890199618663,0.06131261550097791,98.3833436961358
334,41,n15,0.7143312133276221,0.10856873033866368,127.1718032707575
335,41,n00,0.7225131181225767,0.08394617056317293,112.32687229073105
335,41,n01,0.7232628015104149,0.09344719780547393,105.77474492243987
335,41,n02,0.6820230836072037,0.07089537149680297,114.36223779005034
335,41,n03,0.7743282259473907,0.07253071196976865,114.04612554276247
335,41,n04,0.7657538715550343,0.10384053115300969,120.65271744547671
335,41,n05,0.6914468714717324,0.08456457856699143,100.27275988211348
335,41,n06,0.643332735333714,0.10715028449502072,103.02755327435143
335,41,n07,0.6588682084489599,0.07090701475793697,108.27318560329789
335,41,n08,0.6884234761421745,0.07255162359391053,111.39098589070711
335,41,n09,0.7368894683055474,0.07883254607433705,110.85112395643078
335,41,n10,0.7779877142663494,0.09674063866468452,111.01949928166626
335,41,n11,0.7412986216933429,0.09029545135710793,119.93847287748108
335,41,n12,0.7065822639564988,0.08438688383089145,113.77381508976036
335,41,n13,0.693677639143101,0.10344822200957512,116.60869607398234
335,41,n14,0.721406419064464,0.09223504197477092,111.07521206831505
335,41,n15,0.7106162287196413,0.09086789063417249,104.35575774418457
336,42,n00,0.7621267713618817,0.08035906604059846,114.07321100078028
336,42,n01,0.6294973132822135,0.07236108408161875,109.98330692364634
336,42,n02,0.67518323811448,0.09794898687473685,114.61273226595685
336,42,n03,0.7203673619897804,0.07679622348899096,114.20259831375861
336,42,n04,0.7728684439526246,0.09785326530230881,96.29513112318219
336,42,n05,0.7548067597191532,0.09028555629142185,118.66655606281287
336,42,n06,0.744362500350501,0.08115114855348435,106.72896705810051
336,42,n07,0.8510696350502257,0.07960102597887128,112.95693508457911
336,42,n08,0.6826743992634017,0.06291676578299292,105.86448667521077
336,42,n09,0.7210794390599421,0.09329447909193792,104.14772049855517
336,42,n10,0.7338895636056332,0.05215450337339415,110.03472797449821
336,42,n11,0.7612465236244792,0.07375477218812468,118.41752948409321
336,42,n12,0.7019788533632344,0.10395361508652787,100.98817699554617
337,42,n00,0.7730913413876688,0.09332279462227129,112.06614779036897
337,42,n01,0.7228276827250124,0.0883143922581694,113.35545903012515
337,42,n02,0.7012672553828041,0.08313380241187007,106.14795187267937
337,42,n03,0.6880972320982228,0.079479937551759,105.19498469701794
337,42,n04,0.6583709058820858,0.08041347913058097,107.80699049620291
337,42,n05,0.7877238884860238,0.09076763920525108,108.62689103218958
337,42,n06,0.7997804577877774,0.06569877988289147,115.71158660391296
337,42,n07,0.7118084090813882,0.09256556885391704,102.47210122783207
337,42,n08,0.6208486061994535,0.08732657680746327,105.01991871250871
337,42,n09,0.7056354351614068,0.06049029213000093,109.1146571495997
337,42,n10,0.6371586282189426,0.08173367524357687,109.82115677348911
337,42,n11,0.7246279964345085,0.08139541492492805,91.95374005612642
337,42,n12,0.5589023265349501,0.08401041321396724,119.32413290645417
338,42,n00,0.27617853532999326,0.019905404244284195,48.02279826036099
338,42,n01,0.1846589591211415,0.026333392889097872,44.868043933807364
338,42,n02,0.2548888346853368,0.035105536219429245,53.06138839925161
338,42,n03,0.2513046043425615,0.012648507494028571,47.47614225473232
338,42,n04,0.28256822887406696,0.02475317715930722,47.597783240590026
338,42,n05,0.2644036504444271,0.011677591210142793,46.472617952486424
338,42,n06,0.21952560940935623,0.023846244091499352,50.74072288691217
338,42,n07,0.23104205422445723,0.05422958736325002,30.799224080273746
338,42,n08,0.25211004169646706,0.05819838662246882,43.060790910113845
338,42,n09,0.2874688322590237,0.022669233083264833,33.84868180786093
338,42,n10,0.20986564911701994,0.024660980239113665,49.26559392151721
338,42,n11,0.26303997965010834,0.018460944253904446,46.82759755308627
338,42,n12,0.31697251597012277,0.030780444749814114,56.632664014075615
339,42,n00,0.2119905298034259,0.02288950767300129,42.982108886589145
339,42,n01,0.22346364384947107,0.04006655172138747,53.98698836962873
339,42,n02,0.2624689325086998,0.022422850262650888,47.17164021041094
339,42,n03,0.17539091277736266,0.05542977286542599,55.07397748942388
339,42,n04,0.2194425548732951,0.025959232132541164,49.498493072135
339,42,n05,0.2503569404730704,0.012157339538980814,63.4088563159341
339,42,n06,0.23405538286562516,0.00622012893327387,48.44966451683066
339,42,n07,0.24573785830380052,0.027315140077420592,55.155096206594095
339,42,n08,0.20338681405264936,0.03834392176518814,42.47044857773532
339,42,n09,0.22435391271412755,0.036002906992597776,49.00606181562769
339,42,n10,0.26078999690671073,0.01703004492298702,32.332165106604705
339,42,n11,0.24021365652246213,0.02798886858233285,42.05778187518649
339,42,n12,0.2493306856580288,0.010230000276423932,58.6925356436214
340,42,n00,0.7604048248249127,0.08039644786314983,117.89946326379834
340,42,n01,0.7702982386017888,0.0858193664451203,110.56645469672236
340,42,n02,0.7006779111673619,0.07434642743326267,114.71780371373906
340,42,n03,0.7769432826286731,0.08146799266548256,98.34654688692562
340,42,n04,0.6700184743215386,0.08875717274821963,123.939738702389
340,42,n05,0.7420213744009222,0.08300362154312953,108.32461523109235
340,42,n06,0.7628320961564492,0.08834266453368603,89.8697463731369
340,42,n07,0.7298326688549692,0.0784079141735361,105.33335372093457
340,42,n08,0.8179233709776189,0.06615122499403425,96.38979625500417
340,42,n09,0.7147090722125129,0.08169032963927798,96.78337386282966
340,42,n10,0.7414812284104627,0.09156069485259631,122.03144180961601
340,42,n11,0.7786544542242242,0.10255795500834741,109.35061081164282
340,42,n12,0.714544827997852,0.088859174477797,110.85746042935789
341,42,n00,0.8162982688336811,0.06547715025126728,110.83217185280792
341,42,n01,0.7511063507441484,0.07981518606872615,101.12518590386505
341,42,n02,0.7768208314935251,0.0823903940958418,107.47340057553967
341,42,n03,0.7435492434055188,0.061700944105837305,101.42793839517243
341,42,n04,0.7586037903870182,0.07288625388691695,111.36888929602699
341,42,n05,0.7378811790305468,0.07676626633250956,97.80978048664932
341,42,n06,0.6386916375696372,0.09042459642105811,110.33387695092225
341,42,n07,0.6881624945498485,0.06767803031732164,113.09537518547845
341,42,n08,0.742546538247269,0.06495024552953141,105.71245254211317
341,42,n09,0.7773393060813293,0.08087873150762848,98.11084063420542
341,42,n10,0.7234752530580106,0.08599498373849902,119.27262533968953
341,42,n11,0.7525095691627818,0.08341845414667393,105.37482846111492
341,42,n12,0.7095135340435426,0.05341789256595119,109.44701056783379
342,42,n00,0.2644472189832048,0.02107515347655389,37.174508061921166
342,42,n01,0.29347452058520035,0.03174119334460282,49.88157021008505
342,42,n02,0.29131135467591657,0.027484985094836246,48.454374555255015
342,42,n03,0.243941381081177,0.02302224589392774,30.07575107763879
342,42,n04,0.25434099059664883,0.011732241713704294,37.126444593725715
342,42,n05,0.15116975647122544,0.022312002210672786,31.534542499510422
342,42,n06,0.21421321460246534,0.037753151165442755,41.00489117260234
342,42,n07,0.22732171325994613,0.017321458056665386,51.28601353159488
342,42,n08,0.2599438356993996,0.0447661441979941,49.512973704232834
342,42,n09,0.17414667838631231,0.033428085259988714,40.131449496558965
342,42,n10,0.27840369287905503,0.020991257514189433,40.71651310487238
342,42,n11,0.21484193649107827,0.03212098969394536,48.57309320848593
342,42,n12,0.2540329418037892,0.052748638480440396,33.79961762772476
343,42,n00,0.24204908573379932,0.04794057265656612,52.47320994268523
343,42,n01,0.23705177322350868,0.04043732594741782,39.649601786240765
343,42,n02,0.23160407001836064,0.02211371985960449,47.082072951104315
343,42,n03,0.21538537438480732,0.043896325476917304,55.37521121693664
343,42,n04,0.2877426293135451,0.03434167478906617,48.50563833735043
343,42,n05,0.22458833889940025,0.01848998472018712,44.06591228990082
343,42,n06,0.3006144047060099,0.023711176882135886,45.20441164872378
343,42,n07,0.269808424301849,0.04827011900474714,49.8783090334836
343,42,n08,0.17843330714175304,0.04704279936925314,38.414971838452
343,42,n09,0.24842810562058903,0.03750866415334894,39.226477048501124
343,42,n10,0.2635331732285308,0.03961069452774922,43.6978946700541
343,42,n11,0.26772372896720287,0.03961969581354162,36.1845414824664
343,42,n12,0.3197630633663129,0.031071816844754345,38.83633102933931
344,43,n00,0.29356009723947846,0.025510866395149684,35.479122789156655
344,43,n01,0.2375847268308669,0.03630539924827381,48.57541690205957
344,43,n02,0.2231288249324421,0.024670345778901415,38.62310197411023
344,43,n03,0.2555477033785419,0.02065886318770379,58.764045712814735
344,43,n04,0.21155360812959018,0.0403977271958636,57.28262686774188
344,43,n05,0.25884734414318783,0.015025917907004029,42.68043929083756
344,43,n06,0.23789508587162017,0.028518915800975604,35.26538900866957
344,43,n07,0.23943033201756175,0.03614308857954698,34.59523264187601
344,43,n08,0.27404942390296094,0.02110397419122591,47.371071175205884
344,43,n09,0.36912286341730416,0.029543946235070923,44.12071773059947
344,43,n10,0.17379728810137784,0.03236623311624394,53.102008011414526
344,43,n11,0.23185062175124552,0.030040677109460987,47.35192788267044
345,43,n00,0.7144168228070967,0.07477400867926609,108.70656810245423
345,43,n01,0.8017178856538468,0.08573867328816656,135.69830368568168
345,43,n02,0.666974791244779,0.09765818381125978,97.03687679876917
345,43,n03,0.7000908177231843,0.10330534478435592,113.33118990209854
345,43,n04,0.7171173485918744,0.08463770133816693,118.41604018879546
345,43,n05,0.7242084922053043,0.0724100432648546,110.64061640721216
345,43,n06,0.7678465311520783,0.09821200978184066,109.9524514541985
345,43,n07,0.7471919284891726,0.07697186960984156,93.6474178587884
345,43,n08,0.6865872716892727,0.07366811019611107,107.18506317234058
345,43,n09,0.7349968346970823,0.10438046788802174,114.09008832671933
345,43,n10,0.7142506901279102,0.047747570875232466,130.4561167567635
345,43,n11,0.6083774305087062,0.08852036134139835,108.6083167827216
346,43,n00,0.7126969535896651,0.0853036347632623,107.41511003905094
346,43,n01,0.7476374653875628,0.09554305158360808,106.51953737876177
346,43,n02,0.7887342624817746,0.06923510187944273,111.84282060713767
346,43,n03,0.6909915845352291,0.07192700221978875,111.38871014428005
346,43,n04,0.700394498229018,0.07060325551375261,107.19784934358155
346,43,n05,0.7638019375380468,0.08178197460156875,117.80356381859092
346,43,n06,0.7331822653491549,0.08288024001945886,111.92986948315142
346,43,n07,0.695334723052748,0.08601595285906899,108.09803061231109
346,43,n08,0.675119992403036,0.06812980536345863,106.02000393023665
346,43,n09,0.6377391505597865,0.07119228254930282,123.4038261326835
346,43,n10,0.7262128639447993,0.08042812680909994,96.35598012411945
346,43,n11,0.6667466941366704,0.061142235291647085,109.72933344838266
347,43,n00,0.728775012865907,0.08379020657300705,109.80827112119509
347,43,n01,0.6159100416663349,0.0841922830644091,102.2795420773593
347,43,n02,0.7389601504850154,0.06510197861496245,123.47040950159092
347,43,n03,0.7084151440618951,0.08558609282559893,119.84122992392696
347,43,n04,0.6906218862823088,0.09316359737433227,114.55974955955219
347,43,n05,0.772256043033595,0.07211850146936222,112.44850142058613
347,43,n06,0.7709196999572403,0.06798624772429478,105.8736033020919
347,43,n07,0.664944702080786,0.08426386144081205,131.74859373051166
347,43,n08,0.7379482133720661,0.06565780507980554,98.52967624630385
347,43,n09,0.6862197961758841,0.09464063933341318,110.1185303258057
347,43,n10,0.8095569975059719,0.06373586423735816,112.16036655901922
347,43,n11,0.7266990514384122,0.07214894991750165,107.41293444084833
348,43,n00,0.3527739375146129,0.02800668828360785,40.019364847012156
348,43,n01,0.3092788460255663,0.0,43.83538928073175
348,43,n02,0.23359849318788514,0.03306506556138762,45.19826636124266
348,43,n03,0.228661332250679,0.010471728404387003,49.628659524193694
348,43,n04,0.2869011682157101,0.039233680187186905,49.00547999620056
348,43,n05,0.22550292770212574,0.030303987985036036,48.752892182341526
348,43,n06,0.2636607107964268,0.02481150384099281,42.14207083353418
348,43,n07,0.24773658801333756,0.030848518612532797,44.81060362060752
348,43,n08,0.2703371739930608,0.025895737218481103,45.76127702742114
348,43,n09,0.23270419481584384,0.021163247926244078,50.67917774263515
348,43,n10,0.2228350937454785,0.03660854329357453,32.970754921687934
348,43,n11,0.2626732552228046,0.045120512685833246,43.3270167333597
349,43,n00,0.7342619825341073,0.08682619727073061,93.72784572809252
349,43,n01,0.7987022565776984,0.08387489029703432,111.15466973246656
349,43,n02,0.6810622537276069,0.07821314099544216,104.36935345667713
349,43,n03,0.7274336220234807,0.06712557257796728,115.20158646140266
349,43,n04,0.7654738553692392,0.07024597629872768,105.5255445257905
349,43,n05,0.6823606921817008,0.074604288514548,113.0345793177937
349,43,n06,0.7235866687020517,0.077057879691825,100.63152025886929
349,43,n07,0.7596747324823843,0.08043844855212137,121.7379410627186
349,43,n08,0.7412039374858265,0.08013395720628945,111.81212976393533
349,43,n09,0.6947439861390949,0.07700390720752316,118.75748146068108
349,43,n10,0.7470922909844616,0.08668974326174626,104.44740608798243
349,43,n11,0.735328362264231,0.06874034833723996,110.15317478728288
350,43,n00,0.7817093778828822,0.0878915679868638,105.04943343879528
350,43,n01,0.6325309687157331,0.06093904947994517,105.3323436449106
350,43,n02,0.6737999018056221,0.06281690827187995,106.8212935567311
350,43,n03,0.7724482722960598,0.08588566207264671,110.65334977872486
350,43,n04,0.744658052069319,0.07534410918124619,108.15773864246353
350,43,n05,0.6151575546863293,0.07753437845450308,110.75647198403348
350,43,n06,0.7009055515703538,0.07672659238330731,111.26104286749592
350,43,n07,0.7214367461412856,0.09840903279363872,103.82737811804645
350,43,n08,0.8333965671607799,0.07833476803555896,104.59752318447084
350,43,n09,0.7300428779764756,0.07895534825006002,110.00953972412016
350,43,n10,0.7686169594980967,0.06911584606870458,119.04772193543215
350,43,n11,0.7566966176616942,0.06482816991974386,103.08484229707427
351,43,n00,0.7775682827079861,0.0839843999007536,109.47171030616325
351,43,n01,0.6885667227444596,0.07791107378427047,110.51134149140007
351,43,n02,0.7241752744790765,0.07959045830661295,117.1058873992757
351,43,n03,0.6681037108610208,0.07149915702297277,107.3498814169238
351,43,n04,0.7393756579805495,0.07351040803460196,95.24352232271505
351,43,n05,0.7363975040497958,0.0867213062808682,112.26342466229578
351,43,n06,0.7498901541610656,0.05687249658191508,108.74851747229711
351,43,n07,0.6812467161574672,0.08876645298741777,108.09546695154654
351,43,n08,0.7289249348206452,0.090055648092671,118.25581452772745
351,43,n09,0.7322698303309917,0.08034628523106538,122.86231759395339
351,43,n10,0.6936559268029568,0.08677774461134498,119.07173512578473
351,43,n11,0.7691335712731422,0.06947690037206385,103.62801862195087
352,44,n00,0.20687923470331376,0.033354128116651255,34.84152557551882
352,44,n01,0.17935163924120917,0.012962541464598309,45.100163246451885
352,44,n02,0.3145190854462685,0.027394419073035386,38.388441929985014
352,44,n03,0.24855902285292839,0.02718941600411384,51.607835409851916
352,44,n04,0.2575516925569326,0.048039600371103205,48.21004649302556
352,44,n05,0.2768738893020046,0.030336753532559456,61.9794292703392
352,44,n06,0.2545864578494034,0.018710996620660253,49.92150641136155
352,44,n07,0.30966780337023286,0.026476394742035652,59.79583183801069
352,44,n08,0.2890068414953525,0.05155134987262612,41.08926474966745
352,44,n09,0.21824461275606202,0.02878045108170266,44.56053915548634
352,44,n10,0.3183506421932585,0.025213698993122417,58.334899013588114
352,44,n11,0.1883564064709796,0.043134773857066884,45.71286089648003
352,44,n12,0.2919870119816356,0.01986473527187474,55.46418392162277
352,44,n13,0.22468860620790254,0.03435697876762379,55.216994898521776
352,44,n14,0.250216815007978,0.028698765797402652,41.65143005876688
352,44,n15,0.26238361878936617,0.05051630902620076,52.45870066105166
352,44,n16,0.21023159644574585,0.030721026651564072,40.76576103946262
353,44,n00,0.24817197572708397,0.021131799224602715,45.47581827659795
353,44,n01,0.2253315483718618,0.040830604500190146,39.50874877226007
353,44,n02,0.27498164505961065,0.038372369775847126,54.6391627944548
353,44,n03,0.2385305862803113,0.030975615501813707,44.625354177452664
353,44,n04,0.3252970712019911,0.05678676763253829,37.243768574738034
353,44,n05,0.3393814525175223,0.028263363595295816,45.87782507804314
353,44,n06,0.26380905861945253,0.04337942554121191,58.949427597406135
353,44,n07,0.2705414478507603,0.03115585166383138,38.27070010785893
353,44,n08,0.27259795747800686,0.0346115492199797,40.557203336291344
353,44,n09,0.2314577425640613,0.05082876655577625,41.06172619370216
353,44,n10,0.26644110269466,0.02963593603826683,42.34033024061937
353,44,n11,0.3112910008766807,0.03332609050481997,43.88764183394631
353,44,n12,0.3095796141296789,0.0,44.41866933364898
353,44,n13,0.2576304773788702,0.03186843005573334,49.377821000992725
353,44,n14,0.22127546069129564,0.02903381906427623,52.07697982636287
353,44,n15,0.1721978906207866,0.035562742305752675,34.441279070922775
353,44,n16,0.2746872509498666,0.049948650787257645,37.149329669313055
354,44,n00,0.6502215406389571,0.07512341491901614,117.09921288742039
354,44,n01,0.7876897557772116,0.08157994635809428,114.80418679026484
354,44,n02,0.758133812165152,0.07347341048857667,120.50854009191556
354,44,n03,0.7308880456120864,0.07254560812822118,118.10819345908551
354,44,n04,0.6895369344195956,0.09954810852643953,122.567355364017
354,44,n05,0.7470830794755982,0.07011110567064842,108.13668422792236
354,44,n06,0.6599365589273233,0.06770215519836706,110.7925763338998
354,44,n07,0.7105782312178868,0.0543291840749109,110.44145679388335
354,44,n08,0.7618225027158894,0.07002928424949796,114.69574327021489
354,44,n09,0.6736768455624776,0.059033956962158865,100.26655583242584
354,44,n10,0.6850912311255493,0.0970600940140873,110.27597027210919
354,44,n11,0.7612582083044982,0.06096999961969042,105.80318793955942
354,44,n12,0.6673025159201943,0.08218323391246066,108.77743530684049
354,44,n13,0.7856056569880517,0.0907736632605825,123.14827616490265
354,44,n14,0.7351914119229326,0.06003853126697774,104.29137795365052
354,44,n15,0.7120513828303323,0.06289081051601488,110.32198177439253
354,44,n16,0.7647087854281589,0.07904922050205347,112.00059522744033
355,44,n00,0.6524130652603279,0.07287111582259578,106.75873342112052
355,44,n01,0.6834779814008646,0.09003438551255173,102.22866575525887
355,44,n02,0.7490470009790657,0.0783070481885343,117.97761737739253
355,44,n03,0.7347692934793385,0.08241667603667872,99.77086371666044
355,44,n04,0.6267068946346708,0.08133346623652929,95.88343622824922
355,44,n05,0.6793038612456066,0.08141546794289667,101.4206224928524
355,44,n06,0.7211121090610835,0.061526075715921634,105.54925323355654
355,44,n07,0.7715800469645947,0.0719016806799602,108.91856241355775
355,44,n08,0.7688346833141531,0.07720259611707711,113.72262920855103
355,44,n09,0.7140917738169208,0.09373169994178486,109.2982060616364
355,44,n10,0.7570288621395616,0.0753608556152396,106.24154692779919
355,44,n11,0.7715367938194665,0.07837533552225301,110.94071689397194
355,44,n12,0.72266956403071,0.08470559496824409,107.49130351599803
355,44,n13,0.7038538531121603,0.06401119599861498,100.03476806195968
355,44,n14,0.6796071835064221,0.08152423718057869,109.52648173066888
355,44,n15,0.6812055634602976,0.07820867730831743,98.84244451162535
355,44,n16,0.7408141208024863,0.07977978756040384,118.48694023225656
356,44,n00,0.1524142215450966,0.03883840458585823,34.646302995343284
356,44,n01,0.20839588078553511,0.01743641133988413,37.48045376986989
356,44,n02,0.18354262724454434,0.029261447444020747,42.29825096089168
356,44,n03,0.24635002043862242,0.03320342680559162,38.74155294381325
356,44,n04,0.21085376531265518,0.03031840427319149,40.125183288469216
356,44,n05,0.33973980748605503,0.03348132315510061,32.743418398220015
356,44,n06,0.215154383504491,0.04017427729117042,45.181087916398255
356,44,n07,0.24239772155958764,0.03994871232912185,52.319738446661894
356,44,n08,0.2458683684109075,0.016592096434680795,45.10180762657549
356,44,n09,0.18457211584494448,0.0014778748854475665,53.106849212494225
356,44,n10,0.25773329282483887,0.02250800918992221,43.92604039008084
356,44,n11,0.23145046360359503,0.020377853753121407,41.403642663317875
356,44,n12,0.2551564242015174,0.02454267454174139,43.29483302083257
356,44,n13,0.15983618533551142,0.0308930873335954,33.6159047777871
356,44,n14,0.23196263070235007,0.03471690730973945,39.007487636551005
356,44,n15,0.2734136812894621,0.007202089367794085,44.71133635411436
356,44,n16,0.2668836113000386,0.017646585185266284,36.577187318399965
357,44,n00,0.7063935078319191,0.09867965607729927,114.28885389188747
357,44,n01,0.6786817757182536,0.0810789004626152,121.76023067323835
357,44,n02,0.7426847166560852,0.0946684382981112,107.71704772362388
357,44,n03,0.6938631227634047,0.07099688796961742,117.82123586563422
357,44,n04,0.7554559276586507,0.08944529701532537,120.0572355307051
357,44,n05,0.713045521414049,0.0767140532730154,113.28280570346382
357,44,n06,0.7709752153046554,0.08856366009182019,116.40410113809156
357,44,n07,0.6855919189601036,0.07610549452405797,109.0993148708235
357,44,n08,0.7173813036822978,0.07056739324304732,102.24308525506545
357,44,n09,0.7022583916654788,0.08054231494921091,113.04435037035198
357,44,n10,0.7268057949696466,0.07271209472740725,95.88098153539939
357,44,n11,0.7438741668903845,0.08357334331809856,104.89658402765608
357,44,n12,0.8006464806559266,0.06209149379116547,120.3790754774804
357,44,n13,0.7027652209443994,0.06411851358939843,118.10803626078179
357,44,n14,0.6872858873121468,0.05615875181313163,101.0527583290033
357,44,n15,0.680308146920571,0.08913707316575463,99.79605590431454
357,44,n16,0.7096190590779966,0.08435887733912664,95.07781177632151
358,44,n00,0.18645468785612923,0.0263754304978632,41.99271777896981
358,44,n01,0.3278178965055092,0.02920269666814268,56.036756922755885
358,44,n02,0.2792674105904713,0.040699657638802685,39.764375366485915
358,44,n03,0.25705724932952495,0.03302448240187827,46.539472246284184
358,44,n04,0.28256284422393796,0.01918775129133065,43.59883555136184
358,44,n05,0.2919746838650331,0.019097841342016704,52.87434562641338
358,44,n06,0.24074238059436487,0.025045626317437314,43.295997767877566
358,44,n07,0.20975475929333892,0.041358373836372184,51.97810193207382
358,44,n08,0.21623167836218754,0.024901260838433217,30.450391950459377
358,44,n09,0.24025717143091446,0.03387303850779807,47.70793588071215
358,44,n10,0.1815262978586094,0.022129258701287544,40.42275193416715
358,44,n11,0.2444921771292984,0.021275259344549297,49.972705161381356
358,44,n12,0.22265511689122267,0.03778899804404395,45.904932378707834
358,44,n13,0.20091193298049992,0.013028056598654466,35.93584213982696
358,44,n14,0.20838774538897392,0.038859331506177236,53.65099444842308
358,44,n15,0.25235121192948423,0.026602582300406165,55.489448805585326
358,44,n16,0.234436712230566,0.03518319954339739,52.47675560337709
359,44,n00,0.6549703149615672,0.07751550376458492,104.26807786294884
359,44,n01,0.7328496343270319,0.08064401134797033,112.30342717845663
359,44,n02,0.7387777290889628,0.10118312270825087,108.32528105596384
359,44,n03,0.7626585912021684,0.06036812558266403,122.5539822933867
359,44,n04,0.7053076606496995,0.08716667070861445,108.25598658197484
359,44,n05,0.739735155252891,0.09805569115072425,115.87352587249545
359,44,n06,0.7270621069460158,0.11027630024019511,120.55802472755019
359,44,n07,0.7906190791782267,0.05459282882119569,124.21540294252166
359,44,n08,0.6631811623271274,0.08769697089588567,105.5096009198898
359,44,n09,0.7112426257381269,0.08098726308363548,123.90457566620843
359,44,n10,0.7082159467434502,0.07534488400776937,96.71271213413738
359,44,n11,0.7817162838303585,0.10390513285656684,122.19380900308602
359,44,n12,0.7206968836892929,0.06887913673814906,130.91184603036623
359,44,n13,0.7547509411126075,0.07224223386524602,114.18805346655522
359,44,n14,0.7219127105337464,0.10147754056999568,102.8627164119335
359,44,n15,0.6842080348162668,0.07683304769647137,114.99980093589069
359,44,n16,0.7419630703692323,0.08506212763037699,127.99133080657704
360,45,n00,0.6698026600086084,0.0758599573555027,107.20367182410794
360,45,n01,0.6772221959930711,0.08052750005541078,111.98656909410181
360,45,n02,0.6956643044854776,0.08765260767578667,106.33048560940256
360,45,n03,0.7268372563271958,0.10938686297611057,109.42754968508395
360,45,n04,0.6971947681666858,0.08192420889031331,120.92693144481774
360,45,n05,0.6099638291210269,0.07751688259269297,108.5690227641845
360,45,n06,0.7659877607612172,0.08972629687937524,94.96465615298769
360,45,n07,0.7116082625981772,0.0697454263901011,109.64717664920659
360,45,n08,0.6947588032077334,0.09573032450601628,101.50002135707024
360,45,n09,0.6999338288274648,0.07657626836232342,102.12755208245554
360,45,n10,0.6687877392046995,0.08196220231904985,118.05956551070241
360,45,n11,0.8361868713560134,0.08461830147486629,109.30418560543279
361,45,n00,0.7370027878698874,0.07481819127463288,117.37767866650918
361,45,n01,0.7616229623791021,0.09270691195849773,102.76789829761307
361,45,n02,0.7801004044938588,0.08082037345221615,107.48656353487145
361,45,n03,0.8695660813993625,0.07632834473686198,117.22276335516142
361,45,n04,0.7202470761136656,0.08192593427798588,108.59756896340302
361,45,n05,0.6763294333352291,0.07821029060973901,109.56919954695783
361,45,n06,0.6722741659487791,0.08804033937591461,115.08168290239607
361,45,n07,0.7519149800305119,0.09271612563831749,106.31389750979065
361,45,n08,0.6538749132967328,0.0831430726553715,106.25755330599365
361,45,n09,0.7359991698566304,0.1038498556023352,122.12489180400239
361,45,n10,0.6663144466977505,0.09848325928438639,121.21250684904189
361,45,n11,0.7325866007807555,0.07668348160832159,107.38887237284963
362,45,n00,0.18739624574374392,0.023677151182966625,53.963764810667584
362,45,n01,0.25786303325185617,0.02902097751568829,52.08455504357745
362,45,n02,0.23555679093261336,0.055137161594998506,49.13591761273551
362,45,n03,0.25346475320963047,0.03273522822422813,39.367437737390574
362,45,n04,0.2288713201650087,0.005567827551059057,46.603098941391366
362,45,n05,0.26474776520078347,0.04555449428912413,41.274778249338866
362,45,n06,0.18204127078536358,0.024128150484907976,38.787358548083475
362,45,n07,0.29417592641194446,0.015880792089642437,40.32062885194113
362,45,n08,0.31167805951918054,0.02993232834944875,37.858008168122936
362,45,n09,0.29738364265156103,0.030924361146583108,42.721524342277526
362,45,n10,0.22206787177420792,0.04876260187799594,33.957234325431216
362,45,n11,0.22220199263561538,0.0364886525228496,46.79815618154268
363,45,n00,0.677003113625364,0.08325675438986786,109.93068150950187
363,45,n01,0.6625623232779949,0.07623263425525087,112.99465041207671
363,45,n02,0.7224091203083175,0.09424295903357073,107.43465238578705
363,45,n03,0.6336686720288047,0.08563201400837386,109.22305542673058
363,45,n04,0.6897176106634761,0.07731198391280093,111.60941382370136
363,45,n05,0.6651850077911364,0.09478746643405558,103.56214993076
363,45,n06,0.7658679302044292,0.06504866375910563,109.93460774021688
363,45,n07,0.6811722675374416,0.0858910331873829,112.39828070609828
363,45,n08,0.7085796150691633,0.07441682192388906,109.45442880504216
363,45,n09,0.7482444051954033,0.08466774659351954,119.3611683226835
363,45,n10,0.7196496291132632,0.07484113776512422,121.28463648583532
363,45,n11,0.701228604699822,0.0685832373876813,111.65255997448537
364,45,n00,0.2671383374540255,0.01715722782584949,40.249066328800744
364,45,n01,0.2183930765513728,0.036080054158496924,54.948877753466924
364,45,n02,0.23440647296991543,0.0441799817423346,28.228263454000267
364,45,n03,0.3074201781187905,0.03138956317616728,45.49866497977697
364,45,n04,0.2516984662350652,0.020428848441650792,50.890910971030806
364,45,n05,0.2667705489087482,0.036655862330211134,52.893002775110936
364,45,n06,0.28157547711846653,0.03492295969204795,23.595325300639477
364,45,n07,0.27318601136416465,0.04539824190627571,38.792792375992356
364,45,n08,0.2479101693859081,0.024727987120902198,51.72296319057101
364,45,n09,0.25626116152396344,0.005144061930036657,46.04710526887373
364,45,n10,0.19532423831231865,0.016580149526881596,57.35120822460142
364,45,n11,0.21782368262026136,0.0470138887640921,37.32586452462768
365,45,n00,0.8010945020372009,0.09192545374059763,102.34849740530301
365,45,n01,0.7953869069553163,0.07168536716889962,95.82418459056899
365,45,n02,0.6938421239127097,0.08557090304667299,108.58578095675396
365,45,n03,0.6984218411373376,0.08403952485470516,115.86088130986225
365,45,n04,0.7337681499382376,0.08908471376827601,112.28830585699222
365,45,n05,0.7838241756554629,0.07873701896201635,117.44164714617017
365,45,n06,0.7263315004886121,0.0719841015437638,111.57022757029576
365,45,n07,0.7178914512003394,0.09343499554688076,115.98285960950646
365,45,n08,0.7350940367050185,0.08645095878989283,107.53685313559406
365,45,n09,0.712545879492344,0.07750596326142976,102.613743575139
365,45,n10,0.7581402442712742,0.08362827476143692,108.6795216969128
365,45,n11,0.7062225246200718,0.07432262982863326,96.24275298473628
366,45,n00,0.7642020557412716,0.07997875053067978,111.58943741788748
366,45,n01,0.776343525949798,0.08458991490415002,106.77435908400885
366,45,n02,0.7119928428598516,0.08775017925625725,104.34773880687585
366,45,n03,0.7207768570941214,0.07688226191714466,113.81173778455043
366,45,n04,0.791574964571152,0.06686720486161055,118.97653856244928
366,45,n05,0.8162758207830342,0.09042436177845538,133.93538383029676
366,45,n06,0.7197136472885686,0.07018269287794404,114.38478953843462
366,45,n07,0.6827145240742644,0.07509177711067587,113.85340317152148
366,45,n08,0.732333166978058,0.054449709044691146,122.13707487478034
366,45,n09,0.7447105701549914,0.10264049790202025,108.24367762285172
366,45,n10,0.7700295144835555,0.08659384179696822,118.63344429895025
366,45,n11,0.6862750895219216,0.07859988677911296,119.69850349054764
367,45,n00,0.19955504904455074,0.01666593928899527,32.751840273138995
367,45,n01,0.3053813241150283,0.01389657255735863,62.71593681898574
367,45,n02,0.28024513942621215,0.027148294385557933,49.28116816394027
367,45,n03,0.26757147538203835,0.04300929432158796,41.287272738626235
367,45,n04,0.1916528006098191,0.02423472340337284,45.017603442288205
367,45,n05,0.30984841537566277,0.045591733444235165,46.61401373886157
367,45,n06,0.2687927869071886,0.02385421130168392,36.73962664425005
367,45,n07,0.230829306750611,0.05109416562753753,48.76143209506905
367,45,n08,0.35041705763880265,0.033326442343502335,56.398579814899875
367,45,n09,0.3038923365241069,0.0076113145515653464,45.21223006229716
367,45,n10,0.23276701359024748,0.030401162043058903,40.54216519868891
367,45,n11,0.192391970383934,0.023467171352668445,39.22637316878279
368,46,n00,0.7417080207676049,0.08827195953566232,96.32898949001147
368,46,n01,0.5934206535494421,0.08970903620730963,119.70943665481897
368,46,n02,0.6870095264960264,0.053891995643942994,129.4267050849025
368,46,n03,0.7294872310723832,0.08834365385880423,111.83822033532218
368,46,n04,0.7607116810654972,0.06832311701016627,96.26895173673599
368,46,n05,0.7027897826583583,0.08357422888686339,123.91354835656374
368,46,n06,0.7105110279936565,0.0760276153847632,114.54387858171965
368,46,n07,0.7243966222379191,0.0764490532580515,85.77773140800088
368,46,n08,0.7919153541940228,0.0680467534375155,119.86246820192574
368,46,n09,0.8099128524552252,0.08101370101932281,104.41214747380538
368,46,n10,0.6938681312277881,0.08757271523102281,115.40265398765538
368,46,n11,0.7527451205936011,0.056817536036494476,107.1569773194525
368,46,n12,0.7035001825446195,0.08601903660636902,97.88022587167475
369,46,n00,0.6906569578059364,0.07990416427253608,103.84259762747712
369,46,n01,0.6952131434988205,0.07036160718151023,129.76641139435307
369,46,n02,0.7146325582974318,0.0897605533839926,106.36086517665356
369,46,n03,0.6336883381370992,0.08991341999610748,101.53612153286831
369,46,n04,0.6995266943902047,0.07969783629320462,102.8917671752276
369,46,n05,0.738417106773101,0.07089218030119167,95.71355791456429
369,46,n06,0.7588643761232703,0.07365111768428266,109.1442031376997
369,46,n07,0.7105088683357123,0.08191025915160575,110.75747264224586
369,46,n08,0.7149224138890242,0.08368580927455072,115.29519508998212
369,46,n09,0.7198371732088618,0.06625589912080801,120.46404067559737
369,46,n10,0.704638100653308,0.08394620188268714,110.28274660504827
369,46,n11,0.6632497153201516,0.08075101376666198,116.76586254246219
369,46,n12,0.712708028050673,0.08497262881829618,118.23908822915662
370,46,n00,0.1347551530228459,0.04673040439284558,42.08622288624387
370,46,n01,0.18764034987972494,0.04226148235509,44.73350763563232
370,46,n02,0.24891310130351924,0.0316660035081103,43.327125127763246
370,46,n03,0.2841158507570818,0.03216634568705942,46.27008408287258
370,46,n04,0.27071869311188657,0.039287492772753396,31.63840952309039
370,46,n05,0.31630460380998804,0.030449237730814142,46.703774051868336
370,46,n06,0.24075032115252548,0.04361860742062881,41.75798968249137
370,46,n07,0.3332332802504323,0.031230791923182632,49.182554502460405
370,46,n08,0.3100175764135467,0.048021304761629774,39.20023007326406
370,46,n09,0.28413580026206503,0.05097856520438471,45.01519535471211
370,46,n10,0.2726957793561493,0.03852630855417457,48.80647633364061
370,46,n11,0.2460940233087109,0.030681276510451574,55.73797626201851
370,46,n12,0.24060982199229278,0.029274900732852067,61.07316679136589
371,46,n00,0.8083617513814555,0.08823623855993001,113.7199335475439
371,46,n01,0.7440455853671285,0.08659301798285987,113.81422426769626
371,46,n02,0.6940610520410961,0.07591407058476793,108.80923683711607
371,46,n03,0.7201683640551518,0.08438725949650927,117.48478758992546
371,46,n04,0.6780723251830151,0.08115602284157167,106.17626864511374
371,46,n05,0.7019223370187299,0.08295090654214574,104.0407430208993
371,46,n06,0.660860906629494,0.06393606654604142,114.26562320489309
371,46,n07,0.7598944680878122,0.07329256972883572,108.62933991250951
371,46,n08,0.6986183837181975,0.06365274584816892,106.85738230540984
371,46,n09,0.660899013658853,0.06302994123208297,112.34772181910027
371,46,n10,0.6479248117136402,0.06818105688692608,95.06395465559241
371,46,n11,0.7767555617196573,0.0652935071706003,107.06463228703173
371,46,n12,0.6895661050378069,0.084562148891637,106.11446748454661
372,46,n00,0.25964626693312975,0.03879593855033965,55.28428635376583
372,46,n01,0.23751512741887068,0.021172638557726962,54.335311229276236
372,46,n02,0.2815205141015012,0.043459914290878345,40.191866220136
372,46,n03,0.28104953448535347,0.028184695486710543,39.2667142919309
372,46,n04,0.2735407289878462,0.041544886423220746,39.88661360232452
372,46,n05,0.2342043142363901,0.031800802381047724,50.80083873477035
372,46,n06,0.21613302261957373,0.030556919949561074,39.06085274125243
372,46,n07,0.27566068575371283,0.040644250012948094,35.835589854547635
372,46,n08,0.23609325071929899,0.040018652822126,41.205730138458655
372,46,n09,0.22134784521003134,0.03719160091712557,49.80464638300939
372,46,n10,0.2963213853429136,0.022645486981304523,48.769417633736126
372,46,n11,0.28174387512538346,0.04385395655055827,41.91007590136832
372,46,n12,0.2209408606990449,0.029519508495135,47.96447392039429
373,46,n00,0.22315786734197388,0.03488688018751774,46.45787378003289
373,46,n01,0.2888583505665513,0.025952883667804853,31.766577786910005
373,46,n02,0.1858707644503817,0.04589520189400402,40.73922559368677
373,46,n03,0.2315854015382129,0.03405848805940774,37.949764750967006
373,46,n04,0.2720265823162684,0.030033172127114677,41.30526002550847
373,46,n05,0.220944309960257,0.052988057189037464,52.97743036248882
373,46,n06,0.25266677470701143,0.03939172439295885,28.07352734856203
373,46,n07,0.30605019383571513,0.04402848030539505,44.824885260551525
373,46,n08,0.2613488343177137,0.027898402899474012,55.542176823509685
373,46,n09,0.34065008183984946,0.04245806966619852,47.45120962679724
373,46,n10,0.24720879004587007,0.008973029431667778,55.503847396548245
373,46,n11,0.34752683056150985,0.008389604242600279,50.65005815852558
373,46,n12,0.25935842664912107,0.03531671696261371,50.25503997936318
374,46,n00,0.26512345469744836,0.006193737979642067,41.929011746084676
374,46,n01,0.19808113114304385,0.010205744135829045,44.68872336861715
374,46,n02,0.2362814716529458,0.01660937476928314,52.50487805528492
374,46,n03,0.301570480115701,0.030954972727636743,42.60697278935335
374,46,n04,0.2813890096386507,0.029905900759580172,27.040313524365022
374,46,n05,0.17605788962992108,0.042225004767206475,55.378324107421506
374,46,n06,0.20585655114821655,0.046093066057340704,45.73640003446031
374,46,n07,0.21527731100105885,0.010651888811799504,46.434133094597
374,46,n08,0.3047206618194412,0.021142111644977098,46.56720897794025
374,46,n09,0.2639837488886074,0.026369326286268938,30.452648639825448
374,46,n10,0.27686978707061904,0.04764597784459906,51.058050032635315
374,46,n11,0.2245257013277452,0.029016855841137033,35.936966263907465
374,46,n12,0.2491974974667894,0.03306157956625504,45.62180359329587
375,46,n00,0.6698455873386215,0.07832158009022501,106.3404107065697
375,46,n01,0.6909271081639909,0.07914467479306322,137.9856974976959
375,46,n02,0.7046520768943033,0.05416645083242332,111.04040713767326
375,46,n03,0.6797199286221867,0.09380967371129417,116.32871534234785
375,46,n04,0.6642818337742303,0.08173990693110268,110.17664020681697
375,46,n05,0.7166245293206939,0.08412601484945988,107.57186353677588
375,46,n06,0.7237145506910332,0.07313182822888611,100.95183603400527
375,46,n07,0.6658437592852889,0.07077078821440182,116.2205996756918
375,46,n08,0.7157343516033099,0.09411028162598647,99.50556654373531
375,46,n09,0.6871800593911477,0.07337689355590568,102.59316358137353
375,46,n10,0.7179173227104503,0.08225046571146018,112.4320306604545
375,46,n11,0.6819989816095874,0.06931565120497594,94.46261292695125
375,46,n12,0.6558158540965829,0.087797613784785,108.55192897324962
376,47,n00,0.2688723760852643,0.03270468633966511,37.16458680979571
376,47,n01,0.26230035303580884,0.0398894178678412,40.37219414447015
376,47,n02,0.1668841971000622,0.05297622978697761,37.114266353743055
376,47,n03,0.2825940269578307,0.030305778052088162,24.46145161899705
376,47,n04,0.321817378450657,0.02510929251939916,47.70268823517789
376,47,n05,0.2497317960450668,0.03624528141095426,31.32838317414593
376,47,n06,0.3735888915523498,0.017168718697683712,44.647108645139
376,47,n07,0.27100975169147073,0.024555915951211718,45.61964710454197
376,47,n08,0.243872811319536,0.03197420012111344,38.44667710010857
376,47,n09,0.23920448308593134,0.02736130037223343,31.784633938615485
376,47,n10,0.25147718564624927,0.044745127444472274,49.952068807451
376,47,n11,0.18900018851303935,0.027968777939108385,36.40594909012815
376,47,n12,0.24907828300204113,0.043716311375807934,53.26516860277437
376,47,n13,0.22695591019158673,0.04404056953885224,41.13916979488078
376,47,n14,0.20741354299463585,0.04925523241592654,48.7463246413758
376,47,n15,0.30580470489599965,0.03136870601519512,54.5285441462473
376,47,n16,0.21224048114017688,0.02721860958271271,50.45290753386594
376,47,n17,0.2529313945514836,0.032593076905296316,40.94988252374415
377,47,n00,0.7084567080134038,0.07883143383683736,101.96718071556364
377,47,n01,0.7294137953011136,0.07868904853623683,105.75021181476934
377,47,n02,0.6446226794662676,0.06813240596519425,119.08960782405114
377,47,n03,0.7039441363037773,0.07599184540826373,107.50054518362269
377,47,n04,0.7144122821530818,0.08774034882564918,107.87271293143388
377,47,n05,0.7852074799715438,0.05891244493287891,109.42266058612817
377,47,n06,0.6426144137246328,0.07549312023060718,101.91473208212422
377,47,n07,0.7071245568082335,0.09779666970984617,94.7528953296396
377,47,n08,0.7576903414415738,0.07595581419900961,115.11462557521767
377,47,n09,0.6437612054414671,0.07513980939167826,108.0342683276331
377,47,n10,0.7871906824035672,0.08329835867065845,115.3134960390201
377,47,n11,0.7537753983803184,0.0932715598359778,107.24867342368692
377,47,n12,0.7043201923818672,0.0881441935348581,117.68907865902169
377,47,n13,0.8096754012423077,0.08143045821724294,116.65738962112364
377,47,n14,0.7241109476757611,0.06345654973861564,112.31209703548845
377,47,n15,0.7728940948700663,0.06942553194311536,113.47638807413776
377,47,n16,0.6401006367153674,0.07285455689838395,115.78631859584917
377,47,n17,0.7447158564115917,0.07685965218952578,113.90756442411646
378,47,n00,0.2093872437113765,0.022665001644530156,51.49853197899259
378,47,n01,0.2950252189971443,0.03622456110093422,52.62898779571112
378,47,n02,0.2519139626730635,0.014075020675865964,46.18093404601234
378,47,n03,0.23143167732461367,0.027580753574302654,59.08642189712046
378,47,n04,0.30765893059029636,0.01760232511654098,29.063061258191432
378,47,n05,0.2239020217352049,0.02302909218241275,49.78315017343197
378,47,n06,0.21113326185229958,0.03527728087198368,62.23912274200377
378,47,n07,0.1810801491630248,0.02744069557646414,41.75035196674117
378,47,n08,0.2932615754819227,0.009634161229715062,40.82399756304556
378,47,n09,0.26302713676422423,0.03844944554155983,47.67531733875474
378,47,n10,0.336133097080121,0.031110338872203054,49.2726785540166
378,47,n11,0.2935780911871735,0.031869841773471116,54.19548497379305
378,47,n12,0.18492751501210036,0.029485179542271363,37.52787803206327
378,47,n13,0.2243053882934161,0.013432119257848422,54.334534469239884
378,47,n14,0.3190924207853637,0.03166707482956682,48.903739408158025
378,47,n15,0.26022109464432414,0.027558532923385694,57.6214145278592
378,47,n16,0.2297498561965815,0.04502112165209382,42.67130387465816
378,47,n17,0.24741011914090352,0.040781459779517575,33.938886876043235
379,47,n00,0.24183246351970542,0.037488439216070826,42.16803104818601
379,47,n01,0.21709572409195638,0.03383346805046604,37.51855420992593
379,47,n02,0.22263841891342082,0.028394921532156857,49.653658543482024
379,47,n03,0.2748467173989967,0.04654371460603084,41.26361498491448
379,47,n04,0.27798035024335316,0.036178147371141355,41.219095416490994
379,47,n05,0.2800135743039914,0.027174126955356395,37.34638131550963
379,47,n06,0.20545583571181575,0.028988848703724663,52.28100215378732
379,47,n07,0.2307745559103662,0.029563484754329853,43.86003260727397
379,47,n08,0.2000230144307244,0.0334108628863626,42.888534831471354
379,47,n09,0.2179162882954918,0.023583466906534425,66.15150820534029
379,47,n10,0.19950948352152806,0.01971120401791316,41.581213342516556
379,47,n11,0.2615634914501109,0.03722854461627571,39.630768581219016
379,47,n12,0.2596733025946807,0.03286675864293706,38.42129511320611
379,47,n13,0.16833794201742588,0.006025989061032595,37.478861490527024
379,47,n14,0.20946016908398227,0.051708588597725785,54.926634019665215
379,47,n15,0.3177637343467845,0.03506947818225385,51.48962938345157
379,47,n16,0.23369002935508126,0.04142302262755086,43.82924303026787
379,47,n17,0.2463794756678267,0.040584412893544614,44.369365186409794
380,47,n00,0.7197670897634789,0.09303721894112378,126.22949262172503
380,47,n01,0.7361639398438715,0.07779195477628698,107.91420063300035
380,47,n02,0.7136803911162717,0.08365584267713247,116.87070110497031
380,47,n03,0.6848609377194443,0.06512051162069711,106.74555423503114
380,47,n04,0.7666645266578099,0.07161099619932727,106.60058496556582
380,47,n05,0.7281072113989947,0.0680209566642105,120.64284522147841
380,47,n06,0.6551068810537912,0.076171064957098,112.5564108072629
380,47,n07,0.7222755658223099,0.08254017093990293,114.9355518950598
380,47,n08,0.7864143897074354,0.08064809640085081,112.2737352573998
380,47,n09,0.6977510225942146,0.08038133049151795,99.49690106111727
380,47,n10,0.7261207069861768,0.09729006686629503,113.48433815141226
380,47,n11,0.7936354911028629,0.05976419427868157,119.71012304587609
380,47,n12,0.5907462967834765,0.061380614223778926,106.41622282975605
380,47,n13,0.6937266039267029,0.0852128843798309,104.86008642450481
380,47,n14,0.7202424459367113,0.07650403351693459,104.42874353440953
380,47,n15,0.7276458019711242,0.07408259530956915,104.24621479357819
380,47,n16,0.6872604610855756,0.09673756885772526,102.29021380038151
380,47,n17,0.7509451164621334,0.06454339303901324,104.495971151993
381,47,n00,0.21812041971758533,0.025393643668004978,34.36438736851232
381,47,n01,0.19067830619603024,0.026939340316344373,29.77123911624247
381,47,n02,0.27443378454451056,0.015659037652815753,56.218707361883034
381,47,n03,0.17927253472529442,0.046091962580080775,43.479483467249864
381,47,n04,0.2677858846737705,0.02940880682870038,51.070149007937026
381,47,n05,0.22743428747046954,0.021595284288816227,40.82754722181157
381,47,n06,0.1926742508052251,0.03108347357567429,44.60254187148404
381,47,n07,0.20830840048580215,0.020588738052531256,47.80217346038772
381,47,n08,0.2647935411843289,0.00955964970760012,41.05646549554244
381,47,n09,0.19671835612518956,0.009590921830208144,42.870358742242246
381,47,n10,0.24357635261611532,0.0393127543522096,44.38437659890561
381,47,n11,0.33084751178774763,0.028623997287003197,34.776093931902274
381,47,n12,0.1916961709977588,0.029212603014964013,30.764415007866198
381,47,n13,0.2283101899902924,0.024625322104892447,52.30552489600437
381,47,n14,0.2644788772022807,0.03769455107758233,35.5634529362236
381,47,n15,0.2672268829825925,0.022008843679048956,55.845146825175284
381,47,n16,0.32396904147629924,0.040795770400573854,58.30431238640014
381,47,n17,0.2537370607869657,0.02672902934906657,55.248892202370506
382,47,n00,0.1946147612012594,0.01665727068740082,28.484163858790374
382,47,n01,0.24392707433193875,0.01484560107140545,40.698543564291185
382,47,n02,0.19375980514853958,0.0157253760523325,45.88784356330316
382,47,n03,0.2865337426185486,0.03556726380875081,47.35726979475235
382,47,n04,0.18344019447251927,0.05568206357951089,38.23323861636709
382,47,n05,0.23135091562747845,0.024000811289218018,35.93137057618452
382,47,n06,0.28061116539414843,0.02379007500487824,39.72629132723162
382,47,n07,0.21403041545071308,0.04807676468419639,54.54207460468758
382,47,n08,0.2847270286758982,0.026017416911047364,42.795689738141654
382,47,n09,0.2518800511513859,0.0461103762829142,59.996600123126036
382,47,n10,0.2673442687540077,0.028120284563828712,32.88728845797559
382,47,n11,0.21907069272760907,0.017142261291071798,43.135603712413634
382,47,n12,0.24171477559118837,0.036663679706397466,48.74673579209122
382,47,n13,0.20497682906072867,0.03442320389213154,58.10360684217339
382,47,n14,0.34286455882700995,0.04210147225337184,54.290233337909754
382,47,n15,0.2180239723069242,0.02160328484142725,52.98227305933318
382,47,n16,0.2843104235537312,0.027373582399448353,51.012160412481315
382,47,n17,0.25059527446234015,0.030197622086422026,61.740780820709716
383,47,n00,0.2261994575529078,0.04047857286886767,43.78744156978716
383,47,n01,0.26493643197604577,0.030053418846456664,47.96822039456921
383,47,n02,0.19200238838807876,0.03700417632341442,38.30862222795334
383,47,n03,0.3363489408982863,0.0333704466289989,43.350210631831054
383,47,n04,0.27795598826862467,0.041180880921062646,42.81889167286645
383,47,n05,0.23062691284223688,0.03616856725404759,51.13182285802812
383,47,n06,0.23512123775514251,0.03739085237348362,54.43006752159627
383,47,n07,0.2206522064285981,0.015638656360883303,41.86242811335245
383,47,n08,0.12000222953118941,0.03210389071428056,50.86887752813478
383,47,n09,0.20191921563537454,0.027779415230143052,55.79620117153462
383,47,n10,0.2858766478511776,0.038200065075881286,48.052804300671845
383,47,n11,0.24634106794963956,0.04752031563054034,52.56074292847698
383,47,n12,0.2358018297013103,0.04209902918228206,45.786945857893265
383,47,n13,0.24228771211875758,0.02823161973712599,41.60166520735104
383,47,n14,0.26032596290321924,0.02760521865755963,51.952480920855656
383,47,n15,0.33482457858636905,0.04113840629221386,46.253800677436104
383,47,n16,0.23945202134921809,0.0,30.804403110299138
383,47,n17,0.23235120805958082,0.048022091157881766,48.21709275444225
384,48,n00,0.21154314596596918,0.029594071118194374,51.68738963384335
384,48,n01,0.27166668698235663,0.008772771995441502,50.22947724198805
384,48,n02,0.26129232173679967,0.01817993158567226,47.31017465117068
384,48,n03,0.27277863239794625,0.037559192034143575,28.2406477082701
384,48,n04,0.2984003775735399,0.02464568449288764,59.87028635358888
384,48,n05,0.26419482707801145,0.052225215086916764,34.02826455098508
384,48,n06,0.19419709416514525,0.013742585100276372,42.35855067905333
384,48,n07,0.2832981697571815,0.013944677096128337,40.10689566438229
384,48,n08,0.2689454573427164,0.028264930232071647,54.4438887623955
384,48,n09,0.24440201072627032,0.02693500689328093,48.36341864757915
384,48,n10,0.27610208940781067,0.04186011963401843,38.18008550083215
384,48,n11,0.27858566556279535,0.0584314875269785,52.45868456832054
384,48,n12,0.2523412209152034,0.01883029409553346,48.59187904246944
384,48,n13,0.32066960846257564,0.02487718056816047,53.6082854822513
384,48,n14,0.25066798906143173,0.03597432182270827,40.155733399389604
384,48,n15,0.2540434328940672,0.008373133288237834,48.12805073326687
384,48,n16,0.31325962193121415,0.014681408153875058,35.73936284228407
385,48,n00,0.2903768639590539,0.03219927603524156,51.51250500098039
385,48,n01,0.25065126499675633,0.0044407211303538405,36.29225640674654
385,48,n02,0.2964429500481763,0.04268630998023379,41.557579102444244
385,48,n03,0.23933569176316025,0.018183860804704632,36.12151313007617
385,48,n04,0.2390267688845534,0.01878523192430267,38.50814003461486
385,48,n05,0.24366806324935453,0.03649593615420553,37.49615966370963
385,48,n06,0.23108844228913453,0.05564538753496974,34.43298029355525
385,48,n07,0.19409436060963706,0.01653258702481251,37.5523176310401
385,48,n08,0.2068515555638518,0.031918128741132104,34.57868939405071
385,48,n09,0.2554390209039304,0.04083660600706468,27.547244374236328
385,48,n10,0.1309260374794478,0.00956250182262312,60.39125418202911
385,48,n11,0.33341999021722935,0.04955964531709761,40.972458925649384
385,48,n12,0.24473286466805924,0.02391305565705641,52.560899747299565
385,48,n13,0.26509890863031527,0.012836484687306228,44.961395570304404
385,48,n14,0.2499277352043102,0.03277850764571989,43.27608622277818
385,48,n15,0.17437032574822203,0.041881739158301456,43.7622456471888
385,48,n16,0.17323667784848049,0.02499714943763566,40.78730525779249
386,48,n00,0.3022380739721154,0.018128764405178275,33.3237665867014
386,48,n01,0.200043930068459,0.04566792924571996,51.569093617189836
386,48,n02,0.31538061036719894,0.0344463325505877,42.38528763687117
386,48,n03,0.26196184080186546,0.039858680227509706,43.71476338768606
386,48,n04,0.21862151506978117,0.008597319687164689,24.204599050077025
386,48,n05,0.3412238967286998,0.03581369783762923,44.9659698144858
386,48,n06,0.1607811887172742,0.035691180450182894,34.44136049156744
386,48,n07,0.29501862795370987,0.03981132490537145,49.16243162662404
386,48,n08,0.2571903391079064,0.01679837500908231,41.4723045051429
386,48,n09,0.26578998335603715,0.0402820309724088,29.38474542538418
386,48,n10,0.2550238112270982,0.046081296622352025,40.72823885518753
386,48,n11,0.2909312433822513,0.02153576330046205,47.70633095474093
386,48,n12,0.22478015604452115,0.014505304423008587,33.21145092064782
386,48,n13,0.28467325078735267,0.035728126122650125,42.863321253114336
386,48,n14,0.19359048225834039,0.04515005043401839,38.08006596396476
386,48,n15,0.2716819465279491,0.021715063988835204,38.95730424433523
386,48,n16,0.2992920306968917,0.031613556185393646,46.06612830832329
387,48,n00,0.19388526139634538,0.041837261124538366,35.87505858129475
387,48,n01,0.28245592898547617,0.013863053139143218,27.754154417207342
387,48,n02,0.24622395703775815,0.032086538624143915,38.57332608435635
387,48,n03,0.21423618577476863,0.03689673510574247,45.78949503618885
387,48,n04,0.2222204889467181,0.016692138928980558,60.23199872687371
387,48,n05,0.2791073322817307,0.011902999020778227,37.44935793774975
387,48,n06,0.17878238625388546,0.03308087319618181,50.4362038529012
387,48,n07,0.2655893036333355,0.0054467088433792984,51.34280399116152
387,48,n08,0.12202095973752033,0.030419700698810014,33.09402923993687
387,48,n09,0.27661802098236415,0.04692714470971219,37.54219678599812
387,48,n10,0.30752526679258496,0.020561877459933556,49.42422036341058
387,48,n11,0.2644784888447967,0.013860810914961004,40.770716553428386
387,48,n12,0.20204594312829005,0.06775969958178833,49.636518023577594
387,48,n13,0.28223195201142376,0.020047480746758516,39.39948895872368
387,48,n14,0.23940864553912694,0.028550671093494358,44.35899025187485
387,48,n15,0.24676723097246145,0.02014546172790202,57.02068588741658
387,48,n16,0.31298610326920007,0.010001777729304582,44.40039766614149
388,48,n00,0.2538813445369123,0.0,44.7839311499497
388,48,n01,0.2562619488010246,0.06247605866618021,46.818019360753624
388,48,n02,0.22878795768310484,0.03930446559703256,54.08779143626751
388,48,n03,0.31921642197844324,0.0024835480988846213,49.43721585076555
388,48,n04,0.1559275770366931,0.02722971046369856,41.622668423156874
388,48,n05,0.20832689862002676,0.03354171056830178,51.57143117849539
388,48,n06,0.2874345796984321,0.04815939155735746,44.94505461224155
388,48,n07,0.2497545175487846,0.020743233892096327,42.22347853567043
388,48,n08,0.26611918572686444,0.026943761046851093,46.08941161528462
388,48,n09,0.26050276212352025,0.008383904756748928,40.69115028668288
388,48,n10,0.30296608223129107,0.055120084224378404,46.41102356413908
388,48,n11,0.27353359612266503,0.02783972507296835,43.71751328090998
388,48,n12,0.21939774726871625,0.015991411182776673,44.0661756238824
388,48,n13,0.31774526062597197,0.025645932673620364,42.23674788878905
388,48,n14,0.2442747905062048,0.023760333410497336,56.685589440725785
388,48,n15,0.26440058269396793,0.018496167199333557,54.503270100403185
388,48,n16,0.20493077980926672,0.03936939878051202,51.976520283802685
389,48,n00,0.23098169858503534,0.03328851310562689,42.89583249337392
389,48,n01,0.2528945790439944,0.012224293977387276,36.935429738989995
389,48,n02,0.2605602834078663,0.028484224743684575,42.33474765107183
389,48,n03,0.26689191120035777,0.028666156381302425,44.12277819861547
389,48,n04,0.20301623711375952,0.0209808749574694,47.49818091525413
389,48,n05,0.25228765592484087,0.04331406793796677,43.041315885161914
389,48,n06,0.23746984872069365,0.044609896147072295,49.61662841089009
389,48,n07,0.27648222814582446,0.01580049174375058,37.598235253469674
389,48,n08,0.21283745197196272,0.04956398489416968,41.77234739294336
389,48,n09,0.24018268416961358,0.034057916142853376,42.780387701238226
389,48,n10,0.24788244444481708,0.015560980129256344,44.99471819758768
389,48,n11,0.27875596371376576,0.005671233164775441,39.21265740995369
389,48,n12,0.23050319303338349,0.02620122362175735,30.00699582187295
389,48,n13,0.28806876899696954,0.035980878082035754,57.656072497097
389,48,n14,0.31642696527778863,0.02075488514876314,45.788332952329334
389,48,n15,0.2569735204061264,0.01852641344007531,28.282246606748764
389,48,n16,0.16776604240763376,0.02946967787882995,58.79722975330506
390,48,n00,0.26418336641236695,0.0416854931466923,40.954754081210005
390,48,n01,0.2573025076173112,0.021365892145569686,38.34518335938241
390,48,n02,0.28538567491052674,0.03621600692617219,45.16029778477337
390,48,n03,0.1708042200855108,0.013804774651183356,53.786675446314625
390,48,n04,0.2629087590922139,0.0343568650558679,49.70525125321825
390,48,n05,0.2759359188432135,0.0276479514527366,45.79176608407775
390,48,n06,0.23885722191607,0.024129707599315188,35.39180576230222
390,48,n07,0.22289779009563263,0.038533743919831505,27.525343536305314
390,48,n08,0.25499847487345484,0.044062636843612314,32.301491789901704
390,48,n09,0.3287859941378154,0.033867144245874295,39.33449285770405
390,48,n10,0.20373987204489885,0.027384701904983537,42.26477038819045
390,48,n11,0.22268130189189586,0.03773041984333897,42.22049698796212
390,48,n12,0.22755258434750147,0.05646380569571344,44.843658403765275
390,48,n13,0.20497147684342887,0.030119879652858096,51.667765439695536
390,48,n14,0.3641898657067719,0.03175192473867596,49.68209214753172
390,48,n15,0.23941893237518397,0.0022609736984362007,40.85162031709047
390,48,n16,0.25471120079282417,0.016847741654502292,39.27622883855075
391,48,n00,0.3090997006818136,0.022057664679596793,45.87960908848994
391,48,n01,0.23603455388019898,0.03144170979957782,50.18300582588051
391,48,n02,0.27626268191597564,0.010620393922042393,52.949282518449024
391,48,n03,0.2764926288007169,0.013684925139423064,42.02336619835549
391,48,n04,0.2220260432346225,0.01486234341756712,45.52893115669984
391,48,n05,0.2656051758242024,0.04084603585752498,35.30360238873041
391,48,n06,0.24732962668652242,0.017347831727954628,52.17964382466171
391,48,n07,0.19666232972185388,0.018213178439787054,47.14707469159988
391,48,n08,0.2957771490083792,0.026443381107622288,59.7626476447028
391,48,n09,0.21314665022671758,0.029895624415822164,52.45041816723756
391,48,n10,0.20771855654266846,0.03232310877800357,47.680097024892646
391,48,n11,0.1761358723292532,0.04983566120186751,48.562461799153866
391,48,n12,0.2133118567058132,0.029132403607902566,36.7467592465587
391,48,n13,0.2761795247652379,0.04413097161243026,45.44228070165569
391,48,n14,0.26749418897392524,0.035681808548585506,42.85214492847732
391,48,n15,0.19507839085742593,0.02003041844421762,48.06850091260132
391,48,n16,0.269045762910155,0.03453479957664989,38.52141512644563
392,49,n00,0.21970460205486686,0.017811179702256614,37.04594152026701
392,49,n01,0.31054694627308654,0.034859835879997435,35.512461012475626
392,49,n02,0.27447872418404057,0.020373062947809564,52.618302973794044
392,49,n03,0.16586382609546677,0.045688123762126255,66.59901635461748
392,49,n04,0.22395331129819096,0.04529442624800985,43.113507414697345
392,49,n05,0.1792234678564838,0.02817944744834853,34.79666275697166
392,49,n06,0.1622771114016236,0.015721699885483824,38.47752965533056
392,49,n07,0.29153499648225445,0.023577456466807672,43.249559031443596
392,49,n08,0.20495776904277818,0.03798732453932398,48.240988845177476
392,49,n09,0.24165812914158685,0.026889984575798626,41.2549087285946
392,49,n10,0.19361645577430536,0.00554119619076086,65.4172729051726
392,49,n11,0.2776397678546122,0.03907411287968077,49.92283180661303
392,49,n12,0.1804217432572185,0.04127554486635873,47.61909973464024
392,49,n13,0.2795647298267488,0.014407985176881891,33.006147381239984
392,49,n14,0.2569056725072377,0.042951170260263904,50.899112035557074
392,49,n15,0.3048106697119845,0.034947177602570344,52.57878376762347
392,49,n16,0.24641413729667058,0.018860606395979057,30.72745163288372
393,49,n00,0.2566713874027989,0.024327439507223447,56.297153712052264
393,49,n01,0.3037893731665537,0.030637419084032048,49.57873865559114
393,49,n02,0.4094061701239481,0.017738687975682014,46.25798439247381
393,49,n03,0.27364065037802227,0.011528900350677086,32.07795187844738
393,49,n04,0.2411179693003837,0.03148938925645821,52.99139921305422
393,49,n05,0.21255773701814304,0.012110434981234354,31.094199121249016
393,49,n06,0.29337236835289354,0.026531840397501946,51.43084023032055
393,49,n07,0.08919431660611418,0.04974798509955368,48.845141832510535
393,49,n08,0.2907513395919372,0.019149658061022423,49.009200650168594
393,49,n09,0.20881482258979242,0.03541592078895755,36.61053675873748
393,49,n10,0.23608970082809538,0.025067571903390252,53.015664133596374
393,49,n11,0.25957322985075426,0.03562819764376076,40.68656157780547
393,49,n12,0.27888328760966186,0.018263163217845362,33.91867399552447
393,49,n13,0.2605671860534497,0.02591442539016766,32.70687444261582
393,49,n14,0.18126846534033747,0.020276741942823515,48.43908242852368
393,49,n15,0.2711077979715355,0.01638271788717819,38.36785807990542
393,49,n16,0.16009461784114953,0.01831317153105249,25.638285660550416
394,49,n00,0.27072886887079833,0.024425378008481474,40.6470605795241
394,49,n01,0.27364841707067256,0.04181502464074677,47.576953060194036
394,49,n02,0.2897829567261316,0.030846880888312955,43.14728318060614
394,49,n03,0.3382679525758409,0.03568781071207837,43.560626989893635
394,49,n04,0.30770141422515923,0.005209340012824533,35.39302423507233
394,49,n05,0.2904782749987938,0.025507590931411944,56.174139492692916
394,49,n06,0.26928096017247305,0.02231358155344973,45.42347157917848
394,49,n07,0.24182196180047721,0.0163540297903658,34.144279532953774
394,49,n08,0.13601501881643285,0.018713153116797367,31.310979219553158
394,49,n09,0.185380755029021,0.00560233211715247,38.20942854395962
394,49,n10,0.2079360507794482,0.017343573007595932,42.99754661121185
394,49,n11,0.2178306382667431,0.03195029732583133,47.91146926193986
394,49,n12,0.21665905265069785,0.03176700662869767,51.97473958004998
394,49,n13,0.24085176150463491,0.02760513063415245,23.837612354812883
394,49,n14,0.28889445980097356,0.01733311945163214,45.7538366370365
394,49,n15,0.24628314944931265,0.04438527529557445,44.835677610899985
394,49,n16,0.242081568886412,0.03150699737638023,55.7945553993787
395,49,n00,0.3358920142479292,0.029206502359927913,43.66492956105687
395,49,n01,0.19560387475580127,0.04152393485292706,51.10630547580825
395,49,n02,0.14245505303254932,0.027640755523180627,34.436676996218665
395,49,n03,0.1889741992232128,0.032489515409418475,47.69522574849482
395,49,n04,0.25270191176211715,0.03489291597252748,47.169031035094605
395,49,n05,0.22649283685685187,0.03683003433537777,48.280620198884414
395,49,n06,0.2364735893272384,0.01821661074412953,49.5401858189591
395,49,n07,0.19313031010968165,0.044546683893929365,46.65803898991784
395,49,n08,0.3054630656462152,0.020387493649920402,37.33010774988162
395,49,n09,0.28431693628914023,0.026981206029789564,41.027509436854594
395,49,n10,0.21709440539736163,0.053225281050796075,49.23287878022278
395,49,n11,0.2909692521707994,0.04316678850965008,61.61516212279204
395,49,n12,0.25843610578502274,0.01624681739541131,49.74713135792487
395,49,n13,0.2355972464504058,0.031366116000537764,50.01201682450136
395,49,n14,0.2169934328091848,0.024282915474590255,35.00084824445074
395,49,n15,0.23415105917779355,0.05300688174363142,40.095780562407356
395,49,n16,0.27725814277297434,0.01599881577392738,39.263212227943725
396,49,n00,0.25474470255556647,0.03441150698624446,50.92939881521949
396,49,n01,0.2730296273624081,0.02840032626211957,44.58278741653443
396,49,n02,0.2084017670381263,0.03312793494661541,52.44789974738852
396,49,n03,0.3444989291895233,0.02823929465836506,44.23306577371179
396,49,n04,0.3036417190743451,0.03020309772343984,44.39141600021886
396,49,n05,0.26677494339330016,0.02466092051892023,47.47601298635681
396,49,n06,0.20594887238520715,0.03557085357133783,36.858853176925294
396,49,n07,0.2609378555595368,0.018970049451653787,35.58046154432058
396,49,n08,0.23486537798257617,0.03792626319692116,47.18874105598277
396,49,n09,0.24286364807374866,0.05699621313153111,43.459476962179544
396,49,n10,0.21567208736960453,0.040097219148180596,35.124714453967464
396,49,n11,0.2382019662746043,0.010336272159977282,63.205075091219214
396,49,n12,0.24590934786360744,0.0342480054882119,34.730843818379945
396,49,n13,0.2741655170976132,0.019103226326457605,45.28892823836238
396,49,n14,0.16591517183848237,0.025756303143007166,55.71470877469275
396,49,n15,0.25918457195246974,0.023366792812719712,62.83805179549155
396,49,n16,0.19105669431112926,0.04362389463091908,54.680271419382734
397,49,n00,0.7666742251919514,0.07445156749328505,126.23387639593821
397,49,n01,0.7122830729211563,0.07330934615552173,92.34123607067923
397,49,n02,0.7275164225613521,0.083656477011566,127.13454759026769
397,49,n03,0.7062962497546714,0.07310479675536685,105.44568177402272
397,49,n04,0.7322368051907127,0.07992225864101132,106.36001264055095
397,49,n05,0.6920440448258283,0.09937607308737487,109.1586355973525
397,49,n06,0.760472612334558,0.10566762357666783,100.91511772925658
397,49,n07,0.7577747552140739,0.07531098184055426,111.79029951522038
397,49,n08,0.7035059059419642,0.09911192439194702,126.1459735151834
397,49,n09,0.7444223235635709,0.07242557829728229,120.37085551226292
397,49,n10,0.69229891042122,0.06213488621720843,106.12858806742686
397,49,n11,0.7505453872935917,0.08712594966076996,113.13556045803885
397,49,n12,0.6785621825122374,0.08463507982384143,104.87090459728363
397,49,n13,0.8226585815277284,0.07246163230307838,120.25561966684963
397,49,n14,0.7436605703172082,0.07410006138136939,104.93645110261753
397,49,n15,0.7863780356596449,0.06121780161282922,105.16281264478853
397,49,n16,0.7106718541080606,0.08814868083965896,108.34827486910208
398,49,n00,0.6654810818141111,0.07267199866662133,120.05600121957475
398,49,n01,0.7433613571161998,0.08064068810377747,100.69067099046217
398,49,n02,0.7107122780197384,0.06078311584589936,99.74729264996766
398,49,n03,0.6936896792167443,0.07393997226202209,108.11375350768387
398,49,n04,0.7559772930260353,0.08702319019078393,112.29729169156371
398,49,n05,0.6509088954494244,0.08776617725072033,96.53622493948197
398,49,n06,0.6477202809113667,0.07842666373896447,102.2861795839222
398,49,n07,0.6907531409326715,0.07393984931288922,112.52536644409484
398,49,n08,0.7047926383477013,0.09114093024893735,111.32912570443791
398,49,n09,0.7151526375169014,0.07605361895959316,118.07304159780361
398,49,n10,0.7360703629948262,0.09856461014278516,121.0524156431685
398,49,n11,0.6818416952937457,0.06829164279591964,113.52413268579448
398,49,n12,0.7206209699605759,0.08426145954851347,102.94415560262826
398,49,n13,0.6859441037483867,0.06699048741279363,116.8635542332315
398,49,n14,0.6937695415763928,0.07368983860120965,99.01683735996035
398,49,n15,0.7530019967590923,0.06654501939264221,111.25091787258587
398,49,n16,0.7615391246130352,0.09127511591385049,119.73887593109428
399,49,n00,0.22897776094064914,0.021377831633999783,38.68381714190348
399,49,n01,0.22100108840654184,0.031064582865451416,39.50246483326441
399,49,n02,0.1637960746300779,0.020029216170045758,45.018012378083064
399,49,n03,0.3088097819823033,0.02227959704747591,50.543926323689035
399,49,n04,0.2890273912538808,0.030141580942530957,50.16111003649048
399,49,n05,0.31986324521772536,0.02949142535907903,47.93142288334565
399,49,n06,0.2358356994193656,0.0417176077300394,56.43952039458694
399,49,n07,0.173300022273557,0.025613981900766396,48.21324858868171
399,49,n08,0.2760598031662479,0.04840085257515181,44.24912850459914
399,49,n09,0.30297974883693407,0.03723387521884929,47.15905331944915
399,49,n10,0.22004293650907758,0.04088303998569775,51.59481383904692
399,49,n11,0.21652327575799873,0.039689457549880555,28.14614298632752
399,49,n12,0.27191632645938446,0.02047110747055256,56.32935487542952
399,49,n13,0.28223369895199235,0.0336450772718378,38.22092230183781
399,49,n14,0.23417897238979024,0.02499823799986419,40.10563366994817
399,49,n15,0.2065355302434962,0.013269790726247267,60.55849916583425
399,49,n16,0.23823516701266934,0.04668407711267562,35.78393536001063
400,50,n00,0.7324043444098123,0.07746718176188647,109.9113745635677
400,50,n01,0.7404141046244765,0.10165650563465281,106.77847379345135
400,50,n02,0.6479390975709558,0.0954818592564533,103.64303102200954
400,50,n03,0.7167555665814435,0.0642108515539978,113.06032223398078
400,50,n04,0.7763569538292925,0.07734695145442455,104.63098489130256
400,50,n05,0.7753934242192627,0.09117266144415839,112.05046040885387
400,50,n06,0.7140714165148665,0.08393120805924537,105.76983086747678
400,50,n07,0.772632509514211,0.08128841412598332,109.32413349717386
400,50,n08,0.7763443255357473,0.10410981560365273,109.22086466651642
400,50,n09,0.7415145597815701,0.07192984780125627,120.66903741671803
400,50,n10,0.6546886699209382,0.08250168621766246,106.42071065033214
400,50,n11,0.7753582280410238,0.08863477841984467,99.71512182478325
401,50,n00,0.17917067266508785,0.028476841022867738,38.19709100308639
401,50,n01,0.19884938914446487,0.026132261310541353,54.32714932091808
401,50,n02,0.25105873038542326,0.03356628965600214,45.483242847375365
401,50,n03,0.2983843171622837,0.033648097288393665,47.32028837947732
401,50,n04,0.2659398059219944,0.024684078589016847,47.86878917844276
401,50,n05,0.2519920714347863,0.04047340002060099,49.9161965949891
401,50,n06,0.25665679238627853,0.032331233141448305,42.60033680509103
401,50,n07,0.2579731460633474,0.030503498444096562,41.24996451806605
401,50,n08,0.2738920269832077,0.03362485824918806,30.154573111679436
401,50,n09,0.2536429705916629,0.032123511433556885,40.777154547087356
401,50,n10,0.22259100811290586,0.014290180762365323,55.93934037722626
401,50,n11,0.2431937501073493,0.040650496849453766,49.068315875754415
402,50,n00,0.6484401377681466,0.0884532009397116,92.94375373774876
402,50,n01,0.7146322277835383,0.07603830779141353,124.16406318199424
402,50,n02,0.7008366229602534,0.08821142086758492,115.93561200748793
402,50,n03,0.6815238123852471,0.09220841841290223,106.08595694125566
402,50,n04,0.6664810103857186,0.08007941588523274,100.17095739300763
402,50,n05,0.706864910921464,0.08965765404425148,111.69457110660328
402,50,n06,0.8140240721449349,0.09364108849102515,105.61204043009847
402,50,n07,0.7822648200782201,0.06280586090033495,104.63810355878299
402,50,n08,0.7073161781687424,0.08671414178606097,132.4028151309463
402,50,n09,0.7766345763234223,0.08717945475654647,103.09792414836025
402,50,n10,0.7003289514277621,0.09123634112589463,114.37498707705298
402,50,n11,0.6873903678259553,0.08026606177852745,104.13440897605354
403,50,n00,0.7297877921046307,0.0739869008243581,114.51494224851093
403,50,n01,0.6945752553924014,0.07883667715787096,97.73720486729367
403,50,n02,0.6655119744110312,0.07522432730086265,105.02430983286172
403,50,n03,0.8013067114163849,0.08338076312827057,105.4877745476577
403,50,n04,0.718507365176479,0.048970721001351844,116.71217530544769
403,50,n05,0.7055145721300035,0.09172199803164957,103.69056332988127
403,50,n06,0.7154379746290228,0.05889467915757178,108.43252208650023
403,50,n07,0.7235046699696221,0.08709057380589737,106.25369867295213
403,50,n08,0.7126757733920874,0.09181864773577739,110.81721591151297
403,50,n09,0.6519748404323401,0.08315368801262212,108.45530062009348
403,50,n10,0.7365693875255139,0.08715590907531579,109.70730963697768
403,50,n11,0.7535288593137953,0.08470787557556198,107.77737252582052
404,50,n00,0.735040271852257,0.08056632626456768,107.04761423250007
404,50,n01,0.7850572585036726,0.10805803809485848,97.87393553945437
404,50,n02,0.6978003197513898,0.05588653264358653,89.48164285879079
404,50,n03,0.593266811399312,0.08588115761667799,118.06660673754281
404,50,n04,0.7783725513055724,0.08083311593060397,119.41080547986867
404,50,n05,0.6664213341514446,0.09095860853075628,129.16787554312705
404,50,n06,0.7600276662001597,0.07194749226094699,108.21977595117679
404,50,n07,0.6900969634637211,0.08216482463725802,105.18713816000506
404,50,n08,0.7266171737436914,0.07322582537617722,97.39060280869967
404,50,n09,0.6639714592174043,0.08653117974948238,104.11292068199938
404,50,n10,0.7466083436465974,0.07552466064907894,109.65510648128098
404,50,n11,0.697502659034461,0.06794786353422849,113.85944233643887
405,50,n00,0.2686848394607332,0.0290566104558225,61.03132911986066
405,50,n01,0.22736022069409226,0.040230836950665684,38.7527011512001
405,50,n02,0.30978100270682357,0.03423042291966975,39.79220545685293
405,50,n03,0.2266561005537583,0.036513238566462804,53.89670607414731
405,50,n04,0.17349819238135383,0.03774652061036736,24.042498863539976
405,50,n05,0.2973749893487051,0.0015897348863504225,37.0186958794222
405,50,n06,0.18324180555829736,0.045572108684906784,48.69512941697253
405,50,n07,0.2671352927828341,0.02714863064062073,38.06718362904515
405,50,n08,0.2793735061408624,0.029269879216758395,48.18425267896509
405,50,n09,0.2861016616461791,0.02128236469171868,45.364540565575275
405,50,n10,0.25969343186987326,0.04282740198433998,41.37557918589465
405,50,n11,0.21107509385634,0.03377250698392546,53.64092142660664
406,50,n00,0.16567408654597254,0.06278138542572842,43.45180362189782
406,50,n01,0.2778183892786772,0.015288507716211715,50.77536579044426
406,50,n02,0.19399213490360118,0.03666933791810758,51.096247018528416
406,50,n03,0.25191845183270856,0.02662007741914422,46.33118418797801
406,50,n04,0.2712693272256704,0.006695870682968404,35.53486719861468
406,50,n05,0.2023249402144542,0.03427780160104022,51.05570249266668
406,50,n06,0.2623520185328096,0.02723945739709278,30.449993188398402
406,50,n07,0.2861689815971006,0.025416587543261104,35.86811458058875
406,50,n08,0.27579893335971545,0.018359812765044704,51.86943881135548
406,50,n09,0.1988080196000496,0.028619388449550597,52.49293432938399
406,50,n10,0.261559746833532,0.013907800559460275,45.853288487438206
406,50,n11,0.20562500494387742,0.0319766347009985,39.622423429716484
407,50,n00,0.22810119870956436,0.0029128233079895455,43.97703926289278
407,50,n01,0.27215700283367666,0.03647279421385419,42.359751814056615
407,50,n02,0.24754596738922982,0.008986400378159471,45.535800543619125
407,50,n03,0.19751117986670993,0.04775342774343485,46.074122441567894
407,50,n04,0.2394532273704995,0.03025211569157096,42.1410591763469
407,50,n05,0.32845913686726785,0.0214899426472237,29.73055706537957
407,50,n06,0.3024234137400666,0.053760245602014464,44.118333561033495
407,50,n07,0.19015036911074773,0.022023992937324606,40.874868589550594
407,50,n08,0.2629649088993053,0.049351069122239126,43.95051172159426
407,50,n09,0.21823175033301487,0.004441697023256197,43.323290444967895
407,50,n10,0.21998004266634572,0.030422428690443284,48.859802111116984
407,50,n11,0.17206321886468734,0.041849712822484675,54.166320237838036
408,51,n00,0.23597951725257088,0.04156694717279419,45.08339995712134
408,51,n01,0.20595247829609514,0.03955624329105943,30.824820424432147
408,51,n02,0.1127609179599896,0.02568430680106145,40.040689351203326
408,51,n03,0.20372661023815578,0.019800217342541566,41.29856928677899
408,51,n04,0.28062921967360177,0.045952191724122474,39.62473957270816
408,51,n05,0.24854321430881446,0.023450989870859286,47.33047425854005
408,51,n06,0.29354286347342456,0.02312423567714773,40.35481573661107
408,51,n07,0.25521786449448075,0.024228119152900872,36.41920487694568
408,51,n08,0.2643328361302531,0.021919888356477867,52.307668340293695
408,51,n09,0.19965282865366274,0.027305130943357427,49.93596794144118
408,51,n10,0.26868602325980306,0.022292729153420867,52.38487866300733
409,51,n00,0.7948529854573865,0.06429090569167115,110.42717391924326
409,51,n01,0.7852436930101458,0.09560959525395551,103.73820934148002
409,51,n02,0.7437311826508658,0.08544289127580001,117.50324618652927
409,51,n03,0.6427426117453124,0.06263816685855966,114.6729399201441
409,51,n04,0.7485710229649676,0.07894670904865153,110.80878683127916
409,51,n05,0.706131365821906,0.09375556834692585,111.96468818903867
409,51,n06,0.787045629307357,0.08733879585771581,98.03407921461935
409,51,n07,0.7100846900916312,0.07388957507667557,104.82435436271732
409,51,n08,0.7506623898948358,0.10293060696446554,100.05676264112127
409,51,n09,0.701740232309303,0.06899698958359739,109.95989527122443
409,51,n10,0.7502685839756134,0.07904572587348747,116.56533890699586
410,51,n00,0.23935867917701625,0.0023869486481958684,56.443900998476934
410,51,n01,0.2813081443531575,0.032406133257014545,40.526372413351254
410,51,n02,0.24557692511734613,0.021416813902547637,55.825682620459915
410,51,n03,0.2458841631544107,0.007857224653653835,39.292585782201094
410,51,n04,0.22572549882110007,0.03598907949290404,49.60330530701807
410,51,n05,0.22469829624510174,0.045206072242926804,44.31542601571529
410,51,n06,0.27015818040107314,0.035961515568530354,48.3135918993482
410,51,n07,0.344475662100272,0.0547334440775992,51.40105788652081
410,51,n08,0.2722867346581095,0.023100959907945116,46.60698919033135
410,51,n09,0.24485244738499914,0.01114793770944162,53.85382554122549
410,51,n10,0.2021582223521607,0.028533925930113658,57.690948930686275
411,51,n00,0.20417146385780652,0.036314988629587354,50.886710940833346
411,51,n01,0.24459901118667662,0.034243535273359535,38.49864881928864
411,51,n02,0.2918614290427367,0.045899487300620156,32.82049650161466
411,51,n03,0.2556404676339306,0.04441433721723217,36.32044212193802
411,51,n04,0.21643208720071372,0.028337352835428632,53.42013380165237
411,51,n05,0.2049487192793432,0.01620039019608205,30.817561896555013
411,51,n06,0.3442645809771051,0.014230182857901338,40.5866317196979
411,51,n07,0.2905707199608071,0.04184812169489911,49.55799083330813
411,51,n08,0.2492494390277588,0.019103382083298818,56.77730923626542
411,51,n09,0.2978952699113979,0.011125519898863796,32.010510510234795
411,51,n10,0.249619569353763,0.0261717842955738,53.120856688662485
412,51,n00,0.22023712836075063,0.05518231246986563,41.509263398882126
412,51,n01,0.35893194980509824,0.023127216850817284,40.79063544879426
412,51,n02,0.3347912772388923,0.052546476835644944,41.993134304590946
412,51,n03,0.26984580025127153,0.033339189632594746,56.63180256215024
412,51,n04,0.26977615258038906,0.036274198248718935,43.51072172234388
412,51,n05,0.18311984380836777,0.039391343945421944,56.0389174859215
412,51,n06,0.2341165529002537,0.027405951837833023,56.610172987689154
412,51,n07,0.2406330919662975,0.01748160675327711,61.48092262046514
412,51,n08,0.2686023193633332,0.042150878317560043,39.274071890736
412,51,n09,0.2744141661476706,0.032783877438317996,34.833950934986376
412,51,n10,0.33159259895344495,0.04056122957304993,40.171706643235744
413,51,n00,0.2645299890179463,0.015088511612235058,40.591046955646256
413,51,n01,0.242680642121032,0.019537491889002986,47.147976736066475
413,51,n02,0.24146904875851266,0.029717248505410066,29.852261465835248
413,51,n03,0.26360916414493957,0.02739930486785165,37.28852985915709
413,51,n04,0.18412712829397002,0.03144800396082411,59.59666774691263
413,51,n05,0.2887799745956243,0.0345843009284467,32.50123934773558
413,51,n06,0.24865934537766174,0.04761450726559077,44.096216540523415
413,51,n07,0.2089704781637564,0.0329616530141328,56.42324890110684
413,51,n08,0.29600186460683353,0.023361843889957726,43.4968708871884
413,51,n09,0.27484927458170477,0.03209464054593188,39.48955235383081
413,51,n10,0.2282663416559926,0.037493426468358126,40.13756921530219
414,51,n00,0.32204543291433,0.010719689364829234,55.39977178248064
414,51,n01,0.19811912369105608,0.022160857523487384,42.540001443369654
414,51,n02,0.30452177000433395,0.03388485550292482,49.732724700875714
414,51,n03,0.24021197831219324,0.02163840173145326,50.6360195604519
414,51,n04,0.1905081109136058,0.007680593982648941,49.310124612192354
414,51,n05,0.21179543644299195,0.021073515150299066,46.94432394039275
414,51,n06,0.2660435099995119,0.029273447707651674,46.90041304097903
414,51,n07,0.29186271166571615,0.01866971838917856,41.1167960578547
414,51,n08,0.29463245976585667,0.028512070535379196,44.93195173825792
414,51,n09,0.17087412458430884,0.042780274671739976,37.48974427618529
414,51,n10,0.2322064777325629,0.02806846662732889,41.141695804681675
415,51,n00,0.16902392532606786,0.020746006763983214,50.989704847399224
415,51,n01,0.22409907969842677,0.017289229425583412,33.66937344628828
415,51,n02,0.23510862210854963,0.04682425054713692,35.883680144039765
415,51,n03,0.19520317455080854,0.023732687879124942,34.387619894555876
415,51,n04,0.20059401384448838,0.04278108688725001,35.83274460390675
415,51,n05,0.3606014694793163,0.024289071287005463,52.697185549998586
415,51,n06,0.23636251378948228,0.037593239416822403,48.851796224099374
415,51,n07,0.25806424501077113,0.03737805740944188,44.77991656140293
415,51,n08,0.2091717023992149,0.056314914472289465,49.684573599620755
415,51,n09,0.3430755286051431,0.022070278586726198,42.59264356451572
415,51,n10,0.24404145391903595,0.033468222281702605,39.898137095810675
416,52,n00,0.7202440696572991,0.06941739576716136,109.28575817752407
416,52,n01,0.6750809133967359,0.0869101232648661,116.22243284510888
416,52,n02,0.666918472304705,0.0737094908338301,115.55344440002953
416,52,n03,0.6753785406331044,0.08819294257495769,121.33973856505185
416,52,n04,0.7433280501943149,0.07571440256627483,109.77826728163106
416,52,n05,0.7261518104316611,0.08397166172358161,104.73473476599614
416,52,n06,0.7359832950847177,0.07395767063082179,105.55219100790849
416,52,n07,0.7206795237486824,0.0690549916302705,117.67938178692734
416,52,n08,0.7564256646284987,0.08025703791370609,108.280658531892
416,52,n09,0.7171650379589901,0.07952836685291718,114.14651758603794
417,52,n00,0.24893866850086968,0.013360047555099376,44.487798596485426
417,52,n01,0.32244721088671613,0.022743291323292225,43.070520135729865
417,52,n02,0.2717981512423517,0.029510197990848325,40.005850557434336
417,52,n03,0.2532218541516835,0.04299146525231287,47.9764718392001
417,52,n04,0.18566071992463956,0.03222790686542963,56.83676188660611
417,52,n05,0.21026650600303587,0.026097215705555663,61.83095114587979
417,52,n06,0.29621791448345297,0.012006297818772962,29.591525663286347
417,52,n07,0.22800516525737805,0.029095754393361685,46.361286601926345
417,52,n08,0.3027042809169277,0.025392286517631167,48.599538954988816
417,52,n09,0.31354421016488954,0.007604416336800202,43.078304973661496
418,52,n00,0.7040415735336453,0.08979172042724917,119.45702167673598
418,52,n01,0.7199704192265854,0.05421608899109498,109.41862062231844
418,52,n02,0.6975357023486805,0.08570867452954242,99.4744124779268
418,52,n03,0.7636810260054581,0.11050969627267125,118.03340797388603
418,52,n04,0.7612024499721628,0.06926155305864837,117.68062026711712
418,52,n05,0.6623575977759137,0.06924410278024147,118.32924346288152
418,52,n06,0.7378559985572999,0.07034372575443547,105.03576703534539
418,52,n07,0.7188231272167612,0.07378852089875738,103.8733991622441
418,52,n08,0.7778136249631246,0.06367812898633352,101.77128787589074
418,52,n09,0.6344079934710758,0.08761500196910822,103.06354556510628
419,52,n00,0.6465247519641336,0.0747914362725175,113.39359776628963
419,52,n01,0.7064869630499794,0.07031353915532104,127.23581014786016
419,52,n02,0.7233469189446351,0.07159535367616683,122.16257399855961
419,52,n03,0.6708397110011302,0.0924507173797779,111.34030974423635
419,52,n04,0.7299060959571279,0.08318345988785061,115.59722343572753
419,52,n05,0.6671248724372463,0.05956057512931176,105.26179415288986
419,52,n06,0.6604543064006899,0.07709077019825605,121.35909642975008
419,52,n07,0.6769688521446702,0.06280653733250241,107.05298174102752
419,52,n08,0.7818454039069034,0.08781343293462325,107.98513740253688
419,52,n09,0.7506177447011059,0.08395630696997833,107.94312452698333
420,52,n00,0.2572267505418081,0.03954331658969595,48.92137503080109
420,52,n01,0.3055577059062078,0.013345150302359655,39.898474518590575
420,52,n02,0.29729589761349223,0.029744036959336608,55.64887498274035
420,52,n03,0.3045913422898638,0.026967193582087236,39.42209806239632
420,52,n04,0.30955483673493384,0.013019688571445247,37.001558718868274
420,52,n05,0.21533818585356757,0.039994976301956586,44.0328137905265
420,52,n06,0.19547037749315305,0.023746560712524938,36.46316147458313
420,52,n07,0.25019078245546433,0.03375792964057923,40.39659618021366
420,52,n08,0.19262348161687265,0.01822315542497744,30.039601572209996
420,52,n09,0.28956718618090616,0.04475269463879857,44.439229577251
421,52,n00,0.8121596419360316,0.07605910614566287,111.15286293297305
421,52,n01,0.7473011554057687,0.08467440844598392,98.60791048021663
421,52,n02,0.6905307420583999,0.06883956912895312,117.26443832703296
421,52,n03,0.7139132971189186,0.07147343628120373,112.85847152136098
421,52,n04,0.7181178139971112,0.09489593490271202,124.90056688327476
421,52,n05,0.7649238592633598,0.08823673060664321,109.3496185586642
421,52,n06,0.7659915855609183,0.05961213342196023,114.88405956667384
421,52,n07,0.7539880352705431,0.08023018182794142,109.1104549583016
421,52,n08,0.6939152857343114,0.09394016799773001,109.4671596500839
421,52,n09,0.6548847390029383,0.07393635844588964,103.91289033148036
422,52,n00,0.683946493874905,0.07911351432765111,112.1299103834756
422,52,n01,0.6596273101932087,0.08597774558859371,104.99964047199953
422,52,n02,0.6737153444638869,0.08792428547880177,124.48868889204157
422,52,n03,0.7578493549453211,0.08902506092610878,114.15240660819342
422,52,n04,0.716055268499886,0.07314734700084422,99.38514535765692
422,52,n05,0.7161078223219213,0.07445425616644097,105.98673227193677
422,52,n06,0.6918825864545461,0.08436644309521094,102.88087306808879
422,52,n07,0.7189567392217925,0.06373292322180092,101.22685033834263
422,52,n08,0.684232280894672,0.08029885500086922,106.97158824266103
422,52,n09,0.7367064249968099,0.07744202752193917,105.97091013324832
423,52,n00,0.2099038259227262,0.03205702486131868,41.11192614473299
423,52,n01,0.21550260650579853,0.020092946362455073,48.183042858085905
423,52,n02,0.2743255137919722,0.0332300208730738,51.01697018480548
423,52,n03,0.22458934047024035,0.03675659531000759,60.00752781058507
423,52,n04,0.20657424072020703,0.02714688638463704,45.48634241064255
423,52,n05,0.2885549462803154,0.04989425659840617,36.228072985894535
423,52,n06,0.2380177671723853,0.010716759155183758,47.78659237297462
423,52,n07,0.28523842627385104,0.03604026865937528,39.28934529006367
423,52,n08,0.20301056548873872,0.033138171551342,42.829720419265335
423,52,n09,0.32947268072471636,0.0440364176796846,37.98294643294031
424,53,n00,0.7194966547347258,0.08683655766541498,100.30384697792078
424,53,n01,0.8312491485102667,0.08502245926134615,110.9013883215942
424,53,n02,0.598794952621616,0.06556572579765828,115.41939675370207
424,53,n03,0.7373468976089388,0.06597202193701793,109.46047451393915
424,53,n04,0.7834361547490246,0.09637842270159924,116.54663875720131
424,53,n05,0.6864243028138862,0.09466823083791255,107.06078755784716
424,53,n06,0.6491976406876224,0.09811297588504844,109.87858505505433
424,53,n07,0.7848758666515186,0.07197717912206275,103.71769789414687
424,53,n08,0.6349257837743219,0.08650424007435045,114.05074905613563
424,53,n09,0.653202397322439,0.09636617868541451,102.22579623211134
424,53,n10,0.7262713078388033,0.0879645367253275,114.24795628272747
424,53,n11,0.776264746105584,0.09696768587442853,103.97759388940797
424,53,n12,0.7332982784810586,0.06914824063554834,103.80865281507987
424,53,n13,0.6828776884274431,0.0660625715967874,102.96634866833895
424,53,n14,0.7925174720249406,0.08779912968555545,111.85669022291968
425,53,n00,0.2830282063285691,0.04552509814724421,48.987544195268846
425,53,n01,0.22275362855261963,0.042280570309876,50.55031548756719
425,53,n02,0.26931920683490673,0.03284320727168347,38.85738886641187
425,53,n03,0.2804578399901924,0.043907222180366905,41.260999240791364
425,53,n04,0.18737421749213706,0.032175210453579996,39.60691768171737
425,53,n05,0.14439539570251672,0.029548554701858906,44.572572608025695
425,53,n06,0.18451618168413964,0.029837328064346576,46.15775838661353
425,53,n07,0.26250699469385314,0.03517739510469022,45.134898490230825
425,53,n08,0.31989418210381115,0.014798630566249778,51.75609690112239
425,53,n09,0.2606488128346545,0.04356007947714634,43.912910648032025
425,53,n10,0.2560598493192567,0.02683371864208363,45.79997915292356
425,53,n11,0.21655279705623381,0.04323979567786236,51.875685707413474
425,53,n12,0.2410010820207207,0.026095902650047426,39.5564287228677
425,53,n13,0.235986969026167,0.04550741746770097,36.251389287289385
425,53,n14,0.259269877573357,0.03424110244348777,39.91163824867193
426,53,n00,0.26580178108487307,0.04123605892861912,38.01010259156532
426,53,n01,0.20683488452241072,0.027732388852221658,34.59469218206816
426,53,n02,0.2354999922501442,0.04476744221078606,46.27607093470462
426,53,n03,0.24181382233954632,0.0269205749530627,45.0676623589016
426,53,n04,0.2550356844934224,0.010721897069760213,34.25995136903968
426,53,n05,0.1973134036469062,0.017692550941372554,45.817012260281594
426,53,n06,0.2386600294390152,0.05459956985138255,38.64402810969739
426,53,n07,0.288440972442804,0.026512460168349173,42.971554139107404
426,53,n08,0.1279321581996048,0.0009145501484673982,32.24305078789773
426,53,n09,0.14918739336340575,0.014028427959200722,44.74563595856508
426,53,n10,0.30748363197975537,0.04205730021743906,56.441092426957
426,53,n11,0.3313465754369497,0.011794072779480105,63.099861717460215
426,53,n12,0.18210672427186997,0.022071861271269408,42.895981648495415
426,53,n13,0.3113488641883222,0.02741205168591921,54.83608804174331
426,53,n14,0.2793718543362549,0.02853641752348131,44.88779601394314
427,53,n00,0.7537845918072501,0.11168087285117739,106.1310848085954
427,53,n01,0.7070408299264327,0.08328953676573972,107.43971242653747
427,53,n02,0.7065813940570611,0.09337180703907505,102.88195974841346
427,53,n03,0.6931490043096833,0.07298259053187886,109.75273358665214
427,53,n04,0.7441509546164168,0.07663509254236052,107.72834814388513
427,53,n05,0.7047606481520449,0.07203972967045029,105.14813775033585
427,53,n06,0.7675731428021264,0.06782135833506403,115.8095466138236
427,53,n07,0.6844674797598604,0.07174301273748926,117.86109969618279
427,53,n08,0.6995657432189067,0.06559531048831369,110.75542709312761
427,53,n09,0.756238846834204,0.08767012425667678,109.54363272032708
427,53,n10,0.6706651022054776,0.07963307886332663,106.2129173251251
427,53,n11,0.7199897233022708,0.0730965561269236,117.0812420734614
427,53,n12,0.7426033407766606,0.0797881246023401,117.41740781737556
427,53,n13,0.7130042696916771,0.08885569651068931,114.43597472163287
427,53,n14,0.666115677736222,0.10863003736647449,122.88822458930319
428,53,n00,0.28664541732448606,0.04060503818409411,43.92923961974964
428,53,n01,0.34922659146734014,0.024569412254872875,40.324388483036124
428,53,n02,0.16416975783948295,0.053374492237821675,43.32856605760289
428,53,n03,0.2106723335019322,0.03287367056505312,29.29756363967073
428,53,n04,0.1895484918454014,0.03828283003756941,39.77066978612182
428,53,n05,0.2374857648735037,0.022907345538692503,42.27053799113767
428,53,n06,0.27388645943295453,0.01063461504217027,47.48448107685543
428,53,n07,0.3116957819287999,0.041235042266226804,50.34439377253263
428,53,n08,0.2526268208594272,0.013098017464341163,48.43926779003984
428,53,n09,0.18802914219904782,0.01758231050588091,43.73563269251491
428,53,n10,0.3117773900582888,0.03071608646108268,48.26047310039053
428,53,n11,0.25323009522867485,0.03528893000306684,47.22738036350911
428,53,n12,0.28739028331317235,0.053137136634641376,49.717348374202174
428,53,n13,0.2475742022793106,0.012626414326198179,43.95716113125162
428,53,n14,0.19565227295972715,0.030704580197657216,44.57320671808341
429,53,n00,0.2400482933507388,0.020116085217672032,49.38274467620319
429,53,n01,0.2386767938265208,0.0417469285236312,40.486438966562254
429,53,n02,0.26076216948191117,0.015045799638754746,51.899908397278125
429,53,n03,0.3393773653327359,0.020977130428226888,42.93335310967133
429,53,n04,0.16953487110054366,0.020366835650199387,61.1771541219756
429,53,n05,0.30960373857470125,0.04935192576790731,35.21971751416707
429,53,n06,0.2707083073911799,0.04713710874522927,37.557492839182046
429,53,n07,0.2900901199848517,0.03921253975242054,49.13579057257194
429,53,n08,0.20632790761170777,0.04872250096177713,47.891869755561714
429,53,n09,0.1972570816312936,0.03299123083009046,53.84741915367811
429,53,n10,0.23334193461604025,0.0338498260733236,33.93679690988539
429,53,n11,0.27608467715249063,0.03157638019661836,45.8320820767042
429,53,n12,0.21321847693223986,0.01496390207897245,53.188398396714504
429,53,n13,0.23975328689015954,0.040851047407571485,49.209738954103834
429,53,n14,0.23642904546877644,0.04489129389314157,33.51079618934976
430,53,n00,0.22605610587392544,0.028773767652726365,25.420042086756247
430,53,n01,0.23650255080821175,0.028576508315202545,35.60451247668799
430,53,n02,0.2793432550714207,0.02026955041444807,40.8203978679118
430,53,n03,0.25460450502605686,0.016018489884513872,34.99589952470414
430,53,n04,0.2676622351334457,0.045193111275091735,38.44451517115918
430,53,n05,0.29981920440698884,0.01678263875852888,52.91416273771996
430,53,n06,0.24589379579113693,0.04853747848514385,42.814211890815045
430,53,n07,0.2555505027821346,0.03051230017708964,59.909288102071216
430,53,n08,0.19040366803215922,0.02952641036706191,42.75019341641489
430,53,n09,0.3194718922711183,0.01586457923121458,42.58560834256395
430,53,n10,0.23894319835421818,0.03548902152284334,44.52686511244999
430,53,n11,0.31210856280990323,0.015387932588681628,37.676761978032964
430,53,n12,0.24529664835773166,0.020494605445591,46.39856816885137
430,53,n13,0.2798768082069123,0.029451643605202065,54.852652383320866
430,53,n14,0.2259838682659527,0.026249094588245658,52.33834465581478
431,53,n00,0.8085068693931682,0.07643588808853638,111.89305312589238
431,53,n01,0.6944934566498319,0.08912598027385603,116.53411607889495
431,53,n02,0.7480925124066169,0.08682084063453588,111.2557520727605
431,53,n03,0.7326218569107477,0.06850306875627148,107.3043793946157
431,53,n04,0.7385809362428807,0.0865566889514654,115.47721593200193
431,53,n05,0.6919137382228583,0.07652106591309063,112.09849471514896
431,53,n06,0.7491406603822283,0.10172737669605958,95.06393547268104
431,53,n07,0.7022555332615261,0.07019699685040934,119.91243474841167
431,53,n08,0.6454075702232085,0.08828670786179288,107.74019158933835
431,53,n09,0.6945418733605503,0.08202968252692185,105.45357044500386
431,53,n10,0.6382047231500987,0.08921579862599942,115.45999274993942
431,53,n11,0.7174055924109375,0.07738535874818417,110.85929601582782
431,53,n12,0.656915945433142,0.08284216224608647,100.1234514768477
431,53,n13,0.7186705986982368,0.07491395490719682,104.24654353416786
431,53,n14,0.741755535805696,0.08095373208026788,118.40575221564278
432,54,n00,0.2502284843016767,0.031333489842617336,42.01315510337716
432,54,n01,0.2856603914767911,0.030213298698301,47.5434528293456
432,54,n02,0.2791417824077559,0.035792760940812796,42.89844287865249
432,54,n03,0.20062134164313558,0.022246946023566624,45.093350127111734
432,54,n04,0.2524611573468225,0.0395787164854019,53.74936190526675
432,54,n05,0.2448715451811103,0.023189835110046894,39.739228209455476
432,54,n06,0.23678445642220794,0.04275218036862214,49.865224385029244
432,54,n07,0.2412057673236327,0.004925306673579176,53.84055798355866
432,54,n08,0.1953512167517619,0.02506322122123676,53.78520499150197
432,54,n09,0.2042238773246377,0.030285020127150945,59.56995146305758
432,54,n10,0.293878365060436,0.012959295370172926,31.868212892092288
432,54,n11,0.2261642694592894,0.0347815360311002,48.64523469641883
432,54,n12,0.19527472448584218,0.019796734601576542,51.86668950260368
432,54,n13,0.14880678625254895,0.03386343054991338,38.10391742983802
432,54,n14,0.2675703921525049,0.03384329964420549,44.05583309412389
432,54,n15,0.18933842533393952,0.02388861724693451,49.49106889823062
432,54,n16,0.2915946940600915,0.03726765192206216,42.91794711919615
433,54,n00,0.22021337564487106,0.008412477730263105,44.95032071568429
433,54,n01,0.2331779130976744,0.026770269550410192,42.39237742667856
433,54,n02,0.20395356709345483,0.019334118101768518,41.1654151880872
433,54,n03,0.2503972586588953,0.02185944585338538,47.916837013219634
433,54,n04,0.2462050427944201,0.06119874090818679,37.582990118443185
433,54,n05,0.1996779860757376,0.036797724883242275,59.55090784381457
433,54,n06,0.17199575101853048,0.04167611822880738,48.24246247251999
433,54,n07,0.21245677916651365,0.03787325154927826,45.68934698155864
433,54,n08,0.2867259830155932,0.0416258957794617,22.851613276151845
433,54,n09,0.2248256511483719,0.03149722150226281,53.29932964014288
433,54,n10,0.22637275248215222,0.030324046343936442,38.76097277178542
433,54,n11,0.26903213995608544,0.022300563189692695,36.006770698376116
433,54,n12,0.27650574048963555,0.043381430173946564,39.37342884243712
433,54,n13,0.23431706058016274,0.04402668098851854,50.24065662614716
433,54,n14,0.25297986268987244,0.021788209935724542,55.70841862315806
433,54,n15,0.19477495595051594,0.025104051707858836,48.660390333080365
433,54,n16,0.2162553193770235,0.05370504404395052,46.90208409587775
434,54,n00,0.3218773818336041,0.032835822092827954,44.748924988974764
434,54,n01,0.20708182621273663,0.027701340776932495,45.666359769660026
434,54,n02,0.25179219799363356,0.01720606676739754,53.65019027913351
434,54,n03,0.32279424727678485,0.018982334992315393,41.64328662729899
434,54,n04,0.25038217761429193,0.028190522409387526,50.03243482032224
434,54,n05,0.27206650746496003,0.02598682980308377,48.27716590128664
434,54,n06,0.27346997548974916,0.02033750640515019,43.45016646858472
434,54,n07,0.17081294830677488,0.04311038038757174,41.63189233593815
434,54,n08,0.2982307509344274,0.025953398592766522,33.317996115139216
434,54,n09,0.25533813947249756,0.04862276497441144,31.51666125934835
434,54,n10,0.33959816557609335,0.05119066468039302,40.2925560707228
434,54,n11,0.2112862049019487,0.044412202768458545,29.881944201072645
434,54,n12,0.20655844389224792,0.04528588729510473,50.32453447023206
434,54,n13,0.21608972376482077,0.015241574175763514,52.508437077956856
434,54,n14,0.2243266410665028,0.02962121642017754,44.98143778835563
434,54,n15,0.2655819789431481,0.02744876830035699,40.59004045740254
434,54,n16,0.22831111762072218,0.018818978456846974,43.20265674768076
435,54,n00,0.30045386683693864,0.02760932684505317,47.97773082604337
435,54,n01,0.28148250566310745,0.02192883570550114,48.93293065506799
435,54,n02,0.2200688981617643,0.01995034813825325,51.22569563138654
435,54,n03,0.2969094510490841,0.021100382186499192,43.00867144467048
435,54,n04,0.18746472158935412,0.019371870294674527,35.9240047657794
435,54,n05,0.2367301559357587,0.040008950949603425,43.13805988133174
435,54,n06,0.18074105736320978,0.051491168423552086,37.773475234210224
435,54,n07,0.2284013890372917,0.04016871584493455,55.53476998017345
435,54,n08,0.18586189779144732,0.026442871840642826,44.86632966052851
435,54,n09,0.2528687689782145,0.026272086953660283,46.18142946848793
435,54,n10,0.29515459083447987,0.02296979245661518,52.450338162572606
435,54,n11,0.23178124629665067,0.03258079245928947,36.921806750195124
435,54,n12,0.2876843422941566,0.018947325394829597,51.068090567113835
435,54,n13,0.23122103066183122,0.04070019907439562,62.05083650662293
435,54,n14,0.29991335433637484,0.018646250655074945,56.83737220572352
435,54,n15,0.24914835331609542,0.012931582553596669,26.899627001800745
435,54,n16,0.2558478239249477,0.004091458835372607,35.6915624154355
436,54,n00,0.23903336653796486,0.03360563349886981,39.064313634256834
436,54,n01,0.2942975820803623,0.032783696998332064,39.10033470370678
436,54,n02,0.26977314619664006,0.047948736264091865,49.46423731040808
436,54,n03,0.2817486757248353,0.017163873085307382,42.393913654973
436,54,n04,0.29288318775740446,0.03295236125925916,44.976777920699526
436,54,n05,0.20507378405301638,0.02935092491977753,43.07924271351849
436,54,n06,0.24876600894635362,0.03091715215076723,46.774054275128336
436,54,n07,0.34730009667128103,0.04438938140342916,37.0918596959909
436,54,n08,0.3306145852781837,0.027827261211711498,49.974287415965776
436,54,n09,0.35138020763887906,0.03631675654339685,51.190236556974824
436,54,n10,0.24441026139469768,0.03261866491270425,54.573942095150905
436,54,n11,0.2892167677701708,0.04509614150880663,52.804847798224515
436,54,n12,0.3347481410947112,0.03818939332426964,32.1148259217996
436,54,n13,0.2310631275670654,0.013890757457063838,50.287519311167365
436,54,n14,0.21394926490874172,0.02963946878307025,41.35520054023078
436,54,n15,0.33703745444338606,0.029604366659848416,49.88754032684014
436,54,n16,0.2132486557604671,0.03900405091219031,39.530494849813365
437,54,n00,0.6828105418266164,0.08462643609992533,111.58434145394817
437,54,n01,0.6894577522944774,0.09814844589489495,110.08147657814841
437,54,n02,0.7470718138567113,0.09401503373262671,112.76107619225292
437,54,n03,0.7277705949490291,0.06125661065011037,102.02751562372994
437,54,n04,0.7113086847095216,0.06500414644660246,107.14677894294168
437,54,n05,0.7341740715237526,0.1015621290322097,117.73531782340945
437,54,n06,0.7749757646128984,0.06303556946477093,114.9819395165015
437,54,n07,0.7752020746485196,0.07463595039219821,99.4100435301563
437,54,n08,0.7731301408568878,0.06854990603306667,108.41836544287354
437,54,n09,0.7301745784008213,0.07167595370013506,101.11398785762017
437,54,n10,0.6904110951956539,0.08817968833713548,102.92326028060194
437,54,n11,0.6632554520395912,0.0845137950998269,91.81796399224018
437,54,n12,0.6869273794458008,0.08760897001387868,109.5204970373031
437,54,n13,0.6546178683153666,0.09788258644967973,120.63564378696726
437,54,n14,0.6897527087492972,0.07592945122081711,98.59813130588866
437,54,n15,0.7154246678164645,0.07878996278132662,112.06669000298604
437,54,n16,0.7672350236962556,0.082044831669055,100.23077163541316
438,54,n00,0.22440713527123757,0.04825139885920871,40.47715418235931
438,54,n01,0.16691153075458032,0.027961514797990767,52.80777486156704
438,54,n02,0.16938905278003855,0.031939729326484555,35.716921253087904
438,54,n03,0.20237795514178342,0.03087881156180269,54.358554445989625
438,54,n04,0.34397826326938996,0.030834274009079257,45.665341300966396
438,54,n05,0.25767015032873136,0.028408888847825473,37.66117334534873
438,54,n06,0.24982844608628285,0.016794466845095772,45.08004408084658
438,54,n07,0.21024564241259242,0.02779879725227483,57.55009936897238
438,54,n08,0.17439996552930645,0.023306931937502787,45.249788296524265
438,54,n09,0.21524979939543826,0.02341582933725287,39.94530983227868
438,54,n10,0.23966139967650923,0.030895058705107545,48.60022648037601
438,54,n11,0.21122412667855353,0.008226798029605669,38.6849085947022
438,54,n12,0.28390402644786733,0.022194211753397468,39.873305507320055
438,54,n13,0.18074172535546593,0.029674062328788955,45.729869918286816
438,54,n14,0.2089818717540361,0.007012538096690387,34.049117580502404
438,54,n15,0.29071506361273336,0.017338687517664927,41.571098475430354
438,54,n16,0.19548479489676293,0.03287001702734742,53.34354848597995
439,54,n00,0.6430958897070308,0.09015800574962664,110.79351654893652
439,54,n01,0.6805606178014766,0.10108759820810811,93.80405925625209
439,54,n02,0.6899155371937241,0.07686527539966458,113.72935710662526
439,54,n03,0.6221368134325842,0.08678713524329214,108.50953299864227
439,54,n04,0.6133574384720778,0.09164383652654341,112.2448850061384
439,54,n05,0.7010160886246426,0.07083138908089831,104.72334572686886
439,54,n06,0.7543169482891456,0.08332886433528487,109.51057346460995
439,54,n07,0.742962405144639,0.07770079766940408,110.38758555964412
439,54,n08,0.7279611550964104,0.0748014792514519,106.30042145649394
439,54,n09,0.7277358044731671,0.06971663196410281,117.69760637570175
439,54,n10,0.7281091930982234,0.08625795065254929,107.12590362769876
439,54,n11,0.7143797798420211,0.061818401499967104,109.44960178510055
439,54,n12,0.7519570842939107,0.0623890480920642,121.57603492946237
439,54,n13,0.7764356260920118,0.09940634832203715,104.53041640830783
439,54,n14,0.7431706062146767,0.0764830977522672,115.54183901675896
439,54,n15,0.6798669054613288,0.09887939074156853,111.89542761617288
439,54,n16,0.7710236340238664,0.09593907653203748,121.93205268041095
440,55,n00,0.7841523470565271,0.08942128047086266,101.45192676439207
440,55,n01,0.6913872983108786,0.06880627486152335,105.03821426539353
440,55,n02,0.7156459938950906,0.08124420012293967,105.42226495163769
440,55,n03,0.7161587576025599,0.07267126377499773,111.77557231996694
440,55,n04,0.7861198114817981,0.08099344532091923,101.15149782002203
440,55,n05,0.6938975574888462,0.09130828625589281,101.54232537716871
440,55,n06,0.7243569020533044,0.06597082883289462,120.49313410794005
440,55,n07,0.6636923337256122,0.06760938345462951,117.87134271129652
440,55,n08,0.6167237547774691,0.079190916803239,125.81779612253924
440,55,n09,0.6819179531172906,0.0907984482017129,103.75647101517094
440,55,n10,0.7660563113412693,0.06671044465558273,98.61425647032661
440,55,n11,0.695182779202279,0.07332894044276789,106.74475411503465
440,55,n12,0.808113411136076,0.09094499894944229,120.22063169777225
441,55,n00,0.6958749282889992,0.09203808905989222,107.03107182069552
441,55,n01,0.7119747069988993,0.07634433246641727,110.66232263743173
441,55,n02,0.7559489827655533,0.07083970387088533,113.06096936896495
441,55,n03,0.7744384257836774,0.08934745461361085,131.4355324740339
441,55,n04,0.7500746156277336,0.08767195010747582,114.39724975207002
441,55,n05,0.7268700619369729,0.08717890438931271,105.50160118735916
441,55,n06,0.7726691002757994,0.07259232933551035,105.36634235578718
441,55,n07,0.693473240705531,0.05953430594783808,106.5886528167071
441,55,n08,0.6929414547726733,0.08277869509313701,116.91118986853017
441,55,n09,0.6877256530742751,0.07201874765591922,125.02877160505356
441,55,n10,0.7019867355780971,0.10854686129038321,106.78735533133724
441,55,n11,0.7983563807327677,0.07830509615557689,104.87593937402383
441,55,n12,0.8165913396795708,0.08483041610989632,88.70624428371738
442,55,n00,0.7530870574679043,0.06934265120150127,102.32428628850906
442,55,n01,0.692819071912169,0.08836420372683454,108.11181213916085
442,55,n02,0.6775171318852854,0.06776039049220181,111.85722827957024
442,55,n03,0.7460486870316403,0.09529607744370525,118.03265180890003
442,55,n04,0.7449949443231129,0.10093336248082718,102.766925571277
442,55,n05,0.6733889516535532,0.08441805139492824,103.43550851699327
442,55,n06,0.7669329949333747,0.06753075953408696,102.68236458391685
442,55,n07,0.7346918471693018,0.05844712528095318,110.84733258142869
442,55,n08,0.7759514471834307,0.08218252865943383,127.82982057820861
442,55,n09,0.6493176630617711,0.08227137093332132,117.17533323563708
442,55,n10,0.7255507376925124,0.048242357750111625,107.427825791718
442,55,n11,0.6611546644003191,0.05769048566915198,114.16315828764446
442,55,n12,0.7309869471260948,0.062434276848501224,107.96832395275219
443,55,n00,0.27849956382791247,0.010806049805222373,41.07185009273074
443,55,n01,0.2925775878738083,0.021731349901557916,52.8631369086813
443,55,n02,0.32168478600463435,0.015036880582249364,33.50024914488999
443,55,n03,0.20216613086122767,0.035116791390915884,45.939964708842325
443,55,n04,0.20636837937782582,0.02617660998589169,53.014792001773046
443,55,n05,0.2480291984182975,0.03263547819235918,38.3231461631398
443,55,n06,0.18688999397026218,0.01916159100768335,45.46013672026712
443,55,n07,0.2856042308692791,0.02008337827790433,52.34112876613528
443,55,n08,0.3339527212080856,0.007443789509116432,51.54781145741737
443,55,n09,0.24702787062745066,0.028480709026784318,47.23998991597445
443,55,n10,0.24129912234182668,0.04028135908502709,44.19390541983483
443,55,n11,0.22917612906529722,0.027685172281771163,53.38796695510876
443,55,n12,0.25580126185616614,0.02359235166887692,45.39371180830235
444,55,n00,0.1966499556756585,0.03552853701284925,34.10187150698902
444,55,n01,0.24275726700633093,0.030088362832804954,41.79824841067426
444,55,n02,0.20522817892582534,0.014040174386521314,36.075947699755154
444,55,n03,0.27808274582585446,0.028519552153888943,61.351412089654325
444,55,n04,0.2725228080967148,0.015596830577714205,23.31958221881512
444,55,n05,0.20325110270972166,0.031011388883389536,43.05883580329812
444,55,n06,0.20965700630122414,0.031054563335292114,33.11216440095247
444,55,n07,0.23095276107932822,0.021321887993741025,47.327771833491994
444,55,n08,0.25534397132627973,0.03488131367021487,33.69060973523548
444,55,n09,0.24364281145422823,0.02774862014523382,43.61688681085862
444,55,n10,0.22373200627125545,0.025737079430114766,50.47976802512106
444,55,n11,0.230686004374266,0.05038402357312577,29.736344676688848
444,55,n12,0.2167092607051127,0.030010900956358243,48.688795040631206
445,55,n00,0.7336550954660763,0.08874815675778576,113.32540002436268
445,55,n01,0.715008822052962,0.06152966441225391,91.5954601089921
445,55,n02,0.7316906641705461,0.06975010996765475,99.30676100463336
445,55,n03,0.6717877241240263,0.08161523424155877,107.25982503816691
445,55,n04,0.7776967381447053,0.09022378964985511,108.50079341917292
445,55,n05,0.7295291456529237,0.08371786400015295,109.74200445259802
445,55,n06,0.6279272609322644,0.08073335890993594,110.23528576409831
445,55,n07,0.6035786454891332,0.08830474050312095,105.0238145510098
445,55,n08,0.6577591911873717,0.06446611886123962,111.17070285509128
445,55,n09,0.8148400210022082,0.08618265433840068,105.32080816335836
445,55,n10,0.6978323773064239,0.08229210668528293,102.03644698711135
445,55,n11,0.728574755413252,0.07481842474113516,108.34688206745179
445,55,n12,0.6134159487698915,0.09160248962502407,108.08673994201419
446,55,n00,0.705906961721014,0.07295813914655991,109.41263461334187
446,55,n01,0.7139882855007683,0.08818790644478386,106.61639629921832
446,55,n02,0.7521496971845749,0.08548084715669858,107.9598028816369
446,55,n03,0.661363805180196,0.0839263201101664,110.53251622399534
446,55,n04,0.7469214234975371,0.09559229342713858,111.01745740265773
446,55,n05,0.7531108505765629,0.1048098050638859,105.40418027722302
446,55,n06,0.7036824927441165,0.0761107309878979,100.1145676225747
446,55,n07,0.6322316304082267,0.09301934620834033,108.36968666704429
446,55,n08,0.6895270179667924,0.08621166317970513,116.4519774583154
446,55,n09,0.7031913752505103,0.08306945669102707,120.30129653808334
446,55,n10,0.672505371802642,0.08460383455978304,112.33720015153543
446,55,n11,0.7229594115997692,0.0625579475945671,88.78773814954455
446,55,n12,0.7550092375086046,0.07507325065159177,113.31469056085243
447,55,n00,0.7549198149989551,0.10085525524605837,103.25099969884057
447,55,n01,0.7155096121077904,0.07819275215147335,106.3780148909642
447,55,n02,0.7442353240306478,0.08697229438557423,113.41473524342027
447,55,n03,0.6942911821296174,0.06612144533601784,109.32491876804261
447,55,n04,0.7194035083550786,0.07849197938412739,108.17217250989655
447,55,n05,0.7154893242750637,0.08303893582596009,126.26872691418227
447,55,n06,0.7823293407699906,0.08729333139231032,108.00637735718323
447,55,n07,0.6771246392848069,0.09092831669930254,101.88610937299624
447,55,n08,0.6918825537225173,0.06977033650285726,99.79032365865221
447,55,n09,0.7928465585432296,0.0767221485783959,113.58585062635093
447,55,n10,0.7487360587880372,0.07829796290279814,112.47150273962782
447,55,n11,0.7017184951170953,0.0916987189198644,92.83077636928988
447,55,n12,0.7503013175900585,0.08340731611301258,117.27957952693137
448,56,n00,0.16832782799933144,0.030745014109652042,58.454510416894095
448,56,n01,0.27054095306037723,0.03771232527719728,44.33220497784314
448,56,n02,0.3016905873929636,0.036048890536370184,49.523672968675946
448,56,n03,0.3309246277444088,0.01117100582345958,32.245346692085604
448,56,n04,0.26918854252207153,0.028267807537261665,50.37278249564531
448,56,n05,0.29981779268524933,0.028917971641900585,45.79560379832202
448,56,n06,0.23412782144853234,0.041691339883300774,46.55547604872612
448,56,n07,0.21899856513151497,0.03616832903789255,40.99838776195157
448,56,n08,0.33874659054235845,0.026442043965813386,37.5630455405428
448,56,n09,0.22676227927668408,0.036155174367427594,46.229950544960715
448,56,n10,0.23532249003189434,0.03933156632899522,44.16867538698243
448,56,n11,0.2440243425967479,0.04292272980388523,38.18797139729613
448,56,n12,0.26844792601880696,0.033279844543753455,38.30461818407338
448,56,n13,0.29312200298656227,0.052850728674812615,56.39920690803815
449,56,n00,0.6405447412134119,0.0933805727840403,104.1192257234892
449,56,n01,0.6716884412035022,0.07327370685639477,104.76252118444343
449,56,n02,0.7045797074560535,0.0688654433135616,113.94737587816824
449,56,n03,0.7119579380660707,0.067845767118609,107.5626166973305
449,56,n04,0.7441900755673642,0.09890076776820034,118.96100677532883
449,56,n05,0.6388770071080452,0.09381748185128842,107.0579650812786
449,56,n06,0.6967658532036658,0.08178953143169168,103.46618581388162
449,56,n07,0.759381470655805,0.07807516183919286,100.96078013908664
449,56,n08,0.7999282041080973,0.06978764488843883,114.63195432149877
449,56,n09,0.7558624500875433,0.09104296570524006,94.3072833029301
449,56,n10,0.608379441239766,0.08373049698128984,95.02343769559496
449,56,n11,0.7175945011826855,0.07322862288146745,108.4398660125734
449,56,n12,0.7036837089617384,0.06233124911634261,121.5480106239425
449,56,n13,0.7966493014171873,0.06377560778579455,112.99574966239187
450,56,n00,0.2898769312396039,0.03924716150742894,44.22912030129624
450,56,n01,0.26735390222843614,0.041897902186274455,53.21269366307055
450,56,n02,0.23654359666345215,0.04735461368646307,39.6331977823264
450,56,n03,0.2692944845451616,0.021326985862893173,43.47862224426555
450,56,n04,0.2876001773393163,0.047453688813765056,47.162509430191136
450,56,n05,0.2241140034104226,0.027245198988782967,43.02318592713884
450,56,n06,0.2754406727804354,0.05558904677309512,44.91171201562163
450,56,n07,0.2656145904975915,0.05531376748416587,49.85343959445198
450,56,n08,0.23932537475763127,0.028250102612791338,41.414531969083704
450,56,n09,0.2553270433026201,0.0326309163043672,36.28216492640747
450,56,n10,0.30856959046696397,0.03318279287961546,31.879148783534074
450,56,n11,0.33206977452441777,0.04547583889611147,45.405993339473966
450,56,n12,0.24944554412310024,0.011262867743426708,38.559318537263756
450,56,n13,0.25140532323866,0.018972852708446335,39.617765983032776
451,56,n00,0.20932631014130879,0.03306340339266971,59.97037225774743
451,56,n01,0.26583750710929543,0.043325813298489724,58.573254017411145
451,56,n02,0.2723068623613872,0.009058432961421514,36.99462849829835
451,56,n03,0.22606489703542657,0.024735201945853838,55.5947717747585
451,56,n04,0.33453164809704344,0.02031944709606158,50.41042309639922
451,56,n05,0.15856516637436263,0.029978722643748793,32.453340880545994
451,56,n06,0.1502423010498966,0.028567329237471087,49.16761676645128
451,56,n07,0.20382731004106888,0.029712650343409384,40.942157913774366
451,56,n08,0.3480254269365094,0.03892838631259311,38.48112247201056
451,56,n09,0.2770560107600316,0.02662355501623438,31.209665220522957
451,56,n10,0.2940501890804999,0.016304636465110246,41.911187837963304
451,56,n11,0.25792073705397994,0.04898744508654586,35.79662494352705
451,56,n12,0.20356787308163854,0.033416462988830914,35.096621549638094
451,56,n13,0.27551101811292356,0.024081411837114073,47.107874901765534
452,56,n00,0.29634673457239447,0.01956885561657254,38.242024884193384
452,56,n01,0.22767473167120947,0.036356435397040456,42.05089125853176
452,56,n02,0.276980899395706,0.03596900382279397,35.16108253752855
452,56,n03,0.2177761839803909,0.037096564356337486,71.1885474342245
452,56,n04,0.31008768545934207,0.03860490381192551,50.905735816668845
452,56,n05,0.16042386364142525,0.022576512976781635,32.461262280176285
452,56,n06,0.15214086727014767,0.021476676116303075,33.40614220384006
452,56,n07,0.1451613726889902,0.03098529730269367,45.878828774185784
452,56,n08,0.20939190333671637,0.028052978889017074,54.630235594722656
452,56,n09,0.26465634812849415,0.029320774701896177,38.150851367982604
452,56,n10,0.34895883715007314,0.024711352309816602,42.73986920837473
452,56,n11,0.22605232406407683,0.017021275559199626,45.084646371367796
452,56,n12,0.3011405523629851,0.04226762196480055,53.115222998033005
452,56,n13,0.2667410040458531,0.012032736794578627,35.37727172401226
453,56,n00,0.2637642584154978,0.02936222493022647,37.93064755420476
453,56,n01,0.3412172218911614,0.01390291363454036,28.611574463031438
453,56,n02,0.24473599348222888,0.02962402345866212,34.722186649718566
453,56,n03,0.26473926257417235,0.04405141126357931,38.02689863779801
453,56,n04,0.2969523677359644,0.008556483990158112,42.08212684733404
453,56,n05,0.23610235963540757,0.02831917710493676,46.418397681872776
453,56,n06,0.245443169414588,0.03691535753954847,42.12349242134432
453,56,n07,0.24742522407452786,0.0336975008688023,45.790677321528165
453,56,n08,0.18310489058879503,0.04004921763348861,43.409075022703114
453,56,n09,0.2752575615190785,0.03128183021942693,50.134101285543935
453,56,n10,0.16366890914018029,0.030639400498159334,25.88261835449748
453,56,n11,0.24189410544778117,0.034755451344938446,47.5828062004437
453,56,n12,0.21290104728081757,0.035592197937994646,44.78686396936916
453,56,n13,0.30333610941958056,0.029986245983040654,45.80370205455417
454,56,n00,0.7033888419507605,0.06262145949787207,98.1228681576119
454,56,n01,0.7149296698139758,0.07102085136660724,108.34126633595987
454,56,n02,0.7246992810028122,0.06810122587292938,108.80830771546022
454,56,n03,0.6431064823526792,0.08953422809539792,111.05525974161704
454,56,n04,0.7182654147556394,0.07330810906324636,105.5354241248241
454,56,n05,0.7497557328340502,0.0767419725055137,113.81118187064064
454,56,n06,0.7277991219683468,0.06344491135453587,108.73787043353684
454,56,n07,0.7375318676013963,0.0739023378156706,109.78345059328753
454,56,n08,0.7315781143166354,0.07305994592535309,112.31704848174581
454,56,n09,0.6892392702999559,0.08935202778596119,106.10892797790414
454,56,n10,0.7364473848633439,0.06330516223931697,106.65092377550437
454,56,n11,0.7121013011406352,0.07608344118072417,110.48584429107281
454,56,n12,0.7413022508383416,0.07272264345350825,107.31192150940957
454,56,n13,0.6874000691853567,0.10102687500492394,104.89796953327243
455,56,n00,0.7175424762338877,0.07943811505991238,104.62020525972366
455,56,n01,0.7254501170452762,0.08754574462651057,127.42226137134476
455,56,n02,0.6768572669038098,0.09372103761687481,116.89526366228252
455,56,n03,0.7387473168371638,0.07884723948556877,104.43154333025902
455,56,n04,0.7013849967160487,0.09268628958508801,125.53958536088993
455,56,n05,0.7089662446772677,0.07581145619180413,102.38345886620384
455,56,n06,0.7087651494782566,0.08658041727989389,103.47175433621308
455,56,n07,0.7258147219472196,0.08627507494925722,112.06368247912303
455,56,n08,0.6655742138282493,0.08607932674438537,100.79567645694556
455,56,n09,0.8100685721640227,0.08532094443014714,116.81604954756074
455,56,n10,0.6781266467951553,0.090416949396787,94.88204649131225
455,56,n11,0.7182319342384726,0.07325402195536942,100.66826835386266
455,56,n12,0.7540288428696613,0.07010860215206666,107.99345455418063
455,56,n13,0.6894509060167143,0.0928768828024962,117.86243642817713
456,57,n00,0.757917510648164,0.06759082812858902,102.3215535046431
456,57,n01,0.7436849660097891,0.07092503665166289,117.24718585467383
456,57,n02,0.7512009263408631,0.09512926847064822,110.41613466525376
456,57,n03,0.646282155248956,0.07410140061647184,114.87180647285022
456,57,n04,0.7332717173713499,0.07717273174865404,120.47305043394569
456,57,n05,0.7462969339146002,0.08376855327519368,111.9143386038748
456,57,n06,0.7172676180201497,0.08635800795705512,101.01172160521698
456,57,n07,0.6793450490270884,0.0845534412689396,109.6943239337697
456,57,n08,0.7355472264667405,0.0783196253685152,98.5778024585976
456,57,n09,0.7345663613960673,0.0898979566892832,119.3884728621611
456,57,n10,0.6648746185761266,0.08103177215373662,102.14011924454006
456,57,n11,0.7291437307471735,0.08198155390143454,113.4589141258081
456,57,n12,0.7339045383457494,0.07498790277123325,118.57825064351464
456,57,n13,0.7621143396783224,0.0870554141385879,108.33191975333526
456,57,n14,0.6089771918479576,0.05289219759590387,104.17473742004383
456,57,n15,0.7134642676050588,0.08315173363122352,114.98834948871662
457,57,n00,0.6936116841569194,0.08509389133453768,114.55577239573182
457,57,n01,0.6981893437625794,0.06698491451983117,103.54170917147806
457,57,n02,0.730898499053821,0.09105867609958716,122.42186020101832
457,57,n03,0.7645189842027911,0.0697731587446212,118.94354450326843
457,57,n04,0.7716122216423892,0.07900365584490675,108.07610417722468
457,57,n05,0.7501139091747137,0.08314282164783467,94.4312923763859
457,57,n06,0.7807364370374623,0.08011057156804206,104.90188170861612
457,57,n07,0.7292348257058585,0.0842573196149059,123.5952545815924
457,57,n08,0.7417101556016352,0.07545118417343497,107.72356129560353
457,57,n09,0.7911819822839472,0.08087362889598983,108.3213615436489
457,57,n10,0.7299016042382254,0.08667814430034942,113.20872859971992
457,57,n11,0.7346537722389715,0.04257963617974894,105.23007127217736
457,57,n12,0.7617761337515048,0.059081220742687623,114.2098691965191
457,57,n13,0.764432905398333,0.07584031088368633,105.33050384676007
457,57,n14,0.6764518376851405,0.07420631307823915,115.65486506682784
457,57,n15,0.6544188560367717,0.08151399669676432,102.92224697349958
458,57,n00,0.7941995730933772,0.08584445206958899,108.30739558804214
458,57,n01,0.7186475743141183,0.07933981885356077,114.85964613643777
458,57,n02,0.6940676390207174,0.07110750082684134,103.76608523791865
458,57,n03,0.678654385422647,0.09594950948505408,110.07471261753707
458,57,n04,0.6917411268078726,0.0755984770361145,93.85869503897223
458,57,n05,0.7123997238864143,0.0807128384604248,109.1559187577098
458,57,n06,0.6946403815919904,0.08252536633941324,128.86770019008023
458,57,n07,0.6944991306019185,0.05955357041257965,110.10641329327271
458,57,n08,0.7593961304879862,0.10059651624244959,110.58161943345254
458,57,n09,0.6996235339011383,0.05578246868183753,108.89645358373329
458,57,n10,0.7535090824397987,0.0804093863981879,104.68647988828697
458,57,n11,0.7230821210131245,0.0850282308114363,121.53127474403986
458,57,n12,0.7176895728573552,0.08401244406911026,103.37712976616476
458,57,n13,0.7034297721400871,0.08693545636292042,105.90838882239575
458,57,n14,0.7614028592372107,0.06487627327087281,112.22979138481247
458,57,n15,0.6820818460395305,0.06771057300933453,111.39049568462275
459,57,n00,0.3496045576083459,0.019621986491135446,48.91312027116037
459,57,n01,0.29537838949018796,0.03006648358177367,55.304926964297366
459,57,n02,0.2593876463301314,0.020089295385901436,49.52459953634407
459,57,n03,0.2131322690272736,0.0,47.900753253861296
459,57,n04,0.24142599752981198,0.01514439888578759,72.710413590214
459,57,n05,0.32950322590185627,0.046162206455505894,50.42140826897543
459,57,n06,0.27968801159349727,0.037991281393787824,29.15749660404002
459,57,n07,0.21335866673373224,0.022581036966826895,42.10891821379443
459,57,n08,0.3021807816516883,0.005055821465099149,45.13590876408042
459,57,n09,0.24165862392702359,0.020043868348321232,45.41461803101612
459,57,n10,0.2558954230530659,0.04106622945386467,39.55318357751941
459,57,n11,0.24110234453675805,0.02416787977229963,50.62686448300944
459,57,n12,0.2409175600457608,0.03547490874153004,45.64634107221826
459,57,n13,0.1877218427711036,0.04043800269047175,45.07497166435868
459,57,n14,0.23480357920643138,0.024742346783495663,45.10980962580182
459,57,n15,0.3113055620708444,0.01978385288427132,39.5621322446292
460,57,n00,0.6751614718611726,0.08055107234517077,119.32680805193203
460,57,n01,0.767137398631778,0.07299765751562583,102.02997248970458
460,57,n02,0.749606081634048,0.06198153032970175,121.28129241592205
460,57,n03,0.7303546503730589,0.08958139416670619,113.39000845543266
460,57,n04,0.6453274626006295,0.08369250455270005,98.107084130349
460,57,n05,0.7391881378712994,0.085288393045857,122.61259866237367
460,57,n06,0.7250832982288242,0.08640458061545117,104.82320673119817
460,57,n07,0.764186684900049,0.07919823716967521,126.93416382624248
460,57,n08,0.6572087903024093,0.06784542775137613,105.60829342814662
460,57,n09,0.6454591521994711,0.07394827604001462,104.05300669447405
460,57,n10,0.7114610594935937,0.06991556045408073,119.61658158087876
460,57,n11,0.7386859701086472,0.08861636610719613,116.77081416687871
460,57,n12,0.7058575713502027,0.07565451175108531,104.3404861716743
460,57,n13,0.7374749152356763,0.08693322164405018,105.60653750671203
460,57,n14,0.702355060727538,0.07092575377631045,99.96916016673865
460,57,n15,0.713091266184197,0.07901451231503208,107.15557194277531
461,57,n00,0.21969786352047352,0.03266243477123039,43.140379704488474
461,57,n01,0.2840248930095119,0.027051665347232128,52.24658963398136
461,57,n02,0.26911686821537384,0.04693505241771668,42.35053799726799
461,57,n03,0.2419898351401293,0.04676192172686744,51.43413298074934
461,57,n04,0.23954256353064077,0.030837092405394867,44.23217324154784
461,57,n05,0.27307877389059954,0.042432474546685556,28.837879312774483
461,57,n06,0.28458218909919497,0.010507605682780793,47.00046199231568
461,57,n07,0.23683605304212135,0.01770487792682543,32.33112897799016
461,57,n08,0.16017569854095917,0.03866096530940651,53.478293022324216
461,57,n09,0.20173821636929248,0.01883318695142535,46.812937761438675
461,57,n10,0.2997000203217553,0.012808997541147619,58.635204152416826
461,57,n11,0.3060339715166382,0.023431022462706896,50.269633927197404
461,57,n12,0.3088717024400808,0.03814137702661985,37.17972586467404
461,57,n13,0.21598756760723828,0.02427389582525183,38.44914778928261
461,57,n14,0.24290199124255504,0.029456974057340442,54.33952875682081
461,57,n15,0.23968814678705547,0.043129632868841916,48.17700683532369
462,57,n00,0.7053833521724688,0.08042972180332336,102.17635881936762
462,57,n01,0.6831363033549295,0.09581538697253339,100.96560323698175
462,57,n02,0.6994010200515139,0.06454986177100097,109.70630561777189
462,57,n03,0.845965353525667,0.08469577943205327,121.74397462080375
462,57,n04,0.7041410677484706,0.06420949544177457,92.86513588782839
462,57,n05,0.706012353191429,0.10279265438023143,104.44401599202712
462,57,n06,0.6907683739849955,0.0687259847422356,104.54303408732629
462,57,n07,0.6767744120945028,0.07662010512051978,103.47853522370288
462,57,n08,0.680800843315853,0.08770738771720543,110.08310639258123
462,57,n09,0.7578364020588209,0.07570108988243252,95.3703755747388
462,57,n10,0.6338548642288073,0.08343757660091956,111.58792381358148
462,57,n11,0.7159250564282826,0.08443974469506778,99.76538235498363
462,57,n12,0.7192078684250456,0.08177939667424149,113.78650029306492
462,57,n13,0.7777281006474809,0.08820214055257694,100.5839935916976
462,57,n14,0.7191202703120337,0.07660570872601731,113.83091657314986
462,57,n15,0.6509322342336872,0.10624157541384799,100.2904524015159
463,57,n00,0.6633311858021057,0.06897619484960849,115.66388182061384
463,57,n01,0.7274168952777308,0.0839582538205356,114.00692648452222
463,57,n02,0.7216446235669783,0.08107402260001587,108.10816085012813
463,57,n03,0.731408566352093,0.09970286857493382,107.87682973893156
463,57,n04,0.8019181963161414,0.08139947628138876,124.62664423258607
463,57,n05,0.7429364625536901,0.08724502396882275,108.12823962994702
463,57,n06,0.7345752379338277,0.07838336232261403,110.14595493021925
463,57,n07,0.8168201845010064,0.0759316552655224,117.5670244319896
463,57,n08,0.6333498169444799,0.10773263733496054,119.4817897966083
463,57,n09,0.6674118995244258,0.07837247711732565,114.13998442181622
463,57,n10,0.6158298987255385,0.08545976407648556,96.71379438947594
463,57,n11,0.7404988626555016,0.09235269523554626,123.5138305905871
463,57,n12,0.7366887751222018,0.07379553761247233,107.09902242718086
463,57,n13,0.7249200862364628,0.0979539789622859,116.04041618902984
463,57,n14,0.7225529725868296,0.07843319126550513,94.72242606522634
463,57,n15,0.786771895528155,0.07693774139626908,106.6837795601335
464,58,n00,0.33290444486859616,0.04029378803536442,55.592064533084866
464,58,n01,0.24169110075827602,0.029019204459527558,53.605825595869305
464,58,n02,0.2426891525886348,0.04620992966060469,46.06064569370009
464,58,n03,0.28217094688501765,0.019443105406779113,49.229733233335836
464,58,n04,0.22292033885173357,0.017976474397525352,52.91000678956816
464,58,n05,0.233232941824797,0.0382705397262346,47.15959098722044
464,58,n06,0.31833417387969704,0.025920777705263374,51.08050761330189
464,58,n07,0.3326407899966679,0.037380677741732225,41.19111795271645
464,58,n08,0.2637197072834199,0.013575171086677114,38.29350722121867
464,58,n09,0.29268373631192124,0.030416246978152435,62.006895596460154
464,58,n10,0.22292668331801652,0.0362139855772852,46.81062300415511
465,58,n00,0.7622893932133851,0.05721401947138982,114.60998734667322
465,58,n01,0.7525160405673866,0.08890484670783126,117.88908222907092
465,58,n02,0.7080721815991786,0.06719984785862246,105.3196880340686
465,58,n03,0.7167095715497844,0.09823513633304144,118.66112582968
465,58,n04,0.7903487000903989,0.06608273417131096,115.28969493205598
465,58,n05,0.6661588044825699,0.09509487764048004,106.92357251964485
465,58,n06,0.7453349714185618,0.08836469417921756,104.78819093363589
465,58,n07,0.7475440068749817,0.09479574413411716,117.49844127103358
465,58,n08,0.7287488200889141,0.07226120450165081,111.55597198938474
465,58,n09,0.7002648708050458,0.09633894539565091,113.9854858294647
465,58,n10,0.74234314546099,0.08962284146298952,116.78528463588667
466,58,n00,0.25650581108183174,0.02181469172081371,42.4873679310743
466,58,n01,0.2135384921430231,0.027951615131076673,46.50919047938738
466,58,n02,0.2036216285959173,0.010134695595884174,43.67554634796513
466,58,n03,0.20908887439915996,0.037479631485418365,45.371904856988365
466,58,n04,0.24655240708356813,0.03476689257626557,37.425544446785324
466,58,n05,0.2887020699630064,0.040995995183498266,42.94213877187907
466,58,n06,0.2813032651998383,0.01258669154094012,51.11440475391052
466,58,n07,0.27858125413209217,0.03027751175072942,51.20964525895702
466,58,n08,0.18139058860537755,0.020557472496766243,49.25630794528129
466,58,n09,0.2626730341598724,0.04522604251411404,45.94761544385414
466,58,n10,0.2701431609179381,0.021323958179128737,45.31706419103472
467,58,n00,0.74575791015771,0.0900869878835351,101.1975444370201
467,58,n01,0.7714541703351259,0.05682281664107013,106.74497485610948
467,58,n02,0.7757149912890507,0.08075633965077184,116.4297361951079
467,58,n03,0.6415166770480745,0.10631416397240148,106.12472791684081
467,58,n04,0.6962063593903681,0.07825223264756818,94.98318154591493
467,58,n05,0.6165549972091997,0.08630386750607841,102.87697516057911
467,58,n06,0.7974311580384036,0.08689650207792977,108.00058541800111
467,58,n07,0.7236304733753377,0.07479734889647535,108.55163030026186
467,58,n08,0.7283409506697736,0.06784748181605671,109.14552301167124
467,58,n09,0.7049829685324651,0.06735730164119785,109.12845409719398
467,58,n10,0.696530881499572,0.09080667081149746,123.28381747582317
468,58,n00,0.30181153331788096,0.021465956891759876,41.12087780976011
468,58,n01,0.19644116977105425,0.0361372348236818,30.684172054155525
468,58,n02,0.2512757396749398,0.04153925148881247,50.09581946270701
468,58,n03,0.30338526814725686,0.02067795158032731,40.234881092551966
468,58,n04,0.22877240580357888,0.0547526427304405,40.61349864941267
468,58,n05,0.32140891621883094,0.027434639006113634,57.91876798295683
468,58,n06,0.23398536428087985,0.016348549154696,60.66957619554868
468,58,n07,0.19948259411827723,0.009786233184066174,50.962551073636575
468,58,n08,0.22658761134352512,0.038140048935649706,38.643836220309
468,58,n09,0.17755473815229833,0.03709070960197866,36.22060011522336
468,58,n10,0.23422785539006635,0.021828535943827276,45.08542808583533
469,58,n00,0.21382260263748007,0.030238015098519908,46.326269374075366
469,58,n01,0.2182431603418904,0.03992895291774958,46.78883790462338
469,58,n02,0.2615439698373506,0.020413096415935854,46.80609650753032
469,58,n03,0.2505688732837868,0.015372337111772732,39.40794223541413
469,58,n04,0.28510158065149654,0.03880996244493863,48.700716189399266
469,58,n05,0.27984310093410725,0.03127776507960245,60.26673867492505
469,58,n06,0.30319244833746073,0.027617050808979998,52.17498221083792
469,58,n07,0.23591149337321304,0.0375168505226843,30.577277756189794
469,58,n08,0.30898252148554534,0.04755115092398834,47.46112195994515
469,58,n09,0.314903974051852,0.01634939418436126,40.84441703485945
469,58,n10,0.29844645991253493,0.054206590605213684,31.676821618203107
470,58,n00,0.20662879586828398,0.03984888885334245,47.43760380594355
470,58,n01,0.1550779893659448,0.02322683769351619,39.422909469203454
470,58,n02,0.2946950503862531,0.035908556244437236,33.06821888359206
470,58,n03,0.2869150592899792,0.05001621968975439,50.99152077492089
470,58,n04,0.31938145520389116,0.031275533865658615,39.79549452355577
470,58,n05,0.19125352631455467,0.04935594563654719,39.759217628199416
470,58,n06,0.2344180495181404,0.03367078192147476,43.8181402213588
470,58,n07,0.2858238466275323,0.03446948904100359,38.24458385197553
470,58,n08,0.2128458752987274,0.03357126879914986,53.09167624451004
470,58,n09,0.32260145273321117,0.02671971156639001,43.96537745568015
470,58,n10,0.3439100506141638,0.0337623877699613,52.26335508977141
471,58,n00,0.22754564565671068,0.04710698893588865,33.09721461174999
471,58,n01,0.23832904374920097,0.03226348613940933,54.29294154723958
471,58,n02,0.1495246301107595,0.04371618077275759,52.26107337252673
471,58,n03,0.30985436142968414,0.022886811327029192,53.81626929015731
471,58,n04,0.22323661809207182,0.028797986350415458,49.344972412827396
471,58,n05,0.15858744014301762,0.03353260722488642,52.28265910288348
471,58,n06,0.2686035509677434,0.04470975837797789,71.3340931477934
471,58,n07,0.13791181019387205,0.022483495173347013,40.187569841879515
471,58,n08,0.27054446309485064,0.04729584107934075,29.982217819962557
471,58,n09,0.2575174990912419,0.05295899434801554,39.66444373136215
471,58,n10,0.23176268911127443,0.025426460288088062,42.23095329991353
472,59,n00,0.7156486299579081,0.08055593141399785,110.54317858522484
472,59,n01,0.826154393998996,0.08007837301043,113.1834734955198
472,59,n02,0.7199337109679413,0.06370889305279546,113.08235789724623
472,59,n03,0.7013499661180203,0.0676172015986582,118.3660140583652
472,59,n04,0.7984326676637097,0.08916200378703806,97.88934875869275
472,59,n05,0.6607131945676483,0.05983236575950779,116.98779930962674
472,59,n06,0.6965370231510898,0.10487626940997563,118.81692498490102
472,59,n07,0.7394248127550802,0.0774045267767927,124.36442989292672
472,59,n08,0.7435249639545789,0.08228491928018977,98.09291743125053
472,59,n09,0.7389728415579663,0.07792827641737632,105.63204352892775
472,59,n10,0.7645095290478199,0.08098331753001721,109.97391741808505
472,59,n11,0.7151939682247598,0.09463224481893324,101.53967636671688
472,59,n12,0.7128786723324367,0.09197267698368211,113.88413729185334
472,59,n13,0.7266820022882864,0.07947885899243062,103.07391508944528
472,59,n14,0.7205863204896855,0.07718525573784685,107.18365949010337
473,59,n00,0.2491510825650185,0.02739214625734389,42.501029611910404
473,59,n01,0.23508755145870683,0.030251527312209134,35.508031760398666
473,59,n02,0.23643352116552926,0.026344825660816487,40.168411022427534
473,59,n03,0.2537336360602392,0.029515809604673187,41.18132035445593
473,59,n04,0.22158741449764055,0.03313895711775167,52.189068988957224
473,59,n05,0.28366107791703443,0.01804341826627564,51.29248618145175
473,59,n06,0.2647891663898047,0.03633126857144146,47.497458086567335
473,59,n07,0.22420634434291548,0.026127045911412586,52.012880103497714
473,59,n08,0.18120386629887458,0.03254961838103127,59.426245614840795
473,59,n09,0.25930473741149396,0.043522957885474854,48.29105555973418
473,59,n10,0.2001935985383258,0.059660789857023944,42.783251651718274
473,59,n11,0.21770202037668532,0.018098544297596143,50.23286834921184
473,59,n12,0.25693315496852287,0.016631038093625712,40.75468664368275
473,59,n13,0.27382298832608615,0.034863946838430825,52.72280076928563
473,59,n14,0.27551315157026063,0.03640760582125316,43.682951911156565
474,59,n00,0.21605020831608487,0.015350696710678435,49.95327475623237
474,59,n01,0.2617515074103006,0.036858777038334255,55.1574918473246
474,59,n02,0.22425370528300473,0.03463191267578422,54.10294579112606
474,59,n03,0.16788083422429062,0.013259670786183179,46.21578168542245
474,59,n04,0.3287546481745124,0.010179275450237727,53.393922090705075
474,59,n05,0.22118093029852365,0.033026021075327476,52.409911273894714
474,59,n06,0.22438058276586345,0.021697762432562606,44.910778784309464
474,59,n07,0.29908202634036163,0.04245653392690474,38.00309062350697
474,59,n08,0.26833330448711024,0.034045425161319906,40.34646005719725
474,59,n09,0.2513538931673536,0.037695396176057265,54.91427657485534
474,59,n10,0.2697788310150868,0.03428914925290433,38.642745988268686
474,59,n11,0.15178949345981357,0.04188054407507167,56.36989774188048
474,59,n12,0.2393306433839104,0.027791365636458207,60.8799512543599
474,59,n13,0.26544816620403355,0.01570890524859967,43.53547440557654
474,59,n14,0.16708624492188834,0.022229545571704763,37.46957718131221
475,59,n00,0.23093614102446872,0.01152205298652878,52.95194896807351
475,59,n01,0.26602695940467486,0.006568619778821276,35.83885277375691
475,59,n02,0.21166735530423392,0.020533449510342625,60.30052335312371
475,59,n03,0.2706821919453801,0.003375761235414467,47.18480470902427
475,59,n04,0.23648236038826304,0.013592905256336971,47.69711480116651
475,59,n05,0.2416206397426503,0.023133230097189664,52.34458447286055
475,59,n06,0.23350842094831578,0.05028759426550909,36.09584085214877
475,59,n07,0.2583938486835334,0.03660622911253652,45.98633413027083
475,59,n08,0.27121125392118084,0.04373604159457743,46.914189018019066
475,59,n09,0.22460453957864146,0.02267495238937829,48.58414213321713
475,59,n10,0.3119819038408162,0.029776852457059997,38.24725530502618
475,59,n11,0.26611420369480104,0.03227489305639511,40.14346668023534
475,59,n12,0.2964134340710042,0.02524430698573124,57.790036681018265
475,59,n13,0.2429140657782822,0.04971316032957714,47.58589850844333
475,59,n14,0.18099352629587395,0.03734977358556562,34.49201694438085
476,59,n00,0.7418642726464335,0.08920945311538941,111.08551452955822
476,59,n01,0.6626187399547586,0.06508569605501584,95.50615271048333
476,59,n02,0.7118075267622049,0.07766345887481445,105.02169944571155
476,59,n03,0.7428791498940425,0.10063919064601473,122.41755135470525
476,59,n04,0.8422417338187547,0.07929176519881799,109.15375058829578
476,59,n05,0.7340454070596979,0.0937992916215279,105.78828775244993
476,59,n06,0.7560702918376734,0.06726166904532338,95.79814871916906
476,59,n07,0.6950971306554682,0.08125012149311685,102.61442686370988
476,59,n08,0.7841606821076295,0.051279401464257024,93.04368250855735
476,59,n09,0.6866722686958828,0.0961943310155243,117.65596057302582
476,59,n10,0.7235784445855549,0.08197445201188369,97.67076393196788
476,59,n11,0.7640881397225612,0.07889225380867754,108.03327436643093
476,59,n12,0.7581384730814797,0.07426787506218599,120.2458756638064
476,59,n13,0.7129028418861085,0.09413216958419936,113.91781628131959
476,59,n14,0.7175442031870447,0.07246594275715565,113.27653936268987
477,59,n00,0.2092173185661367,0.038704636566447834,52.71876567158934
477,59,n01,0.325372507536967,0.014798986487262192,38.139689333002515
477,59,n02,0.25953295505612184,0.031229550944549527,37.32923648473058
477,59,n03,0.24645585924654503,0.04790610221424067,41.97701027011856
477,59,n04,0.20090619345523794,0.0017502583918890015,39.490541063555206
477,59,n05,0.24478483008604676,0.0355844693370997,38.29010929612246
477,59,n06,0.2592663462494212,0.01618863126774088,36.30792931610655
477,59,n07,0.1223730502295167,0.03605256877220223,40.978595934591254
477,59,n08,0.21890626522387002,0.014659715829511413,42.713524104508224
477,59,n09,0.215068527874401,0.03519077823638914,43.5464597000775
477,59,n10,0.3020093249785233,0.03543454242679971,46.85596733248901
477,59,n11,0.18202745858869238,0.03880300354743324,47.970153985241694
477,59,n12,0.22001055396570207,0.017162672947893844,46.55738509312942
477,59,n13,0.2746515397680609,0.04666307062406599,35.446932294465284
477,59,n14,0.27890353546975344,0.012123859820057242,56.17897951168544
478,59,n00,0.7375060389061935,0.09231939634428146,97.69507672520444
478,59,n01,0.695581086416112,0.07671805386701336,109.49117188962012
478,59,n02,0.7446021809789332,0.07813859260629587,121.28015231906775
478,59,n03,0.6860881484033734,0.05674792042870884,102.21350797261528
478,59,n04,0.7402339313332303,0.08200391791663837,103.9945651098053
478,59,n05,0.7775991067226412,0.09625127946625936,95.6277493995723
478,59,n06,0.6763861538644542,0.08411128919548883,100.81484783770995
478,59,n07,0.7409048368012641,0.08643756621913645,117.81248315825394
478,59,n08,0.7965192428666753,0.08169920977878492,112.62290022611612
478,59,n09,0.7381811556608454,0.0733519349004959,111.28811267474354
478,59,n10,0.6387278928391357,0.07184455114702938,103.02685309191344
478,59,n11,0.7335447517977061,0.06975133513068148,111.1453449069634
478,59,n12,0.6455693240833251,0.07649977771532016,125.27063335061634
478,59,n13,0.7616059292035229,0.10272293161816422,119.17688010608266
478,59,n14,0.7346921589434501,0.06892895810292664,109.81612996235287
479,59,n00,0.7331542640892029,0.07197338730212827,119.0087342789945
479,59,n01,0.710713023363129,0.08206897731092676,109.64490510820642
479,59,n02,0.7170189922568487,0.07808395311424789,95.9721508221516
479,59,n03,0.6302053078895596,0.08559842718693408,113.63502662843392
479,59,n04,0.6499943457553776,0.07055422993690118,114.13246371957393
479,59,n05,0.7461610404422651,0.08857342272969476,116.10593889009459
479,59,n06,0.780661735800185,0.07770659071549536,120.3370944915111
479,59,n07,0.7278963276844336,0.0949803135196143,107.21813164177722
479,59,n08,0.661565720493817,0.0734713610549023,107.39419882402143
479,59,n09,0.6676072242593264,0.08861807603396438,111.01848154977766
479,59,n10,0.7768284959014202,0.06319048249021779,107.29904081943165
479,59,n11,0.6993761485008217,0.0686311578190546,98.36270318640973
479,59,n12,0.8406044852672029,0.06991086696549682,103.10370002173079
479,59,n13,0.6942775240123106,0.07249396920308578,102.51513724454462
479,59,n14,0.6973461699560232,0.08860658250528991,106.72653213044379
480,60,n00,0.17695962123599845,0.04840075797102958,45.4148550678399
480,60,n01,0.2797684118045462,0.034499946658321116,46.911815713184886
480,60,n02,0.18252114101297212,0.024045481936765364,42.87428958867549
480,60,n03,0.27015637100018236,0.039564843523208576,40.464292058253314
480,60,n04,0.2796963902458875,0.04242222228877507,55.437034691799894
480,60,n05,0.2762977649476263,0.03166261865705476,43.376413889309276
480,60,n06,0.2235048717541751,0.02841532929287558,41.47594005904451
480,60,n07,0.21833028222173095,0.03562052989302865,45.32600980273359
480,60,n08,0.22924000357995528,0.03404162834664441,55.08020651699887
480,60,n09,0.30253412066013097,0.030025994519884976,47.40739954649686
480,60,n10,0.22444842888138497,0.045005881909279476,48.598793367270744
480,60,n11,0.23590166199922546,0.015606520155253071,43.45266330595925
480,60,n12,0.21859004049478795,0.03336305623246944,46.733129721072245
480,60,n13,0.3329391251508063,0.029066410345383802,37.29103225428928
481,60,n00,0.7414256032448021,0.07680331982370295,119.00322033226448
481,60,n01,0.7165836723133033,0.08230560945406065,118.68968656055488
481,60,n02,0.6665541057358249,0.06514023426969648,112.30953644390169
481,60,n03,0.7070105844481628,0.08222928355460883,112.32958808590746
481,60,n04,0.7335870000807623,0.09847015611856112,125.84805683650498
481,60,n05,0.6991933448625425,0.07257511043058693,109.93904898997786
481,60,n06,0.7160426504985444,0.07640679330842168,106.8993990281266
481,60,n07,0.7497468503087604,0.09473932182674658,117.569053038946
481,60,n08,0.6699248667212834,0.08593520748397149,112.1451869351886
481,60,n09,0.7133824515451077,0.08559840081630132,121.71785445340343
481,60,n10,0.7331902785211234,0.08727606343140702,102.70034296579429
481,60,n11,0.6298447475987797,0.07822312168301176,104.12652901239346
481,60,n12,0.7549325826954209,0.07723169371433895,126.25420348066368
481,60,n13,0.6939335265682064,0.061327396777260984,109.61182612369326
482,60,n00,0.21013234003107145,0.035392130236690814,30.081956077174034
482,60,n01,0.2649596094111811,0.04105816722411586,53.489198976523625
482,60,n02,0.23263395010245322,0.051491125872489635,50.09195464013366
482,60,n03,0.21762897173143358,0.02203427230151777,29.891812242485724
482,60,n04,0.31856124438332084,0.027114196733717916,37.64872055501174
482,60,n05,0.26005583868791043,0.020232770627049798,32.152234144256106
482,60,n06,0.2318682875356746,0.046107046598211576,27.657267712681957
482,60,n07,0.2255539065348169,0.045562051932489064,51.729749978508224
482,60,n08,0.20686051987644222,0.03825095436015835,39.32887766322233
482,60,n09,0.21689553015223334,0.03802890279768255,37.04122337276129
482,60,n10,0.27889917881993326,0.03689769040820737,48.059342376893056
482,60,n11,0.21806490483987506,0.032943472806219246,37.83493160520684
482,60,n12,0.19877735830776225,0.029209270232545055,53.12117020436159
482,60,n13,0.1725513054631192,0.012634231738415928,53.8157112796458
483,60,n00,0.18604573627456222,0.04698950370861261,52.717270873089554
483,60,n01,0.2026986042522628,0.04438444570059711,40.850752019256745
483,60,n02,0.2643532443364851,0.004920230537160834,43.25761853759195
483,60,n03,0.19885929900115362,0.027983262020911497,55.569099134960126
483,60,n04,0.29606698120789016,0.04619507489733712,37.90771409021308
483,60,n05,0.19896280466979158,0.034660075815827016,44.16276406939381
483,60,n06,0.2783057615427073,0.025193697301222076,44.835459152353955
483,60,n07,0.19237809718444376,0.030130442299252106,32.87887842946788
483,60,n08,0.22584948858671694,0.01486022983474883,48.325937094652126
483,60,n09,0.23708152215498476,0.037499746467205886,36.08927743675825
483,60,n10,0.17024066784285535,0.02269681655962651,44.67137654614983
483,60,n11,0.20729895004030924,0.022745044836964688,43.2109270820017
483,60,n12,0.22499730672302612,0.0491197490838845,51.543235717432815
483,60,n13,0.24315684256204406,0.04289433206786266,33.49007981899488
484,60,n00,0.7204997440619533,0.1078734401146956,110.80382785931067
484,60,n01,0.7123625742214352,0.10186460968330449,110.8916602510367
484,60,n02,0.7659611732219227,0.0557919045285237,120.37073379944748
484,60,n03,0.7380572063192392,0.08260175811954076,111.72256286582531
484,60,n04,0.6902173156293844,0.06836663551154494,108.29402605379465
484,60,n05,0.7216042373146255,0.10804191975035925,105.23895424742362
484,60,n06,0.7268251841050051,0.0672068412503379,101.97459376718744
484,60,n07,0.7199531801770733,0.09937873911069849,100.21075976871228
484,60,n08,0.7049681466619259,0.10259605263733314,102.45395526200453
484,60,n09,0.6337340624880439,0.08231200899939713,117.70885929256593
484,60,n10,0.7559143885636941,0.0893617119550609,105.64971809987449
484,60,n11,0.6795492485200365,0.08861546557022816,97.39711230316097
484,60,n12,0.6697640283363397,0.06252122401140088,115.89141376858248
484,60,n13,0.8295576220361136,0.06682576329672921,104.35527199048616
485,60,n00,0.24050080981564928,0.03832170132360808,44.57424316728072
485,60,n01,0.2503710441057919,0.03370375387056641,41.51621319483736
485,60,n02,0.20419653877444024,0.0347929941846995,40.29760514807368
485,60,n03,0.27471485360964715,0.022161558543234136,50.35672439649399
485,60,n04,0.24063848201717755,0.021561289637579327,57.64602640139437
485,60,n05,0.2171723788649268,0.025395836014472862,59.57449166422517
485,60,n06,0.21229855146334672,0.028532559523402466,30.417120356447754
485,60,n07,0.29585673320050115,0.03925084718487036,53.14255577413708
485,60,n08,0.25027331522528,0.04817628535565781,42.462126998113916
485,60,n09,0.19547303294458354,0.027994214677209937,41.758559007205996
485,60,n10,0.2086810179938238,0.04196642306001276,47.96018985046072
485,60,n11,0.23381248804134871,0.025304279826433296,49.69739035173506
485,60,n12,0.2541372058883769,0.028759613033324496,43.54387799941573
485,60,n13,0.20931513578308053,0.03398236077263709,34.66983716619814
486,60,n00,0.7580999660779173,0.07520720618998354,105.65758975598519
486,60,n01,0.7337781395803257,0.09589666742626952,96.67591398987301
486,60,n02,0.6439281777566257,0.06867732856789051,116.80919110843737
486,60,n03,0.7550826362686361,0.06563674281344396,111.571459863278
486,60,n04,0.6958237703761189,0.061164360071855134,122.03298262822717
486,60,n05,0.6927088399292147,0.07711392839897557,102.42052190218546
486,60,n06,0.7611205970290175,0.07708647221511858,104.6794144557156
486,60,n07,0.5805431189330775,0.07659516014072262,100.00865837447033
486,60,n08,0.7550221672275954,0.07648215123273167,98.06506342657477
486,60,n09,0.7693541314482363,0.07526642237327787,117.80714242594492
486,60,n10,0.6979199404416593,0.09143134862040692,122.90616896416114
486,60,n11,0.6749049775393212,0.08581750368845349,109.50535154792283
486,60,n12,0.7341944821629541,0.08232807906719254,107.4645770355132
486,60,n13,0.6393956689854663,0.08553407711405728,90.47331864096684
487,60,n00,0.24401259710640313,0.01823090506336861,37.18345451210504
487,60,n01,0.2896856794794424,0.039917466269090984,35.3069844774206
487,60,n02,0.25712712453705705,0.031465981225125096,58.45950983681483
487,60,n03,0.2153685021926091,0.021853468891038022,44.159327138328024
487,60,n04,0.23152443234526726,0.04303646474922092,31.62391749756094
487,60,n05,0.2033945976244603,0.0328751341651515,42.956038972292774
487,60,n06,0.23250210841883964,0.04018680774148912,44.02672353848068
487,60,n07,0.188471927354096,0.035427431285430876,28.62297425641069
487,60,n08,0.2423587566122396,0.014483756826555297,48.33890674699372
487,60,n09,0.25785000095239763,0.04555223336616566,51.01211480329976
487,60,n10,0.21663793465621106,0.03021878826526313,59.81226525923876
487,60,n11,0.23081712112708158,0.016001439395686753,43.435647337016725
487,60,n12,0.3213784066306608,0.042757514402232154,49.00769136846098
487,60,n13,0.22284099142445238,0.0145812130452693,44.705806058328555
488,61,n00,0.6704419219112807,0.06806872963652866,115.07290898318912
488,61,n01,0.7691190882923523,0.06296411175520049,114.17243678210676
488,61,n02,0.7159626137723536,0.09275026857602775,137.54127993613304
488,61,n03,0.6297723765323708,0.05892364333756871,100.59886572272703
488,61,n04,0.6410137259165221,0.08452314224709892,113.48363973384322
488,61,n05,0.6926788446361751,0.06818740003662323,114.82042766845329
488,61,n06,0.7725324161222153,0.09323999565230744,105.52824057428445
488,61,n07,0.7555096913152962,0.059866071438097176,99.47590717282236
488,61,n08,0.7425050694016379,0.07317718900783284,98.28439008601976
488,61,n09,0.7432975798325497,0.07338260501374938,122.20470122926602
488,61,n10,0.6621892341067944,0.0893867578990751,111.42946357749733
489,61,n00,0.7300384863795173,0.07750133624471602,93.51473268843125
489,61,n01,0.7277433912831408,0.05821803633624383,104.90200363111705
489,61,n02,0.7799257319943544,0.0897960933965004,117.37136397230496
489,61,n03,0.744838692668226,0.09655537278524559,111.34250681694691
489,61,n04,0.7038083337314498,0.08502126187795679,101.42256335013892
489,61,n05,0.7396372651279237,0.07786521027896835,111.20124810092207
489,61,n06,0.6657755543794275,0.08014749259010563,106.80559621652417
489,61,n07,0.7937102064044061,0.0910328430200672,103.08433550470615
489,61,n08,0.6658994175574469,0.09841508615363159,124.89964743247671
489,61,n09,0.6507639552935625,0.07000420038170013,107.48150310085765
489,61,n10,0.7531073665667881,0.07557196918254008,117.36617290788918
490,61,n00,0.20426601034879718,0.0037094895591286495,40.982297961333614
490,61,n01,0.29215274668981706,0.035114124026664806,35.198199940622686
490,61,n02,0.25259346225434604,0.03587967802659503,50.20437228480925
490,61,n03,0.23066537934728856,0.03930438812070469,45.98516063289643
490,61,n04,0.2451634603752778,0.008955073479083552,56.11835982668025
490,61,n05,0.27502880196950646,0.05202514666098711,47.971397588977645
490,61,n06,0.3184151946800052,0.024844945412962113,66.31543063990448
490,61,n07,0.24583357299708922,0.02515772963429353,40.86855465983803
490,61,n08,0.2380871299309783,0.04848793843695827,61.34827881339031
490,61,n09,0.24795524784256867,0.0350317918951092,52.766346076660355
490,61,n10,0.27519122797603013,0.016846454319985257,47.35603824716095
491,61,n00,0.6974128940427023,0.08829569224195187,111.99936329229703
491,61,n01,0.6856604607196632,0.09137624140149303,115.8662552078195
491,61,n02,0.6893954770225986,0.10116542380128896,112.82044021445601
491,61,n03,0.7007179527047702,0.0669927311911274,113.19959515500767
491,61,n04,0.6657251315276639,0.0683740569727737,119.26764269847325
491,61,n05,0.759242545208516,0.06615208174210829,115.64617280093711
491,61,n06,0.6763221769853942,0.07088822501788225,119.6000322315889
491,61,n07,0.6931001400647625,0.07574918497281166,107.46229389412629
491,61,n08,0.6531711155106072,0.07521997166030527,102.53993482057864
491,61,n09,0.7445124351448168,0.08919095570975531,114.53199371574654
491,61,n10,0.7171975127068799,0.09479418833127135,97.60283276421929
492,61,n00,0.7485916027827044,0.09124632644229673,101.00583629217677
492,61,n01,0.7594072574022571,0.07383606326778835,118.62036489952608
492,61,n02,0.7068784732181161,0.09347916407481709,102.77198924478827
492,61,n03,0.677698067489165,0.09337292204254968,96.08194547077821
492,61,n04,0.7154712933629468,0.07342416145376453,94.2823553717471
492,61,n05,0.7456647620249175,0.07739392265588052,108.65869531693937
492,61,n06,0.7674910689740129,0.08185604078134853,105.50309532929477
492,61,n07,0.7470859604733442,0.08170526953335899,101.85821681249831
492,61,n08,0.7350787076033115,0.07736750953725746,104.77203059485112
492,61,n09,0.6789798979208325,0.08474030000544008,111.89628614489037
492,61,n10,0.763205265976478,0.07615495421357914,103.64087426493379
493,61,n00,0.20839586187798265,0.020500323262345698,49.522788362361794
493,61,n01,0.26065082535804274,0.04256719458712474,49.43370752497296
493,61,n02,0.24535790217695647,0.028488568420610174,43.988430015264015
493,61,n03,0.3107610339913621,0.05502451746715849,45.9436242691268
493,61,n04,0.26670014565512484,0.04142221057676844,47.29482997152008
493,61,n05,0.2670329350877249,0.020281883225160252,50.7310755161074
493,61,n06,0.30505309833371974,0.012031952718845877,47.67653984315735
493,61,n07,0.29674730523413856,0.03783304955906219,54.51712477441706
493,61,n08,0.2067940308593159,0.04635709838876879,45.00935915740065
493,61,n09,0.22875079831201517,0.03364351509759575,50.94106684458775
493,61,n10,0.1851196635176826,0.04182123629374858,54.48080007425011
494,61,n00,0.26830356051522647,0.010568891421565887,43.79629468525426
494,61,n01,0.2300638310809149,0.024920668606782923,63.48497433299204
494,61,n02,0.2621422987365547,0.02245302002825355,47.88593710591723
494,61,n03,0.24716195638735375,0.019188076901699304,53.20004055149191
494,61,n04,0.2667821195942113,0.04526264479812413,44.11710360587525
494,61,n05,0.2703914202662611,0.04367881929717951,53.91886726476778
494,61,n06,0.2841883804548873,0.0,34.46989290548997
494,61,n07,0.26194286589109567,0.006650093326435184,38.83087616665431
494,61,n08,0.22756296264184483,0.04582103622799741,36.20827679112563
494,61,n09,0.16382698792747147,0.04367022453789034,50.063761041996386
494,61,n10,0.32023562388837723,0.054468045024775126,60.191590220489104
495,61,n00,0.7324785127799052,0.08365492047502435,104.80868999139697
495,61,n01,0.7029156758326842,0.07826686641109899,111.61263256602389
495,61,n02,0.7120508794667473,0.08313373451113158,109.42578607644762
495,61,n03,0.7774352305073674,0.07445601230326598,122.904759730107
495,61,n04,0.6637070395279505,0.09580586030541023,91.3912167070974
495,61,n05,0.7534655195181706,0.08516409096678053,114.2901954611663
495,61,n06,0.7046701060328704,0.0697828184603376,109.97017119312794
495,61,n07,0.8020618425257099,0.08716705994304046,99.04369092328037
495,61,n08,0.6982810903088118,0.08614987540755482,115.19369023414683
495,61,n09,0.721197317112235,0.08735372401869895,108.43435608512989
495,61,n10,0.7740438756601037,0.08292888361814575,108.34135289268491
496,62,n00,0.15403593477178093,0.02412157043505354,37.34045261589971
496,62,n01,0.3028697648426494,0.0435177257175354,51.25438140189127
496,62,n02,0.28700472980568964,0.04873551584299719,48.23806707101072
496,62,n03,0.31437968109704906,0.02607032044917446,44.685646608385106
496,62,n04,0.28028608602807475,0.03627054614772942,39.70738323749511
496,62,n05,0.20964653785059648,0.00823421989311204,34.77896051091185
496,62,n06,0.264855735549156,0.027782175164726752,43.1467350381673
496,62,n07,0.20490086205287664,0.038325117906763906,28.078179700935696
496,62,n08,0.25527820203979845,0.0435776540253204,45.876212972028796
496,62,n09,0.24751700713320024,0.0,47.22140928093672
496,62,n10,0.1934146278274811,0.04186703589952595,43.313638472756786
496,62,n11,0.238003898092805,0.027426969757264375,55.9599972381381
496,62,n12,0.26919326939146904,0.029633710368927195,45.13287967623719
496,62,n13,0.1869734717337815,0.03429542095296759,45.75504830400172
496,62,n14,0.25496111298595164,0.03991826222840413,39.57905463234758
497,62,n00,0.24496832268013422,0.035053618414862014,51.3513950384933
497,62,n01,0.23481566580045696,0.04263119196533873,42.860693779046095
497,62,n02,0.23266284501090279,0.029638078552212035,41.01059210326846
497,62,n03,0.26483115717110245,0.023106167737177274,43.81691555743008
497,62,n04,0.30516782500635214,0.01533465578436207,40.86100506885173
497,62,n05,0.27568757570935093,0.039266934834310485,42.292288452985794
497,62,n06,0.20544905462239882,0.02086370212018484,37.14222545110576
497,62,n07,0.262802182864348,0.03362825222392685,39.96838158740961
497,62,n08,0.2420083024812321,0.023609300020687337,37.235269776018036
497,62,n09,0.21292620250882763,0.02892125794258107,51.661439537392276
497,62,n10,0.15440244092279318,0.027037976777346238,47.683076446289114
497,62,n11,0.2793958849037338,0.0283426483040354,47.97005754602077
497,62,n12,0.21832266851295126,0.024648885539587325,49.20245326131378
497,62,n13,0.19283304371918422,0.03450353727133494,36.21964365073312
497,62,n14,0.31163142370947744,0.033022694873265826,50.09867269235231
498,62,n00,0.20383528878515392,0.037786285216091654,49.524158851027664
498,62,n01,0.23835706981129087,0.01200185139842461,46.5365381095975
498,62,n02,0.17184404134300732,0.05208426434676091,56.73698684006294
498,62,n03,0.2536271565031553,0.021273737491386238,49.40888410028178
498,62,n04,0.23987929895729462,0.03548936172608261,55.10331169985787
498,62,n05,0.2999511424240755,0.04782576434284863,41.0330486100013
498,62,n06,0.26019477233270544,0.039940765311999166,58.2259765874691
498,62,n07,0.30015125776302953,0.025417681283783782,37.198586021478235
498,62,n08,0.17703984131318137,0.016132527752119534,38.85261039069973
498,62,n09,0.35774986985191654,0.044626511063177485,31.76314566421264
498,62,n10,0.26059689058885577,0.019673877251066632,35.25430306945806
498,62,n11,0.30686457350429636,0.04457966273314355,43.03894763092108
498,62,n12,0.22894529948831988,0.025308705986724397,43.809157031646365
498,62,n13,0.23525166641400796,0.04123118160906998,52.698314401071144
498,62,n14,0.3282602302990835,0.01862989294486886,46.16301801654829
499,62,n00,0.7320498499912781,0.07629835791246563,102.95761013891878
499,62,n01,0.7314870313844782,0.08597568498471692,108.23796370593608
499,62,n02,0.6728768099404462,0.11188187995550235,110.56308909598319
499,62,n03,0.7260192444856023,0.08762589041218255,110.42466439037287
499,62,n04,0.6714049644441247,0.07470765970938423,102.89195006094937
499,62,n05,0.76158534538154,0.0740839678176793,104.57733833142115
499,62,n06,0.6768238849619634,0.07884818198955845,115.22353322753314
499,62,n07,0.6091932396853466,0.08986019600338335,110.46976511076275
499,62,n08,0.692822537662083,0.07702877034471471,118.84541723671052
499,62,n09,0.682095443017763,0.07246609659145951,116.09928421385288
499,62,n10,0.6969521070220447,0.0795721220879548,120.03162789926995
499,62,n11,0.6287402838180555,0.08156717182474543,115.55153170296484
499,62,n12,0.7725983285680484,0.08665971618961084,99.7744875322524
499,62,n13,0.7235393795486996,0.08907862363666745,110.35638287881434
499,62,n14,0.7519410994306788,0.08628325681721422,117.6941047406923
500,62,n00,0.24968655780539886,0.02299230798607824,50.06179978122612
500,62,n01,0.30534983524758075,0.03409667290537638,42.91928148060954
500,62,n02,0.20312675799106217,0.033955434824893965,47.37681993315328
500,62,n03,0.24596500296003534,0.01354609902230279,41.72406218313056
500,62,n04,0.23180838779656648,0.019817640246838374,45.36749481740891
500,62,n05,0.2670617130078709,0.01855577589127229,45.642830598926224
500,62,n06,0.20586271170736328,0.020224487041356296,42.757478633760485
500,62,n07,0.3249477298301999,0.017099136479805273,34.26521294292301
500,62,n08,0.22098335005832312,0.033149915453795226,51.172705825236484
500,62,n09,0.26822748770230787,0.037920806973888735,49.809640859847136
500,62,n10,0.2700652498104917,0.012644479724837322,50.441174387771454
500,62,n11,0.22466831637146786,0.03330695963516302,44.603978045358375
500,62,n12,0.34336085358275886,0.043737104507756225,48.18367730232961
500,62,n13,0.2804919283922958,0.017822800660916613,46.481345577795004
500,62,n14,0.17654940631108457,0.017916106208154103,52.491209479933566
501,62,n00,0.27963282887798274,0.040934063548245,43.32681374067053
501,62,n01,0.3081173345480408,0.022713181366733837,44.61426885439471
501,62,n02,0.19963175309932776,0.007751736337149238,50.7241542238324
501,62,n03,0.17902966885373534,0.03684276406610953,46.16081807805741
501,62,n04,0.21256396607188516,0.012330545720420815,42.139740163148915
501,62,n05,0.23095122441004623,0.0007683468330121554,45.736520525716536
501,62,n06,0.2158786651579482,0.02992023881097528,40.43141587823128
501,62,n07,0.22831170537751372,0.034200013308698124,51.100454207513046
501,62,n08,0.2646969224400114,0.04021480608960937,56.39066048189164
501,62,n09,0.34271737639909217,0.018182483179558374,47.1492540942496
501,62,n10,0.21703034793697568,0.030018281103623985,51.82898140276897
501,62,n11,0.2552539277275259,0.01692292995013532,43.98855159114749
501,62,n12,0.27074510485544967,0.029824479847850617,45.597194779175
501,62,n13,0.2054536155860926,0.05012393569192759,40.008710418319055
501,62,n14,0.2033479637795235,0.021205698360362048,45.66302936926937
502,62,n00,0.2925298369949419,0.030445883556337906,50.626219562987124
502,62,n01,0.22349770061984037,0.035556479169882776,41.58160858057769
502,62,n02,0.27689589253665814,0.004138041931468366,46.67357392223063
502,62,n03,0.1909657129194991,0.026783393264373432,49.43511843072664
502,62,n04,0.3394286617792689,0.03504298312820716,48.70554037147799
502,62,n05,0.23585931895768258,0.049609340145120834,49.692840083726985
502,62,n06,0.327605616900517,0.0346432303050999,48.30879177648114
502,62,n07,0.21801219972115526,0.036902032307391905,45.898027218725765
502,62,n08,0.2194344736634742,0.054581789711013684,41.93279510054511
502,62,n09,0.20536583044007245,0.04374575323353777,46.86753951733411
502,62,n10,0.22986887360745129,0.035720266778765,46.85432218517158
502,62,n11,0.2495313505588207,0.040643295491422024,45.915575801391086
502,62,n12,0.3185724952832282,0.03991430476868341,55.6903928393708
502,62,n13,0.24425822947125483,0.03466370874898115,51.90633176917592
502,62,n14,0.25617359445849247,0.029920008596311404,43.635805979721546
503,62,n00,0.6911722569477021,0.06664820198368855,109.51683071461606
503,62,n01,0.7158651078714777,0.09114019539510952,109.57152922423381
503,62,n02,0.6788794288466528,0.0795266244633042,98.13331347304702
503,62,n03,0.7849162415314112,0.08397990648764991,118.41963660307643
503,62,n04,0.6251384587911477,0.06574611164207916,102.86341758472756
503,62,n05,0.6895516568247723,0.07901218518934822,112.61140145946324
503,62,n06,0.6941331321021028,0.08006471738509231,109.31296244067705
503,62,n07,0.7777624088672915,0.09574571871797802,105.06151542747008
503,62,n08,0.6425291389738965,0.06704324104465413,119.41045158739571
503,62,n09,0.6571961681764609,0.07207728695051807,104.25341162053954
503,62,n10,0.7485704316669066,0.10055356066634916,112.11219337421275
503,62,n11,0.6453935703480111,0.08497454452526122,104.47084403243693
503,62,n12,0.7324647358345087,0.07787033735168401,115.3929088136415
503,62,n13,0.6801671490417952,0.08415723046096503,107.57816103728034
503,62,n14,0.6926285872184398,0.06935954687705778,114.46306940413993
504,63,n00,0.6864922738921974,0.06788880536031867,111.48077323091766
504,63,n01,0.735912740442069,0.07238811067152512,102.05863808143823
504,63,n02,0.7758241588506715,0.08907540246343432,119.12921983998342
504,63,n03,0.7987404551795271,0.08722085781817421,107.83755503216022
504,63,n04,0.7859254705830419,0.078354315839347,104.84728443571314
504,63,n05,0.7317683657629201,0.08078251984679706,120.3957383168709
504,63,n06,0.716394649288195,0.08677352743069314,114.07294664467136
504,63,n07,0.6888452455239938,0.05998643317923097,115.43182005333068
504,63,n08,0.6391459320294219,0.10021719841941974,117.20393503250212
504,63,n09,0.7823334584841433,0.08294987059622039,114.619257491102
504,63,n10,0.7311670698419683,0.0644147578412661,122.57760620738846
504,63,n11,0.6721426232123666,0.07782238372532051,111.24763383715126
504,63,n12,0.7349423526802229,0.09954007642163314,109.54904031572123
505,63,n00,0.22015667458170712,0.01706991482258472,43.040709200894696
505,63,n01,0.24955707480868844,0.03523603425868896,53.31122523137287
505,63,n02,0.24675585944014336,0.03896255060893997,33.75669103645803
505,63,n03,0.30004536004906146,0.03329174659155696,37.476049075635125
505,63,n04,0.24100568125970964,0.04686449940649369,40.84008780019942
505,63,n05,0.3343188432482313,0.024763062944409178,41.63173989869238
505,63,n06,0.25813605254444894,0.02485275691915796,36.81226493963764
505,63,n07,0.25773578689092347,0.04122567297227073,37.43941650460108
505,63,n08,0.29141820337165314,0.010242523015118916,43.877526937773254
505,63,n09,0.20633651476548542,0.03181166835960026,44.636577103254226
505,63,n10,0.24767613484167017,0.04035184576945604,37.39557679373932
505,63,n11,0.3108685618186184,0.02889911985294172,30.452396629129687
505,63,n12,0.22358117088757073,0.05127397234808736,45.113185448715726
506,63,n00,0.2807892006106875,0.013755892765329725,47.62556794789936
506,63,n01,0.2136042643248427,0.019354331085048297,50.76211872439435
506,63,n02,0.14812578267097246,0.030561107277135027,38.18963529193695
506,63,n03,0.1675467890946844,0.03931956117891748,49.218021269719735
506,63,n04,0.26275529567662154,0.03878816031080479,37.527472569760675
506,63,n05,0.24059875165298902,0.013352517045102884,42.721440845061615
506,63,n06,0.26619840714560655,0.02782310086231461,47.55191574664619
506,63,n07,0.2366217778494076,0.027802221705989533,45.449937085656735
506,63,n08,0.26958267707713074,0.03398348996045154,45.780387238576864
506,63,n09,0.26006971775974386,0.03380265727611315,49.31598981919723
506,63,n10,0.34066770613437164,0.03941981316917101,36.81675079021004
506,63,n11,0.2000456087442702,0.013286334897404769,42.10955519770584
506,63,n12,0.16967603635105327,0.022200143262412396,57.9771275459212
507,63,n00,0.25595783617618584,0.0,33.724049663442074
507,63,n01,0.3598734541723637,0.04828492368101846,39.88358206657293
507,63,n02,0.1745460586712057,0.034869267417907246,44.2681243566762
507,63,n03,0.27327973918330517,0.025137073947620447,45.67047588292122
507,63,n04,0.24006474778928893,0.02971328215615491,49.42662910068694
507,63,n05,0.26604352231030154,0.0274407821140226,56.31134238213897
507,63,n06,0.22275465588690427,0.0367427232323335,27.028743512743013
507,63,n07,0.26118095496962523,0.0,46.021902073809585
507,63,n08,0.29974129486986795,0.013301930904105176,37.5597465031893
507,63,n09,0.24670998413240622,0.022434150152600196,40.854008546681186
507,63,n10,0.2232845684700286,0.03587030511395641,57.001535855060766
507,63,n11,0.25349965477661074,0.05253886142809465,55.175907536381274
507,63,n12,0.25265211155281697,0.04393618441078331,38.26947135321113
508,63,n00,0.6827733817552888,0.08629925779595093,99.60687609395592
508,63,n01,0.6903799221211461,0.06335787511325347,115.86250005847738
508,63,n02,0.6999277627517898,0.07850202215051481,101.58078617866313
508,63,n03,0.705517946547993,0.07441078561974082,97.67558378949283
508,63,n04,0.7373322842718131,0.08386807550540053,112.71989058509433
508,63,n05,0.7977583426310807,0.06820653068420768,100.14218964964803
508,63,n06,0.6508940980675482,0.07743337032760746,107.5699160036184
508,63,n07,0.8186685561971343,0.09042225049997266,114.50900515656541
508,63,n08,0.7165456691730379,0.06245290205480903,122.98408440813743
508,63,n09,0.7493254793447199,0.08709100790686401,115.26392556069794
508,63,n10,0.7220894359292278,0.10976925547562046,104.47612551703294
508,63,n11,0.6556681625034982,0.07990730046556101,111.69927392612922
508,63,n12,0.7091191349478915,0.08507956826468113,104.51338899378077
509,63,n00,0.742388856988286,0.06074065831440384,120.44216032510029
509,63,n01,0.7223704759729654,0.0787638484499409,114.0023757434307
509,63,n02,0.629942964850966,0.0764178051399429,108.23722561547665
509,63,n03,0.6784475929888749,0.07410137509426315,114.63837498600685
509,63,n04,0.7863964412367563,0.08084862723765335,97.3419192387475
509,63,n05,0.6652259259919695,0.04592337284460335,109.70770397851277
509,63,n06,0.8033354428713632,0.10586980334902554,100.8432654768029
509,63,n07,0.7389438326429633,0.0635872278115924,99.73495767614533
509,63,n08,0.7011787436914774,0.07093749988998628,110.97239882627902
509,63,n09,0.8090791456989345,0.06470511435410116,108.03459621797238
509,63,n10,0.8026804987816883,0.06887679868344895,98.79930868723454
509,63,n11,0.7271275440503108,0.07797822725698524,107.01392731800323
509,63,n12,0.7395879632206235,0.08595812625357803,109.90994833756245
510,63,n00,0.21597820363758136,0.03442374934879266,38.38349547029082
510,63,n01,0.2538857053697139,0.01070586221454644,34.557843884800775
510,63,n02,0.18018984626239418,0.03782752015105025,30.96543095101582
510,63,n03,0.23173067181075963,0.004415808084061862,39.33683598167248
510,63,n04,0.23913317922643587,0.010943572214943728,46.938823930080275
510,63,n05,0.23190171795067094,0.038037466987549146,34.366247908864494
510,63,n06,0.3352873767352271,0.03887154306914058,46.19635475235067
510,63,n07,0.2794148274321398,0.05051749108632445,44.72676780252597
510,63,n08,0.192025972393866,0.026483396835692286,55.752583084445654
510,63,n09,0.22775038695957192,0.03537340783372185,51.14579798609065
510,63,n10,0.25606138525588934,0.04968443973287034,43.10287623477218
510,63,n11,0.22661737161130951,0.0420611808544521,47.29514809156831
510,63,n12,0.24184350880838898,0.025867464744925052,45.41770268069218
511,63,n00,0.20798759275682682,0.03172757907087351,42.581254047644954
511,63,n01,0.2588561774713477,0.015293635060765545,44.960362080803435
511,63,n02,0.24169460467802611,0.037632871675073065,44.6118381365301
511,63,n03,0.19172753049864633,0.02291413491890734,53.463127290414874
511,63,n04,0.26252247606885837,0.014139512573284694,53.95522250419381
511,63,n05,0.2434262682206397,0.02177470783634265,55.455681993532735
511,63,n06,0.2892271236756814,0.045849634215755594,51.07388437261189
511,63,n07,0.2758984231674747,0.037255918988402956,54.29494397113946
511,63,n08,0.2673787538786445,0.035148745205113234,45.98423850251508
511,63,n09,0.2364996784645819,0.03785083411342901,48.45999602729563
511,63,n10,0.25879963718367144,0.026216931394090367,39.6679743110558
511,63,n11,0.31867672798026025,0.03846643713738705,39.020332783358995
511,63,n12,0.24810032259591344,0.017915571918108032,46.48588681928126
512,64,n00,0.7462918161660888,0.08435975478296569,118.55021188154217
512,64,n01,0.7820682126948227,0.09157041560923257,115.61151106703231
512,64,n02,0.7994475567240524,0.06562960831116255,115.08350655571418
512,64,n03,0.6984086973376153,0.0789468023745016,102.27834526904986
512,64,n04,0.7777883136429389,0.07458045373334615,106.67321719006517
512,64,n05,0.6696749785921124,0.1342878146301384,134.5376957473665
512,64,n06,0.7559115895711599,0.0799526490442059,117.10001218333002
512,64,n07,0.6349089594463612,0.07503228110191207,88.20663413176491
512,64,n08,0.6842498719083423,0.07041034500470304,116.16307212958735
512,64,n09,0.8041570317696398,0.08598291652091253,122.12201745202984
512,64,n10,0.7178440951158058,0.0683657311885519,103.22679818841408
512,64,n11,0.6928658780364512,0.0784902743866395,109.48428267970186
512,64,n12,0.7286346390234066,0.07747808523413581,117.17027207243355
512,64,n13,0.7221605550812734,0.05831567490858178,107.46606702041989
512,64,n14,0.7168041849776265,0.08606000874477258,106.22246217210002
513,64,n00,0.6424093517023389,0.10121267590949118,118.09018123401093
513,64,n01,0.7295698867814637,0.06317116071149984,99.41427934658844
513,64,n02,0.7080324748491299,0.08223251312898971,102.69152190058489
513,64,n03,0.793361490695249,0.06284961906983082,105.23674404773048
513,64,n04,0.7323912250058223,0.07671487564263035,104.53023969164525
513,64,n05,0.7172704369443154,0.0593588953149763,111.74477169913565
513,64,n06,0.7114004420147185,0.07241336237306795,97.94180479087782
513,64,n07,0.805061249255003,0.08685830655271867,120.5423849009937
513,64,n08,0.7597575510287998,0.06655755806222236,108.82001443883784
513,64,n09,0.702830466077833,0.0725354496750025,114.47089177156059
513,64,n10,0.8113851185072827,0.08550553173257337,124.12308026275076
513,64,n11,0.7856047352700184,0.07515629144817985,109.67831253080885
513,64,n12,0.7203519220603767,0.08874046310869678,113.08680157301103
513,64,n13,0.7297382409422905,0.08550130798974662,106.83691917779028
513,64,n14,0.6942099259300717,0.08680591033113912,118.05756424378065
514,64,n00,0.7673157644085137,0.06648579461635098,106.87872956673043
514,64,n01,0.7032858338745379,0.08593451149119094,123.16821123016119
514,64,n02,0.7596054019628722,0.08224324776563795,111.25805160228037
514,64,n03,0.7599996594940027,0.09398428048630819,113.07423010443318
514,64,n04,0.6832522629150376,0.08926627207211865,113.026180425559
514,64,n05,0.686953449968443,0.08335530460138796,110.26138863472782
514,64,n06,0.8025881798736869,0.07268618567178112,108.91151275242407
514,64,n07,0.7683193028163411,0.08482506348246545,95.68306859453925
514,64,n08,0.8175723276922834,0.0696244753851317,101.03908571531949
514,64,n09,0.8018387326075279,0.07343285319295072,104.87756282407112
514,64,n10,0.7281237857503802,0.08410900338348089,102.41946520904237
514,64,n11,0.7571181640421943,0.09025920569689055,106.58638385120038
514,64,n12,0.6733536565455166,0.08189496147215837,102.83693779831962
514,64,n13,0.7376081635172665,0.07840795457614219,106.49482489322027
514,64,n14,0.6597976557712731,0.07073139063023608,99.47410347759693
515,64,n00,0.7109860819557684,0.07058502420291023,121.06109633228041
515,64,n01,0.7579348579828893,0.07685521240988209,113.83210268361748
515,64,n02,0.7468065691402639,0.07244471617380696,115.14909009615006
515,64,n03,0.6894814695933552,0.09401046925775103,112.10862604164696
515,64,n04,0.7671941252443222,0.08572312811239632,110.9786557409447
515,64,n05,0.6933459268007981,0.09193135716484155,106.53761169246287
515,64,n06,0.6967629328693723,0.07100210900915047,116.12146417234906
515,64,n07,0.7301546540102422,0.08572912114231289,112.43671166910686
515,64,n08,0.8030104342932765,0.07987052029253378,104.35532197247174
515,64,n09,0.7801704570610811,0.10809037622671588,116.54679402381845
515,64,n10,0.7438211926784067,0.09094166965309207,100.69989578567512
515,64,n11,0.7508321873721623,0.06958663032742926,123.36561482697321
515,64,n12,0.7125545441551473,0.0828914268563766,101.817538321423
515,64,n13,0.727229620326413,0.06763283025403459,107.67107602374895
515,64,n14,0.7323185610605543,0.07277403323502465,118.1116797550568
516,64,n00,0.7592843231450347,0.09112374019368322,110.24010250009958
516,64,n01,0.6567271003439422,0.07025327773513632,87.40278252314307
516,64,n02,0.7544412531632786,0.07563421024550089,104.47602840066607
516,64,n03,0.658360903198536,0.09926614140195646,102.84854067546506
516,64,n04,0.6679966091304579,0.0637198089091583,102.2153614055097
516,64,n05,0.7414102277149134,0.08719560318552749,109.69764454406746
516,64,n06,0.7352857387312042,0.07736325996601423,111.81122137796517
516,64,n07,0.7271476877525299,0.09977637418883968,100.72983630698738
516,64,n08,0.6410441970735686,0.07464795229153709,107.88358820819437
516,64,n09,0.7455021685384974,0.0589503019481559,109.47096836049172
516,64,n10,0.7727189505931367,0.08406096784787287,114.82300826451339
516,64,n11,0.7023336964441785,0.08504870878943344,111.24126119568803
516,64,n12,0.6951956981378457,0.0746046405731032,112.55916607406986
516,64,n13,0.7370900903314839,0.07517726416969583,108.9014980407971
516,64,n14,0.6761145790536034,0.07795432997696937,99.91463886388323
517,64,n00,0.796189256506763,0.0948020481882779,105.15983668096806
517,64,n01,0.7136984848903624,0.055570632352785726,106.7528335248181
517,64,n02,0.6843348027767215,0.06449966575168578,121.58657791393516
517,64,n03,0.7497372016414567,0.08199959850585585,118.04417799409654
517,64,n04,0.6732047727817085,0.10218013777331415,114.20116892745837
517,64,n05,0.7423157962824147,0.10424865136204381,114.126029772821
517,64,n06,0.8186086878842525,0.055597847397778594,102.32643534677813
517,64,n07,0.6744858925007856,0.08381139182403638,108.63890191477364
517,64,n08,0.6323967641784737,0.07613309725794214,107.93336381782883
517,64,n09,0.7737716557531819,0.08083120830969127,108.16121803672146
517,64,n10,0.6824951250705854,0.05210071262204312,117.23913869129687
517,64,n11,0.7545407721093901,0.06668477304528173,103.62689110629107
517,64,n12,0.6848869235207788,0.07900127289672758,102.19826130325796
517,64,n13,0.8193456464529081,0.08951386245910686,111.5976706844619
517,64,n14,0.6853682920363828,0.07495992550378848,128.37597301649603
518,64,n00,0.3031564831662609,0.007335869363937184,46.52121586906086
518,64,n01,0.10616620606915633,0.045418030461213815,35.85437771917
518,64,n02,0.25990706361832067,0.02650603310153689,52.140344288057506
518,64,n03,0.21870569693656555,0.04267174909961191,22.345568016026334
518,64,n04,0.23507717007689236,0.01187444338253665,47.663915366174855
518,64,n05,0.3744586862658129,0.05658095154036986,39.6136229669203
518,64,n06,0.27337090172680145,0.013103486542764328,38.7882711299209
518,64,n07,0.2637993853446351,0.028760048678062658,54.50327377094749
518,64,n08,0.2415236204473584,0.02320271109455933,49.6847884480118
518,64,n09,0.24521601838410315,0.01169588327370074,57.35032613530529
518,64,n10,0.23329563726394126,0.06636026200294065,47.11185574559196
518,64,n11,0.2154912464901277,0.035551805413706436,36.87468859897171
518,64,n12,0.1324687864660939,0.038087632804983604,35.53737626140944
518,64,n13,0.27185722409515434,0.03019799403143105,47.455159930249245
518,64,n14,0.2720864463635591,0.026579848799703657,50.352152222629115
519,64,n00,0.285584058220097,0.03324592610302498,43.00609715013379
519,64,n01,0.380148755803396,0.015046862507161725,39.26015909783414
519,64,n02,0.1821058350612066,0.03329210570328248,49.75751311541289
519,64,n03,0.26462626119788,0.037532922833362715,45.85519815317014
519,64,n04,0.2727485292049618,0.028926079754203155,50.95563932535914
519,64,n05,0.22568621616620316,0.038294133555782164,44.956709090863974
519,64,n06,0.18302663287729806,0.04480304709252165,58.46501031600549
519,64,n07,0.25853588406734346,0.01079384764015261,38.216518472935164
519,64,n08,0.2714816510709802,0.02813602438202011,31.93397021604959
519,64,n09,0.22008646626197279,0.023661911082186404,43.7811053309582
519,64,n10,0.23604990743858867,0.023247150521374438,47.5072880909957
519,64,n11,0.3052735280495136,0.02972463564225471,39.525311046864694
519,64,n12,0.2447297073100511,0.035846924116447874,60.7558260577828
519,64,n13,0.2626348345499849,0.024818935470366746,44.500517473903265
519,64,n14,0.20140987110149824,0.041549255415272185,39.37706514956092
520,65,n00,0.2652819942981533,0.035044273111568026,39.01181548244874
520,65,n01,0.2400260450314785,0.03382113451786123,40.333898443488714
520,65,n02,0.27548990797176276,0.04699576487063339,38.09218723094667
520,65,n03,0.29833455370942363,0.022453220739037785,50.16743143168213
520,65,n04,0.33050405087629714,0.03724561044620093,40.378931259646116
520,65,n05,0.26332840411366115,0.03006011391958497,32.03695498211101
520,65,n06,0.18814641709206856,0.05447515516865277,43.120033758040904
520,65,n07,0.21755867506624618,0.02227119469134415,54.36278908702944
520,65,n08,0.16034210962847556,0.05307813907012497,60.213679403424955
520,65,n09,0.26615422734751104,0.04969432905851503,33.70844604191639
520,65,n10,0.25215733952028174,0.038510445736158944,39.007444745877066
520,65,n11,0.28055026141507283,0.04050209234730559,55.52570409853219
520,65,n12,0.2358181915298386,0.03776651787795278,36.938500592781025
520,65,n13,0.26093073574356407,0.01972459326016586,43.56949494164769
520,65,n14,0.23239912925650766,0.003588497913381925,46.62581812790879
521,65,n00,0.25661270803578073,0.04425258218353558,48.868885673654155
521,65,n01,0.2414444526625426,0.025103948962195234,42.80300454839762
521,65,n02,0.24334064755055063,0.022318123887677118,40.1919834697952
521,65,n03,0.3223842719574218,0.03403504371059861,38.421314304651105
521,65,n04,0.20809890957380447,0.042198423783320685,54.98314804850804
521,65,n05,0.25118984705806996,0.04333821767422427,46.84594331022059
521,65,n06,0.24343484819237493,0.023690065557532218,47.83239001922906
521,65,n07,0.30028419002298207,0.012636489082560005,30.14592257254172
521,65,n08,0.1830011831322671,0.032580525286704194,39.82197695971134
521,65,n09,0.26279666944859115,0.05265207922488434,43.37018975036434
521,65,n10,0.20243074492651295,0.02321725023447318,47.419371132139574
521,65,n11,0.2620984493905822,0.014563368648967694,42.531749545349165
521,65,n12,0.27359804554536216,0.02118778729666372,54.59656683956622
521,65,n13,0.2206013153750615,0.022944857773021125,44.99500416788313
521,65,n14,0.28502601056268084,0.03508945555540898,43.54741953081773
522,65,n00,0.2587664038801969,0.024794868038984893,50.07472467898045
522,65,n01,0.23562198439545143,0.04865632384858831,44.69204591654448
522,65,n02,0.21593022950193136,0.04914392087032957,31.13231511224185
522,65,n03,0.26692509134623316,0.021353838493751644,36.145715932940206
522,65,n04,0.2669320235338927,0.03752310032762465,42.884336909442155
522,65,n05,0.23680288161803045,0.017470767360345696,50.42914352454059
522,65,n06,0.21973017664999264,0.012315307263667051,42.26105830244272
522,65,n07,0.25282706081078254,0.026964961982562107,37.83516221435405
522,65,n08,0.28841982696929974,0.01760111839932136,41.401883791765165
522,65,n09,0.27581188264383366,0.01750859501116306,46.83999469773656
522,65,n10,0.3348558383727579,0.057164840421372445,40.62378590572951
522,65,n11,0.3412081353620654,0.03233191829589461,37.05350902463852
522,65,n12,0.1898851901811677,0.04731974480105865,38.26194683786843
522,65,n13,0.16870206173635405,0.029220040096205373,55.58040322875932
522,65,n14,0.14815957673899535,0.034434101040933834,42.96540599774965
523,65,n00,0.24474860097611553,0.03362698115780347,51.88590700969949
523,65,n01,0.2739852674995495,0.03791775596642943,44.552056702954744
523,65,n02,0.24969370193891002,0.03431533336317728,34.30670294840453
523,65,n03,0.3487605671378612,0.034654761703261865,53.687555825447234
523,65,n04,0.2590199175728767,0.03449716483655669,40.62692998412107
523,65,n05,0.20781406998171287,0.020373864845474588,49.74725667483732
523,65,n06,0.30358260338422544,0.057686363602696536,36.580518627133046
523,65,n07,0.27575477516626984,0.037875421179149854,34.36233571520952
523,65,n08,0.33139890368132047,0.005312757493456749,45.2722739678419
523,65,n09,0.20675043441249857,0.048432572604290736,45.23027668242854
523,65,n10,0.19694685531647296,0.04288539514149401,45.182662392749805
523,65,n11,0.3480714922616366,0.02778618224262532,39.80814646017086
523,65,n12,0.21200499206888576,0.02478469324360944,38.444828074422794
523,65,n13,0.24875013015225395,0.05195025669188513,37.22943809426256
523,65,n14,0.22150238613478987,0.039217461011138974,40.44565182798172
524,65,n00,0.6732266231303043,0.08688038722025752,119.64835092844761
524,65,n01,0.7839914166432036,0.09029933233770654,106.44931825052713
524,65,n02,0.6587313068884971,0.056073653934001204,99.39552097616432
524,65,n03,0.7977791557157028,0.09575450698147654,110.34102097206626
524,65,n04,0.6699112032242501,0.07374715611154137,111.32592912015255
524,65,n05,0.6963696490662128,0.07385819631500612,111.48301300516088
524,65,n06,0.7574577210071787,0.07194862975707352,105.82164544545563
524,65,n07,0.7637594932954361,0.07027581091795043,96.26935728761977
524,65,n08,0.7705350417509448,0.08547338885314841,103.61494745119045
524,65,n09,0.7347671068345185,0.08773077609484455,102.17088928998649
524,65,n10,0.7382248997667461,0.07682507830215951,113.19339156011684
524,65,n11,0.6738279182980405,0.0744998761969258,112.06829184362387
524,65,n12,0.7306417663016419,0.06725035711709244,93.93039627952562
524,65,n13,0.7056369969901736,0.06165497998902332,106.15465428590808
524,65,n14,0.7310247211637119,0.09208022424827644,95.74170568381433
525,65,n00,0.16124942322448346,0.04069389671527028,54.23632290183188
525,65,n01,0.26327126307794263,0.02569641574132226,41.299386936564666
525,65,n02,0.22485697070381983,0.023398705719852912,51.280924247269404
525,65,n03,0.3101442921313319,0.03017814952670742,32.92871551250839
525,65,n04,0.21024398824672832,0.012221953219021732,29.94098133070634
525,65,n05,0.34268722757306347,0.03546725975303823,45.463404636985835
525,65,n06,0.23781626365858077,0.03658677376991078,45.937215711235545
525,65,n07,0.30310507011222565,0.04203251928879725,44.32661496239357
525,65,n08,0.20752490679481939,0.03304460435439791,43.996899405852176
525,65,n09,0.24180787903058387,0.0054710257072730535,41.67103107212739
525,65,n10,0.30336568047707824,0.050710688241543324,22.617000324319445
525,65,n11,0.20481409082928018,0.02130440751398896,31.992026413034445
525,65,n12,0.24927574712585426,0.01323046713362222,51.26984535682218
525,65,n13,0.2921184792913275,0.040113442670054365,34.41718061446822
525,65,n14,0.27061209750982473,0.020921494968407978,33.06097869969852
526,65,n00,0.28394468988976546,0.007112090111624184,49.05001894767639
526,65,n01,0.21609113638596777,0.04981048650108412,34.41589422332257
526,65,n02,0.24272587450720925,0.01578406961266897,47.3615990537802
526,65,n03,0.2164085007235381,0.04040259005155293,46.89640399344574
526,65,n04,0.29427498539289293,0.03994059929380246,27.02323031165098
526,65,n05,0.22403106130624495,0.0361853531517467,41.72185093462149
526,65,n06,0.2946806337691309,0.04723767965431713,51.54035774873037
526,65,n07,0.24164722945819686,0.022878996030617556,43.990437307737594
526,65,n08,0.25078296681440043,0.04394497805349886,44.88045206618926
526,65,n09,0.2630953360308342,0.027628594514265328,38.38906399559929
526,65,n10,0.2672773695538323,0.05094366073532869,33.40565711776025
526,65,n11,0.17159611363715715,0.03938304257147821,32.74803870108624
526,65,n12,0.31894198259089684,0.018009916977591803,51.30502993221596
526,65,n13,0.24467928943346362,0.025401008976664644,47.953820118047354
526,65,n14,0.18999498910492496,0.024484649725018983,52.30280731039953
527,65,n00,0.7633140026840135,0.06690296058694936,104.993583796111
527,65,n01,0.7180829813575267,0.10169532147485041,112.8868681698049
527,65,n02,0.834099734264306,0.07416574863794287,115.74477804659374
527,65,n03,0.7606501212563492,0.08374656352223835,101.44916291090834
527,65,n04,0.6875947075312703,0.10085348706752296,101.81619767425585
527,65,n05,0.6719203261806876,0.057107960126304064,108.89137723241754
527,65,n06,0.756809332093877,0.0825284049839909,95.64572947555013
527,65,n07,0.7513695056196374,0.06760462782111976,106.13162063447595
527,65,n08,0.7414852541145301,0.06444533998131036,112.06562773497775
527,65,n09,0.7465185268689285,0.07633456736749215,95.40221060854594
527,65,n10,0.7139382761274408,0.08690319343908189,108.55940550384221
527,65,n11,0.724223520312716,0.1019358476593427,114.58658492305021
527,65,n12,0.7561577039652226,0.09043952235459929,103.57983642645843
527,65,n13,0.6842406428492287,0.08117878381623117,103.05671893812793
527,65,n14,0.6700585375809388,0.06472124179219244,108.98854851431182
528,66,n00,0.21907075451682018,0.020592318974637064,46.4112069705925
528,66,n01,0.2597932037840164,0.03844090092962029,48.63374133779923
528,66,n02,0.25791410769484435,0.04521706851242377,48.44513944621619
528,66,n03,0.2967293441291711,0.02594116143711206,31.12946486821086
528,66,n04,0.2999088071865452,0.04246103836862274,51.89263868862103
528,66,n05,0.3064068250623857,0.017132313603521507,39.560859854628625
528,66,n06,0.19626791980720237,0.05769271875629165,40.15500014141056
528,66,n07,0.26668045399703005,0.035268336721551746,47.29004377897684
528,66,n08,0.24769090402986388,0.04133968348488488,37.11589534689775
528,66,n09,0.16659238178966612,0.039346998379564097,46.49174237348378
528,66,n10,0.22066904069586876,0.03702298430644494,46.02693569118267
528,66,n11,0.21378828298401234,0.045390763285169854,40.65180946092693
528,66,n12,0.29030520560022954,0.03791427447548506,44.08852484501771
529,66,n00,0.7473672521695574,0.06344112997376652,114.08704623876758
529,66,n01,0.7369938333898234,0.07445899739563198,101.90618410879799
529,66,n02,0.7862096948254257,0.0824184736348859,101.85058283989997
529,66,n03,0.795305585389677,0.08675423372062563,105.89336187750288
529,66,n04,0.6443080995579119,0.07174410147495461,109.97198282603321
529,66,n05,0.7653580489712603,0.0861698668006203,120.63776787695221
529,66,n06,0.7323708646731281,0.07989103829771872,102.55289565358571
529,66,n07,0.7356080327961891,0.06687349996187016,103.4801662887849
529,66,n08,0.7362900095431261,0.08710291797124248,96.61255583823446
529,66,n09,0.7140165791215543,0.0772995475372383,113.30065224917291
529,66,n10,0.7073860764717994,0.0782035447660466,108.88504543643994
529,66,n11,0.7357535392911131,0.07842621186591343,121.92720965756585
529,66,n12,0.7094859462721059,0.08189759868173338,96.4483482839755
530,66,n00,0.2303589663953276,0.017315174613371863,40.0044517792969
530,66,n01,0.14994664361897236,0.009986115204979672,38.008433340371354
530,66,n02,0.26514303979532544,0.035450259668280346,38.327428180733754
530,66,n03,0.21288906299754984,0.03008842435545903,48.12490909927097
530,66,n04,0.3040708582797103,0.02382930932594306,44.748446938403035
530,66,n05,0.2530778698134036,0.0,47.173587351860725
530,66,n06,0.2634085811523076,0.03301466375828166,39.92893424640386
530,66,n07,0.29443087249814903,0.023837775464632442,44.45200475436923
530,66,n08,0.2651454380334804,0.02467512044199298,50.08300302842674
530,66,n09,0.16187962648699009,0.04225513807774151,56.3958156410221
530,66,n10,0.2577421084048769,0.030775138999056355,41.94499610090266
530,66,n11,0.30350326835843616,0.04281707438097175,43.20399764827205
530,66,n12,0.26004934147149716,0.010936101263030674,37.159342467768155
531,66,n00,0.32331724632578884,0.04721914461837029,49.6379128101756
531,66,n01,0.2729469481442929,0.02446401240126435,46.43010316980829
531,66,n02,0.22320872327488378,0.033455645587754324,41.34350944393766
531,66,n03,0.30556146948023916,0.033283789096333644,40.62113951728221
531,66,n04,0.22478745309975004,0.0394647831494678,38.60894372135602
531,66,n05,0.22481971315424057,0.0379481326338032,41.83253735708112
531,66,n06,0.2689402607605291,0.03223499873096433,39.65194732698966
531,66,n07,0.21039992514849537,0.0249718670248482,44.65394114370749
531,66,n08,0.21157279755371824,0.025120108008441354,50.067161399704766
531,66,n09,0.26536977486087043,0.026458316576861794,32.14545978918167
531,66,n10,0.24894285845583822,0.023914632278858056,45.61198445549245
531,66,n11,0.21159429431847288,0.04701904358855437,54.54169686485979
531,66,n12,0.2334889183401106,0.03947471750151738,55.46882124796608
532,66,n00,0.6101038365638414,0.09077770539143591,114.0687264068938
532,66,n01,0.6618912729887142,0.08704922136163472,110.22669238162524
532,66,n02,0.6976442922392413,0.08572541296593042,105.02589103999522
532,66,n03,0.7083356150543636,0.07971060985551,97.77390008094075
532,66,n04,0.6783611759343868,0.08630739963352847,120.69911893572768
532,66,n05,0.7032325183656308,0.06533082944355176,96.51156430088949
532,66,n06,0.6977975170900688,0.09508369414128086,117.79465982704954
532,66,n07,0.8024720505451636,0.05806126752912536,120.63677787277449
532,66,n08,0.7627030713162885,0.09502449194178567,111.15030760831301
532,66,n09,0.6577089272162581,0.0944096689490888,106.9393830707029
532,66,n10,0.6704204864887447,0.07593229813890763,107.79379931147152
532,66,n11,0.6900348147908231,0.07908317291452033,118.10130749053234
532,66,n12,0.7195417691596214,0.08036259954711296,103.77461026175308
533,66,n00,0.687040397471119,0.07826755153189113,91.85870526003298
533,66,n01,0.7704763337751064,0.07948532851271486,98.16785207277745
533,66,n02,0.7275880903693737,0.08018097005972742,103.5633510046204
533,66,n03,0.7211951141772523,0.06658825359102749,110.32535720665432
533,66,n04,0.7123245589435526,0.09991709197312362,108.49949057748948
533,66,n05,0.6796839586981195,0.08042476055168496,120.9867086082131
533,66,n06,0.7423113478370076,0.07371529514547237,108.92656416796825
533,66,n07,0.7829990729773875,0.08840445717692294,101.33796333581125
533,66,n08,0.7327645528445905,0.061665565809315606,108.72568927048503
533,66,n09,0.7321344069575237,0.052520028032920184,98.1720078891415
533,66,n10,0.7469562606176007,0.07479160599381997,117.06561968807291
533,66,n11,0.749652451048965,0.08243391032425908,108.5818331885442
533,66,n12,0.7077411724812058,0.08485591471445728,108.72795130322542
534,66,n00,0.7974250342156718,0.09610334763901224,109.1052071999127
534,66,n01,0.7441032327950645,0.057884410884580226,112.57564019259253
534,66,n02,0.7833291948213232,0.08202604355156973,112.45104123328717
534,66,n03,0.7223622088657667,0.0929213096820299,106.4184114834468
534,66,n04,0.6590693672810581,0.08559412868512925,120.7036056990126
534,66,n05,0.6877795760332195,0.08399517944699024,125.93236653622539
534,66,n06,0.7767678480891953,0.09804732519642284,87.73752257600222
534,66,n07,0.6443659802602363,0.07527347280535392,101.39814951456916
534,66,n08,0.7021127376859884,0.0761705520358576,98.78483911947498
534,66,n09,0.7255068375045934,0.07863900025699569,111.57200872078106
534,66,n10,0.7721591776191352,0.07974614711077029,109.8011824534447
534,66,n11,0.707282532173512,0.083342887616953,102.01918038853637
534,66,n12,0.6917315643141686,0.09413413584795655,107.1778283503217
535,66,n00,0.75464805680864,0.08209152444134885,110.62600081578695
535,66,n01,0.7587361338914911,0.10711656383040745,123.5731196967695
535,66,n02,0.7432747264610139,0.0805504697537961,118.38170296620699
535,66,n03,0.7403624634701084,0.07454223414294632,109.42358922473281
535,66,n04,0.705258933211724,0.07333484233514907,91.65491433554041
535,66,n05,0.8132272661224123,0.08002586918957541,112.71414854442082
535,66,n06,0.829032739176998,0.07025096837029264,118.22067857926615
535,66,n07,0.6280862722956541,0.07621310239272056,105.26265150932296
535,66,n08,0.772094926188429,0.07354453679812416,114.96301782199107
535,66,n09,0.7911112316181037,0.05506450572309268,108.98422241638818
535,66,n10,0.7464439881194229,0.08671641069274334,115.83394210526704
535,66,n11,0.7584981470131555,0.08725235650714905,107.68385907225714
535,66,n12,0.6884306759566701,0.087799407658241,121.67053471714529
536,67,n00,0.730303997361665,0.09081882298515882,112.85720804625036
536,67,n01,0.6956981480729483,0.056067019801598325,106.76014034372001
536,67,n02,0.714273811576649,0.09159277051595831,115.94292627650599
536,67,n03,0.7203574650093824,0.08257176176905569,109.24861083401602
536,67,n04,0.7051476034506126,0.0804861811470739,110.15422808027779
536,67,n05,0.7343666104667593,0.08977426832869609,98.82536836219175
536,67,n06,0.8017013139186199,0.0772845870296329,121.26197782039398
536,67,n07,0.7098557681432747,0.08955790540348611,117.06114361483536
536,67,n08,0.7315056442386197,0.06200248739288444,111.58251855987129
536,67,n09,0.6178752591540023,0.07892209695909648,99.57900844193456
536,67,n10,0.6791568511375795,0.08390042754068139,108.50116427249289
536,67,n11,0.7559428226096636,0.06630307499245822,118.38741510462383
536,67,n12,0.6664694606720791,0.07369421131417477,100.49435691221785
536,67,n13,0.6940024009193587,0.07371743009054975,105.85043410237643
536,67,n14,0.665800878304843,0.05813654977890112,130.79411322680173
536,67,n15,0.7040576010731173,0.0728283152377657,118.68349838395706
537,67,n00,0.22262720993935414,0.02890589209254159,58.459091368730355
537,67,n01,0.18921520524323313,0.03035257540167464,32.9641972570828
537,67,n02,0.21658429089282538,0.027909838706078872,44.263422155033695
537,67,n03,0.2873480826439254,0.03307659573714807,52.19143699768047
537,67,n04,0.2559677191276879,0.040095464531761396,47.34068063426067
537,67,n05,0.21703679299731096,0.004617922422616872,53.27135998640678
537,67,n06,0.28177626897313945,0.026355339931095095,29.333676187501695
537,67,n07,0.2362278074017152,0.019848180758806518,42.58868029294915
537,67,n08,0.1742222858047519,0.027619617254064054,36.37772081741608
537,67,n09,0.2360148472905397,0.04242993349720503,55.086633669018894
537,67,n10,0.22328722991190889,0.03457534263663185,46.33669415663366
537,67,n11,0.30947716257838076,0.0353585231942271,45.67937288623852
537,67,n12,0.2957717931294642,0.020101094835905622,35.167310968052426
537,67,n13,0.2818224549370683,0.041004851656945875,38.15432155031369
537,67,n14,0.23410039265373728,0.02245408047062124,34.22026817551151
537,67,n15,0.22682866756284145,0.024412098074710512,37.35754688491014
538,67,n00,0.7200478431543087,0.07524387677570007,109.22928965931403
538,67,n01,0.7474625260095584,0.07909397160509374,92.99325278612483
538,67,n02,0.638026694709859,0.06270540722430433,96.66761963770827
538,67,n03,0.7226889929545642,0.07801658989785758,107.64586586112773
538,67,n04,0.7141536594808333,0.09153567040796956,116.14410937882522
538,67,n05,0.7197015829340944,0.07077632972292204,107.00930850625257
538,67,n06,0.7080645746991453,0.08092240026676197,105.24551537167467
538,67,n07,0.7634377575408402,0.06842616712963097,114.19515840752003
538,67,n08,0.6904963892913555,0.060037346988535065,116.37849781897398
538,67,n09,0.7461032711144234,0.07680945819856834,112.4842278623949
538,67,n10,0.6705477648019309,0.09194951012891904,109.50123126300645
538,67,n11,0.6979483509450731,0.06295930973307226,105.67097835369565
538,67,n12,0.7724353319870467,0.08524632060785468,113.09408756018837
538,67,n13,0.7253976619791145,0.09253086559992679,101.16037602007457
538,67,n14,0.7826387931666524,0.07899777535146156,105.46538922160201
538,67,n15,0.6582885364255178,0.10102394918018236,105.31235126176252
539,67,n00,0.6953435994968489,0.08526646675989291,109.78411586207514
539,67,n01,0.6232963345093404,0.07302549441092829,125.07556693372295
539,67,n02,0.7621512114135613,0.08516242949798865,114.54640262408638
539,67,n03,0.7256478024393992,0.055264812718984604,113.90552552240038
539,67,n04,0.7407331681639787,0.0829122473639577,107.85253101146318
539,67,n05,0.7216017245662659,0.06917617636067008,94.23833634637059
539,67,n06,0.8114032257979058,0.07574458374924721,111.03291606848414
539,67,n07,0.6604875661076652,0.05376921969736388,102.79762542100143
539,67,n08,0.719787513152712,0.06693388524625994,99.30846132147838
539,67,n09,0.6960243795647606,0.07451955913356446,97.52291841809473
539,67,n10,0.7619129773783526,0.08350967002022217,111.8872321615843
539,67,n11,0.7735999682323658,0.059264671551695826,109.42840004865
539,67,n12,0.6930629660587238,0.09953323635904517,117.19152743977325
539,67,n13,0.779575928744545,0.06151192601224458,110.43490968198813
539,67,n14,0.785787871437379,0.07723976040780084,110.52473429476008
539,67,n15,0.800931344326517,0.07999815376632051,111.79109632321581
540,67,n00,0.2918128591343814,0.0014542734306733675,38.44754582351051
540,67,n01,0.15900577376010633,0.03284487344184137,49.57272672920404
540,67,n02,0.2112400679159919,0.03840276307156815,34.83650893118648
540,67,n03,0.231503020252103,0.033568685038536245,42.480373467525474
540,67,n04,0.23061225821555745,0.023328487273931185,47.61699921768541
540,67,n05,0.20815572134534438,0.01870222406451863,39.4015305221034
540,67,n06,0.2741359291683207,0.019029569465808246,43.35871582697774
540,67,n07,0.2672388972737411,0.0355150384927289,36.06552605789735
540,67,n08,0.2388026293225527,0.050104735402632314,41.65460995417672
540,67,n09,0.30918352514344477,0.021299572062635726,51.413062661422686
540,67,n10,0.26135046642591614,0.045839800754628304,54.45111188733329
540,67,n11,0.2165577229203316,0.04307054134162835,42.829516742423486
540,67,n12,0.22380496998586863,0.032732235657011485,56.19367908669939
540,67,n13,0.30999512154241315,0.02860675487224009,44.47369762579001
540,67,n14,0.19489683215508424,0.03287022226451338,43.308192175487804
540,67,n15,0.2947085552537032,0.01177640302117849,38.984437102538976
541,67,n00,0.240474879695595,0.028812555227372468,31.76128530795795
541,67,n01,0.29631824071051893,0.021493765792777397,42.92801891955933
541,67,n02,0.22567101014476612,0.03377109229718349,38.222690297968974
541,67,n03,0.24746323209248766,0.028063697956877947,47.25372371958483
541,67,n04,0.21192455357869752,0.04583997860620384,54.87643499164923
541,67,n05,0.21468050335702923,0.03911674790952811,46.163679619200735
541,67,n06,0.25300390827402924,0.03784436944464185,54.96903322835557
541,67,n07,0.2815215097946713,0.023910125611156748,38.97879113483043
541,67,n08,0.22403492803837302,0.05564679111064423,48.04857961924506
541,67,n09,0.2646120132383666,0.032145902392527584,40.22185515249022
541,67,n10,0.1931958987859307,0.022579375299484807,40.85676000823405
541,67,n11,0.22898225222419416,0.04121727683978672,34.779871661215395
541,67,n12,0.20961765893247447,0.031933111980564304,43.9709088114612
541,67,n13,0.28273983893624155,0.018939153390157948,46.302487944325485
541,67,n14,0.2801773934176413,0.022564482671226252,52.24758686654311
541,67,n15,0.230907600573155,0.0,43.12933552113451
542,67,n00,0.6876074144354191,0.09922746210636677,109.3674101607533
542,67,n01,0.7341123055208973,0.0623865998350616,113.30564240189963
542,67,n02,0.6855425599011593,0.09547436651520798,113.46249241374551
542,67,n03,0.7981351862514144,0.07940291956414476,98.79169255462588
542,67,n04,0.724676684482151,0.07460522194423158,107.57566795350083
542,67,n05,0.7904865510719229,0.07927918686493202,114.30263323418365
542,67,n06,0.7425194872366784,0.07722280733713781,107.7736400460981
542,67,n07,0.6751322225458977,0.10105893810168703,113.41614719981521
542,67,n08,0.6996278280885913,0.0923887779511503,102.5286885166366
542,67,n09,0.659835323242108,0.08792899720421529,105.42375904180528
542,67,n10,0.7671371088664972,0.08079331791555991,98.51413388552155
542,67,n11,0.7414720152259018,0.08734174988794609,106.81083812071361
542,67,n12,0.7190820378777733,0.06389441671966016,104.06815632780345
542,67,n13,0.7046977421074447,0.07617366416305968,105.87189872628355
542,67,n14,0.7059965800278999,0.0944877820062657,93.55056352329524
542,67,n15,0.6878734558006514,0.09973072827188138,113.8796212819439
543,67,n00,0.1838984848947045,0.028549222973684226,48.007344565842644
543,67,n01,0.26299312548021414,0.037467903523473775,56.71375152251909
543,67,n02,0.242539815372763,0.017682955733474226,44.181147933021094
543,67,n03,0.23359811721070872,0.008876019378029187,52.314754369842156
543,67,n04,0.2838306816431938,0.037924557255769445,49.27839272242839
543,67,n05,0.26027731064116055,0.03484104142750486,47.994625355447155
543,67,n06,0.23424074597146982,0.04280973956652915,40.32127875914259
543,67,n07,0.27779543987280475,0.040296801323466525,32.04185265776794
543,67,n08,0.22582701957395412,0.03965674407891,31.273299604984576
543,67,n09,0.25139282756857373,0.046311930010474775,33.7932800946203
543,67,n10,0.222718155138673,0.013951751177427214,54.43109173329017
543,67,n11,0.20224446248045863,0.02581729493240398,46.62836147463966
543,67,n12,0.29347064455693667,0.04668488587438868,54.12689612151969
543,67,n13,0.28812858523956686,0.028060932212514773,45.050901137296194
543,67,n14,0.28389984412106095,0.03415905914704689,49.050119322464965
543,67,n15,0.23722495418167244,0.01239475796421546,41.533205554490785
544,68,n00,0.23944163030846394,0.022093766654241172,41.964025631971325
544,68,n01,0.27344069088235423,0.028763762477601807,53.64406994290695
544,68,n02,0.21697157356871635,0.06367356551417909,36.19966831561942
544,68,n03,0.24889231844612691,0.02423315806314217,50.86616613863962
544,68,n04,0.24599123486540603,0.010850595244339876,56.63940799015853
544,68,n05,0.15643599440398528,0.044370643792145725,40.90060899302106
544,68,n06,0.2905354479309033,0.027973067879211774,50.4423804811662
544,68,n07,0.33807313964243363,0.031608775329265,27.221395429361237
544,68,n08,0.2828244447294682,0.01824718208969294,38.19757417007578
544,68,n09,0.27069245838421635,0.03563113115229757,44.28743982891663
544,68,n10,0.2797304268664311,0.011765237809090463,37.18849566989543
544,68,n11,0.20226074726218762,0.038847337938951156,41.50116283708787
544,68,n12,0.23460124326315282,0.01066198688607425,50.410679320315815
544,68,n13,0.20522773422925894,0.006790686936260011,41.11927696311601
544,68,n14,0.24078437966108268,0.015705143788554324,31.2063170023414
544,68,n15,0.26165429404725943,0.01945739276836445,34.92154608338217
544,68,n16,0.28980514044446104,0.04320520022770243,31.923639803055437
545,68,n00,0.6439810411650143,0.08339324634986506,108.99636536198956
545,68,n01,0.7279362344949458,0.09803446280971649,113.83821646617251
545,68,n02,0.7149541547395895,0.08346413969466691,110.67630425225491
545,68,n03,0.7087244068264859,0.10164033865855705,113.11585817824846
545,68,n04,0.7085085319477705,0.04883597931220686,113.8913587578566
545,68,n05,0.7041343188865957,0.05934133568046039,105.66258966428468
545,68,n06,0.7117704655341032,0.09309314266715099,107.17274262033064
545,68,n07,0.7219051249970317,0.060762771592364095,109.82210776753747
545,68,n08,0.8269911114812849,0.052983266063814954,110.18443208165905
545,68,n09,0.6675100451716994,0.07862949766575951,106.78605413091886
545,68,n10,0.6816727732093146,0.06547068059985468,105.13407007597215
545,68,n11,0.6519321824006341,0.10290536794101368,105.0982816983061
545,68,n12,0.7394425953849622,0.08240713370910659,104.05328821209032
545,68,n13,0.7156646674774174,0.08632677074870507,102.06580544796334
545,68,n14,0.7640098318007958,0.06516214697318777,109.30936189822845
545,68,n15,0.6140434621151043,0.0868291355282128,117.46000561828431
545,68,n16,0.8469816056660526,0.1036395503416521,111.81364336334217
546,68,n00,0.7035453661776766,0.08020784293015872,103.77559994398152
546,68,n01,0.707054546942902,0.07765768965484687,109.06942858675832
546,68,n02,0.6611218288253891,0.07123377449487173,109.69417240561057
546,68,n03,0.7824188208078838,0.0709911373184498,112.95973035946288
546,68,n04,0.7453516041457912,0.07637437674197115,107.99717469864913
546,68,n05,0.7583841849093865,0.10762845930478494,102.68835797384114
546,68,n06,0.7361201827352748,0.08066527849854908,107.42229274931047
546,68,n07,0.7237334069000143,0.07468295845286098,103.59103840418386
546,68,n08,0.6586971335579257,0.09384584471410626,99.86252492875094
546,68,n09,0.6817194823244545,0.10994226397587914,130.16844456195744
546,68,n10,0.696237256366641,0.1011805774659772,114.68675671950884
546,68,n11,0.7783864823765305,0.10754969654969514,92.66231119414593
546,68,n12,0.7339061100985335,0.07167852953436075,101.08646170495254
546,68,n13,0.6973106043398358,0.07741964763548015,118.82128201636905
546,68,n14,0.7337587703958943,0.08409300890996198,100.27834344246476
546,68,n15,0.6579347206214187,0.09445910451216646,117.70769271662333
546,68,n16,0.72642984345701,0.0816300361418849,122.02197325168491
547,68,n00,0.7891410742826769,0.09693354455089344,115.9981917686953
547,68,n01,0.6748443001475143,0.0758305723320988,99.41187822287765
547,68,n02,0.7742036267152577,0.08547281871489204,107.98205698576582
547,68,n03,0.6351844841576705,0.06791137253188373,102.1647575875401
547,68,n04,0.8052240180517743,0.08410477680793016,108.8702358207882
547,68,n05,0.68641358430727,0.08338905510654822,115.74616460146783
547,68,n06,0.7278629508559518,0.07913387474907561,116.37833768997055
547,68,n07,0.7417763174305494,0.11316573486963691,98.57036982987428
547,68,n08,0.7169684978166717,0.09116827866573293,113.91068531243404
547,68,n09,0.7238864491576034,0.08439119920074836,108.22099913546388
547,68,n10,0.7636949276968917,0.08511243029160191,98.49423851281111
547,68,n11,0.7096528666234845,0.06918525108737437,114.04852811998818
547,68,n12,0.6179270638942813,0.06782423567173279,113.76344061652345
547,68,n13,0.7037693545207452,0.07526866005753301,112.39710731551008
547,68,n14,0.7055265771769722,0.05926519305825914,101.05063861530132
547,68,n15,0.7858051840235751,0.07400564760958754,106.93348504301234
547,68,n16,0.7228506205752996,0.07848410930551841,99.6420109881658
548,68,n00,0.7139423532180283,0.07622292154341902,109.89679039297627
548,68,n01,0.7669007640600312,0.09433180546920393,114.37916185508774
548,68,n02,0.6471981558847417,0.08241019715480492,121.00969719635738
548,68,n03,0.6912508178522724,0.06991194455460743,114.79974358315562
548,68,n04,0.6752449090168886,0.07277741791092035,102.87288552555738
548,68,n05,0.6949127416737587,0.06401849436197739,103.60407775607194
548,68,n06,0.6753850887463847,0.09349143032840958,100.94586343016344
548,68,n07,0.7595792248236396,0.08612237810579135,114.89037586722127
548,68,n08,0.7296321827210704,0.08311681959779614,115.24584227504664
548,68,n09,0.7169213369374275,0.090017629885209,111.17196633531827
548,68,n10,0.746262191713306,0.05864725462181411,111.56601866690524
548,68,n11,0.7590331294041051,0.07986756675271456,103.07052156433134
548,68,n12,0.7007182144964574,0.0771396502201999,121.03931321755155
548,68,n13,0.7253492667891331,0.07793376317823167,119.82155437446136
548,68,n14,0.724219973001677,0.07733840700110305,120.16810798327806
548,68,n15,0.7579109778549873,0.08281852769824712,108.5332675854885
548,68,n16,0.6803163056954792,0.05631995841023597,96.66789388401483
549,68,n00,0.7771885753830585,0.08933002479547461,115.20054856081697
549,68,n01,0.7407828742259379,0.055840366744581524,94.02034770893043
549,68,n02,0.7109626319932473,0.08798479820302477,111.07355852183093
549,68,n03,0.6624219348924261,0.08480779087228778,94.56928708829864
549,68,n04,0.7302704880667138,0.07133914592302952,106.84627245496505
549,68,n05,0.7238200440621646,0.06874125060480787,114.35758838309135
549,68,n06,0.6578759320351538,0.08680024347217269,119.65993656034438
549,68,n07,0.7539830637475682,0.07794832503501735,119.35265004806024
549,68,n08,0.8165485242117074,0.10256384278459209,99.08441049177372
549,68,n09,0.7527167123893393,0.06396471395260547,111.4251477494865
549,68,n10,0.7272494874374121,0.07586618008657237,113.61050666333867
549,68,n11,0.7299987294487732,0.06455082151509084,106.77055316002
549,68,n12,0.7875719304191973,0.0888856204119994,108.65893821353993
549,68,n13,0.6932086102058461,0.08513800582432336,111.74322370811063
549,68,n14,0.7538263797876543,0.07552289155538403,105.23663256930458
549,68,n15,0.7650670199354838,0.0911268588244242,115.06134275655049
549,68,n16,0.7887828218552864,0.08358820660871125,117.88399563904677
550,68,n00,0.7334741714234213,0.11347984026985017,104.8563513378793
550,68,n01,0.7100858285639382,0.07628627640329357,96.07388375972954
550,68,n02,0.6974814091414387,0.08349824623696396,106.25200470401771
550,68,n03,0.7220076427146667,0.07373355004983455,101.02687418857532
550,68,n04,0.6494281467400399,0.08327795438292165,111.87511263946782
550,68,n05,0.7357350992961256,0.08004097302228831,114.22345618326693
550,68,n06,0.7312643671442285,0.07591092235664941,115.11335904285824
550,68,n07,0.754174519372779,0.09337224788062738,125.6378594105314
550,68,n08,0.7537523191624745,0.06176871623497785,113.06896350038431
550,68,n09,0.7206678515117845,0.0873692835015037,121.85737895267795
550,68,n10,0.7237684134507831,0.08199152612233304,108.9504793481336
550,68,n11,0.7104415590425935,0.08606685622685835,106.92336502843698
550,68,n12,0.6923000534560135,0.07286549807225245,111.46671982865924
550,68,n13,0.7498718179122063,0.10333710057270018,126.59038988456652
550,68,n14,0.7426373836277631,0.09026630544397994,111.4623028982279
550,68,n15,0.7044393314948726,0.06512023086004207,94.81021474294897
550,68,n16,0.7249970911273886,0.08034382977112957,122.5675220092342
551,68,n00,0.26133519410224926,0.03926831809691109,60.19339392098275
551,68,n01,0.2219683399665192,0.03386474213339286,49.76392436422346
551,68,n02,0.25982511148684767,0.010797425265732494,50.44961374850479
551,68,n03,0.24003107662232379,0.037431015544232574,40.968134369815814
551,68,n04,0.2482668963966659,0.015813000517434922,50.72332468273085
551,68,n05,0.15064357758532643,0.029530837384743446,37.897452264904366
551,68,n06,0.2686225074362599,0.029534602009874098,48.00409504430454
551,68,n07,0.2612648258106831,0.014108619160673581,50.249883547367055
551,68,n08,0.22385137913988346,0.026451566417006248,36.275235473550765
551,68,n09,0.27495480672676886,0.02258338314060411,48.495659703627666
551,68,n10,0.28560440117189567,0.04473463341016602,47.173577004527054
551,68,n11,0.28076632152497294,0.04785939607140327,31.64805455321575
551,68,n12,0.2557526703417234,0.031623608871599526,47.06282662206229
551,68,n13,0.2603933470445593,0.028092523281049515,37.94861972511319
551,68,n14,0.32024881825683155,0.050424567889951546,50.863803927845886
551,68,n15,0.24911238926108048,0.05050453414846015,35.874232454770635
551,68,n16,0.2601006023460736,0.029150662401005768,49.69800241170861
552,69,n00,0.17911821072428497,0.02396799592624222,31.581968698458084
552,69,n01,0.24817813061668711,0.03311035490343531,44.303195958230965
552,69,n02,0.244566346623321,0.03516887131649316,39.72086639274679
552,69,n03,0.22765018279980315,0.032089004834193635,49.15294605186142
552,69,n04,0.3315416457906174,0.03584238237275605,48.79212684884443
552,69,n05,0.2278398378948781,0.05993350845311162,46.9054289809494
552,69,n06,0.18066792255138492,0.043321397433461126,43.235821399938274
552,69,n07,0.24811769432948294,0.026473410095175783,38.57741785716776
552,69,n08,0.2624288241936575,0.029878764231122946,63.22707647865353
552,69,n09,0.22268167271476003,0.03958848931646242,47.34149240125398
552,69,n10,0.3167802304740224,0.027028441497642653,32.589540884448205
553,69,n00,0.7487589373593266,0.09971143563767333,122.34665001590457
553,69,n01,0.7172415219089601,0.07969221981924242,108.67221855570263
553,69,n02,0.7449450445414394,0.09063825425614466,112.01620775048407
553,69,n03,0.7093423418443732,0.07232601583784258,112.28391964795205
553,69,n04,0.7029878251381123,0.07098669332150272,105.35449930102263
553,69,n05,0.6847557585772809,0.0691904640933733,118.71202755748564
553,69,n06,0.7701036703331026,0.08051904553085303,107.77592170446948
553,69,n07,0.7024307416224082,0.06884194274330618,115.53086372772745
553,69,n08,0.758613987705889,0.08222804627286256,102.98445960787805
553,69,n09,0.6921638862977844,0.08271039216975157,104.18814568251054
553,69,n10,0.7316637806706016,0.0840276021259136,107.7873119880385
554,69,n00,0.7834643710573682,0.08996173573766073,92.65693882282916
554,69,n01,0.790312190100246,0.08355513518010729,112.64123248171208
554,69,n02,0.7752348772451702,0.07834976008630834,108.8712834701975
554,69,n03,0.6614350119349849,0.06712680084773787,111.4211694443187
554,69,n04,0.7025450185621793,0.0719773207461917,110.59040894364702
554,69,n05,0.7009733099888559,0.09046367586040702,108.11607854872577
554,69,n06,0.7113560891671569,0.08869334260588553,109.58315181314646
554,69,n07,0.7295687357229055,0.049666088971498865,111.22992651316564
554,69,n08,0.7423836085939958,0.07939816202421263,113.90712031240703
554,69,n09,0.706819617275194,0.08135211287635284,116.85910535169137
554,69,n10,0.7446914107371133,0.06621489485122588,107.99756943245313
555,69,n00,0.7037095816149652,0.0696452820979343,101.66684511149501
555,69,n01,0.7395588891713997,0.08537015503397595,127.50646053353094
555,69,n02,0.7140713501585351,0.082303919922244,118.66913690256739
555,69,n03,0.7167527829813432,0.057498539739750776,121.10658088451319
555,69,n04,0.6428615600625396,0.06550588489771175,109.84540555555729
555,69,n05,0.676994966890877,0.08194849376781396,109.26700179211137
555,69,n06,0.8042375865914483,0.10254009550224352,106.41223589259496
555,69,n07,0.6525756721848684,0.10390319498512297,109.40142722919396
555,69,n08,0.7091854293320259,0.08366145600771711,110.20102856626121
555,69,n09,0.7205882946245507,0.08056904391492367,92.22936384109754
555,69,n10,0.7417024605583159,0.09351095686890322,99.18774938842989
556,69,n00,0.29811057747290043,0.026468981185680557,40.636081110137205
556,69,n01,0.28111667287344877,0.02763740978809637,50.92863294743364
556,69,n02,0.18437851508940034,0.020470582732887557,34.47214842638981
556,69,n03,0.23774218389650123,0.049990947630220495,38.553930121886154
556,69,n04,0.18465643872259205,0.02179802417095767,56.7159495932672
556,69,n05,0.22479111712692543,0.020599982047074233,55.43023130687504
556,69,n06,0.23239945810856652,0.019228320359507618,43.599571202329564
556,69,n07,0.22281588629662027,0.011359528086705158,46.93200789350315
556,69,n08,0.205292671101188,0.025046493947098902,39.671122178985144
556,69,n09,0.2982709193104085,0.03187690004170533,49.63986638540827
556,69,n10,0.2293039201267347,0.028281838498510813,36.60391806691228
557,69,n00,0.28212152915264904,0.048441933384148525,40.71791851613661
557,69,n01,0.16267181385667712,0.015541173941060998,53.56942820389994
557,69,n02,0.17921266112924303,0.02705886902852814,60.6237106116867
557,69,n03,0.23794301277228821,0.02797880247562757,40.30345115315177
557,69,n04,0.21043184574826945,0.013847551562469761,37.01874865408297
557,69,n05,0.32418417262745414,0.04173581432015014,23.402923139786132
557,69,n06,0.23557410072153034,0.037080916411804374,33.926355867625915
557,69,n07,0.26082380033771474,0.03257811336674551,34.799970478578416
557,69,n08,0.2811266707122058,0.020604019894102453,40.984380579064215
557,69,n09,0.19685732329331232,0.023263095281786605,52.66024122459653
557,69,n10,0.20963544544667712,0.02028515719760781,22.347788323197097
558,69,n00,0.6728082000936206,0.07184218394718989,95.46818394053852
558,69,n01,0.7853705186622395,0.056275187440577704,99.68034960198023
558,69,n02,0.6801427648107785,0.09032359820231822,111.34329677693592
558,69,n03,0.7837804584555157,0.06438006229891627,100.69757096011071
558,69,n04,0.6887545958394915,0.07846328186910512,112.7214968073688
558,69,n05,0.7411219385952267,0.08985354445386778,118.63829249756797
558,69,n06,0.7283448197329129,0.06212667614896617,114.18290652513824
558,69,n07,0.6964735935046251,0.08862276753639586,89.0388305474766
558,69,n08,0.7027892092156686,0.07945406108924138,125.77106935004336
558,69,n09,0.7170270246986411,0.07006003186836315,110.72243106809275
558,69,n10,0.6763860408337861,0.0774580955927724,104.26330729552171
559,69,n00,0.6553941135330781,0.07610096142340828,114.74391448904883
559,69,n01,0.6980791700662423,0.07095780661319567,104.26071284174796
559,69,n02,0.7622136053885207,0.09486940883685249,113.46245011973576
559,69,n03,0.7468705979790443,0.10255075071860928,108.18413833150545
559,69,n04,0.6875281851381385,0.0783737782140779,108.52965632194407
559,69,n05,0.6740106019936937,0.07355058890360403,117.22944631167742
559,69,n06,0.6921556201036112,0.07272846093124466,113.76227971336621
559,69,n07,0.7033415588017051,0.06938400847196573,111.51514439554725
559,69,n08,0.7392245483709313,0.07088294120789342,99.03486342206934
559,69,n09,0.7280085711816948,0.07750652103414267,120.9294073212112
559,69,n10,0.6845231574784291,0.06570874420112707,118.44479765764503
560,70,n00,0.6586940171228096,0.09229304690533185,113.10411812917911
560,70,n01,0.8111317553968369,0.08333707337113609,116.79222151580454
560,70,n02,0.7042328631929993,0.05300400986712432,114.53882133169964
560,70,n03,0.7137600916358988,0.07196976415285174,97.5618935623467
560,70,n04,0.7811146241238026,0.09151053212125573,104.37784522340874
560,70,n05,0.6861081063475374,0.09135823778168825,103.10600404014336
560,70,n06,0.7311893295931495,0.07996540541451336,104.53537033959844
560,70,n07,0.7319269677800563,0.06902744155297348,106.30664580810141
560,70,n08,0.7105973077277181,0.08528905430262601,110.1267541617871
560,70,n09,0.7546028085051131,0.09764692521529951,118.54519497248124
560,70,n10,0.7390587457254191,0.07140885873139063,109.59528494915286
560,70,n11,0.6437668061765617,0.069556923346895,107.08077490124305
560,70,n12,0.7110334936982806,0.06560642252768138,112.12258850443389
560,70,n13,0.6716075491117047,0.08757845609626043,108.56600762441114
560,70,n14,0.6953359819980042,0.09290487781432065,112.45629198384326
560,70,n15,0.7480094872283816,0.10181232895160412,108.58070432999655
560,70,n16,0.7279332211175473,0.07495214528649737,111.73295226311969
560,70,n17,0.7031110874756231,0.06330581372715002,106.80525762804274
561,70,n00,0.23908286234239662,0.024075654125058004,44.243689697869996
561,70,n01,0.2903400391869688,0.04028734996855427,46.75435043543049
561,70,n02,0.3307634733813911,0.0346472469423939,38.45069121493158
561,70,n03,0.1840205954130876,0.03786135628101822,52.51348399022089
561,70,n04,0.24147943340904676,0.029245095155376613,44.57581757754314
561,70,n05,0.2703192290482366,0.02765356423881947,49.023744699438
561,70,n06,0.30079364370034783,0.01774643609560793,35.57069661266866
561,70,n07,0.20633736168315076,0.009919906796290519,46.46609369903316
561,70,n08,0.313281818724655,0.024693566724452123,53.48333732866995
561,70,n09,0.29621430200600785,0.021229973889931114,43.48834987332317
561,70,n10,0.25116139187937686,0.020660835866354536,29.41530597971652
561,70,n11,0.2758121969940771,0.01793466074728966,61.15723276695376
561,70,n12,0.21286554505972555,0.03252803596913385,55.74417521902133
561,70,n13,0.17532001176999257,0.020186885328439437,54.944934871856226
561,70,n14,0.21247463139815148,0.03738216813393071,47.535914986534976
561,70,n15,0.21834591063412004,0.02727562352377691,45.295505010379514
561,70,n16,0.24657219531567118,0.04427638911379064,44.596288416842924
561,70,n17,0.2649371108505388,0.05427835435411407,48.62804360222075
562,70,n00,0.7086664304097139,0.08664654473791311,105.91269714964162
562,70,n01,0.7162322419015724,0.07506234678064483,118.54673619621659
562,70,n02,0.7138992081658164,0.07319268277386667,110.66755270417902
562,70,n03,0.7778855590767867,0.08710537372229485,103.81975551329731
562,70,n04,0.7130616482079817,0.0744085455422907,104.98582675672101
562,70,n05,0.7395772539409248,0.06616684914168183,119.75297566025641
562,70,n06,0.7463205718834358,0.08117960062044341,116.27987045005116
562,70,n07,0.7123622589770652,0.08025035650014016,111.26004840653033
562,70,n08,0.7849752190196513,0.07767381791633651,100.07161653199643
562,70,n09,0.7259831511607602,0.07662910633582916,116.25792309537181
562,70,n10,0.7169881463012605,0.09484709271562164,109.30688142727979
562,70,n11,0.6184427177904193,0.0658127071672492,115.87591646221455
562,70,n12,0.7992152235538318,0.06583985095442828,98.71656539579764
562,70,n13,0.7035743060789185,0.0806227214479513,102.11349845928119
562,70,n14,0.7025731295366787,0.0977880635292559,112.11314113549997
562,70,n15,0.6258335876709916,0.10684023756113827,115.04044902216285
562,70,n16,0.738480209906756,0.08165747377505769,110.10006664828964
562,70,n17,0.7242980995810473,0.09616836276918425,115.06971426975252
563,70,n00,0.2483050871410933,0.04947843168649234,45.6702259826913
563,70,n01,0.17902585966202966,0.05851904169204665,51.31068241554109
563,70,n02,0.2954930928001682,0.023326654040671534,34.760829251987005
563,70,n03,0.24010324598593014,0.03757622521100925,49.31967361697047
563,70,n04,0.20626391234814323,0.03479148544691216,31.611448836985197
563,70,n05,0.22319057062343386,0.03399844492260025,30.42570009918075
563,70,n06,0.2870973631959876,0.0,49.82936230149866
563,70,n07,0.261126388715008,0.025500717507790135,56.30268835310822
563,70,n08,0.2750152198153626,0.05898547921585669,40.046800920975976
563,70,n09,0.1888088395251619,0.023794094581074565,50.10955625075538
563,70,n10,0.218883854458247,0.03028223131717479,25.453741321724394
563,70,n11,0.19964404883179865,0.023400037456928535,45.88480886944321
563,70,n12,0.22550997122648153,0.007919965920658727,43.99396501344444
563,70,n13,0.24293720977332184,0.03518059411597234,63.00094033451755
563,70,n14,0.31049957502122993,0.05116470600939232,32.937268198235316
563,70,n15,0.25233747041004384,0.047899955096049184,51.31867044764234
563,70,n16,0.2070855841090381,0.0260273163104677,39.85343733845988
563,70,n17,0.261729463546597,0.02329038581990931,42.70323684325855
564,70,n00,0.24673456391390697,0.025679031696605657,41.65020015329509
564,70,n01,0.30894146292703134,0.011356305262208464,38.20434023258872
564,70,n02,0.19617186524211788,0.016990685328158298,63.009137439340265
564,70,n03,0.26278661876508375,0.02357170615291697,50.859359255227524
564,70,n04,0.20272272877199282,0.03350901230870881,49.894042525302694
564,70,n05,0.2903742549560068,0.030486112426959037,46.35632864989703
564,70,n06,0.28241640069207335,0.03718838495474373,56.8264052500611
564,70,n07,0.223652201119718,0.036514367498567096,54.716318266165416
564,70,n08,0.23652468060493326,0.03429698438150351,50.44400929882767
564,70,n09,0.26797104966174184,0.0426129652256348,40.448407475572694
564,70,n10,0.21686799720017602,0.04853545800994731,44.3166530444308
564,70,n11,0.23854056460473302,0.03433875139497621,60.07631204878161
564,70,n12,0.27976597338597853,0.028141569580847008,48.397709666078455
564,70,n13,0.20577769075952188,0.010647847638438467,51.98911271922424
564,70,n14,0.25263477241307447,0.024680461418999104,37.869661787658
564,70,n15,0.3089565959203263,0.041152114847655484,42.23036160050729
564,70,n16,0.2639968044622224,0.03282985684253085,32.31371133591691
564,70,n17,0.2567744927750224,0.019713885654800443,53.20504303823529
565,70,n00,0.6423682426598787,0.11356566323103785,106.18019824499684
565,70,n01,0.7838593974030201,0.07104799297164097,99.38961911599792
565,70,n02,0.6992968802551633,0.0667111982106719,112.37086249250673
565,70,n03,0.7191529600197402,0.08803473910251146,116.53699382008938
565,70,n04,0.6509690650960985,0.08567409499765333,95.68619359364625
565,70,n05,0.7148186323169697,0.10158963852917496,106.50023505342509
565,70,n06,0.8023452502904949,0.08453964979552187,122.04567677391857
565,70,n07,0.7843659082330141,0.06780892295095038,114.74374159052888
565,70,n08,0.6708968834338318,0.10300041063334875,105.34511014470309
565,70,n09,0.7120835198337419,0.07836971942619737,110.40420196151354
565,70,n10,0.6592119054190276,0.08081144050369445,118.47975586564085
565,70,n11,0.766399031391875,0.08010862908521009,123.83207740111027
565,70,n12,0.7655255344711077,0.09055590079754534,104.15701105304272
565,70,n13,0.6562746656896512,0.06959990425584231,107.9968318243153
565,70,n14,0.7271242835653141,0.0796315942609794,98.36012748627168
565,70,n15,0.7754217592008261,0.08070185708568524,89.89360888188679
565,70,n16,0.7633492564827967,0.09368313901339075,109.1365298690057
565,70,n17,0.7713801815931209,0.06298491509207482,108.93233614522424
566,70,n00,0.26740279200683814,0.0,39.87302461184149
566,70,n01,0.23220935325977665,0.03997623908337235,55.240833548137566
566,70,n02,0.2842990341093356,0.05030229743796631,45.856375442421
566,70,n03,0.2730047434061651,0.012244082581159835,53.06371947037657
566,70,n04,0.21634009260290196,0.030699967683811245,31.163343056682912
566,70,n05,0.29318571933092935,0.03985629585915406,44.58464294345829
566,70,n06,0.30619194521080634,0.014209106421082168,55.65071845868964
566,70,n07,0.2285577277940129,0.03290677655529191,35.034861020762506
566,70,n08,0.24427270463555287,0.036330262539779556,48.61893807218171
566,70,n09,0.20728882558073944,0.004483657184953475,26.699656361917732
566,70,n10,0.18104913946348417,0.007055870035464845,44.70909080280321
566,70,n11,0.21907063629637263,0.030077497041476893,44.57053414969542
566,70,n12,0.2575650063508193,0.03399774611677166,39.3152221683394
566,70,n13,0.23148644246847314,0.03681963419622194,63.24943922510316
566,70,n14,0.25060551396467184,0.014243187056472824,39.779826266275656
566,70,n15,0.2004300028673761,0.03331701267895316,49.698262108286315
566,70,n16,0.34049983867287903,0.027581738381585213,43.817699979071634
566,70,n17,0.23069185877652124,0.04031085380705187,38.360483633001564
567,70,n00,0.23249470279125584,0.036689716530174526,31.155248248065497
567,70,n01,0.1902463107523539,0.04034190310309635,43.57045797167254
567,70,n02,0.29259334636275036,0.03361473516335633,43.328738786598095
567,70,n03,0.3018867214662657,0.03968871518860381,52.38803244522262
567,70,n04,0.21696195850275546,0.03225476412003067,44.174295395004265
567,70,n05,0.22581353564372328,0.024836447634949445,35.064963528023455
567,70,n06,0.2655849647096773,0.041153159414891984,38.481019848875526
567,70,n07,0.14509359985889547,0.02892129414860413,49.27669771517524
567,70,n08,0.2212692379707099,0.045227473266076346,39.69035527170311
567,70,n09,0.19591534444357878,0.02955596075384648,32.558642449912334
567,70,n10,0.2781336904095508,0.02910845817057765,48.2237021420843
567,70,n11,0.2407031335750277,0.04360962972111953,55.22201590125593
567,70,n12,0.2340324053623825,0.021169769089054064,54.06509388163775
567,70,n13,0.20338595629841874,0.0,34.82503021796305
567,70,n14,0.20034307704444665,0.055789154668194486,55.539095403079244
567,70,n15,0.22453628946713752,0.026828909880964882,29.447870063646
567,70,n16,0.2607459491766786,0.01939450958296112,45.0287175827581
567,70,n17,0.2939987583943017,0.03162239870615993,57.03564749804118
568,71,n00,0.6733625436818601,0.08934131572267445,112.80470889857658
568,71,n01,0.692648889492126,0.07811704559194776,122.05144806008234
568,71,n02,0.7157164530840033,0.05190896904256397,110.91836054193193
568,71,n03,0.7301445429533815,0.074749689217858,104.18653955669167
568,71,n04,0.6923590483147971,0.09118324494285993,119.59789068780516
568,71,n05,0.7583341188202143,0.08197250975947062,115.5649617655156
568,71,n06,0.7382860049614252,0.10264731381078515,124.42122757305998
568,71,n07,0.6814706555528542,0.09242709128158819,108.41749276865603
568,71,n08,0.7466805903825531,0.08744544768091288,108.76706819169829
568,71,n09,0.726941210698521,0.0678179413367618,99.64203899957684
568,71,n10,0.7890061742201235,0.08065150375485006,111.32203359308677
568,71,n11,0.6891581591249463,0.07066428102863931,90.28576219163234
568,71,n12,0.6122730141287847,0.06778386037830693,98.81230261917212
568,71,n13,0.7454212105413928,0.10421980374886235,124.25804097366422
568,71,n14,0.7906795587734069,0.07746531195437743,99.77791121111534
569,71,n00,0.2105324991205217,0.04460414873563871,47.41326469650335
569,71,n01,0.2687822620319098,0.031223271860604824,44.19874546324219
569,71,n02,0.1939166443413885,0.023154339546212637,48.639631462534446
569,71,n03,0.18107756092594168,0.01333386771792974,44.16356092925668
569,71,n04,0.20117376497424255,0.04314029606953289,51.701845434020946
569,71,n05,0.20887365730869795,0.031593520357183366,59.56701942720028
569,71,n06,0.23335889563523998,0.012094046374378716,31.57037826549272
569,71,n07,0.18074199531830348,0.03662458468131548,24.71990781315947
569,71,n08,0.2826286215599898,0.025958091710749417,45.759289666680495
569,71,n09,0.21887518453719448,0.03744297749357984,49.657456569520626
569,71,n10,0.300426831280741,0.025797200051365727,49.473942888063355
569,71,n11,0.29896021254307437,0.009245320503605662,45.19275695262098
569,71,n12,0.2190055176694408,0.035545629530704906,45.99257556639932
569,71,n13,0.40140948044765734,0.0,48.920124292496574
569,71,n14,0.3169966799655933,0.04488220949358695,46.43216620751639
570,71,n00,0.24086645026608267,0.028810123715044315,40.36594911344788
570,71,n01,0.1582657921899498,0.03511267523034285,49.53560051155604
570,71,n02,0.22057270210215044,0.005884812570252605,34.764560125962504
570,71,n03,0.19854567636069492,0.024004545841116717,52.16858532055359
570,71,n04,0.3188644279943222,0.03146454229029209,43.21332706112407
570,71,n05,0.2024272681498875,0.04585049900170995,50.11144692422872
570,71,n06,0.27271172921081166,0.01695075487557602,45.80738626423808
570,71,n07,0.25743445002369364,0.042261524476543,34.67930785541716
570,71,n08,0.3153465147033988,0.037623210976475266,51.80720957259699
570,71,n09,0.23163144093203572,0.03569583828310713,36.12775832307511
570,71,n10,0.24822135185413496,0.049069676743627055,47.53992732230668
570,71,n11,0.19527355279625747,0.03878910868269681,44.465997583971216
570,71,n12,0.16678638302999568,0.03827213166090685,36.29981377666433
570,71,n13,0.2767671701195648,0.019505524235031498,25.49526825158146
570,71,n14,0.2870060573359273,0.03754633301260204,46.991823667084056
571,71,n00,0.7200520365419629,0.07501687775537225,108.69102410976099
571,71,n01,0.716557260998162,0.07590479585323988,107.42561730251181
571,71,n02,0.6939072376268592,0.08851517155144331,102.3475569171039
571,71,n03,0.7063234634589207,0.1001796872454563,99.68836168705606
571,71,n04,0.6710402100763067,0.07012255053029501,105.9655656628975
571,71,n05,0.6865211378040534,0.06744416014234343,96.8174870354959
571,71,n06,0.6815429797172179,0.08798338215722926,103.60970339798574
571,71,n07,0.7433088773691182,0.09729607933719828,100.4518718927416
571,71,n08,0.7149292428366175,0.10131398240175377,120.77644678388187
571,71,n09,0.7223131212311025,0.07438935134597036,108.19390491934266
571,71,n10,0.6707208400515252,0.07007284476406597,113.36122238771185
571,71,n11,0.7219623537351585,0.0739191098178103,123.44023586435982
571,71,n12,0.668009629502728,0.076396687858751,112.1303339508866
571,71,n13,0.7434468119936712,0.09530787976340355,109.4075790689943
571,71,n14,0.7133217262096446,0.08286172009599402,105.20330570622801
572,71,n00,0.21646906130261667,0.015516139455898137,52.9406408730928
572,71,n01,0.3320160724057679,0.0377466068765494,40.56771960777202
572,71,n02,0.2276411820025327,0.03893799565959723,40.87327694013311
572,71,n03,0.21438423941122947,0.03674930292319664,30.3535363111636
572,71,n04,0.300943950931271,0.031093877331211574,44.16885576254526
572,71,n05,0.21716755529455184,0.055797943948451556,45.24173235123864
572,71,n06,0.2784269269093981,0.04555558143855174,44.401250720909836
572,71,n07,0.27750541392790606,0.01523842322963341,54.12420397832507
572,71,n08,0.30137191803443203,0.035499493070268895,52.89726885883508
572,71,n09,0.19141835879102137,0.02880618395536203,49.105670272359575
572,71,n10,0.2445373878441261,0.03417694795843719,43.91426931507494
572,71,n11,0.2517278702430673,0.03276554805909215,24.477735256256825
572,71,n12,0.24592558585435337,0.031429799645558684,21.280367656362763
572,71,n13,0.21492381625723303,0.04662208100788738,43.22539213075282
572,71,n14,0.23402764852512248,0.042609145996836184,39.54792552661827
573,71,n00,0.6031779059255233,0.07689536076387633,129.162742477595
573,71,n01,0.7717198040729036,0.07918794683020758,111.53769916077812
573,71,n02,0.733367432684626,0.07338677290968952,106.0378317461536
573,71,n03,0.7233715283959665,0.08920758672621608,101.25263069026624
573,71,n04,0.6822676112680374,0.08652693923498636,116.02066460712382
573,71,n05,0.7090624078061998,0.07214162803716151,124.24423616937727
573,71,n06,0.7334325727488555,0.08344699979449713,115.43025921221499
573,71,n07,0.7220758598052138,0.07137339484804292,120.53982857776367
573,71,n08,0.7298021823548008,0.06271399586295184,105.60027653029236
573,71,n09,0.6432257981500602,0.10072762746634678,105.26519653710868
573,71,n10,0.6831186732338663,0.059567966867514796,106.69127294141194
573,71,n11,0.7752571542375533,0.1023307415422215,121.30391823984084
573,71,n12,0.7131522977547332,0.07850994542075024,126.8976436082883
573,71,n13,0.6601952101430644,0.08831497445570034,112.28250707021208
573,71,n14,0.7326352404259114,0.06261991656420403,108.85809030092365
574,71,n00,0.8371585075345341,0.08981227455730388,103.16629910934716
574,71,n01,0.6544571437053598,0.0822355664094994,123.00922917452436
574,71,n02,0.7357083349290093,0.05963939654889654,112.64440723878683
574,71,n03,0.7514834136073637,0.06910783480230123,107.39507349262632
574,71,n04,0.7187645623557413,0.06957317583440771,112.36150795830531
574,71,n05,0.6999659139261889,0.09981655405953269,111.25262291649996
574,71,n06,0.7016109456667494,0.11008845769328468,103.95291342307142
574,71,n07,0.6911056475227586,0.060019988541953104,116.73905699145767
574,71,n08,0.6952669712220426,0.0902349083967706,113.29086396076441
574,71,n09,0.6877233633959443,0.09285280065689082,109.9610831174382
574,71,n10,0.7175926395245669,0.08112964443369516,107.56259196201941
574,71,n11,0.6879818330014541,0.06848627770584446,115.93248655799853
574,71,n12,0.6444417736845927,0.07860359866060224,102.53491595118672
574,71,n13,0.7401876941002413,0.09349231268440696,109.50690998308352
574,71,n14,0.6914979817959942,0.10070096105758289,128.04696190593356
575,71,n00,0.7488667381551336,0.0737005404756588,111.50210550652156
575,71,n01,0.6964515626110263,0.09696336424564411,116.87935071692829
575,71,n02,0.7296555998443437,0.054181620877519286,113.23030281733817
575,71,n03,0.8125207112177466,0.057917295215280294,110.99069785119634
575,71,n04,0.6997527345637229,0.06140107327505365,119.94601563079729
575,71,n05,0.7628927697590129,0.06910221289031003,121.5825072218817
575,71,n06,0.722330088478143,0.07589754359262019,102.10774071974494
575,71,n07,0.8124878644706919,0.07747064238100719,108.62820492017076
575,71,n08,0.6639509033926367,0.07418673158305705,120.56014883055376
575,71,n09,0.7652642004690794,0.07948252065061588,117.64653481787005
575,71,n10,0.7101820876698897,0.06628208867310134,115.83593387515455
575,71,n11,0.736752385226779,0.09053254907035557,95.85352247922586
575,71,n12,0.6939857771348521,0.08903259592316783,107.92437797794366
575,71,n13,0.6943946626669457,0.09232194628827547,125.33163892933678
575,71,n14,0.6928380588123165,0.08114451829268787,109.07195496893173
576,72,n00,0.7043615180028354,0.09288471055614632,126.19867730704217
576,72,n01,0.7821992616755304,0.08450958099897263,116.15596023912605
576,72,n02,0.7181243075484812,0.0780925871665312,111.85831875554972
576,72,n03,0.7344734769432756,0.051005164783609336,108.56382791135145
576,72,n04,0.7492919672252962,0.08400500688161189,103.54883228011215
576,72,n05,0.7281846354921417,0.09240744596755615,104.25239452210597
576,72,n06,0.7100593827079283,0.0762431789649965,103.40175894079204
576,72,n07,0.6919779942924925,0.07341285470639378,112.9671868284419
576,72,n08,0.7181471576719272,0.0831157297476249,105.71526724543043
576,72,n09,0.7437316181015167,0.07278474688467577,103.24179777959574
576,72,n10,0.7153224089767128,0.0843443955734897,118.0113494437392
576,72,n11,0.743505417002147,0.09784560355965541,103.28049054108861
576,72,n12,0.6787671436239692,0.07475493129690196,112.34359631146621
576,72,n13,0.7122498900113038,0.050177712035698256,109.52734108113621
576,72,n14,0.7223880627050713,0.07903510883212383,111.50455611963756
576,72,n15,0.7095868094785881,0.09504179270739854,106.29135280808768
576,72,n16,0.7163893827297375,0.05115765235310148,100.72198849087431
576,72,n17,0.7300056106861325,0.08398234248572947,107.53233122298805
577,72,n00,0.17823277958913353,0.030927681148533812,51.10371532757722
577,72,n01,0.24880471891879338,0.014876123875797467,46.728391019375486
577,72,n02,0.22014953908205612,0.015887461737258524,39.18576190622878
577,72,n03,0.2313234917060051,0.028851914912998565,51.33934004797693
577,72,n04,0.3278294119039601,0.0199130141515299,44.87241704264962
577,72,n05,0.2601495888530617,0.032324967616996596,46.00427968497589
577,72,n06,0.35270972441807125,0.035586999215542675,40.60007297569242
577,72,n07,0.2773813003189221,0.04598507720154571,48.655231047293
577,72,n08,0.24669974218022195,0.019942250852696995,33.30094789807511
577,72,n09,0.2951979873437219,0.04026176127444149,51.78739625773977
577,72,n10,0.2807515374800178,0.03881307167233759,42.94041142644815
577,72,n11,0.2783132486029519,0.023339152870148865,50.26859659369267
577,72,n12,0.2605886960288794,0.024138930298609987,50.310315084289165
577,72,n13,0.19479934873855614,0.054943740941727506,33.998172797511
577,72,n14,0.23007514421068576,0.032149884251749715,39.91826007342694
577,72,n15,0.23562350804037313,0.02724268240330593,45.11920884535815
577,72,n16,0.2926498280649861,0.02977033028797393,40.420966539164354
577,72,n17,0.25418977070639903,0.04436507775586691,41.46602449647433
578,72,n00,0.7756008835112596,0.06167354230770526,115.99098770862284
578,72,n01,0.6963732980027608,0.07264902712567718,109.1295910238681
578,72,n02,0.7626533488374596,0.07051053938028526,106.73138641177678
578,72,n03,0.7267129541386504,0.08031853353793048,116.48741569685518
578,72,n04,0.7398275279237367,0.08242077299261713,102.4739763370643
578,72,n05,0.6902374341519085,0.07888623629786708,106.72557433008335
578,72,n06,0.7844645417296209,0.08193679969070214,93.16154435918516
578,72,n07,0.6816169096313607,0.08965392144278443,116.61425063615931
578,72,n08,0.6699191120186264,0.08980810828979104,119.15941060408652
578,72,n09,0.7387571340574036,0.1021652867642876,115.91768695658719
578,72,n10,0.681891784326114,0.08739297894824147,104.70176228190603
578,72,n11,0.70632361083959,0.08673216491813884,116.18638333093884
578,72,n12,0.7266668483504723,0.07995423443632016,100.90373472306439
578,72,n13,0.8214081432203678,0.07891515785552528,100.87711465465114
578,72,n14,0.6938923412573618,0.08052040730064647,112.84428752849075
578,72,n15,0.7308804993118004,0.07450878646427823,127.25495491104344
578,72,n16,0.7601009962111662,0.07842888965297168,110.45071950729734
578,72,n17,0.6946137606762709,0.07174277050642308,112.28495446616725
579,72,n00,0.7254407305034487,0.08997288053432266,107.4817934220749
579,72,n01,0.7432484007178024,0.0795201553150712,95.85249933054139
579,72,n02,0.7418247885227722,0.0955500325830477,122.05712085803297
579,72,n03,0.7173401332466247,0.08908884974574115,104.50089739965908
579,72,n04,0.7702855947193464,0.08967026500983036,114.61807471218003
579,72,n05,0.691874993454685,0.07995967848347296,111.48076924971626
579,72,n06,0.742706716731645,0.07693518960208258,110.12190982934776
579,72,n07,0.6784330319260367,0.07387379635371942,90.02110971067465
579,72,n08,0.7086309167229048,0.0784094658333483,110.87359659959576
579,72,n09,0.7089096383251259,0.07631782055694622,113.34774466496003
579,72,n10,0.7079482613873346,0.09861938866086098,110.84070928371408
579,72,n11,0.7550828555052944,0.08185164750754906,119.91480487195108
579,72,n12,0.7147749356864204,0.06794765108727299,109.89356709819005
579,72,n13,0.7450408554187169,0.08417763047140174,112.8166947947021
579,72,n14,0.7428837956541899,0.07852793273725225,106.76932586135798
579,72,n15,0.7373949356811631,0.07411493005256244,101.43943565529109
579,72,n16,0.7330613381754105,0.0873211116631866,110.87331750490816
579,72,n17,0.6848361479498112,0.07111251042992155,100.78909892043035
580,72,n00,0.35125258013400723,0.04159533284153216,48.13329034179835
580,72,n01,0.2128092997033203,0.06689066936010168,54.915456463346146
580,72,n02,0.2195451267748394,0.027412346312005502,48.99469322610781
580,72,n03,0.2282504448863036,0.023936319189076263,52.63017644006506
580,72,n04,0.32391589123528264,0.04087716497099624,36.19347904758642
580,72,n05,0.18790666355259017,0.012244546674244561,44.56374942941321
580,72,n06,0.20876998321676793,0.03482168661202362,39.88192774138766
580,72,n07,0.24562448385123956,0.04356872031675556,61.11164711254132
580,72,n08,0.17263034215482018,0.0,38.23949638400164
580,72,n09,0.30966739638576435,0.015990111197995226,40.27661586175858
580,72,n10,0.2652088132538115,0.0222841479018774,44.26143389835706
580,72,n11,0.2428243535916387,0.017733048187799312,11.704661933273812
580,72,n12,0.21470123197164118,0.053124729483874394,40.65559311781028
580,72,n13,0.2894420617256277,0.053998707388651666,49.050933772736144
580,72,n14,0.2763700589307666,0.031348173739164396,38.733521733764135
580,72,n15,0.19714312739120096,0.01720708467741358,33.15686575514064
580,72,n16,0.19849218664259247,0.0460489213833447,36.70624784416685
580,72,n17,0.2691188869932184,0.025499937797676783,33.486006151721035
581,72,n00,0.7373886959754712,0.06290245549513887,113.31382240666059
581,72,n01,0.6781422111192196,0.06550910495476212,112.97078886890213
581,72,n02,0.7291445475972893,0.05615988127557017,112.83548063027318
581,72,n03,0.7031881087584233,0.0691152087886191,119.02689991793218
581,72,n04,0.7903740707057882,0.082441319972589,105.53529455287682
581,72,n05,0.7771782916175759,0.05529293324859984,98.51196780156606
581,72,n06,0.6798148791068848,0.06285728956890695,115.54372773108209
581,72,n07,0.7511714773092385,0.06390604392224444,120.58053360108704
581,72,n08,0.7374185607263603,0.06347982638047306,111.56505856438433
581,72,n09,0.8030250928217548,0.08144169516551895,109.92609395353867
581,72,n10,0.7485103036407372,0.08128231727438599,118.90270795916975
581,72,n11,0.7511782255461447,0.08170271450470883,92.10831834688773
581,72,n12,0.6732313773337547,0.09537709093998996,98.28910860551485
581,72,n13,0.7337242292606996,0.08597540751427422,108.43755705431381
581,72,n14,0.6569935465719432,0.059841794849876104,99.95153386178048
581,72,n15,0.7408873384818989,0.08177384384558149,111.9376124752459
581,72,n16,0.7680772557686374,0.0806340467343903,107.62867992433125
581,72,n17,0.686963613692576,0.06001689424822044,106.7475738377068
582,72,n00,0.24979671916976073,0.02881840619265805,49.063595650318675
582,72,n01,0.32102675160429595,0.03181889236481367,25.654352222011276
582,72,n02,0.27070175951399256,0.013523975365572038,42.6530425205916
582,72,n03,0.2557486969549166,0.06710757621186045,46.66046839151388
582,72,n04,0.2433496685590986,0.024845172520315064,39.59491179897928
582,72,n05,0.2576758624853782,0.03293954284275119,37.14254223679063
582,72,n06,0.16477195235758912,0.027615324472233607,53.62153940029461
582,72,n07,0.24397045960183406,0.03590833259254259,48.949801338273105
582,72,n08,0.33834477668627977,0.04750746828279218,48.507894979183895
582,72,n09,0.21744096182803757,0.036194311251884076,53.05711053355451
582,72,n10,0.2123100145433055,0.04715659696843992,40.02945445213456
582,72,n11,0.31345579914482974,0.0491260148274382,38.627606152828236
582,72,n12,0.2668537179675911,0.030758362647619362,44.06859083063206
582,72,n13,0.24183786767210733,0.04752423935757562,35.87467800893452
582,72,n14,0.23664422652479766,0.019160947598325956,40.295914746747584
582,72,n15,0.28112608201615774,0.02951274747361009,36.90446866561733
582,72,n16,0.292313273332222,0.01649940286472012,42.66057232377433
582,72,n17,0.1977427436407167,0.0372017087819376,48.20344332591072
583,72,n00,0.23077588082472877,0.042456440692762616,44.929201946558656
583,72,n01,0.21286448795835383,0.038440088359575623,30.116208633684444
583,72,n02,0.1671647238118387,0.047943727729658506,49.485237729226114
583,72,n03,0.26451593814731145,0.026939160075898142,53.549137981553564
583,72,n04,0.22584867148297638,0.03574018104088583,30.23358462720974
583,72,n05,0.2528860884476219,0.034902603875074566,39.8465590835778
583,72,n06,0.21309275805610214,0.02790334710994979,54.157991103012534
583,72,n07,0.32029573264839534,0.028133971385794203,40.99402499229138
583,72,n08,0.2847210999282033,0.03335828282492367,36.18245478815016
583,72,n09,0.2661391065363462,0.031062867720552906,45.66950032239393
583,72,n10,0.30157814905083885,0.038071860686361474,38.47936118169591
583,72,n11,0.18523405999149437,0.01177663632866401,40.40058838109338
583,72,n12,0.2946669682714923,0.017277238949340773,39.20673307218137
583,72,n13,0.1894405319575349,0.011190711910862537,54.86375082795976
583,72,n14,0.186866900367018,0.032929870475680155,46.97535977550835
583,72,n15,0.19089574527155717,0.023322135503103147,45.915522679629504
583,72,n16,0.23604426211461843,0.022856970564341224,43.493476537973
583,72,n17,0.23323821996003782,0.007431093705124181,38.164613356402604
584,73,n00,0.6874731802707534,0.06268297364646866,107.38257657589001
584,73,n01,0.7730170455086789,0.07288355110157173,99.98428264469104
584,73,n02,0.7533758673179776,0.0760223431604797,108.74674196185012
584,73,n03,0.6414001662165876,0.0878378188412635,124.06051470997085
584,73,n04,0.7350945065270232,0.07884803322878112,98.96824700296258
584,73,n05,0.6639407601772803,0.08807553087980453,107.76518238099135
584,73,n06,0.7578237480632916,0.09258954971167502,108.99208072263386
584,73,n07,0.7245531863148156,0.07491443802261884,110.73807622943255
584,73,n08,0.736023362190164,0.08344676505790069,97.27601030057735
584,73,n09,0.632551441951069,0.07967202871619161,106.44158002094966
584,73,n10,0.7821618970702953,0.06329320960780763,115.88700000085234
584,73,n11,0.709286693901412,0.05563598221166658,110.11243443313198
584,73,n12,0.7271002214041371,0.07320454560090414,98.16639326839388
584,73,n13,0.7141233106813903,0.08228874621737604,110.05356593193427
585,73,n00,0.23847957707560435,0.052999875775568465,53.82508150545041
585,73,n01,0.3141579207130995,0.023141488153291527,47.21643627366061
585,73,n02,0.276094883012883,0.03155808471083451,43.83706488409726
585,73,n03,0.25581903953689633,0.0415991198366138,36.359947769375935
585,73,n04,0.19324227699819918,0.04970977207720394,57.57443449881531
585,73,n05,0.194092910666856,0.016492010599334438,36.71970773400996
585,73,n06,0.2813735258786872,0.030033294241232154,44.26417069519337
585,73,n07,0.31704114582472354,0.03191952783582782,36.02438121685846
585,73,n08,0.24591301091032508,0.06376584684941061,41.81105994658104
585,73,n09,0.1922930676899609,0.034330643490620524,43.4360549910708
585,73,n10,0.27986111010008935,0.028024788418372068,49.70711356449947
585,73,n11,0.2801616813484675,0.009166643233241324,53.866628962719645
585,73,n12,0.3106533066299326,0.020419194242946248,51.35017434192967
585,73,n13,0.19208562399892382,0.024221650055550936,35.67872468967778
586,73,n00,0.20964859300571898,0.014271776075275234,52.434591812022056
586,73,n01,0.29115289851227194,0.04417763027695383,48.96777217218644
586,73,n02,0.24330394892222387,0.038365580080131946,51.25432033577199
586,73,n03,0.3289572738443956,0.07445211081107703,55.47094881124747
586,73,n04,0.3043569277572905,0.04353511116074992,53.76310825590834
586,73,n05,0.2757593082362258,0.020094866358976875,27.78577731376992
586,73,n06,0.2850140720091747,0.03724664943734296,55.64159628814511
586,73,n07,0.20275782915100388,0.02325100853923773,58.11214355663164
586,73,n08,0.23622029088404392,0.024391019904423977,51.47372822376762
586,73,n09,0.22207224197614933,0.031507412322525755,50.53688015928874
586,73,n10,0.22746864619777027,0.024966341791027746,54.62855154774091
586,73,n11,0.23208612017211339,0.0190308922186473,39.046588448725565
586,73,n12,0.2012710252033532,0.038708422637943815,49.93548836120801
586,73,n13,0.2234987864397425,0.03558679410488848,36.54812810805775
587,73,n00,0.6996423272819672,0.07696580159865576,101.64478923128925
587,73,n01,0.6598512642668712,0.07097705025201544,124.90672197425428
587,73,n02,0.7589601440171041,0.09545384003745447,116.54673750669035
587,73,n03,0.7212844820052489,0.0702780733606363,105.43994682311424
587,73,n04,0.7123964988292878,0.09916645909116077,95.216765149949
587,73,n05,0.7882561482002164,0.06861375801634022,115.65708660008998
587,73,n06,0.7342411498629143,0.10634636817441367,110.04268147328308
587,73,n07,0.7725987859322359,0.09275624900633192,109.92943548414064
587,73,n08,0.6527753364001481,0.07840285198319168,117.76366385896081
587,73,n09,0.739947848949673,0.07185623076050146,108.08885531952356
587,73,n10,0.6902455833648167,0.09310655840983467,110.08479125318027
587,73,n11,0.7325898965657379,0.08575744033395409,118.38778538317894
587,73,n12,0.7386880094372991,0.07773972318890701,102.77731489062347
587,73,n13,0.7166917017832509,0.08841690726287386,111.74129518550987
588,73,n00,0.3128071979281508,0.03797179749373435,49.52896847179391
588,73,n01,0.1963466291897425,0.023031719841986667,51.09232287494182
588,73,n02,0.21474599448971382,0.017650308620324264,47.0264491750697
588,73,n03,0.2998867577085195,0.05480241287318594,50.04916704364698
588,73,n04,0.2547939070892018,0.03092567482016525,45.743710580229106
588,73,n05,0.3273102616689019,0.019357758055906372,48.156731563612695
588,73,n06,0.1865214321645668,0.04393185896416378,47.934109395380084
588,73,n07,0.2996108809294444,0.02468741721834706,41.64732407439641
588,73,n08,0.16264523313015505,0.006833441908516157,36.20370462328474
588,73,n09,0.2359888135863475,0.03343363937186673,47.73263104522635
588,73,n10,0.273403295861432,0.03412316769137604,43.398635726496146
588,73,n11,0.240905652041095,0.031094373759048003,40.243364649892065
588,73,n12,0.20633863880189854,0.009055834227270462,31.61493375744572
588,73,n13,0.2601642228619789,0.03322215313704343,52.33130990940138
589,73,n00,0.17616398641651826,0.040896294301155815,54.6678127465964
589,73,n01,0.24658061005949705,0.025828678893351498,36.02367884592718
589,73,n02,0.27753515408612806,0.0351392069167991,48.78984581281141
589,73,n03,0.32439196749370713,0.018899190487530592,39.74617095733012
589,73,n04,0.31898696778589253,0.018518395467903147,47.83635195599086
589,73,n05,0.18548939198471326,0.03166876389363117,35.06690781579772
589,73,n06,0.3539235508378147,0.01926982052825028,53.752704045275145
589,73,n07,0.2533938709102365,0.021679095226612564,34.52239008883804
589,73,n08,0.30301540734361604,0.03739782672239583,43.940420043104474
589,73,n09,0.29879243465060906,0.03470961638454396,34.339981625802814
589,73,n10,0.09093952916223555,0.027761599225283776,52.27601156056239
589,73,n11,0.2713740601817734,0.02654116594196887,36.7836117024208
589,73,n12,0.22427279245778978,0.03268667058354409,31.76746877698766
589,73,n13,0.2355519071565431,0.048535477381126735,52.890917147575614
590,73,n00,0.7097236103018166,0.08811353977727641,108.6148963905786
590,73,n01,0.7096104448627614,0.08168848620710907,104.46701837332728
590,73,n02,0.7434672846329787,0.06967304145026804,122.18035131741155
590,73,n03,0.6976790926678414,0.08847624704769633,123.36154157677677
590,73,n04,0.7450049068291392,0.10452364474202361,101.0276862388524
590,73,n05,0.7487388563456484,0.07745666753463944,104.82350787723443
590,73,n06,0.8001992627260772,0.07966109687287165,110.04035220359627
590,73,n07,0.7432364916796005,0.09695610594516253,108.8898333450011
590,73,n08,0.7093072059188237,0.09618121939209236,115.55483086059989
590,73,n09,0.6693691030603218,0.06786169689425771,114.58707634090564
590,73,n10,0.6202812033262544,0.09745660206792996,117.75198501117326
590,73,n11,0.7769761127592183,0.07809243145454413,108.87012578086141
590,73,n12,0.7153473511072324,0.0906278737978388,119.96516675139272
590,73,n13,0.64528502380693,0.06129432631508665,123.37297335080771
591,73,n00,0.2951843114980615,0.021710831396430187,49.060360350676994
591,73,n01,0.27709490392004543,0.04009091233171409,27.295077381836403
591,73,n02,0.23110054505446717,0.05749973600136109,35.006359083819916
591,73,n03,0.2598187885433171,0.011617679604241753,52.324437558812406
591,73,n04,0.2519091494325906,0.028234315964366753,46.34027925411306
591,73,n05,0.21209431451179134,0.018386219894773695,49.8765625313497
591,73,n06,0.20710455079450235,0.022639139019618486,26.105130086338406
591,73,n07,0.2504013738111194,0.03020195989393102,34.979923680193096
591,73,n08,0.19622152159555142,0.04886085397495586,46.05158558220908
591,73,n09,0.3576151472493391,0.011874237869043649,26.395263291997995
591,73,n10,0.27627937409720893,0.029104287624628782,55.98016770986713
591,73,n11,0.19062415600153984,0.030272165307082252,28.943170521330583
591,73,n12,0.2114362293100196,0.04429170550648509,47.57353302829736
591,73,n13,0.26581491549089586,0.005237136155144977,43.73897460920811
592,74,n00,0.14827837139372435,0.06206518362546128,52.09450067761503
592,74,n01,0.23414120436640112,0.04189020565701485,36.69125209303912
592,74,n02,0.2945838910746136,0.03605379294181366,33.02380560925958
592,74,n03,0.2571816419714152,0.048243410151272925,42.24917291909253
592,74,n04,0.3314522625738208,0.016130393833905212,41.17328866103639
592,74,n05,0.20446361583165484,0.024713942679110958,55.555537605274665
592,74,n06,0.19797149921827106,0.024268905062998655,33.136603979517794
592,74,n07,0.26454915376558574,0.03577133548716539,42.861199362868255
592,74,n08,0.2019554157338598,0.022024209741656243,58.4885067199598
592,74,n09,0.22570174651101416,0.025746250834457505,45.20443596306426
592,74,n10,0.20817526336336697,0.03856955906686584,40.397306482029805
592,74,n11,0.20232915663999498,0.02384794254219458,51.19409949279233
592,74,n12,0.285909960754162,0.024011107870772208,34.342816388321346
592,74,n13,0.25307293029405836,0.017868945984431974,45.63617328743171
592,74,n14,0.27895100766393544,0.035954777564382714,56.561590137110485
592,74,n15,0.3003318296964108,0.0345191333894965,23.94155368488199
592,74,n16,0.2833769088801631,0.04415751979588006,51.06706993706007
592,74,n17,0.2760410644037959,0.023629051941196924,26.72483019149659
593,74,n00,0.2887229261640588,0.03482479095671528,47.53899127109589
593,74,n01,0.19175113480778253,0.030366763766819228,53.07916051095198
593,74,n02,0.26005663492285186,0.05089648990492132,52.225697421380474
593,74,n03,0.3146864203197591,0.028017986859210905,51.26510994163762
593,74,n04,0.2678185007312466,0.03291113985211356,45.68262737398678
593,74,n05,0.2495117938531117,0.0313401648456771,41.33245948794276
593,74,n06,0.26738317227399205,0.03064131961820448,48.531561585809634
593,74,n07,0.28042391836700853,0.020883989452633103,48.15581386346637
593,74,n08,0.19559239391075223,0.023422377142390767,54.69883644005979
593,74,n09,0.21807319181058893,0.003854524517559809,44.203348333752984
593,74,n10,0.1830432226840734,0.009787929568697507,52.08106033476942
593,74,n11,0.33150603996529093,0.016644548969482777,48.5660485185726
593,74,n12,0.26875189180698,0.03612515180269323,57.81138654233906
593,74,n13,0.27817456857808764,0.021774029554904043,44.999401236927014
593,74,n14,0.3016971887947379,0.04272963641138298,40.92494018293451
593,74,n15,0.26779052845252016,0.013877807814237239,51.32419993842533
593,74,n16,0.2694139977010836,0.03843295040856817,39.439167889642526
593,74,n17,0.28444077179071303,0.046539470100823335,53.00336607752867
594,74,n00,0.25241943626231395,0.024495064999977882,31.843913525011022
594,74,n01,0.3304715307709096,0.03072139944663652,35.411636387102156
594,74,n02,0.31404815046701334,0.02728951900671521,35.6864903695079
594,74,n03,0.268544534969693,0.025029304248358943,45.83829972795473
594,74,n04,0.29011684989026,0.03470500182167355,53.3016425399337
594,74,n05,0.2755728836800145,0.02913424131922929,38.560940136111306
594,74,n06,0.23990349207454478,0.039219764044280826,32.08834157087386
594,74,n07,0.2061581492021847,0.02357625005622923,30.289319249049655
594,74,n08,0.23681478985412058,0.027725469281491506,35.46877803185356
594,74,n09,0.2420521907242142,0.02059500149618924,23.7476234855515
594,74,n10,0.2294238828800973,0.04340848267427584,39.77962524983618
594,74,n11,0.20101375240666758,0.00843746181459161,57.27797235937152
594,74,n12,0.2330859560725422,0.016252769063218105,50.50222752632318
594,74,n13,0.2196300859350419,0.051924455702112945,54.60213388277371
594,74,n14,0.20238410744490742,0.043101215096124294,40.07913049109246
594,74,n15,0.21608373634458256,0.039859367054063136,52.112795652808764
594,74,n16,0.24479867538066263,0.04721251533141012,65.17013437415392
594,74,n17,0.28348264645984933,0.03271264763100551,59.19745701950185
595,74,n00,0.7348471439077785,0.0923195482271653,116.27203095103302
595,74,n01,0.6244066342062009,0.07861939940504815,107.36401561342252
595,74,n02,0.7205190784946895,0.09173400187836214,95.22555430288635
595,74,n03,0.6098035865406927,0.07046445548257899,108.48621655312876
595,74,n04,0.6775268265375477,0.07457947278429682,109.87257603100893
595,74,n05,0.7117671935439365,0.08075903660975212,100.55228173537064
595,74,n06,0.6790711391888997,0.09424581367958039,115.10362905635911
595,74,n07,0.724383870878908,0.07455605660405723,108.41188541945216
595,74,n08,0.7272465245697031,0.09312395775897157,111.95037982064443
595,74,n09,0.7564732482713968,0.09661475722086103,108.3253524689759
595,74,n10,0.8212066640725137,0.09033879916662939,96.26477304538912
595,74,n11,0.7213286479896909,0.08265560094343104,112.41064972928575
595,74,n12,0.6566565248625122,0.07424501196196787,122.18402247200885
595,74,n13,0.7722495344260255,0.08545560009120942,111.77957486938321
595,74,n14,0.6281046754319589,0.08768065551632662,104.24079149492889
595,74,n15,0.7767133301894783,0.09184572346683695,111.06379488933817
595,74,n16,0.690637581173759,0.08245929144436664,107.32086597684457
595,74,n17,0.7060466412134425,0.05630084666681345,96.35631586509209
596,74,n00,0.26200404521465315,0.03225517370921516,26.365067957187645
596,74,n01,0.3498304967374981,0.024514031974013313,40.52128066102369
596,74,n02,0.2997036310731138,0.03571003092369682,46.60868339954107
596,74,n03,0.29976390708999967,0.03759781222872933,46.13127503634629
596,74,n04,0.20649676123482125,0.034268339685277836,56.40248997942732
596,74,n05,0.2871157905177116,0.04181993620941107,51.58474081726896
596,74,n06,0.2754468328511761,0.02959004821835108,41.37461893993053
596,74,n07,0.34055876801132273,0.02643289588165271,43.34822258109916
596,74,n08,0.2745670665817415,0.01483562649922166,50.24535310246212
596,74,n09,0.2725852499340939,0.0195425935048463,38.48293678511857
596,74,n10,0.2974176573044011,0.03150941363378708,58.643540960863916
596,74,n11,0.2386275304331221,0.03220592928719501,49.614778412030866
596,74,n12,0.27610783143763745,0.042905459756014334,45.887008829899315
596,74,n13,0.25932251831599845,0.02579548495522285,49.908887448154076
596,74,n14,0.23272171410205558,0.042624403830430604,46.1628256665699
596,74,n15,0.24087877648414688,0.023848166306209038,55.46954570850104
596,74,n16,0.1970821544791292,0.040639733238136695,55.257584020178314
596,74,n17,0.17127997374346499,0.04854825430294339,39.180839105614055
597,74,n00,0.6981041115062749,0.07415335981675215,108.26180917669087
597,74,n01,0.7056090997596348,0.0753510460359766,102.84617465065692
597,74,n02,0.8171760387207891,0.08262110598370485,102.17733326081039
597,74,n03,0.7163933136631564,0.0716726980325172,111.02608728973556
597,74,n04,0.7057653763548786,0.07703011693918399,119.10828499664393
597,74,n05,0.737167230990338,0.07730732444863699,101.6412276947368
597,74,n06,0.747461712239948,0.09226082424510436,103.33318832421001
597,74,n07,0.6871884435911376,0.0713164942128282,111.9272465463919
597,74,n08,0.6660819454143121,0.08440116773248427,112.78149888295796
597,74,n09,0.7300078971991388,0.06559269002304888,122.66063978886729
597,74,n10,0.7020986376234439,0.0760123002624485,103.99219132659638
597,74,n11,0.7178367262226252,0.0820884247025839,111.38686677123422
597,74,n12,0.7712540993961449,0.0664695380731922,98.32108424084801
597,74,n13,0.6526274709826718,0.055795586705984744,117.70113909440603
597,74,n14,0.7420144544826065,0.09295547929739802,102.37653266578491
597,74,n15,0.7095835314523606,0.0807453405629656,97.91024407782392
597,74,n16,0.7489176461625506,0.08066921553826113,89.71101128144369
597,74,n17,0.7534309868190266,0.09561913572696322,108.4956278526218
598,74,n00,0.7042506589434829,0.07979276485250374,114.90202987933262
598,74,n01,0.7054848796172621,0.06429100061786706,103.36942405138184
598,74,n02,0.6728989693939584,0.09383704018059169,106.17437231608346
598,74,n03,0.7325763512536944,0.0871290547286124,112.92129171629873
598,74,n04,0.7270937880530182,0.08169092013991755,103.95512449932184
598,74,n05,0.7062572410112347,0.06669298922193577,111.5803426492963
598,74,n06,0.6495206720881793,0.07584545536269245,121.38398856593531
598,74,n07,0.7173699080690783,0.07894541006897675,108.36259956801116
598,74,n08,0.6692466644596083,0.07779300975393559,118.81738040868383
598,74,n09,0.7087951210605218,0.0885248993684051,123.12335587296343
598,74,n10,0.7580637564850385,0.09465969614346452,109.4069395178504
598,74,n11,0.6786407626771473,0.09298498849261903,106.4117117082449
598,74,n12,0.7701928373549252,0.08511310735726091,106.18189601775697
598,74,n13,0.7696293849002644,0.07597367238864004,110.97338065927491
598,74,n14,0.7097003301606568,0.07922677941778514,109.7045929755952
598,74,n15,0.732816980526839,0.07535766364437305,101.01544913587003
598,74,n16,0.7763754137353516,0.10011412099366321,101.86360124124154
598,74,n17,0.729968166702956,0.06315464959162036,105.08852315274139
599,74,n00,0.2256820732143129,0.0459538380723228,35.09167490001785
599,74,n01,0.22980072921254735,0.026260234673939876,34.423055509032146
599,74,n02,0.2705198181357704,0.03880410014205592,27.54509994542964
599,74,n03,0.22770172052379548,0.02300088889030512,55.14820108677019
599,74,n04,0.20987390512531068,0.049251248064010406,42.7300509929458
599,74,n05,0.21481523714859155,0.03270145060344857,38.50420693041768
599,74,n06,0.2393192477273499,0.04536058885136825,45.81809979191453
599,74,n07,0.21534407375576825,0.03341807724555018,46.92406035412826
599,74,n08,0.24674200851739916,0.01887826635064794,37.8434172070637
599,74,n09,0.30666770121154474,0.03955973727551669,45.10451027778666
599,74,n10,0.20788691241500423,0.010256201886219427,50.14563424378564
599,74,n11,0.2805030690359921,0.03170109847790727,57.09746204816968
599,74,n12,0.315685960797691,0.014816481379095735,41.31965670271314
599,74,n13,0.2509024608269847,0.03612717158747492,50.72449738005683
599,74,n14,0.2193733339662267,0.025666400690562374,34.95579818593794
599,74,n15,0.21556966954588325,0.05035929348996096,47.89924251384263
599,74,n16,0.25333684238384846,0.019202242835139268,33.80785510064321
599,74,n17,0.25968379572392497,0.02213697858024295,29.92377157545139
600,75,n00,0.7841442849091104,0.071561794242904,114.74009335288659
600,75,n01,0.7193647487595746,0.10203865538177714,118.34543801508428
600,75,n02,0.6920303112366372,0.07875000826053405,124.7204533934208
600,75,n03,0.7146273900745723,0.07859542479594882,107.25523451555972
600,75,n04,0.6740520791643857,0.10277933577447901,105.43109402411567
600,75,n05,0.6865861139571077,0.08081702998533873,94.08185509272113
600,75,n06,0.6847763415601834,0.06961883238969375,108.87127840401378
600,75,n07,0.7804768592914558,0.07686307717577552,114.05221953737444
600,75,n08,0.7822342146617414,0.08937082169362771,105.53641750829824
600,75,n09,0.7449741501066856,0.07882585687081958,123.24896263045775
601,75,n00,0.23845529528681086,0.04868700280562578,52.21214718996714
601,75,n01,0.2876916934939,0.011165800112375463,57.628055587765786
601,75,n02,0.23821021409411236,0.05271678146269976,48.195909897675826
601,75,n03,0.2428101772627134,0.03113692598110765,46.560123368787735
601,75,n04,0.16496633926517906,0.02322378411588434,44.27893059739056
601,75,n05,0.21083090088708223,0.03139746905737092,39.21840377089772
601,75,n06,0.24427632711067832,0.04947105576203881,38.595954166363704
601,75,n07,0.26878379046620804,0.03282737635747257,56.96446519717324
601,75,n08,0.25002732199414374,0.009065590686664446,51.445467394232196
601,75,n09,0.2804678793987112,0.025220353409120048,26.79152646992569
602,75,n00,0.23727876993168454,0.004097173730414995,58.547547079455924
602,75,n01,0.25279382027819797,0.032361659823724874,41.724289278369014
602,75,n02,0.2877940702818736,0.052681332920035864,41.5607098801548
602,75,n03,0.23560718736794264,0.04512755113802731,44.7009359632254
602,75,n04,0.2513248186833753,0.029542208282653245,50.02878329253496
602,75,n05,0.2248935494453183,0.03721547853742561,51.43514129740237
602,75,n06,0.26131797602534707,0.0,42.92843780706215
602,75,n07,0.22796314511212237,0.03979362806605355,34.844366719868894
602,75,n08,0.23338028716936957,0.008910628408192296,53.51073987049308
602,75,n09,0.23525376038248047,0.03549578978023244,44.03459991804833
603,75,n00,0.6547406726773692,0.09575002693749708,99.1025039305328
603,75,n01,0.7560314811293027,0.07453056472736574,113.67818409829002
603,75,n02,0.676619711915719,0.08022106254216725,100.67620191180814
603,75,n03,0.7028465700365786,0.06995017506304652,110.46736009028416
603,75,n04,0.7361541220117961,0.0883551557044977,96.10571338826472
603,75,n05,0.7158954381314745,0.07508998851441617,103.64928546887306
603,75,n06,0.6058353159337426,0.08176473110493396,116.6510798645888
603,75,n07,0.6719623224279525,0.09357114026059367,111.2993319263216
603,75,n08,0.7190740015739989,0.06422884606742221,116.39341839136
603,75,n09,0.8065103995584862,0.07891870688330642,85.8216906932701
604,75,n00,0.6902121501469994,0.06260171471905886,99.20048186280651
604,75,n01,0.7544204146035961,0.08183708646077048,113.25399615653073
604,75,n02,0.7274670025191826,0.08246773176859959,117.64888558756229
604,75,n03,0.7149233889366056,0.08224870934745696,112.13065809255565
604,75,n04,0.7683191824423352,0.08417079490742463,109.17320552018322
604,75,n05,0.7929937333497623,0.10552329956841239,116.51455061143612
604,75,n06,0.7349130044790021,0.06901852926519755,111.65295755717705
604,75,n07,0.7187634895108183,0.07846590429930805,122.88276728044663
604,75,n08,0.7218554192997284,0.0643689718558229,106.54374619857559
604,75,n09,0.8006415804952604,0.08712933856873648,109.35394128705515
605,75,n00,0.7811362053744958,0.09054813961796629,117.38293137597708
605,75,n01,0.6846982268159958,0.07971197245156585,110.61677485939866
605,75,n02,0.7024120504935646,0.07885403353110643,102.607902269482
605,75,n03,0.7769046666158449,0.07606044135528406,121.63372313711172
605,75,n04,0.6470097246902706,0.08106958741595466,97.37113980884487
605,75,n05,0.6688466675380109,0.07238078661248429,111.18434067052932
605,75,n06,0.6692728484306102,0.09411668609048839,112.32765484529354
605,75,n07,0.7323688273245513,0.08594565391329718,104.41233394549846
605,75,n08,0.6632665581913675,0.07413873238395441,104.08354879693508
605,75,n09,0.6856911905528473,0.08086887045894221,117.48328177740203
606,75,n00,0.7203102580942178,0.07729662066758329,113.00891169820284
606,75,n01,0.7427746039577591,0.0838469142859159,116.06603341317339
606,75,n02,0.6673173410316062,0.09862528969966,106.51826321596246
606,75,n03,0.7365746110487573,0.07842118339178837,117.51118797726926
606,75,n04,0.7371787193567427,0.0805172788172819,107.15740830945667
606,75,n05,0.6735588036340304,0.07265499795691832,109.66017647809296
606,75,n06,0.727924685316805,0.07918466752045951,94.31676577533048
606,75,n07,0.7352821823326636,0.07085406064965573,103.81437917811485
606,75,n08,0.732930224196471,0.06847169632020475,114.44097540309477
606,75,n09,0.6810128811696542,0.07715097283679288,115.02618401769827
607,75,n00,0.2869082328788924,0.030544918232860825,38.208120652682396
607,75,n01,0.22295895074104977,0.03595886101594478,38.9252025695205
607,75,n02,0.25085568057704505,0.018192182301437904,41.97613103333626
607,75,n03,0.26182942167325757,0.02896402527092883,46.9568754658661
607,75,n04,0.26008844598812514,0.04243628269556346,58.90188059300577
607,75,n05,0.25249973335944464,0.025454223822006336,56.637625950018965
607,75,n06,0.2597446725239794,0.04664587701664201,45.13357444946509
607,75,n07,0.23182054865012347,0.03775716963214185,47.5251271538728
607,75,n08,0.3255570079458902,0.045931201680944014,41.82353280117685
607,75,n09,0.2575726406039793,0.03892123451088856,42.16008652667606
608,76,n00,0.7195889180105989,0.06812249548064005,118.12244235336749
608,76,n01,0.7537447098181306,0.07985026895490607,118.3151432447641
608,76,n02,0.6811140538752107,0.07619431270730416,115.21576553816871
608,76,n03,0.712477153741107,0.07490567091526393,106.635176414452
608,76,n04,0.6993662762155526,0.09319347668600658,100.62841770416449
608,76,n05,0.7041302914719768,0.08313446961022168,110.62375608091286
608,76,n06,0.6694901861466332,0.08275386783006283,113.07148630358579
608,76,n07,0.8047186416935117,0.08765442636452973,113.38178269100123
608,76,n08,0.738166988793955,0.08359895803288075,110.65351988556903
608,76,n09,0.7034786478495719,0.06658118288923259,129.11567596391566
608,76,n10,0.688709486371322,0.07359270301164374,114.85475319665662
608,76,n11,0.753648985757194,0.08013636760483969,104.50800564579326
608,76,n12,0.6797734449844127,0.09814618089246296,112.43333146542719
608,76,n13,0.793017683825502,0.09143245459558869,123.62846851482689
608,76,n14,0.7318987764272628,0.08013419609818866,107.42082021208401
608,76,n15,0.7397502078365413,0.07524634819803863,110.13814674017353
608,76,n16,0.6227219443257019,0.07622156304731836,109.79227424794409
608,76,n17,0.767190707335662,0.06680439126081128,108.49628774889368
609,76,n00,0.34587350929381916,0.026776996900147027,53.91011660552461
609,76,n01,0.2824540264927537,0.033402452638625804,57.70407292023957
609,76,n02,0.2122767016760415,0.028888580317460145,40.23504177005134
609,76,n03,0.2920885667673986,0.017335992058697493,48.375937114927105
609,76,n04,0.19492929884899426,0.05514028722473814,54.3441229426181
609,76,n05,0.2435974859231556,0.021636423244839234,50.40770638482849
609,76,n06,0.15892638195157205,0.020135752350357024,36.54321017737231
609,76,n07,0.20050432866873497,0.01666673437742337,53.65408615983041
609,76,n08,0.2831717059291711,0.0376020992036176,58.39432489608191
609,76,n09,0.2281565506075876,0.03301516757963673,38.9315117265695
609,76,n10,0.18460968822782223,0.029634576481158012,42.371952928406806
609,76,n11,0.2513554461058001,0.025959489859971745,46.553191839228155
609,76,n12,0.3113377630395602,0.015237916467676043,60.42047915544401
609,76,n13,0.1953243554043612,0.009534184099178777,58.55595054430461
609,76,n14,0.2893393681754294,0.032881495986051196,45.64028920081729
609,76,n15,0.19634145275296744,0.01866599744286161,57.95375984208252
609,76,n16,0.2963317989837596,0.033028577626713226,46.579805343059405
609,76,n17,0.17912722908672685,0.03007917646914594,53.30509755222551
610,76,n00,0.2529109068054958,0.05387797827178775,38.91640643296887
610,76,n01,0.24100747270948802,0.01773647935089701,52.21665382924992
610,76,n02,0.2423416680944902,0.030745059228713727,48.30924056702199
610,76,n03,0.19626453279646158,0.06119363515685572,33.4910803036046
610,76,n04,0.21884267562600512,0.031816263320918706,39.591352513523816
610,76,n05,0.24245812693507723,0.0229783277574757,36.60422801251853
610,76,n06,0.18047798590286546,0.037282474336011395,50.44951077482499
610,76,n07,0.22440203351655655,0.025091697437903866,54.97626942316313
610,76,n08,0.30536899013831326,0.03305749493221914,50.243044337942145
610,76,n09,0.2455834041431079,0.034153198295837184,30.103451514312326
610,76,n10,0.303492311421107,0.02321374381387577,47.85050360546779
610,76,n11,0.20412880555486151,0.04190593064321472,39.943664755570936
610,76,n12,0.22350752821579772,0.019183425341297754,50.09290245163489
610,76,n13,0.2972950865171414,0.008847720622197425,47.80932241219574
610,76,n14,0.18956789056980572,0.03784830606359073,32.718240449831335
610,76,n15,0.26409103563042213,0.02482421122759839,49.96999613023797
610,76,n16,0.3105514989174596,0.05180475061993612,41.80816518631946
610,76,n17,0.22580922058519215,0.035065715472919826,45.299072996035456
611,76,n00,0.2607182042660962,0.029268849622281184,37.403636955602224
611,76,n01,0.28642463522598743,0.026058693251470377,49.53012852371638
611,76,n02,0.25541470425372786,0.030222281897022862,37.882640405138226
611,76,n03,0.28914843820010194,0.03059583041792946,44.67519124226776
611,76,n04,0.1959418740396862,0.048656360657667784,60.54156830027217
611,76,n05,0.2892256753495622,0.0470433654060501,46.314630075947825
611,76,n06,0.25795189544692804,0.03948893340995779,47.78101881375806
611,76,n07,0.28746184381816065,0.02742205250922971,43.189283173009834
611,76,n08,0.18749833306075875,0.024092562604682448,31.208881810116992
611,76,n09,0.27313629854122706,0.007796868460836902,42.44575546887476
611,76,n10,0.24588325862091984,0.0,46.76545162925192
611,76,n11,0.2887498332812092,0.02601255818583776,49.503105682167536
611,76,n12,0.20069929758448116,0.021330421740887756,45.59283036871126
611,76,n13,0.26872835431151726,0.02124736100878958,35.4048583355314
611,76,n14,0.19564654343658738,0.027566332014292885,50.45566389121423
611,76,n15,0.16582075037697092,0.03349517037121383,39.62519306579062
611,76,n16,0.23114068859472175,0.03534579492795428,37.9337370114479
611,76,n17,0.24366977417663768,0.03452971603433518,57.77324242593913
612,76,n00,0.7724009564414777,0.09281237220640101,102.27759715144977
612,76,n01,0.7124322831459979,0.10327692543632148,116.7304877449875
612,76,n02,0.7299370550358976,0.07414871769535446,105.84163728716926
612,76,n03,0.6585422549287069,0.0781272593317894,117.89228339987841
612,76,n04,0.6208438858109953,0.0660033184358912,115.3276377257062
612,76,n05,0.7419514658732628,0.08199957184137883,102.59917097547792
612,76,n06,0.6789623081762268,0.08958491254538864,108.10884707410331
612,76,n07,0.8187685199537644,0.08234877499724327,117.81475465581005
612,76,n08,0.7059533891263577,0.05126128392375534,111.222115570057
612,76,n09,0.7107478188386627,0.0748310656071443,102.47229355593936
612,76,n10,0.7836109210723818,0.07874254494344986,110.17159413548553
612,76,n11,0.7703865219601498,0.06708556999300071,121.17743654467347
612,76,n12,0.7136524940523995,0.08964868232360394,108.05831268751336
612,76,n13,0.7053668236657354,0.08289268968898263,114.29275534463818
612,76,n14,0.699701971425524,0.06920469564859619,116.59401555688974
612,76,n15,0.6757322000344402,0.053804502945649285,103.4303492138
612,76,n16,0.7625819602034902,0.09006527213298503,99.40269685016146
612,76,n17,0.8151586939559627,0.08977650641813739,129.71482976330935
613,76,n00,0.7363343098288418,0.07618522332334444,121.9060325400138
613,76,n01,0.6970828915483944,0.07941512250242676,100.25890571584614
613,76,n02,0.7030312465452053,0.09616584595308182,118.5607382707059
613,76,n03,0.7551298793463258,0.08899622567496139,88.37028294893693
613,76,n04,0.7310290375502927,0.06929353475886502,119.71031441080618
613,76,n05,0.6411013953807576,0.058938730498584856,106.36652695491499
613,76,n06,0.7049687178149657,0.07366030801084272,108.12668214131372
613,76,n07,0.7514445387826784,0.07330732904444513,108.1481664243808
613,76,n08,0.657529003354382,0.09263893146954567,121.1646454861449
613,76,n09,0.6673677063397341,0.09187665079846588,117.74247923563297
613,76,n10,0.6515091177037144,0.08861161521501448,115.20878967064026
613,76,n11,0.7831964931417247,0.05035606040166218,120.74095991877726
613,76,n12,0.7694420698550893,0.06707416276318555,102.74796417893955
613,76,n13,0.6638649631565744,0.09714628912290621,114.38417570244094
613,76,n14,0.6656426347762524,0.09788797107004034,112.72916792976486
613,76,n15,0.7235559529065486,0.06659172899480909,110.2678830700385
613,76,n16,0.7861056630996012,0.07930625520794067,124.498415058105
613,76,n17,0.6803424686580103,0.09092617631486154,110.17734316863312
614,76,n00,0.15930720472629176,0.04729034768536794,39.74737441457451
614,76,n01,0.22262003338533445,0.024186775986692492,31.14840938826631
614,76,n02,0.26461157894012266,0.030602099578800668,52.815182683195395
614,76,n03,0.3359036285700801,0.01948884216675889,53.1362583263847
614,76,n04,0.23562617298615074,0.03515019093252889,48.625397674088035
614,76,n05,0.26198779385060006,0.031145205968407575,39.84658576100986
614,76,n06,0.32032439646630995,0.030584741410329165,51.13786380001774
614,76,n07,0.18569019603684003,0.03957029280518269,45.221787462172216
614,76,n08,0.31073583464903304,0.038944386193682,40.286467443335795
614,76,n09,0.2273510780407963,0.02889980597876798,48.703398442956335
614,76,n10,0.2539873280240332,0.03360309737597084,36.81293891403197
614,76,n11,0.19364247011618024,0.027045572601859167,59.383408454651125
614,76,n12,0.2326250704938382,0.03533168421681217,55.10058315880896
614,76,n13,0.24500190770991437,0.031119201092177067,53.52291882509344
614,76,n14,0.22883675468854833,0.04066876585080899,35.9054947372359
614,76,n15,0.21382556796076313,0.027092069623929058,33.05221192728575
614,76,n16,0.342896294968724,0.0405933643840862,39.17067120651439
614,76,n17,0.23088014491081885,0.03660610082320038,46.38078066543319
615,76,n00,0.30687444495335625,0.017231516185951475,53.49943201622974
615,76,n01,0.24887120563122495,0.031695063398111685,47.98199068606448
615,76,n02,0.3065499496149436,0.009377109140672323,37.717557511790666
615,76,n03,0.3623113588334452,0.019332940432904237,42.99198887020805
615,76,n04,0.2874290006802792,0.046060666485238086,48.76497720450699
615,76,n05,0.24884299095221496,0.033185545416396525,33.99628094480168
615,76,n06,0.28703418025379324,0.04074640879418272,55.96866039276661
615,76,n07,0.2551504250222268,0.0036450019808657724,25.665394541808347
615,76,n08,0.2764464984560931,0.026573955953439532,42.44707310989724
615,76,n09,0.24168918808702042,0.044292756992936534,30.62323670313072
615,76,n10,0.2751351234953082,0.0048241159069286055,42.19877448877941
615,76,n11,0.3183981980870003,0.03802694215025289,40.50609642273507
615,76,n12,0.3028754503839031,0.042193802702368194,37.65917312267782
615,76,n13,0.2599248354111312,0.030587114176958766,38.94324866575643
615,76,n14,0.23450951760708838,0.011372514056295743,48.99249895063216
615,76,n15,0.27591996937417057,0.021680467048586234,37.25822326972503
615,76,n16,0.2489851524935346,0.05613669748081641,31.20175282547552
615,76,n17,0.21840539258969704,0.029058197814236443,61.959393795793474
616,77,n00,0.2523802140827202,0.017146078692541648,45.62329576037733
616,77,n01,0.2693884572689057,0.02394981918415791,60.678545756073625
616,77,n02,0.28628246876929625,0.040182784986463396,42.35639648660892
616,77,n03,0.3232684712620973,0.03225556500443951,45.065917941360745
616,77,n04,0.2699379733295019,0.03338488670155964,41.52750596395941
616,77,n05,0.33809686141036466,0.015480506838429987,52.08556958028396
616,77,n06,0.15467304304693152,0.006058228588936676,49.94395731500793
616,77,n07,0.25653168124112874,0.012031374341220476,51.425263248652215
616,77,n08,0.2731506103696078,0.014968863247317332,37.82609870899784
616,77,n09,0.2591895846520112,0.022879677700597956,53.77843443622598
616,77,n10,0.26550583146894113,0.0218565129802022,47.45523667350262
616,77,n11,0.33709826107931223,0.029653524220160814,43.47295603876198
617,77,n00,0.6289424525765018,0.07412396634504458,103.01768929228712
617,77,n01,0.707577299602252,0.08301293213534533,104.21711338894312
617,77,n02,0.6481879856614942,0.0694992549963207,110.9966938121588
617,77,n03,0.7221075416856876,0.08969822206537356,115.88131562667503
617,77,n04,0.7523344374313808,0.06619289294556557,118.31504737465212
617,77,n05,0.7046137003506502,0.09366021792853915,111.34716087208488
617,77,n06,0.7383315584141793,0.06244659224531085,98.03239127334217
617,77,n07,0.6862226110509771,0.06844264809090743,112.07685404518772
617,77,n08,0.7303584356874746,0.08752403212531407,113.27772377960834
617,77,n09,0.6646604982670418,0.07548076650948148,111.94641240864054
617,77,n10,0.7662926723832277,0.09313034169488292,103.34205821852859
617,77,n11,0.6610643684223118,0.06453268999914702,108.4766773026245
618,77,n00,0.7390448230183908,0.07272275204301497,111.85850934178585
618,77,n01,0.6163750625186234,0.08594747811320294,110.04627494193237
618,77,n02,0.6971602785925668,0.07550717047860035,116.50083897856322
618,77,n03,0.7730636738412067,0.09810313643354494,101.3974179728765
618,77,n04,0.6646501756622076,0.07641696369070394,117.37189179755055
618,77,n05,0.7413112318656085,0.08689410218365104,107.5440676089845
618,77,n06,0.7337849759285364,0.07795377446160237,121.62457499100229
618,77,n07,0.7394170355165395,0.08300148815256007,109.79967062369306
618,77,n08,0.679986186240418,0.07926236667341725,118.76058963919654
618,77,n09,0.6762285793285134,0.08560645391895205,112.06796296771256
618,77,n10,0.6956371767602987,0.08561806515051504,107.49213381446258
618,77,n11,0.6915420903332059,0.11328688650582237,103.24931060761696
619,77,n00,0.2057918363111916,0.03458770999561776,41.676442340899314
619,77,n01,0.2739774635876678,0.029047969578996555,36.8737627395669
619,77,n02,0.2546578078405604,0.039934354346205465,36.36721440906307
619,77,n03,0.17004583869694667,0.027812179245352064,36.483574684148984
619,77,n04,0.19267217228676464,0.023703594687340464,43.45158373428658
619,77,n05,0.2718393427330886,0.03230013508335761,52.034485406633834
619,77,n06,0.2319233354883414,0.03545784344147572,56.45197199647939
619,77,n07,0.2605605690656789,0.0334551442847016,32.06947589435558
619,77,n08,0.15049999253363977,0.04772249628988094,44.01718131586835
619,77,n09,0.2912353148417974,0.02715048154352042,43.82209138768669
619,77,n10,0.15957513612743277,0.04374199222776658,50.893232217990715
619,77,n11,0.23713841604299077,0.015714246109506065,43.70495572626436
620,77,n00,0.23780239083857316,0.020367047941857144,43.53104835826486
620,77,n01,0.22096467107236636,0.0060246111299695065,43.71879749887499
620,77,n02,0.2917791351542819,0.020647724996356143,57.417332868787426
620,77,n03,0.3054512347370838,0.03403632335375758,50.877140952478044
620,77,n04,0.19197984476428223,0.020666406348568592,53.04086003833761
620,77,n05,0.35772956344904794,0.00226441416152404,42.56368148551654
620,77,n06,0.22773667540710674,0.036380816592342435,43.60634193474741
620,77,n07,0.3628682578370631,0.01404888684291112,27.165791183915005
620,77,n08,0.29007132484657155,0.0447622487323624,49.113104364721806
620,77,n09,0.18644971977946134,0.031419068097015786,35.733959601981255
620,77,n10,0.31293220755004747,0.03470215833703119,45.34284067089444
620,77,n11,0.3038406491579638,0.0229663540381631,43.81135658730022
621,77,n00,0.312575516673441,0.029986558099438947,44.0802995837703
621,77,n01,0.2592982288185914,0.02283505485558581,51.53701777116994
621,77,n02,0.24956734380886675,0.03898532539423574,54.40836333702228
621,77,n03,0.23385309331900941,0.03741319489488153,42.27936691688899
621,77,n04,0.2939900570812355,0.019897023893774943,37.096612693552494
621,77,n05,0.21502804732681968,0.026519755804903455,50.33539970357444
621,77,n06,0.2133245636028853,0.026678862080532963,35.97013869620515
621,77,n07,0.3145515721953633,0.022937736847885255,39.277111612978395
621,77,n08,0.2797985722024526,0.04195734468178009,46.56276126183885
621,77,n09,0.24068671937472427,0.014055668885167263,46.84969567674601
621,77,n10,0.20966887296736897,0.034414182771356217,60.71458501494031
621,77,n11,0.2062186582704916,0.04913690702720451,49.297855111635066
622,77,n00,0.26586385957117836,0.04393156688389958,53.134414927728294
622,77,n01,0.2128444297622567,0.03207964093878224,59.443717635054114
622,77,n02,0.3602238264726351,0.03199120316056715,58.44653474637589
622,77,n03,0.1860901755283999,0.03419270389464284,34.010104632753375
622,77,n04,0.21809422414936494,0.0344261619063593,37.108550740660796
622,77,n05,0.1980005363624443,0.05163891053472766,35.147825774100426
622,77,n06,0.31430092834845436,0.039524543414134,51.5366046004755
622,77,n07,0.24911116281884682,0.044644393683287015,46.64586614241412
622,77,n08,0.2553168628768044,0.03430950551451007,46.748767233544484
622,77,n09,0.31843023092281797,0.04660523737782747,45.879616683942245
622,77,n10,0.1637168742745282,0.04087614252220085,44.549901901994836
622,77,n11,0.25365060849042154,0.01358388387330715,34.579959812640965
623,77,n00,0.2549280777925065,0.025886325375151994,52.29519669129385
623,77,n01,0.22283431468712742,0.04498298343727376,46.57212804108759
623,77,n02,0.21230523610896992,0.049840601853247006,50.56737252229254
623,77,n03,0.24509872296276683,0.03731475985222098,55.595134469599465
623,77,n04,0.17172923965245196,0.015149150041044213,40.378670539857836
623,77,n05,0.1808975455209116,0.010491108185618596,46.14070500315278
623,77,n06,0.17649498397667313,0.0413852811365132,35.940405260276734
623,77,n07,0.2742322055354524,0.03389149487347024,42.15125139698319
623,77,n08,0.2463102320446438,0.008123867458345927,45.63205377543614
623,77,n09,0.163176336060491,0.02676465616298963,54.276301095116544
623,77,n10,0.3080824561461174,0.02436718459881649,51.56120186570326
623,77,n11,0.2812631292843493,0.011782832437136712,51.68076153515984
624,78,n00,0.6838024352525603,0.08807345591432617,107.93623792710594
624,78,n01,0.71271870888283,0.07664895614749158,116.4339628404604
624,78,n02,0.7194899682551531,0.07179471963904252,115.62416532136146
624,78,n03,0.6850537509673391,0.07317299580201433,108.31788725289046
624,78,n04,0.7402271140184502,0.10465625079611623,116.69686161100745
624,78,n05,0.723900525171978,0.0831627196732587,99.74164106062143
624,78,n06,0.7552420582291399,0.07955289328786136,100.56746097224146
624,78,n07,0.6943478752391101,0.08279672291190386,117.90459513289
624,78,n08,0.7474482315730409,0.08308984919786622,90.31619777441867
624,78,n09,0.7512107263613136,0.07103605703267032,113.08534453471707
624,78,n10,0.6805829155449287,0.05899069905690609,116.00900859114243
624,78,n11,0.6903939519052914,0.08010991392725225,100.51801114345086
624,78,n12,0.7144931910711895,0.08704689463844392,106.8064707534675
624,78,n13,0.7296246987210425,0.07753998077995362,120.06077902795933
625,78,n00,0.7023401165848149,0.07443121515700098,113.94819461215118
625,78,n01,0.7472054891815489,0.0784490585016226,104.24454220479716
625,78,n02,0.6755331305516503,0.08415732995968121,102.88140932571604
625,78,n03,0.8535090977666822,0.096301620335192,106.06611193035907
625,78,n04,0.7328792740709782,0.08271211969054279,103.516953399693
625,78,n05,0.7156339108080311,0.07726467603186336,91.1706154192688
625,78,n06,0.7094300926869009,0.08743341019699905,114.40424520544387
625,78,n07,0.7268876542340588,0.06060914315870259,101.93169171234935
625,78,n08,0.6369612882961686,0.09983165319103751,99.40768673576464
625,78,n09,0.7789862783042343,0.0875911142699475,103.98537990640388
625,78,n10,0.6815282801788182,0.07220193789427362,106.61489583090143
625,78,n11,0.6940071937588542,0.07058307417640836,115.57591928626981
625,78,n12,0.6280803761211575,0.06163620863080842,117.20294619309769
625,78,n13,0.6597773302596424,0.06006205201774521,111.28565870548661
626,78,n00,0.23697101776224613,0.03493261866143857,58.17163778733199
626,78,n01,0.27901507434058803,0.020459030341693243,35.02020576704156
626,78,n02,0.23517006269187307,0.017243265514380074,48.40359570847274
626,78,n03,0.19777992338572184,0.025348909956805853,55.81077761779081
626,78,n04,0.29159394452257753,0.021881756137500007,46.396571010147596
626,78,n05,0.2870628270311364,0.017562533477241724,31.571137045646992
626,78,n06,0.22187134595587785,0.03981979357433528,54.305207594061855
626,78,n07,0.2652971399304894,0.026729303295267477,41.791293503810316
626,78,n08,0.22437083854449186,0.041017169914294827,53.51505704176286
626,78,n09,0.16492917955887065,0.026618819535675638,47.90934933598526
626,78,n10,0.2994930357902653,0.04320226608471355,38.181623630684626
626,78,n11,0.20923556414904637,0.03389553908729876,33.027071462517
626,78,n12,0.22430752493650097,0.030777926573667718,56.59649038199099
626,78,n13,0.14987732126345915,0.013945662463880088,59.032897591820934
627,78,n00,0.29182355704869367,0.03523958415153389,34.09553833756608
627,78,n01,0.17510272179355668,0.020883994688866342,49.41785951659856
627,78,n02,0.2314320203475638,0.0181450464348819,30.63580457991243
627,78,n03,0.25117439423834204,0.03032177318816696,50.02559500404282
627,78,n04,0.2623131208384872,0.014022403204830412,54.71353800898589
627,78,n05,0.28707764436389055,0.041578008244227534,52.25625941036214
627,78,n06,0.21095091057657547,0.02969043234168574,47.316075364457376
627,78,n07,0.33798555930783936,0.03399714308838167,43.64512111959895
627,78,n08,0.2887518891614993,0.016545080270833498,38.20685367746843
627,78,n09,0.2690962596900704,0.02137291811194088,45.388774445702005
627,78,n10,0.24222300690028342,0.041924815471481885,64.8731085224515
627,78,n11,0.23510665285399734,0.031107630453288473,39.84404213622166
627,78,n12,0.2789608952159459,0.030522418749036828,54.01498150595438
627,78,n13,0.25477848754373816,0.05114352653263701,42.57511763251344
628,78,n00,0.2667852473901965,0.02198572686249486,40.41198362497153
628,78,n01,0.1922209663816353,0.04405243921596036,42.514542825590645
628,78,n02,0.23566432426550268,0.018787414932087576,48.545837713188085
628,78,n03,0.22104399636261926,0.024325189230255752,42.981792134645104
628,78,n04,0.30112174200804187,0.02507426969129159,53.17740325808558
628,78,n05,0.28548236929019233,0.03261805135738197,42.06276476243769
628,78,n06,0.2953179210874829,0.033477769356952146,37.17103064500679
628,78,n07,0.2515720865062301,0.03086029384464138,41.36327748900284
628,78,n08,0.20991874838584593,0.009111872428473423,47.562769269473485
628,78,n09,0.32731464530920734,0.018474996888462204,47.67142166358678
628,78,n10,0.27657319422275317,0.04430429904334507,39.71993438564164
628,78,n11,0.21442961651424178,0.03370901313971507,43.10849588453429
628,78,n12,0.2079472509524278,0.018720336409899726,40.27130426083336
628,78,n13,0.24920913987241075,0.02390264028795847,44.05591268306029
629,78,n00,0.7361088142016392,0.07506789783390481,116.43627769138666
629,78,n01,0.7950673969301421,0.09726853483242001,95.52979205541789
629,78,n02,0.7406626114165744,0.09275662132555504,126.79839042072226
629,78,n03,0.7342048197915256,0.08525470780813885,106.47269270170727
629,78,n04,0.7813532953165638,0.0664503190534425,117.08765165772068
629,78,n05,0.739121965463948,0.07544053264066632,104.54640870689418
629,78,n06,0.6194029533315449,0.058413704472204994,107.94664943285785
629,78,n07,0.6761620001622707,0.07235041019004233,109.14135662782705
629,78,n08,0.775857034613062,0.05666044595800672,102.02340758580954
629,78,n09,0.7441102652053779,0.06284847072892955,116.22386081572479
629,78,n10,0.7402623452013543,0.07495499768341096,94.81964552763588
629,78,n11,0.716317744896187,0.0877273300664619,113.61686217253457
629,78,n12,0.7255913928167486,0.06866717067952377,111.33871048624336
629,78,n13,0.7123722942447028,0.09083849893269441,100.92637071734711
630,78,n00,0.6958395171074517,0.07220509199133585,105.55758064999604
630,78,n01,0.6972116208922003,0.06627330856091104,107.11677844392977
630,78,n02,0.7138009813157146,0.08911916179499904,100.06133758684027
630,78,n03,0.7678506309478953,0.08035524752260614,115.45605450017608
630,78,n04,0.7877700864521482,0.09142192900829885,108.62045940432294
630,78,n05,0.7725569103694829,0.060828274962190045,94.08004438448755
630,78,n06,0.781302062834057,0.0796249719284051,115.7749481773362
630,78,n07,0.721678975148417,0.06793634599309657,99.24012909206964
630,78,n08,0.7857176141594178,0.07401410941563355,108.99227075197236
630,78,n09,0.6868651596099208,0.07775079899626863,105.9506690402689
630,78,n10,0.7144250474644105,0.09011241324893317,107.48385671079826
630,78,n11,0.7645376415701006,0.0721662351173759,99.98644249228751
630,78,n12,0.7762868236711504,0.09001070599089277,117.11053481471309
630,78,n13,0.6964506975585877,0.06520789133428581,101.00452543177508
631,78,n00,0.2811363481897657,0.024022920432792978,45.76745814846324
631,78,n01,0.2575953339506146,0.014591097994150308,27.21273122587274
631,78,n02,0.19193047971519184,0.05233936142990086,49.452300939668675
631,78,n03,0.1909068434227028,0.007837125112495336,44.83781966207403
631,78,n04,0.1754368473852946,0.024172184581580367,45.1770257715969
631,78,n05,0.2629881189054935,0.042455962769490874,51.10572445377951
631,78,n06,0.29102861113663286,0.02129647825446826,32.6999868733093
631,78,n07,0.2737134347428037,0.02940681998452314,35.72376793318624
631,78,n08,0.27647657780170004,0.046162129808484054,58.54748258293487
631,78,n09,0.2656447736718192,0.029170510561225896,49.34925593333328
631,78,n10,0.2835181468774158,0.017784288048173204,30.262883786883254
631,78,n11,0.13088750970323654,0.041433561906943,57.24757325510748
631,78,n12,0.2829837772287018,0.013431484787128967,41.60580030856518
631,78,n13,0.23860222096305492,0.040280052368579566,44.33436777688394
632,79,n00,0.29986654970069904,0.0500026569779842,36.97597227091495
632,79,n01,0.26219362126061163,0.03583336800733748,48.91003651008722
632,79,n02,0.2998228116056893,0.009979249811630002,34.10200610722118
632,79,n03,0.3348002165147367,0.04000799176975174,55.310499526968535
632,79,n04,0.3067781465138399,0.03586859120602764,39.220421259834055
632,79,n05,0.2871021746944583,0.021129092544943023,54.167128146869395
632,79,n06,0.2326082620760011,0.014899688693026408,51.569185051619655
632,79,n07,0.31914086784931617,0.040793289935353576,57.60210281806237
632,79,n08,0.26313855662150376,0.04232952978924694,51.44089738259176
632,79,n09,0.2785584420660571,0.027488374109569808,69.83497971984634
632,79,n10,0.23266953575372581,0.04392782734899478,46.55152511241527
632,79,n11,0.23722389174305414,0.023163770592746918,35.97883688921062
632,79,n12,0.19369028539839697,0.03118836089436087,45.050517565695536
632,79,n13,0.26158187159577284,0.04466816489035639,47.31580256069725
632,79,n14,0.32007479589323057,0.043207697540233,29.130066287422224
633,79,n00,0.6952663066830421,0.06957103223881243,105.08339118644531
633,79,n01,0.6992870569668916,0.08240932996805848,103.78496148515792
633,79,n02,0.7686443377058068,0.08156599569108651,107.63549226824162
633,79,n03,0.6689632252793867,0.0682642321847134,103.55993536169045
633,79,n04,0.7197963806211742,0.062202306761486206,117.29741816022654
633,79,n05,0.7707506246155231,0.07697920331315275,96.99968293739286
633,79,n06,0.7153525832873693,0.07408014108469987,117.15286421499083
633,79,n07,0.6572157024624092,0.07720366240408306,110.68721006239569
633,79,n08,0.7105695068982706,0.09382164476318308,99.46198630824107
633,79,n09,0.6624141095201287,0.09250051804657111,131.36948459220707
633,79,n10,0.6948163951609386,0.07461952063934775,96.22111445672601
633,79,n11,0.7707767207461808,0.0765599470996503,90.69026289689286
633,79,n12,0.703593646537224,0.0852332476481596,109.93602963813206
633,79,n13,0.7355452394246688,0.07497379537377889,115.05881836288994
633,79,n14,0.7948138982572988,0.09245059199389133,85.35162435058345
634,79,n00,0.7245802326445403,0.07686223714534544,107.49909439699984
634,79,n01,0.636302534777836,0.04430608371851431,111.74949706099179
634,79,n02,0.7322784720519235,0.08455088373283497,108.55115457661088
634,79,n03,0.7210547147875767,0.0835324498422135,123.5690082991373
634,79,n04,0.7498349829463351,0.08121837705235965,107.1136424743179
634,79,n05,0.7545266132967258,0.08038296913754031,118.61072656994483
634,79,n06,0.7420583214445224,0.0797289017196775,97.49867545870518
634,79,n07,0.7325253161453412,0.08167660664805612,114.69647437168916
634,79,n08,0.7483462405439802,0.07562102695665314,100.75831259222869
634,79,n09,0.6953593640876056,0.08336288737169051,101.02290924130257
634,79,n10,0.7028854411095944,0.07830634139712432,127.6941804726053
634,79,n11,0.825537664149582,0.07925849825511269,112.62870479855366
634,79,n12,0.7240495826977588,0.08859825602181651,116.32290213723859
634,79,n13,0.7631279092049309,0.0819318574134477,97.63411085202924
634,79,n14,0.8142484248280826,0.0788391291966605,106.51855828807403
635,79,n00,0.2668225631744251,0.04044969033744563,44.54788524076705
635,79,n01,0.2236019901808934,0.005014823289098264,47.637266981617245
635,79,n02,0.2552204211264528,0.013668308920640092,40.21870418855416
635,79,n03,0.19263122133519653,0.02121326383147533,50.473466520600645
635,79,n04,0.2514388408061238,0.04124209124251396,38.40029337580011
635,79,n05,0.27549090307614743,0.039090868114510076,48.49904427809406
635,79,n06,0.2630464689624163,0.036019272471416175,58.94277461425502
635,79,n07,0.28691881607510444,0.029256240258297792,50.256387778654506
635,79,n08,0.241516734202917,0.02895290756930254,34.11751597166348
635,79,n09,0.19076517829640627,0.02438602633307535,45.63108475365961
635,79,n10,0.21602373699801236,0.013896328462644946,53.26638685782685
635,79,n11,0.1352816146776799,0.05449692946361167,57.92859026955307
635,79,n12,0.35249365768226265,0.020566797736533568,45.224143827376416
635,79,n13,0.26086386303429,0.011193167919394731,45.67883128305448
635,79,n14,0.25207748295087956,0.03353494305791399,50.06775355816555
636,79,n00,0.20528641564758526,0.015695968088316185,51.84145810842945
636,79,n01,0.2442189431934931,0.04591340984590519,44.898640758034034
636,79,n02,0.26092263309719926,0.02233240696888604,42.291880718696845
636,79,n03,0.28861092451885406,0.03276236367099593,53.33755994748064
636,79,n04,0.20500983596360714,0.02189380244289532,31.64468351372343
636,79,n05,0.2744459813820815,0.028654932722072386,53.95141554141402
636,79,n06,0.23627982934147193,0.03705953527428364,50.98104023837132
636,79,n07,0.25000655012204637,0.03401818691687471,42.62259185598976
636,79,n08,0.2569242281601578,0.021993648621371775,32.29609654921818
636,79,n09,0.2009076116802558,0.037167877779785884,39.91687659735132
636,79,n10,0.21776379375779847,0.03892361194946086,44.61242491434652
636,79,n11,0.27779238427551095,0.03264732849799664,34.6461489730179
636,79,n12,0.257534356139719,0.03325457245661577,54.6180017395953
636,79,n13,0.2551083524535426,0.037482889967138285,44.37859508655599
636,79,n14,0.1767190831090893,0.03892084792269129,43.59506627801452
637,79,n00,0.6757774047678439,0.04589484484374983,108.63786275179181
637,79,n01,0.7406598079607117,0.08234572886514742,113.97078571001268
637,79,n02,0.7182720602229236,0.10145136521887711,124.37695464420756
637,79,n03,0.7613756139893757,0.06560057107783515,109.61412770220208
637,79,n04,0.6444806334811581,0.09621461497307378,114.36256290473264
637,79,n05,0.6389807330618412,0.06004208363741241,104.43493123062468
637,79,n06,0.6993457403850348,0.08926245138757685,121.32221045452985
637,79,n07,0.6694156658912191,0.09719824341484759,97.2594028294065
637,79,n08,0.6733948838911782,0.0981733072437626,110.00396115792921
637,79,n09,0.6648427487117006,0.0844550605790009,125.54927395245643
637,79,n10,0.6768752442121305,0.091015965692121,109.63658950550315
637,79,n11,0.7340815519275365,0.06660405252084771,102.13145440798448
637,79,n12,0.7168075440844401,0.09853681866546057,98.78208894261655
637,79,n13,0.7415955140934704,0.06992741259338937,122.13833674253307
637,79,n14,0.7834934409692316,0.0893273999535851,119.71837698646264
638,79,n00,0.7423743984539787,0.09646111632300575,105.56682370166845
638,79,n01,0.681919333276112,0.09113847148422144,112.59027352573342
638,79,n02,0.684493740154564,0.07775468338085564,113.16553155633898
638,79,n03,0.632437544998414,0.0639192036526575,97.13208423994895
638,79,n04,0.5772877960779286,0.09627373118162716,100.5376728591103
638,79,n05,0.7533955769430472,0.09694627374464374,117.79088217628257
638,79,n06,0.6868936220725584,0.08329717275437537,110.41727716334951
638,79,n07,0.6599143900138534,0.08132816273840765,124.07082250731064
638,79,n08,0.7307303668709692,0.07890187214229717,90.15004172608172
638,79,n09,0.653214308907542,0.07213181081216564,102.70457345191981
638,79,n10,0.7100857312241001,0.07902871655982195,113.4507818870149
638,79,n11,0.653408839803359,0.07910552047608513,102.48306037783192
638,79,n12,0.6477913251784687,0.061770771892889924,101.6067547026133
638,79,n13,0.7244380940901946,0.09670403764579781,115.44284845979917
638,79,n14,0.7623255866822239,0.0855230360705704,96.01796675534234
639,79,n00,0.7077447566650903,0.07152948263206188,115.98728693950028
639,79,n01,0.7589545137710545,0.09171201176747297,108.12707562449003
639,79,n02,0.6475996885351154,0.07477526344469723,119.32850442655496
639,79,n03,0.7136439890381833,0.09134183817732978,106.68355359368537
639,79,n04,0.7682484940641462,0.094514646667474,101.17821799522082
639,79,n05,0.7545387111847043,0.09279089881428289,106.32363706641532
639,79,n06,0.6805324786625053,0.06474489152412133,117.8112708240964
639,79,n07,0.6314993156684369,0.0995481865075086,111.37815873138932
639,79,n08,0.7108254784788842,0.08217340942021183,108.34717110555863
639,79,n09,0.7231380639530021,0.0851064269277016,125.96840427005533
639,79,n10,0.6660736465489224,0.10118895744359858,87.20846420195214
639,79,n11,0.7293910344269384,0.10469568369733634,113.34189798330279
639,79,n12,0.6756705446519756,0.07389934990397538,103.58598421239635
639,79,n13,0.7285507033012342,0.07112885254463736,119.52232466569914
639,79,n14,0.7047633167490377,0.07118966331492174,100.39488725538102
640,80,n00,0.28516942488129626,0.02413411758988139,43.15732891456507
640,80,n01,0.19941799030435112,0.01216479673175613,39.67681086764679
640,80,n02,0.19369363173642454,0.029315670647739257,35.89390989523055
640,80,n03,0.1798230615310651,0.023854232172627457,43.28110642266402
640,80,n04,0.24529894920301287,0.04487966502438133,42.1892650970132
640,80,n05,0.1975296323992951,0.015003540691268238,43.5500235709839
640,80,n06,0.20954326352668562,0.03530458482717674,48.42995434106295
640,80,n07,0.30092730309044224,0.0381773227388197,60.68462130590925
640,80,n08,0.26951689486426267,0.0195672707131746,45.237526162045185
640,80,n09,0.19731898010707036,0.020329300629753008,53.29765722019976
640,80,n10,0.2272034527100522,0.01843985016750254,45.27665458432119
640,80,n11,0.23923581209731293,0.029091934137087428,33.45153636468758
640,80,n12,0.2071886550741962,0.05102701334592255,46.40914227027882
640,80,n13,0.2655640638185811,0.019080355788213543,65.34719119183124
640,80,n14,0.2726164702112806,0.048777792715337456,41.87128265542877
640,80,n15,0.3663347766620317,0.028068706847003452,34.274568790085866
640,80,n16,0.29612970515510845,0.017243271105108593,57.57718433243616
640,80,n17,0.298799811314284,0.040150049521471644,36.285136914186495
641,80,n00,0.15866821411887752,0.0521966356959936,48.22002717966529
641,80,n01,0.24968813665307263,0.028573291723713694,34.52702701801817
641,80,n02,0.24011456550401905,0.04071668081151786,51.44956295335639
641,80,n03,0.24653726879004867,0.04061357282093176,36.752950283571806
641,80,n04,0.25692883649778137,0.030023174312209154,41.60066739776418
641,80,n05,0.3170300670987831,0.030520929042505612,47.46506726416112
641,80,n06,0.2019764392494028,0.049568216708513496,47.48637386131855
641,80,n07,0.22267366681669762,0.05333334067880004,35.79677463049783
641,80,n08,0.2505493288586559,0.04938299143789364,56.99520919399792
641,80,n09,0.2938055434407898,0.03233800386036436,61.86756142417114
641,80,n10,0.2503710117986019,0.013447583686685104,33.83006106316875
641,80,n11,0.23400566450291632,0.044859254036113655,44.8921281099801
641,80,n12,0.22136930039952282,0.028202190764169043,47.79135075938243
641,80,n13,0.18659672574061734,0.01686643824543458,44.22250613164406
641,80,n14,0.27285633644682367,0.035221437290691715,42.6081983462928
641,80,n15,0.20611958606403424,0.03553765256832493,32.04822383287305
641,80,n16,0.2767510637675561,0.014449700752115505,62.61503817202353
641,80,n17,0.2720439263060166,0.031027645712505783,36.58130481096011
642,80,n00,0.2797458620540646,0.026686290889592745,32.21962746518928
642,80,n01,0.2662750628069369,0.01458908405790059,48.46985054928589
642,80,n02,0.15509821806843185,0.016987752252843664,41.51125349689493
642,80,n03,0.18113566061055636,0.016641490489300675,46.73479671468043
642,80,n04,0.31753848730336076,0.021650693535752205,30.817188788357257
642,80,n05,0.23420196085492545,0.03540778010169396,25.85385780924058
642,80,n06,0.2806360101350897,0.01689602182263835,49.13905363118485
642,80,n07,0.28990484328219507,0.030154657297074346,58.57318665057366
642,80,n08,0.19089938722108699,0.024544273057117975,44.09851645611187
642,80,n09,0.2227525814611337,0.033128800399234555,28.6737041994517
642,80,n10,0.2750999817375679,0.031765807627206724,38.21062284072753
642,80,n11,0.21673160753943793,0.022765519082304765,41.75319578148101
642,80,n12,0.2458038413778014,0.018141713013278667,44.46815520007339
642,80,n13,0.2736930116556863,0.01449014945360134,41.47099237597202
642,80,n14,0.2717753582011247,0.04885852846151542,50.999720482562566
642,80,n15,0.2866096447987617,0.021935349239269625,34.19652137884985
642,80,n16,0.24499830846968482,0.023888513660982356,34.780714614411764
642,80,n17,0.2385549181668659,0.028763505858812818,33.03024441997516
643,80,n00,0.27221273711613003,0.031847233877646576,45.82643093448994
643,80,n01,0.2874594631266589,0.0225528560923697,62.10424565684629
643,80,n02,0.30506423500341995,0.03913903784016448,58.31514066707279
643,80,n03,0.16181905397558227,0.035757777525048336,47.36977552006641
643,80,n04,0.24079184331080775,0.027891590012836275,52.29057082219684
643,80,n05,0.2594925461793803,0.015266278101151535,58.15971287080625
643,80,n06,0.21577062436410901,0.03572723847173021,50.364618818380826
643,80,n07,0.153385988744364,0.03835388589886767,42.72186097721889
643,80,n08,0.26264296097344886,0.04748146885273913,33.7784709943193
643,80,n09,0.2510727605958061,0.019813118463841043,35.33498747430288
643,80,n10,0.30225133316939473,0.04960046321150044,56.370408508451796
643,80,n11,0.20187540379707322,0.040984979286987445,43.88070798928144
643,80,n12,0.26033528773430475,0.0,40.27554313439
643,80,n13,0.3032173367519992,0.042055933975887076,59.035434007666964
643,80,n14,0.31755987249709117,0.014595605547392719,44.62491269598756
643,80,n15,0.2652168526388932,0.024953589989862014,40.40806486342523
643,80,n16,0.2551228215498513,0.033058799641891026,55.09725722586647
643,80,n17,0.24527179426785772,0.021512513798412063,39.285604521134445
644,80,n00,0.2941260339630906,0.01541868579443757,39.268455316026134
644,80,n01,0.32846130064448636,0.006985888406013413,55.289728238348005
644,80,n02,0.28618761866423764,0.02646168165951706,59.11129244282012
644,80,n03,0.3095923245083107,0.015413456109654538,56.427993545844885
644,80,n04,0.23568305357497116,0.04644214897409965,38.34978433214036
644,80,n05,0.15186406379058096,0.037506591165347596,45.45510392867276
644,80,n06,0.2821790587186631,0.03369264068507,57.06245801083555
644,80,n07,0.27092244472581367,0.011009683959178937,58.125178691995515
644,80,n08,0.21466809627367106,0.028177948656283695,45.85792869390625
644,80,n09,0.17915240532689225,0.019758321601257477,46.17242500225032
644,80,n10,0.27529597865241456,0.026406999048053593,44.844692232467146
644,80,n11,0.21857158953080957,0.047530304504625615,38.69896663794826
644,80,n12,0.30262314804046153,0.03852956708547998,46.74805826407474
644,80,n13,0.23438853518571712,0.017345524639280657,40.1416115202546
644,80,n14,0.25030066743387797,0.038226284439687036,49.0696088330416
644,80,n15,0.27220777929400736,0.031771304910752106,36.317583422195305
644,80,n16,0.19383758273782797,0.034159793383531256,52.461616848646734
644,80,n17,0.1993436150425602,0.020723978527803888,51.58626234426286
645,80,n00,0.2552048069374914,0.040317181958818546,48.027024617820516
645,80,n01,0.24190218555617946,0.044770053692440234,34.60052012229893
645,80,n02,0.26854919633306173,0.03353981753300091,42.75410033307141
645,80,n03,0.2101883193916913,0.013770808988380998,44.376905802016594
645,80,n04,0.31709517313932123,0.023525241079565763,45.458145854483334
645,80,n05,0.2942810086257571,0.016259669015680777,31.95357880244908
645,80,n06,0.276283890745693,0.01025502445785157,38.11981497914795
645,80,n07,0.27034839865205507,0.049757194015786696,39.611049370267466
645,80,n08,0.2011891739529009,0.02131642415389534,59.028461764354105
645,80,n09,0.19296851583402766,0.02297181240984355,47.316137245612715
645,80,n10,0.2628487537469966,0.0307918003257364,38.195004051135626
645,80,n11,0.27327148267624685,0.024510310265775603,33.40517632833804
645,80,n12,0.3048020764940171,0.0,34.20320549439969
645,80,n13,0.24466947848256038,0.012435631359241944,46.67631030749956
645,80,n14,0.20268745185705458,0.015362212197926479,37.62197288115132
645,80,n15,0.2552051167928403,0.015572008825876843,38.10606687734913
645,80,n16,0.12424123274845739,0.02645680872005122,44.64308712354337
645,80,n17,0.28513694378453375,0.04617941695752803,45.656934201062576
646,80,n00,0.271640303629755,0.028369254388958275,46.826389398355104
646,80,n01,0.359453411949171,0.03871155854755247,42.924031538595635
646,80,n02,0.30590064407178097,0.01644188407001318,37.893039317320174
646,80,n03,0.21972436936324496,0.06021001448697672,51.12653161869488
646,80,n04,0.3019220266769975,0.026274148976591558,44.423660996312655
646,80,n05,0.27642963215081384,0.06125336674722162,54.13500944982741
646,80,n06,0.3228780653671287,0.019466976265992857,44.02141827738003
646,80,n07,0.3010180596268051,0.032019821864784345,42.75573953344576
646,80,n08,0.17386500089059997,0.02417173212624973,24.715712802623564
646,80,n09,0.18528270330348298,0.030977067934109686,47.927447535545646
646,80,n10,0.2453570789245149,0.014955381939013248,52.03980083314246
646,80,n11,0.22923857612031262,0.029025077974159333,53.738757031885825
646,80,n12,0.21516706636456276,0.02359642906815916,48.624510281084035
646,80,n13,0.3450180640809686,0.03015583574634652,47.19680274335327
646,80,n14,0.17420469033445443,0.03420352170290318,47.34520338996598
646,80,n15,0.23210973679661903,0.02215508819726312,52.23161963849022
646,80,n16,0.2119008707363476,0.029263581358310004,45.10942889701294
646,80,n17,0.20930134432487793,0.024118118987482718,44.13593396789442
647,80,n00,0.7337246312597728,0.05644300080484309,106.81498220115682
647,80,n01,0.7420868916494796,0.06167339320031855,105.14771035005097
647,80,n02,0.7135991363312221,0.07925643947402271,104.50265899294132
647,80,n03,0.7229324128832232,0.07332885461761873,106.7776937698218
647,80,n04,0.7930554638184696,0.07287987667617807,113.96950266758367
647,80,n05,0.7318978671154734,0.0627724067638282,101.18697570468845
647,80,n06,0.7551722807687654,0.08416214069551202,101.40522491055111
647,80,n07,0.7547055883540629,0.08806953303294403,106.47871766748791
647,80,n08,0.7202808387648125,0.08530790583186565,113.20243342504469
647,80,n09,0.654111036040732,0.0852502469413747,118.98113888158534
647,80,n10,0.6848828361312972,0.10387166805941102,105.13913124820854
647,80,n11,0.6805086276120066,0.06534636680464923,120.48573786327688
647,80,n12,0.6267361645545939,0.06815434814137535,116.39091815088597
647,80,n13,0.7209609961573533,0.07122826580151159,120.13340695080211
647,80,n14,0.7141003435014376,0.07435220093558094,103.91688332957571
647,80,n15,0.7831295654159295,0.07716184722682547,99.04233502825718
647,80,n16,0.6560098443159168,0.08477657682820505,117.47986686401559
647,80,n17,0.6694561171519771,0.09205732096389399,118.33742906267749
648,81,n00,0.27106761165061366,0.052319617950613816,45.12435239544257
648,81,n01,0.2530632891383042,0.024606176817268167,42.91704187695745
648,81,n02,0.2965496937883084,0.05361235551942427,37.15735075378913
648,81,n03,0.30774708365730724,0.0482466526679282,51.19002320723428
648,81,n04,0.24817126093619107,0.027315001441072916,50.42344442838709
648,81,n05,0.30265230078645877,0.02894943084395791,30.337956271290764
648,81,n06,0.24332860597292216,0.01474589812667342,39.59002084988485
648,81,n07,0.2501800847620203,0.024757879953452307,47.920782549528575
648,81,n08,0.3411254017470339,0.026232151984162295,50.47801609532752
648,81,n09,0.23523997827335033,0.03494037517553241,48.79604167198181
648,81,n10,0.21153091279146047,0.03394193047560152,36.29611850801803
648,81,n11,0.21645453172316872,0.02213624894877011,41.698050988178856
648,81,n12,0.29446958019380287,0.0413163958480655,37.090793364706514
648,81,n13,0.2530841084895179,0.025965633640911825,26.161052679842804
648,81,n14,0.2809121103340995,0.04023968570506818,39.82453919982335
648,81,n15,0.21697995146084378,0.028800934065415028,47.350337267318835
648,81,n16,0.2888753925608536,0.009310636173970804,55.82142217925928
649,81,n00,0.2128029796455621,0.043789778149532305,46.65803134965812
649,81,n01,0.19884373130396715,0.021697081419949103,36.6479789569926
649,81,n02,0.22924003701886406,0.008099458453592733,29.034702153100355
649,81,n03,0.2609851042232464,0.030835004026154047,47.85163832079309
649,81,n04,0.31445689235697194,0.05548750159638696,43.34612817601533
649,81,n05,0.28418978252233734,0.032874509290662955,49.42902441340777
649,81,n06,0.26996011813902104,0.040663878861437935,50.749042957950905
649,81,n07,0.32913924461075605,0.049624446222981074,42.66192212441396
649,81,n08,0.2017682521921785,0.013095236377216449,38.80769447073933
649,81,n09,0.2649349941340075,0.012844596051993389,44.7556996863015
649,81,n10,0.17202747536847388,0.016885665046193574,50.22976513411779
649,81,n11,0.26462678588427546,0.03432720882462628,49.38529773964896
649,81,n12,0.24806356634011165,0.020016114557214866,53.625024257496435
649,81,n13,0.3447087979274617,0.015566999404548924,51.48312379987875
649,81,n14,0.2844053737204453,0.02425069025762755,28.934350790237165
649,81,n15,0.24223855373453798,0.007483654316407375,49.270192178256515
649,81,n16,0.29595076642463136,0.024894480288709955,34.885333873559134
650,81,n00,0.7672128713448474,0.09063618012937048,99.20781624657354
650,81,n01,0.7269340250981052,0.07467286051421214,111.22968199234228
650,81,n02,0.7872005108578314,0.0922087165745257,122.01570386288866
650,81,n03,0.784065623163006,0.09191729781464354,105.56194257741556
650,81,n04,0.7048232193852543,0.06410670238960975,117.19011637699161
650,81,n05,0.6845365326963843,0.0696266258561447,104.24083720141873
650,81,n06,0.5725515337862941,0.09829591765439508,105.6745206784229
650,81,n07,0.6745851007691824,0.09648474574235297,109.0264049264182
650,81,n08,0.7154848570130506,0.0693511693141389,112.5051747253435
650,81,n09,0.6958141753630716,0.05637505450452933,122.3498052789705
650,81,n10,0.7100897423460023,0.059410904777052465,111.10719210715469
650,81,n11,0.6728098133734418,0.09395199204908038,111.56756335191696
650,81,n12,0.7341969584747529,0.06393339103546258,100.14801439982291
650,81,n13,0.6771190300522015,0.10031904486841903,109.21967248489143
650,81,n14,0.7248173547508318,0.06296763695082071,104.10709746620807
650,81,n15,0.7126653095920192,0.05450893435603435,117.68353574399957
650,81,n16,0.7953100054442439,0.07761904927972395,123.5725766948926
651,81,n00,0.6828660242944486,0.06863889642529751,107.48446889419289
651,81,n01,0.6508887082444978,0.08554567998139369,110.31452414265082
651,81,n02,0.7071059412294884,0.07113037739667792,90.31466137545837
651,81,n03,0.6908474372301048,0.07259208615034242,99.41281935115583
651,81,n04,0.7386344533911748,0.07931791038996433,113.58042297957326
651,81,n05,0.7821077131833194,0.0774176888310204,106.1271256518249
651,81,n06,0.7261114830161002,0.06794819537867552,101.6144449349396
651,81,n07,0.6379642550371885,0.09448995467710124,92.21062931493108
651,81,n08,0.7280892964585751,0.0986744554246143,96.18802705807414
651,81,n09,0.7354041197347695,0.08969500316220984,109.892575791906
651,81,n10,0.7290254062497656,0.0999973205567682,128.17861239195935
651,81,n11,0.7602933209492205,0.09016527458597787,110.295366259457
651,81,n12,0.7161382106189327,0.07862938728207097,108.31686778826183
651,81,n13,0.6468913335761487,0.09586230429408459,128.05009271913303
651,81,n14,0.681689910984945,0.08550589474969783,109.75302884097667
651,81,n15,0.7372202536826957,0.07610210468719734,117.03101623449189
651,81,n16,0.7255134817898018,0.05459656134096388,110.17935589873719
652,81,n00,0.7211449050023993,0.05074420612782279,102.95797690590175
652,81,n01,0.706097697137255,0.0662540207196271,109.55821571428945
652,81,n02,0.7192334091396796,0.08155320112153476,115.45735302684518
652,81,n03,0.6523583791136695,0.05765252386869185,102.60809008092974
652,81,n04,0.6526709225437263,0.08788875376219554,110.43009754007538
652,81,n05,0.7533381535489786,0.09618452375159577,111.92519337311235
652,81,n06,0.6761858266256424,0.06823516090746884,112.149484511921
652,81,n07,0.7128928731383736,0.07150071116989237,94.38223832582828
652,81,n08,0.7805614377985126,0.08881077899745707,111.74507213182189
652,81,n09,0.6913982723219014,0.0663042732068938,123.84049425135157
652,81,n10,0.6758096305841433,0.10250417594941053,108.32064119325011
652,81,n11,0.7841932709328685,0.06880644596065488,111.91228542794806
652,81,n12,0.6985165801424469,0.06557680652582941,106.77176056273464
652,81,n13,0.6496954257970201,0.07568091443147587,112.78514485371463
652,81,n14,0.7148611856001099,0.059230671332129003,112.45026516466312
652,81,n15,0.7804337494097344,0.07097719465138033,94.23061709528113
652,81,n16,0.7259986690464245,0.09506616201226521,113.26516579745538
653,81,n00,0.1955463874677767,0.026567769565079544,35.54894014717589
653,81,n01,0.24946738604674393,0.04263264372644498,42.00954527116542
653,81,n02,0.26805778612964937,0.046763959672127695,51.12687206119245
653,81,n03,0.23651013265024348,0.020496157277008535,33.862617891951736
653,81,n04,0.2423992300683385,0.05408840659201138,39.52967308816949
653,81,n05,0.25379728604821916,0.03021496706027334,44.337770874331476
653,81,n06,0.27606228338243644,0.006759350185323934,47.552443240016515
653,81,n07,0.32838436880213084,0.0326703294981044,40.311918263641424
653,81,n08,0.3158074545329338,0.02085465433257573,43.8123302729145
653,81,n09,0.22178856156947374,0.008648451194995004,53.27710572863259
653,81,n10,0.24024748833710205,0.0315495537170969,38.35933385665278
653,81,n11,0.24284663369869094,0.032665122049442254,24.693739994045913
653,81,n12,0.2510176293662997,0.02631728616057309,39.03892099542119
653,81,n13,0.25752147356836713,0.037450323386510956,55.16863035665932
653,81,n14,0.26844089477025274,0.023392243820075594,39.13351214094633
653,81,n15,0.22128258884852078,0.03752779526495325,36.562555664499826
653,81,n16,0.23111932688750988,0.029122733288067998,43.097567538680416
654,81,n00,0.7662178811103731,0.08259701192170679,100.36677431866327
654,81,n01,0.7260123198183601,0.08510901082803068,110.22604872321781
654,81,n02,0.7478598645515868,0.058708619442821845,103.6679834587952
654,81,n03,0.707867135910411,0.0778357274990772,118.926454533984
654,81,n04,0.7318850218653548,0.06535392955493179,117.29318200371215
654,81,n05,0.736389902215875,0.08966846542738131,122.05007183234534
654,81,n06,0.6964376025847652,0.07158062905992812,126.22294436265318
654,81,n07,0.659699813003129,0.06685357755537509,104.13162833588234
654,81,n08,0.6894387823907261,0.07810437128087873,111.16169631551088
654,81,n09,0.6660503502508338,0.08576632207087631,121.55364597700435
654,81,n10,0.6909306813526399,0.07306387619738694,105.56007780897143
654,81,n11,0.7201070187797992,0.06639521313950258,108.99725950845804
654,81,n12,0.6696542601227014,0.06864044031578663,105.49569066049449
654,81,n13,0.7858471150418738,0.06854229975754603,123.56688981627441
654,81,n14,0.7968894336644231,0.07334807313962964,106.05775679490229
654,81,n15,0.7632687483534638,0.08119978836186519,114.15748940398379
654,81,n16,0.6519716277958111,0.05795061969301704,114.9502529334317
655,81,n00,0.24978394601481954,0.0245352634081542,41.92257187197549
655,81,n01,0.195739497370363,0.04081791816936983,47.65514860460472
655,81,n02,0.2865193596654513,0.00893163324185144,36.65061468499102
655,81,n03,0.18219930425442848,0.01818629791556907,24.080433361451977
655,81,n04,0.24509790814799975,0.03511720350447413,40.10483324866924
655,81,n05,0.21995850642935888,0.024179147466932213,39.400062176025
655,81,n06,0.23102155333214414,0.03681943848504992,45.95493616355987
655,81,n07,0.30837443883500504,0.047921760183166226,44.964601424592985
655,81,n08,0.25595955429966327,0.03087572471378544,40.94241700265927
655,81,n09,0.22166047827688157,0.023394826079739493,50.09619699919044
655,81,n10,0.23032134296668647,0.033091446352932,28.549698659799617
655,81,n11,0.22768249253932327,0.021538473062227413,32.95077747866628
655,81,n12,0.25349446073549703,0.029086829383466933,39.859280966858435
655,81,n13,0.22322781178398252,0.0075238189927278945,50.651396370213824
655,81,n14,0.1971005695213823,0.05612207681162637,50.722102460760425
655,81,n15,0.23602406298003614,0.05034444740626978,39.312191591959525
655,81,n16,0.1901367537507698,0.03864119736379442,49.43771894201874
656,82,n00,0.27238559419716507,0.0202873897171428,41.27290101526802
656,82,n01,0.26119674482749544,0.024702095015353535,33.23368844302245
656,82,n02,0.23071078961335453,0.020310941588863304,42.0795143214673
656,82,n03,0.2205782251523159,0.03019746265468085,35.65068871115132
656,82,n04,0.2555398170743367,0.021000036337742927,35.83714510546531
656,82,n05,0.18337884658113446,0.05838364954249991,41.84603131735574
656,82,n06,0.2334712315696588,0.02452845501273442,58.62759781974825
656,82,n07,0.21718139668962502,0.02640974877868982,51.93999628643744
656,82,n08,0.2748080800988913,0.029034130119751266,42.04021594964962
656,82,n09,0.25074193815560675,0.02332124663188084,55.132052285565756
656,82,n10,0.3168773862985441,0.03958879972576607,36.322432816348545
656,82,n11,0.3665825538234276,0.04931525713865752,50.96748043882535
656,82,n12,0.2167255912565337,0.04371754933974055,24.282465376650165
656,82,n13,0.27038573219778606,0.02014395229715287,52.38638769714224
656,82,n14,0.2614653998208742,0.016302465170041112,46.509285440523804
657,82,n00,0.2678698071751956,0.036076422460883106,40.548746946822945
657,82,n01,0.22526477400202305,0.048290953885362704,48.314335992937025
657,82,n02,0.22960204244787816,0.01458650728591199,34.105122493565375
657,82,n03,0.22980681524439076,0.02632630607466915,40.175675338625595
657,82,n04,0.3637283373075382,0.04622761354510921,51.58319594989377
657,82,n05,0.2966518519871425,0.01680350208284946,44.40842576174403
657,82,n06,0.21471205124177883,0.02677973976442327,40.973461524168215
657,82,n07,0.24720923545466997,0.0265186600120882,36.76947262915361
657,82,n08,0.2625662802307835,0.018827948577713843,47.78266086356784
657,82,n09,0.23399483387013265,0.042089600061963994,38.834127161093335
657,82,n10,0.13393833623115897,0.05203958198769909,41.82538717668046
657,82,n11,0.3221041153052749,0.02255260928247567,46.19709387330667
657,82,n12,0.21836184698297734,0.03394210854858906,52.381996601690936
657,82,n13,0.2231296831775269,0.04663549423969015,33.621238558215026
657,82,n14,0.24212957006928068,0.014054565869680378,54.66076049408398
658,82,n00,0.21484754318761506,0.024030105168037164,48.741639962560626
658,82,n01,0.2547326475338909,0.026631129397849947,43.35355370822723
658,82,n02,0.22762404235934336,0.029701225160178202,39.56509263379168
658,82,n03,0.2821959813784859,0.02660603212619026,29.335483841011417
658,82,n04,0.29529612254383075,0.05385252241365034,37.266472691108646
658,82,n05,0.1867533577548162,0.03919419890678179,36.82006370873475
658,82,n06,0.28178850248757453,0.019433175232151875,36.44981570231114
658,82,n07,0.23671948529726172,0.04939940290441108,35.96298343509359
658,82,n08,0.1764675926216273,0.033897345598626824,52.80744735100937
658,82,n09,0.2288529490757516,0.02519348737164706,45.274186601551186
658,82,n10,0.226707301345977,0.03182638218357617,45.55066289028063
658,82,n11,0.19517726639545133,0.016151901601554036,31.797128902989154
658,82,n12,0.2530354620484719,0.022115515549311897,46.42755215432861
658,82,n13,0.23888225267550509,0.00889997541705171,26.2131114965345
658,82,n14,0.24319110181342368,0.025237872003463672,40.130111459170514
659,82,n00,0.7649330827870575,0.06786651715418025,109.98226655532524
659,82,n01,0.745533381574714,0.07840556192783717,114.69100396660119
659,82,n02,0.7356024728554654,0.08225702311664601,113.63590522708053
659,82,n03,0.7285112357705588,0.07381120695204921,101.09995553207318
659,82,n04,0.7443831669364216,0.07376724251874249,116.46135552346102
659,82,n05,0.751612083512853,0.08016931603734108,101.34379169062284
659,82,n06,0.6936711211827805,0.09249647717705085,116.81656622097636
659,82,n07,0.7789671513256883,0.08552998684449344,106.93021465249538
659,82,n08,0.7716436656920925,0.08154309732660667,111.0170603233464
659,82,n09,0.7651013598378023,0.08950108651922947,116.90693030617575
659,82,n10,0.7488768931636334,0.060192341722662156,97.54198697723943
659,82,n11,0.6767590565850677,0.07764111541238715,102.03678617118793
659,82,n12,0.6724384041147762,0.08600811711230039,99.58894431221101
659,82,n13,0.7381137928289189,0.09520986178469452,99.14618558106696
659,82,n14,0.6406882708808945,0.0835534684374664,128.30817003755573
660,82,n00,0.7698946069880154,0.07910654437590818,101.73819290584505
660,82,n01,0.702963136189853,0.08074654635949212,113.2229882313623
660,82,n02,0.7517375129886513,0.0687264439566847,107.4027128027911
660,82,n03,0.7429198865101336,0.07746642984995007,128.68930039103645
660,82,n04,0.7258763543823393,0.08346614783178646,102.87164161900262
660,82,n05,0.7177711796067209,0.0928893333279301,101.96922870664002
660,82,n06,0.7901564538587004,0.1039638821375168,117.60044921149533
660,82,n07,0.7170456002194815,0.07190599981039347,118.7881307122864
660,82,n08,0.7635348092229657,0.09144314621950965,101.36352071998344
660,82,n09,0.7541563531645168,0.08738638972406618,117.88395731310767
660,82,n10,0.690087986812432,0.07762999030593687,120.77142060773691
660,82,n11,0.6883687993071127,0.06417775448270582,104.67391774271168
660,82,n12,0.7155921526610521,0.05432760565986508,115.41579355487198
660,82,n13,0.7600382388076311,0.07258026985447096,114.87701999632118
660,82,n14,0.6476291686245428,0.08116982714414507,110.88571115704066
661,82,n00,0.7463641876296256,0.0847972212786774,124.78522272290935
661,82,n01,0.745889880676684,0.09135187276170256,112.59309864460711
661,82,n02,0.7090825553650454,0.06783849120557137,109.72741652245705
661,82,n03,0.7169348674763957,0.07978678224882493,125.04686152510999
661,82,n04,0.728750664335086,0.054994795567355766,117.36001317432599
661,82,n05,0.6880724183079802,0.09152553210588861,109.97769867886917
661,82,n06,0.5984382402406964,0.09345183613665713,100.51224679548878
661,82,n07,0.6571073647464477,0.07419226044820937,112.38726249046832
661,82,n08,0.6967852149341482,0.07879531927239865,113.88735699983629
661,82,n09,0.67385185523492,0.06287741288187332,110.0136601411324
661,82,n10,0.7024280158704436,0.09209796410780338,104.31011545761598
661,82,n11,0.6342451566748442,0.07127017515054845,116.04677573965283
661,82,n12,0.7988555536338012,0.09067431206004509,96.85900722494532
661,82,n13,0.702766283543674,0.06139832464160666,116.84497229670151
661,82,n14,0.7017314676415003,0.0871968796390243,118.88770332556956
662,82,n00,0.7368333387740148,0.09304794565099314,112.88653957093605
662,82,n01,0.7715446811871319,0.069508996886602,114.89434586040078
662,82,n02,0.8008230745221692,0.08305264014696577,102.60631112262257
662,82,n03,0.7186279797064528,0.09357750315946892,103.58718147443818
662,82,n04,0.7679954189005122,0.07383925029971708,113.1905810929413
662,82,n05,0.6524297401864125,0.08319266789930498,119.91091219804154
662,82,n06,0.6784373351009235,0.08237304891166292,116.74217029217218
662,82,n07,0.6762699813693428,0.0644355764414141,97.71868210697271
662,82,n08,0.7417592116477326,0.08937384665417643,107.56987353711199
662,82,n09,0.756843335367144,0.10602196748593845,107.16551631551002
662,82,n10,0.6832617874684295,0.06588733934857402,109.57370361567924
662,82,n11,0.7226745559112813,0.09470179123561569,116.41226955584624
662,82,n12,0.614000418386705,0.06967493020066923,111.05823595222408
662,82,n13,0.645932584127152,0.0729119681341351,118.7749820048092
662,82,n14,0.735217539014394,0.06880388169655796,114.2440634519093
663,82,n00,0.2866233657954891,0.019653274028873673,54.663453578469664
663,82,n01,0.22053110801892936,0.012373475838703445,46.22270425918501
663,82,n02,0.20034104724383217,0.036425605206194304,38.52741743709471
663,82,n03,0.23092490759965606,0.0332062985808739,50.1402139238036
663,82,n04,0.2876519452623709,0.01758698088928095,39.41670009007409
663,82,n05,0.31710126872095123,0.02382189756943335,43.45625145160969
663,82,n06,0.24511510861934077,0.047524101651232,56.65977202225401
663,82,n07,0.201365483593405,0.03452151688647173,51.208688747075094
663,82,n08,0.23250490192118714,0.0341101270772439,50.70410573558317
663,82,n09,0.2520665871935484,0.02505305482334528,42.4739133031281
663,82,n10,0.2969460907948579,0.0539446303145,46.22885973179078
663,82,n11,0.3151135507639412,0.015791428767781515,47.53754702327865
663,82,n12,0.252085876777544,0.04636670410432729,60.35452295733543
663,82,n13,0.19318968239483977,0.017705358570829405,47.27143060659597
663,82,n14,0.20701507090821697,0.031313836872732384,42.97179096444377
664,83,n00,0.19571795179355803,0.018624448073559847,39.86596654545266
664,83,n01,0.2161561023210902,0.0213277997898801,36.31250139776732
664,83,n02,0.2789423833374113,0.022833738161612306,49.168682273127864
664,83,n03,0.23422633547167243,0.03177111277880878,42.89656625524708
664,83,n04,0.3717756614344277,0.03606514145386023,31.91774024585213
664,83,n05,0.23033368954913933,0.015106311242381671,51.97881759505812
664,83,n06,0.2866287539791035,0.03260776841895569,47.199968453212236
664,83,n07,0.25111965501735645,0.02277374136067146,34.62455532615484
664,83,n08,0.23666993293145003,0.029503517681433444,40.02282090988497
664,83,n09,0.15999465570212307,0.026802225410077294,34.1084107342576
664,83,n10,0.30961362835502154,0.04601393722140075,35.46257639053129
664,83,n11,0.33289140829830327,0.01487777329236256,35.00129793187208
665,83,n00,0.25123549828038444,0.037925780718390326,39.696744925578066
665,83,n01,0.17520432639491396,0.03388868797962882,43.874020521841146
665,83,n02,0.2724320008785647,0.028095080778847197,40.240412978385166
665,83,n03,0.2006989693143183,0.034654014858432884,58.85078547666037
665,83,n04,0.30033739962439293,0.01949068596630421,25.007813812433337
665,83,n05,0.20754879793098296,0.01926068894807032,38.29413305033195
665,83,n06,0.15273035751197944,0.023503559707942566,37.128471677175405
665,83,n07,0.2988372064522734,0.030571953453037284,52.04819216727248
665,83,n08,0.22510528758450404,0.022925871044166223,33.277454326409945
665,83,n09,0.2816666320486677,0.029335621774856834,44.62064219656633
665,83,n10,0.2558118760842792,0.04417698592356237,47.620844974602726
665,83,n11,0.24295677181181938,0.01497117753335749,51.005280075541926
666,83,n00,0.7125894884373999,0.0899190275521185,118.1724567518019
666,83,n01,0.8013937738263243,0.09168132635650278,113.79514574143205
666,83,n02,0.7207721382004305,0.09215193205322407,118.26840209893135
666,83,n03,0.7260672131453765,0.08276575365164447,108.60560244392354
666,83,n04,0.7716958092935008,0.09917812388663828,115.04862688483718
666,83,n05,0.6795659842310061,0.07638020430735129,118.52320488313032
666,83,n06,0.764925792013742,0.07487823606283783,108.93023553037457
666,83,n07,0.6953347769874579,0.08945356665161874,107.36480291681491
666,83,n08,0.6698250759569083,0.10833283278152986,109.40222850996712
666,83,n09,0.7036454810759261,0.08049017805375201,114.04916697853606
666,83,n10,0.663956508447684,0.0805399753512963,105.88869685803834
666,83,n11,0.7206131333690088,0.07441816149016407,111.13155533294231
667,83,n00,0.263341986328905,0.02259548937722462,54.45378251661048
667,83,n01,0.2937711502317612,0.04431863535572385,47.72629222222182
667,83,n02,0.1740956489950039,0.02253734058947423,51.95124924265295
667,83,n03,0.2899659483378568,0.028675439129818656,48.2535540828876
667,83,n04,0.3250972820840522,0.009846030985412826,38.84545841865442
667,83,n05,0.18054489755380063,0.040089674904220864,51.977812165707235
667,83,n06,0.26287566982474725,0.03430865134210978,45.984639659062644
667,83,n07,0.2539193581599055,0.02489237862875517,40.565110751449936
667,83,n08,0.2324181516841374,0.002522839019245035,38.29181453207288
667,83,n09,0.2502873876480427,0.05720093956428157,38.53219835671867
667,83,n10,0.22685874397660577,0.005545756328499532,53.33968085005334
667,83,n11,0.27145104143128307,0.024461129654101965,40.16905785681878
668,83,n00,0.6481281999809494,0.08409467356935224,104.26956533780165
668,83,n01,0.733410718454077,0.07106764551030213,115.5337873606847
668,83,n02,0.7283566169758368,0.0743316864193862,102.32823518438451
668,83,n03,0.7049230282839083,0.09340825531148705,105.9223145041768
668,83,n04,0.7677206324287822,0.08314589404123073,110.92481076766369
668,83,n05,0.8224935247974409,0.06816630821328368,109.46705999500695
668,83,n06,0.752021822528159,0.07698493313855422,113.41377929092307
668,83,n07,0.7698291391422181,0.09296920658908552,104.58307579488068
668,83,n08,0.7037714310846048,0.09151159847684145,118.9223180652138
668,83,n09,0.7523596274861306,0.07816232580437911,95.86252212863228
668,83,n10,0.761425744616202,0.09498764592760636,116.47547812515627
668,83,n11,0.7296846929596588,0.07313681442116779,103.32812879970902
669,83,n00,0.3525553713670221,0.020939124948894737,40.297181639752225
669,83,n01,0.26104823810380895,0.014152474397118364,44.81602686918257
669,83,n02,0.24373541225729742,0.03252456136424732,37.151218935402
669,83,n03,0.1896720277904339,0.02713988849880531,44.58360048274552
669,83,n04,0.29711323911834303,0.04166958259062273,36.68268086362541
669,83,n05,0.24922541954681304,0.043559109224745846,47.086101962418866
669,83,n06,0.19894151056681217,0.04045579997887862,34.20718043850465
669,83,n07,0.25164125517498753,0.004139891933326142,49.87431447389288
669,83,n08,0.2776762949627227,0.03350940697844159,40.610418614307676
669,83,n09,0.22405412167979086,0.04559513784034089,48.56697042837893
669,83,n10,0.17021759008303072,0.04706996452459159,34.947891507962424
669,83,n11,0.1660811991811431,0.03573798199745981,42.313683273026186
670,83,n00,0.7634964957397002,0.09867923067595195,116.90121739898258
670,83,n01,0.728927919779805,0.09194619862644782,114.66381528847404
670,83,n02,0.726638478990103,0.07400487031991371,104.5498865644997
670,83,n03,0.6940420237906351,0.08137612011606085,107.11126935147259
670,83,n04,0.7243501394151661,0.08517472352816735,118.67485332908272
670,83,n05,0.648792537929816,0.07424722858068719,91.43935972891359
670,83,n06,0.6708675690725844,0.0739385091043393,120.53061892261368
670,83,n07,0.8489904183981524,0.08798549036921596,96.5851663681478
670,83,n08,0.7845663150148173,0.08830408340963172,119.39308744211299
670,83,n09,0.7921427684292728,0.09837328412850838,106.4302383746379
670,83,n10,0.7135999166717039,0.07897843495993939,104.47009858395903
670,83,n11,0.753224031198569,0.0803931219784857,91.25499632668806
671,83,n00,0.2912703479546329,0.01670901641817547,49.53209997484908
671,83,n01,0.3082740569943093,0.018144446849084676,49.70142184072267
671,83,n02,0.3193724141479943,0.020659277300196073,31.220970608414998
671,83,n03,0.2030243180200059,0.03798158850479594,28.171206851464916
671,83,n04,0.2744406982379328,0.029686604116500554,37.37160944013678
671,83,n05,0.22925959022485873,0.002368445983181179,46.258252985782306
671,83,n06,0.2640915736882,0.036215289996520794,41.42506824757199
671,83,n07,0.27229464965164024,0.031146872886906193,35.79560765083939
671,83,n08,0.2820128768022165,0.02029699774844458,48.06380994208635
671,83,n09,0.3052173054492613,0.03012508014443032,36.64170531356426
671,83,n10,0.2765037012888756,0.034680584721590496,46.857256102473094
671,83,n11,0.2654687356561154,0.037238479650656194,61.96046581288895
672,84,n00,0.6578489974159197,0.09140153097500345,115.64169888317754
672,84,n01,0.7238128902334832,0.08427491183341511,96.58294444160457
672,84,n02,0.7871810715754962,0.08296077557944802,117.26852090105476
672,84,n03,0.698537603419142,0.08374255560090851,102.11981473183211
672,84,n04,0.7943379449597019,0.06263818051332981,110.05133936030663
672,84,n05,0.7482840702888077,0.106319759202776,112.56044882926264
672,84,n06,0.7573844795043491,0.09422775274897549,97.55746704230538
672,84,n07,0.7558257399875753,0.08753335857608857,109.91861774896961
672,84,n08,0.8079363085954226,0.06860354756020084,117.28179128150458
672,84,n09,0.72807560328903,0.05704534956913748,106.67225296546391
672,84,n10,0.702157422245048,0.07966332346666774,112.12306833142928
672,84,n11,0.7636753623639423,0.064501483738544,105.94951158209523
673,84,n00,0.13954405728912472,0.03208915948560808,54.40022387557312
673,84,n01,0.30966464997757936,0.049870929153419466,33.5512017122602
673,84,n02,0.31354189937353194,0.03349711019047099,51.45575761661231
673,84,n03,0.27043069531215974,0.029988975258118104,55.84057978177468
673,84,n04,0.24123396116648815,0.028104431482792937,51.090702419852725
673,84,n05,0.21629321977851362,0.02599574861313497,41.86657948571441
673,84,n06,0.2495799770722631,0.04111751257279539,44.84620931560903
673,84,n07,0.17809473802573644,0.03270796753360162,31.961673631122714
673,84,n08,0.25419616832843517,0.024117830019910216,39.36248267128608
673,84,n09,0.23989351898581004,0.024238961443639826,61.07940713444023
673,84,n10,0.16552121155948174,0.04410469071413278,38.233194199205556
673,84,n11,0.23766893556771487,0.022919577359717967,36.823617838110714
674,84,n00,0.2348008395895984,0.03430925886005211,44.04252644390615
674,84,n01,0.20351992426066332,0.014835209717663632,36.99354547818588
674,84,n02,0.19585483330233247,0.037403736844700344,32.393598069388375
674,84,n03,0.23960101794708388,0.05337943913145978,45.44605440088235
674,84,n04,0.2154703851107163,0.040920507090304044,29.616419075625792
674,84,n05,0.2617619544822544,0.027499659449941895,47.48959777166341
674,84,n06,0.34459138783815013,0.04714633151298725,49.160929420210145
674,84,n07,0.2544228724739358,0.031819094285757056,59.29996475006444
674,84,n08,0.24599465463005973,0.03356099220983273,51.38035321352775
674,84,n09,0.3207250351811083,0.025130751549489877,55.181322029144766
674,84,n10,0.21084942810854446,0.038935142593271486,43.959012750132985
674,84,n11,0.18647300713701803,0.011002163978258699,41.08297617593258
675,84,n00,0.6853946750294297,0.07716962583163901,105.07137565631449
675,84,n01,0.5830060595930798,0.0925227296301284,99.45433894361366
675,84,n02,0.7455089822140066,0.07266877248924113,100.40827081652064
675,84,n03,0.7978798315710921,0.09721600337182575,104.75466172661451
675,84,n04,0.7145572972025181,0.07386411843359007,112.47229806356525
675,84,n05,0.6737999433036149,0.07142799436044286,116.77973216739012
675,84,n06,0.7799304564822404,0.06146145888532881,105.92760260520066
675,84,n07,0.6970790431403705,0.08855544971976821,100.83369794119884
675,84,n08,0.8076871049449708,0.09364713015163963,121.18191232558215
675,84,n09,0.6958994134411487,0.05745926823706849,110.1396605817042
675,84,n10,0.7023527482761083,0.07927894768887628,112.60971113597502
675,84,n11,0.8053193840112274,0.07191946786504783,122.800580615939
676,84,n00,0.2349990354951758,0.050853433689104735,42.83161022015787
676,84,n01,0.17065815911574306,0.006059752079444113,54.464037588990735
676,84,n02,0.2200284630584316,0.049015936866976445,40.21735039780807
676,84,n03,0.25409597241566173,0.03567285800075199,46.550523733415886
676,84,n04,0.17491574411349536,0.028211936612743058,47.90881533294086
676,84,n05,0.2927196832309268,0.03920693908222567,35.17368687237862
676,84,n06,0.24018316745685994,0.0581905410375857,41.77936893700125
676,84,n07,0.21788283739415282,0.04012099631683416,68.35712313394374
676,84,n08,0.2341639661793565,0.03592254632061902,50.90886084382087
676,84,n09,0.32318017923775977,0.045283255648271084,44.51556091087915
676,84,n10,0.2960093272758301,0.02766849068458995,41.56828663835124
676,84,n11,0.29100558928054615,0.027617167047666095,24.260433723921274
677,84,n00,0.27879380994117714,0.05665256845783023,42.38442398278538
677,84,n01,0.27382358206996277,0.031629583095809766,40.64617997334966
677,84,n02,0.26419194269869123,0.049895128229314724,40.99704633451664
677,84,n03,0.2124653964325129,0.029988201928358563,38.73248382243765
677,84,n04,0.2622548264501967,0.02890231568426329,50.552977335244556
677,84,n05,0.25194282359783987,0.010064342871158441,47.166273198195746
677,84,n06,0.2525173100668135,0.032758912825956894,45.38614139481264
677,84,n07,0.2443508655210337,0.016265243460646985,42.27470943619891
677,84,n08,0.2801498355393435,0.01881558531494934,51.435173967242285
677,84,n09,0.2456890267261542,0.014964351016236216,39.063474887905876
677,84,n10,0.2679055713329561,0.029451189677328463,52.65555171289701
677,84,n11,0.21647081882921243,0.020490844077155717,46.90420601761671
678,84,n00,0.7849747276312252,0.07211676873864975,129.32971540914014
678,84,n01,0.7068186959645468,0.09438478108654379,114.55420877507326
678,84,n02,0.6503256494542831,0.08359158146200894,114.06810765527955
678,84,n03,0.7578178867786798,0.09483365779192918,98.21501391324783
678,84,n04,0.8495334757041149,0.0772508675541916,112.69058696712256
678,84,n05,0.6536828463894234,0.08099358772994335,110.14230377223787
678,84,n06,0.6816840659112519,0.08189211224956822,97.22816540390771
678,84,n07,0.7892343352223087,0.09222474990307375,107.35636238724577
678,84,n08,0.7080290248569729,0.10354495884424944,114.20797723614297
678,84,n09,0.7545707486907524,0.06560037502568059,99.9558404071399
678,84,n10,0.7465397751674374,0.08214687344011554,102.62443997011768
678,84,n11,0.7516804159107403,0.07489738992408128,97.71935969200737
679,84,n00,0.7323518695239134,0.08535169867792812,116.73290927559131
679,84,n01,0.668413109389759,0.0778973332131765,117.32105057816011
679,84,n02,0.7117582057390376,0.06718470636321161,98.44777765972063
679,84,n03,0.6359391391035604,0.08370611373181935,107.71945037389627
679,84,n04,0.5578841126523076,0.09586493026842824,92.67167161569597
679,84,n05,0.7004355285794565,0.08015402215993733,118.70107986748431
679,84,n06,0.649236472032912,0.07325231975143442,120.10880626211376
679,84,n07,0.6437016573353901,0.0715872329958278,115.4276627367309
679,84,n08,0.8343653099962125,0.07513702143875096,111.4994251261785
679,84,n09,0.7384052075398605,0.09320907388280701,112.27087642195812
679,84,n10,0.6078955300468295,0.08073666065873156,109.88475673994407
679,84,n11,0.7181632673228152,0.10619271985512618,116.787431727199
680,85,n00,0.6762226653163906,0.08551324183274837,99.64482970975268
680,85,n01,0.7474022850001049,0.09085593693195539,114.6597731959125
680,85,n02,0.6829231966946612,0.07216292956507372,121.02529668393254
680,85,n03,0.7330782640676988,0.0616709753047775,116.76581763745364
680,85,n04,0.7721552596792578,0.08605516148091527,116.23659446982879
680,85,n05,0.7757337787734565,0.0754761832391318,109.02546675845745
680,85,n06,0.6954027433724749,0.0890653379831573,98.1858491287109
680,85,n07,0.7644360053966512,0.09441966019628369,104.51963245176889
680,85,n08,0.7099349843512964,0.06449356414526375,110.28210678009877
680,85,n09,0.7979809248041214,0.07862096395448374,103.17100070434586
680,85,n10,0.7025831645966528,0.08242250572196252,104.21787713203669
680,85,n11,0.6996857767870488,0.09047328419777735,109.88181966624592
681,85,n00,0.2373295824010316,0.037339709631462575,47.16385225270185
681,85,n01,0.25365162409015796,0.030037751603685825,55.0434430270156
681,85,n02,0.2695314752788892,0.04455288013042936,33.51380235778654
681,85,n03,0.2711171253436636,0.030068411090606404,61.03230638426186
681,85,n04,0.25957044747063157,0.0255778959714204,52.949872069222906
681,85,n05,0.3067825026700007,0.03394418643554781,41.33440012213925
681,85,n06,0.259699123172381,0.049183959769287626,49.99934212206499
681,85,n07,0.22210647409687592,0.02093091742275998,36.98047038542195
681,85,n08,0.19059929787819296,0.02749541498076489,37.45909485487441
681,85,n09,0.32879542526395045,0.021286497296134133,52.56498825088374
681,85,n10,0.20557371771814187,0.010086833850371013,37.74201295063051
681,85,n11,0.28222010492446953,0.021005255500685424,34.313820196615
682,85,n00,0.758478250087176,0.08107093146993659,108.715210646527
682,85,n01,0.6875856680268264,0.08312429458947823,106.51835826806867
682,85,n02,0.7698368416407714,0.09045075620308796,100.54648950443527
682,85,n03,0.7050777012957572,0.09551684792437833,99.5767847085308
682,85,n04,0.6542723533433892,0.09407594832226113,120.06572954994043
682,85,n05,0.7296154790803965,0.09355972966076878,102.88634289840604
682,85,n06,0.7133464271331972,0.07812139318667706,100.84124777892741
682,85,n07,0.653012877490322,0.07843082771258925,105.28609806736601
682,85,n08,0.7025117687720879,0.08123961516803037,118.08398027504124
682,85,n09,0.7563257541538051,0.08402983175879747,103.26986875444607
682,85,n10,0.7164025682519422,0.11904924767802852,110.43124633235671
682,85,n11,0.7641953562361417,0.07298089656693943,111.04979197534541
683,85,n00,0.19415898823640032,0.032201650079842284,41.81606358066445
683,85,n01,0.18336306399785912,0.045991460927035016,56.95971183619109
683,85,n02,0.20602759967064724,0.035856486273344236,44.97654874651387
683,85,n03,0.22835291857923998,0.024649831231390074,56.009696592390554
683,85,n04,0.21761342798632805,0.013065710122481457,42.06193840518278
683,85,n05,0.2658373817719383,0.05528257297172159,50.26013289688787
683,85,n06,0.2487068362094757,0.014781275407636157,45.736531068841266
683,85,n07,0.19683573854380482,0.025697010009778025,48.62064294550262
683,85,n08,0.22675464497128459,0.021873161691308735,20.432702000238553
683,85,n09,0.23092401878419921,0.035476722195661475,55.64641215000066
683,85,n10,0.2416551728423143,0.03695132866328768,57.013214891044925
683,85,n11,0.31457940479547164,0.039731542667748754,43.33290435190842
684,85,n00,0.3093809174429949,0.03994310586062351,40.60712238020671
684,85,n01,0.32640851947318483,0.020953929041358284,32.70001750086211
684,85,n02,0.20027123455738377,0.021383102862949407,35.7530640111146
684,85,n03,0.20925102861310668,0.01761067716197643,41.76644337323818
684,85,n04,0.24091904357453214,0.04784292656187781,55.159102666168614
684,85,n05,0.23414677166271305,0.04312063356744701,35.66464307419959
684,85,n06,0.2462390058789334,0.022476062484384305,53.12033713026679
684,85,n07,0.25389198216816217,0.03998006765041625,58.2713279648999
684,85,n08,0.16695832889737305,0.02821359770847615,36.69465763445253
684,85,n09,0.25669005476310325,0.02246919194254524,47.62727701573888
684,85,n10,0.24071735076060294,0.025900121745317126,40.37003152145105
684,85,n11,0.19657024694604464,0.02828078624958409,47.922549694676924
685,85,n00,0.808323735038115,0.0899164910448901,111.1272912547877
685,85,n01,0.6792947417186113,0.08729717473307906,110.71726059417638
685,85,n02,0.6638129275453353,0.08428068504051864,96.76735849637713
685,85,n03,0.6874671067939245,0.08835453438766665,123.52613524655992
685,85,n04,0.7453889640785156,0.09067326841117357,117.62841177192334
685,85,n05,0.6841065905949996,0.10041594225815353,103.16560158779615
685,85,n06,0.7377184372170017,0.08990310908881183,108.73283745776982
685,85,n07,0.742114733487313,0.10638545711453418,103.39529116779723
685,85,n08,0.6672503229176118,0.08218946249299347,99.22236730408693
685,85,n09,0.7639580692975243,0.07392569444069295,107.46902318539722
685,85,n10,0.7139504399200145,0.09049286733735337,90.35593620610805
685,85,n11,0.6922584277342183,0.09357109711292225,116.91162067234606
686,85,n00,0.2724067087295451,0.015186239755385189,36.495142126390476
686,85,n01,0.27030319701289596,0.02973698301654039,43.110461917541215
686,85,n02,0.24048552306094975,0.02741568118703952,51.80491662152865
686,85,n03,0.3010359355059885,0.009082744803582423,44.589328294010535
686,85,n04,0.30020693425137956,0.042266040925019226,48.4760500441549
686,85,n05,0.20588387681477557,0.04043284945795528,42.7414086035353
686,85,n06,0.28159988068413777,0.02027609908498807,47.32716255457555
686,85,n07,0.30685794667781463,0.016520466062125712,49.17134847377093
686,85,n08,0.2736688532203412,0.017601603296858684,40.09242211414134
686,85,n09,0.19646227641613342,0.011864301987945528,57.914374919417995
686,85,n10,0.30507865592277544,0.04823907231093262,36.427182313140364
686,85,n11,0.19932792459832926,0.035494639711289896,35.35427150163817
687,85,n00,0.7144669281849858,0.06906286355390381,110.9053123343554
687,85,n01,0.7499290169098031,0.09249111005930159,117.30978575653124
687,85,n02,0.7798512582420324,0.07872065137944655,109.48125888684307
687,85,n03,0.703044489548015,0.05942267126456145,132.1898169853054
687,85,n04,0.6890625650381345,0.07953196440783408,116.60933694661071
687,85,n05,0.6423664720606588,0.08353779990090755,103.87585855894733
687,85,n06,0.6908856968913993,0.08328591366169937,93.531709029109
687,85,n07,0.7278679080793388,0.07090620229041059,119.79674670523019
687,85,n08,0.6874495939462978,0.05470800919261967,108.04274913116869
687,85,n09,0.6799824052019285,0.08111455806360379,109.53789681970221
687,85,n10,0.7221313498975631,0.09698464277754305,100.71410464076358
687,85,n11,0.734322826854204,0.08111695104245349,104.42132792908491
688,86,n00,0.7361002186212198,0.07548104902441222,92.31843766767942
688,86,n01,0.6583094164931653,0.07018645351140326,94.69932835659367
688,86,n02,0.6373396741833249,0.07353806297813809,104.34213507543276
688,86,n03,0.6826545298652051,0.10075996276866478,107.48171872212242
688,86,n04,0.6755370761243349,0.06171393520071726,100.45402517754152
688,86,n05,0.8022827243573141,0.07158850148785748,116.50519014819525
688,86,n06,0.713506727126667,0.07790976014517521,123.81287788717266
688,86,n07,0.7225465091560795,0.07445161261227115,111.90750780447748
688,86,n08,0.6974968776873487,0.07565891247175058,109.5243415128063
688,86,n09,0.6694348058467867,0.07584248378475089,110.55635676900216
688,86,n10,0.7236290168190898,0.06282883764023081,101.13852328348007
689,86,n00,0.7266162608670177,0.08828912209913918,107.19400654333754
689,86,n01,0.7112809611788664,0.08594661557814803,123.61461468052028
689,86,n02,0.7130165225284361,0.08480659514888347,101.41634671381979
689,86,n03,0.718646252808905,0.0668963501372337,115.9236919492513
689,86,n04,0.7370585243415783,0.08731401020318198,117.56319873729164
689,86,n05,0.7281390680663212,0.047488902926177114,98.19982422682959
689,86,n06,0.7678702012496734,0.06506448585843988,107.7841760379431
689,86,n07,0.6619429111697539,0.06366288807255586,113.55301827633507
689,86,n08,0.7136929685092651,0.11043097297641136,106.90560678956052
689,86,n09,0.7067509536206404,0.10422158819339655,108.53834280776556
689,86,n10,0.7519323719078425,0.0720652595912199,109.62006032960028
690,86,n00,0.2783612367298987,0.03907965702687556,57.01248653736492
690,86,n01,0.2758787779078519,0.016959070693408136,46.87439404777664
690,86,n02,0.2785810849302625,0.017606286738324598,46.824434022142
690,86,n03,0.29973218378923966,0.02228755072540897,45.76528513806486
690,86,n04,0.3216948149355931,0.0270179187743034,46.076591586513665
690,86,n05,0.22732565120426146,0.04063772532017675,46.85415227716725
690,86,n06,0.33828543157634106,0.028619088478778202,34.37826880885012
690,86,n07,0.20356563056576754,0.028190412898561605,50.994196556565406
690,86,n08,0.2126743327666239,0.02927898607318915,51.120879774970376
690,86,n09,0.2717853059332359,0.03097109574439586,51.00878075473878
690,86,n10,0.17901368866809503,0.02111134901593735,28.64246800645698
691,86,n00,0.6815645148788931,0.10070577527713931,109.52051611281945
691,86,n01,0.734041635123334,0.09828219897039601,102.53045624569218
691,86,n02,0.7198565778710991,0.09786031837434876,117.56205908097849
691,86,n03,0.7502568209455788,0.09253781724075888,110.55757076051175
691,86,n04,0.7327711682328285,0.09156050716135067,112.01363519594823
691,86,n05,0.7533656944240088,0.06577928980438791,113.80630951867451
691,86,n06,0.7926238162331042,0.09051223497235988,109.95483772428311
691,86,n07,0.6757925478915904,0.09719943152686038,106.76051285869262
691,86,n08,0.732364427657621,0.06384556334024624,118.73331918082886
691,86,n09,0.6423480663331164,0.06707203198265235,103.17615505100672
691,86,n10,0.6476536111798863,0.07218241948704898,102.92815430910893
692,86,n00,0.21137449415819698,0.025793272402124416,41.71221947587713
692,86,n01,0.25212030853574185,0.019333051518158714,44.75854293286139
692,86,n02,0.3175991483023467,0.031035932052346,50.746701967700815
692,86,n03,0.25669573364840365,0.039234228510113156,51.97382100621633
692,86,n04,0.21475033267699828,0.035847368706196085,41.51556966204115
692,86,n05,0.19719714073203856,0.03917806081779984,51.94416204140845
692,86,n06,0.22261852420679804,0.05369735747919948,33.30769019056802
692,86,n07,0.22318574281515313,0.03806149639676568,42.80113362869
692,86,n08,0.21676440508258887,0.017165467514726637,42.79378401063178
692,86,n09,0.2615912158132361,0.01737331567582219,39.29258611937068
692,86,n10,0.2114229095343889,0.01799580150991755,48.92546735637096
693,86,n00,0.18312050070645935,0.01730982453715433,31.578966849739416
693,86,n01,0.21986820000197957,0.020033645294480235,39.8211125840849
693,86,n02,0.2730298442230354,0.023959612606151454,56.56571875889806
693,86,n03,0.24623529609129174,0.027613580462777135,34.705956551426304
693,86,n04,0.255286001679951,0.02210758974331643,54.84432266429468
693,86,n05,0.22284281583909119,0.03160640321527031,45.693718345108834
693,86,n06,0.24062752776275165,0.024112418811903905,44.32725050138736
693,86,n07,0.25282739027405143,0.05132732146371251,52.42547448482543
693,86,n08,0.279517285365483,0.02252096038313428,34.52484849009264
693,86,n09,0.17115727733452712,0.045290520004648754,53.793545067739004
693,86,n10,0.26934876250897466,0.03190522169233813,49.76120143546185
694,86,n00,0.288895324441349,0.044837310040041364,56.48224237956275
694,86,n01,0.2897419467019572,0.023259939662643635,57.85243432956582
694,86,n02,0.2314699794808352,0.02804051292077673,46.039400078720135
694,86,n03,0.30878499875951027,0.03936207180096917,48.088145682922836
694,86,n04,0.2644223979225412,0.022215118321650282,42.93147838900487
694,86,n05,0.21663467708926137,0.007297524519258278,33.39519973393655
694,86,n06,0.12109822437065848,0.039955807112128455,47.81493748202048
694,86,n07,0.2906759186528309,0.037201141110694814,34.163328055814134
694,86,n08,0.2306100306011951,0.03664339621257647,43.03569333246328
694,86,n09,0.25449223594013154,0.03333660725476712,49.01973828106652
694,86,n10,0.24869226234506886,0.013690109565279985,62.509261883798295
695,86,n00,0.7132447196064944,0.0886757170745863,101.16078502133651
695,86,n01,0.7049349336186844,0.08261965224418458,116.75145444473186
695,86,n02,0.7097280852222776,0.09424741223401525,93.26666246902629
695,86,n03,0.741881731419077,0.07498626689317985,104.20693082064359
695,86,n04,0.6833323155157076,0.08976572331325955,104.13092066169756
695,86,n05,0.6725880303034767,0.08254862437659347,101.28217767106992
695,86,n06,0.7034098139444487,0.08630039977431177,120.5974338110053
695,86,n07,0.7721209117457141,0.06584856463321513,97.59959426425566
695,86,n08,0.6901645416567623,0.06947698951229297,108.83910909743533
695,86,n09,0.7054839843382976,0.08249134204277729,112.80379677686103
695,86,n10,0.7004202536297677,0.08986557226341543,101.73539193086434
696,87,n00,0.7369814064377498,0.04578914879044701,102.21158642671996
696,87,n01,0.6898747053283457,0.09634810674746211,110.83740381860139
696,87,n02,0.7659734827940508,0.08575487579048535,106.56238553383236
696,87,n03,0.7681480709272528,0.09080866870312135,103.57019335998663
696,87,n04,0.7110503691856226,0.10869513817287776,114.34872303265357
696,87,n05,0.6840951894528035,0.08567431501497977,96.08603090472447
696,87,n06,0.7539312087656141,0.06655812535718166,102.92816327455127
696,87,n07,0.7806519821952035,0.10414981951532146,102.57808007719802
696,87,n08,0.6610802165820264,0.06139007517834236,106.7220118763812
696,87,n09,0.6562717154266045,0.08598650431254967,108.67571133578916
696,87,n10,0.7344912106810595,0.08510891276869963,123.29540168159212
696,87,n11,0.6538721976649551,0.08347028436551578,121.02743858880635
696,87,n12,0.7561547727909131,0.08868804748714693,122.20092651487424
697,87,n00,0.8275509481008598,0.08786024484363399,110.15911307974994
697,87,n01,0.7340045657932807,0.09349528346623054,108.9815486829703
697,87,n02,0.6765668932210793,0.08580442604702879,114.39549068363503
697,87,n03,0.7798026393201158,0.08115872732629753,95.59619104523821
697,87,n04,0.7698334302436383,0.08725326665051004,100.81395580831618
697,87,n05,0.729896808940361,0.08079373789761629,110.02528482502078
697,87,n06,0.6811248475816557,0.07463600715437055,105.33998426285046
697,87,n07,0.6905950651292925,0.09672077695957379,104.35253025155274
697,87,n08,0.6508910218785408,0.07711749319540727,111.71156513899923
697,87,n09,0.6053877845907506,0.07900731727769209,106.54497393251394
697,87,n10,0.770967688698944,0.0731611091581028,112.02606959238459
697,87,n11,0.6787052416393535,0.07641436081823871,105.11654497771073
697,87,n12,0.6824986026588683,0.08385387853350204,112.85246119433043
698,87,n00,0.2218533874157852,0.03175200682616689,55.21886875776009
698,87,n01,0.25937605098995503,0.01741767873786689,47.980436664263664
698,87,n02,0.2961783963249546,0.03172965358007413,55.204514797517874
698,87,n03,0.2872135053879697,0.04620003901301132,50.57396971053741
698,87,n04,0.2554079342143397,0.04318084743047425,49.64358036873744
698,87,n05,0.3129222525930447,0.0252061876011382,53.820089998361304
698,87,n06,0.2367043608590986,0.013908203107011154,46.948809140006624
698,87,n07,0.19836040576486333,0.034147847467880285,44.29614185712183
698,87,n08,0.24583599817384305,0.02391487434735923,44.49170166660801
698,87,n09,0.2379054409892793,0.027979023224284617,49.56919837539614
698,87,n10,0.26081188782622794,0.037914364619040644,35.61569892554699
698,87,n11,0.228816440540693,0.02167582362407053,44.88922612703595
698,87,n12,0.15986152144805887,0.03372860445954893,53.90128654133939
699,87,n00,0.23426191497889562,0.006774923544682111,62.45714111653096
699,87,n01,0.1987812627513947,0.02923938503332337,56.45471634034932
699,87,n02,0.20345246364997244,0.027138017898434903,47.19713605372742
699,87,n03,0.19242931087814386,0.02673362827719064,38.85446383846052
699,87,n04,0.2036442130802977,0.04056939548527687,43.005661960208656
699,87,n05,0.29325674907523536,0.02550842234352456,35.39220527876851
699,87,n06,0.1150933616706154,0.03482935310358815,42.17891751256133
699,87,n07,0.1885359689915746,0.012195464387393318,42.041596620703174
699,87,n08,0.2988377552956463,0.04413426734641385,57.224273429724754
699,87,n09,0.2528966592437922,0.013282579416015516,43.89039698776824
699,87,n10,0.1900789730894058,0.014000206626025063,45.682286626653436
699,87,n11,0.2476670597530942,0.02749524048241945,29.06950469160552
699,87,n12,0.24110828613936322,0.018086171089785157,40.18747881652971
700,87,n00,0.32661770643993265,0.04093947647192478,55.87940663134103
700,87,n01,0.2522901745905448,0.0252218313226085,47.006185655926735
700,87,n02,0.163632666550519,0.036278029953128434,57.9175411846658
700,87,n03,0.16722489336280572,0.030254053600050495,49.2702355430379
700,87,n04,0.2779144976615586,0.02617057432140364,41.54471135911611
700,87,n05,0.21641761254072617,0.01624453165351785,47.57806687927245
700,87,n06,0.16552116043463722,0.026513860776697144,57.71119687492671
700,87,n07,0.25592138453615315,0.04427658328031783,56.38955191225092
700,87,n08,0.23999266395381721,0.013247762502697852,43.4876854891993
700,87,n09,0.21401670528013536,0.025172973535743295,47.690595600413445
700,87,n10,0.2588635905014212,0.02745547144105912,33.24292949741226
700,87,n11,0.24979909215782187,0.03208424907367526,33.99987729931067
700,87,n12,0.220831562383337,0.04777977616732374,52.879115663168555
701,87,n00,0.2762828116038235,0.01582405515647304,41.997923997180145
701,87,n01,0.17432592702305455,0.017446431371672573,55.27979828672529
701,87,n02,0.2606593310228469,0.01662934935879188,37.824428654250426
701,87,n03,0.15469127289963108,0.021054143524988318,37.935880763420556
701,87,n04,0.26181519084414623,0.01408440877156962,43.38873469052756
701,87,n05,0.339323374297543,0.007206387542100259,42.850396249200514
701,87,n06,0.22989429166331815,0.040904771390639964,48.16361255656702
701,87,n07,0.3018646398178915,0.0337203514706112,62.57951611491903
701,87,n08,0.23839120758338253,0.022247386046157027,39.92905818880578
701,87,n09,0.18508789305211565,0.03809785692693179,45.133274614075326
701,87,n10,0.29663803796813976,0.03664248150199101,36.75328680187555
701,87,n11,0.27907306137300614,0.042596915721622955,35.46362670380425
701,87,n12,0.2664612115999607,0.016927675346059757,54.41930096475874
702,87,n00,0.21361422994404267,0.03186107834950712,60.44563447674001
702,87,n01,0.23157921102718118,0.033247605344047845,50.21711266931705
702,87,n02,0.31965574328688845,0.03902437154758753,55.30322139240782
702,87,n03,0.25996675486011295,0.0211575778735889,42.96538686640657
702,87,n04,0.35506286890414884,0.04983668079128045,35.25013446146837
702,87,n05,0.23230325853865277,0.04379295643360843,37.57823154355583
702,87,n06,0.22812998129077855,0.025089540002662707,40.57486655010189
702,87,n07,0.25640897467470347,0.021700111702984973,40.266083603760215
702,87,n08,0.2497671110534415,0.016406006305105036,51.44542681476807
702,87,n09,0.20862611744450432,0.011822357940942153,46.57431197026177
702,87,n10,0.28055685089707166,0.020485820690752554,51.16485031916257
702,87,n11,0.1888276451543779,0.03653545915345459,62.12495604822719
702,87,n12,0.22461045445208352,0.03529797474680324,23.87090963640024
703,87,n00,0.24041187697348917,0.030904668439624697,53.550611827692926
703,87,n01,0.2949331503788529,0.020514915473056446,45.02319634136465
703,87,n02,0.2966160124402413,0.028660223523994936,40.07766021138723
703,87,n03,0.2581694015920547,0.021632335959325556,40.641794419481336
703,87,n04,0.19921700251703525,0.02900624070866209,39.713165361798275
703,87,n05,0.17677968309949094,0.017702285758235993,39.997611464004706
703,87,n06,0.26366818290626876,0.008088264050554378,50.79225694685959
703,87,n07,0.23696476926198623,0.019378237161919477,32.59696363254922
703,87,n08,0.28191536102057135,0.028726622551008985,36.88426917375985
703,87,n09,0.2973245572902571,0.023957478375254894,49.70611293065658
703,87,n10,0.23077055344118177,0.016643765263223906,48.923760480825955
703,87,n11,0.304457666435522,0.0060706335559359,53.05350328994812
703,87,n12,0.28928941222780996,0.035922518605415975,38.30158007104674
704,88,n00,0.7154680766522387,0.06189374094473193,105.70195104843499
704,88,n01,0.73803882913964,0.07779297972847685,122.4365540976427
704,88,n02,0.754461580905624,0.07935493185075448,114.51423140241869
704,88,n03,0.7776437741407155,0.07248044329025838,98.70049377161943
704,88,n04,0.763810985023691,0.09699417644979731,94.67400157335443
704,88,n05,0.7094308294278873,0.07246338916871486,114.9563718157266
704,88,n06,0.6810597000730801,0.07956819359828979,126.9979981385359
704,88,n07,0.7454678009548913,0.07987411341543717,109.62939706190359
704,88,n08,0.7853924275402135,0.07402825426560124,103.52966390829617
704,88,n09,0.6689936269751816,0.09124894215096471,103.73613278144303
704,88,n10,0.6740109268512751,0.06525072849404298,98.42146234632042
704,88,n11,0.7331496647821044,0.09041303360670075,105.2085802447444
704,88,n12,0.7455930572846516,0.07103226322633724,115.6500017757538
704,88,n13,0.7082366565670584,0.09361350686460981,99.95804515413442
704,88,n14,0.7602860200672271,0.07308048308842685,107.79127066343862
704,88,n15,0.7775462407250384,0.09219546820254437,110.66190078899128
705,88,n00,0.2606882848730827,0.0375024926569383,38.96845181010041
705,88,n01,0.23025974709219402,0.04561613517140389,45.934683194352296
705,88,n02,0.22094977199514898,0.03410483486759623,43.96992848635092
705,88,n03,0.2631210954779019,0.01869746157891529,30.410435556406547
705,88,n04,0.19254504542072245,0.04136049344138761,51.795065119571795
705,88,n05,0.3205248420472557,0.019523935492411056,55.10653633244962
705,88,n06,0.2990273060506631,0.004098457262446325,46.61890677842831
705,88,n07,0.3002590555193536,0.01286558134064724,31.556412938709194
705,88,n08,0.19454743529259805,0.02976087549560414,44.21963452783626
705,88,n09,0.3272381884890197,0.025156484092227545,42.26345701833577
705,88,n10,0.29016538033123984,0.0264130412637671,59.65177262981629
705,88,n11,0.3043180994137663,0.03389770732955686,47.95061584765338
705,88,n12,0.24948689926699855,0.027003213902497505,39.500329532667294
705,88,n13,0.24892803654378926,0.0612814541101675,50.17451674599513
705,88,n14,0.27607894146767037,0.03019229399651136,49.178229431787294
705,88,n15,0.2100396460442302,0.048069326956372394,45.87401485692243
706,88,n00,0.7889142891486043,0.0839390330989936,104.8195508627
706,88,n01,0.6422649498913461,0.07693685228584657,105.68996888409679
706,88,n02,0.7119374130328675,0.08244393188724455,120.7243387561218
706,88,n03,0.7402527440283194,0.05497931765440294,116.68011234305983
706,88,n04,0.6445792855814246,0.08055472099765046,115.44377097461216
706,88,n05,0.7159785473256239,0.10258091307294105,111.87505070432995
706,88,n06,0.649161991717112,0.08317588984409736,102.6045315957902
706,88,n07,0.7182964331728139,0.0931741297494058,109.21989574602567
706,88,n08,0.6951889893683996,0.08343225134004104,98.96026377740009
706,88,n09,0.6496579728368873,0.08065861648238576,112.60724608930268
706,88,n10,0.663357425067937,0.05882357628591579,114.11449122145605
706,88,n11,0.7495159056128337,0.08907590025148752,112.56155985269442
706,88,n12,0.6708769576429949,0.06407834831542462,93.13051524087092
706,88,n13,0.717701469293792,0.09246388591396398,106.01337763394748
706,88,n14,0.6979800690203557,0.09683047004034151,114.66123963775418
706,88,n15,0.6926689667147026,0.06138388776540113,110.88125917322124
707,88,n00,0.659357441909196,0.08385974953707699,123.98637270161981
707,88,n01,0.6580266916562673,0.07528382233504234,116.09032465463389
707,88,n02,0.6771632340640533,0.08505836046366987,115.70351264167537
707,88,n03,0.7751002967076593,0.07990544529329285,111.37886726767715
707,88,n04,0.6775803712869631,0.08390484022821552,101.86663501901353
707,88,n05,0.740932785457532,0.08438858688912484,114.98345325128012
707,88,n06,0.6793289705916653,0.07543215520437657,111.74546513416418
707,88,n07,0.6257118938365887,0.07749534952463792,112.24898598919353
707,88,n08,0.7513015612237407,0.07431781063818091,105.33140202974371
707,88,n09,0.7367704317604784,0.09157466096902851,114.63593636904022
707,88,n10,0.7143816746310045,0.07976033306776244,100.0614356101293
707,88,n11,0.7158609184623831,0.08240676673498318,114.72176983912199
707,88,n12,0.6299747536308666,0.06984992416086895,111.53238447858108
707,88,n13,0.6660924331769718,0.06842351119598782,105.4911872584787
707,88,n14,0.7886481472819942,0.08641340503732697,97.89287345905262
707,88,n15,0.7398156285810693,0.08273980621990701,114.50914582131053
708,88,n00,0.6360561356428258,0.09108876285667734,123.0351701086791
708,88,n01,0.5908535830446501,0.09271819034967549,98.13310996408667
708,88,n02,0.6177949362479617,0.06863167194673621,110.7147363801791
708,88,n03,0.657690287361863,0.11053204974349194,126.59662530176512
708,88,n04,0.7232846200354353,0.08052177358799156,109.71290587632296
708,88,n05,0.7471818026375137,0.07625879344880998,128.11220102230064
708,88,n06,0.8145820647801044,0.07783943288286813,112.33461220677658
708,88,n07,0.7029608408680765,0.07571915902246466,108.38087432742371
708,88,n08,0.6651957913047708,0.05860090019032562,125.69869835621496
708,88,n09,0.6966460426538136,0.0999735735650622,112.17801521027518
708,88,n10,0.6773680334304828,0.06765699368358163,113.2915580663775
708,88,n11,0.7482466254216626,0.06631593965125576,120.88831263599465
708,88,n12,0.7319695142649693,0.06103104185876383,111.20810937771796
708,88,n13,0.6820161628805338,0.08553849022953322,106.16338254077311
708,88,n14,0.6480881695914427,0.06117847682835251,106.78248893760045
708,88,n15,0.7896912044032883,0.06971139922473737,115.52177091101703
709,88,n00,0.23257869614417986,0.024077687502955664,39.90289568543527
709,88,n01,0.23548512566566374,0.016552335304790472,42.946206158798674
709,88,n02,0.23088275711335665,0.05493087243778409,60.494295015279924
709,88,n03,0.21101532118834151,0.02553138835099507,44.28853848294766
709,88,n04,0.27900348753425575,0.03289457157899276,48.428266360723086
709,88,n05,0.21093980045619193,0.015815499339619694,41.706671363985635
709,88,n06,0.2910591021282228,0.0243776715145538,39.54542590749377
709,88,n07,0.23996966901814332,0.03489688098596527,45.99037887033857
709,88,n08,0.27967899721550715,0.029557769886915605,37.886261357528916
709,88,n09,0.19730321199825174,0.04805640104504568,36.36717139312216
709,88,n10,0.22343560067082005,0.04407534490209575,55.55612328346332
709,88,n11,0.2507782308755874,0.03753171100841336,47.52671223393313
709,88,n12,0.22239413095830804,0.028833530620083765,46.03059693184605
709,88,n13,0.21687053230527126,0.03381121324051763,49.87563826069811
709,88,n14,0.305461023447208,0.04176603522885783,41.9784295369971
709,88,n15,0.19987739702643306,0.024799174716269495,52.33674056786619
710,88,n00,0.7433281249900991,0.07321951273826904,109.66719134635552
710,88,n01,0.7699381936464816,0.08861354354812734,107.61067555930249
710,88,n02,0.6869408631356478,0.07827510750090262,117.82475163989855
710,88,n03,0.6590784047270101,0.08918803408203267,114.54244005580887
710,88,n04,0.761347113381148,0.07040742117456229,113.2591101008487
710,88,n05,0.7386131532612806,0.07922771451888931,101.90879683412328
710,88,n06,0.7682349422722764,0.09365422866410009,109.04598016701377
710,88,n07,0.7290100531127233,0.08184429308205365,118.92075366288272
710,88,n08,0.7373163500037208,0.07740869465937583,122.90072725414355
710,88,n09,0.7219924611596893,0.054931040166182936,104.6905024872165
710,88,n10,0.7482849940086818,0.0723644120332581,119.96807204099028
710,88,n11,0.7787686023687229,0.08899910941619416,93.74504801309011
710,88,n12,0.7612306702542437,0.08081755317549005,109.15502148526629
710,88,n13,0.7859959030714615,0.07973088665956622,112.81767120741895
710,88,n14,0.6897795359294362,0.07091158372715206,131.51900918041545
710,88,n15,0.7254155825887161,0.09158108392272514,118.45207960483958
711,88,n00,0.7491613748446402,0.07225450457386948,115.77782412331749
711,88,n01,0.7028926372394495,0.09804807333696106,90.05446477452784
711,88,n02,0.7181172521086684,0.07668825821863404,103.33748977653167
711,88,n03,0.7298719837471521,0.07405263706577978,110.97031284086299
711,88,n04,0.7460481674297589,0.07690225741343033,122.02073242287999
711,88,n05,0.7159434139690839,0.07165731357849342,113.78140058075451
711,88,n06,0.8093317138669802,0.06701401955214298,110.07440153123878
711,88,n07,0.6988097638455775,0.08155987413125834,115.51512276504205
711,88,n08,0.6395570386330065,0.08673649135871016,112.85856533831642
711,88,n09,0.7491186485111784,0.06555781399063726,109.14169574767064
711,88,n10,0.7058747904155838,0.061446174817996496,100.60666592155755
711,88,n11,0.719544337061337,0.08306572163957002,107.67923838282309
711,88,n12,0.7379812050161405,0.06265478849505188,109.59386452477933
711,88,n13,0.7687020288392226,0.06970412746352499,109.7820318653431
711,88,n14,0.7432062727230992,0.07636172483432868,115.07693832687895
711,88,n15,0.7395492600925956,0.08538705469820279,106.37765530786164
712,89,n00,0.6932624926353221,0.08441773479165612,99.7651195323606
712,89,n01,0.7476395006441678,0.10218911214971073,107.92921659995373
712,89,n02,0.6353426646793167,0.07203802651971478,111.52521208865919
712,89,n03,0.6366778956186336,0.07132657909916172,116.0313875473756
712,89,n04,0.6284483492050508,0.07306868360260338,110.46305817505164
712,89,n05,0.7162678785443246,0.1011719332576694,110.32846316398265
712,89,n06,0.7762189760869201,0.08341589313998067,102.51627221887408
712,89,n07,0.6474490595532923,0.07818384247033058,105.43260289347747
712,89,n08,0.7480650949461151,0.07714315789548751,111.64412122486084
712,89,n09,0.8400388878153962,0.06893877387998992,110.49085685098612
712,89,n10,0.6696002710024218,0.08372354138952218,99.72194451666695
713,89,n00,0.2106784244050817,0.022235700986664483,43.78742459852806
713,89,n01,0.336854819180203,0.01975771228717116,59.818988840934786
713,89,n02,0.21511600629901104,0.0377503493139123,50.79873449927443
713,89,n03,0.2088266713438593,0.034407720703470965,41.06669028826426
713,89,n04,0.26610491597083086,0.016752926379054282,40.531243744719745
713,89,n05,0.18979762871624306,0.04021218264811316,49.601867847318836
713,89,n06,0.2746093513811198,0.02831856970536415,55.36527219526313
713,89,n07,0.24538328138723256,0.03451911762299571,51.17423417955091
713,89,n08,0.1696171691166799,0.021584041043584024,58.452570462954576
713,89,n09,0.23868874823444192,0.04836347324247534,46.2693443292943
713,89,n10,0.3490019117230386,0.033171238004006884,55.45623913395511
714,89,n00,0.7959227996822652,0.07826109487999416,112.79365598673611
714,89,n01,0.7452883740666195,0.08968933823355119,103.75005349992853
714,89,n02,0.6461592434188184,0.0791268602119358,116.09079292690048
714,89,n03,0.76849811881748,0.08231748579104037,94.16996434409423
714,89,n04,0.709401685796394,0.07770523512581484,100.15056456494956
714,89,n05,0.698607451640178,0.06103596103392795,94.6484795552284
714,89,n06,0.7279724176417639,0.08211428778542393,94.81981216188089
714,89,n07,0.8196870054797348,0.0881898314911865,113.78359109358522
714,89,n08,0.6444985906342706,0.06084939579117546,122.61580886707782
714,89,n09,0.7355393146145792,0.06815118260537621,109.01505376845161
714,89,n10,0.6568515975263474,0.0691127195605707,113.56789134960894
715,89,n00,0.6825866266924259,0.07062671756974191,105.67459153585675
715,89,n01,0.6940917018967026,0.05542892928944374,117.32853780593123
715,89,n02,0.719286102328513,0.08520615250371684,107.74129051403138
715,89,n03,0.7660089483228881,0.0856143105544862,110.77715352094062
715,89,n04,0.7098939273057688,0.0789829521702116,112.05629962226965
715,89,n05,0.7120425263226321,0.07101264658783063,109.12894811439813
715,89,n06,0.704640637684818,0.08997777667804338,106.63043176654753
715,89,n07,0.6548607609662345,0.08240283643450752,93.67485980069006
715,89,n08,0.6764339740570984,0.1024174100750493,114.77824210416071
715,89,n09,0.6906257925577705,0.08477980214406236,124.36610899604355
715,89,n10,0.726113040226068,0.08291252021423863,113.2473270801629
716,89,n00,0.2426300275619478,0.019479366909346957,47.88054754097136
716,89,n01,0.23555698789715934,0.021807047919064224,48.041133155761344
716,89,n02,0.28685794148389115,0.021451220278411228,41.30230839527165
716,89,n03,0.3219730927480237,0.03948139490964968,49.88886503973235
716,89,n04,0.21605500338765013,0.023601504004069712,43.936277004253476
716,89,n05,0.15719195071691575,0.012233062870977654,62.50869697514683
716,89,n06,0.257765889796586,0.021224752846492327,39.5605190962558
716,89,n07,0.2211989458154619,0.0508954959697487,44.521568319233765
716,89,n08,0.2795331237830521,0.04337924377890807,40.50726117700312
716,89,n09,0.26176020025093616,0.026174692118647307,44.81937737893089
716,89,n10,0.2613365071676225,0.02726916564553147,40.69167483304084
717,89,n00,0.7402631089158932,0.09176716250311104,107.05363343799348
717,89,n01,0.6595535188524541,0.051876381196012906,108.44365046338727
717,89,n02,0.7294243411273357,0.06554205811673058,116.33370652498013
717,89,n03,0.7110149503009757,0.07529195031554424,114.71393591876775
717,89,n04,0.6550143594448264,0.07631774150390065,106.28372267162854
717,89,n05,0.7737974902210265,0.08149691654541849,118.85056852302293
717,89,n06,0.6577581091664636,0.10062221910914163,93.54565807527301
717,89,n07,0.7224726443778112,0.0687077393727455,106.20961279693604
717,89,n08,0.7193939646364551,0.08425379958979601,109.15120313028127
717,89,n09,0.740013525931366,0.09234483313174786,117.53472565935135
717,89,n10,0.6624869514793313,0.0680516459449211,110.48618728500674
718,89,n00,0.23128313486833288,0.011289263339384764,44.1080771342994
718,89,n01,0.20753809291850298,0.04026946851502103,46.33681910633446
718,89,n02,0.24954926729485263,0.036646953713251745,53.504046250970376
718,89,n03,0.24362976345417786,0.050769445031478636,42.588835272537
718,89,n04,0.23850360998454553,0.05399635290038451,44.52082520293271
718,89,n05,0.28792790213031555,0.02504756859647191,36.0685576683852
718,89,n06,0.2238259960283604,0.03230356043176649,44.878808741374414
718,89,n07,0.2395744890645503,0.03399242085579534,51.73527594244813
718,89,n08,0.23529239989662742,0.024200756362224803,40.904510887624156
718,89,n09,0.2827776105678361,0.03756436396022046,48.888264239060504
718,89,n10,0.22567753961595502,0.011064426646115132,40.21706626411331
719,89,n00,0.7006980406780658,0.07854834674296135,124.47144372908218
719,89,n01,0.7082289720999978,0.05874749571895532,108.97522736391707
719,89,n02,0.7188647535322374,0.09126029685610292,98.51297615176152
719,89,n03,0.7772031792391496,0.09800337857645658,117.23383075860399
719,89,n04,0.7525844887609917,0.07082945953259817,107.32496544164219
719,89,n05,0.6941225297353408,0.05339187119243743,101.53560416520158
719,89,n06,0.6538652329284972,0.07884687071513596,109.72459604250945
719,89,n07,0.7725571315344244,0.08064872393173773,98.52480981378955
719,89,n08,0.7136277898218952,0.07453244967373708,115.06766981066606
719,89,n09,0.7521114699549782,0.06817305031096241,109.34262961722663
719,89,n10,0.6884787591582875,0.09082145031701333,125.84657328714846
720,90,n00,0.2761110671490959,0.02574648800531707,51.84433205074328
720,90,n01,0.19470421075488278,0.02604106745102568,46.37583576612885
720,90,n02,0.2872374160288489,0.013670691126765836,43.2172458572961
720,90,n03,0.25035409357209587,0.016742260512627477,49.64935524375324
720,90,n04,0.3201590696703085,0.033125595856191334,46.425398151405844
720,90,n05,0.29291555252305007,0.008438647830998649,40.10695010081442
720,90,n06,0.1910406068877672,0.03430165662834222,49.5750971427702
720,90,n07,0.18757085965888914,0.05358506891223106,47.67269399037993
720,90,n08,0.2810789913091197,0.022738084453740665,38.340304783516174
720,90,n09,0.28131047009448135,0.020541495009182793,48.19398902305615
720,90,n10,0.20946228357950036,0.033141340878542036,37.30685967223808
721,90,n00,0.7571847203044737,0.09577518914971837,111.63620006412467
721,90,n01,0.782056559166263,0.06786962341359681,117.62235139533348
721,90,n02,0.7150419823710458,0.0755575741011748,107.07921986840753
721,90,n03,0.6752313805138357,0.09408371369523388,114.72925025704617
721,90,n04,0.6835910239311891,0.07810795482346651,95.3508777373797
721,90,n05,0.7696029838770255,0.05492910642880583,109.60078015825204
721,90,n06,0.7750559667962738,0.078625190153824,118.76095431361546
721,90,n07,0.6801601855248707,0.09053696208159574,119.6851606737923
721,90,n08,0.7544096021284028,0.06237330014085792,109.78995539572578
721,90,n09,0.7165169516677332,0.07637439645418963,112.95083915791102
721,90,n10,0.6831273638871257,0.0880763929788628,102.20683075983922
722,90,n00,0.23246343154709181,0.044899300911450626,39.79191050068007
722,90,n01,0.24611272326462655,0.024438003883934432,43.681810976252244
722,90,n02,0.2195228145894107,0.018093956850871472,31.933541156976784
722,90,n03,0.2616841575820628,0.03573450635895131,58.30061097621308
722,90,n04,0.266349432383422,0.006684486423535963,59.08609138996843
722,90,n05,0.22811240564249638,0.03768199111540972,38.061728547743286
722,90,n06,0.23787253810409364,0.03945832560440412,59.480007286634546
722,90,n07,0.23712846752532987,0.029453991236487523,51.2949128945668
722,90,n08,0.3218362531559815,0.030476417827509546,47.34739323884165
722,90,n09,0.26077536392037765,0.00245032506717768,46.19364444613454
722,90,n10,0.23371477036344124,0.006999481065571599,40.508451073893596
723,90,n00,0.27493200803521917,0.01850696042128744,39.70834632394896
723,90,n01,0.29291136916006116,0.030104836778458793,33.47779997311985
723,90,n02,0.2051158824133874,0.022056122579190852,46.90430901565824
723,90,n03,0.19396696746353984,0.024200623985229958,49.65288885515989
723,90,n04,0.26662252968546324,0.0360235246804784,46.41038720611836
723,90,n05,0.20141071862146775,0.016726548382911436,43.10598808874332
723,90,n06,0.20487665967379032,0.04259162026441849,39.113789720942876
723,90,n07,0.2644337444273349,0.03478052699458972,47.94461743106435
723,90,n08,0.230554537788841,0.0169352741039265,42.69113232232625
723,90,n09,0.24775641123305212,0.04051786211132426,42.95033041714549
723,90,n10,0.28062346275284283,0.03814212595289758,45.60663186163647
724,90,n00,0.2858458309892418,0.031574823289954854,39.125583485065064
724,90,n01,0.27849339979625826,0.017917328735255818,28.646702197982616
724,90,n02,0.30137980999696934,0.019905048305921397,55.262019848805295
724,90,n03,0.3094872851216741,0.028906303863087186,55.29404756032687
724,90,n04,0.2385167730884032,0.0206662429731116,61.48763999227876
724,90,n05,0.17300995777709327,0.014380920804157048,55.76289414665314
724,90,n06,0.22385196401998042,0.034097671361468164,47.3147313041858
724,90,n07,0.3036984654988084,0.028554792918679853,36.39396520971683
724,90,n08,0.2265065102969088,0.023556870160744904,36.39545742009069
724,90,n09,0.20519554078917868,0.008619826680099904,39.23656276311765
724,90,n10,0.2583535622789465,0.05310284413775067,50.49595759125529
725,90,n00,0.2318423167862441,0.01620591856794651,52.55989713801092
725,90,n01,0.26885308920821804,0.030393940451157547,29.53724877371212
725,90,n02,0.2711642149133845,0.029654834434044243,46.11861543816329
725,90,n03,0.27036236452760776,0.034224674733394356,47.90740803718992
725,90,n04,0.2380560969693027,0.015561944563802634,43.29290857641449
725,90,n05,0.2203064584604948,0.009098932869643472,54.584910138477525
725,90,n06,0.27937123902295563,0.004560258017440172,36.19846704474159
725,90,n07,0.2958089286851588,0.031808130528545774,63.84482847634784
725,90,n08,0.30327618375943205,0.029648345072301394,48.11675932846498
725,90,n09,0.21724951200030845,0.04041837130430842,47.5804303253378
725,90,n10,0.2123724522172907,0.031035051562084057,51.73599900849402
726,90,n00,0.2587228159152309,0.029222253575663246,35.22945444334935
726,90,n01,0.2876714439194685,0.0372313363624829,46.79197282877551
726,90,n02,0.3445258358835568,0.028728420269105548,57.062289133906646
726,90,n03,0.28054115814664626,0.015504176217452221,44.11998825937001
726,90,n04,0.2016717300306765,0.03108134505154708,45.72507542765819
726,90,n05,0.28599171116060107,0.019824059726765538,39.58647742141903
726,90,n06,0.2719825209037617,0.021387870477435855,61.74633875836905
726,90,n07,0.28245768631122226,0.03170963636879122,59.164689795584586
726,90,n08,0.2596835213241578,0.01658688670172566,32.447410248833826
726,90,n09,0.33296801071498316,0.02697500101505567,46.25634660415475
726,90,n10,0.27285371568837197,0.03261820898304583,68.07629456838158
727,90,n00,0.31367923253763585,0.03620720709733585,54.310238953198876
727,90,n01,0.25305739734715754,0.035528976752271,45.46102135178101
727,90,n02,0.30254957358201806,0.019632278099559496,38.73905862613049
727,90,n03,0.30525208390138087,0.050757729414388615,37.335244378161
727,90,n04,0.29975602073335544,0.04462225030772532,54.69651029529034
727,90,n05,0.27066097848820586,0.031132947574251595,67.52129207359997
727,90,n06,0.30170591730589114,0.027289224700272525,50.962878519270134
727,90,n07,0.2681597636329379,0.04418928354711342,41.18788681038669
727,90,n08,0.24275351446491397,0.0343696635108674,48.186440513226515
727,90,n09,0.23756614076470806,0.03560256535167471,46.027407825411835
727,90,n10,0.2787027466304826,0.05030702092498054,49.55795828061673
728,91,n00,0.6954999632021482,0.06865669451048961,122.30949104112098
728,91,n01,0.7079257186323045,0.07441053721663254,114.82716433195702
728,91,n02,0.7079685919667427,0.06910506712946173,102.93597345675127
728,91,n03,0.7318631908148744,0.08335593179364567,99.01791251089342
728,91,n04,0.6672540360389453,0.07701623916374252,111.07079362016258
728,91,n05,0.7087213486968104,0.07647695896586204,106.64468665357948
728,91,n06,0.7758608473395227,0.07670772192535377,116.68992480779899
728,91,n07,0.6865279337707259,0.09105427644451705,101.676100359117
728,91,n08,0.6658670254032713,0.08211603956412221,119.0012746265104
728,91,n09,0.7325300374502595,0.08432625447500745,102.67233256990352
728,91,n10,0.6860610221300153,0.09673501556776273,118.13391016479112
728,91,n11,0.7380400115234275,0.09086795377541478,127.40064046995944
728,91,n12,0.6896585066744787,0.08568007510916856,117.10554825592186
728,91,n13,0.7612744455194453,0.08529160447908843,117.35530479288133
728,91,n14,0.6775918519900036,0.0936854321282318,118.2928135079304
728,91,n15,0.7038637333760611,0.08113866899523653,110.16919657181371
728,91,n16,0.6230971209259137,0.0923856561670359,115.1266030471001
729,91,n00,0.2662524786663938,0.03734563819448088,50.48917795638219
729,91,n01,0.23255919512282597,0.0,49.829281268230254
729,91,n02,0.26398952287340066,0.02221011041883514,47.0048068260957
729,91,n03,0.2292330216836431,0.02487933402331205,48.45620417063851
729,91,n04,0.21028469394484314,0.021502540843692894,44.67378550951812
729,91,n05,0.31268721258767196,0.0417566700096186,39.51168767924146
729,91,n06,0.27688227230766527,0.02770472100031166,37.43177352196422
729,91,n07,0.20347349790972327,0.022432613396058884,50.616389973489504
729,91,n08,0.1811751151685329,0.05038595590090118,36.807071377443194
729,91,n09,0.27402443083361094,0.037651114318810464,49.731047117327854
729,91,n10,0.21705592023795878,0.02341082957785807,41.64886709922008
729,91,n11,0.24430549948580677,0.01472933593366978,47.53345364830555
729,91,n12,0.2271500296665991,0.03501243240254887,28.50135123041506
729,91,n13,0.3237768642648876,0.02856928546876085,56.84524821208813
729,91,n14,0.23839280762855505,0.053623869622018,34.12124850522147
729,91,n15,0.25306545304723604,0.025367578926766644,41.04015699080524
729,91,n16,0.2612518920317081,0.03287893128981662,58.53072178996214
730,91,n00,0.17918039790453869,0.023672706053756404,34.525799288077394
730,91,n01,0.31523764541676796,0.016145693603709696,37.33674768074508
730,91,n02,0.24214671112070835,0.024981163939859174,35.356074420172945
730,91,n03,0.2558653572988552,0.03513225135386592,37.46360392083869
730,91,n04,0.3150250267053746,0.021716997721827228,41.85951172056547
730,91,n05,0.22488891607958508,0.01596914641165069,47.814688815598664
730,91,n06,0.242421610438405,0.033144104924566334,39.56266424882871
730,91,n07,0.28661239241768693,0.03578623328016668,64.2242399038402
730,91,n08,0.2899149569123577,0.032665549982412945,38.95371869199918
730,91,n09,0.25692418245728804,0.03647522882599104,42.78354225629765
730,91,n10,0.21446173622495773,0.03041958947041102,40.34386303486953
730,91,n11,0.2783474612624256,0.021649648834126393,42.518320306360444
730,91,n12,0.3467242022406882,0.03437759679778221,34.85963992579033
730,91,n13,0.22404768244650658,0.02660466212989241,40.193629086764496
730,91,n14,0.24686704188096006,0.023663834795611266,41.581440037849156
730,91,n15,0.19985568342448307,0.032011481442810255,48.99605406167389
730,91,n16,0.23538585636926287,0.021650409311020483,52.47792798498574
731,91,n00,0.2962666891751676,0.0424922720427971,45.94467437879542
731,91,n01,0.22905963085680847,0.024846201006492114,42.60285054261954
731,91,n02,0.21721837400337154,0.040033988408440566,40.81745430759483
731,91,n03,0.30822989794469374,0.019561124134985834,31.09780635193882
731,91,n04,0.23426395031179878,0.037443344528436756,62.210466612081404
731,91,n05,0.2573809485769746,0.01877728291024195,47.48664331572165
731,91,n06,0.19976335578328758,0.005658943012813021,50.8176526928407
731,91,n07,0.24266770837156976,0.04030093688711988,51.87261145865724
731,91,n08,0.20958903564585776,0.02601501240637594,54.326685536620204
731,91,n09,0.2712717137088712,0.017005887000738407,63.14468394276581
731,91,n10,0.3052467515716332,0.016333504053110452,47.317352935192744
731,91,n11,0.3671299811428356,0.024049221040460693,55.520275866763384
731,91,n12,0.14357918048201734,0.033422429443587656,47.86579594983762
731,91,n13,0.35309560209410573,0.04330177327332381,34.961722878330455
731,91,n14,0.20624811883320543,0.006102500661967009,69.95705695021466
731,91,n15,0.2772164887113585,0.023937141469700718,44.36253919063707
731,91,n16,0.26789015089213075,0.03842832436568855,42.732441637213974
732,91,n00,0.3793682845670846,0.031224549917371405,46.057344491710886
732,91,n01,0.25665538097946616,0.03889622373424344,45.18334237387585
732,91,n02,0.24118161193721882,0.03979210625429892,59.5558132793378
732,91,n03,0.24283103085472246,0.013154382218157491,51.348122857188244
732,91,n04,0.31117931858527664,0.052312822238288856,37.23247884377288
732,91,n05,0.26246655876908065,0.02518784961862728,56.36228010117495
732,91,n06,0.3310383473442897,0.032099686639834424,46.718944466868805
732,91,n07,0.1679192162825736,0.010687499562141958,32.13083933274388
732,91,n08,0.305387660289253,0.047478383308057814,52.07009407004369
732,91,n09,0.27364716411177054,0.01740936913112441,42.19340281375071
732,91,n10,0.29197636563446705,0.03535414738723518,42.43371393630733
732,91,n11,0.21308838977910943,0.041128035515939985,49.4579933529406
732,91,n12,0.2103638903174967,0.02987212764679726,54.04657543698199
732,91,n13,0.25083327168829467,0.03026461970327305,43.80429661428054
732,91,n14,0.22894506608194937,0.028772296576536013,35.682814104132255
732,91,n15,0.2231723922148753,0.022617894775969344,38.51535335435734
732,91,n16,0.20725977439489884,0.02839936914011406,43.82297087074499
733,91,n00,0.7279102204840132,0.08174980330230341,103.2324578615858
733,91,n01,0.7022222565492771,0.08024208705803894,116.73001230180688
733,91,n02,0.6348745450819246,0.07952312905171112,115.14114455177521
733,91,n03,0.7566649179250302,0.08414793205692278,107.05466338735759
733,91,n04,0.7505139230930498,0.058350108839458084,110.20107197456612
733,91,n05,0.7660810936025227,0.08279585120459587,100.73537425542557
733,91,n06,0.7104236427391087,0.07451852493476686,127.79779756515387
733,91,n07,0.6680416993354614,0.08576897717469498,109.1812656315054
733,91,n08,0.7182004585489061,0.07588922348099195,106.22927898330614
733,91,n09,0.7783691882509821,0.08342800582324734,123.96127291135545
733,91,n10,0.7084469803024691,0.07153317007174192,110.09107161903106
733,91,n11,0.7674849162205624,0.09624290412640904,96.98228893159579
733,91,n12,0.7871358533609605,0.06562831509388342,117.14342541974958
733,91,n13,0.7684577490200228,0.09211419359775597,107.4846893240864
733,91,n14,0.6673482629189758,0.057519935530325736,114.94176561309978
733,91,n15,0.7116230710733433,0.07863130760473082,118.42716620774146
733,91,n16,0.7048112536580193,0.08744850535271584,99.50903955136982
734,91,n00,0.18683632436726894,0.02995511444944702,44.14841929862333
734,91,n01,0.25359894482626727,0.02977127675518078,35.000124834993194
734,91,n02,0.2395909314909288,0.03283276095490996,42.55232710590715
734,91,n03,0.2443640735332921,0.03510865811693131,39.171281684781846
734,91,n04,0.22011917071879294,0.02929102473739224,43.79569493568219
734,91,n05,0.14079954002770306,0.03771211583066715,48.30652829746178
734,91,n06,0.238506459686378,0.01273539821734792,37.876607490596335
734,91,n07,0.28120962558146034,0.025382038026122294,54.65504452051153
734,91,n08,0.2052536995866964,0.015794976431827885,44.18154683239373
734,91,n09,0.23423203210077317,0.02224548434679187,45.67291880214689
734,91,n10,0.26421268230747774,0.038818791033987624,43.865056797507194
734,91,n11,0.28546333628101933,0.01920313250432014,50.648441542262134
734,91,n12,0.24053883614682398,0.02088693858938525,41.413954927163196
734,91,n13,0.245251817924255,0.026458741359882864,54.353624181544134
734,91,n14,0.27297510918261436,0.05162383045738668,49.33786242711444
734,91,n15,0.2201031265127332,0.015570595953591254,51.113226179246766
734,91,n16,0.2471916535842515,0.03899628425927484,50.61324679637359
735,91,n00,0.7524826435266955,0.06846927470139416,110.30308523471847
735,91,n01,0.648737897962546,0.07287630279147987,100.28043590809439
735,91,n02,0.6761637751519841,0.09787631157093518,98.52993633082076
735,91,n03,0.6329656656250155,0.06986195459568645,112.19940642452184
735,91,n04,0.6600968798543276,0.0822462090523708,101.78785240725861
735,91,n05,0.7167755253136775,0.06773670818008354,114.55028986247808
735,91,n06,0.6911060682827537,0.06120219099839677,99.17307690753596
735,91,n07,0.7034094527787773,0.07829501552164085,113.0046882179366
735,91,n08,0.6774189515047344,0.08422883088082905,118.13242851940143
735,91,n09,0.7329736291793756,0.07789675633256976,107.63875694258758
735,91,n10,0.7377370697754645,0.0827777264639732,109.86897450154585
735,91,n11,0.6412574383438192,0.06667975474745726,113.16186804640688
735,91,n12,0.6951891099490528,0.09523231072766038,105.30806836651033
735,91,n13,0.6836293089325043,0.07151792299656246,117.83989063581181
735,91,n14,0.7566047122612662,0.07221416328607098,123.62637911834268
735,91,n15,0.6756589523946921,0.09820966200454559,110.61930777635197
735,91,n16,0.6589820500845999,0.08002403732391193,119.93019908453421
736,92,n00,0.27197323887832875,0.04788823638897355,51.88520650877129
736,92,n01,0.2333077539934647,0.03655399566067356,31.827656063911608
736,92,n02,0.3086658727136735,0.03014441465656691,41.926075986982504
736,92,n03,0.247235385814334,0.020667355938228556,43.393430006734484
736,92,n04,0.23377519286084536,0.021990411630045274,39.31534202187213
736,92,n05,0.20609921605523546,0.044968537166281304,51.859207035681344
736,92,n06,0.2845928704763274,0.03327468437540433,50.76621840952549
736,92,n07,0.30578122097790844,0.0,54.30440456161803
736,92,n08,0.283334117674916,0.03816286845552707,41.75463972803573
736,92,n09,0.290550410032503,0.039560506122370144,43.568369624652654
736,92,n10,0.3336382029476586,0.038719398308863215,47.1625827861644
736,92,n11,0.22922755627806876,0.0,67.48473119674654
736,92,n12,0.277861582170766,0.021102200247055468,47.98973635500285
736,92,n13,0.27558071643864335,0.0317656888506076,47.326090610024956
736,92,n14,0.2710304124962099,0.013182775303838427,38.79761294890373
736,92,n15,0.23226962018586086,0.025469998405086257,41.82574111508907
736,92,n16,0.2622870965727005,0.04355125544799414,45.90587187510645
736,92,n17,0.2769124975893197,0.01685336824837452,42.31866017171843
737,92,n00,0.7852882447584553,0.08990430482665372,118.42500027232886
737,92,n01,0.7015791272306736,0.0885553837089707,118.85331654799998
737,92,n02,0.6688500330444886,0.09714152391625956,118.85379896553515
737,92,n03,0.6977179126528685,0.08748070563752691,117.34436371361176
737,92,n04,0.7074695704149743,0.08065617171996413,107.09019284788272
737,92,n05,0.7316679318279034,0.08086221999485566,110.83278276393483
737,92,n06,0.6613570720987506,0.0776032766985968,93.85699147799161
737,92,n07,0.7415367178783786,0.08291184892056998,114.84729343360873
737,92,n08,0.6645377553268706,0.08489295151292792,106.92268868202461
737,92,n09,0.8163273488739349,0.07422688274292466,101.73350131343373
737,92,n10,0.648244094074509,0.07666013352355001,112.38667119167253
737,92,n11,0.7513543947291528,0.07545543750482157,103.189714582729
737,92,n12,0.6977126908704938,0.08765117740999882,111.81990060438869
737,92,n13,0.6322183031602373,0.08871445025080382,116.42525417095297
737,92,n14,0.7963135353095423,0.08317152792574954,121.83608612653848
737,92,n15,0.6846586850875082,0.08357878197590127,117.51566096541589
737,92,n16,0.6331775170141504,0.05787255621957295,109.67654948535453
737,92,n17,0.6636080463673285,0.09449471136960352,107.30791681328381
738,92,n00,0.7278405250984431,0.05903022478983207,109.33394456128512
738,92,n01,0.7734651607978202,0.08155405191249805,118.6364168106608
738,92,n02,0.6481960736776678,0.09324757835708224,108.52974738762096
738,92,n03,0.675417146932422,0.07027835908795897,112.98044659792531
738,92,n04,0.6889022294442916,0.0820268580394143,107.9168252575801
738,92,n05,0.7434141915622405,0.06536328740996927,112.93817253567498
738,92,n06,0.736249261754053,0.08143737376348888,107.598314066039
738,92,n07,0.6520290635798833,0.047653498744882686,110.57345465682023
738,92,n08,0.6854966589544684,0.09075819988308062,111.30542190927686
738,92,n09,0.7458462575836964,0.06902162730398409,108.98585613841672
738,92,n10,0.7371273746792532,0.0874339655943976,112.89351314180485
738,92,n11,0.7749465763962414,0.10721907182402189,102.79016820827175
738,92,n12,0.7340056181648333,0.08367320856186847,120.81481167221455
738,92,n13,0.6407601722550529,0.07344205802362798,106.61029553678135
738,92,n14,0.676005138269013,0.07251557584187539,113.39172078166285
738,92,n15,0.7147068440802747,0.08090334056246586,101.92661852821409
738,92,n16,0.7328072097194516,0.07537438438133275,105.864920339422
738,92,n17,0.6818248272747116,0.0883706110896304,123.45658688149605
739,92,n00,0.7431423838351983,0.06891580841693254,119.4842402918983
739,92,n01,0.6641111685901849,0.07342416301260354,90.35309944900892
739,92,n02,0.7305588953514794,0.0927033444204343,100.01295055409221
739,92,n03,0.7253308508653752,0.10298205599034004,112.9876391403756
739,92,n04,0.7258145523138527,0.059266049007777336,103.42027004655841
739,92,n05,0.7235067955585819,0.07812936438602038,106.3541327031488
739,92,n06,0.7929905614118385,0.08636728782950444,98.19913835918102
739,92,n07,0.6407455798497961,0.08170229200060215,119.96154307139446
739,92,n08,0.680767344417029,0.08279445772219086,120.20924261280572
739,92,n09,0.6318150842690571,0.08807176083631561,113.19990773240237
739,92,n10,0.8242903392773581,0.07330885172793772,112.90472074387733
739,92,n11,0.7545812351626513,0.10565501213415239,109.64237208833006
739,92,n12,0.699510270379137,0.09333952719863284,122.09915567472949
739,92,n13,0.7503968078933413,0.08486392875218239,106.93797733238304
739,92,n14,0.6683226200924939,0.10396381846369078,123.91740952078581
739,92,n15,0.6910277810807309,0.08521257980630387,118.64754570584648
739,92,n16,0.7228805143468195,0.07039344355444721,120.28708215409735
739,92,n17,0.6889048931807458,0.07850198250674471,108.93133404657613
740,92,n00,0.8346980331749954,0.08973467744867249,112.41648901518012
740,92,n01,0.7715112636721354,0.07821004847826893,111.67798159499445
740,92,n02,0.7410941474749045,0.07784577985641293,111.23419137412876
740,92,n03,0.7209590546409121,0.0763324598971408,105.94972251132702
740,92,n04,0.8523641416633871,0.06292878300878671,113.51423050046587
740,92,n05,0.7317583615010721,0.09480253012357377,119.56631965274012
740,92,n06,0.7460085811305314,0.05217421633137555,107.08773174568542
740,92,n07,0.7518686166161292,0.07831116305038013,113.54374601587445
740,92,n08,0.6482227717243695,0.08012146992355883,123.97940521180527
740,92,n09,0.7021726674682043,0.08046992554028491,115.01310214636162
740,92,n10,0.7566555181605892,0.09746609340903166,114.89753345306612
740,92,n11,0.642693742433406,0.06721051660768082,107.70199700717909
740,92,n12,0.6769728178544125,0.06468585744366363,113.38273451647781
740,92,n13,0.6981622322095761,0.08811169479521874,119.24840797160007
740,92,n14,0.6557900633780565,0.07221498272382343,103.08524802110728
740,92,n15,0.6939552861186906,0.07476583106819859,113.75369035074563
740,92,n16,0.6606173777487109,0.07966104044518552,93.74213108551422
740,92,n17,0.7000856237759583,0.08953305956392997,113.78378584916052
741,92,n00,0.7716866324537934,0.08047395650546772,118.64108130575669
741,92,n01,0.6711738284143929,0.06998928447452614,99.46734097905083
741,92,n02,0.679794656182026,0.06592437346172299,103.85060104187939
741,92,n03,0.6955632102964281,0.07427119804799154,110.11090241481764
741,92,n04,0.6968729623003318,0.08204485849976187,105.99195380614802
741,92,n05,0.6735834038416544,0.07796283410286116,117.58651714136089
741,92,n06,0.7075838738823491,0.08124489330871995,109.14632978155497
741,92,n07,0.7186109731295345,0.07745044315915192,94.90828766799166
741,92,n08,0.7485208853167717,0.07955277459141022,114.85226009740592
741,92,n09,0.7764888116425019,0.08797622197921344,100.91723560240142
741,92,n10,0.718735483426504,0.11666642799331131,109.12759052464294
741,92,n11,0.7290770894700661,0.08253772700110965,112.63650374936522
741,92,n12,0.6635111005409821,0.06601397025524526,96.33825260419742
741,92,n13,0.6494857018753508,0.07192166826217379,96.97240514867259
741,92,n14,0.6771153652283215,0.07459629359209093,105.69236891387199
741,92,n15,0.7550083108852942,0.08422283075180385,103.48685637532245
741,92,n16,0.7135656889631257,0.07670434472330503,114.46139573621245
741,92,n17,0.7337893711533808,0.09079488118015416,128.30209848768942
742,92,n00,0.27976890233572554,0.03459470046334807,56.78033333226091
742,92,n01,0.2345416675682578,0.026944450889109305,34.82384864453303
742,92,n02,0.31333217302002214,0.027450756374474403,40.5113305578045
742,92,n03,0.2414907967182403,0.012557618138353936,39.99281969924239
742,92,n04,0.3198790494389705,0.06336879497305446,49.41909235296639
742,92,n05,0.29155889068797575,0.040988687893396145,60.07954663048476
742,92,n06,0.2484299761573416,0.02422948056980444,41.422214959261424
742,92,n07,0.22921800571583242,0.03493054970776072,50.890848218857684
742,92,n08,0.2768445450314936,0.013939034422729472,33.25123565897518
742,92,n09,0.18162604537071717,0.043405220957251564,43.81656073096222
742,92,n10,0.30926280786023735,0.037768610691191834,47.17600505142986
742,92,n11,0.1353546548398763,0.027232102900813702,47.35384135348484
742,92,n12,0.26661551550478285,0.03556201204090655,45.5053941245792
742,92,n13,0.24597499347189547,0.05240611173179248,41.33152362349313
742,92,n14,0.26726282006038776,0.03531377920976902,53.52694540433316
742,92,n15,0.20656349047773598,0.02071013856578574,45.334972550252026
742,92,n16,0.22092197345024925,0.02462245207940057,55.80730458173645
742,92,n17,0.2847591133989401,0.02096339652110956,33.182074340233896
743,92,n00,0.7336510582810529,0.08792696834029463,115.41099105728216
743,92,n01,0.7078289306911996,0.07210791946987004,110.7846829287064
743,92,n02,0.7069990149694768,0.10159938599981679,110.09532366541663
743,92,n03,0.6711960770036705,0.093708835470103,108.05656580956229
743,92,n04,0.7632573155020583,0.09913941712279668,110.14882947429015
743,92,n05,0.7336100551747008,0.08074187253653343,108.92366314335429
743,92,n06,0.7035410947492916,0.07096766580963008,112.63797343792284
743,92,n07,0.6605897883009892,0.06957391584314648,104.24771223695856
743,92,n08,0.6715823124081777,0.08620723470621716,110.3535559929144
743,92,n09,0.660221922226624,0.10116716374260655,122.41094344047465
743,92,n10,0.7777167517056256,0.06929407350549377,111.17584200660646
743,92,n11,0.8057891735187825,0.08568673105935774,95.58625199870687
743,92,n12,0.7733782514353077,0.07755912768352505,108.79240618865873
743,92,n13,0.7034675523913453,0.07249659659630485,106.94596292174803
743,92,n14,0.7605986540596077,0.07030958415268117,111.12692943518488
743,92,n15,0.7601810181605206,0.08754985805360899,107.49698063889173
743,92,n16,0.7608005019465717,0.0976804737821771,118.62406409317919
743,92,n17,0.7304316884017474,0.08620220803001032,108.54894717495955
744,93,n00,0.7472320244547075,0.08736881239357633,119.17652087148618
744,93,n01,0.6670623093136437,0.07923693479317886,101.7575395895354
744,93,n02,0.7156706506283751,0.0869053351039512,110.7124597830082
744,93,n03,0.7167082849105172,0.08600742793593717,100.8648064472313
744,93,n04,0.7477866176561518,0.07661474108254226,106.63402475269174
744,93,n05,0.7794914305587951,0.09884003589815141,99.36286885665787
744,93,n06,0.6811301055448108,0.07362490138374234,112.24652672454236
744,93,n07,0.7702340488848153,0.0742230398530054,109.60468653774349
744,93,n08,0.7594048610694223,0.05567048340401251,100.03200312395094
744,93,n09,0.7495941767996974,0.08989201592290412,107.15207627526901
744,93,n10,0.7148628379844423,0.09588255006540566,118.99432573242633
745,93,n00,0.621331342570914,0.08895764565298173,100.95605720821554
745,93,n01,0.6775054552689994,0.07446853676957234,119.29697881392075
745,93,n02,0.7029562926849262,0.07098846918199213,113.90842156465288
745,93,n03,0.7430123789459995,0.08690734635204425,126.23557455808191
745,93,n04,0.6776219017977376,0.07074919371411359,98.773882647336
745,93,n05,0.6520932704315198,0.06903761034739904,107.75697056752955
745,93,n06,0.6202594487443669,0.10216875647879102,113.6185678509472
745,93,n07,0.7384020235051242,0.08931824813792141,107.23508034350853
745,93,n08,0.6962152876019813,0.08477573874039472,122.42121029731543
745,93,n09,0.7635166289194515,0.0804695202207624,117.97249177553363
745,93,n10,0.7498090035067897,0.07202734815275244,111.12664612027623
746,93,n00,0.22553711145870592,0.03874451214101349,47.24971039297334
746,93,n01,0.30383880576666594,0.026009973087818654,49.03016414394224
746,93,n02,0.21835761877829551,0.051553763746903715,33.451282762202155
746,93,n03,0.2908518711558953,0.019138029497683912,54.81499203852304
746,93,n04,0.16633543371317058,0.023504693910195027,53.877083050510024
746,93,n05,0.21992698599314536,0.034657040411253684,43.95148465020284
746,93,n06,0.27456191882799497,0.0061818629458816506,50.81822541188668
746,93,n07,0.29102091254934837,0.023829683194884824,39.15184567986675
746,93,n08,0.24988580522552484,0.017711907787637243,31.68055600622776
746,93,n09,0.11661138777036079,0.05458808497478489,54.574961549890006
746,93,n10,0.2347193477238373,0.04418917062590624,39.57670245421668
747,93,n00,0.6995224750098782,0.09361401871385293,104.61767307253186
747,93,n01,0.6975177511882787,0.0516215936043069,105.84650127713071
747,93,n02,0.6725452026949391,0.08532732224044466,99.964335359023
747,93,n03,0.718801625434684,0.07907250590759848,119.75824848982835
747,93,n04,0.6875855743379485,0.09072193041132556,128.84481172331408
747,93,n05,0.66206302334073,0.04552146341254933,107.59201621756479
747,93,n06,0.7541830075211047,0.07860943140506675,106.82372626791313
747,93,n07,0.7367997030117356,0.09552563225968899,98.12469734284804
747,93,n08,0.7014343710351493,0.06990635751172924,110.99807295286062
747,93,n09,0.7170699980346289,0.062152672374555865,105.37743372602702
747,93,n10,0.7440466106040343,0.07632280398624204,121.29883037940755
748,93,n00,0.22054952202380196,0.013781104825951025,22.699903992972473
748,93,n01,0.3128178932605008,0.03585208528160574,47.3642391368477
748,93,n02,0.19163506387958767,0.009131252636507981,37.26522610516698
748,93,n03,0.2861270972510542,0.050269738118790507,35.15364171879542
748,93,n04,0.2344117407952925,0.045094326451206306,42.16028189065146
748,93,n05,0.27135043326687963,0.015875205385320633,46.20120375784505
748,93,n06,0.31843811130360145,0.01340675320596071,51.139346015235866
748,93,n07,0.20838285947330185,0.02557610503526053,44.91560486863259
748,93,n08,0.33035286740888636,0.02139398730274775,30.406573344443064
748,93,n09,0.24479159145797716,0.02735989967203208,38.64355665134325
748,93,n10,0.35206872180432,0.052730266759608874,46.19293855594879
749,93,n00,0.18083958170163414,0.029996277011231344,39.24326083978293
749,93,n01,0.2748717456120695,0.024121002325494134,44.07693478101096
749,93,n02,0.22202837140517667,0.03551794429228726,38.69813163998153
749,93,n03,0.3079513979544459,0.04896441517453579,62.226030377056546
749,93,n04,0.22190930914819076,0.04087601949829599,46.09099933728347
749,93,n05,0.30572933875939234,0.027278661128232393,46.203983164575675
749,93,n06,0.31305316355585777,0.021277766537681278,43.2325283749105
749,93,n07,0.23215378696318542,0.03490476697696859,39.216100156410455
749,93,n08,0.21037855775873662,0.004783273649203022,46.007485156581474
749,93,n09,0.2726386104430111,0.027902754171197586,53.150107695572004
749,93,n10,0.2759877592611044,0.007563398280316883,40.32801127207145
750,93,n00,0.22500391766180894,0.042845872534506904,47.48372847816201
750,93,n01,0.2321323316433506,0.03064982786023413,59.757029704942575
750,93,n02,0.2349439155878263,0.050650729426505794,37.25663964729894
750,93,n03,0.28484550081771776,0.031938917079139754,54.18023404182144
750,93,n04,0.1601084851099801,0.03656768339189047,64.52000352886529
750,93,n05,0.2676422155332823,0.013485303583321964,50.38743034879589
750,93,n06,0.15499575123533738,0.018422927026757623,49.70352733142603
750,93,n07,0.20630360786391702,0.01720643132758542,45.370252152227685
750,93,n08,0.2448243000613002,0.04673977012156568,45.00274303963886
750,93,n09,0.2650451397001008,0.039452881483914716,48.63900183286856
750,93,n10,0.25458494306749635,0.02189055585313212,39.43647278133058
751,93,n00,0.21019476542202176,0.028374099966304415,43.91912346342669
751,93,n01,0.23175543436661988,0.018408372008656346,42.42933060769172
751,93,n02,0.25212180214464525,0.034251057789363146,46.03636701932657
751,93,n03,0.2312961975913712,0.04175887417223253,44.55551878740524
751,93,n04,0.30816525178568055,0.028410204652165576,59.472852238605185
751,93,n05,0.21289405423282592,0.05449023845586945,43.1759807133635
751,93,n06,0.1427854092317171,0.035832491829286696,39.40360263977555
751,93,n07,0.20345086944496985,0.027126158776681574,45.4221858342446
751,93,n08,0.2216408449031102,0.03420457972490069,51.73408186366295
751,93,n09,0.284917826396711,0.052713621434231285,57.51652475607267
751,93,n10,0.2673975436901816,0.01930802887282779,41.5770275122632
752,94,n00,0.23060489965392658,0.0407223169063943,49.73234558621133
752,94,n01,0.18765132115417554,0.02881734596362887,45.31744472308795
752,94,n02,0.2838592911908308,0.014035879751219598,48.05655142974877
752,94,n03,0.2485513502378423,0.01546563012654731,38.06391607328767
752,94,n04,0.2909815757640972,0.04299701449306104,54.13939159397548
752,94,n05,0.16474458758087707,0.022892537493447936,52.5600734087689
752,94,n06,0.24360849971090665,0.05202971833863704,49.633104352594366
752,94,n07,0.20066961859958177,0.03198447126665362,42.31327433228763
752,94,n08,0.1821980731050604,0.029604506866028887,40.02326261704264
752,94,n09,0.34618539125369935,0.023723655342686358,44.59206963416166
752,94,n10,0.2837021101106784,0.01866642807971665,52.003035164072756
752,94,n11,0.2542072685409596,0.029405305372007248,65.56872277497231
752,94,n12,0.1459697624814847,0.03832309951042698,37.900997935845446
752,94,n13,0.2378829431478313,0.05164053766450272,48.765968897761006
753,94,n00,0.732868858878434,0.09157046887310316,100.86932991660287
753,94,n01,0.6827206297595646,0.08682431416870552,103.621843101432
753,94,n02,0.6857937666819877,0.06857663913401996,109.49138510816991
753,94,n03,0.6369199598003533,0.07692615439505082,115.38688714021556
753,94,n04,0.7855489740900847,0.06669047955389074,102.94788731553855
753,94,n05,0.7052231394408658,0.08356013995901346,104.02430143472844
753,94,n06,0.6772227357083828,0.07078405504409836,118.768257208971
753,94,n07,0.7317526065907146,0.07427748357028831,99.20921754616874
753,94,n08,0.7035256114296073,0.08071148956964908,113.25911025857208
753,94,n09,0.6949363435233069,0.07378205701104319,109.72618850951679
753,94,n10,0.6932322615312662,0.08070503561641904,113.17965488743701
753,94,n11,0.6723492278684119,0.0686616171423105,113.38360827293734
753,94,n12,0.6445514612143478,0.08990705249478519,122.44894869168348
753,94,n13,0.6963615890442049,0.08960984440223921,123.47241600657094
754,94,n00,0.23823608290929635,0.020952030768927828,41.281594532764835
754,94,n01,0.2498436931072989,0.024517171761242285,60.0259081657126
754,94,n02,0.27549536895575105,0.02682911371777499,36.14621623172662
754,94,n03,0.33276159183590537,0.03834476320998924,46.76823871573831
754,94,n04,0.25746910738227674,0.04113093086140798,56.43233728950092
754,94,n05,0.31031965280689083,0.03135283662536266,45.69168329315141
754,94,n06,0.25044877622583145,0.04319434123226499,40.781823056901175
754,94,n07,0.24115238983287632,0.030812707827950984,39.19388483291692
754,94,n08,0.26852512129836453,0.015448412452083317,49.017070470077456
754,94,n09,0.29522474452403524,0.022685785424997145,57.14209421330917
754,94,n10,0.19830913580114734,0.03799812025793972,43.994384189950864
754,94,n11,0.17735641111703765,0.03220569233227185,47.834393865979884
754,94,n12,0.2727398341528621,0.048470095812690975,43.49419329860861
754,94,n13,0.3279939945122667,0.036188571539016945,38.33965647993717
755,94,n00,0.7599559315101286,0.09384987824494101,96.96274409481899
755,94,n01,0.6957057390536611,0.08158868214685933,124.73850343722779
755,94,n02,0.7230561852810968,0.07279098772433654,124.97755832500975
755,94,n03,0.6841069128034446,0.0849967860785366,115.06267107143141
755,94,n04,0.7154740263197029,0.08663575056563363,94.56934705363659
755,94,n05,0.7051512808340248,0.07815202708385414,122.95896872958613
755,94,n06,0.7079553785605966,0.08340092412936369,108.74421235165589
755,94,n07,0.7036271572818077,0.07122821251656608,124.20259472633272
755,94,n08,0.6901811690835813,0.08705805821600893,124.48604312898917
755,94,n09,0.6977919650279628,0.08445690428382475,114.1186691733725
755,94,n10,0.7670995596936286,0.08657408505261147,107.42216996785541
755,94,n11,0.7865224240612263,0.10164066826195851,104.96921343576416
755,94,n12,0.706973324128438,0.09896198014674601,106.27013416343041
755,94,n13,0.7228993396887938,0.06526609165607089,115.78586536778798
756,94,n00,0.20327742132217796,0.025035966645876817,35.389457434933405
756,94,n01,0.32564543322301037,0.06042529540132033,40.35788245469496
756,94,n02,0.30197579469294306,0.04079466696677947,52.532052222365934
756,94,n03,0.3071366253528945,0.0401213735099344,33.285998530841496
756,94,n04,0.30549101951749313,0.03781429065909955,50.370534443953346
756,94,n05,0.21022498620250635,0.03726318246796184,48.50300365878499
756,94,n06,0.23830849738753213,0.03592914045594974,50.36064981895124
756,94,n07,0.23102855458117022,0.017610890931546955,25.92223415102535
756,94,n08,0.33294406852607344,0.020043394473275467,33.46965263816769
756,94,n09,0.28685815632937267,0.013608054829598645,59.319165789058616
756,94,n10,0.27739021595395874,0.025446641321819834,43.385009155925296
756,94,n11,0.2537408544289956,0.03398779358008904,37.134394049905936
756,94,n12,0.23134613114112562,0.028981844308332675,53.9428219300775
756,94,n13,0.29934894392532674,0.027498383358439737,38.295508013258136
757,94,n00,0.6649457221417838,0.07678558824131686,113.57965941609469
757,94,n01,0.725920918240351,0.10949261822865469,109.76457513208862
757,94,n02,0.7187913703591043,0.08026911328165129,116.27946333142619
757,94,n03,0.7770227206024085,0.06487035808212087,115.63401797653223
757,94,n04,0.6970977225859001,0.08450267267560654,107.96285934141927
757,94,n05,0.7170530467285192,0.08452561921484739,111.6177785254712
757,94,n06,0.735118647577571,0.07234551319900677,110.59466852316122
757,94,n07,0.6849015898941431,0.06238658951889715,112.04685795661592
757,94,n08,0.7880937076145632,0.09027921026772134,110.97572646543763
757,94,n09,0.7070647710576518,0.08807586098095108,112.7080166771255
757,94,n10,0.6962478243474062,0.0887901996002123,119.45816111711454
757,94,n11,0.6759121071957116,0.08915368371541245,102.669041914941
757,94,n12,0.7726436318020827,0.035899463922036995,120.86572412291197
757,94,n13,0.7333117329601105,0.07337027162314175,112.26986902619424
758,94,n00,0.7996042182343744,0.08453366268409405,114.77308224339049
758,94,n01,0.6781117016681508,0.05733074711070908,110.45781268239749
758,94,n02,0.7352879679339582,0.0833515965202449,119.77733370596663
758,94,n03,0.6788682234161706,0.0636125403823601,114.2982501408521
758,94,n04,0.7237691996327286,0.0844261706977485,102.34886804487215
758,94,n05,0.6962814165150715,0.0740676879320855,90.51184198672524
758,94,n06,0.7273545587475337,0.07759778992831001,115.56615294775355
758,94,n07,0.6933129292813854,0.06581687063869657,120.0987384515821
758,94,n08,0.773947817981646,0.07437450618196471,118.12002576522521
758,94,n09,0.6914214581446129,0.09638102905066093,102.1083541498059
758,94,n10,0.720200904673988,0.08732007350196466,104.63398062490306
758,94,n11,0.6833244719886002,0.07616187288759312,114.9444737668153
758,94,n12,0.7393875706629691,0.095250387475204,110.09805562826514
758,94,n13,0.7289554228015848,0.0719107466870471,106.08608330519458
759,94,n00,0.22846093707309204,0.00665128133878122,52.97743029681281
759,94,n01,0.30041636103252395,0.03181458977702612,38.19273905829372
759,94,n02,0.20271056742677168,0.031984279931275374,31.543618180276717
759,94,n03,0.21646969651790532,0.011718966000022028,37.72067050581953
759,94,n04,0.13156388018233675,0.04241442295020535,42.12084694242285
759,94,n05,0.26161370038910653,0.015927087948352625,27.033222524516923
759,94,n06,0.2858906370814541,0.03166511867807689,36.23944223790799
759,94,n07,0.3005696525168221,0.024056662760782232,41.76552643592514
759,94,n08,0.30903133341921923,0.02629643879281239,40.460995510140044
759,94,n09,0.28550391839540606,0.03224973208850686,45.1289979991444
759,94,n10,0.22214136956046876,0.027621942054514216,34.61610065842996
759,94,n11,0.23433731704826402,0.03430950081990576,34.00188886224615
759,94,n12,0.21677974032247266,0.01590635166149057,31.946390305951994
759,94,n13,0.27874990772542174,0.015720137938748265,47.2644096504015
760,95,n00,0.1938908842096164,0.05540918758493253,50.73360063085346
760,95,n01,0.23575311730921908,0.0279307407347019,44.34923557352976
760,95,n02,0.26517591072716745,0.028770562632990847,53.62310637086068
760,95,n03,0.2535308629147783,0.043772287629433144,54.86996459806784
760,95,n04,0.29777129984619205,0.05064812851048281,43.144353194166904
760,95,n05,0.20685334098369476,0.014797569877701791,66.06168955254421
760,95,n06,0.21927803659045886,0.03858321921856993,64.34680358584018
760,95,n07,0.21120544425319235,0.025156331672575024,51.55407656447647
760,95,n08,0.30659658660169503,0.04852769423633692,48.73884942037955
760,95,n09,0.2062806431352572,0.02409044733012391,49.76737438308927
760,95,n10,0.26738386150304927,0.03222341788904719,56.70287419670638
760,95,n11,0.2499579449751549,0.026493393391941587,54.810230177327156
760,95,n12,0.21331305514053117,0.03451966377064657,49.09498292897268
760,95,n13,0.2552957955888982,0.02948815160755011,39.767025627754464
760,95,n14,0.2623222824271657,0.04385901871015468,38.57225028190109
760,95,n15,0.2124941065614443,0.03697876657004127,48.30145101566083
760,95,n16,0.19044899365443002,0.018095801382006258,43.71785900287926
761,95,n00,0.7389064912118893,0.10169189267772831,117.46019406206732
761,95,n01,0.7781661974039024,0.07687333206703728,100.44231350789998
761,95,n02,0.7672403074969796,0.0987171682659006,118.65427758594178
761,95,n03,0.6861035659905883,0.08660480943263514,106.03082162519146
761,95,n04,0.718795796059039,0.07576502912980121,118.62688784577549
761,95,n05,0.7475749139103579,0.07974833978608066,100.80158487581177
761,95,n06,0.6633575362262313,0.0760809071782044,108.35947755801442
761,95,n07,0.6688473838426239,0.09455583210367859,99.98196065341924
761,95,n08,0.7825203105200901,0.059923732150356596,119.11807009946384
761,95,n09,0.6819122559504676,0.09098283952988934,99.47196406301595
761,95,n10,0.7048837870643077,0.0655247890202383,96.96673414726135
761,95,n11,0.6777997642183625,0.0810598223151124,103.08219048505303
761,95,n12,0.6924189890632673,0.09926437635698679,108.53514197120774
761,95,n13,0.7601550795792335,0.08287756648411201,99.99781807428724
761,95,n14,0.7615846803847919,0.08503499923045849,105.02568867591776
761,95,n15,0.6910923089720843,0.08697166407914693,115.96100197411981
761,95,n16,0.7337079192015287,0.07804606038051302,115.87566463631778
762,95,n00,0.2656996324515403,0.03615673544125803,40.11427561245408
762,95,n01,0.17598620246032703,0.03491560552767013,29.012183919689562
762,95,n02,0.2771241434190942,0.03353269014987187,40.21146179622783
762,95,n03,0.22425822773421922,0.0326011929569114,50.62328936002266
762,95,n04,0.155809855167772,0.041667820001244874,36.50764501337658
762,95,n05,0.16798618516909736,0.03546063312878223,33.192430167593464
762,95,n06,0.19052012520317263,0.04016240632731849,53.025212941315495
762,95,n07,0.2134243644854276,0.045573644944904304,45.0565848982294
762,95,n08,0.25015271248665505,0.041897343022259136,37.10462457372087
762,95,n09,0.310190833821688,0.032909709533789966,37.59146456549481
762,95,n10,0.2317972285098434,0.007139867992944696,53.14344195751386
762,95,n11,0.2260901972444312,0.017760243012672136,33.93744928018766
762,95,n12,0.16511985687691888,0.020991352617131233,30.202705344854245
762,95,n13,0.314037174539234,0.024608800414627315,43.351434863067645
762,95,n14,0.30041373730317167,0.03849580818014041,33.667042172441015
762,95,n15,0.32994281361886585,0.0435915072142128,49.5328582923644
762,95,n16,0.27847701202065334,0.026208210158545735,54.03304730121538
763,95,n00,0.6381154029913813,0.0691986527217992,99.94598582367931
763,95,n01,0.7459570652426502,0.07730870691757243,107.77525462401844
763,95,n02,0.6940571814974524,0.08415037730111238,100.56830563429999
763,95,n03,0.7277391810753612,0.08605365017261916,105.04754629518526
763,95,n04,0.7000180954332709,0.0838346658057587,107.03707186789873
763,95,n05,0.7241579042631406,0.07580012124556075,114.23918498594388
763,95,n06,0.7518477463783665,0.0766014073494966,100.18127923758969
763,95,n07,0.6956934792908096,0.07091250447103879,109.80550750101528
763,95,n08,0.7200857086289845,0.05919278126170123,108.14075206053695
763,95,n09,0.7171245547651741,0.05900781356577629,119.70579653355861
763,95,n10,0.6538013906911347,0.08079623078903324,114.49614498001011
763,95,n11,0.7423229377380393,0.08746725788216411,115.20232958240646
763,95,n12,0.7251104692113621,0.07324126854890155,117.99791068595033
763,95,n13,0.7147849429396443,0.0779068043760369,115.6892454648227
763,95,n14,0.7337637475485262,0.08896914171615086,97.47092232393837
763,95,n15,0.7220593220741349,0.07228295806347372,108.15592321740924
763,95,n16,0.7283953002812562,0.09289518286209617,121.70510795129502
764,95,n00,0.7960792587129333,0.057445315382675464,112.99803204315705
764,95,n01,0.6837449224079427,0.07593574976021966,102.76039910662352
764,95,n02,0.7323210430798012,0.08557352345582926,110.12513574908851
764,95,n03,0.7285053107174667,0.0781666598790772,102.88113347905217
764,95,n04,0.5979398216184266,0.09035451669420572,113.42384259832961
764,95,n05,0.7091514478661112,0.07137298473783808,104.09804206036216
764,95,n06,0.7856911723819344,0.06357012471420193,120.63946116393662
764,95,n07,0.7589340404590418,0.06292162771289314,113.52204487083654
764,95,n08,0.6920231886334202,0.07619129328080648,107.19216013150802
764,95,n09,0.7264026300523098,0.058140537193696454,111.75199514931185
764,95,n10,0.7326856239131297,0.07724978438818655,119.7033335039698
764,95,n11,0.7045979392292305,0.08324660999735285,106.09477334449417
764,95,n12,0.6513061609344702,0.09294234965907641,104.03732575764786
764,95,n13,0.7050062068224958,0.10392746244481371,131.01264919335685
764,95,n14,0.7869848424548822,0.07286070210394929,108.9116013426651
764,95,n15,0.7325690131125828,0.08010443659460353,111.44143962355666
764,95,n16,0.6731644320687341,0.08315325733354346,108.06105158454993
765,95,n00,0.20423479769225122,0.00968785165180366,32.22523804387019
765,95,n01,0.31811000760095864,0.024112574258895847,36.53014066549197
765,95,n02,0.2675875450328105,0.03199828737458907,47.326817043713724
765,95,n03,0.3460239153498814,0.03279342692553819,55.716371063667154
765,95,n04,0.2286345791184354,0.020181484401201648,43.58503804124541
765,95,n05,0.26949816117696285,0.00428907070871876,34.78056530698953
765,95,n06,0.24002144305579767,0.04363578415176459,47.09085313334865
765,95,n07,0.20725854045754316,0.04884352396504315,41.003144549842006
765,95,n08,0.21640923894178388,0.01628911404453553,46.5161964049115
765,95,n09,0.12947019382352914,0.023899281112704045,30.748467710812655
765,95,n10,0.27748987409606257,0.03374530097549949,41.066057993550636
765,95,n11,0.2041163861479617,0.026796766599440112,44.11098254694092
765,95,n12,0.27816109551514634,0.013762800150013528,37.96270339749347
765,95,n13,0.2715840710136892,0.04306870044038269,44.37604953522929
765,95,n14,0.24921795116803272,0.016173020320034273,37.9308334448156
765,95,n15,0.28548089584061426,0.03797043700052723,51.637276221698265
765,95,n16,0.23389645794374436,0.033250915131094634,33.39925259741197
766,95,n00,0.6690483676329702,0.08615978470716402,105.98324553088932
766,95,n01,0.6864509445779359,0.08456600598528215,108.07014713037933
766,95,n02,0.6768696618073282,0.07149787848229808,113.71840032988938
766,95,n03,0.6976096223663645,0.07705577777347428,104.10591229856098
766,95,n04,0.7466937515120986,0.07559351543209133,111.34540287851179
766,95,n05,0.6504854452244804,0.06913251702909307,110.59842813374122
766,95,n06,0.6563072945293495,0.07094233488908129,110.90374120159997
766,95,n07,0.6911621739030664,0.08214921439513964,108.42232585546648
766,95,n08,0.7708690198834665,0.09505023353047702,112.11982579088448
766,95,n09,0.6524219532060771,0.07591334623767777,118.90820661644901
766,95,n10,0.7662053907116952,0.06975617220913258,108.70388678630941
766,95,n11,0.6756594431034806,0.09045844964246426,104.63230023118129
766,95,n12,0.7693355851853426,0.08649927645656871,116.52939016734592
766,95,n13,0.6983815074633138,0.05696646496011172,118.65468666798648
766,95,n14,0.7748950573936286,0.08377687770782384,112.83272360200394
766,95,n15,0.7359121629131313,0.06586637032516764,109.63485396363686
766,95,n16,0.6951492480632651,0.08303127648225311,106.60634742219383
767,95,n00,0.3007295464897014,0.014451963479165055,41.59026052378642
767,95,n01,0.19392267091588675,0.0200228456187085,56.36969579148678
767,95,n02,0.2510749728211558,0.01754729768944891,43.51191198795998
767,95,n03,0.29777291169698517,0.012951311367841677,46.2846355728888
767,95,n04,0.2717471010123893,0.0305121949243083,45.28791746112088
767,95,n05,0.2341678015498786,0.026998752198189434,45.86794007251715
767,95,n06,0.2467646661368334,0.046835454073617444,41.3805980879076
767,95,n07,0.19779434586156866,0.025014842912823885,52.451075251941816
767,95,n08,0.24232902554273056,0.009718883423426378,53.877862772885734
767,95,n09,0.2054435912831733,0.030790804416764964,41.27925501382521
767,95,n10,0.3101734509404951,0.018508118656633182,56.14751235182882
767,95,n11,0.2765953386261597,0.030113460340169394,35.74703181452816
767,95,n12,0.25787466104998563,0.0337043418868422,51.08422598267585
767,95,n13,0.26261081157756566,0.016549845243352367,31.72207907680901
767,95,n14,0.2530408783894868,0.01689493334559662,48.24435085164801
767,95,n15,0.2597684581534844,0.02707729156193489,38.15810423415025
767,95,n16,0.35117842524232346,0.039410836048945574,36.61728465627681
768,96,n00,0.23679483269192458,0.008606287302593881,46.1711694038926
768,96,n01,0.23640928602177658,0.033370969370435696,32.072455048818824
768,96,n02,0.24151197604703975,0.04508335466854064,24.82499191199307
768,96,n03,0.3130483542043899,0.03996713490800498,48.73844537308317
768,96,n04,0.17258537315038558,0.04151546560416817,38.61914264903798
768,96,n05,0.3725145073144625,0.04501476818727848,62.35646743631425
768,96,n06,0.28005924790850806,0.01198975172502912,45.601183228349704
768,96,n07,0.269877154858901,0.0252650876424919,47.75991363211318
768,96,n08,0.2084751743656836,0.035000658779768615,37.59036701631502
768,96,n09,0.2669427775996751,0.03643357415828146,48.37921116092192
768,96,n10,0.35641944684685894,0.03150119749187099,43.64268300271848
768,96,n11,0.24275772956941538,0.030801533363513968,34.237942350321106
768,96,n12,0.2773854543353487,0.02059431360066065,34.64116558546168
768,96,n13,0.24936249223498735,0.03345721664760005,46.61924069279186
769,96,n00,0.6554028496824297,0.08079948917540629,111.39219508981063
769,96,n01,0.7318368828131521,0.07855155936591433,105.76171055303234
769,96,n02,0.7215705685741557,0.09422531651289935,111.45865871145504
769,96,n03,0.6955969593734885,0.08968505361524276,124.07423949627588
769,96,n04,0.8024051226240883,0.09453588543619154,115.41887966444139
769,96,n05,0.7573179486704645,0.09156889639180278,112.30081338335982
769,96,n06,0.6833282545089285,0.08408639523654247,107.13222177925823
769,96,n07,0.7389004174733156,0.09101937678355407,124.06866610757203
769,96,n08,0.6353170550450076,0.09137743239424977,105.7072335461315
769,96,n09,0.7646301922921102,0.09799687265149276,109.21523678262591
769,96,n10,0.7376555239621481,0.06759640606505612,120.14770783957161
769,96,n11,0.6634740025062894,0.047492240198230104,109.27157458088129
769,96,n12,0.6936911451079117,0.0795671538879754,111.88243475429451
769,96,n13,0.8064254089650278,0.08572113626950867,96.19376078948184
770,96,n00,0.7304581713853315,0.08426066137967372,122.66127072322342
770,96,n01,0.7927922700432538,0.0820995067562162,111.68026583389377
770,96,n02,0.6910753507693604,0.1069113795703443,128.67158744685088
770,96,n03,0.7274275420675109,0.06444810152869211,107.2465739262347
770,96,n04,0.7634894167317136,0.055192483974480316,109.923290867838
770,96,n05,0.6737310050949938,0.08033656045102175,113.31426340188787
770,96,n06,0.7187019152488661,0.08666415079922764,110.14134565682032
770,96,n07,0.6293888712742691,0.10038479283531412,107.83067490276764
770,96,n08,0.6895832586463891,0.07945396805071983,104.32798404929333
770,96,n09,0.7091987714961707,0.07312968019039306,120.72598626243911
770,96,n10,0.7300984042674429,0.06766682671515847,106.27082938936677
770,96,n11,0.6686344730021276,0.06862180406111378,106.36568402232965
770,96,n12,0.7497808870099941,0.08497105822453994,104.78653110597861
770,96,n13,0.6733298677287826,0.08003685921826283,104.12491734391266
771,96,n00,0.7889293923607164,0.09827524432375527,100.42260996565868
771,96,n01,0.7300176661837027,0.07197858091760602,108.63428436755184
771,96,n02,0.751876513374207,0.10373097845739955,107.7254182744985
771,96,n03,0.7347609733932169,0.07121808228784299,103.19241410777612
771,96,n04,0.8128443089574631,0.10122028921466221,102.68615616329848
771,96,n05,0.6691205523178982,0.09858240076531942,113.94061345201898
771,96,n06,0.6852472996668982,0.07609899639169071,112.77791679255776
771,96,n07,0.6997262542344046,0.07414328007269255,115.50945804601629
771,96,n08,0.7127439874044964,0.09221412833074367,115.74446369081119
771,96,n09,0.7654253716620919,0.06107492489405341,113.84361466443355
771,96,n10,0.7310322751813222,0.09332353210337571,115.31632517628184
771,96,n11,0.8067986523783172,0.068111245144936,106.67311971642722
771,96,n12,0.736153068317388,0.08369044201402717,104.47760889013239
771,96,n13,0.755847717151137,0.06325946959676151,111.05689142275838
772,96,n00,0.2693111940275383,0.04552019573640078,51.75563407189665
772,96,n01,0.22193221189623202,0.0463106457364881,30.176265893164093
772,96,n02,0.2664317108686699,0.01718918171544059,33.8918588010187
772,96,n03,0.15945175627929548,0.014955938876657443,48.056336701247986
772,96,n04,0.2552153724370944,0.015085681613447015,54.06465816451558
772,96,n05,0.257068686644144,0.03339195262775858,42.736474682820045
772,96,n06,0.33349402525131344,0.03208933800712078,41.39443949581111
772,96,n07,0.26854244295789415,0.01713531062885228,52.81812926023061
772,96,n08,0.10098971254745612,0.031102174480896198,59.986593785519815
772,96,n09,0.31312741740565075,0.043183478175527604,39.856410273237316
772,96,n10,0.28261429620890294,0.015993140378827753,44.97689830326089
772,96,n11,0.2543404471835946,0.051440012200230284,40.179864611919456
772,96,n12,0.22019026137539086,0.03246789622049812,56.91591368404054
772,96,n13,0.24066273423035714,0.05408384275698069,31.87278857308563
773,96,n00,0.7433772686776097,0.07458153320132936,121.56033614714373
773,96,n01,0.7825916036059364,0.07133600720796908,113.50404594740245
773,96,n02,0.7024509212974457,0.08284985405162744,114.44953345288731
773,96,n03,0.7386548254628549,0.10094535743191646,103.7559042118598
773,96,n04,0.6953549553936331,0.07053212674937794,112.77640875627858
773,96,n05,0.7152130672106459,0.07555875687309593,113.1316853092654
773,96,n06,0.6976088351074589,0.1044281007963137,107.05111496672305
773,96,n07,0.7003155978208945,0.0595099536742359,117.75961263172343
773,96,n08,0.6923235058294077,0.06046412525667377,122.11597935093977
773,96,n09,0.7394356671098203,0.0794573011920964,114.03427337528674
773,96,n10,0.6342184474041765,0.08358487761803594,115.04884290620325
773,96,n11,0.6731745499042426,0.08025264671550776,95.33768936451163
773,96,n12,0.6136899043150766,0.07106921222913763,112.31652465660717
773,96,n13,0.718703438472191,0.09605797206645769,114.8090132268212
774,96,n00,0.21279701435774495,0.03130547989695655,37.53801585221942
774,96,n01,0.22632035113633925,0.023720908268415532,40.18457055576856
774,96,n02,0.24894173649053758,0.014010343549261596,49.176873822727586
774,96,n03,0.28943967727271824,0.017734248435310976,48.87606059488421
774,96,n04,0.272415642388944,0.049522882346046,36.27179614993745
774,96,n05,0.23476418934896337,0.011401280630193803,40.106685088877825
774,96,n06,0.31928788804635705,0.026817838884478994,47.947095734358946
774,96,n07,0.3256641096949272,0.03755190532634068,27.301792827157893
774,96,n08,0.23823498889314332,0.029146971170336617,50.06692941690399
774,96,n09,0.23815617293871635,0.038118087764770006,42.67025430827429
774,96,n10,0.31826641614343365,0.035049565330432034,42.20152977963304
774,96,n11,0.23559316407485884,0.04613973119826368,41.85288037774959
774,96,n12,0.2325273119397939,0.03328461086895775,38.069545830620775
774,96,n13,0.21796165891855257,0.022098302684473707,47.00986246437544
775,96,n00,0.6714358635500101,0.06159837686621543,113.33563429206896
775,96,n01,0.8262640687833043,0.077152380958351,97.94691751796464
775,96,n02,0.7516723500281977,0.09062982918979239,104.93886181213738
775,96,n03,0.7368939468154088,0.06846400667294687,112.03972667754888
775,96,n04,0.7334330324340959,0.07944167285501484,99.34444296031248
775,96,n05,0.6699954554691896,0.08582377042110241,112.70927481122631
775,96,n06,0.7126584662024511,0.09318410092355348,113.915769440912
775,96,n07,0.7420197551085415,0.08833053132935928,115.22270589849377
775,96,n08,0.6883484318665318,0.09125780415092488,104.46101086894075
775,96,n09,0.7052416743850596,0.10662039910632136,110.73539421717162
775,96,n10,0.7205978203897997,0.07254478217453875,96.5914279389925
775,96,n11,0.7291969457813231,0.07421961940161807,109.13792434374609
775,96,n12,0.694192440284235,0.11204707461593925,109.55618722165491
775,96,n13,0.6811209533805163,0.07380173120250882,114.75228806735389
776,97,n00,0.21204571428818564,0.024559301975470592,49.3248261368556
776,97,n01,0.29492328462588513,0.024157874505196377,45.32597761163704
776,97,n02,0.2276720475335734,0.014982607781584075,46.99363503559885
776,97,n03,0.17877179876691396,0.01317104960670577,57.100475300574644
776,97,n04,0.28406691454691585,0.02868568249727583,37.822620969065795
776,97,n05,0.23016863581462313,0.03590452291252676,48.4105784035761
776,97,n06,0.29286505930562634,0.030763010483096362,42.54852527961765
776,97,n07,0.24524904987090648,0.0303830231243891,30.901722656596437
776,97,n08,0.248853409158968,0.016806593906548033,51.98309441689601
776,97,n09,0.3737360252409583,0.03463980162113318,43.49027419953744
776,97,n10,0.20052784417172168,0.0183318708499881,51.99864714094184
776,97,n11,0.2643333158265181,0.04541621590352165,48.35043080500176
776,97,n12,0.21711894373469623,0.042491678894651656,48.48939718694184
776,97,n13,0.2582226204149332,0.008790871979325723,52.93293490321104
776,97,n14,0.2072075383167777,0.019157400571252856,36.814868119434394
776,97,n15,0.2505865550456749,0.02331966911441173,41.19967230317872
776,97,n16,0.28256785965018616,0.03219281296732024,37.9065305621256
777,97,n00,0.6844347134926018,0.08715076805554599,109.39517051969968
777,97,n01,0.6265161515860265,0.09646544888063416,104.92366439582472
777,97,n02,0.7772124254629084,0.06807776017003399,110.79084184928014
777,97,n03,0.7138618599247052,0.07892477045689453,103.51973292037357
777,97,n04,0.6875341944833058,0.07523375957858996,117.17481162334484
777,97,n05,0.7248244967868209,0.08010358274355375,114.63791608942097
777,97,n06,0.7598953157035635,0.08313495239725678,101.77682295375902
777,97,n07,0.7773307064788048,0.08832917382365056,102.23647734618879
777,97,n08,0.7226097630787474,0.0901304838739734,103.00147723904047
777,97,n09,0.7271767371936375,0.06603475413234422,108.94520498730992
777,97,n10,0.7538903332101105,0.07644887151864077,117.19293771326109
777,97,n11,0.7566409436012841,0.07884521500929305,122.97400403877303
777,97,n12,0.7625494650260009,0.08295571695636633,113.43251846942
777,97,n13,0.6898948778438297,0.0754794090166638,125.62343463400275
777,97,n14,0.8136287407199044,0.08790128391563043,118.77874683011865
777,97,n15,0.7528745206748145,0.09459680861573902,102.99032099684548
777,97,n16,0.7328193126538877,0.08200925298923341,110.62897054791368
778,97,n00,0.7078199900103617,0.07954678466883902,111.98997989524301
778,97,n01,0.7729660858617696,0.07574136232858011,109.48318110292755
778,97,n02,0.693856904551755,0.07676146649040923,115.94533776046481
778,97,n03,0.7283125637423152,0.09357868393280452,98.98732811381429
778,97,n04,0.7399153834039311,0.08203715063089517,121.26309764278017
778,97,n05,0.7008754633181317,0.08592264448900966,107.30268368439137
778,97,n06,0.7208438619789559,0.07952345599842028,106.05622448986223
778,97,n07,0.7155254642403459,0.07023872309675326,104.71508806562206
778,97,n08,0.6408139890353926,0.08316745948969013,105.18306715994291
778,97,n09,0.6684954314188463,0.089170311012198,113.78448160017453
778,97,n10,0.7970731562925101,0.09708514459893956,119.5896236217327
778,97,n11,0.6883911490242984,0.07628926032202261,105.90320294720908
778,97,n12,0.733878810204647,0.09334500736501324,108.85922547461645
778,97,n13,0.6874769726468137,0.07532135472699945,104.85508062763675
778,97,n14,0.7294532226609041,0.08008104030175255,122.50775227928298
778,97,n15,0.7424863338011866,0.0905616005021208,113.95148535930512
778,97,n16,0.6940895754999478,0.07877994787402885,116.0870475924142
779,97,n00,0.7336838760818123,0.0866387141991538,105.43455764030782
779,97,n01,0.6761565732336641,0.08940091243283538,115.55197092090312
779,97,n02,0.7705874019934739,0.07262079919426341,106.83363618686907
779,97,n03,0.640877441954981,0.09475200204118682,114.60730998843016
779,97,n04,0.761228346335532,0.07652039323707881,113.09739377599037
779,97,n05,0.7791985753261303,0.059464675669723036,96.68820307542097
779,97,n06,0.7234890804305237,0.06833676054002963,113.02368663465603
779,97,n07,0.7793138265524159,0.07177620942134258,107.8486762981264
779,97,n08,0.7531531175128215,0.07099889133183991,98.36085038831348
779,97,n09,0.693437071923244,0.08669374781130425,114.97328382933797
779,97,n10,0.7681798927477108,0.07759284645343975,109.32212411388326
779,97,n11,0.6626620380512507,0.07876940872774951,109.01258606084001
779,97,n12,0.7215895564051715,0.09062170187029528,107.21923018480295
779,97,n13,0.6515046313953865,0.08536645351327588,109.25798078957416
779,97,n14,0.6691828950044914,0.07667011211020086,122.02096482969331
779,97,n15,0.6611097950945541,0.09030429754177882,108.00586860099018
779,97,n16,0.8511227759929652,0.09888244174425995,125.78575709519312
780,97,n00,0.21474359027154682,0.035724071004942015,65.41124320130268
780,97,n01,0.2817735185387407,0.03731782159194919,56.87424858147641
780,97,n02,0.28883374220552377,0.009928071894602663,36.6830497711179
780,97,n03,0.2707947153175624,0.019779501310245168,43.937848123197796
780,97,n04,0.2822429953300466,0.02074560848421922,52.00718208206072
780,97,n05,0.2781758162226462,0.03388657114952073,37.93491912555116
780,97,n06,0.2969163119114934,0.040672391504892956,42.658042817525725
780,97,n07,0.2751070220328304,0.015121087211859573,36.218983859563714
780,97,n08,0.27102618963313924,0.021692224968270515,34.993162548570055
780,97,n09,0.2772301253921081,0.02387447509179527,45.30844305213431
780,97,n10,0.22420388847918465,0.03752027837812247,49.95527050539309
780,97,n11,0.24905107183190547,0.018477220264627427,42.61391248287443
780,97,n12,0.19043046705965758,0.0075195642355290575,46.265278252663805
780,97,n13,0.22682347516718337,0.02843762253092045,54.691088310966016
780,97,n14,0.2673361815446467,0.0313123309012104,42.67480071270412
780,97,n15,0.16954033662256335,0.030590047174881993,39.51987641723269
780,97,n16,0.26517125676274544,0.018217891123101328,49.19182837706983
781,97,n00,0.7077966834935886,0.07498422721291766,119.73633437377616
781,97,n01,0.7030776956430518,0.08628068171107045,107.92763302024144
781,97,n02,0.7382786667860785,0.0710604528569659,128.67278200367028
781,97,n03,0.7637318990880917,0.07560241674217237,110.62158960593959
781,97,n04,0.6200056958427137,0.061763552190625993,113.32186059567599
781,97,n05,0.6954165386634185,0.09247997945724094,123.00962874478726
781,97,n06,0.7345861895586986,0.0837623556610342,101.45054221931908
781,97,n07,0.6718702401335599,0.06557115915174998,108.14172203710591
781,97,n08,0.7696100590104933,0.07062248314846876,101.29959301759716
781,97,n09,0.8106444583958781,0.07704220009539042,126.79097370858946
781,97,n10,0.6289504522762488,0.06985922937669455,107.2968191451237
781,97,n11,0.6737566706031429,0.07239765913088698,123.3090839285477
781,97,n12,0.6639682652018795,0.05108364523843894,113.93423792121558
781,97,n13,0.704971000170979,0.07144890266308124,120.10372352623162
781,97,n14,0.7007528988886066,0.08208333421564944,106.75102718889691
781,97,n15,0.7429317605492389,0.07141834768805277,97.70183541202668
781,97,n16,0.7061345108515192,0.0815701877399111,102.32456880738032
782,97,n00,0.26186583032076377,0.039830616184812616,53.43526631589586
782,97,n01,0.27227862629047606,0.031312393094768055,53.524727292470104
782,97,n02,0.30218886328154787,0.0251261657110188,51.656029352583396
782,97,n03,0.3296546885982413,0.018280275807121812,43.40133436085843
782,97,n04,0.21721814120537777,0.02763680284365607,33.850500636183824
782,97,n05,0.18163741574054337,0.03070272705432692,39.864826077464755
782,97,n06,0.2654041020424437,0.03995971221825675,44.677062604713214
782,97,n07,0.23408835517812918,0.004598642147631209,31.624781016544542
782,97,n08,0.19345287956717555,0.05545854004313042,51.34965604054079
782,97,n09,0.26969335076484,0.016124824641413786,44.71198931763788
782,97,n10,0.21487306620704896,0.03914096661617793,46.16571291079208
782,97,n11,0.23415314332822307,0.022254367018062535,37.210370092384444
782,97,n12,0.2637662503518949,0.045819979152565374,44.66208853811665
782,97,n13,0.2952476407349526,0.04028905262137623,37.72403882201096
782,97,n14,0.29701212854943926,0.03457018600328191,51.41800567980325
782,97,n15,0.2501760325762035,0.03514035798218219,41.98006603860847
782,97,n16,0.2493702104642946,0.05734284429806189,50.74189221626466
783,97,n00,0.17026414280780866,0.02938843160397378,57.61220805258024
783,97,n01,0.2602889737057678,0.01993114298919118,32.76010992412315
783,97,n02,0.2629384900827218,0.029584603399013983,47.05511935748751
783,97,n03,0.22726093740635034,0.03735594761158524,41.53854438049661
783,97,n04,0.25469180321046353,0.02056348434959287,37.10071900109934
783,97,n05,0.31877507553909606,0.038311956565343835,34.56558557214624
783,97,n06,0.23277596660286357,0.015206368602824132,58.85759977800427
783,97,n07,0.2314268015000187,0.013135421318775382,55.973699933051336
783,97,n08,0.20070213120796826,0.03807648603598736,40.97449412195841
783,97,n09,0.18771126028327845,0.0382394288987892,35.192906314404595
783,97,n10,0.24323654687294954,0.03841099340109649,51.98827714962472
783,97,n11,0.21945408500123165,0.02534472874301603,40.18587437187242
783,97,n12,0.30539120005014514,0.02376473487809364,34.862519219827796
783,97,n13,0.21015983390597853,0.024702593769628772,53.152759880916555
783,97,n14,0.1998908687331178,0.04757178744226775,42.71064314030297
783,97,n15,0.2627849798549988,0.02288350248923439,50.04981393017979
783,97,n16,0.25421029041624077,0.036216977775010664,49.281545090465265
784,98,n00,0.2738920723766914,0.03674344414520976,36.045828287416185
784,98,n01,0.22109495255731584,0.026561724032830084,48.188157403497044
784,98,n02,0.2804416813534258,0.03085738795533694,41.89534764578593
784,98,n03,0.28667392025678484,0.05628580147756482,28.73589925136391
784,98,n04,0.260249352480888,0.006777211659378255,38.372895394806484
784,98,n05,0.33920627688251836,0.02837795590498862,47.251763272436136
784,98,n06,0.31121927421776063,0.03338798511445486,50.439263943546806
784,98,n07,0.17528488834565387,0.04033758136004287,25.931794031500033
784,98,n08,0.2859911872329785,0.05493032807305083,48.50052654338192
784,98,n09,0.3360789849914772,0.04289538638317141,45.90123108151275
784,98,n10,0.22919141669598367,0.046029987788095306,52.23828170631658
784,98,n11,0.20717841643875945,0.02864634981106077,33.90265519438033
784,98,n12,0.22626974273310346,0.023571681334507866,42.55164743140194
784,98,n13,0.18128657266437576,0.01739415156720449,40.19930237978455
784,98,n14,0.20709978272125606,0.038617510437295104,43.83632011042457
784,98,n15,0.2619868366609192,0.026995648954728155,53.29493997482846
784,98,n16,0.15357727442331298,0.03081335915155845,53.0868933929876
785,98,n00,0.3034948199847545,0.037905289281475955,47.88969764243402
785,98,n01,0.3627607022277177,0.051501433384351536,66.3094761885969
785,98,n02,0.30823319343959754,0.004044185397885147,35.61464595333155
785,98,n03,0.2911210829182537,0.01612596119781704,47.28735336528777
785,98,n04,0.26156060856824415,0.02509442990984328,39.740133044207596
785,98,n05,0.29025034968351365,0.03020921069634956,39.492708261535434
785,98,n06,0.26495477146267715,0.016989586983673782,62.500019757534616
785,98,n07,0.25249093976279774,0.037621772010298704,50.97430530981431
785,98,n08,0.18592170289535107,0.04242178254762226,36.90255635072597
785,98,n09,0.24518968439528796,0.027515685984225356,37.88947316831018
785,98,n10,0.20288652412231267,0.03609164365431913,67.31753640415936
785,98,n11,0.24093988020236723,0.026349355416566068,44.704161733623664
785,98,n12,0.20477358899975437,0.044593130268721054,35.15881206697042
785,98,n13,0.24470409707116292,0.010113869570438878,32.44541877015526
785,98,n14,0.23594613614487844,0.026482060409136848,45.775982149313386
785,98,n15,0.2149551629078761,0.04518087569530231,55.548935220141104
785,98,n16,0.3071946501166748,0.023579260088520456,56.9798535249178
786,98,n00,0.23486967649239487,0.017624181171320596,36.39786736385767
786,98,n01,0.19750841154365836,0.029791558505888185,52.53753245227309
786,98,n02,0.19124033306958807,0.04923143989138404,49.04895244811693
786,98,n03,0.2343467351992869,0.019209193843889763,38.95804919859821
786,98,n04,0.2964687242402777,0.031082487636713705,44.86380670290034
786,98,n05,0.29194570986358825,0.027339705205591085,44.814050096550645
786,98,n06,0.2936324015475841,0.029023348263868393,54.93307393152185
786,98,n07,0.2739691612538625,0.025980528529446552,46.363752630624504
786,98,n08,0.11557014658823353,0.02688385167486087,74.28884097753557
786,98,n09,0.21117968198524376,0.016567036918284837,46.58780837269565
786,98,n10,0.21915866442957102,0.031152138984560488,34.87784722045354
786,98,n11,0.3045377033229476,0.03631265266410658,58.162871884074576
786,98,n12,0.2429520968569861,0.02978465951371526,49.31036320455439
786,98,n13,0.24315182322314766,0.024390782709921704,46.94437742187362
786,98,n14,0.25741901141112195,0.027205044688741038,53.984625847580794
786,98,n15,0.27331555247910344,0.03096753752330667,35.08607113019144
786,98,n16,0.21152159356486205,0.036134201395063056,56.43657960798957
787,98,n00,0.7882878906263482,0.07745732247104317,124.26917741464501
787,98,n01,0.7428526510300195,0.06949392684268889,119.8004072989733
787,98,n02,0.7206558066655133,0.09493015799868844,128.87912216341707
787,98,n03,0.7873536807052826,0.08966789372089563,118.66826304110515
787,98,n04,0.6955606338871498,0.07620298011802783,116.09204115112314
787,98,n05,0.7353983255116648,0.06050740439918843,94.64306438291823
787,98,n06,0.7069119311205803,0.07239714160509214,101.69242094266373
787,98,n07,0.7167623371708428,0.07148315822313707,123.44171057899666
787,98,n08,0.710304378381529,0.10668764536823652,118.75106507842993
787,98,n09,0.699184381509666,0.06947296090695446,104.78433466014386
787,98,n10,0.668186289642316,0.0587242229348275,103.73943614065841
787,98,n11,0.7394597113728159,0.07564698135955697,116.23682214939292
787,98,n12,0.7275283914624128,0.10953374361865822,113.38288711412433
787,98,n13,0.769793104835074,0.06931329507449911,117.31587086964328
787,98,n14,0.6183618809671334,0.0919366966250317,118.87312539339558
787,98,n15,0.6744638363862182,0.0953662452909861,122.23172550324337
787,98,n16,0.7844876464825742,0.07382840194759453,103.32596766406935
788,98,n00,0.2621052755447868,0.04668065004803752,42.437420736155495
788,98,n01,0.2656827305668621,0.026412811954660532,43.94155488913697
788,98,n02,0.3360631574480872,0.013642345568935961,51.39738332413422
788,98,n03,0.21477618576215537,0.04182223553462531,48.58912485110106
788,98,n04,0.18228793600148463,0.015917026908009023,36.56480170125225
788,98,n05,0.2194717009264916,0.011516707104462644,41.74783987819885
788,98,n06,0.20197421203380644,0.050183447668316714,51.908931238564044
788,98,n07,0.246762281801761,0.032763801816405494,49.395880591931366
788,98,n08,0.30373130969869394,0.04932508020501684,43.1172528983511
788,98,n09,0.30627193605685354,0.010111899393671218,55.87532331867652
788,98,n10,0.23059404867675729,0.02881330217271618,52.56858236932803
788,98,n11,0.26790450044878067,0.0025476290158232343,30.313545262735907
788,98,n12,0.18804797587699842,0.023928251510201042,55.78468997910298
788,98,n13,0.2427809916105485,0.03698531694104495,35.35289028821742
788,98,n14,0.29462752467447006,0.023467984897996022,40.30175343414656
788,98,n15,0.2253754039813885,0.036720887327353124,23.83378579384219
788,98,n16,0.21634490773958842,0.03910719075243456,48.20679918790612
789,98,n00,0.2320954795389286,0.015990347823916187,48.225368673891374
789,98,n01,0.3480668603302662,0.042214714952943835,39.09731412246734
789,98,n02,0.26759101860013684,0.04701477439209651,50.657671677686174
789,98,n03,0.24304674554210967,0.02584770774180812,49.86298086713619
789,98,n04,0.1965706025351939,0.033353735713874184,39.833221571781195
789,98,n05,0.2746619274744328,0.028894515717497005,42.85914521218447
789,98,n06,0.21985002254484123,0.030600243874302553,46.34703303838796
789,98,n07,0.24682460594570152,0.016943282559793528,41.580545724621516
789,98,n08,0.26929506940671094,0.027988722422687143,40.45832919111426
789,98,n09,0.2448688358650475,0.03415886941067848,39.74184456189279
789,98,n10,0.2355581872490975,0.026942521091242694,42.23771405605263
789,98,n11,0.23087474681477613,0.028852475148393956,34.439349896533045
789,98,n12,0.25312272500972555,0.028462524473112025,44.848773422852474
789,98,n13,0.2973468004321154,0.019447077179065256,40.740343093570246
789,98,n14,0.3281133558734276,0.019709976860989156,39.854687761303204
789,98,n15,0.28139437698929926,0.03653065181125871,56.042516190502376
789,98,n16,0.2991177765211962,0.04572852956880785,47.9072111772516
790,98,n00,0.7619998859314145,0.07908695317944735,111.44482559119643
790,98,n01,0.7778544062071033,0.09136864258372283,106.44954016402582
790,98,n02,0.7282031851629996,0.09605966634497141,114.047096198124
790,98,n03,0.7303304135041732,0.07814952677321177,122.51890030052687
790,98,n04,0.6917037123506742,0.0747825019184829,108.231541562863
790,98,n05,0.7866765891197139,0.07182809219981579,95.98731189810907
790,98,n06,0.753368617042282,0.0794269236705679,107.90369293204029
790,98,n07,0.7552667947416685,0.07560485678414144,122.32882607365184
790,98,n08,0.6751593978706799,0.06385697628432443,109.38026889133464
790,98,n09,0.7671184997006548,0.09945423161666368,115.1316742963164
790,98,n10,0.7528672406683066,0.0806423732024627,128.4749490124996
790,98,n11,0.6803894698093718,0.08934835025386621,125.9569535310687
790,98,n12,0.7063089533796624,0.08447760393164554,103.81847643263482
790,98,n13,0.7438783704522975,0.07483981127185674,99.01408747658591
790,98,n14,0.7034546158262702,0.08701722531786708,109.85791484416296
790,98,n15,0.7267028381303337,0.10133491251765128,110.47873319979118
790,98,n16,0.6855901424536442,0.08467445837455358,115.33499759375695
791,98,n00,0.2555561742587232,0.03419507946959191,31.888355892914767
791,98,n01,0.2686098305654112,0.03761894068913406,40.476070827656336
791,98,n02,0.2618986224573469,0.01318670560657292,51.46902422680208
791,98,n03,0.18391489294085756,0.04564615052057722,50.1443255119137
791,98,n04,0.29234547362608587,0.039081593702184586,45.69184271159659
791,98,n05,0.16768291845406996,0.010637683868892887,56.36168709196703
791,98,n06,0.20732269878251441,0.027389236850749003,45.39743550156722
791,98,n07,0.3489729194200252,0.05787247887593584,54.05571205073427
791,98,n08,0.2670806856124457,0.03130911331743039,59.336652658173286
791,98,n09,0.24991171434458498,0.019914990839344303,45.8539646628217
791,98,n10,0.2766591529472051,0.017802809003020757,48.36346505712251
791,98,n11,0.21157445785727313,0.030314834262215543,49.015390432991154
791,98,n12,0.27751112059712196,0.012480853309959877,42.59932793120034
791,98,n13,0.23718188577472207,0.011962790479571873,41.81588287588697
791,98,n14,0.2764492386152778,0.025423561814616902,48.998781160903405
791,98,n15,0.18635103242863607,0.013930765143108297,46.845662424388465
791,98,n16,0.23082584565259248,0.037079570834327204,47.11880687300942
792,99,n00,0.3074258755541533,0.04650805275850406,45.46560108385322
792,99,n01,0.261505883108573,0.023416383142069074,34.20574751767998
792,99,n02,0.2687495628269579,0.02817755246779893,40.755634982948955
792,99,n03,0.2380721369435449,0.036242938640079096,50.11585003659527
792,99,n04,0.25707576569730023,0.02878546986539672,46.430684526596245
792,99,n05,0.23686737892250942,0.0337744259362285,47.8458144910703
792,99,n06,0.24685802485988645,0.05210182357702041,53.946600237716105
792,99,n07,0.13909995690069016,0.029221295009428765,46.59789928622688
792,99,n08,0.31108275319209266,0.05822463206811876,41.87692278573835
792,99,n09,0.27785322585676653,0.03918263899900888,43.279387145369476
793,99,n00,0.7059095088624412,0.10233120333045323,104.03736750675819
793,99,n01,0.7558704195249115,0.07900770697486778,119.35170990509268
793,99,n02,0.7347648923893156,0.09000054507040288,115.56208339622448
793,99,n03,0.6997291957032932,0.06960466475441444,111.27775547304815
793,99,n04,0.7013326925294875,0.09129472343113662,90.66458127589084
793,99,n05,0.7730624936190804,0.08427218873814911,113.07816239908355
793,99,n06,0.6658625183916601,0.07356354615240424,107.4748993371659
793,99,n07,0.713038285909114,0.08066119617906357,105.69136661011103
793,99,n08,0.6676280837751939,0.05884251576177559,117.14819386662072
793,99,n09,0.6884988977329244,0.08555809309064208,117.98117605426532
794,99,n00,0.25399558935975863,0.03655389014217122,53.36109332477269
794,99,n01,0.16193880324738746,0.038202547030389715,37.340079975664146
794,99,n02,0.24914892363965765,0.028852090502659862,34.081102214490244
794,99,n03,0.1133868766895755,0.04426188048983401,53.39036240682872
794,99,n04,0.30124127870860556,0.04431111676845019,37.44708319354197
794,99,n05,0.18632401382960995,0.03300646524273705,45.65260514129219
794,99,n06,0.2244671164658686,0.04140370029413288,51.3652298985091
794,99,n07,0.31855403924373293,0.03778163419930115,52.816361925025916
794,99,n08,0.300247628342361,0.05075351090182381,56.44069003050675
794,99,n09,0.26652762234109173,0.018613493760213987,45.64302935949179
795,99,n00,0.26279559712937905,0.06783408897640014,55.846778425514785
795,99,n01,0.28714179746471885,0.027772584046627576,43.103127459395836
795,99,n02,0.23796745070568676,0.017621754941630277,45.44751907830758
795,99,n03,0.3281667507024676,0.011908181825056107,33.839978436025504
795,99,n04,0.22921298551923902,0.019791357401418228,29.537261269788768
795,99,n05,0.23402140149742517,0.04215291598000275,41.67525078854618
795,99,n06,0.315537428997663,0.04704730763677597,44.63214092072296
795,99,n07,0.21829849768708043,0.04096615869667704,50.529554323513665
795,99,n08,0.21663330899100458,0.025612225165446884,49.08110751154191
795,99,n09,0.22955050159206314,0.038668077240365493,46.729914845727286
796,99,n00,0.25142487628413157,0.01538990141744527,39.8942382909342
796,99,n01,0.2365381804176995,0.042539725333879085,50.337634015606575
796,99,n02,0.3135484249788112,0.013251601515181951,42.513836357574164
796,99,n03,0.2708074993906119,0.027884519964696736,37.10245615787346
796,99,n04,0.2787212668742764,0.008509526235370504,38.48435575276923
796,99,n05,0.14373832387672172,0.03200796615669667,43.561578908672104
796,99,n06,0.1620064332357658,0.026370646385978656,48.804305529419985
796,99,n07,0.1867660183741303,0.025566557241369196,47.22663916011706
796,99,n08,0.209204175573483,0.023348354200169744,50.562505745199616
796,99,n09,0.2782901448216535,0.03344225301264138,44.29237622437716
797,99,n00,0.7658062877376776,0.07977215249021584,99.94654695627679
797,99,n01,0.7254235485610715,0.07678271113293643,112.89695436271154
797,99,n02,0.6912029095736133,0.08830144472259896,103.06904127461553
797,99,n03,0.7954851398468173,0.07124695341875828,116.09003537415632
797,99,n04,0.7666217398772212,0.08418960567650265,110.79702518360497
797,99,n05,0.7222531322234714,0.0898965265984487,106.43849026400174
797,99,n06,0.7063592339852127,0.06810561466297427,102.70278108786324
797,99,n07,0.752246351344256,0.09494457375824092,131.4770815432454
797,99,n08,0.6885077514850202,0.05140301473191537,106.48261538701472
797,99,n09,0.706845569465388,0.08783053364636106,102.07916551261988
798,99,n00,0.7345162954129674,0.0848967132354867,123.36492627631756
798,99,n01,0.7796730633308735,0.09712222272278102,108.70889987636689
798,99,n02,0.7013588549215348,0.08230477554517392,99.89273736089602
798,99,n03,0.6877060380348,0.0756094833750688,115.62276273134871
798,99,n04,0.7631349484955852,0.08662757511041409,111.44253392326254
798,99,n05,0.762709993293813,0.10078493597976784,113.23641299143102
798,99,n06,0.7404233262605767,0.09145518100639757,104.7171454811403
798,99,n07,0.7110866499350869,0.06902738960559901,100.11878340572767
798,99,n08,0.6455546857619945,0.07189736464255889,109.55542859669806
798,99,n09,0.7675403990865155,0.07635014320779386,114.99638299169887
799,99,n00,0.7328561018635609,0.08920826671548324,99.40043238418086
799,99,n01,0.7919553973075313,0.06579532538678305,128.97913808276306
799,99,n02,0.7445641489068964,0.07491294835272097,119.31540427158464
799,99,n03,0.8317742688457328,0.072436728294732,109.14052249700926
799,99,n04,0.7346491285499749,0.10023933985395556,104.68571408153957
799,99,n05,0.6996042852601284,0.061969855038400204,107.76414148191469
799,99,n06,0.7316750120545216,0.08287041219871619,119.75042621974427
799,99,n07,0.7505647075269629,0.09618191208663748,111.42232529012671
799,99,n08,0.7293261619158949,0.08781933551316551,106.80159310346873
799,99,n09,0.7397468606336488,0.0831375653603834,106.79688607707902
800,100,n00,0.21395812739206646,0.02109065598821032,39.9373485033368
800,100,n01,0.2581476621820876,0.04764991395261355,61.87974781658325
800,100,n02,0.2988207788430701,0.026089446553690457,50.40340286020732
800,100,n03,0.24792910126597764,0.04936533230852841,52.51784941690732
800,100,n04,0.32258393467022506,0.004397084424602828,47.77015129919701
800,100,n05,0.24225667176590143,0.023213698424992,42.610792422461586
800,100,n06,0.17691954153576572,0.03993921582900868,55.7396648420428
800,100,n07,0.23488591184424013,0.029793578524258676,46.972124915895684
800,100,n08,0.20867261110844737,0.027171497979863155,57.689640883213556
800,100,n09,0.1736103141662932,0.025022735061566083,42.72848238119231
801,100,n00,0.661647852513971,0.08411847685711472,109.82386043155617
801,100,n01,0.7523281647949496,0.06867221052163833,115.34563186881218
801,100,n02,0.7747190837518391,0.0799434702291906,106.31334129127588
801,100,n03,0.6169242772952803,0.07375267643243877,113.41395794113035
801,100,n04,0.703172397578156,0.09368264006810256,134.40404930288392
801,100,n05,0.7247864674016181,0.07077846223769492,103.45233426345744
801,100,n06,0.6804407843462228,0.10068615821851583,104.9495918828747
801,100,n07,0.6972447806707169,0.07744964444369852,111.88775236305257
801,100,n08,0.707575391512704,0.08261957169574094,115.31200736452578
801,100,n09,0.6750968725062961,0.10406980934497936,106.14627602940779
802,100,n00,0.7240139882940085,0.08192245728595715,112.94469331852969
802,100,n01,0.7050558545453298,0.07595608217896961,110.93508277446072
802,100,n02,0.7511622351122725,0.08811933029905011,117.14822312741424
802,100,n03,0.7253740792916565,0.06876973013062693,102.55830451901797
802,100,n04,0.7892902290795125,0.07374762849299327,101.61625122946786
802,100,n05,0.801729958354341,0.06580810742493765,94.9519174062163
802,100,n06,0.7121173736673775,0.07050317744813549,118.97067650580586
802,100,n07,0.7055404967104503,0.08178950767299385,95.92372307548459
802,100,n08,0.7135717060102224,0.08737674345108634,101.08542881609822
802,100,n09,0.6796721216989733,0.07398956955857423,125.74706152606143
803,100,n00,0.28276113538128056,0.0532763136079331,45.197290870585576
803,100,n01,0.22227273066263253,0.015073850545453554,51.411531701937214
803,100,n02,0.21601680509395532,0.03875694282114928,48.80671247975606
803,100,n03,0.24374492383285262,0.030545263829887034,36.85078461653849
803,100,n04,0.22817754103021393,0.03349784802359852,29.089089773352114
803,100,n05,0.21882025645599268,0.02592774672933502,51.227617250743535
803,100,n06,0.3015627404006493,0.03412407931648509,60.52183462050793
803,100,n07,0.18756143249997134,0.02021815461979188,52.7425131366126
803,100,n08,0.22327000019601834,0.05398873973570954,41.4770539047787
803,100,n09,0.2823056671555112,0.016878901256517857,38.55347714455516
804,100,n00,0.2150279150363544,0.016852174635476586,51.01532751905566
804,100,n01,0.22826614784165195,0.012253182507295082,42.69471427296799
804,100,n02,0.20448031349919554,0.004928247264084945,49.211283183913814
804,100,n03,0.26824574259487893,0.026469447250832515,49.80243307716743
804,100,n04,0.22497025932097178,0.021910659597586264,42.53208739603728
804,100,n05,0.25226199172199465,0.011656321002137541,55.76853663827163
804,100,n06,0.2081594737161501,0.024257881354006465,39.462837808431196
804,100,n07,0.23526288436269654,0.02888180700197398,40.22698101595484
804,100,n08,0.29770556061775066,0.01310586001341723,38.10647189293619
804,100,n09,0.1417376519413417,0.04421606216889743,43.28817005753412
805,100,n00,0.8022278182795775,0.06850194341964697,101.51478610991411
805,100,n01,0.6904610301768142,0.09032886692115297,122.28763000650818
805,100,n02,0.731864654062705,0.0976943026576305,113.86004069911479
805,100,n03,0.7311985900952953,0.08771194972793549,115.2564500723727
805,100,n04,0.7404624196025235,0.06544688408873049,94.05253649570582
805,100,n05,0.668424469362032,0.06932406217143508,114.92095825989573
805,100,n06,0.6905779512491689,0.08415279573621254,105.67589230626405
805,100,n07,0.7355415094744067,0.06679365303854484,108.59663829720044
805,100,n08,0.7977659682700868,0.06684023067287652,107.95889752031366
805,100,n09,0.7585697940888863,0.08396267942057055,113.2727280066698
806,100,n00,0.16069017659024587,0.012270382153486303,30.048986689896424
806,100,n01,0.23038326150210384,0.018211159279018927,54.202168281850845
806,100,n02,0.27358953558998855,0.03355750215961313,48.4412811423715
806,100,n03,0.3116496151322739,0.024011862209604922,46.24075450729839
806,100,n04,0.21137598163803606,0.0,46.275908480226995
806,100,n05,0.20927342252575956,0.0280475299304241,42.75516488930099
806,100,n06,0.2750135586297622,0.043592515484108654,36.73286374682523
806,100,n07,0.34750090887862933,0.0026035817182198107,44.77755626376625
806,100,n08,0.317884267859286,0.02940438901076487,56.18040821734809
806,100,n09,0.3128728511736772,0.030223519118211296,40.92911786648815
807,100,n00,0.6793269880729824,0.08185078084040481,118.43822831627679
807,100,n01,0.6960253599965504,0.09075489295906448,115.85584332120995
807,100,n02,0.7569223671872842,0.07695420925265473,108.03861561928737
807,100,n03,0.763797804904012,0.06695908929991704,110.8137290425543
807,100,n04,0.7464287800529907,0.07350123332360264,103.68925218741806
807,100,n05,0.6680979092907613,0.07630123467538742,98.8956738975775
807,100,n06,0.7188329258923316,0.0717887898300784,115.90139284208081
807,100,n07,0.6866531075479606,0.08372601962314381,121.31353135678172
807,100,n08,0.7035936502583728,0.07785692199828052,95.62814759254842
807,100,n09,0.7485501278301505,0.096624187120445,103.09958485434365
808,101,n00,0.7144017943947055,0.09338315276183111,120.35484377007556
808,101,n01,0.6646264193631444,0.09600837891516348,128.19045150712756
808,101,n02,0.6859142114676197,0.07198241560679067,112.40744322008621
808,101,n03,0.7489299894241878,0.07968118349534287,111.19838817334902
808,101,n04,0.6706644174284175,0.0770763568708864,120.29399083488298
808,101,n05,0.7109365506902996,0.10156795949311401,106.68081337630612
808,101,n06,0.6928049868392746,0.08409857312710567,119.40287325475158
808,101,n07,0.74040113383338,0.09781632981759943,110.9024436441067
808,101,n08,0.7263411474626591,0.06042347823399974,103.30427675757818
808,101,n09,0.7524280372622032,0.07057152881322296,112.37055123864707
808,101,n10,0.7960094006374487,0.06594942308792227,100.50140805196901
808,101,n11,0.6647823707913723,0.06658398456750518,121.64333607984827
808,101,n12,0.7727299510852076,0.10147319105001776,108.2666437021217
808,101,n13,0.7208515116430663,0.10140249267242533,112.20660179690327
808,101,n14,0.6641657908289078,0.0800490720300433,126.14511535483908
808,101,n15,0.6886500193473857,0.1041380459550433,117.65851969371718
808,101,n16,0.7757726412346515,0.10063748577329347,120.6830683978943
809,101,n00,0.6435734312375966,0.0910914361594944,114.22496763069834
809,101,n01,0.6903624743678127,0.08629717228568709,122.38078346421057
809,101,n02,0.6781830959563356,0.08711824549833133,89.63252407425566
809,101,n03,0.7419724121141906,0.07862232640464432,91.95871415861872
809,101,n04,0.6050684212163282,0.08542263701443238,99.68664174462083
809,101,n05,0.6483675577241091,0.07949954413156889,116.43064971139361
809,101,n06,0.7607274064043626,0.08789221256454897,117.06643049440197
809,101,n07,0.7506519638772597,0.0825893450887215,100.69762863990898
809,101,n08,0.7151313540996053,0.07739269676097801,108.9883338716755
809,101,n09,0.7183046905111748,0.08550124854071323,98.77418641884252
809,101,n10,0.6970851016224914,0.07539802975788681,117.27619630748626
809,101,n11,0.6950805521321881,0.07173235370390156,110.649185665586
809,101,n12,0.7058824541828312,0.06685463964601503,97.81334461791427
809,101,n13,0.7211116844056994,0.07375180511759931,116.53431814774234
809,101,n14,0.7852484876508449,0.08693772535774415,112.79259017648546
809,101,n15,0.7848272109796985,0.08641742931738695,115.55897656026374
809,101,n16,0.6503368118654863,0.08864384434156761,106.38831075104638
810,101,n00,0.28014705558758213,0.009633238668846533,43.048396925254586
810,101,n01,0.250870243398682,0.04006098029359281,41.791641623061736
810,101,n02,0.21905486379001954,0.03492423752867376,52.024752831719375
810,101,n03,0.24704918053148542,0.04464281599951461,24.49375813884832
810,101,n04,0.19068264416586173,0.02327956806381269,52.810151493031626
810,101,n05,0.2740708892150539,0.02758675257475574,37.87810067533658
810,101,n06,0.2812443378170238,0.02551580711620336,52.148787522957434
810,101,n07,0.23641601622259248,0.037412083040041275,46.30424639752376
810,101,n08,0.2518216409941035,0.022229923313719844,44.19578041772393
810,101,n09,0.2744679304980549,0.020986026176497252,51.86779120881158
810,101,n10,0.2842257051256646,0.023316984583708615,38.41321614688279
810,101,n11,0.28255506673588016,0.04598213228677812,54.25919376284242
810,101,n12,0.21830983436322374,0.03711206190752095,35.763257677036734
810,101,n13,0.17745060625410244,0.03494091511716728,43.07244080457117
810,101,n14,0.22797964721660202,0.02230691584427444,49.496653970419125
810,101,n15,0.2826727069347265,0.043099841548994156,37.27125073015637
810,101,n16,0.26279109288557406,0.04313645332361864,38.734850048413186
811,101,n00,0.20463208899529658,0.011828022768699816,42.04444551760033
811,101,n01,0.19779733591049933,0.035175800833145594,43.20330035779987
811,101,n02,0.2413447092717804,0.022424748818881256,50.80716864501919
811,101,n03,0.17997050398607922,0.025859456305663657,47.60249587935996
811,101,n04,0.23993634533985847,0.029542781520169984,47.34782076283259
811,101,n05,0.2724117742634151,0.05111463637663384,45.41464677391376
811,101,n06,0.26594478406097904,0.009828182256903645,36.043245351047254
811,101,n07,0.2503187602999823,0.03705748555396892,47.98215764535944
811,101,n08,0.2191226465359948,0.056040068807909446,42.32238235520975
811,101,n09,0.24627023126829997,0.017206530671995714,34.32014374566933
811,101,n10,0.24924532904619,0.05274179419878068,57.291775281991235
811,101,n11,0.2663928377961375,0.024408805780544184,44.47677284468961
811,101,n12,0.2650251553408518,0.03777985713615689,41.826874556584556
811,101,n13,0.09695983487367474,0.017114139679406067,42.71053403336585
811,101,n14,0.22173406516414226,0.04371119742505744,47.848370804608486
811,101,n15,0.3223295855016654,0.022525929651009746,47.04481932125556
811,101,n16,0.25183159398629024,0.043062304909637576,40.89290927116502
812,101,n00,0.6953732192081196,0.07313493970296224,109.80327389501848
812,101,n01,0.7283202287479411,0.08548967619922218,98.66173703037911
812,101,n02,0.6860304429009331,0.07425175078737459,119.74221830061066
812,101,n03,0.7559267605447982,0.04771229619455782,113.6896813814227
812,101,n04,0.6585605303914832,0.07821567826410226,114.47686047923548
812,101,n05,0.7736909647198287,0.07528425707389363,114.78630217109807
812,101,n06,0.82308929446456,0.07625542392344707,114.85599796229724
812,101,n07,0.7663950193632671,0.09729309474882851,117.26744303033968
812,101,n08,0.668033689028432,0.08430035902085432,118.4451943262172
812,101,n09,0.745162402448624,0.10040800091091122,104.05272025649842
812,101,n10,0.7430142181137346,0.08724140866058032,112.84827273781603
812,101,n11,0.6994627821522823,0.08462104588228855,105.8602133562282
812,101,n12,0.6944168559684919,0.06745404101545466,112.47022727623792
812,101,n13,0.7605185998251082,0.09931527918126137,113.14124998489422
812,101,n14,0.7489779389020458,0.06216224214165804,118.31665060840425
812,101,n15,0.7264550135169993,0.07454860116299404,112.71209241523924
812,101,n16,0.7264544649187703,0.07877752303415426,98.78123962162172
813,101,n00,0.7201800974860749,0.08143921708749641,106.96737669273531
813,101,n01,0.6251640263720118,0.08034340688049678,108.72437342601981
813,101,n02,0.690852074843897,0.07991629065457478,96.24747000441641
813,101,n03,0.7418967722553161,0.07395522548799588,100.2530925519599
813,101,n04,0.7702236599726877,0.07819101906017101,116.67766725952507
813,101,n05,0.7582326187762625,0.07241662572891337,115.11262908528572
813,101,n06,0.6483667669137002,0.09143651051126454,117.84963877076041
813,101,n07,0.6852190741717459,0.0695076572890794,107.07157824652585
813,101,n08,0.6658607095818226,0.08237176834995051,105.29666904295652
813,101,n09,0.6319995997223964,0.07308164049192306,97.0543769606202
813,101,n10,0.7185295423526988,0.0907903505847319,125.4608593621684
813,101,n11,0.7932067024024216,0.07609077422692768,108.9922269186411
813,101,n12,0.7441621374268054,0.08023842598745799,110.21526863576845
813,101,n13,0.7685920760451891,0.07448755605289104,102.86469843106227
813,101,n14,0.6948069418539407,0.05421840814747416,102.39501717157722
813,101,n15,0.7409916609078672,0.0886078933197681,95.97811282635513
813,101,n16,0.734862747580527,0.07668516572572556,106.57041210183714
814,101,n00,0.2259792231150104,0.019394930718615006,34.142677182350496
814,101,n01,0.1917245490206776,0.011887595587601295,43.75934745644427
814,101,n02,0.12619313980322153,0.03543668110341063,45.50473929679323
814,101,n03,0.28957845436897506,0.03117864589705437,40.6433183941229
814,101,n04,0.21942638979238427,0.013047652422303845,50.31251699758225
814,101,n05,0.27967613460306656,0.030550186563409232,39.05249698049695
814,101,n06,0.2125023014361851,0.02065265140956932,27.5549095135709
814,101,n07,0.30323198525309053,0.012648581093998721,49.48484041916141
814,101,n08,0.18442131314333807,0.02860441788948468,51.700599299863136
814,101,n09,0.1697155351037711,0.008786053018959003,33.51712416926068
814,101,n10,0.2676332675982855,0.018051046925585762,31.836673972569834
814,101,n11,0.27356395544169065,0.03847911957509002,40.85747610256982
814,101,n12,0.27663717014563366,0.029672234203002412,41.082356262138944
814,101,n13,0.2013852952350307,0.018734675638011563,46.69650745952553
814,101,n14,0.22922996417588068,0.033680106017935765,52.36024383200732
814,101,n15,0.24489994969557297,0.04170250967535709,56.439097086369365
814,101,n16,0.18005173222345547,0.041961794782215824,51.81179797625674
815,101,n00,0.7093234940209698,0.09203273047053688,114.99339431748444
815,101,n01,0.6209756189569255,0.08065779901853941,120.02830713523
815,101,n02,0.7947731320050153,0.08194131828170372,110.89862538356604
815,101,n03,0.727465157838088,0.0870459561184211,104.57824317702388
815,101,n04,0.7333942716464542,0.10775273413663616,104.36637105922149
815,101,n05,0.8386792600385902,0.08762260306579253,113.85337893814388
815,101,n06,0.7347688417555557,0.08171892011174403,106.7645584199512
815,101,n07,0.6571053088351599,0.06758721302468663,108.67308258322097
815,101,n08,0.7263677099294078,0.07817466795245194,91.27942372424774
815,101,n09,0.7639265847842488,0.09204129543472014,116.13858100811389
815,101,n10,0.7150140364510591,0.06206531734188889,105.46122147164195
815,101,n11,0.686339435330697,0.08918466436878414,118.7513783386875
815,101,n12,0.7114216321110332,0.08293664747334467,110.68135958049854
815,101,n13,0.693667839996588,0.08634036392739895,110.40390313756913
815,101,n14,0.6439013389496345,0.10164865839359608,106.87000503189395
815,101,n15,0.8065865512148148,0.05864464074987979,104.32659381924363
815,101,n16,0.6584791146825709,0.07238878090224046,103.48162136232982
816,102,n00,0.7414491971340287,0.07704320143023403,101.8047771653047
816,102,n01,0.6252787454807688,0.06161229355182112,117.65217526581868
816,102,n02,0.734546834575092,0.09375768161341566,117.09776408732492
816,102,n03,0.7014495696893611,0.07940598502533552,102.40284231111005
816,102,n04,0.671202634147719,0.11142152377153858,106.07984836021397
816,102,n05,0.7325990051459419,0.07660922182209529,96.54133685108158
816,102,n06,0.7143828687695445,0.06328311637667314,126.39013940794797
816,102,n07,0.7431244829172471,0.05391068339455694,100.40010695203888
816,102,n08,0.7623339526899187,0.08345461302834939,103.37884206473612
816,102,n09,0.6854918576837967,0.06727459222956128,114.64712634862028
816,102,n10,0.7467554562187233,0.06486311478110904,120.49570341256596
816,102,n11,0.8199958486988389,0.09390924238697242,121.54777490980165
816,102,n12,0.6990985506804026,0.07103591266434323,103.1819546797672
817,102,n00,0.3041357147551627,0.024225129407908996,34.49627349090121
817,102,n01,0.2253141777416173,0.03706552909655762,51.64585633651673
817,102,n02,0.22915359342073574,0.02317293637225719,45.43739648904731
817,102,n03,0.2358356243674124,0.02912074068522202,36.638241063456775
817,102,n04,0.16144071506706104,0.025221139077742524,45.68769822864279
817,102,n05,0.24777333648610023,0.035106823345898576,41.235534433220174
817,102,n06,0.25002136316556695,0.047067294476781034,49.527364344761736
817,102,n07,0.2951574900464653,0.01718389814038314,57.969710126275686
817,102,n08,0.20288764084954405,0.01231425302288289,54.901294728534026
817,102,n09,0.19368926930585406,0.026820151655041626,33.207236617586446
817,102,n10,0.2936143439477059,0.015618970587523949,46.95683574055535
817,102,n11,0.2535225125040423,0.03414765160880887,50.32304522464275
817,102,n12,0.18123208936758858,0.027729846614855735,39.93748784387925
818,102,n00,0.24992416490326338,0.03145632491188443,58.081092457346415
818,102,n01,0.3469773088293872,0.06298975296058246,43.58194387217833
818,102,n02,0.2591160132038403,0.0563406444480904,25.726832524552954
818,102,n03,0.24508510900637492,0.01418592764508789,26.452176648441885
818,102,n04,0.3154877323069094,0.043340666991138685,37.62398559458236
818,102,n05,0.20928493388312536,0.04463895528241754,33.80986416244252
818,102,n06,0.1851028078183024,0.024743360333350593,35.23278341520831
818,102,n07,0.2813081000161659,0.04280922735274783,55.32778409667229
818,102,n08,0.25859782221170496,0.019368884735335573,23.184276091219267
818,102,n09,0.22615567051816438,0.033913819882173145,37.71494127223319
818,102,n10,0.32003460608536943,0.034851526625224415,45.79798892111656
818,102,n11,0.3033277095866695,0.026595543798378175,41.418273767716045
818,102,n12,0.2696507942927138,0.03249721824067352,31.5379864563303
819,102,n00,0.22925379903695609,0.04432088345220756,43.91055065203121
819,102,n01,0.23682431538817267,0.037338466162946976,46.72452171686306
819,102,n02,0.2053486714640186,0.02148016628309659,48.917401300644315
819,102,n03,0.2855239409649411,0.014340711263331786,49.76119751395878
819,102,n04,0.17065735558130501,0.037530729419960544,36.64613486957883
819,102,n05,0.2848046051702134,0.008271096615055661,45.78344168746836
819,102,n06,0.25783940189578675,0.03816216159097104,44.180555137378306
819,102,n07,0.26789422960494785,0.045785993632687996,37.2809509000242
819,102,n08,0.2897507765336216,0.02712377863170258,56.33652237350877
819,102,n09,0.24136834255856096,0.03448406611855912,46.64062466725789
819,102,n10,0.22301902901631127,0.007233106493422913,60.774805796723726
819,102,n11,0.23619037831383488,0.04507647273775803,47.69265895545125
819,102,n12,0.22974386406700276,0.0385269274583024,52.31832838184443
820,102,n00,0.2686176491535226,0.02899671852281609,41.480168642396585
820,102,n01,0.20915716452006233,0.029118790155693543,40.884132570208116
820,102,n02,0.2493556664736517,0.04675058570291788,44.923060388876046
820,102,n03,0.17997718217714556,0.03632767734495349,62.43220789362795
820,102,n04,0.20629163447194743,0.04988556097786554,55.22721793112855
820,102,n05,0.2972647430661784,0.016402706966155665,42.82166513827188
820,102,n06,0.16032270215820402,0.03945712710557596,48.59621353775101
820,102,n07,0.20668848041684845,0.036913936358672614,46.85895801933133
820,102,n08,0.2475763731518101,0.0,30.864445731224457
820,102,n09,0.2636571915025374,0.04435951439837966,56.080302167541845
820,102,n10,0.18718083146740655,0.02231491487655999,58.35257886537948
820,102,n11,0.2842361751201124,0.02265455383104535,49.17729203629517
820,102,n12,0.34960879347975676,0.006070639557007575,41.43076086678454
821,102,n00,0.3399698781311933,0.010801062987584084,46.856878341755156
821,102,n01,0.2617467759273491,0.03420407130930608,43.071152073764864
821,102,n02,0.1510945591567291,0.03997748426030432,58.54504004077946
821,102,n03,0.2649260730946628,0.03171299463263248,41.143326876736516
821,102,n04,0.27785150210914317,0.021658195582189406,60.788232944435265
821,102,n05,0.31225226879073864,0.012720832995398317,47.86784996878459
821,102,n06,0.30728039153953174,0.031816913116004646,47.680672485094284
821,102,n07,0.22762683176775886,0.040550240120920615,45.89715506880289
821,102,n08,0.18708769868879577,0.049636483498748066,64.28336906597406
821,102,n09,0.19200857344278843,0.03189911368156414,57.470575241560034
821,102,n10,0.25237092222774254,0.022761363994632567,40.20007857357435
821,102,n11,0.2549879003007512,0.019010703538174523,46.36427044850586
821,102,n12,0.284544803925119,0.03598952012056572,41.31878355981347
822,102,n00,0.22255963803613044,0.023655871163259387,46.699215449580876
822,102,n01,0.2631377743779476,0.033910607194031994,35.342404621136886
822,102,n02,0.2375289234674881,0.03506340052327719,56.808210955583014
822,102,n03,0.22708245929122922,0.020501353565699494,27.124950384679195
822,102,n04,0.211929471899875,0.03339023237024064,50.49836051929843
822,102,n05,0.28832123794906456,0.023279934056644924,35.91204327098711
822,102,n06,0.18513002317396776,0.04612211269462138,40.0465933389572
822,102,n07,0.32388715198082574,0.04125069063086164,34.1157997722145
822,102,n08,0.3316241922254164,0.04198763959780161,41.176168346834075
822,102,n09,0.22216732172530573,0.0293556287317509,61.70239610995214
822,102,n10,0.189513388624854,0.02706747163327828,43.095758529806616
822,102,n11,0.2301663581632343,0.017338959265492324,47.116930900323254
822,102,n12,0.2609255878650235,0.0251192503678521,43.271533873456946
823,102,n00,0.2112442476902846,0.026169901335914875,44.06679054602475
823,102,n01,0.19438071289531267,0.022780239706610448,35.0321387486429
823,102,n02,0.2837909099020443,0.025627536355147612,34.90955322328819
823,102,n03,0.25354465335315546,0.04418759200587915,46.19980151020289
823,102,n04,0.24167810641887227,0.06207164074890232,36.725009638479534
823,102,n05,0.3032333199178512,0.020220930429718585,48.468046058242706
823,102,n06,0.24479399963604687,0.04918402261582412,56.90623096475654
823,102,n07,0.25164317060483143,0.02710356231033241,39.958465915822714
823,102,n08,0.17567381172843016,0.03585356420077625,51.05353482394759
823,102,n09,0.17433051105687786,0.04393157836290561,50.72290737289152
823,102,n10,0.22061896350052454,0.03015042401449404,38.824717040880785
823,102,n11,0.2497734969247216,0.039377176818570774,46.49592253458344
823,102,n12,0.24712451123751344,0.04660022753929818,36.776841041784444
824,103,n00,0.25170962535047114,0.03315344238183601,45.0058642270324
824,103,n01,0.2777802793103604,0.038810269821382574,40.40337690861237
824,103,n02,0.29450583920182694,0.028875037547570735,50.16039297956082
824,103,n03,0.2595664758006013,0.02187290338199175,37.76705528043148
824,103,n04,0.30429532253687386,0.04012977701983188,42.977905514842476
824,103,n05,0.2509491366212016,0.023001803628903583,48.28528489094703
824,103,n06,0.2665300787731038,0.01978124120138025,43.967965019142966
824,103,n07,0.2800606817952695,0.02147319405507246,32.00968485650604
824,103,n08,0.2254893273511506,0.010006437902887619,53.26777142005448
824,103,n09,0.25688817071450326,0.022872773019668374,41.94102229872635
824,103,n10,0.24596984819198872,0.026534903342790482,42.76849601441097
824,103,n11,0.24333410909668376,0.015132155537302943,31.013000810299168
824,103,n12,0.27150513364780793,0.03102385005872467,42.75062729319804
824,103,n13,0.26022495108372096,0.057011650887064225,35.461091497222675
825,103,n00,0.24558121780728995,0.030236462850623872,36.32201023425627
825,103,n01,0.23867820016657654,0.01772520406238029,54.20432243904305
825,103,n02,0.23216424602908026,0.021743855397083327,46.13869303590121
825,103,n03,0.25799938856291543,0.011969713224940236,45.7628895252709
825,103,n04,0.2728703920137387,0.016573842053253646,47.38574293328396
825,103,n05,0.2320478076594457,0.02733932820250101,40.735141209541645
825,103,n06,0.25840476102164933,0.04103370312512854,47.5899167522179
825,103,n07,0.2998598190771975,0.029437818421830714,36.01139315787283
825,103,n08,0.15968226404558228,0.015201762264970341,44.24590604445699
825,103,n09,0.23092625088360252,0.04495422070654837,46.21266448067422
825,103,n10,0.23783206684474614,0.03323100319070688,52.6123139734233
825,103,n11,0.22372850469790592,0.03036819493847192,40.33574004918537
825,103,n12,0.23114663737218813,0.0202250784351456,36.97681210763963
825,103,n13,0.27140986585942334,0.030540705801437796,43.09847810557089
826,103,n00,0.7597778575192958,0.09190429106501674,102.99825560448102
826,103,n01,0.7720218195809468,0.08868853751907738,106.97282906490453
826,103,n02,0.7783054434962599,0.08388438230218792,119.03534307957032
826,103,n03,0.7192421507295009,0.09539992908198862,109.92700858379975
826,103,n04,0.7127893562230722,0.07356945942831924,106.12451089419056
826,103,n05,0.7008354254277002,0.09362897749847629,108.4226238738008
826,103,n06,0.7099970511452351,0.07187196974497832,105.33632042963673
826,103,n07,0.7043771928310028,0.08432382644866272,117.9815793117135
826,103,n08,0.7436352298885197,0.08598824434773601,112.0789161173804
826,103,n09,0.6423267915689334,0.07975658565849741,110.88712753349598
826,103,n10,0.7683949898788158,0.09475545316560471,101.90876799316622
826,103,n11,0.6446421039904285,0.07941406568665121,118.04983463925791
826,103,n12,0.7418884103253327,0.06487051057979079,112.07490995838786
826,103,n13,0.7521937718754085,0.06167997118049857,109.45743619874243
827,103,n00,0.7569607248644462,0.07785411868220356,117.45660102055295
827,103,n01,0.6808265668667153,0.09109792412532543,97.4447631878407
827,103,n02,0.7279084352907653,0.08664453569934014,115.22035546688288
827,103,n03,0.7439833529684734,0.10368173926378718,112.49794027038166
827,103,n04,0.715230594586482,0.07209512223476684,114.11461875225592
827,103,n05,0.7548944345424622,0.0647186755533773,107.92672249911682
827,103,n06,0.6769408658017618,0.07671128139845934,107.72650217885545
827,103,n07,0.6645717582211729,0.09020531368980472,114.4403074632301
827,103,n08,0.7687787497201886,0.0680831023381542,108.00752410470109
827,103,n09,0.6870413700348978,0.08156500040020925,117.1902147402377
827,103,n10,0.7211028488201178,0.0862147281571867,125.21856043218203
827,103,n11,0.7272265456343469,0.09798118522964075,97.54970632910373
827,103,n12,0.6778046042942911,0.08720945895295118,106.3207480819654
827,103,n13,0.6242328005176732,0.09175361081692132,115.36236641397964
828,103,n00,0.7400797509406585,0.0935154555376905,101.75889810402006
828,103,n01,0.7730354988945491,0.07933156431361686,106.48278214473049
828,103,n02,0.8436134142707082,0.08226963594476543,106.71335246369614
828,103,n03,0.7353917586261287,0.06121204784565441,120.1974672407285
828,103,n04,0.753663576553394,0.07947673511700751,104.40821583668655
828,103,n05,0.7446151893523051,0.08997526208571423,109.7480759632631
828,103,n06,0.7096718186677151,0.08040001608037779,116.8081452077913
828,103,n07,0.7044825568201248,0.06560322691928126,118.15003943238052
828,103,n08,0.7257730079148419,0.07715284189852513,113.66537545801589
828,103,n09,0.745648733144364,0.08881167730821365,115.27475540808786
828,103,n10,0.6795496445655151,0.0702132755949945,106.96855266327258
828,103,n11,0.7270822867860839,0.0869616259159604,115.10141055817829
828,103,n12,0.781186569326636,0.0726332293545152,103.27745290648643
828,103,n13,0.6505656844822771,0.07513157968695255,111.66106021587782
829,103,n00,0.2861359423043929,0.02641531589813536,46.831941774399255
829,103,n01,0.26244860160020433,0.03156880206697211,36.67934350866627
829,103,n02,0.1871806776523494,0.04377158953889178,42.06815504143831
829,103,n03,0.2626851546960998,0.0321726249922889,50.33344072643407
829,103,n04,0.2587157197391899,0.04420595939426141,46.24898718865745
829,103,n05,0.25521549892650036,0.033901173382619346,50.42659236016241
829,103,n06,0.2026826069952778,0.05780089504107845,52.99636254004908
829,103,n07,0.18563337953961825,0.04739314852289795,30.80641382718968
829,103,n08,0.26033612412756074,0.029393595297177423,37.13752745019834
829,103,n09,0.24420724578144473,0.018621319865641618,42.73323063201575
829,103,n10,0.26605835201468786,0.015800714346328272,31.61880631057862
829,103,n11,0.1966041666457714,0.04080595990623106,55.814621425197004
829,103,n12,0.18513767411163662,0.04836196254657977,45.726204934136284
829,103,n13,0.24471455524554137,0.0356559770499857,56.39235060538708
830,103,n00,0.7859254845518812,0.083905609371283,108.37258860828747
830,103,n01,0.7534895246696238,0.07469667040611472,115.84077242868264
830,103,n02,0.812390273882978,0.07692818939904753,125.27722358313063
830,103,n03,0.7271887892228264,0.0677555059733971,121.81517395921074
830,103,n04,0.7395141146859293,0.07319247892479258,103.802020227346
830,103,n05,0.6953566083568482,0.07327912071129156,112.50576044243839
830,103,n06,0.7169496655009392,0.08571971035224538,110.98674946718796
830,103,n07,0.7353046334662489,0.0643691025384914,112.65276071705182
830,103,n08,0.6271569849591393,0.08855258848304733,113.04551907644577
830,103,n09,0.6933283964630104,0.09966822546770986,122.41812228677134
830,103,n10,0.7417452623458947,0.07946483372290075,106.22920681810756
830,103,n11,0.7356590642128791,0.07216544348556776,107.75380933736538
830,103,n12,0.7217452462211944,0.07816026588242235,116.09812401938433
830,103,n13,0.6933259812422418,0.07476339610155293,119.76659067713578
831,103,n00,0.2246529105653448,0.03194177173534991,56.826177998552325
831,103,n01,0.27159628149900644,0.03016367562639296,40.465556987078664
831,103,n02,0.27423249426382945,0.011160713314173079,45.3682092943345
831,103,n03,0.3247011782818085,0.024685094187024848,54.289345286744044
831,103,n04,0.22028397061051663,0.034702028087088804,61.28541662525707
831,103,n05,0.19761576781517937,0.03656520760031302,35.776692438357315
831,103,n06,0.1935899781120178,0.03085087898701837,29.797442253092004
831,103,n07,0.2314604173905396,0.023397462205498765,37.876568427488714
831,103,n08,0.2843070204930934,0.032002117709007065,54.06294855985921
831,103,n09,0.267610395264101,0.022742387623722788,35.83978730650989
831,103,n10,0.26770751132200077,0.02606063274130118,44.23101397693854
831,103,n11,0.2891203584125147,0.022332715315299505,51.066932815063225
831,103,n12,0.27323798745104166,0.05894747090081375,44.72676909468907
831,103,n13,0.25605742683747246,0.020061077846274367,37.718765069926235
832,104,n00,0.7147988791950882,0.05426216823748396,109.27371068775484
832,104,n01,0.72755662660226,0.10823499995731807,126.7512959578477
832,104,n02,0.6953650526907219,0.062216858688969166,101.77783277836949
832,104,n03,0.6552262278170595,0.07470652689859945,105.36943383107348
832,104,n04,0.6927036079524912,0.0947034353715762,110.48727186535196
832,104,n05,0.8121714789393912,0.07119691935830177,114.55269323671793
832,104,n06,0.6511235764835455,0.0594341003331183,99.85162432008049
832,104,n07,0.7329983754611076,0.0763592889157307,126.61154243242905
832,104,n08,0.5986582497849557,0.08421284179693228,104.37704663624842
832,104,n09,0.7102829560102104,0.06975501433581356,111.63356294413417
832,104,n10,0.6840338610341762,0.09228436668364388,113.22192827284967
832,104,n11,0.7387685823205831,0.08497148464942995,112.75469094822243
832,104,n12,0.7564860171956376,0.06773189409955115,113.13286528776753
832,104,n13,0.7168979452038652,0.05880195827471018,116.7199443249516
832,104,n14,0.7414344551515528,0.10497909167708186,118.02976555351653
833,104,n00,0.25621609375532933,0.01565961839512007,53.09298273675721
833,104,n01,0.29843652529519926,0.02818284122571081,45.469937625872106
833,104,n02,0.2507700890694032,0.01620181655333897,49.92321394931121
833,104,n03,0.2678254353396764,0.020119176386704074,55.73974025587779
833,104,n04,0.28996950859116066,0.019437415860746605,31.237816746726164
833,104,n05,0.27803118152006734,0.027195080545732702,40.41790981856021
833,104,n06,0.2684122017932005,0.04438828570884687,56.00186277998944
833,104,n07,0.2626525366794033,0.03896611417234123,40.05397281573841
833,104,n08,0.3353471089647836,0.0321647215173026,39.53216135780565
833,104,n09,0.24648825742028888,0.02927306236589651,38.00237316567304
833,104,n10,0.21975361086662015,0.04901951888305382,42.789473351275
833,104,n11,0.28845972540874154,0.04706623244703468,28.6245731738931
833,104,n12,0.1570284169351425,0.01242424760030536,51.49940283490925
833,104,n13,0.22795049285613037,0.03161948580005079,42.53318812016138
833,104,n14,0.25623799038103734,0.04626297531385898,38.77838440793626
834,104,n00,0.7657219213344755,0.08693030685468436,116.44810318534331
834,104,n01,0.7105245219575897,0.09648956737834058,111.39726939465527
834,104,n02,0.7365100397882303,0.06436303565040959,94.1191269909998
834,104,n03,0.7105292610991267,0.08770101630041714,102.59047038691227
834,104,n04,0.6015826747253975,0.0831654962675515,114.31024457185713
834,104,n05,0.8021955806300465,0.07758291424899266,102.04053941380401
834,104,n06,0.7488226074479541,0.07147492082339428,101.48517615660433
834,104,n07,0.7159729767830784,0.05898480331487192,100.58969445590563
834,104,n08,0.6968669890349387,0.08615587716090936,122.77812096606529
834,104,n09,0.7513455877244337,0.07441610846374813,103.1196889101809
834,104,n10,0.6552547152746216,0.07735032280411587,122.96667283729924
834,104,n11,0.7355581179910085,0.07776477644618772,113.58352172246454
834,104,n12,0.6691750932049902,0.08133472062792824,107.60897068631976
834,104,n13,0.7194024243883984,0.09311759318910257,114.6548078677833
834,104,n14,0.6589827280673205,0.07649526873656343,97.60489681266812
835,104,n00,0.22809805566866823,0.027878128946596907,41.34501660993837
835,104,n01,0.2650095935574502,0.04594127357728497,45.9050356089338
835,104,n02,0.2769418821214826,0.04183457045144885,49.97282093581714
835,104,n03,0.32788909699219315,0.029546359934243243,34.810437665822406
835,104,n04,0.29143979637973055,0.011713407243526142,37.00832078547599
835,104,n05,0.20478517360354884,0.03441467991409604,58.35178863785582
835,104,n06,0.2480714653030555,0.0,64.51673472257006
835,104,n07,0.16214457920772557,0.03166245129829785,27.144643245603174
835,104,n08,0.35629618629017124,0.0292677562905975,52.98526614400583
835,104,n09,0.3058785248872294,0.05858236139208916,49.68254760453078
835,104,n10,0.18736592628995505,0.028490718907360785,48.84122998243383
835,104,n11,0.18730191629314036,0.04304219033121887,53.15313132047968
835,104,n12,0.27561679222315394,0.03127478818469589,42.90905755304505
835,104,n13,0.22476500742801933,0.009042027770000974,49.998396002711665
835,104,n14,0.2492519956663052,0.04091807421725241,51.03701307412565
836,104,n00,0.7302105775909056,0.08224839116994684,118.36905714945141
836,104,n01,0.7474070599081224,0.06777306767366503,108.58041548695795
836,104,n02,0.6327433254889667,0.06994030541085379,95.37713004320288
836,104,n03,0.7240833330083875,0.08822452656167479,86.89573371917257
836,104,n04,0.7852461303676104,0.06711692963853955,117.78249877075416
836,104,n05,0.6771581472944109,0.08079013723873517,99.69855290781841
836,104,n06,0.76211006344186,0.06841687234732594,99.97403121883953
836,104,n07,0.7462731516760467,0.07336772375373814,106.87094878559115
836,104,n08,0.6337088389384671,0.060354040979820854,110.82180385342501
836,104,n09,0.7277130113867902,0.08394609197505747,117.59956602530032
836,104,n10,0.8079256666446224,0.07599450972277069,98.41303497975699
836,104,n11,0.6273918900263297,0.08577998042897782,119.86650042421611
836,104,n12,0.7335989845931813,0.08612247761984088,113.0928081322993
836,104,n13,0.7278729038434192,0.08284056676271488,100.33199715039244
836,104,n14,0.7834113272375091,0.08979505407181634,116.55278290516434
837,104,n00,0.34518027827212094,0.03362042843039587,56.076062751989966
837,104,n01,0.28687798677146387,0.03430318123742208,36.75978225371952
837,104,n02,0.28222028749453015,0.022946888819913233,42.99023712014651
837,104,n03,0.21963182404720066,0.029804642976173985,55.66462969920033
837,104,n04,0.2662827707393372,0.03976916652762189,41.841250030312374
837,104,n05,0.3276473986517517,0.05349530429495214,40.86139776267962
837,104,n06,0.22686279062259726,0.04695472329812164,53.07490510656879
837,104,n07,0.24178256459001066,0.023463325565986935,43.48927055548171
837,104,n08,0.2505389777424996,0.04899833168351189,34.50884334845889
837,104,n09,0.3075577782792389,0.039657499392875106,48.73075457353968
837,104,n10,0.20796105471844345,0.04159285778138795,57.548566255047504
837,104,n11,0.32688822496253966,0.04913130042816596,48.92811564818722
837,104,n12,0.23235263163154005,0.020961871317737572,41.39655838319506
837,104,n13,0.2133574677655234,0.05341989506197101,39.87192512464255
837,104,n14,0.20840187794203713,0.026684437517983266,51.04360374923664
838,104,n00,0.18395384409983265,0.030627644864920586,55.39222084740111
838,104,n01,0.30341360979776966,0.020067396570848037,40.959602507718834
838,104,n02,0.2070105931764301,0.03484397187158672,35.25851933618695
838,104,n03,0.2554274012865418,0.04446324277031641,41.91724698127147
838,104,n04,0.2506871912769916,0.014634593146648589,37.46445375050523
838,104,n05,0.2909818559990972,0.025855751819549605,47.258141399174455
838,104,n06,0.2511503170608278,0.01819592053324405,31.12889011763736
838,104,n07,0.24899449814130645,0.040673349577642334,38.26090595264249
838,104,n08,0.18372545803145934,0.04829817270274455,54.969514688203645
838,104,n09,0.2196032747711052,0.025581455527470168,51.75507253529742
838,104,n10,0.31130071572966433,0.041498726456997835,63.45000993891156
838,104,n11,0.1883750987957166,0.018710044579401737,44.62355614898345
838,104,n12,0.2920110332876713,0.023772608958761023,50.140706573887336
838,104,n13,0.24395517406231867,0.04231188158802409,37.79805422633173
838,104,n14,0.28293002156594427,0.03228251271794462,38.582848068216734
839,104,n00,0.24599449523830416,0.023695248409797882,49.122715242970656
839,104,n01,0.3068624364415578,0.037305309440197304,55.94435933453858
839,104,n02,0.3705313019429611,0.034847968986245134,40.255314308532164
839,104,n03,0.2431669471080539,0.01507433109967005,33.33804058162773
839,104,n04,0.16001772094210343,0.022967376016539316,35.41040746634564
839,104,n05,0.267590734480305,0.03819414542219484,26.629859503258405
839,104,n06,0.3483570130320839,0.026944815993461987,46.3573767301503
839,104,n07,0.24032762387634643,0.01638929408641938,40.32408229488862
839,104,n08,0.2826878379952011,0.032242183504303856,41.24692566854667
839,104,n09,0.2761109550252628,0.030877391715687232,41.827093355272375
839,104,n10,0.22507347555403207,0.04282348436967481,46.00914609374183
839,104,n11,0.318739872373459,0.037557385956702806,56.56294923798971
839,104,n12,0.27372287878176954,0.04383536720828929,54.25074786752837
839,104,n13,0.27648918167548403,0.018854535762139704,39.07285650425618
839,104,n14,0.2853754437802513,0.037418146621815064,47.82278527146577
840,105,n00,0.7268972304391961,0.0728239832384518,118.07912587474621
840,105,n01,0.6579082834628039,0.07824884222323188,103.1204537764949
840,105,n02,0.6496149264123046,0.1091846295789771,113.9831186160705
840,105,n03,0.7412050130074801,0.08381718986559566,100.82990667290944
840,105,n04,0.7581421119885681,0.08578309182703006,108.27098527282828
840,105,n05,0.6713707491858211,0.08852433186872467,113.18839574397808
840,105,n06,0.698920852945302,0.07434221462411464,103.93142710417341
840,105,n07,0.7590639546926864,0.0950801604320159,102.09978916073145
840,105,n08,0.7159356278610597,0.08915549372485054,116.73503270191271
840,105,n09,0.6765799031165425,0.08524222923925051,93.28971425761026
840,105,n10,0.6870949354695121,0.08384520944317232,109.62419221620314
840,105,n11,0.7736657058832985,0.08080537110657549,121.46919188851798
840,105,n12,0.783616957857288,0.07622024395384562,112.3457359971637
840,105,n13,0.7856224874460985,0.08470086493855075,106.96250199876981
841,105,n00,0.2545933186404383,0.029179305738502342,39.374168941864816
841,105,n01,0.3651112464313576,0.039557428810964815,41.27910572091789
841,105,n02,0.2676854972467567,0.04846073651506806,56.17476970499572
841,105,n03,0.24537112967357638,0.03907227104742966,42.54431787364399
841,105,n04,0.19845963559157676,0.022641454636203484,36.56817637951952
841,105,n05,0.26460162261421805,0.04847395033633588,40.82272791555748
841,105,n06,0.29040271346031354,0.03118749225988999,36.460365877773334
841,105,n07,0.27195773533584866,0.021803777592346037,44.15172868169348
841,105,n08,0.2131967162672147,0.04195423334702279,53.02782775476895
841,105,n09,0.21058751553131774,0.024836215037290763,40.1487808207241
841,105,n10,0.25551240560228883,0.024442453590559195,27.35143153691367
841,105,n11,0.27493485837290266,0.021934617062785107,39.67964313298331
841,105,n12,0.18799881815318153,0.024661122558564244,42.6523070135009
841,105,n13,0.20614041060803256,0.020129032442416286,52.50025493552066
842,105,n00,0.20991239141698512,0.03884556255098838,56.65271239485523
842,105,n01,0.21042885274135426,0.02743966636358566,49.94602401312962
842,105,n02,0.24658169490260257,0.013990155243671323,40.77259737541268
842,105,n03,0.3566033435207379,0.03628173310094573,51.19543608409825
842,105,n04,0.20700675762150889,0.026288379434773596,59.27870735887687
842,105,n05,0.2568639161281625,0.02893499192508496,40.5104919152778
842,105,n06,0.2695398068786747,0.014232801640422232,73.74146801118144
842,105,n07,0.25970633415200933,0.011977325763938972,46.02012554644673
842,105,n08,0.2775856955268414,0.020097657364165272,41.43227097727471
842,105,n09,0.20972445658714337,0.014128468286092426,48.54180687784597
842,105,n10,0.18735581023132908,0.031232163341849487,38.66658471111969
842,105,n11,0.27354554143616117,0.025264410162822774,46.46323746950752
842,105,n12,0.3770429572953866,0.027326156398274275,39.03804418029889
842,105,n13,0.26132087765595535,0.020278496902487404,52.78007339815761
843,105,n00,0.21968013895375182,0.02805672475046619,47.71855015904467
843,105,n01,0.2624332980414255,0.03456062652766605,46.9421039724573
843,105,n02,0.3074149024866727,0.042054896216449304,31.187914420430456
843,105,n03,0.2501623406628366,0.0015417273366032623,45.607411391356756
843,105,n04,0.24424479112518924,0.05228472119710474,48.03183632472032
843,105,n05,0.23431598843416532,0.035062343696326985,49.41810684172532
843,105,n06,0.1942987474648753,0.030967719262377232,31.708693903389886
843,105,n07,0.21507363334679,0.01154669171670672,38.68093501847356
843,105,n08,0.2075240663748252,0.014733094625573439,48.49719650091974
843,105,n09,0.2731461462239313,0.028480809353977475,42.756665470766116
843,105,n10,0.23361962874198608,0.03057198835612467,33.811573258306304
843,105,n11,0.21153422622332357,0.017914489649081114,53.10310629034539
843,105,n12,0.2836007114791952,0.03282168253627906,37.22187634917346
843,105,n13,0.21221453140640026,0.03259881686911552,36.55832502018994
844,105,n00,0.23614784708420905,0.03519740749115735,40.10365671792792
844,105,n01,0.2792299038154816,0.0469949050661666,41.89563985932427
844,105,n02,0.24296903260437527,0.02625999578897716,39.12894503829907
844,105,n03,0.20518943539612627,0.022744613336103406,59.40017234509307
844,105,n04,0.20621555268648245,0.043892744075148496,50.03026813522238
844,105,n05,0.19868737243463255,0.03610302647790446,55.008259168687864
844,105,n06,0.23224885467641482,0.04288941070876113,52.04212987214967
844,105,n07,0.323498413368402,0.029727860361457865,31.323637733862544
844,105,n08,0.1814434563889739,0.05357747631079223,43.029717655987135
844,105,n09,0.22909106845535754,0.03715563047470706,45.43101664337464
844,105,n10,0.2478000899551408,0.025531351569039004,46.10454122325547
844,105,n11,0.2405704574966534,0.0,55.67887701530216
844,105,n12,0.3343726856004201,0.02404726411265078,46.39147969299478
844,105,n13,0.3627365070269226,0.016004772363803505,56.65444705143097
845,105,n00,0.23815924042981323,0.021755798023327607,47.677330042086766
845,105,n01,0.3110948818451832,0.025445705607069036,43.13698160483521
845,105,n02,0.16185179857003004,0.02857448062847261,55.028429829559414
845,105,n03,0.23773112442928782,0.040128729259932175,38.87783524303953
845,105,n04,0.2415007425720072,0.022099290079411145,33.55282503737247
845,105,n05,0.19855054030847244,0.029514588767790444,26.751189577712317
845,105,n06,0.21358659639310426,0.025708769443499854,35.279645821846785
845,105,n07,0.32591792670963404,0.02045273924002859,42.9540658826228
845,105,n08,0.27937061421775455,0.007789985862229707,50.05118337489583
845,105,n09,0.23919908523355343,0.02199413769027856,39.740294878561095
845,105,n10,0.2151498557995238,0.038417117807298395,39.49816683365814
845,105,n11,0.2623469173260216,0.026291903615285037,51.11216039907326
845,105,n12,0.26461797311213026,0.026116847554383683,42.1922881909057
845,105,n13,0.2472926742779929,0.03230748419327536,45.58296293047738
846,105,n00,0.6981049802251732,0.07964284031080815,114.63520877207516
846,105,n01,0.7342397495756758,0.06882280845581198,100.35187998635213
846,105,n02,0.8154058819693643,0.07835637718016365,114.0304944645809
846,105,n03,0.7323193253813546,0.0941696425180907,98.63806128517376
846,105,n04,0.6826410551219338,0.07906505036098539,114.3007039206372
846,105,n05,0.6924640252878305,0.06943563169811479,115.75381395044764
846,105,n06,0.7489006927254288,0.06066358603180065,101.77959087828339
846,105,n07,0.6917555935611722,0.08052567361835296,100.47168128591566
846,105,n08,0.7904463009595029,0.0796684201844197,99.9045564538038
846,105,n09,0.7191503202688542,0.08998676792003597,103.56662650195078
846,105,n10,0.8042588383027983,0.09707511498048983,111.82639636257967
846,105,n11,0.7312099539329601,0.08807416045382853,100.72237286260976
846,105,n12,0.7664914383102712,0.07225718651435545,100.31017751012212
846,105,n13,0.7775151779810469,0.09155365472675853,107.38099594201486
847,105,n00,0.25778451795479024,0.04165451778633947,35.69103749115784
847,105,n01,0.2089013163027364,0.031177673054576346,63.66438184426514
847,105,n02,0.25045832497167414,0.026870289396601642,55.34214326181804
847,105,n03,0.22965723388175016,0.03362130414485457,54.23208183058759
847,105,n04,0.2679911949080579,0.05414313730139517,35.66754729892231
847,105,n05,0.17921752356966014,0.005188025206412969,49.96177084975771
847,105,n06,0.22632688673691806,0.02345437462341308,58.31786812617627
847,105,n07,0.19538664395131886,0.022866734500507264,39.2551364906705
847,105,n08,0.2894858813537666,0.02328905980353679,57.81482001315733
847,105,n09,0.32296059415857675,0.024182083775048675,33.02855109919382
847,105,n10,0.256008653130228,0.04473808906621697,27.24764160778816
847,105,n11,0.22825941482497028,0.02012850906670817,39.87152493310267
847,105,n12,0.2797010183318851,0.04330227925680134,51.20362860906995
847,105,n13,0.24406464213841841,0.013093438271694666,52.26580748767345
848,106,n00,0.7420831261341192,0.0921692924900517,118.00756440689733
848,106,n01,0.756398009394477,0.05863430476919275,104.25356550556884
848,106,n02,0.7932199581250265,0.07338545270545337,119.42371733135946
848,106,n03,0.7023913658447447,0.07079179074987822,108.3391635233263
848,106,n04,0.6738106403173204,0.09353251786795624,114.4305901288628
848,106,n05,0.7965577171913119,0.08765835595352034,113.45299530181018
848,106,n06,0.6385950735468443,0.07998779424420725,109.23152880364535
848,106,n07,0.7177572673831735,0.07104674951144875,132.92574446994163
848,106,n08,0.7021201951179077,0.0683211896322881,120.91308183450062
848,106,n09,0.7105456247229297,0.07195610194584393,109.84153916663641
848,106,n10,0.6523871581255972,0.08615735826145988,114.14404978147537
848,106,n11,0.7258393823463563,0.062062004107574925,102.98101605707618
848,106,n12,0.7100458518329301,0.05627521737318495,112.22830756844478
848,106,n13,0.6965766019763876,0.06236722805013947,118.34201132508825
848,106,n14,0.7275702159253016,0.0774251291525867,106.41296010826908
848,106,n15,0.7232969875503186,0.08979249085041235,111.10452459176943
848,106,n16,0.7374773059064996,0.09784019213108622,100.56965154530755
848,106,n17,0.7606724435139988,0.07391401275605748,87.80354572147505
849,106,n00,0.1974791246625721,0.021084876311404065,50.54643072014681
849,106,n01,0.19796549887417697,0.008353316080716735,49.845383926958796
849,106,n02,0.21480514904362905,0.035294004340928414,49.06293647152441
849,106,n03,0.2853799426477158,0.063203154800968,32.15640920954627
849,106,n04,0.23037084289112308,0.02549741267435428,38.322159884590135
849,106,n05,0.23378093524008406,0.02509341807017956,39.46220374820051
849,106,n06,0.2854673693855451,0.03479999597847312,48.65759152075774
849,106,n07,0.23340123903178064,0.03177991165669546,55.83542582389645
849,106,n08,0.30875994698787684,0.03457188469471704,37.894290421382976
849,106,n09,0.23857445156342277,0.032483030387474604,39.852084891610104
849,106,n10,0.29975320239184805,0.03732999947554261,53.14905114032523
849,106,n11,0.22759870038000415,0.05266733339624283,42.915395369945514
849,106,n12,0.23066471838997718,0.041662692777764763,43.658625147281626
849,106,n13,0.27872630926346514,0.026369592734265472,54.637632294246245
849,106,n14,0.25148032458516084,0.03251758376405435,33.259132073557566
849,106,n15,0.28692424594653393,0.023733925611112153,34.67016360541335
849,106,n16,0.22681170840171982,0.028560568435422876,36.39008695885728
849,106,n17,0.266085423882729,0.028695041244077096,57.03739462814657
850,106,n00,0.7088011081966928,0.06529938725389454,119.0670605265648
850,106,n01,0.6730824038666492,0.07633441563663998,118.68766072541831
850,106,n02,0.7075387319564033,0.08381655813178338,119.19050705586653
850,106,n03,0.7022744914565223,0.09075458969241416,115.89291501339478
850,106,n04,0.7160216374504091,0.08780958060275011,101.45575696817274
850,106,n05,0.6114167940038857,0.08794410134917419,106.38209299671102
850,106,n06,0.789849911704963,0.08179353989534865,106.77228176942597
850,106,n07,0.6711627540948544,0.071799543923762,108.45165156335688
850,106,n08,0.7493014005173418,0.07588443054626208,110.40787162656501
850,106,n09,0.6459299487900281,0.08109087547114188,129.47372697600338
850,106,n10,0.6291037259207607,0.07102702652332167,103.96235633973691
850,106,n11,0.7229188610977276,0.08545170658461111,100.68674604000243
850,106,n12,0.7252911155972155,0.05530091493074841,97.56519564836962
850,106,n13,0.7427622691057202,0.080632668300679,99.68291571452697
850,106,n14,0.7639909393473017,0.0612672475495243,115.46469454145009
850,106,n15,0.6987574649805272,0.08059343298310429,117.68893282259263
850,106,n16,0.7204066931975676,0.08695857924416987,116.13088824197445
850,106,n17,0.7153996343276324,0.05180452634743046,99.85744124445978
851,106,n00,0.7146305216422728,0.11112214601340593,119.75784697790611
851,106,n01,0.7313374913437551,0.08274339728713548,114.13799175259183
851,106,n02,0.7300958603759918,0.0850103573223751,103.86854930118906
851,106,n03,0.7606276049309886,0.08617233184693261,104.11281252620992
851,106,n04,0.760843291601201,0.08270527737026194,115.66420804806916
851,106,n05,0.7596436719251072,0.08286842713127032,115.04655283652917
851,106,n06,0.7010622119395293,0.0677267280522114,105.0716766936596
851,106,n07,0.7157921969990312,0.06854329050407748,120.06666041145455
851,106,n08,0.6680512136212197,0.07036078098106653,109.53593660811482
851,106,n09,0.6927537808117834,0.09529798500127963,124.50458377117863
851,106,n10,0.6699845386175425,0.054515127460096485,101.87266581346897
851,106,n11,0.7115517909921638,0.06907008704673187,112.54756960082399
851,106,n12,0.7558636461863253,0.07491145650464842,109.26240001913604
851,106,n13,0.6149796114165585,0.09421010905226711,122.15420898747976
851,106,n14,0.7955433894467531,0.08643956661598252,120.06202607344792
851,106,n15,0.6466796370486401,0.09214483901282344,115.3916319504429
851,106,n16,0.7929150372478402,0.08967784410621825,96.62551686121792
851,106,n17,0.6757124831391065,0.09100598647147976,101.60160997022993
852,106,n00,0.27596242932473175,0.03301397637093875,36.55028257921232
852,106,n01,0.2349039760111631,0.03732528986249782,41.360929549064636
852,106,n02,0.21974464466491794,0.021230362610674465,44.243703818431165
852,106,n03,0.21530646006619358,0.018929817211365642,51.389113546049316
852,106,n04,0.21337017793967944,0.036805040438867155,37.09707711797971
852,106,n05,0.34182440702697814,0.02700621482324619,35.9534760725785
852,106,n06,0.29516866616466125,0.02342629342607716,48.70521101952883
852,106,n07,0.2716376276043372,0.05971164096870761,51.58956338658206
852,106,n08,0.21339893867372395,0.041554624074501806,36.840957085167034
852,106,n09,0.25851568829845395,0.025589123953801675,37.42919354712128
852,106,n10,0.2692000251500307,0.03632804767046392,48.456693322516664
852,106,n11,0.18207654851099386,0.055839245740029284,58.06800513719176
852,106,n12,0.21242565513333694,0.055678301653100656,40.20965680648105
852,106,n13,0.31944484462798267,0.01980072339260692,60.82842996813498
852,106,n14,0.1657729168033012,0.03438203114526203,38.41474749126875
852,106,n15,0.2355899066685441,0.036590359741449655,46.00243331107166
852,106,n16,0.2663785853094197,0.015421249711366823,51.18011097520555
852,106,n17,0.28970256621087315,0.048323755329090855,38.611413825421224
853,106,n00,0.7032304674153077,0.08332120837971448,102.75417238157198
853,106,n01,0.7429433750798617,0.08919581299664393,116.71265825585235
853,106,n02,0.7079067677156589,0.09792449995674166,110.34041990111847
853,106,n03,0.7249065170009655,0.05472640954857752,105.94024201235528
853,106,n04,0.7190865946563569,0.06993383229541644,122.79800639193056
853,106,n05,0.7173185790925996,0.0643245940161955,111.8667653169079
853,106,n06,0.6467793758347394,0.06003499027398235,109.54417547366998
853,106,n07,0.7393367852364466,0.09196264261048691,104.62863726901944
853,106,n08,0.7483641741525726,0.06603893163964872,114.06404064651797
853,106,n09,0.7888629036931977,0.09220601897652562,96.94405949824444
853,106,n10,0.7992566652013811,0.0824189464654051,114.90535080060728
853,106,n11,0.6886773287780112,0.06833267345772213,114.56741256652339
853,106,n12,0.8050049887296894,0.08542452553365847,109.04104793301937
853,106,n13,0.7207984637378448,0.0939684804366671,121.08170732442665
853,106,n14,0.6609676507319128,0.06952399433831469,100.89903337936279
853,106,n15,0.8178681391651855,0.05083706835662008,116.30519889286084
853,106,n16,0.702023756841221,0.09358168201279331,109.74326519937449
853,106,n17,0.7304644086871084,0.09409593473832559,103.63336691204665
854,106,n00,0.7668222863403193,0.08752221635312238,98.87520164223278
854,106,n01,0.6609085745516503,0.08899057569521177,109.82340800477063
854,106,n02,0.6902172227669686,0.07266306062285366,105.68805001020093
854,106,n03,0.7128505124297545,0.0869101606124695,114.22383508036901
854,106,n04,0.7956468291066414,0.07552844042018732,109.25766259346851
854,106,n05,0.8186406547071086,0.08262974913818547,106.98199596438413
854,106,n06,0.709033129099886,0.07577605003360818,105.74079115801803
854,106,n07,0.724842897649201,0.07842753059218974,91.63019716625158
854,106,n08,0.7714161361209023,0.07103831241958496,108.35315573410415
854,106,n09,0.739635215658992,0.060852714618830656,105.79641335638077
854,106,n10,0.6525029726451689,0.08444866366941431,111.01834190712304
854,106,n11,0.7331246544424922,0.08242160254314784,117.47340789608427
854,106,n12,0.7706275061803096,0.09715141860668178,99.28131845200073
854,106,n13,0.7382646936756576,0.06411816905925666,116.35695807504018
854,106,n14,0.695438342942925,0.09599762436429107,118.52009136794044
854,106,n15,0.6703641826028514,0.07658488464661252,102.73493346964729
854,106,n16,0.7635049009899978,0.08368561941529205,101.40123839194887
854,106,n17,0.7263301895133037,0.06894077783587405,115.41149873228187
855,106,n00,0.3085485052685887,0.02365057872031988,42.80734603269735
855,106,n01,0.3393189487613545,0.041642945885672945,55.858771522596854
855,106,n02,0.25081598380705256,0.0,39.11263357636642
855,106,n03,0.28004499914332354,0.030509985729863267,46.013288245886464
855,106,n04,0.23791447588707226,0.02240532316151309,33.076406025776976
855,106,n05,0.2723713295593336,0.027706277340816272,56.62511159563715
855,106,n06,0.3212699505320756,0.041672057579084765,49.82159832330105
855,106,n07,0.27780911971682815,0.028179666719544944,55.64310231248521
855,106,n08,0.248328703193206,0.02131540939015003,43.53946920940222
855,106,n09,0.20913795475940938,0.03858125303541962,42.15051672806126
855,106,n10,0.19032367191415522,0.011626622428492609,37.09492999039284
855,106,n11,0.3369062963357964,0.047056230737567636,64.43993418537171
855,106,n12,0.10488207412988598,0.016563036533377908,36.44212686190669
855,106,n13,0.2849137173336753,0.03531554675144361,57.9126337387544
855,106,n14,0.18041487136829581,0.01928750540886784,48.92754288180605
855,106,n15,0.2792678477313732,0.01579445032277612,51.71097223513816
855,106,n16,0.33743697379610715,0.056887474690574105,58.87493938245966
855,106,n17,0.30800149993560527,0.0441638311112305,53.8805029450331
856,107,n00,0.8078152803122384,0.09907798798544196,123.23927564529964
856,107,n01,0.6964135137197233,0.10750361327477573,100.32147848546617
856,107,n02,0.7072619158663094,0.10346528861207785,107.02083874416358
856,107,n03,0.7081282574490056,0.07842254302326278,114.88660896667439
856,107,n04,0.73161137377188,0.09607431199172524,115.73849595482626
856,107,n05,0.6768451677486594,0.056758898051985654,120.15619607073202
856,107,n06,0.7329630095348082,0.08419919687363206,127.20461158257103
856,107,n07,0.7044156944869464,0.06565732502963452,110.84947929089843
856,107,n08,0.7598580858832727,0.0905579469606592,87.94964984142425
856,107,n09,0.7309859579886814,0.0897803227979658,108.22771446029803
856,107,n10,0.6703871099653747,0.07800564077746851,109.42931511799975
856,107,n11,0.7359127615902417,0.0870618638534972,102.953510029522
856,107,n12,0.7291402795380559,0.0755322517911376,122.18695889714533
856,107,n13,0.7338676485399005,0.09458451609667257,119.84757318834355
856,107,n14,0.7346972478556848,0.06581483905182955,118.90036853513686
856,107,n15,0.753512828762386,0.05986157800696331,102.32617274163883
857,107,n00,0.7152315602829324,0.1086143799553574,119.30955690792965
857,107,n01,0.7924705686106396,0.09149031151026585,126.54852800268668
857,107,n02,0.7341809150440577,0.07018001693946792,105.52461385696458
857,107,n03,0.7563106362013259,0.08068908951745427,107.05642387333195
857,107,n04,0.7133107175673866,0.07838369998683006,116.17699159572979
857,107,n05,0.7584626701098683,0.08978184514672047,119.26095351558254
857,107,n06,0.7221590658745298,0.07497933980027026,118.12336164962767
857,107,n07,0.7505900853605774,0.08271918664385448,116.73479913513204
857,107,n08,0.7431237706581296,0.10181659687698102,126.95786484685536
857,107,n09,0.7688844877768134,0.07222527552576155,104.22053215186389
857,107,n10,0.6637142881872109,0.07997972362571344,110.46248847321564
857,107,n11,0.7748546190829988,0.07257581196866333,117.62789043330403
857,107,n12,0.7578653657953704,0.07606568312146844,101.62105071914426
857,107,n13,0.7493878242960826,0.09824710355548379,108.66400424530086
857,107,n14,0.7396834078849496,0.06335758280645673,111.99831402919192
857,107,n15,0.6977443049026417,0.07720382461614006,103.81067563647994
858,107,n00,0.7106858747035373,0.0915116691601949,111.25618927455511
858,107,n01,0.7012161255908521,0.08695491891841482,118.8061041031844
858,107,n02,0.7236085560890303,0.09497824468469915,102.87766943979899
858,107,n03,0.6765448011943587,0.07690156341796253,103.34398370555513
858,107,n04,0.6895164209409227,0.08688826044254554,109.2284468990548
858,107,n05,0.7921864079011992,0.08299440608844984,92.3356296245367
858,107,n06,0.7445809913978975,0.06255252019024002,117.13034488034891
858,107,n07,0.6978911964226725,0.09019467322754052,115.3192047038904
858,107,n08,0.7037900212360289,0.0631356518689288,105.9091124492885
858,107,n09,0.7447009195040025,0.09840195733963294,114.0417290277054
858,107,n10,0.7032858155457327,0.08904811647543165,120.09873508912885
858,107,n11,0.7371975408261173,0.10012322153636995,112.12476358329077
858,107,n12,0.6957285989601683,0.09669387697988535,122.72070919493582
858,107,n13,0.7312635012313753,0.07414454283877388,109.42593726336828
858,107,n14,0.7214845887354286,0.09800570846806489,104.84747004990787
858,107,n15,0.7162428395520287,0.0864188903774267,124.78944334231828
859,107,n00,0.3133011372386363,0.02668814681423113,44.860878744825115
859,107,n01,0.3122744468696706,0.027665271932799964,50.152827606324294
859,107,n02,0.21637721357993586,0.03447087398005875,42.06886456130746
859,107,n03,0.1883611265521447,0.040637681796518346,48.653011994881204
859,107,n04,0.16986615218182927,0.018138049165254515,38.813288120644444
859,107,n05,0.21941274817536197,0.033526077553271236,35.61153622568294
859,107,n06,0.28703669079443583,0.005843684676643625,42.55655324669858
859,107,n07,0.15393570621054914,0.03170796520834715,41.701060269830094
859,107,n08,0.2689949794566039,0.02145984554452436,32.424839199746
859,107,n09,0.18933758729312106,0.0,40.07552494444186
859,107,n10,0.21548516775637558,0.02296140859790996,33.49334682521233
859,107,n11,0.22957827323743235,0.014912953227931793,43.23205186289833
859,107,n12,0.22718335594790084,0.007484904333091291,49.8882598515472
859,107,n13,0.2294217972803814,0.03908534818614741,32.69501629937631
859,107,n14,0.24737940060568217,0.05191980654574711,43.189116888558104
859,107,n15,0.20635585076855312,0.022345902745737414,36.44849936627814
860,107,n00,0.21570046143874072,0.018389940860623635,56.752296027673204
860,107,n01,0.3059056910073072,0.02780790162196843,26.03347137710699
860,107,n02,0.2350963667043043,0.03306317826825996,60.67173782162192
860,107,n03,0.3041418533705649,0.02118635485980205,31.972041208493586
860,107,n04,0.2366056874556705,0.02033715796607092,34.45589577529313
860,107,n05,0.3184741874982687,0.023656737565679282,46.18870001724003
860,107,n06,0.23195890482289871,0.03813878084225927,44.175722211345665
860,107,n07,0.15654158818539146,0.01812106161865083,48.46779168245074
860,107,n08,0.20968384392391978,0.0027517619376612006,46.68522836542291
860,107,n09,0.20993979164792428,0.039248168335737584,55.215422657438815
860,107,n10,0.16027942754203295,0.026860494904846564,52.14049660351416
860,107,n11,0.33242005498275917,0.03352728204948424,48.75530831960321
860,107,n12,0.24879531733548713,0.031536602032341585,52.86212176297909
860,107,n13,0.2693191055985631,0.03669485185324807,47.993422046985266
860,107,n14,0.24227682628500488,0.03903695166057341,50.47509106549881
860,107,n15,0.22197881910034994,0.032285267752604103,34.79306098802586
861,107,n00,0.6820515088218104,0.07973122397032135,127.5469646855774
861,107,n01,0.6298113529516627,0.07867416166805076,103.29391212292062
861,107,n02,0.6451413628866924,0.08757573109736622,110.11020289597442
861,107,n03,0.6855123571426404,0.09686601299820019,108.35705989202569
861,107,n04,0.7765241254914497,0.05605363615913652,113.85365393290695
861,107,n05,0.7434171145270051,0.08662042623829043,111.72402981107365
861,107,n06,0.6446112165486717,0.09210067135523556,116.22111380418683
861,107,n07,0.6944094379134942,0.07351175513782848,90.84340663988307
861,107,n08,0.6632519573428657,0.07651417415140686,111.36827694318528
861,107,n09,0.7674360503979102,0.08168329073496172,123.15160597913962
861,107,n10,0.7463450589718175,0.04941988163484054,99.60102716725957
861,107,n11,0.7438516760085679,0.08204900413581459,116.41552016235438
861,107,n12,0.7337801169102539,0.08017700102675263,114.26051501230255
861,107,n13,0.7309827850066047,0.08069056683469901,100.64937824224833
861,107,n14,0.7572370692169559,0.05064822426791282,111.9366000207345
861,107,n15,0.7206738140273091,0.06391028707505443,114.22599196819336
862,107,n00,0.26518939013028225,0.03741300793428047,47.143437912835104
862,107,n01,0.17495875819134432,0.03967045844571775,53.883244885278984
862,107,n02,0.28274167844215575,0.03122585697799021,41.246272352316424
862,107,n03,0.2445655638697312,0.027649156942173684,54.50835237305388
862,107,n04,0.24893705745240208,0.028742446351467096,52.721980620465736
862,107,n05,0.2890463505271027,0.04000811150047699,36.497887703273655
862,107,n06,0.23776357241970966,0.04580621340431081,55.84716576283293
862,107,n07,0.2457268383331191,0.018753803534643575,45.11642029669804
862,107,n08,0.35461155710781245,0.04890119372638992,41.49584274388493
862,107,n09,0.19318191089534878,0.050324647107136425,53.09718881058849
862,107,n10,0.31915691675176405,0.023007617504955846,48.83079328077273
862,107,n11,0.26981593634934026,0.0324427116552558,30.802595820425985
862,107,n12,0.2317696400053099,0.026679064166592683,48.079168712061715
862,107,n13,0.25865810917897936,0.0036717353084065145,57.45840886034939
862,107,n14,0.31594780843760917,0.03004365211302002,53.53549804765901
862,107,n15,0.21410735445070508,0.018036819286604375,24.839919567524095
863,107,n00,0.25428230656928624,0.036157578539300676,30.655775753062198
863,107,n01,0.32998932625791644,0.029006856968823286,40.30909468737333
863,107,n02,0.17868579299025905,0.0361674862622549,42.2808009485742
863,107,n03,0.2632199217810968,0.023627713678888912,31.935209785851765
863,107,n04,0.21058758622722673,0.02237484466555127,61.53574769886952
863,107,n05,0.2980500982270254,0.03320552541056583,51.449888299845746
863,107,n06,0.27574985178177713,0.03385528539622384,36.4494859845375
863,107,n07,0.23474893859765775,0.03546377567852368,46.4618547897106
863,107,n08,0.25147299556904334,0.023390760224532643,48.3320707306145
863,107,n09,0.30647908513848154,0.03424420446377836,47.75971930280045
863,107,n10,0.2827216082328236,0.030576823929129023,49.186546647138165
863,107,n11,0.17051858046355917,0.02523104823321366,42.47362214936284
863,107,n12,0.1718098762647478,0.029432226480630968,35.44601650622009
863,107,n13,0.31893983200840953,0.025655632253536047,34.80781428022431
863,107,n14,0.29803838605882205,0.0341977029068027,49.710795819353194
863,107,n15,0.22555592905050503,0.03650782726353999,43.24192443360295
864,108,n00,0.26215273500231406,0.04600156635764294,47.08848306710324
864,108,n01,0.24303955587216436,0.03661644865481827,52.167655274415964
864,108,n02,0.20079671473486826,0.01907233249299947,51.36879440732858
864,108,n03,0.24483563667557204,0.04068850049547283,42.079906227232875
864,108,n04,0.2566080202851025,0.00966870954508205,44.35952234493281
864,108,n05,0.25983472211416875,0.025054750519434555,56.69002995546192
864,108,n06,0.28749537241679,0.025740351422879424,33.398155868040185
864,108,n07,0.20545498582401844,0.026004729824661,52.37582417826259
864,108,n08,0.2556145953714418,0.036349289601399756,45.35405433389621
864,108,n09,0.24418447266174362,0.03533814209137885,40.106334901802406
864,108,n10,0.26192424400995823,0.028601240123211993,37.97590843529756
864,108,n11,0.22434705030390736,0.007684915223913662,55.877085875701944
864,108,n12,0.25213571562264103,0.022546513114620387,30.689843518907075
864,108,n13,0.24404172841001268,0.04996578328378555,34.21229622610982
864,108,n14,0.2656653363989688,0.043897898414925515,50.92664224466385
865,108,n00,0.2447548413490197,0.026733211585150702,45.90209785307077
865,108,n01,0.2760442649108573,0.011203087313219538,40.29787324032191
865,108,n02,0.1593942513369398,0.025051850402058547,54.296377172583284
865,108,n03,0.23097826325840481,0.033878059000880104,46.87137008631576
865,108,n04,0.2569129698578638,0.047051609064731825,35.003317477943135
865,108,n05,0.33588913239954094,0.01908065933149738,50.98793420245006
865,108,n06,0.25742886232844076,0.05286598519539112,30.51336455613012
865,108,n07,0.15286889886993135,0.04195731896746526,50.31448085624196
865,108,n08,0.22437730399855582,0.03426543737894585,42.03553858634329
865,108,n09,0.25095674897194,0.048506177451978515,32.86299402090712
865,108,n10,0.26864208570365256,0.03653983398910485,36.58354115638288
865,108,n11,0.31094708939262716,0.020680896471172286,50.513019686147345
865,108,n12,0.24140856601408245,0.004613901600611443,35.700900478233315
865,108,n13,0.2514060901692572,0.0363436891716862,47.458460100848406
865,108,n14,0.3044689579451201,0.041793027162341276,41.88519181593241
866,108,n00,0.722355774761443,0.07125415258747507,102.3732364598183
866,108,n01,0.7753498654835986,0.0791973085626581,110.22548011195396
866,108,n02,0.7301639714557828,0.09701326983013621,104.57238359041754
866,108,n03,0.7628273741698157,0.10355505306695151,102.7212250691951
866,108,n04,0.7061458734089362,0.08543035893500606,129.0343605310573
866,108,n05,0.7939465572194615,0.07609774785643005,109.18498882852408
866,108,n06,0.8007002536196492,0.07414473916594148,107.95669342721537
866,108,n07,0.6706072394428733,0.0537947962897084,110.518355628369
866,108,n08,0.7829219229164056,0.09204548119985954,106.30072157265063
866,108,n09,0.7422807164026598,0.07797203452142518,118.52107364470079
866,108,n10,0.8410176145558793,0.08476535200973978,106.82759673957737
866,108,n11,0.759810157801392,0.08276695101111077,113.23576037448476
866,108,n12,0.6965236573852713,0.07123099602960736,104.08850471550848
866,108,n13,0.7087181741779839,0.09427182383135971,111.69137314489011
866,108,n14,0.7470887715227691,0.059576484860941255,124.46853470060515
867,108,n00,0.7059205176277695,0.0705334076736342,112.00548616081431
867,108,n01,0.7147571159839049,0.08092724487244032,115.86499306365823
867,108,n02,0.7127775202272985,0.08589379592852465,105.90793900565845
867,108,n03,0.7397496886840083,0.09468859086662043,103.87481770569806
867,108,n04,0.7714815029096693,0.07320728277246291,91.53490783903885
867,108,n05,0.6644117123763867,0.08033816931485108,111.14204480497843
867,108,n06,0.68430056036612,0.06917824338184882,107.33921808421069
867,108,n07,0.6688804829532649,0.09562897456764735,103.43910392626465
867,108,n08,0.7937186321510395,0.09444198280246673,105.00008038294739
867,108,n09,0.6036445252751346,0.08135686986578335,108.91987643850007
867,108,n10,0.733842401823224,0.09835109120361576,117.52977361491098
867,108,n11,0.8329724073733019,0.09304168166166665,104.70753817795553
867,108,n12,0.7503148007695871,0.09038284439633262,103.50362038346547
867,108,n13,0.728066853536207,0.09437404683954662,113.2647657287882
867,108,n14,0.6416031546453942,0.06545628336052164,112.73262432913873
868,108,n00,0.2834397057431314,0.0435015048906661,48.70869558130528
868,108,n01,0.17448288879088691,0.023408499608501054,43.80437977246024
868,108,n02,0.1998048339170977,0.013009031228365709,29.722646904638825
868,108,n03,0.26423701348873196,0.026349198497911203,46.52814476232231
868,108,n04,0.2761282986693823,0.02113548126217052,36.82795698807158
868,108,n05,0.25698745562891284,0.024959872045797096,42.98923195532161
868,108,n06,0.26359765626365106,0.02508750013728227,56.413132473860905
868,108,n07,0.20265105375748968,0.045356290751699294,40.163808080143134
868,108,n08,0.2632983328023879,0.016708465771797607,42.68292916107703
868,108,n09,0.26212424004295765,0.020602409052388485,51.64241457179084
868,108,n10,0.27765144361813315,0.034150173138948955,42.95946277279858
868,108,n11,0.24571612785714386,0.038107159114891,52.724428472266275
868,108,n12,0.2245811728445553,0.016460537940074307,39.422562428186865
868,108,n13,0.18883143005426084,0.03505734534417069,53.52162275164364
868,108,n14,0.2919891884082044,0.048844755611736373,54.00326709002054
869,108,n00,0.790963386051549,0.0692270129115136,114.76986652572322
869,108,n01,0.6722444226503744,0.06566120816507788,105.02252627875693
869,108,n02,0.8198660837579134,0.09346456758171848,97.11763652226819
869,108,n03,0.63032384614468,0.09333662214995961,110.51260647840259
869,108,n04,0.8256166552944354,0.0728164357640823,109.48549974453817
869,108,n05,0.7158283246978246,0.08770636969898289,100.44507612716511
869,108,n06,0.72503151375316,0.09312224102693166,119.89078329725834
869,108,n07,0.6755411867603034,0.07700211875132099,109.04734966673762
869,108,n08,0.704874187011034,0.10288371170569835,112.25456430864494
869,108,n09,0.7655120095215769,0.0911465095701016,97.52433925600302
869,108,n10,0.6552315114170114,0.08331811171682783,105.13866505959527
869,108,n11,0.670664700524991,0.07124414847283958,103.49277055207708
869,108,n12,0.692648696772276,0.07782731996308184,105.98491779154881
869,108,n13,0.7468183015299517,0.07559288104291174,113.46116925242278
869,108,n14,0.7824616099850091,0.06594002808705825,104.17933806564025
870,108,n00,0.7192213770718499,0.08940387771189708,124.64486025701711
870,108,n01,0.6529763093987153,0.08821100337402325,89.08781214962022
870,108,n02,0.7171325517827308,0.05494754122948706,104.7016961441178
870,108,n03,0.7661418476164572,0.0798766995737386,111.38370578483422
870,108,n04,0.666407885758441,0.07920645003592862,118.57701912964052
870,108,n05,0.6876299121921406,0.08393230674408517,119.32348609108458
870,108,n06,0.7329567931578075,0.08675833128874175,97.70270440866773
870,108,n07,0.7183589666153094,0.061268593109851124,109.77859306207073
870,108,n08,0.7208890031379598,0.07951993609035549,110.06891300736612
870,108,n09,0.7583022797054082,0.07097027285737442,101.84718869977677
870,108,n10,0.7549125881143227,0.09349723845123967,117.57648783260444
870,108,n11,0.755901021790939,0.08060202646650698,114.32654193081903
870,108,n12,0.7279606860895338,0.08868472614535965,95.90516351432628
870,108,n13,0.7462343195056718,0.07241975876857192,106.86057035253809
870,108,n14,0.7409855004041159,0.087958302215658,99.24132919989249
871,108,n00,0.33005201228814374,0.05851623115826629,30.322078081787552
871,108,n01,0.29024232339675643,0.041519719928417076,39.16601449729613
871,108,n02,0.20935529284615542,0.018993409787827854,47.364992379568356
871,108,n03,0.24620553305812828,0.02619679353457532,46.515886103961506
871,108,n04,0.20332407442647993,0.01969278480986246,63.71938274880703
871,108,n05,0.27168666903231936,0.042942641459907525,56.37444575956223
871,108,n06,0.18614050434467355,0.044437436381318654,57.54339763481164
871,108,n07,0.26980734017164976,0.04571740937272041,51.64357716446112
871,108,n08,0.26980881955053493,0.04162387297281885,55.95130429188264
871,108,n09,0.24538055410210094,0.031734301650032576,58.84145621418291
871,108,n10,0.2757439421362366,0.041139181858126525,38.184891155611574
871,108,n11,0.24952205728203916,0.0451941705363321,50.054825162978446
871,108,n12,0.20732897910535922,0.03876992156572176,55.03583981241536
871,108,n13,0.20758706127072757,0.026239627378159998,41.492165384486555
871,108,n14,0.2589607496101826,0.03382707338016753,58.70201059366049
872,109,n00,0.6959316646561077,0.07639969199391579,100.79026851076482
872,109,n01,0.686927693051241,0.08368485828487618,106.70980923571774
872,109,n02,0.6545687230039139,0.09073105251901184,110.08640019098297
872,109,n03,0.7011281723238497,0.10825769735280982,113.14714716091477
872,109,n04,0.7841692921758447,0.08615013134502937,101.47291860215138
872,109,n05,0.6827890506988552,0.07817131824516363,107.37149848411522
872,109,n06,0.671793170732305,0.08604462776041434,116.02672494463056
872,109,n07,0.6918833100749658,0.08226040178798392,107.96430317128645
872,109,n08,0.6896829273351928,0.09853204567517168,115.92407999716063
872,109,n09,0.7677810804810441,0.09693394493928872,109.27251049541817
872,109,n10,0.7488927051839437,0.0785656623331301,107.44000371061591
872,109,n11,0.6721996588864863,0.09503958281825842,106.65483074669085
872,109,n12,0.7628477568119552,0.09576415078295589,104.71234490282778
872,109,n13,0.7311853959048793,0.0932390653704598,115.35616479728074
872,109,n14,0.7709077959395688,0.08887555127076567,115.19753467425821
873,109,n00,0.6955969119325971,0.091096606327592,110.45734013869007
873,109,n01,0.6973993322826038,0.0839529759120997,109.46385005494456
873,109,n02,0.7003000505293249,0.07788701310209296,127.51400296709343
873,109,n03,0.7047225530490722,0.0750595839384447,111.68368349249391
873,109,n04,0.7028796655337056,0.05686021372731814,113.47546854132082
873,109,n05,0.753066511342766,0.08509696542962776,104.69485599161284
873,109,n06,0.7312894043328135,0.08233915184892134,109.19751630493833
873,109,n07,0.7483806428863731,0.07603231080285434,109.47890350663228
873,109,n08,0.6190191278333971,0.07028039026155472,107.7050578578481
873,109,n09,0.7806017297171892,0.07784464842206291,92.216951750551
873,109,n10,0.7714088863494631,0.07744643095007597,102.4152672081273
873,109,n11,0.6637124432050203,0.08878651927260828,103.78706676032125
873,109,n12,0.7420488507152578,0.07840558629450109,112.7856666873474
873,109,n13,0.7608263890900586,0.0758401102965324,96.30974680981124
873,109,n14,0.7034588445076535,0.07504399496923038,116.17204100921798
874,109,n00,0.23013972663766155,0.02649051048789929,54.616850068936465
874,109,n01,0.22604815035869075,0.04553063020552402,46.4159596514409
874,109,n02,0.2857166540593239,0.02885890286991943,33.555208987736115
874,109,n03,0.2381537001843782,0.044738111813684645,37.07809562232092
874,109,n04,0.24467057241579593,0.02661870324738778,25.439775332154003
874,109,n05,0.20189208459054814,0.028146623622910604,48.627483396826385
874,109,n06,0.22529623700924648,0.020275698620924994,39.165533493033614
874,109,n07,0.31323105768438686,0.01093152560402268,32.5057562950799
874,109,n08,0.20638797739826636,0.030343914071078382,31.8457247969936
874,109,n09,0.2614957735362472,0.029390344674650088,45.33724596463896
874,109,n10,0.23478950855000233,0.014569585073372403,52.095789432162626
874,109,n11,0.265704699351162,0.03153040599275302,46.573747169825225
874,109,n12,0.23726072748419655,0.03510053033454247,47.31702165653703
874,109,n13,0.2737836440162145,0.025423593291216767,49.00778602479455
874,109,n14,0.23967627895257582,0.030304850206091912,43.67473433529783
875,109,n00,0.2193087530750276,0.03834343501639376,45.94614140695147
875,109,n01,0.2551170073771953,0.0453723818558137,56.62420462818517
875,109,n02,0.23252017985655493,0.0220443590972275,46.36320359060074
875,109,n03,0.28338083219019594,0.021636534841668338,40.68035228354248
875,109,n04,0.24803455475053987,0.02117338882061664,43.90639995387634
875,109,n05,0.2048634473599899,0.019326264093547645,44.296020466827414
875,109,n06,0.266982764459221,0.04159258825198489,32.776255840938944
875,109,n07,0.275615038343461,0.037861555178542686,37.30245128138848
875,109,n08,0.2824311718020169,0.011581569339340632,42.12237859613908
875,109,n09,0.2380316830392876,0.019828032495669515,45.68014495274438
875,109,n10,0.24576018663733748,0.02853903943271543,36.31528330181826
875,109,n11,0.1791536787252913,0.03646968556565866,41.745692283756284
875,109,n12,0.2229295377153721,0.0,45.59230534380164
875,109,n13,0.28856222699334366,0.027816954342230166,48.55679186977401
875,109,n14,0.1687130819387292,0.028858882637862147,56.391684959152606
876,109,n00,0.2693961042855052,0.03126317045416116,44.90187041388363
876,109,n01,0.28482781911965427,0.025586862489300893,46.09345011432767
876,109,n02,0.25941413089739496,0.042674144105420794,57.712336062782626
876,109,n03,0.26689110716830444,0.019159708397720895,45.163607033485775
876,109,n04,0.25521936530111244,0.031127222237815864,35.81421522191574
876,109,n05,0.31699677640287266,0.0253932080855326,33.27506813524934
876,109,n06,0.23767282918960628,0.017917492219182915,48.435053117392115
876,109,n07,0.24257453819937952,0.046405573216585276,53.50372533481978
876,109,n08,0.18428485677610712,0.02940930861080979,52.366568820267446
876,109,n09,0.31441670345876915,0.02220843865665167,61.642332103151745
876,109,n10,0.2528509121892495,0.03031529677787264,34.3917437107621
876,109,n11,0.25938543485749543,0.02492905672594393,30.182492650219366
876,109,n12,0.28960066817852,0.06557133455505211,42.15835011068616
876,109,n13,0.215794829354835,0.020851796035704747,33.582318872084045
876,109,n14,0.330809740798465,0.013421959837784471,34.07949250296039
877,109,n00,0.2758691792371652,0.040788114095455734,48.43149071288977
877,109,n01,0.3273210706195202,0.011909170197253204,44.286668354504364
877,109,n02,0.298578465352201,0.03726011618362697,43.666169020327985
877,109,n03,0.301476596659825,0.01053893465027524,49.34929905820755
877,109,n04,0.2690630555716004,0.024542364081093566,59.18507727328894
877,109,n05,0.2801364291636426,0.024650520589261867,48.49820415244643
877,109,n06,0.1670374906455728,0.0170858532870488,54.62129153383441
877,109,n07,0.2536469761896829,0.01256734999862217,39.0413560499264
877,109,n08,0.24567647586301142,0.031112199916916366,46.8608614354895
877,109,n09,0.2859511953610575,0.0336812401584224,51.02819717219117
877,109,n10,0.29936304842078293,0.01812181748743109,31.28817474299212
877,109,n11,0.24662803666951352,0.020236561494706252,40.1421115793118
877,109,n12,0.32022342160268025,0.027847536124021348,34.44297162036225
877,109,n13,0.24550427993881946,0.03526227500482236,61.020010834275354
877,109,n14,0.24073278659973696,0.038036524671701585,43.15285550553945
878,109,n00,0.2519623135538764,0.02681302397977914,51.331030703096914
878,109,n01,0.2267016009197636,0.0071541401395396505,30.11949560216447
878,109,n02,0.30103342170389125,0.03188865703735001,38.49737650314926
878,109,n03,0.24892952307495525,0.026091678041019497,34.723107216657915
878,109,n04,0.2334303029332529,0.0324899446947623,40.99131357984466
878,109,n05,0.26433756639959666,0.037284468890518764,40.17999157606916
878,109,n06,0.2459843706379788,0.03201602056783901,47.712600968656915
878,109,n07,0.319262008531683,0.02393616194389348,47.37042983285706
878,109,n08,0.2664908789618792,0.035084345096493455,41.79647867852337
878,109,n09,0.27023889395818473,0.01971075338415033,42.07442360190791
878,109,n10,0.26370009023285523,0.051133591075407506,48.982465991251935
878,109,n11,0.28903506081032976,0.05128515709303812,38.101720428103384
878,109,n12,0.19522681080143867,0.017924261654181137,50.98357755371947
878,109,n13,0.21796287467118147,0.03408256203201219,42.220241589346394
878,109,n14,0.21437897687754107,0.015929101871018363,40.117821745672316
879,109,n00,0.27039372196869416,0.03706472998209855,39.91009176756511
879,109,n01,0.287558069165099,0.042533662911811806,36.21005625303907
879,109,n02,0.15521287147011303,0.010986821233656179,55.8060781160749
879,109,n03,0.2648833897538431,0.02602582670372435,35.82956595432293
879,109,n04,0.18535620268664904,0.033845338309219875,35.90680708654836
879,109,n05,0.25328716094038933,0.03722870994823672,61.09065404710517
879,109,n06,0.2163927085511021,0.018188253439375024,49.44884290129679
879,109,n07,0.20150930515015883,0.016036595979946073,44.70022587054836
879,109,n08,0.2010700521725229,0.029595753493498914,34.102751715013085
879,109,n09,0.26723797531303706,0.042252439639560845,42.57824464048752
879,109,n10,0.294060441620308,0.02951367177787551,43.63836356600925
879,109,n11,0.256188307549943,0.027953764741109315,48.076298020637516
879,109,n12,0.2788787915760445,0.02810203893998064,63.58200026492996
879,109,n13,0.27906833133978043,0.018515615236842937,41.54019752421546
879,109,n14,0.2855547698650302,0.01721979290344322,35.8601632823048
880,110,n00,0.2522921921518991,0.03689144081096233,53.10194699425144
880,110,n01,0.21472613677931637,0.0,36.92307733992517
880,110,n02,0.2623496808044463,0.024587661344989475,35.705427130034046
880,110,n03,0.2288168734451657,0.013156775319636955,46.576697408685504
880,110,n04,0.3455496558635769,0.04196003134811746,22.479964866242486
880,110,n05,0.30305021499927465,0.030933635631161017,51.08251518414659
880,110,n06,0.2547537547817022,0.03214094274330362,28.52327146738277
880,110,n07,0.23870339712225547,0.042046448472834286,47.957543621339894
880,110,n08,0.18692970373045276,0.0390979708011824,60.02270490605895
880,110,n09,0.2746019312265363,0.04891173386832277,43.85589118828672
880,110,n10,0.3010448754886144,0.025117301011538643,53.05728219927988
880,110,n11,0.2666593647663905,0.014719581493081703,56.45431537361835
880,110,n12,0.2982300428202806,0.022123042129274382,47.783471646714275
880,110,n13,0.24040258876599452,0.036836924477769824,40.52446071882594
880,110,n14,0.27807067981885547,0.03308800055648722,44.42769497587533
880,110,n15,0.2106493373854312,0.028297148464104863,55.07714827816171
880,110,n16,0.3251783560954747,0.045215764128571694,50.29111170770233
881,110,n00,0.25658040176571534,0.04411927164994683,43.80253025010569
881,110,n01,0.24593379297885984,0.03705810445770064,42.67498851820598
881,110,n02,0.24763614285588537,0.02846086640882915,48.47572109160874
881,110,n03,0.269882586209201,0.02756716967121401,51.54313235909887
881,110,n04,0.3108429638412877,0.02201135462560725,40.30824396314108
881,110,n05,0.31013154056116654,0.01812679820356266,37.45020378212319
881,110,n06,0.2353557010812345,0.04199543394695775,45.75817387808172
881,110,n07,0.3284529656943055,0.027128927363125804,38.87395784266458
881,110,n08,0.2413353601217716,0.04651805824538875,46.67737585837298
881,110,n09,0.25402696422810234,0.010685016314003586,33.91392746094276
881,110,n10,0.25646436102850045,0.02992453656836688,42.4062218907348
881,110,n11,0.2977904846216136,0.030440817410104074,53.336059931875624
881,110,n12,0.302953133259275,0.033733561982620806,34.21857452444732
881,110,n13,0.2621232864833791,0.03164672422170421,42.81468339411436
881,110,n14,0.2526991232424327,0.02614336238637597,36.84975870689281
881,110,n15,0.3159609503583372,0.021369802196059814,33.30792833375683
881,110,n16,0.24315082193395754,0.04171514640577133,30.460343625247795
882,110,n00,0.7260809017841469,0.08492247374993514,104.08934690164438
882,110,n01,0.7387910951162392,0.08194422069517784,117.7995300308499
882,110,n02,0.7208665814796706,0.08451593904514518,109.68178082792468
882,110,n03,0.6466159211789644,0.0816289270417275,117.59993444369822
882,110,n04,0.6506138980631285,0.08462584688119595,121.90239679597444
882,110,n05,0.7558307007966322,0.07063884747990089,106.61298628168605
882,110,n06,0.6128794390419146,0.09352071469059224,113.89970451892023
882,110,n07,0.7327397466858895,0.0689860348666996,122.01561248826698
882,110,n08,0.7857199116333382,0.0767761711052165,118.33053116264675
882,110,n09,0.6524974665092503,0.07613338237861118,97.28265523909707
882,110,n10,0.77277594041424,0.08712391924123318,104.24847045005534
882,110,n11,0.7202304821821763,0.07659750276686055,109.14650502076731
882,110,n12,0.736951114649659,0.08087419623649543,102.81491293974457
882,110,n13,0.7091888793477814,0.1174222846644167,117.07841485785764
882,110,n14,0.7210404889069445,0.08017228088676917,101.66881655818639
882,110,n15,0.7375915021456703,0.08702627206048397,115.64264260438948
882,110,n16,0.7146594414921822,0.0785785895519215,113.72307494078136
883,110,n00,0.7289419605976223,0.07554031476739456,92.61630779562284
883,110,n01,0.7523986695506191,0.08601621338606714,93.53760476672763
883,110,n02,0.6683928296337879,0.09355556228660872,102.99222510583867
883,110,n03,0.6783579778938157,0.09773221457036194,109.33661005199774
883,110,n04,0.7509867854743811,0.07942506996710597,107.35071833795425
883,110,n05,0.6924335615325135,0.07663682573413613,111.18445937847153
883,110,n06,0.6685502163944568,0.08246347894185108,124.01043956677753
883,110,n07,0.7184045601701893,0.0556879383315933,114.51587432512702
883,110,n08,0.6100272147990466,0.09004501286320094,101.61991909370848
883,110,n09,0.6579471602459437,0.05873034900440492,110.09603604647202
883,110,n10,0.720645949329841,0.08029691133248647,106.60491402045932
883,110,n11,0.7980908860462196,0.06337976835863221,102.53005056730291
883,110,n12,0.6499052537423166,0.08295483659996734,117.59343700167835
883,110,n13,0.6856877476960835,0.10279087450172497,108.25057225786287
883,110,n14,0.7781572189564224,0.06973792621662693,117.63081508569306
883,110,n15,0.7839575430116411,0.08726343407809103,112.12013099925704
883,110,n16,0.7091001176818678,0.07574400016993806,109.52430098931688
884,110,n00,0.17569825652658094,0.04482478069882279,52.08017308470791
884,110,n01,0.25633218561769133,0.048673793622513895,37.21464294698744
884,110,n02,0.3159134461450843,0.02807369983145183,49.450044253303126
884,110,n03,0.2531578739978495,0.023011186914918193,39.24204606385253
884,110,n04,0.2984067433533537,0.012126084389710304,45.25934015483786
884,110,n05,0.27315008635550575,0.019064348081907392,36.856468249802255
884,110,n06,0.2675119374844171,0.06673801027310092,50.83116937589093
884,110,n07,0.32064757405590455,0.03226481970784034,62.41830930530446
884,110,n08,0.21664125374979154,0.02139736639476854,56.57104435088587
884,110,n09,0.2269764337067614,0.026958526362969002,52.520156501233615
884,110,n10,0.18194926749857676,0.01902495214702904,51.181607054852726
884,110,n11,0.2710224080213637,0.013831657731085086,44.84116955468036
884,110,n12,0.27343940471983835,0.023174119961882938,40.13597236971623
884,110,n13,0.2742607753941488,0.014045193656792642,43.54312635717198
884,110,n14,0.24148440077315791,0.01781859929230771,53.148175644820114
884,110,n15,0.2452063500293335,0.02491539221677701,60.94882720817017
884,110,n16,0.34132685379523187,0.0015771826699726502,36.554783614508786
885,110,n00,0.815529928975851,0.042202910802724855,114.20678681645987
885,110,n01,0.7015841848288061,0.06733613182287108,106.90674188339035
885,110,n02,0.697071354786742,0.0688878920238133,121.60914334589891
885,110,n03,0.7129300014158463,0.09813890898091648,107.56699009187415
885,110,n04,0.7343810230384014,0.06917444548548887,100.20882516177204
885,110,n05,0.7202565186284423,0.0855257551375271,96.67818826682081
885,110,n06,0.6485081884203141,0.06694119615871252,111.85159669768314
885,110,n07,0.6922627109929983,0.07147007965997439,107.40143546426177
885,110,n08,0.743646542019102,0.09636792121843622,105.63355030060129
885,110,n09,0.7832243796396338,0.0887517078026321,107.70667894715538
885,110,n10,0.6919965874593302,0.09318063763346474,113.18615254717773
885,110,n11,0.6353974429194612,0.05610958730923884,107.73880554765373
885,110,n12,0.7079034194294473,0.05730652324372787,101.29687390429785
885,110,n13,0.7466150686155798,0.07034293666391059,111.22156214353359
885,110,n14,0.6876654617047017,0.08227072571542914,116.11241811409185
885,110,n15,0.6950256720963688,0.06372072138948587,118.86432685867794
885,110,n16,0.718134928039283,0.06214226189186817,116.30039531399308
886,110,n00,0.2036941523520104,0.03518990741641886,52.47346502831781
886,110,n01,0.29059889457569515,0.04520050395264043,37.05127195490169
886,110,n02,0.27276463349921537,0.030894020916219123,44.79345262684755
886,110,n03,0.2338066797186817,0.02525076143767568,61.87269179123113
886,110,n04,0.22900015852995734,0.030785918015103945,41.88228499092738
886,110,n05,0.2627524541231215,0.05073997856267332,27.356993170911213
886,110,n06,0.27664091782673284,0.03240566247538758,16.86217208381801
886,110,n07,0.3075702655440247,0.04240908755227837,51.86890753862729
886,110,n08,0.22207695044385253,0.027898537825476518,64.1404509580849
886,110,n09,0.27417796984425835,0.027178649134398294,39.537655783381915
886,110,n10,0.2300730698145883,0.044092893579030915,43.2946125579981
886,110,n11,0.23142543969921586,0.015861009161742476,46.04822860238446
886,110,n12,0.23403554625699166,0.042126589624275554,45.14852511273114
886,110,n13,0.2602463706615503,0.026631089246208727,48.714615993107486
886,110,n14,0.2536443013445213,0.020862907762994973,44.100072570030456
886,110,n15,0.2943699634671119,0.04296861349402053,46.77954129475049
886,110,n16,0.27389165001858296,0.05522579322324257,33.28370070352325
887,110,n00,0.2554406181684924,0.035225910370579656,35.00178592203969
887,110,n01,0.35697968552253834,0.027783895486183405,36.85401381475567
887,110,n02,0.22924148719866744,0.029319567942335752,58.36452380032349
887,110,n03,0.2394435137279204,0.004483746178378659,37.85614220499707
887,110,n04,0.18579781981833496,0.05396285603654309,44.32350771935122
887,110,n05,0.3023346837956428,0.03668297216362375,46.094819401618935
887,110,n06,0.3192624386164273,0.022360489654627627,38.75505476057483
887,110,n07,0.3080158422777142,0.02021225153292673,41.01060910633283
887,110,n08,0.2426212152127425,0.030477382991093302,45.00912052139152
887,110,n09,0.25751776667298215,0.025698076755317607,60.833258904679575
887,110,n10,0.26138762394718973,0.029132752778717817,41.43946376522222
887,110,n11,0.12870636665679186,0.016273616424892258,37.90198155036511
887,110,n12,0.29792920895570096,0.03741569934369943,52.26249114894554
887,110,n13,0.22314157509602223,0.02692460897380154,59.722825329188915
887,110,n14,0.29577657136171526,0.0174587326570321,39.863246995360846
887,110,n15,0.17824930405322645,0.039902102812865256,53.77372672568613
887,110,n16,0.2406596054666862,0.026881193157240704,39.93762085123393
888,111,n00,0.6310385912184184,0.08204285821791359,111.77071777051455
888,111,n01,0.680256443079932,0.09018342982197253,106.42135110378281
888,111,n02,0.7387210442366523,0.07490699291729087,106.23626677341116
888,111,n03,0.6506327191825638,0.07661496572290237,109.02031717429065
888,111,n04,0.699885251760413,0.08057419741888307,98.80282782922062
888,111,n05,0.6602232475614296,0.07965973927117684,126.40101556757796
888,111,n06,0.7058313335256965,0.0729010209068599,110.58010055354106
888,111,n07,0.7493113645152721,0.0694594076309999,106.92878066134521
888,111,n08,0.6626294865169989,0.06783299453459964,114.69862273657795
888,111,n09,0.7184848609387608,0.0721928571198076,108.51998151751543
888,111,n10,0.7531948904241991,0.07143077987668467,118.18661588310405
888,111,n11,0.7833782380980066,0.07955609104512172,105.27148487023297
888,111,n12,0.7657779457619721,0.05451988459928808,109.11146197881148
888,111,n13,0.7316415349455947,0.09677628923360805,122.96608336380781
888,111,n14,0.7502778295909417,0.07485747358932701,114.33903172957537
889,111,n00,0.24683683580411045,0.0408074324731068,53.68788951532488
889,111,n01,0.2641425465002222,0.04095961882407008,58.38566676023561
889,111,n02,0.3077497653358811,0.024617443150196733,64.8818684898313
889,111,n03,0.2615231032427397,0.02271705840342949,41.38346711621386
889,111,n04,0.2417073626549367,0.01987714866804431,55.13652218773978
889,111,n05,0.26812833000187675,0.024072542308414546,42.59372192423035
889,111,n06,0.24390463433906967,0.02333360612736919,38.739862325647536
889,111,n07,0.33544067354646795,0.030564721280531434,48.326205050052295
889,111,n08,0.21681113518098927,0.029649138940748113,35.69007686140036
889,111,n09,0.22724518119641812,0.03047537904201027,39.476704473811026
889,111,n10,0.23163736991387973,0.027244070676829303,60.43469633436844
889,111,n11,0.20019043259417174,0.013269371270421087,43.58707761215841
889,111,n12,0.32311366629096194,0.025298824138654155,45.73011437518725
889,111,n13,0.30557499166291074,0.03250231728966913,45.30763834292661
889,111,n14,0.16508026934777767,0.03167267762796105,44.13220679524038
890,111,n00,0.7155775225498165,0.06935266528015155,109.1228331613609
890,111,n01,0.6671684930648708,0.07407338170282927,114.82805425653716
890,111,n02,0.7031902597900892,0.07211097819985844,124.24844772508007
890,111,n03,0.7267871154530142,0.06628460359193444,115.56629998979031
890,111,n04,0.7040939056085678,0.07492836843664835,101.35739049229022
890,111,n05,0.7164553073793666,0.067152379471728,117.03957414351942
890,111,n06,0.6454120044928793,0.08012317449993249,98.29446843404794
890,111,n07,0.7413140845340647,0.10606110114336295,98.32953594323392
890,111,n08,0.6824760810853615,0.08479958114907335,105.7290839547662
890,111,n09,0.6713395008800006,0.058561604441889153,139.5142470811824
890,111,n10,0.6940533677874768,0.08054032572350452,124.41665229951259
890,111,n11,0.7040320401297812,0.07223404246674761,121.39415498753598
890,111,n12,0.6791852719985549,0.07995684807182284,114.61092380139553
890,111,n13,0.7834755946126862,0.08065565307568266,116.98782916849785
890,111,n14,0.775307088724444,0.10166745989924567,108.95458732301641
891,111,n00,0.7249275055743611,0.06468839507311341,124.77557141760141
891,111,n01,0.7105810315331478,0.08692926966917809,130.3659048340839
891,111,n02,0.7762332828693395,0.08824640832840405,108.98796263199962
891,111,n03,0.7226093887229013,0.07092615154793906,109.7564322900929
891,111,n04,0.721991239378074,0.08066823846429813,97.01895684632507
891,111,n05,0.7394973859315727,0.06163754630665818,110.00083996288946
891,111,n06,0.6832231293554399,0.06526531281339132,114.49754121247261
891,111,n07,0.7390795479638589,0.07667933189746293,114.20567243539985
891,111,n08,0.6754349950454406,0.09508340165341542,118.47776566410127
891,111,n09,0.7290669921770337,0.07187703941737379,91.96153465307592
891,111,n10,0.756640230143571,0.11423941566958991,99.65439728549137
891,111,n11,0.729633746192305,0.09015574824108445,102.9816160155045
891,111,n12,0.6832673375658425,0.08213581455065448,119.85704584676057
891,111,n13,0.7589174066629417,0.0945585797418759,100.68418340059623
891,111,n14,0.6396021864350089,0.06728397541850356,116.95037845463307
892,111,n00,0.2737436044190362,0.018324175965180295,40.78693509950273
892,111,n01,0.2888893377353607,0.021978464101991953,32.80447940434641
892,111,n02,0.28926164081229455,0.03574116931665897,42.69806598211869
892,111,n03,0.17937729154324644,0.019382648590679313,52.18286688071507
892,111,n04,0.2301944883510971,0.03569897096592382,50.92718561799784
892,111,n05,0.3155504990092934,0.027775488035180474,39.44224578511099
892,111,n06,0.24421346207738465,0.02156895720502955,37.2388273332659
892,111,n07,0.28577170030145504,0.05404886511141939,42.375360587926444
892,111,n08,0.2963137960459646,0.05341966277504273,45.45366455633422
892,111,n09,0.25255416248578766,0.02702067530293845,44.19099873202657
892,111,n10,0.23905450497130332,0.01248947847211795,57.489896208913976
892,111,n11,0.2668262430325563,0.015180768113678694,53.63569591104851
892,111,n12,0.22454335501791378,0.016681467505617047,33.86814390658853
892,111,n13,0.3202749920663608,0.008962222479050402,39.058837329501735
892,111,n14,0.15889045648838454,0.024619397665120814,40.42180801283153
893,111,n00,0.694841082935998,0.08770628633727144,120.04247700710516
893,111,n01,0.7454361469755505,0.08704468416089611,111.73730689264237
893,111,n02,0.6620281224603767,0.0843295827911616,108.02253409660705
893,111,n03,0.7444798293831547,0.06994233574463196,99.97452907759757
893,111,n04,0.7384073878179109,0.08318114654784779,114.71151189004007
893,111,n05,0.6631657583094331,0.08367159907346813,104.52227220991884
893,111,n06,0.7328268626771017,0.07936347755046487,105.38285053020834
893,111,n07,0.7525538935094743,0.07494394070273035,101.18191158928555
893,111,n08,0.776181933131404,0.07047850347629356,111.2693547301019
893,111,n09,0.6954946396627197,0.07758385921975557,115.24342445731087
893,111,n10,0.745180520215451,0.08659495943908511,111.96086806846695
893,111,n11,0.713515421934726,0.09276034434561221,107.55987348014222
893,111,n12,0.7615902231065443,0.06327755526543996,108.04190695976317
893,111,n13,0.6541516194546717,0.09000823970345648,109.89785581829881
893,111,n14,0.7910168818446506,0.06716821521593584,116.8314078004424
894,111,n00,0.32490281783583885,0.04186213046896734,41.67164267686642
894,111,n01,0.27581893090252135,0.03384589415046872,34.694579792721434
894,111,n02,0.21477410413058726,0.02983300501592994,44.57154272757117
894,111,n03,0.2736341486859003,0.04622989213224958,48.864818241199316
894,111,n04,0.20329796052669136,0.008122298353792103,50.19848972826132
894,111,n05,0.33435956807379313,0.037131533383431656,38.14781394906758
894,111,n06,0.1907948604228929,0.05206335271654562,53.61909138260932
894,111,n07,0.23344912589384326,0.027332166590910582,51.71496018624072
894,111,n08,0.32513539438357225,0.027214957982839946,36.326986084287796
894,111,n09,0.2076060375751016,0.03629728126562289,53.900427733679024
894,111,n10,0.271865286306494,0.024631780224359915,47.468452139026255
894,111,n11,0.36547687377269594,0.03784576262657083,54.80201865967931
894,111,n12,0.20731189779469694,0.03154039381286658,40.60530375225068
894,111,n13,0.3199790176577606,0.013529128497051068,35.536396936446245
894,111,n14,0.30593218092732777,0.024137520756235785,42.36251438005618
895,111,n00,0.6786340560462069,0.08085115074502632,107.97114203602695
895,111,n01,0.7073964080622861,0.09462235826112582,106.34297603238332
895,111,n02,0.8016935872889281,0.06783689313032107,115.6845738361286
895,111,n03,0.7339385992962174,0.08071672954823661,103.27425939053795
895,111,n04,0.7265239962082531,0.07311344802166463,111.37005772720403
895,111,n05,0.6610974909121746,0.09792831546004133,106.72808296327192
895,111,n06,0.7733853477529026,0.07953589491653608,118.3825790512088
895,111,n07,0.6825628013089658,0.08900048592213441,108.13465838851685
895,111,n08,0.6583891770798197,0.08532268206528715,108.41873383521728
895,111,n09,0.7045851104198779,0.09121474748161106,114.39188656195404
895,111,n10,0.7516545421767706,0.08749788688515103,108.35931301619632
895,111,n11,0.6385092967428756,0.083886259689991,113.21145188957036
895,111,n12,0.7865537487261475,0.09085451158005696,109.85039761083505
895,111,n13,0.7398859621518109,0.05399162307926175,109.11109710491772
895,111,n14,0.6868260474079065,0.07083398032290401,93.51992152594862
896,112,n00,0.7095507043744772,0.09039848905082153,111.04814997779255
896,112,n01,0.8049663798984773,0.08425374355502005,115.1734089018913
896,112,n02,0.8665700221049921,0.08363305831910953,111.20881898186298
896,112,n03,0.7019118737373855,0.11785551928906345,112.10015410046849
896,112,n04,0.7102067044742275,0.0988062352006692,94.09756922079993
896,112,n05,0.7633460188847617,0.07640879244901785,100.14027576381181
896,112,n06,0.6865602572020332,0.07580344830144094,105.24833334565582
896,112,n07,0.7390503356067948,0.08743296019397744,119.63246196342325
896,112,n08,0.7254916104749737,0.0776174241345089,104.0853383391846
896,112,n09,0.7038885894966985,0.09016060988870554,105.91477377169423
896,112,n10,0.6608692439771715,0.0730412556437903,103.77393514174241
896,112,n11,0.6434624111439711,0.08210033472226229,115.93951533973198
896,112,n12,0.768209852944922,0.08371046381120907,120.33828817317928
896,112,n13,0.6995062759199038,0.07736586555674245,97.2578425506398
896,112,n14,0.7478176913694355,0.10628950542450077,103.58718956602314
897,112,n00,0.7614780625959715,0.09529246284580917,110.67794284469218
897,112,n01,0.8501860856145383,0.0730884956792064,103.91923603558531
897,112,n02,0.7618441193158569,0.08624545838783407,109.39909410123396
897,112,n03,0.6550108137016816,0.07580249953387022,105.54949294838198
897,112,n04,0.6831031172625301,0.06800845277308071,109.80618540421435
897,112,n05,0.7138987957081669,0.07374668212718914,110.12694965395173
897,112,n06,0.6643158777389138,0.055415816531396794,112.097000147421
897,112,n07,0.6920880037093545,0.08900394763906365,100.37480591304654
897,112,n08,0.7284019486805784,0.06199108144305954,108.52439248751257
897,112,n09,0.647078482279141,0.11546864878105129,119.04916061715616
897,112,n10,0.7193924605913559,0.09402066962079686,109.33123376416526
897,112,n11,0.7453837433016439,0.07991051155727848,120.99613983238773
897,112,n12,0.6813016585323012,0.09543519302002146,104.59422679308433
897,112,n13,0.7832462191801558,0.08813140133050716,97.73123212018176
897,112,n14,0.7915343026536343,0.0760460596061813,103.19975309515245
898,112,n00,0.32107853077360005,0.02745964458428809,42.668581743261164
898,112,n01,0.3139954379403103,0.028775416779137288,53.11415633896499
898,112,n02,0.20999427526942668,0.00529755131152726,52.43066782368125
898,112,n03,0.16014041066705237,0.04274275408460804,55.76584434404556
898,112,n04,0.23626429478387742,0.015486053500844697,56.74844111642427
898,112,n05,0.2182531492162914,0.046579326010319055,49.14368358371886
898,112,n06,0.3209643996289428,0.020322315369836624,56.05380345661517
898,112,n07,0.2513262618966015,0.046011411324961574,42.858200235950164
898,112,n08,0.18367863904979564,0.015026542624177613,41.94667142416844
898,112,n09,0.30845440537148927,0.052093821966058405,49.21892248862718
898,112,n10,0.2358882916586335,0.028031677841555577,42.20561615132692
898,112,n11,0.31300302782203604,0.017839811600115225,27.526322625755427
898,112,n12,0.2218680977264415,0.024147148777888046,60.275191217150805
898,112,n13,0.19022362003242416,0.025734553361081405,38.23417743946245
898,112,n14,0.27793498674472206,0.03884445237340949,35.64823443194834
899,112,n00,0.7017595607940802,0.08386993038414424,104.85589328871156
899,112,n01,0.7440820389443084,0.08711117862144725,111.59954702828965
899,112,n02,0.6255066460917758,0.07353124309375587,107.56214020092871
899,112,n03,0.6872005735341838,0.08388778346179247,111.27700777367839
899,112,n04,0.7039593414214927,0.04919195793866788,125.44875166862349
899,112,n05,0.675952934766926,0.09290521651633338,116.07659872805914
899,112,n06,0.736226456775867,0.10508802540855887,107.8117272465554
899,112,n07,0.6919148633392299,0.0821757320282364,117.6595116339247
899,112,n08,0.6635137410705452,0.07195115070331287,103.39394767240992
899,112,n09,0.7772829645846883,0.09163828805086424,103.64094324296514
899,112,n10,0.7548464322747115,0.08300959422543165,107.42753877886392
899,112,n11,0.7524077954012734,0.07195054143247676,100.93578258056188
899,112,n12,0.7346124123356955,0.08935221263620405,89.19676894372975
899,112,n13,0.8430116055440122,0.09070295260380308,102.94185006458139
899,112,n14,0.7236182311495756,0.085359435911018,102.00804521763386
900,112,n00,0.7689009690409495,0.09496314717413835,118.96943034277831
900,112,n01,0.6831636945754892,0.08648788585064128,104.77953544280838
900,112,n02,0.703853468158273,0.06759859582164812,104.85614293515707
900,112,n03,0.7510346184777557,0.06765080226857294,110.59867896675588
900,112,n04,0.7397427302811562,0.09260523599344321,105.14123825967567
900,112,n05,0.7095099765689296,0.06984315772909064,106.19185768379856
900,112,n06,0.7167980799416146,0.09150524465061753,109.86500827063833
900,112,n07,0.6842715670359004,0.06322387437564032,107.30823148226622
900,112,n08,0.7109385602067918,0.08651108492888628,98.23506621440359
900,112,n09,0.6918984471366223,0.07732452037619247,88.88262756070604
900,112,n10,0.7621544820052261,0.061142947022608266,105.33846451232561
900,112,n11,0.7174110575351438,0.0759848407568055,118.84872416974896
900,112,n12,0.7574961743154143,0.06987981765749271,117.02398926660875
900,112,n13,0.6735155198654617,0.06812029321501685,103.94189539560088
900,112,n14,0.6619534950553332,0.07931061405666022,101.4465468637692
901,112,n00,0.6410449458562804,0.09080113095703461,107.92736696663135
901,112,n01,0.7189828191253576,0.07518853810243885,116.51704160735808
901,112,n02,0.674314856595918,0.08308420027567272,111.80755675420875
901,112,n03,0.713606310289671,0.10525058800516972,115.02311484265076
901,112,n04,0.7894380026570488,0.06648224965212553,107.07686306462242
901,112,n05,0.7042581636437797,0.07067414094297265,100.8979211113166
901,112,n06,0.6682502678853429,0.08222168010643763,109.49967404921284
901,112,n07,0.6703366351504606,0.07335289473130559,115.07580745192145
901,112,n08,0.6704495799282956,0.1227003018960344,117.05099359110396
901,112,n09,0.6333709597640248,0.07759354221121419,104.48979432075066
901,112,n10,0.6852470316835961,0.06882702371025787,95.28132274441433
901,112,n11,0.7226806061155575,0.10578369653355071,114.69827087253125
901,112,n12,0.7797007878671885,0.08014612182378231,107.81674294665524
901,112,n13,0.677237092197429,0.09228109543409989,114.0700956621716
901,112,n14,0.6639393645678866,0.10541556752734661,104.20482529246232
902,112,n00,0.7512825542640147,0.06745626281513836,111.781884533229
902,112,n01,0.7332856074862917,0.07748203818612251,103.42835922575976
902,112,n02,0.7548719204028298,0.09146183014575557,116.55362588939089
902,112,n03,0.7206512997040881,0.0857457785245648,121.06757867547798
902,112,n04,0.7151444406323634,0.0598039149226353,118.31764930721215
902,112,n05,0.6887392077561466,0.07778966634580803,112.08133698243708
902,112,n06,0.7504947270239825,0.08651165328384387,124.51151666783923
902,112,n07,0.6350740936748064,0.09221156129839868,104.85522415132492
902,112,n08,0.7180460284403629,0.07801228893826133,90.05029306803522
902,112,n09,0.6738267052622531,0.08009310874299329,111.72526912654125
902,112,n10,0.696167835924269,0.07462407587316487,105.80498563177457
902,112,n11,0.5959773287889446,0.08075083662642867,108.00368553094451
902,112,n12,0.6464387710628028,0.08901228499048414,120.33420403775214
902,112,n13,0.7774393035415561,0.08325142289803082,106.58948626008873
902,112,n14,0.6854487184090418,0.07198173817963892,107.75836688009197
903,112,n00,0.27029524856987575,0.00761344719902525,35.39335573679357
903,112,n01,0.2994549047103363,0.023561141678650862,48.826361362016286
903,112,n02,0.20211856153978708,0.047138751352490044,35.17300626926476
903,112,n03,0.20479075030246657,0.02857004212204299,52.76721092329029
903,112,n04,0.2535195057735724,0.023643088575613595,41.53604346796683
903,112,n05,0.26390239795429943,0.03435811436193372,48.64318990228806
903,112,n06,0.24294289252241671,0.02579239997653102,43.97328838892723
903,112,n07,0.2317983694949929,0.05895891104346784,60.892828801706955
903,112,n08,0.2331015124122454,0.030191165074144037,50.848666569995814
903,112,n09,0.25109229588895987,0.005982411302018563,42.49680359981355
903,112,n10,0.24925935945923866,0.022918978319230496,34.10822079115396
903,112,n11,0.2744748753016356,0.042354691642476246,50.46593777606328
903,112,n12,0.3300181597128166,0.033986543721402196,41.88835971324657
903,112,n13,0.3092188734345464,0.023734319848107796,45.877092305909926
903,112,n14,0.2823303967145874,0.028027312166467522,58.21555710764191
904,113,n00,0.2547351183686878,0.04190460216839276,40.572837085776904
904,113,n01,0.29013481976239297,0.0238958571630728,50.33901198859925
904,113,n02,0.2601776132322157,0.009791254237220957,60.875853002389036
904,113,n03,0.27506479878149953,0.019343894183324085,47.95611412062619
904,113,n04,0.2902516330497672,0.02702225697564749,38.91404939192447
904,113,n05,0.2530146738159258,0.022202855768320012,47.9087123738354
904,113,n06,0.23798277418150404,0.03326734281402284,47.127591765498444
904,113,n07,0.17731058608610867,0.023588600323895467,37.93772768243602
904,113,n08,0.2777918301719158,0.03983366053616251,36.031808921859394
904,113,n09,0.29795136303969116,0.028145389177601367,58.111134183513286
905,113,n00,0.27331554247303647,0.010461654370615824,46.51024684375434
905,113,n01,0.2427350797344274,0.031069390599058486,51.03274032402785
905,113,n02,0.3087187935837087,0.04451118836407717,30.12148666145743
905,113,n03,0.19306313725672683,0.037554433309201385,44.99223956936196
905,113,n04,0.21404046829009044,0.02155174308646088,52.14963907263149
905,113,n05,0.22259781295515904,0.03796646615869273,45.49996707169973
905,113,n06,0.23389424548165308,0.03392622154714385,52.09280835554347
905,113,n07,0.249419188749587,0.040829474966109315,48.38043145070655
905,113,n08,0.2323376274740455,0.05408648170164587,29.70954517091806
905,113,n09,0.2805605464894532,0.030423032457693157,42.164756119409724
906,113,n00,0.7453961602602929,0.07502667740317323,97.19473504910651
906,113,n01,0.7959296839153656,0.07649724092145511,102.82733015681968
906,113,n02,0.7703366848247882,0.07456596950566544,95.74439730600882
906,113,n03,0.7379620099338859,0.0891951545885153,113.68132291176079
906,113,n04,0.7659877131967024,0.07513155252448074,112.03369475254864
906,113,n05,0.7221522164591591,0.06904088482028056,113.88714249201908
906,113,n06,0.7148848497359457,0.09569101073615989,107.52797388865427
906,113,n07,0.6386581061594077,0.07651869664565215,88.70912136448531
906,113,n08,0.7383320654517174,0.06450942329127017,95.65760588426603
906,113,n09,0.7695475891112048,0.07299971156652497,108.72311257007524
907,113,n00,0.2086755902986469,0.04273286616271689,41.570997876456836
907,113,n01,0.2632060383805195,0.021346613587645356,53.42006982309073
907,113,n02,0.1852627624299402,0.03727953702726805,38.908794039754795
907,113,n03,0.24867551614289068,0.012330954033866269,46.71801311267937
907,113,n04,0.22382730098608156,0.012345322037989846,24.110865515260837
907,113,n05,0.3074400200120177,0.012167867702752078,34.890601236659535
907,113,n06,0.24942362085258118,0.034716446029848864,50.44537058199569
907,113,n07,0.25760478940969533,0.016066963680001246,44.78465273502225
907,113,n08,0.19112435489502352,0.01878186650244318,46.49743693946681
907,113,n09,0.23262075298758003,0.03137722393258106,32.03988990222876
908,113,n00,0.7267816583854906,0.07073260405802512,107.4807234004996
908,113,n01,0.7485950582239993,0.08929897520484956,120.57228413299963
908,113,n02,0.6890407700320028,0.07236755123149086,109.2267547042905
908,113,n03,0.7777883340759508,0.09783251744609095,115.52486822976353
908,113,n04,0.7463606455073947,0.08110961504679791,118.16821982455875
908,113,n05,0.7345430046189296,0.07602914505146388,122.74154935776323
908,113,n06,0.7178894698254491,0.0918198661216494,105.52803986400235
908,113,n07,0.7163035985046416,0.058457884785064626,103.22291541806335
908,113,n08,0.7361124185429173,0.07863701018164306,91.4012709726831
908,113,n09,0.6546037588574211,0.09570548346114771,128.38084562793355
909,113,n00,0.21144895659788934,0.02872296193551678,52.147364251279626
909,113,n01,0.18733620339554768,0.04646607106922867,44.121134955087285
909,113,n02,0.1866045733453427,0.04887802341593803,45.864457234154145
909,113,n03,0.24348174008477433,0.048323905988367055,44.90768744015755
909,113,n04,0.2064755649129455,0.05122914127688109,41.38777531511113
909,113,n05,0.3361280054508217,0.01788875221948468,41.71991300292667
909,113,n06,0.2980804622866,0.033272589196340484,44.65656559198343
909,113,n07,0.2589109461575274,0.027698476738081065,32.29319186135932
909,113,n08,0.2975505149967837,0.028081364463888595,44.09865164467654
909,113,n09,0.17416524070180855,0.001223372473771668,42.9894773567209
910,113,n00,0.19995957087734828,0.029306329669688224,36.065186134691935
910,113,n01,0.2311924254107228,0.033350849615181956,54.35653478408369
910,113,n02,0.25185356572675455,0.04315217194497946,45.55106768133918
910,113,n03,0.2691713838123473,0.040340552111697126,53.377424463515055
910,113,n04,0.27761175229277574,0.020939584741066844,47.586904592168466
910,113,n05,0.3251093957383461,0.032139915559420876,46.50443814156271
910,113,n06,0.2985619638656023,0.030571273701075274,38.15787431347902
910,113,n07,0.23835674059482603,0.024079425007241376,41.08083450628831
910,113,n08,0.18717153425051442,0.039759311831217566,46.2235368663757
910,113,n09,0.24896521803990135,0.0022365203485137514,56.984528007307944
911,113,n00,0.2935060992148603,0.030262409242735495,54.04363187547452
911,113,n01,0.2543668382595357,0.03634522675358401,46.53655700678052
911,113,n02,0.18743058178052535,0.026898510504861726,49.00643450495453
911,113,n03,0.24922308034321597,0.033278076517454805,44.643591894527944
911,113,n04,0.33890190425526234,0.03883201049183653,47.40055912124977
911,113,n05,0.3579063555955637,0.0588569725330172,46.72327690186395
911,113,n06,0.1607637700931932,0.03570048268274861,36.56469179382829
911,113,n07,0.25368536694220495,0.05007510588993695,39.415310060521215
911,113,n08,0.279523239958385,0.037280153152109044,44.879267489704674
911,113,n09,0.27243370721017807,0.02038896173276764,46.354439900124646
912,114,n00,0.8143904516930608,0.09614191818739615,107.07733740953464
912,114,n01,0.6476601522458638,0.0687043631498005,115.98797426814261
912,114,n02,0.7256072252750434,0.0913049334886766,96.28846651028893
912,114,n03,0.7538678758742924,0.07896242119767011,110.6996447102554
912,114,n04,0.6369821073865207,0.08599363125337321,111.20752040828116
912,114,n05,0.7252340666493029,0.06432271954835353,95.80688761225221
912,114,n06,0.7261426987669217,0.06318431142756478,114.628385048027
912,114,n07,0.7856083615575177,0.07161523899604826,126.2031772726589
912,114,n08,0.6593081227567595,0.0771251830034019,109.56394572016389
912,114,n09,0.7739602696565697,0.08248882832214471,118.40166108050354
912,114,n10,0.7085855760001233,0.07681827979598038,112.2991406952582
912,114,n11,0.7128895756266538,0.07011028816971493,101.8653776142365
912,114,n12,0.7503824699806215,0.06773843334415496,100.63660298556125
912,114,n13,0.7712812163978973,0.07650260256777518,108.40778920748801
913,114,n00,0.6905625264783507,0.0773459675295405,112.00641665896585
913,114,n01,0.7553675187028126,0.0667948814990589,117.1809311875873
913,114,n02,0.703924436905518,0.08548037108080447,112.05384522114124
913,114,n03,0.659474635979714,0.09466214377128948,90.66707443782488
913,114,n04,0.7855391247228244,0.08272331095397893,118.83895148977228
913,114,n05,0.6752199501683628,0.07732092739157154,105.47370856722814
913,114,n06,0.6886602316744425,0.06042997311907047,106.23495360181155
913,114,n07,0.7216292970464898,0.09409873823760215,95.88551276698608
913,114,n08,0.7610809910374355,0.08717547494098472,107.2677413140939
913,114,n09,0.6603263477759942,0.10003694566198387,90.49698796401856
913,114,n10,0.73877926371378,0.09763247173091032,108.59424264183194
913,114,n11,0.7064083002709788,0.09886340733879465,111.54686002892963
913,114,n12,0.637585249240763,0.09832557318135865,101.95671920278596
913,114,n13,0.7052113027212397,0.07945469346799193,117.51593521011817
914,114,n00,0.34232552810694516,0.031971462699497535,42.822582729678125
914,114,n01,0.1986379402951475,0.018229356488322107,54.54169591878761
914,114,n02,0.26700170846805876,0.02960636887257682,44.26147010215911
914,114,n03,0.20681017901021953,0.017116673659717023,39.40820787186709
914,114,n04,0.29122606631051184,0.01879504021795964,49.212843962585104
914,114,n05,0.28734623144434257,0.01652542493439617,37.31640089789973
914,114,n06,0.3031706421962066,0.029448963921926606,56.95892183040338
914,114,n07,0.2803336551175511,0.03915150752544539,43.57941916377354
914,114,n08,0.18677009633395825,0.04552144676567316,55.858564054131094
914,114,n09,0.17996608634742603,0.01839764235456473,46.37714385510907
914,114,n10,0.21395210696466133,0.023275028352290436,39.06450423433049
914,114,n11,0.2741145005747811,0.01457795446955424,44.79078248767456
914,114,n12,0.2733417040699273,0.008997314853744273,32.85697575486951
914,114,n13,0.2978853083846893,0.034312836401198796,32.132672068548224
915,114,n00,0.23689063376296274,0.04779018325045339,24.162666571212345
915,114,n01,0.20326454940626143,0.04801663802379876,53.71836064426968
915,114,n02,0.25712920435382547,0.031957634903392096,57.18624244812475
915,114,n03,0.24801788554894985,0.032934717802341446,36.8914106420184
915,114,n04,0.27352326975141344,0.027693398669678453,51.59423798202121
915,114,n05,0.19745210947529623,0.03999456252348703,55.32918853149416
915,114,n06,0.3110431101027519,0.034785399884971965,44.686530394635085
915,114,n07,0.3000834664810511,0.04362403454110395,54.357928760623395
915,114,n08,0.22696795417418875,0.010558436663070294,25.570873610720398
915,114,n09,0.203095052603102,0.017978274923618705,51.77480306682257
915,114,n10,0.22594824179011191,0.019036783155916327,49.81546353754242
915,114,n11,0.21686761576626085,0.03349663365813088,57.1935354575013
915,114,n12,0.33308714968331504,0.030968610646543823,56.64640134824786
915,114,n13,0.1546550739710347,0.05490266918721391,40.49039815594987
916,114,n00,0.23193429157214912,0.0352939111686234,61.79989164068616
916,114,n01,0.33912945467996414,0.035834590910901964,48.32761290622968
916,114,n02,0.2030754779880114,0.047168456640915735,37.22628014675307
916,114,n03,0.26563185875318646,0.03759209520145684,54.15939049796631
916,114,n04,0.2649969895663121,0.05494461627771189,44.25046378429125
916,114,n05,0.19095656131342914,0.040010850532046074,42.508347125379004
916,114,n06,0.2749983910571683,0.020745092057577377,35.74836760892586
916,114,n07,0.16664318107821413,0.017112016723173414,37.365281048482096
916,114,n08,0.2086673626952569,0.026637959762781882,35.76383258133109
916,114,n09,0.18690153426145373,0.013951604899080094,47.138489047707544
916,114,n10,0.22514555046073415,0.019700344720370737,38.12345211835285
916,114,n11,0.20894358106432684,0.03086382049791945,45.37156062041381
916,114,n12,0.1984724156169134,0.04312988183037742,34.64574126700327
916,114,n13,0.27337714722748924,0.015616778742341169,44.9718406687673
917,114,n00,0.739457911749043,0.05716259729604823,106.73633165852696
917,114,n01,0.65647423385156,0.09772944988252771,120.97967606867866
917,114,n02,0.7760590388317415,0.07225605404135343,89.22598875125433
917,114,n03,0.7060391322180201,0.07903874225114745,101.9987027869975
917,114,n04,0.7500412573932219,0.0713199592628892,110.78070618873257
917,114,n05,0.6360236684898438,0.07232482855184044,101.58026132470914
917,114,n06,0.7571976350504527,0.07964876952277782,94.77701960521804
917,114,n07,0.76272874847482,0.0859998995309931,115.19905070653651
917,114,n08,0.6538914234191522,0.08158738987062296,102.81710253406156
917,114,n09,0.7643440773018558,0.08144231811107705,104.96565435261088
917,114,n10,0.7772646931075305,0.08759495974698879,102.11285079451605
917,114,n11,0.7847244977294247,0.07796965769027982,112.77938063652698
917,114,n12,0.7333279722549306,0.07771445343202063,122.50961241406193
917,114,n13,0.6026675572469664,0.08945509865114473,119.1541880940006
918,114,n00,0.18277585139751074,0.03789492339560653,62.20355869734121
918,114,n01,0.2593192626770233,0.011854832888261394,40.9444125238698
918,114,n02,0.26993402629215973,0.022993468752642476,44.93825950039843
918,114,n03,0.2687227896174288,0.022442597379031724,47.471040274010456
918,114,n04,0.31660605844148865,0.036704353286986194,42.475450050419056
918,114,n05,0.24114885496472271,0.014868335305476613,42.91059029264371
918,114,n06,0.13101702221200412,0.038709543116192346,47.86252922972103
918,114,n07,0.22921681662773447,0.021017967043041694,35.02037038905782
918,114,n08,0.2092234234561959,0.04739508344014988,42.49358111745737
918,114,n09,0.2659319060644677,0.024522286807683952,48.483930259045515
918,114,n10,0.28086965594980473,0.036576050120723215,40.69866787216226
918,114,n11,0.268534610145541,0.02546062403827255,35.4278827398621
918,114,n12,0.24484791615455917,0.02848785607163985,39.294699593855555
918,114,n13,0.319197446417774,0.04401137475280679,36.315191474107785
919,114,n00,0.2531965769372912,0.036846044453596176,47.41142841795222
919,114,n01,0.26523119317358884,0.030911125834523653,43.58295879121066
919,114,n02,0.22430401337054148,0.0262104524806758,53.00213611577523
919,114,n03,0.24964511043333884,0.02687094048309757,66.00376378647044
919,114,n04,0.2419031400296541,0.0115164870065235,53.00735921990275
919,114,n05,0.24651539937923164,0.03808769717495444,41.31145582475034
919,114,n06,0.22933478450096512,0.02649126501415325,61.769763081053135
919,114,n07,0.19906027140258184,0.042785023069107975,44.22791004698083
919,114,n08,0.14518032989134827,0.04532658847066312,35.49547609463556
919,114,n09,0.17588200891717576,0.02154094159316186,49.977256673403616
919,114,n10,0.2015399701968406,0.0419622255165682,47.521693965857594
919,114,n11,0.26557388044602787,0.032297893872676495,38.06225630014329
919,114,n12,0.2489385011023576,0.0013155209495029768,45.01521848198336
919,114,n13,0.2369302685959366,0.031157574486467693,51.687347988281466
920,115,n00,0.27629787481313345,0.025927581835543046,42.407894571152276
920,115,n01,0.3215578371378131,0.0272974231258274,36.60358558687717
920,115,n02,0.2943472868520719,0.03771274326800518,49.71142800065132
920,115,n03,0.2681976551224234,0.021406030955285253,56.1748340582478
920,115,n04,0.23824169787531166,0.03928215674996273,60.389195596926434
920,115,n05,0.2603241973529739,0.0020054165283743923,47.5418170205621
920,115,n06,0.19231384956794106,0.038372729448600096,40.815394644479994
920,115,n07,0.26163840882804057,0.020390470425503834,37.92442754372097
920,115,n08,0.16433591789900898,0.02138289715957755,48.654053710041055
920,115,n09,0.29214107069277584,0.04572275707846062,43.38274988640333
920,115,n10,0.27427414292824565,0.020853375536493177,44.653792419222526
920,115,n11,0.22111428284036122,0.037179471004390716,44.42289919378702
920,115,n12,0.21595752463192225,0.03342229182259574,49.63631568577971
921,115,n00,0.2945595546013169,0.04859432830563358,53.046600933265715
921,115,n01,0.22986674314589473,0.014117577770456458,50.124745255496705
921,115,n02,0.2136840577781735,0.037659346475125845,44.576300191519266
921,115,n03,0.31010574805674856,0.03389759410162518,48.00859362352495
921,115,n04,0.23680122205584733,0.02520861973043399,46.303332583767215
921,115,n05,0.2841486947802412,0.03893344397372127,44.792286109983706
921,115,n06,0.32930591973902223,0.02913409000713077,42.268687569180415
921,115,n07,0.24930934028457036,0.019086511162162013,50.56973698322618
921,115,n08,0.24548498801842278,0.010753525032090133,49.20180008395718
921,115,n09,0.34884155374043424,0.010653729489003116,44.32356855557779
921,115,n10,0.21328136547307555,0.03692830168447702,43.509563507830485
921,115,n11,0.2963641231987862,0.03193365529483485,54.3473705147902
921,115,n12,0.2232764007272623,0.029607203501943485,54.50382070086341
922,115,n00,0.29026657551809953,0.01957380640134973,29.36523612791934
922,115,n01,0.22142337926434383,0.007202039358640892,50.659642339844474
922,115,n02,0.20796851443985534,0.04364022165237373,49.80892408894998
922,115,n03,0.17949517814786312,0.03209875171269185,45.653073970087874
922,115,n04,0.28446164666804935,0.027884545569986225,52.71937515649631
922,115,n05,0.2051438889000494,0.028515984757448466,58.786967607795226
922,115,n06,0.21606355711576436,0.02848466934243933,34.48850249170124
922,115,n07,0.34241832973894915,0.024638050810689163,53.9191346632852
922,115,n08,0.24447265084708233,0.025959279106628316,56.31629392584916
922,115,n09,0.2915267540321531,0.025095945112137287,53.265450014173
922,115,n10,0.30749908472251614,0.055645189290998605,47.61857665918803
922,115,n11,0.2358636761658337,0.05262585902582945,36.654296855121174
922,115,n12,0.22189474426847927,0.036021319463297494,32.956986545120586
923,115,n00,0.6763150559674345,0.0880970805708751,101.23745115185267
923,115,n01,0.726108058074727,0.06861093129456086,116.05261068187951
923,115,n02,0.7143001653055693,0.08586250021754159,107.96471823085511
923,115,n03,0.7575092813712431,0.09218514872351972,116.40849561641983
923,115,n04,0.774482913145936,0.08233786158470656,115.2864348800445
923,115,n05,0.746328089323159,0.061398021337432725,101.34084876094055
923,115,n06,0.7402998197565909,0.08450308846103359,116.33869482014029
923,115,n07,0.7245291531754083,0.08722085748042914,114.07273134606426
923,115,n08,0.6970368812503853,0.08386520330473898,106.72273909935912
923,115,n09,0.7671682566852019,0.08611266198384876,102.13483347534866
923,115,n10,0.7113827491441944,0.08096280349020336,109.84253046958268
923,115,n11,0.7606689783239042,0.09053498836049408,113.15615494476036
923,115,n12,0.6655467442443332,0.08703428567991331,99.48311627946246
924,115,n00,0.7537863084537131,0.09024859099084259,113.45309450455127
924,115,n01,0.7339405366924966,0.1007958994691949,110.11544736218602
924,115,n02,0.7638084750463411,0.10114461353507341,120.45262152598184
924,115,n03,0.693794959359871,0.08645507353845693,122.81073289508586
924,115,n04,0.7218140774585609,0.08269976045998803,98.7571920393701
924,115,n05,0.7337998854492167,0.06713516094241584,115.39872656545641
924,115,n06,0.7027994611767941,0.09093852263471665,98.01359412663851
924,115,n07,0.7004822759931099,0.0551553971932504,110.23140286192547
924,115,n08,0.7650634395400031,0.08635798974737052,101.76993686715696
924,115,n09,0.6733905076417833,0.05765516737665376,103.32980429891967
924,115,n10,0.7460877752724514,0.0872155985601492,123.50864416860047
924,115,n11,0.7784532052137941,0.07794911660815239,106.38019036339544
924,115,n12,0.7271593274645097,0.07301729699473071,94.58987830930941
925,115,n00,0.7039673479750268,0.050035660033301496,111.458105341085
925,115,n01,0.7790607991509197,0.09659822832262045,113.35528349289838
925,115,n02,0.6927468287632675,0.06979260232180533,114.46740195814698
925,115,n03,0.7407470829514557,0.08494939390948755,119.67581608553334
925,115,n04,0.7150086232925117,0.07708454509150106,106.78996862526185
925,115,n05,0.6833307246377518,0.05067880187639497,106.50016158762116
925,115,n06,0.7127161176720633,0.07971939937158308,107.90874009371038
925,115,n07,0.7247839100329624,0.07101325214014234,113.83462212598704
925,115,n08,0.7068822613119168,0.09345241281416368,109.68994650818729
925,115,n09,0.7431025242723192,0.09341142659716069,121.90836570796839
925,115,n10,0.7552938956965819,0.046603317220305696,103.52105910588502
925,115,n11,0.749773042726664,0.11339477698500502,94.06988550192784
925,115,n12,0.6954909242200288,0.0887834154940741,93.26391038083366
926,115,n00,0.7174531231710096,0.07109480041448189,117.08812640846541
926,115,n01,0.683385751162985,0.08242184189656575,115.0343665905732
926,115,n02,0.7106501261616939,0.09385024612663467,92.42808391289964
926,115,n03,0.6388858590826144,0.1000451584493196,117.85180253268436
926,115,n04,0.705134016873165,0.09140743473977059,110.00081233262068
926,115,n05,0.7380806228315591,0.09373478648956664,100.53805278149679
926,115,n06,0.7034840538826092,0.07550889952178347,120.28470200623185
926,115,n07,0.8048779331398377,0.0909295996859606,102.1845330382577
926,115,n08,0.7417623105260404,0.09553214772752011,129.38018490968136
926,115,n09,0.6548372509367014,0.0760099073004611,88.3642709766368
926,115,n10,0.7734098343592994,0.0710732401799149,115.38521311388766
926,115,n11,0.7103362279275677,0.10719787344628542,103.7166777343258
926,115,n12,0.681398301971156,0.04861916649472184,107.42164950447815
927,115,n00,0.7367491005158968,0.0730002632393869,112.33194822290059
927,115,n01,0.7507258172337611,0.06189355860939402,113.49909374950987
927,115,n02,0.783166243949702,0.07216799665727619,108.97491581180397
927,115,n03,0.7598405595582977,0.10051182908289452,103.24003603936364
927,115,n04,0.6647757774027195,0.07390466506936513,110.8715413471932
927,115,n05,0.769911827864961,0.09208090518263562,112.1009521809324
927,115,n06,0.6802862899947152,0.08967896320648322,102.01778932665478
927,115,n07,0.7469508634756791,0.08501034922931795,109.11391818510059
927,115,n08,0.6491699814223656,0.07683877315262883,106.37669915352966
927,115,n09,0.7107276926486896,0.08100638614106305,89.53914663989036
927,115,n10,0.7410699888420909,0.05765090907928638,111.57818342287906
927,115,n11,0.7361320163804215,0.07672451045576158,110.47230469639251
927,115,n12,0.7177237495466541,0.08345159280887092,115.55949051195405
928,116,n00,0.22423249664457534,0.02763642142353881,51.2065538190377
928,116,n01,0.294562846870077,0.01655842505236902,55.15068240866036
928,116,n02,0.22436096234459366,0.040685509106323514,36.647276126615054
928,116,n03,0.22996795290878033,0.02665878414347815,39.83328923547991
928,116,n04,0.2817660179465926,0.040258552976425506,53.58926779072497
928,116,n05,0.1980649805237341,0.03308155211473289,47.14642236613056
928,116,n06,0.2724815615198271,0.0348090101909657,41.45275991367575
928,116,n07,0.2551745654635765,0.03416183011883969,35.05299222844327
928,116,n08,0.2035083518618112,0.04320285078625315,25.230342851291404
928,116,n09,0.24044544087885558,0.0199720697637894,30.875769779989334
928,116,n10,0.2550728228687489,0.0407773831023658,52.64873553331069
928,116,n11,0.24868796676063404,0.016601739316641398,35.338230147610915
928,116,n12,0.19980203892834433,0.03189822196371561,41.316898849085185
928,116,n13,0.18848271643432277,0.017710273345933433,41.59512436537719
928,116,n14,0.2613429153786698,0.0219720918962867,46.0411616625954
928,116,n15,0.22652592915817882,0.01955306527320451,36.40973778008714
928,116,n16,0.3729116820846399,0.03688574646932339,55.55624647476914
928,116,n17,0.21999537218556636,0.019011277839343255,46.98532349545675
929,116,n00,0.2150527201487928,0.017662305840881326,43.11845653682369
929,116,n01,0.2852726972799981,0.038446950087453885,42.20769574945265
929,116,n02,0.2744487491785471,0.03251591455278035,50.01078545907149
929,116,n03,0.21545777590379228,0.0044487071769773595,42.44692528282296
929,116,n04,0.28113046789790724,0.04382914076035251,44.39701177860393
929,116,n05,0.2966524728227228,0.02444178542128632,31.675097282501362
929,116,n06,0.2309355668343621,0.024721562801192993,42.43037477729689
929,116,n07,0.17288032971594047,0.02954538079327506,45.359160949283876
929,116,n08,0.25874514700527523,0.04113186822450835,46.99475255564781
929,116,n09,0.22623058674692134,0.03673594083567438,41.57589103098671
929,116,n10,0.2493064446557147,0.03206230428227754,40.583501798171774
929,116,n11,0.26915494338064694,0.038237563954451735,48.40244106145331
929,116,n12,0.21715592698858238,0.02805994294060957,44.74463074796159
929,116,n13,0.2829201542894625,0.016401524366870014,42.787297661628656
929,116,n14,0.2891346274337899,0.03130265603495334,42.21332480835441
929,116,n15,0.27138394268835536,0.03342719740349312,38.082017227261794
929,116,n16,0.3087556357602923,0.014710785817895764,54.544804971806236
929,116,n17,0.2684119587940216,0.04175398598077504,43.140967511184826
930,116,n00,0.6492984755771097,0.09259194033476867,103.6085530093532
930,116,n01,0.652634156355181,0.06313257821918497,110.92702634058986
930,116,n02,0.669247805940949,0.08023497688919133,114.14201267575092
930,116,n03,0.6697775938067366,0.06592435975952339,116.55134475580361
930,116,n04,0.651099732873643,0.08574297852823282,111.88352477342833
930,116,n05,0.7609637955118754,0.0479640269889176,119.38453860457477
930,116,n06,0.7428380411864308,0.08147913951370911,112.74556281323112
930,116,n07,0.6784059329025338,0.07588017920133493,110.89101992483099
930,116,n08,0.8010309365831189,0.1021634917203353,96.70140372391333
930,116,n09,0.7200249368343841,0.09712449210679813,120.2329443519963
930,116,n10,0.6768684047855036,0.0786911022349147,110.54711346166806
930,116,n11,0.7060933124069456,0.0884567056020174,117.92516372619035
930,116,n12,0.7335176201838135,0.07461708907805573,100.85892314730978
930,116,n13,0.756807734386034,0.06668711163715299,117.76917156575678
930,116,n14,0.6860261942580212,0.07173199564879632,113.10456240111824
930,116,n15,0.6921002562791183,0.08032314505280146,103.68513234715051
930,116,n16,0.7232114690636495,0.09589784007638315,110.81737130558913
930,116,n17,0.8226025478059257,0.05246832423622049,106.43706812487343
931,116,n00,0.7390103534909498,0.0757436264328103,99.06856972311046
931,116,n01,0.6931566352348166,0.0720505136183914,123.8422601817677
931,116,n02,0.6966709066826078,0.08592486988955425,111.72788335155214
931,116,n03,0.747457844976926,0.06781455157642581,110.19862366699286
931,116,n04,0.7193500387497053,0.07320396387389186,94.47494403864002
931,116,n05,0.7410505905954987,0.0698375653031544,124.26679716536637
931,116,n06,0.7029956363467482,0.10118492999891945,108.6336189305777
931,116,n07,0.7208874387415086,0.07033577375215554,122.64808429707601
931,116,n08,0.6990327966919887,0.07618637494685673,117.26000595972795
931,116,n09,0.7344278589068162,0.06902450469963867,104.44464692671919
931,116,n10,0.7049280398084325,0.07168091519135913,110.09518144815276
931,116,n11,0.7497667487066055,0.08686081683042762,110.44355966631778
931,116,n12,0.67900641007361,0.08963227019246393,119.58680466312596
931,116,n13,0.6977040660317324,0.1031890572794015,121.05536729044118
931,116,n14,0.7543648373943335,0.07828130377614755,116.11148834566121
931,116,n15,0.7083922226340277,0.06615985918305275,112.55970528858776
931,116,n16,0.7269117761384434,0.07268934015040258,117.28591998450815
931,116,n17,0.6902506998185775,0.08561472966849354,116.37494256461436
932,116,n00,0.7331214618377293,0.09277469703572584,110.8323953513315
932,116,n01,0.7536473295583164,0.07889331026840912,106.45264633552839
932,116,n02,0.6788727968139395,0.0988028082713032,110.4682338217209
932,116,n03,0.7240867126901561,0.06418129177561896,103.59195789557356
932,116,n04,0.7328027869349887,0.06416206197521679,107.22024063399488
932,116,n05,0.7188567186139864,0.09067010875679436,93.23519114756769
932,116,n06,0.7282706592935044,0.07604439932327116,110.0881448671249
932,116,n07,0.7062325118115297,0.07192320440813872,116.17648870396889
932,116,n08,0.7510349710680202,0.08927761990139645,114.603803405327
932,116,n09,0.7581642435253714,0.07976026015208154,125.14386884224788
932,116,n10,0.6646275341854444,0.09034003308977193,115.56781650122169
932,116,n11,0.7410864063461479,0.07890973427404174,112.99021559396276
932,116,n12,0.7782471888885327,0.07718595709741921,113.25885961460375
932,116,n13,0.7085549197326853,0.07962247613837094,107.96207538790239
932,116,n14,0.7263685143977392,0.08652968038245099,110.72253354675902
932,116,n15,0.7483290357015557,0.06663047913848191,119.52166496090229
932,116,n16,0.7207120199191641,0.07213625797826924,109.16770916322362
932,116,n17,0.732707374092322,0.08559797827102536,116.21177940285983
933,116,n00,0.2778701818122392,0.04945484292946824,38.65215408014931
933,116,n01,0.26107809692492034,0.02005544245491287,36.645534449077616
933,116,n02,0.3435718707383991,0.0387871491854725,47.32882939302433
933,116,n03,0.21403502049771791,0.03463900437240315,66.12178618081626
933,116,n04,0.2244175023081357,0.02752597990057069,57.54346899031376
933,116,n05,0.28599691147448614,0.04540515603224077,52.13601189242277
933,116,n06,0.24340153063953662,0.035500570802358945,44.71275409826201
933,116,n07,0.28086007168980354,0.04028966967429658,41.929276751171834
933,116,n08,0.2452246429126315,0.028132171139406546,48.151260989634316
933,116,n09,0.23196650337504313,0.03608261857725127,49.63837728022897
933,116,n10,0.21409980783708746,0.03372874742930765,57.93814850683566
933,116,n11,0.23297899570362568,0.0056480439850590015,31.825894384840318
933,116,n12,0.2653544529179619,0.03737678378155649,45.00252619192831
933,116,n13,0.25440817360618545,0.04415169879625137,34.53643678312536
933,116,n14,0.21848131680670724,0.014516028682396723,54.06962008781078
933,116,n15,0.21262384416018415,0.03649487338239848,36.277844140339454
933,116,n16,0.27787843317093097,0.03150594172778387,31.899714700151538
933,116,n17,0.30975544372721864,0.04847556748851072,47.975410995837706
934,116,n00,0.23543231397048855,0.0305485157772277,53.57536575703526
934,116,n01,0.2854097405258872,0.023665901694009814,60.42587086740818
934,116,n02,0.27301679714858973,0.04757407532318414,56.45530302597385
934,116,n03,0.26554256011747307,0.025973625139437174,43.62727699552884
934,116,n04,0.19975105729061893,0.043362600970241104,58.40218730553511
934,116,n05,0.21243280438315704,0.03761639505251166,26.717779885867657
934,116,n06,0.28246138225950057,0.017046596288991144,45.41256254621623
934,116,n07,0.23919057083646766,0.039841980644085076,61.718263531130305
934,116,n08,0.25056207515619905,0.02829709160550218,49.050327608149544
934,116,n09,0.2562085780160403,0.04261996547401541,40.59903148870228
934,116,n10,0.21191715537389494,0.01407573248175499,40.682406936581145
934,116,n11,0.23715904401819107,0.06207639194136368,35.372185262093545
934,116,n12,0.30305939501638174,0.017134817721879157,54.42109085899646
934,116,n13,0.16554896919668066,0.012918776454768799,36.35621817456651
934,116,n14,0.30652584802667254,0.04850909110492786,55.68584076829053
934,116,n15,0.24259331100883322,0.031869592071237234,36.57996894049528
934,116,n16,0.2757238399919639,0.02912122162488586,48.02852981206157
934,116,n17,0.3305138108192437,0.03816394175713746,56.05957627120129
935,116,n00,0.21872832380109555,0.015581076500616508,52.81199609325107
935,116,n01,0.22898375722895553,0.02349935593989299,61.02472913886849
935,116,n02,0.2499910030509458,0.026308572071325073,28.695491065304466
935,116,n03,0.24035217612479287,0.03548063030862923,64.26513066997275
935,116,n04,0.20910081719413312,0.04381201042736442,42.064136824103954
935,116,n05,0.29399493849864544,0.02861254084511672,59.86330201700059
935,116,n06,0.1789144010712192,0.031693664060387344,40.239466560259636
935,116,n07,0.23961207066113183,0.05832178017993935,48.84637073842214
935,116,n08,0.29575615408164374,0.043052516469578944,61.02995114712949
935,116,n09,0.24273828258479233,0.031705826868309216,40.645808485049905
935,116,n10,0.24898574082903097,0.035932288394580174,42.881785847582556
935,116,n11,0.25000382097880675,0.006228080340732897,35.27881310475087
935,116,n12,0.2317364103429185,0.05286901847711333,43.48877439484835
935,116,n13,0.26892302905731563,0.012937125586364801,39.976623824013735
935,116,n14,0.19907381784915626,0.03040577268275267,57.258816050977785
935,116,n15,0.2429285261232223,0.022565793810623277,45.07770863439374
935,116,n16,0.23827267540300093,0.018855531038568667,40.84850653011249
935,116,n17,0.1976915903181262,0.024432666237228277,50.502933729318585
936,117,n00,0.21343923427146066,0.010532442779723528,40.211399790861236
936,117,n01,0.21838578734012437,0.03504844518947342,40.72414908706015
936,117,n02,0.3273096107087979,0.01618717718840127,62.18551482160882
936,117,n03,0.3063064298232644,0.023204801793500658,21.344690227075645
936,117,n04,0.33617722244032233,0.026605323715445554,34.4970518426861
936,117,n05,0.22896440916596522,0.011827174959472674,55.03653287216557
936,117,n06,0.13836444075614762,0.047983310983707464,57.58226635068435
936,117,n07,0.20823828293739471,0.01183466904397907,37.871754943174174
936,117,n08,0.2640506937683354,0.05756894048475957,49.53513671523919
936,117,n09,0.22337501983835092,0.029137428746143574,47.66943035972649
936,117,n10,0.26647868184135537,0.04636079693859574,45.47393116795129
936,117,n11,0.27483388019051147,0.028369779774793293,52.03842019724608
936,117,n12,0.25408909795711504,0.04717740573968923,46.22529370111253
936,117,n13,0.22109276174173786,0.034176618088470834,46.0566740054008
936,117,n14,0.16397786230061873,0.021386302590334118,42.530948635151205
936,117,n15,0.24659656428296764,0.023013070448934386,42.88883538189575
936,117,n16,0.18835083168940006,0.03098259178343878,58.74763904865174
936,117,n17,0.2273040504290929,0.04276625050191661,42.773214337894984
937,117,n00,0.7177470447244237,0.06804681451038237,108.0055823052968
937,117,n01,0.7097628440875517,0.09241344706506839,126.71899583852489
937,117,n02,0.7317145664432593,0.09806011459179129,103.22964835568834
937,117,n03,0.7808707489648474,0.07612508389348537,128.14362631170388
937,117,n04,0.7232167610408239,0.08565794116786571,113.34251915206377
937,117,n05,0.6216068278840526,0.0905369566866893,90.4639606286825
937,117,n06,0.7171417807392007,0.06897315879369456,105.03300384860836
937,117,n07,0.7031673009085857,0.06868825653388941,111.52824075059617
937,117,n08,0.7364998728977601,0.0673003265579974,115.69930681543616
937,117,n09,0.7096494738999231,0.08746480535829133,112.44971014696864
937,117,n10,0.7139906282598613,0.09850732757433044,99.44636121384036
937,117,n11,0.8031713464577186,0.0881894609542519,102.85182786993049
937,117,n12,0.7347027780073364,0.06028990872099909,105.44493825571193
937,117,n13,0.7599814058911162,0.0878965735860932,114.36502340739712
937,117,n14,0.617900962839447,0.08499167818108501,100.93237717001924
937,117,n15,0.679654302950991,0.08111426956197682,106.45699588855538
937,117,n16,0.7135506176812629,0.0785449524258971,128.00799226373385
937,117,n17,0.7223678642802707,0.05061491626176903,109.44704126010043
938,117,n00,0.32379446231725983,0.027168585311645493,46.039539800875176
938,117,n01,0.25734677537724754,0.06174881352414053,39.38859399755795
938,117,n02,0.265544720204144,0.04228069257281096,32.133627341067374
938,117,n03,0.21265075713942355,0.019236585406691906,43.78509618404702
938,117,n04,0.21233073189088675,0.03317594049324837,37.88118135562336
938,117,n05,0.23053769571972665,0.02287290073224144,35.647388516399
938,117,n06,0.2665248569613304,0.04282342089496541,38.688438468099996
938,117,n07,0.16571907318141563,0.03617733493327611,53.76548887743553
938,117,n08,0.21823524738509875,0.007298756845808746,34.765125548123066
938,117,n09,0.3041881328634904,0.010735008986902661,47.26184952332193
938,117,n10,0.19541054125368462,0.031970700012468226,43.620725607971984
938,117,n11,0.17571642119816155,0.024706124583848212,41.403712432825856
938,117,n12,0.260720115402365,0.006657335967632062,47.36319266599715
938,117,n13,0.25645470865002895,0.028869027411157103,44.292780418062826
938,117,n14,0.28032801068747754,0.03492521711429929,52.97032360561572
938,117,n15,0.2953977195765159,0.03363190447485118,31.326151094580062
938,117,n16,0.23312395966299576,0.037556856285963267,39.04565393015443
938,117,n17,0.21621404956323606,0.009546392139397526,32.04499818250063
939,117,n00,0.31516837161150746,0.021000866146469746,44.38174351302991
939,117,n01,0.21657745313272836,0.010091917297124681,32.20497995372774
939,117,n02,0.19942622278806366,0.038354307465099186,53.32975864527251
939,117,n03,0.15233782497030696,0.044556323690351854,64.80665043046278
939,117,n04,0.295451506322677,0.04910828709043985,50.074779492698816
939,117,n05,0.23097114229065474,0.02043452846339985,57.67165664017965
939,117,n06,0.2232538499906574,0.04772995132387178,36.36243789532175
939,117,n07,0.1931554919997218,0.02528598579286577,58.94891856895089
939,117,n08,0.2372834461270626,0.03966538040730823,56.52767234530075
939,117,n09,0.2302196616749967,0.02048731790035601,42.084939662589676
939,117,n10,0.23687259604586733,0.02448819025785985,37.2719806219363
939,117,n11,0.2723335612718998,0.014346243063333274,39.77195051783431
939,117,n12,0.23560090372931883,0.028993232107418634,41.01947762060184
939,117,n13,0.33012858678566215,0.028326467466492304,45.37221340718571
939,117,n14,0.23052146821530745,0.020875062076830236,52.63026609258315
939,117,n15,0.22531661590881005,0.03403211329919792,49.37465495626594
939,117,n16,0.21380766199144982,0.01453476263446129,61.67873006487724
939,117,n17,0.2929774495299269,0.04337742052341294,49.58128517867728
940,117,n00,0.23523146478051432,0.06078414435588286,51.289694255887284
940,117,n01,0.204972739181486,0.028915046907224694,41.688953213459705
940,117,n02,0.2429095838826352,0.013809821277000596,50.15998518543183
940,117,n03,0.26074645889979337,0.0285365456539305,43.56817872650939
940,117,n04,0.2596195533569493,0.011891682382621505,42.33714898551994
940,117,n05,0.2443356888362734,0.031682447894676495,44.44107988690062
940,117,n06,0.28936744895436234,0.0315379559042648,54.50254045099385
940,117,n07,0.215023345385308,0.029409784054750383,50.08276700070434
940,117,n08,0.2768576693352944,0.0414509362554601,45.09219785140645
940,117,n09,0.28436577016881603,0.019588557613612577,52.49797566345769
940,117,n10,0.28374845760805983,0.03141776783038313,60.1492457822898
940,117,n11,0.2355534288199017,0.046170035749306455,61.9378039726673
940,117,n12,0.15561668677669058,0.02448527103049332,42.36596157570207
940,117,n13,0.31909211235968765,0.04050751192421126,42.376168424654935
940,117,n14,0.30264708118264594,0.03163638124039471,41.98210616671318
940,117,n15,0.20950919142383065,0.03741851857623068,42.08519904889032
940,117,n16,0.23591240336387717,0.021778642424530384,41.34169406621879
940,117,n17,0.1692436009442188,0.04345342344887182,50.83143143573226
941,117,n00,0.720781425429293,0.0771124768495104,103.51332504162758
941,117,n01,0.6872783387533823,0.07211747937817245,120.48347587978444
941,117,n02,0.6637186777377111,0.06311495287386165,99.14098658406343
941,117,n03,0.7851798611765575,0.09725631595274821,117.3028845846907
941,117,n04,0.8208585550297038,0.08861281187244753,126.84649082415886
941,117,n05,0.7298372000619484,0.09330971488092597,114.33481429212802
941,117,n06,0.7171902314489659,0.06541351554585333,99.53941836106459
941,117,n07,0.7767546011378423,0.09560219874392144,100.33913475368875
941,117,n08,0.679994422767121,0.08940966381024328,114.28016880426523
941,117,n09,0.7444136812920794,0.0707853323529636,113.54759991835748
941,117,n10,0.6857327172757746,0.08098361380064369,120.52940527308212
941,117,n11,0.8210704592495911,0.06294402031348036,113.58220547759045
941,117,n12,0.6932600714468031,0.06923796657222427,94.80289047973969
941,117,n13,0.6290559242589059,0.08357345100086132,115.03265130742108
941,117,n14,0.7470253949573407,0.06770645099315319,113.14432959283948
941,117,n15,0.7682207608697139,0.0920780010023616,107.52839956334219
941,117,n16,0.6503366238938328,0.06830035939163949,104.52554280585426
941,117,n17,0.7107424218824168,0.09518624033611948,103.0860498323028
942,117,n00,0.20655692581711255,0.04591149025986215,59.75644353664726
942,117,n01,0.2966155415717959,0.03668332872055312,41.78076813288567
942,117,n02,0.26649097544723066,0.03694501179862599,52.3103213508485
942,117,n03,0.23869407342213483,0.03452177775182473,27.7008482776008
942,117,n04,0.22777431450758653,0.0289949861483665,32.487118779571766
942,117,n05,0.23801829396626506,0.025799421807734722,43.92886213629869
942,117,n06,0.23398682894925998,0.035516332379436105,55.858630474646766
942,117,n07,0.21597978158850611,0.03322537508752826,43.39562747020796
942,117,n08,0.308822251650823,0.008428234744810352,49.92543207341698
942,117,n09,0.2561836618157606,0.010071877093593178,40.21705569880258
942,117,n10,0.18018938394911616,0.037555747119123434,51.0000108649036
942,117,n11,0.293653145746348,0.022278861293982995,36.686613346836154
942,117,n12,0.24841799565612319,0.025358714002276902,33.973711905516716
942,117,n13,0.28126608805607844,0.04076266016641339,49.40597940403485
942,117,n14,0.24064029012166663,0.03300153587072646,46.13762863292792
942,117,n15,0.3233152207917871,0.04054068096896082,37.23455331370771
942,117,n16,0.24233501794226364,0.02573953946164658,49.74854613736458
942,117,n17,0.25329168449796224,0.012449583193924904,55.45198237342981
943,117,n00,0.19142208277697975,0.03607187746557099,38.3246301362334
943,117,n01,0.20736379716953243,0.023194683001538825,51.40456498570764
943,117,n02,0.17818180183470078,0.029743295185049576,57.37466305925898
943,117,n03,0.19990542712018408,0.025831725166214688,63.959282295917525
943,117,n04,0.227230148590162,0.03837683330584388,40.322764534516125
943,117,n05,0.2937559031960949,0.03154156133702955,35.94263300785764
943,117,n06,0.22172133183069356,0.020739250329661653,47.682741360603316
943,117,n07,0.2413904920325026,0.0,35.713757129456404
943,117,n08,0.35539203959925125,0.05574214154381197,37.18521743398901
943,117,n09,0.21521488139608355,0.03390609859867436,32.23507518059
943,117,n10,0.2094485819230595,0.04683907370335138,44.77935603743087
943,117,n11,0.281082475926948,0.036489686158625995,47.159992081129985
943,117,n12,0.22428613705394126,0.005278111206577778,49.537540395528
943,117,n13,0.32117886408077156,0.05419768281245223,41.54188047774309
943,117,n14,0.28106012730203966,0.026608569675816967,48.23296737077776
943,117,n15,0.2294621891494296,0.03550760186770702,42.19053438409224
943,117,n16,0.1878070399460149,0.032613172326474,46.75080125069954
943,117,n17,0.2681055837788602,0.03713890259724962,53.827298805159
944,118,n00,0.7921642896649301,0.07476793994132554,106.91115906154806
944,118,n01,0.6887878048618506,0.07485551526900795,95.0497476679059
944,118,n02,0.6826733039188101,0.09082129727520458,109.18021279437939
944,118,n03,0.6973126523812321,0.09255067994757975,111.1229495544924
944,118,n04,0.7653098117917364,0.07275897429797412,100.89919661853239
944,118,n05,0.7734651361815286,0.10833117662408319,112.88524210579646
944,118,n06,0.7384817615622645,0.07939378040753924,106.33753258452947
944,118,n07,0.7158109915707805,0.08364017881023572,91.20302366976284
944,118,n08,0.6720822669665141,0.06400551132145543,96.04136463337841
944,118,n09,0.7637566605059745,0.06208303024707915,113.03137576886434
944,118,n10,0.7007300107126861,0.059113317740982996,120.38921850865206
944,118,n11,0.7834448527791926,0.08362313879169156,108.55144298285984
944,118,n12,0.7039038601670561,0.07274918708157789,101.23467083239103
944,118,n13,0.780105440487191,0.08663892627946507,98.78048197151652
944,118,n14,0.7374499916936185,0.07682546985156363,109.16569659705321
944,118,n15,0.7138105485447384,0.08974603163849025,106.66346347929701
944,118,n16,0.7641844558185009,0.08922548325170611,108.9835252938473
944,118,n17,0.6316988496230853,0.09437479959776608,95.28679195387298
945,118,n00,0.24628430968018605,0.031921958804777974,34.82810193514495
945,118,n01,0.24600002620946662,0.04121160802948849,43.29969297141804
945,118,n02,0.3427446403958756,0.029315632391104917,50.75805258125762
945,118,n03,0.21483773714485163,0.02852308938101814,56.867263915556364
945,118,n04,0.2991570861414305,0.019894159781559943,45.150403829206525
945,118,n05,0.2693926230961784,0.0026063200035583156,40.89007255494785
945,118,n06,0.25603260089034036,0.014494966170719064,47.98359226093656
945,118,n07,0.3106264379146408,0.020437232890623803,45.5295414398737
945,118,n08,0.2360553387883979,0.03612489254202131,41.209629576886236
945,118,n09,0.10947290884045771,0.017922901640235158,37.6879682461745
945,118,n10,0.21670239070332076,0.03420496463455584,45.753059849064755
945,118,n11,0.28194493068453813,0.022167453387215937,29.208269194757115
945,118,n12,0.33457192134560115,0.02170204573969081,59.184387661936654
945,118,n13,0.2329410932728828,0.029026900415696593,57.04538073941963
945,118,n14,0.19795021026124232,0.019921355010967944,49.52764219163891
945,118,n15,0.27202203618110504,0.01131229544382889,40.7636994384257
945,118,n16,0.23937470397681687,0.032492975038504145,26.68027631132442
945,118,n17,0.2332270997589093,0.04963010691701361,56.77055754387194
946,118,n00,0.7794461836739511,0.07940088957376965,103.90645351842379
946,118,n01,0.7725250332802801,0.07933790412639119,106.9277654355351
946,118,n02,0.7042337885301955,0.07805221238484213,118.84767968263914
946,118,n03,0.7626296028128813,0.09174049582310786,100.05525848607698
946,118,n04,0.7049077820008629,0.08935749818501457,95.54536351772437
946,118,n05,0.7340842555415323,0.07809042012539136,99.4579693612082
946,118,n06,0.7419734720707969,0.0762156209827188,115.40461766975065
946,118,n07,0.760664444046702,0.08192102513470467,107.98732649996343
946,118,n08,0.7612898980434957,0.07976993610062992,110.26230322341131
946,118,n09,0.7317554126779477,0.06664332402209612,109.33515667413774
946,118,n10,0.741260699873868,0.08035098569706742,108.44697388478093
946,118,n11,0.7671461010585939,0.09700349815355298,111.32583723212396
946,118,n12,0.7347069013898669,0.0647108890203619,99.67212344264455
946,118,n13,0.7353190308118372,0.08324154795271226,121.45039384715314
946,118,n14,0.6274066064555889,0.07435448690443046,102.10829137640827
946,118,n15,0.7289010448575585,0.07623102607879143,107.85905428330545
946,118,n16,0.7336729469887256,0.04514732549637983,113.87304041059173
946,118,n17,0.6725680840463151,0.08790024519327551,100.27946696563926
947,118,n00,0.2634105069614789,0.038157722855206244,52.26445136084478
947,118,n01,0.22182680926162945,0.002449924056731844,44.239373042767674
947,118,n02,0.22703489744228336,0.03346186897039718,43.51303094873584
947,118,n03,0.2479334733938351,0.03621251518016501,34.284528012726454
947,118,n04,0.42210287563060067,0.0034086597295682614,38.98017456103986
947,118,n05,0.25254119729458574,0.02030013210606412,39.65566017212441
947,118,n06,0.23186692438423567,0.025845691068698752,35.50687089467962
947,118,n07,0.2557398039769879,0.026219492892292525,41.931039268393526
947,118,n08,0.2933391780635062,0.03130620858943156,61.29253902292152
947,118,n09,0.27940116128421294,0.023306610742245253,47.64096760286848
947,118,n10,0.27104305586658445,0.03721052372323783,39.97053894014272
947,118,n11,0.3185426621353723,0.043238860611591365,44.65239990402919
947,118,n12,0.2829365864471941,0.027551421697137212,37.352543495074606
947,118,n13,0.2599504480511665,0.03800303463922708,43.41085261640108
947,118,n14,0.25169696331437924,0.035583107215296075,36.291279208691634
947,118,n15,0.24669692830422305,0.022910279608278822,47.01439917741806
947,118,n16,0.26211214727336973,0.032775980108612504,45.576730931040494
947,118,n17,0.2075869532818861,0.0033718083345010627,43.95678722703055
948,118,n00,0.1624081904358698,0.047626966760113354,32.07233790411014
948,118,n01,0.26846822859907793,0.031058246665083826,50.936831728528716
948,118,n02,0.19252203138900006,0.02489194529224331,44.3209871544883
948,118,n03,0.2351195446814277,0.04273621367732955,60.54220340788877
948,118,n04,0.28616400344854503,0.03925774287575378,47.3091597426845
948,118,n05,0.26075287931145896,0.023005405352795893,49.49338305167567
948,118,n06,0.20188071470795274,0.034355992959043465,43.62273233624921
948,118,n07,0.20759242327162128,0.022898594949207797,62.794885944833666
948,118,n08,0.2159445108300214,0.048520563947805115,32.064327985909266
948,118,n09,0.29984178956139446,0.019011130486834418,51.611599086763405
948,118,n10,0.17855278340958036,0.02515368329479656,48.62596313545775
948,118,n11,0.16747209245955327,0.0352929330595088,38.59828458284091
948,118,n12,0.25803267160571663,0.04095917793294808,44.60310556099217
948,118,n13,0.294192401307115,0.05963127892855362,51.62933207849687
948,118,n14,0.28474821076120965,0.017112839875509114,52.78720441427535
948,118,n15,0.2566642694781952,0.024160526958642955,43.31659777743229
948,118,n16,0.2726452405292724,0.025071077363903013,51.295267268560856
948,118,n17,0.2700199414325995,0.056120014134641356,39.1609431326805
949,118,n00,0.26705889659039306,0.027307980399189608,28.972258358177324
949,118,n01,0.14990626812372748,0.030491372445863474,35.468369398211486
949,118,n02,0.216867476475962,0.03900546697600112,41.86388715201817
949,118,n03,0.22554373641069353,0.03133562518454594,41.142108815471865
949,118,n04,0.19060002733663137,0.016938514785540627,45.938167868707
949,118,n05,0.3450218158543539,0.028748101658022128,36.538293122863706
949,118,n06,0.2515497795618066,0.020041725196723023,42.22634464027908
949,118,n07,0.2178925564872628,0.034218787192929555,45.75894410189265
949,118,n08,0.2713044432474704,0.0326308551354066,31.23730059534728
949,118,n09,0.2882030576455134,0.03519599298080762,38.4676422034268
949,118,n10,0.23963464133860934,0.04485259217037038,42.82796493586424
949,118,n11,0.26226419231717635,0.04717104830144683,53.44608068423342
949,118,n12,0.2492861907018163,0.019048442345243718,48.38872063881639
949,118,n13,0.24599081839207368,0.02365501957409077,41.44071334917582
949,118,n14,0.24629692509227114,0.04559332341381664,54.11616725249918
949,118,n15,0.32296887451934053,0.032628960325991795,46.39291981683539
949,118,n16,0.2335543069758002,0.031156852383352977,44.26255554340968
949,118,n17,0.27898179553303065,0.03779906046939056,41.94901942741234
950,118,n00,0.6779697534345225,0.07718050448688778,110.23507618132781
950,118,n01,0.7154969976622476,0.09433084785760193,126.76325797292398
950,118,n02,0.7386074991557918,0.06740422542087092,111.15324514065675
950,118,n03,0.7544828623964276,0.09748165907481951,106.64855649255833
950,118,n04,0.7073505988745412,0.06258931053174058,113.42462893153245
950,118,n05,0.7363741271644287,0.07909733083551013,119.63799541069784
950,118,n06,0.7522644863994901,0.07993643012385962,104.33028756758793
950,118,n07,0.6789463691018215,0.07871878817245202,110.26356495532549
950,118,n08,0.6892422056603386,0.07520984635436595,113.7316457881066
950,118,n09,0.7156813971086923,0.05335794644746614,106.66998788767056
950,118,n10,0.7231887580621754,0.07127135219667183,114.3338968325883
950,118,n11,0.7502921760204655,0.06482775442431235,103.26964492846047
950,118,n12,0.7491805153181194,0.07044294045011179,102.07388793842935
950,118,n13,0.6680560805396009,0.08895263691687075,111.78317862535977
950,118,n14,0.6873499223390976,0.09292782322987067,120.11521430641365
950,118,n15,0.6455448701882661,0.08480803832524353,118.96897649182168
950,118,n16,0.7197153063741752,0.07801440004839785,125.04091963018891
950,118,n17,0.7189276751982653,0.07882549682385212,124.72721530654155
951,118,n00,0.713493427756581,0.0846675988484929,99.79403592796425
951,118,n01,0.6443442660844171,0.08799984901850948,108.39771979759298
951,118,n02,0.7045271038532411,0.07495209154238687,96.2950336581536
951,118,n03,0.6774268397901971,0.07369026742305874,118.03704261073543
951,118,n04,0.6893064729308357,0.08176667044009632,117.1630861068176
951,118,n05,0.668270154861825,0.06371271526680197,108.51759100167399
951,118,n06,0.6893575562479887,0.09875491174653508,108.03246260712501
951,118,n07,0.6690868412407791,0.06816825091057348,119.6253903093112
951,118,n08,0.6357002254176768,0.07529300861472603,114.93740393334302
951,118,n09,0.7304505115747336,0.08486182135756017,101.73102375151429
951,118,n10,0.6700246895411474,0.08703171911247017,103.5316588600523
951,118,n11,0.6305522114123935,0.09954550369493166,122.75167561743025
951,118,n12,0.7093338107863395,0.07409309829154996,119.27747007590533
951,118,n13,0.813404365840635,0.06264548093941762,91.53285106409393
951,118,n14,0.7428282572626868,0.08748075422918926,99.68992691604875
951,118,n15,0.7095769174494165,0.08068492432139392,113.08796079455959
951,118,n16,0.6322204205482407,0.0745003509057449,123.43278109649489
951,118,n17,0.7244219680056456,0.08786130148876535,113.62645648357065
952,119,n00,0.7928267578917009,0.05784442248930326,107.62905793783113
952,119,n01,0.6912544068985415,0.07789500624401069,104.18572959905201
952,119,n02,0.7687507270913038,0.06817493912884383,98.22067453805366
952,119,n03,0.6571408537556025,0.07006516848260137,117.91357389797479
952,119,n04,0.7026250194488758,0.07404912231731886,107.46782950320588
952,119,n05,0.7456434302170944,0.06411123279998082,106.74579417759247
952,119,n06,0.6527706817725643,0.056501517795762346,101.27991998521331
952,119,n07,0.7079564999345538,0.09975423412693485,111.32991132396481
952,119,n08,0.6978422191620038,0.07819276080618351,104.67472826960473
952,119,n09,0.7408513935685115,0.07386379913354221,92.15861674918551
952,119,n10,0.6308496850405009,0.06951403457400748,109.98047449637154
952,119,n11,0.7882808157450423,0.08344229269188724,112.9021467578826
952,119,n12,0.8672170051332522,0.06064493665665859,113.0495291968578
952,119,n13,0.776069270221593,0.09577569223250551,113.23589867716862
952,119,n14,0.7748249945302343,0.06314594325883253,106.26551778852019
952,119,n15,0.7681914773258334,0.08338649870146864,115.17952818777611
953,119,n00,0.258763435400249,0.022096133218744103,61.24978680640369
953,119,n01,0.24072151523447333,0.03801158443088258,46.51953813091056
953,119,n02,0.26453182752506543,0.02089009435906411,51.166639059557006
953,119,n03,0.27466043286400377,0.04406146060572689,48.24961596535293
953,119,n04,0.13207796878941191,0.03018103684592028,50.472843167265054
953,119,n05,0.26373190869871127,0.024923467040275225,50.67970767839345
953,119,n06,0.25512631415406695,0.04113661348637205,29.346407808962795
953,119,n07,0.2684310609680649,0.030786821541550307,38.5274457821883
953,119,n08,0.32145920297065345,0.004305491339236193,23.022160726093055
953,119,n09,0.2819978260752819,0.02830983871759906,48.98732287888176
953,119,n10,0.15337125174616795,0.03492794698113347,44.72330940555149
953,119,n11,0.23251783457280994,0.03610859118269741,41.99840156407191
953,119,n12,0.2793991965082807,0.0009023756140961667,43.191198062929494
953,119,n13,0.23175979133924174,0.026089482096718263,47.27207578335809
953,119,n14,0.32688484075805807,0.028570342942168078,33.61749473718173
953,119,n15,0.2886441191957085,0.03850051062401693,38.22295484221372
954,119,n00,0.18692615364191467,0.0395055538387793,42.38533041484046
954,119,n01,0.2972239396688556,0.041120456820349524,44.4941632016155
954,119,n02,0.22997886179242946,0.019950244099048317,40.150335821403054
954,119,n03,0.2987010093867115,0.030587907605200554,43.5084017857219
954,119,n04,0.20452359765083586,0.03301365684781433,45.76857433037034
954,119,n05,0.2728244977787816,0.007438743960330615,36.93670598106857
954,119,n06,0.22375770346398208,0.025584906028912564,41.45281634262499
954,119,n07,0.21508645026762876,0.03467487901289085,35.16467991899465
954,119,n08,0.30278706175105624,0.03116095617304889,50.609394813715525
954,119,n09,0.223946469557827,0.03816655803433418,55.63269956363678
954,119,n10,0.2491959301698276,0.0019226200050801445,51.7093824937852
954,119,n11,0.2548401898635142,0.014279019633921013,54.63468752381014
954,119,n12,0.24577239839427134,0.035065208730759106,58.77569222497023
954,119,n13,0.26092713362905373,0.03082465665960633,53.01571725944949
954,119,n14,0.29631939968686866,0.012490187234980354,38.206168196911676
954,119,n15,0.3365916174129784,0.04460666400768318,38.42916791242981
955,119,n00,0.6917169146176352,0.08651464787828556,109.66184588295849
955,119,n01,0.7231313531419232,0.08497060379932345,109.46507489911576
955,119,n02,0.6619400004004634,0.08147580130634506,115.29292134895665
955,119,n03,0.7343033927432687,0.08462393194189133,96.27227667263439
955,119,n04,0.7745944156957919,0.07041706222118563,111.10469275084465
955,119,n05,0.7327920682625181,0.08315515276238397,116.30121263888662
955,119,n06,0.744848175563708,0.08690994719867609,118.99791132183594
955,119,n07,0.811253465011105,0.0857899445856888,103.1013072363408
955,119,n08,0.79289043406147,0.08647715783225131,98.85354492772831
955,119,n09,0.6858573153072888,0.09426144400168357,116.72183435854349
955,119,n10,0.8051421314898497,0.09612874409667355,120.35164582875464
955,119,n11,0.7345116907241596,0.06746865481729764,113.49385076365954
955,119,n12,0.7149553447805093,0.08332136621211102,110.48876221171129
955,119,n13,0.7359053705442671,0.0791302243513288,120.65313434346103
955,119,n14,0.6960040809842672,0.0924165733664953,102.49602309735624
955,119,n15,0.7852895883294104,0.08511167265584788,117.29604108718037
956,119,n00,0.24112379194800213,0.03534990469428094,26.74463896154221
956,119,n01,0.1646463044299592,0.034361019215523515,15.98499506462893
956,119,n02,0.1688694182254963,0.03544807787606374,46.23808954797698
956,119,n03,0.17870920229888093,0.04042483590159935,39.0895794588851
956,119,n04,0.2563866730331153,0.009378786028385235,53.212364175072985
956,119,n05,0.2691127670687348,0.04102887974055393,42.288778493383504
956,119,n06,0.3072347636066379,0.024991218229125756,48.16462501199261
956,119,n07,0.27906006471069766,0.0551225295009228,55.59849990936851
956,119,n08,0.26653849946569425,0.03598216506419911,53.902929149617194
956,119,n09,0.15746617669039037,0.027853180951338905,54.04876822900736
956,119,n10,0.21807092456795846,0.013045921875250176,36.94095937268336
956,119,n11,0.31627462750011015,0.02933294071083011,51.87583753718851
956,119,n12,0.2609910040309421,0.0459583472155206,49.498546353223624
956,119,n13,0.28862436979472195,0.0315593170307354,41.884029134689875
956,119,n14,0.22221910643683676,0.02126589887974202,47.849205900077635
956,119,n15,0.26080652738137466,0.03401548852396806,50.73257969550073
957,119,n00,0.25224094610982056,0.032332672523197666,28.54220636377173
957,119,n01,0.2537392584435034,0.0283223781070657,46.34742947545557
957,119,n02,0.24296772921349744,0.01680172644278918,59.38597761260079
957,119,n03,0.3620510122583326,0.0328555104639767,38.047398875280464
957,119,n04,0.2948025954017929,0.04752421408345646,56.423738210599936
957,119,n05,0.34101326186266173,0.02055740224309576,32.297243877329905
957,119,n06,0.255324219792963,0.028114566074112116,34.68475435369447
957,119,n07,0.22944414543342334,0.012090179789609051,55.017877787640785
957,119,n08,0.2845618502045117,0.037651311577913744,42.28735759654505
957,119,n09,0.28286725373198507,0.044880629756035045,46.39972195912314
957,119,n10,0.16391571371534536,0.011175719481454106,50.30162595524413
957,119,n11,0.32834413497518367,0.03626225044345179,45.81392547172351
957,119,n12,0.2704369884874263,0.04301304639597519,37.18543606907242
957,119,n13,0.2177635678840044,0.02799900139839837,31.378930379442348
957,119,n14,0.2095219342783024,0.03055439464563275,31.66368567708786
957,119,n15,0.2595788981785839,0.02431312883108284,32.457104969405755
958,119,n00,0.7592737331772491,0.07548242615100213,97.45602431772014
958,119,n01,0.729766249453275,0.07661032650823092,97.50458078251557
958,119,n02,0.6796862274412655,0.0806324509699254,121.13187371881183
958,119,n03,0.7142433693066633,0.09224398246656723,100.79591140813847
958,119,n04,0.7474984728131576,0.06593466898393935,107.95051949729442
958,119,n05,0.7114135271365771,0.09117730066428761,102.04953644715862
958,119,n06,0.6746932067265905,0.06801877219426074,116.50528618978866
958,119,n07,0.6999463283504868,0.07981249953844492,107.35865976259495
958,119,n08,0.8062491889649681,0.10084020038862486,119.72982074773624
958,119,n09,0.6904560656694044,0.07468137186351159,107.95034284405821
958,119,n10,0.7591453986763895,0.08245398070281611,112.88086886309328
958,119,n11,0.7635216388261988,0.08356675105897413,106.70927311747921
958,119,n12,0.7209069946622164,0.061120996905236286,108.09890243330952
958,119,n13,0.7382779172854559,0.07086406481051843,104.23909389978304
958,119,n14,0.7314761104564638,0.0918696735787139,98.90381104431947
958,119,n15,0.6968742228085801,0.0813376742911919,110.39503507505718
959,119,n00,0.19639081757892557,0.02169298698373132,71.36124161986925
959,119,n01,0.17356042753869422,0.006870393521867274,40.83556600168359
959,119,n02,0.1859542855678266,0.013004912208370033,48.596016831977494
959,119,n03,0.12909105000964738,0.029384234398868052,43.078939534218186
959,119,n04,0.24869627170569938,0.02554531686888298,44.7624680273696
959,119,n05,0.20227156623335807,0.03799681883510798,39.1562922855381
959,119,n06,0.2576644374611618,0.03669180244522242,49.96510830188834
959,119,n07,0.24590713131942346,0.02589270217582204,48.65012789199449
959,119,n08,0.3193323012905501,0.02265692719046938,46.6502230433281
959,119,n09,0.2571940761228633,0.028949238266478074,50.01508901726113
959,119,n10,0.22707762533704057,0.037882338811287344,41.59869062003593
959,119,n11,0.15928277120972445,0.010222160906973594,34.45757055131669
959,119,n12,0.17903410278262089,0.025211261129294275,61.50834276890461
959,119,n13,0.21210990519260736,0.03987543508358974,47.83007576562123
959,119,n14,0.22677552150696295,0.01917611682525265,47.27747108446761
959,119,n15,0.30631684003427023,0.03520224000603621,34.367554446574026
