repeat,fold,method,sample_id,alarms,prediction,target
0,0,FixedThreshold,80,[],0,0
0,0,FixedThreshold,81,[],0,0
0,0,FixedThreshold,82,[],0,0
0,0,FixedThreshold,83,[],0,0
0,0,FixedThreshold,84,[],0,0
0,0,FixedThreshold,85,[],0,0
0,0,FixedThreshold,86,[],0,0
0,0,FixedThreshold,87,[],0,0
0,0,FixedThreshold,120,[],0,0
0,0,FixedThreshold,121,"[""n01"", ""n07""]",0,0
0,0,FixedThreshold,122,[],0,0
0,0,FixedThreshold,123,[],0,0
0,0,FixedThreshold,124,[],0,0
0,0,FixedThreshold,125,[],0,0
0,0,FixedThreshold,126,[],0,0
0,0,FixedThreshold,127,[],0,0
0,0,FixedThreshold,152,[],0,0
0,0,FixedThreshold,153,[],0,0
0,0,FixedThreshold,154,[],0,0
0,0,FixedThreshold,155,[],0,0
0,0,FixedThreshold,156,[],0,0
0,0,FixedThreshold,157,"[""n08""]",0,0
0,0,FixedThreshold,158,[],0,0
0,0,FixedThreshold,159,[],0,0
0,0,FixedThreshold,208,[],0,0
0,0,FixedThreshold,209,[],0,0
0,0,FixedThreshold,210,"[""n16""]",0,0
0,0,FixedThreshold,211,[],0,0
0,0,FixedThreshold,212,"[""n03"", ""n04""]",0,0
0,0,FixedThreshold,213,[],0,0
0,0,FixedThreshold,214,[],0,0
0,0,FixedThreshold,215,[],0,0
0,0,FixedThreshold,272,[],0,0
0,0,FixedThreshold,273,[],0,0
0,0,FixedThreshold,274,[],0,0
0,0,FixedThreshold,275,"[""n03""]",0,0
0,0,FixedThreshold,276,[],0,0
0,0,FixedThreshold,277,[],0,0
0,0,FixedThreshold,278,[],0,0
0,0,FixedThreshold,279,"[""n05""]",0,0
0,0,FixedThreshold,304,[],0,0
0,0,FixedThreshold,305,[],0,0
0,0,FixedThreshold,306,[],0,0
0,0,FixedThreshold,307,[],0,1
0,0,FixedThreshold,308,"[""n07""]",0,0
0,0,FixedThreshold,309,[],0,0
0,0,FixedThreshold,310,"[""n10""]",0,0
0,0,FixedThreshold,311,[],0,0
0,0,FixedThreshold,336,"[""n07""]",0,0
0,0,FixedThreshold,337,"[""n09""]",0,0
0,0,FixedThreshold,338,[],0,0
0,0,FixedThreshold,339,[],0,0
0,0,FixedThreshold,340,[],0,0
0,0,FixedThreshold,341,"[""n03"", ""n08""]",0,0
0,0,FixedThreshold,342,[],0,0
0,0,FixedThreshold,343,[],0,0
0,0,FixedThreshold,344,[],0,0
0,0,FixedThreshold,345,"[""n03""]",0,0
0,0,FixedThreshold,346,[],0,0
0,0,FixedThreshold,347,"[""n02"", ""n03"", ""n06""]",0,1
0,0,FixedThreshold,348,[],0,0
0,0,FixedThreshold,349,"[""n01""]",0,0
0,0,FixedThreshold,350,[],0,0
0,0,FixedThreshold,351,[],0,0
0,0,FixedThreshold,360,[],0,0
0,0,FixedThreshold,361,"[""n03""]",0,0
0,0,FixedThreshold,362,[],0,0
0,0,FixedThreshold,363,"[""n09""]",0,0
0,0,FixedThreshold,364,[],0,0
0,0,FixedThreshold,365,"[""n04"", ""n05""]",0,0
0,0,FixedThreshold,366,[],0,0
0,0,FixedThreshold,367,[],0,0
0,0,FixedThreshold,384,[],0,0
0,0,FixedThreshold,385,[],0,1
0,0,FixedThreshold,386,[],0,0
0,0,FixedThreshold,387,[],0,0
0,0,FixedThreshold,388,[],0,0
0,0,FixedThreshold,389,[],0,0
0,0,FixedThreshold,390,[],0,0
0,0,FixedThreshold,391,[],0,0
0,0,FixedThreshold,392,[],0,0
0,0,FixedThreshold,393,[],0,0
0,0,FixedThreshold,394,[],0,0
0,0,FixedThreshold,395,[],0,0
0,0,FixedThreshold,396,[],0,0
0,0,FixedThreshold,397,"[""n15""]",0,0
0,0,FixedThreshold,398,"[""n01"", ""n09""]",1,1
0,0,FixedThreshold,399,[],0,1
0,0,FixedThreshold,448,[],0,0
0,0,FixedThreshold,449,"[""n13""]",1,1
0,0,FixedThreshold,450,[],0,0
0,0,FixedThreshold,451,[],0,0
0,0,FixedThreshold,452,[],0,0
0,0,FixedThreshold,453,[],0,0
0,0,FixedThreshold,454,"[""n04""]",0,0
0,0,FixedThreshold,455,"[""n09""]",0,0
0,0,FixedThreshold,464,[],0,0
0,0,FixedThreshold,465,"[""n00"", ""n01""]",0,0
0,0,FixedThreshold,466,[],0,0
0,0,FixedThreshold,467,"[""n04""]",0,0
0,0,FixedThreshold,468,[],0,0
0,0,FixedThreshold,469,[],0,0
0,0,FixedThreshold,470,[],0,0
0,0,FixedThreshold,471,[],0,0
0,0,FixedThreshold,480,[],0,0
0,0,FixedThreshold,481,"[""n06""]",0,0
0,0,FixedThreshold,482,[],0,0
0,0,FixedThreshold,483,[],0,0
0,0,FixedThreshold,484,[],0,0
0,0,FixedThreshold,485,[],0,0
0,0,FixedThreshold,486,"[""n06""]",0,0
0,0,FixedThreshold,487,[],0,0
0,0,FixedThreshold,568,"[""n02""]",0,0
0,0,FixedThreshold,569,[],0,0
0,0,FixedThreshold,570,[],0,0
0,0,FixedThreshold,571,[],0,0
0,0,FixedThreshold,572,[],0,0
0,0,FixedThreshold,573,[],0,0
0,0,FixedThreshold,574,[],0,0
0,0,FixedThreshold,575,"[""n09""]",0,0
0,0,FixedThreshold,640,[],0,0
0,0,FixedThreshold,641,[],0,0
0,0,FixedThreshold,642,[],0,0
0,0,FixedThreshold,643,[],0,1
0,0,FixedThreshold,644,[],0,0
0,0,FixedThreshold,645,[],0,0
0,0,FixedThreshold,646,[],0,0
0,0,FixedThreshold,647,"[""n04"", ""n15""]",1,1
0,0,FixedThreshold,680,"[""n03""]",0,0
0,0,FixedThreshold,681,[],0,0
0,0,FixedThreshold,682,[],0,0
0,0,FixedThreshold,683,[],0,0
0,0,FixedThreshold,684,[],0,0
0,0,FixedThreshold,685,[],0,0
0,0,FixedThreshold,686,[],0,0
0,0,FixedThreshold,687,[],0,0
0,0,FixedThreshold,720,[],0,0
0,0,FixedThreshold,721,[],0,0
0,0,FixedThreshold,722,[],0,0
0,0,FixedThreshold,723,[],0,0
0,0,FixedThreshold,724,[],0,0
0,0,FixedThreshold,725,[],0,0
0,0,FixedThreshold,726,[],0,0
0,0,FixedThreshold,727,[],0,1
0,0,FixedThreshold,728,"[""n13""]",0,0
0,0,FixedThreshold,729,[],0,0
0,0,FixedThreshold,730,[],0,0
0,0,FixedThreshold,731,[],0,1
0,0,FixedThreshold,732,[],0,0
0,0,FixedThreshold,733,[],0,0
0,0,FixedThreshold,734,[],0,0
0,0,FixedThreshold,735,[],0,0
0,0,FixedThreshold,752,[],0,0
0,0,FixedThreshold,753,"[""n05""]",0,0
0,0,FixedThreshold,754,[],0,0
0,0,FixedThreshold,755,"[""n05""]",0,0
0,0,FixedThreshold,756,[],0,0
0,0,FixedThreshold,757,[],0,0
0,0,FixedThreshold,758,"[""n06""]",0,0
0,0,FixedThreshold,759,[],0,0
0,0,FixedThreshold,768,[],0,0
0,0,FixedThreshold,769,[],0,0
0,0,FixedThreshold,770,[],0,0
0,0,FixedThreshold,771,"[""n02""]",0,0
0,0,FixedThreshold,772,[],0,1
0,0,FixedThreshold,773,"[""n03""]",0,0
0,0,FixedThreshold,774,[],0,0
0,0,FixedThreshold,775,"[""n03"", ""n12""]",1,1
0,0,FixedThreshold,784,[],0,0
0,0,FixedThreshold,785,[],0,0
0,0,FixedThreshold,786,[],0,0
0,0,FixedThreshold,787,[],0,0
0,0,FixedThreshold,788,[],0,0
0,0,FixedThreshold,789,[],0,1
0,0,FixedThreshold,790,[],0,0
0,0,FixedThreshold,791,[],0,0
0,0,FixedThreshold,864,[],0,1
0,0,FixedThreshold,865,[],0,0
0,0,FixedThreshold,866,"[""n01""]",0,0
0,0,FixedThreshold,867,"[""n01"", ""n04""]",0,0
0,0,FixedThreshold,868,[],0,0
0,0,FixedThreshold,869,[],0,0
0,0,FixedThreshold,870,[],0,0
0,0,FixedThreshold,871,[],0,0
0,0,FixedThreshold,888,"[""n04"", ""n11""]",0,0
0,0,FixedThreshold,889,[],0,0
0,0,FixedThreshold,890,[],0,0
0,0,FixedThreshold,891,"[""n07""]",0,0
0,0,FixedThreshold,892,[],0,0
0,0,FixedThreshold,893,[],0,0
0,0,FixedThreshold,894,[],0,0
0,0,FixedThreshold,895,"[""n09""]",0,1
0,0,SingleCenter,80,"[""n04"", ""n12""]",0,0
0,0,SingleCenter,81,"[""n03""]",0,0
0,0,SingleCenter,82,"[""n02""]",0,0
0,0,SingleCenter,83,"[""n04""]",0,0
0,0,SingleCenter,84,"[""n03"", ""n04"", ""n10"", ""n13""]",0,0
0,0,SingleCenter,85,"[""n09""]",0,0
0,0,SingleCenter,86,[],0,0
0,0,SingleCenter,87,"[""n10"", ""n14""]",0,0
0,0,SingleCenter,120,"[""n15""]",0,0
0,0,SingleCenter,121,"[""n01"", ""n03"", ""n07"", ""n09"", ""n13"", ""n16""]",1,0
0,0,SingleCenter,122,"[""n13""]",0,0
0,0,SingleCenter,123,"[""n02""]",0,0
0,0,SingleCenter,124,"[""n09""]",0,0
0,0,SingleCenter,125,"[""n08"", ""n10""]",0,0
0,0,SingleCenter,126,"[""n03""]",0,0
0,0,SingleCenter,127,[],0,0
0,0,SingleCenter,152,"[""n05"", ""n09""]",0,0
0,0,SingleCenter,153,[],0,0
0,0,SingleCenter,154,[],0,0
0,0,SingleCenter,155,"[""n00"", ""n06""]",0,0
0,0,SingleCenter,156,"[""n08""]",0,0
0,0,SingleCenter,157,"[""n08""]",0,0
0,0,SingleCenter,158,"[""n01""]",0,0
0,0,SingleCenter,159,"[""n05""]",0,0
0,0,SingleCenter,208,"[""n13""]",0,0
0,0,SingleCenter,209,"[""n11"", ""n12"", ""n14""]",0,0
0,0,SingleCenter,210,"[""n04"", ""n16""]",0,0
0,0,SingleCenter,211,"[""n15"", ""n16""]",0,0
0,0,SingleCenter,212,"[""n03"", ""n04""]",0,0
0,0,SingleCenter,213,"[""n06"", ""n12""]",0,0
0,0,SingleCenter,214,"[""n11""]",0,0
0,0,SingleCenter,215,"[""n03""]",0,0
0,0,SingleCenter,272,[],0,0
0,0,SingleCenter,273,"[""n01""]",0,0
0,0,SingleCenter,274,"[""n15""]",0,0
0,0,SingleCenter,275,"[""n02"", ""n03""]",0,0
0,0,SingleCenter,276,"[""n03""]",0,0
0,0,SingleCenter,277,"[""n15""]",0,0
0,0,SingleCenter,278,"[""n05"", ""n09""]",0,0
0,0,SingleCenter,279,"[""n05"", ""n12""]",0,0
0,0,SingleCenter,304,"[""n09""]",0,0
0,0,SingleCenter,305,"[""n00""]",0,0
0,0,SingleCenter,306,"[""n06"", ""n07"", ""n08"", ""n11""]",1,0
0,0,SingleCenter,307,"[""n00"", ""n01"", ""n02"", ""n09""]",1,1
0,0,SingleCenter,308,"[""n07""]",0,0
0,0,SingleCenter,309,"[""n01"", ""n03""]",1,0
0,0,SingleCenter,310,"[""n04"", ""n10""]",0,0
0,0,SingleCenter,311,[],0,0
0,0,SingleCenter,336,[],0,0
0,0,SingleCenter,337,"[""n03"", ""n08"", ""n09""]",0,0
0,0,SingleCenter,338,[],0,0
0,0,SingleCenter,339,[],0,0
0,0,SingleCenter,340,"[""n10"", ""n11""]",0,0
0,0,SingleCenter,341,"[""n03"", ""n08""]",0,0
0,0,SingleCenter,342,[],0,0
0,0,SingleCenter,343,"[""n07"", ""n11""]",0,0
0,0,SingleCenter,344,"[""n03"", ""n09""]",0,0
0,0,SingleCenter,345,"[""n01"", ""n03"", ""n06"", ""n08"", ""n09""]",0,0
0,0,SingleCenter,346,[],0,0
0,0,SingleCenter,347,"[""n01"", ""n02"", ""n03"", ""n06""]",1,1
0,0,SingleCenter,348,[],0,0
0,0,SingleCenter,349,"[""n01""]",0,0
0,0,SingleCenter,350,[],0,0
0,0,SingleCenter,351,[],0,0
0,0,SingleCenter,360,"[""n03""]",0,0
0,0,SingleCenter,361,"[""n03"", ""n09"", ""n10""]",0,0
0,0,SingleCenter,362,[],0,0
0,0,SingleCenter,363,"[""n09""]",0,0
0,0,SingleCenter,364,"[""n00"", ""n02""]",0,0
0,0,SingleCenter,365,"[""n04"", ""n05""]",0,0
0,0,SingleCenter,366,"[""n05"", ""n09""]",0,0
0,0,SingleCenter,367,"[""n07""]",0,0
0,0,SingleCenter,384,"[""n11""]",0,0
0,0,SingleCenter,385,"[""n03"", ""n07"", ""n16""]",1,1
0,0,SingleCenter,386,"[""n02"", ""n04"", ""n05"", ""n11"", ""n12""]",0,0
0,0,SingleCenter,387,"[""n04"", ""n07""]",0,0
0,0,SingleCenter,388,"[""n01"", ""n05"", ""n10"", ""n11""]",0,0
0,0,SingleCenter,389,"[""n02"", ""n07""]",0,0
0,0,SingleCenter,390,"[""n10"", ""n11""]",0,0
0,0,SingleCenter,391,"[""n04""]",0,0
0,0,SingleCenter,392,"[""n06"", ""n08"", ""n11""]",0,0
0,0,SingleCenter,393,"[""n13""]",0,0
0,0,SingleCenter,394,"[""n02"", ""n09"", ""n15""]",0,0
0,0,SingleCenter,395,"[""n01"", ""n05"", ""n08"", ""n15""]",0,0
0,0,SingleCenter,396,"[""n00"", ""n07""]",0,0
0,0,SingleCenter,397,"[""n06"", ""n08"", ""n15""]",0,0
0,0,SingleCenter,398,"[""n01"", ""n09"", ""n10"", ""n16""]",1,1
0,0,SingleCenter,399,"[""n04"", ""n07"", ""n16""]",1,1
0,0,SingleCenter,448,"[""n03""]",0,0
0,0,SingleCenter,449,"[""n04"", ""n13""]",1,1
0,0,SingleCenter,450,"[""n01"", ""n07"", ""n10"", ""n11""]",0,0
0,0,SingleCenter,451,"[""n01"", ""n04"", ""n10""]",0,0
0,0,SingleCenter,452,[],0,0
0,0,SingleCenter,453,"[""n02"", ""n09""]",0,0
0,0,SingleCenter,454,"[""n04""]",0,0
0,0,SingleCenter,455,"[""n01"", ""n04"", ""n09""]",0,0
0,0,SingleCenter,464,"[""n02""]",0,0
0,0,SingleCenter,465,"[""n00"", ""n01"", ""n03"", ""n07""]",0,0
0,0,SingleCenter,466,"[""n03""]",0,0
0,0,SingleCenter,467,"[""n03"", ""n04""]",0,0
0,0,SingleCenter,468,"[""n00""]",0,0
0,0,SingleCenter,469,"[""n05"", ""n08""]",0,0
0,0,SingleCenter,470,[],0,0
0,0,SingleCenter,471,[],0,0
0,0,SingleCenter,480,"[""n05"", ""n08""]",0,0
0,0,SingleCenter,481,"[""n04"", ""n06"", ""n07"", ""n08""]",0,0
0,0,SingleCenter,482,"[""n06"", ""n11"", ""n12""]",0,0
0,0,SingleCenter,483,[],0,0
0,0,SingleCenter,484,"[""n00"", ""n01"", ""n05"", ""n12""]",0,0
0,0,SingleCenter,485,"[""n02""]",0,0
0,0,SingleCenter,486,"[""n06""]",0,0
0,0,SingleCenter,487,[],0,0
0,0,SingleCenter,568,"[""n02"", ""n06"", ""n13""]",0,0
0,0,SingleCenter,569,"[""n13""]",0,0
0,0,SingleCenter,570,"[""n01""]",0,0
0,0,SingleCenter,571,"[""n08""]",0,0
0,0,SingleCenter,572,"[""n13""]",0,0
0,0,SingleCenter,573,"[""n10"", ""n11""]",0,0
0,0,SingleCenter,574,"[""n06"", ""n14""]",1,0
0,0,SingleCenter,575,"[""n01"", ""n09"", ""n13""]",0,0
0,0,SingleCenter,640,[],0,0
0,0,SingleCenter,641,"[""n11""]",0,0
0,0,SingleCenter,642,[],0,0
0,0,SingleCenter,643,"[""n02"", ""n03"", ""n12"", ""n13""]",1,1
0,0,SingleCenter,644,"[""n00"", ""n04"", ""n10"", ""n13""]",0,0
0,0,SingleCenter,645,"[""n01"", ""n12"", ""n13""]",0,0
0,0,SingleCenter,646,"[""n09"", ""n10""]",0,0
0,0,SingleCenter,647,"[""n04"", ""n15"", ""n17""]",1,1
0,0,SingleCenter,680,"[""n03""]",0,0
0,0,SingleCenter,681,[],0,0
0,0,SingleCenter,682,"[""n01"", ""n10""]",0,0
0,0,SingleCenter,683,"[""n03""]",0,0
0,0,SingleCenter,684,"[""n04"", ""n08""]",0,0
0,0,SingleCenter,685,"[""n07""]",0,0
0,0,SingleCenter,686,"[""n01""]",0,0
0,0,SingleCenter,687,"[""n01""]",0,0
0,0,SingleCenter,720,[],0,0
0,0,SingleCenter,721,"[""n00""]",0,0
0,0,SingleCenter,722,[],0,0
0,0,SingleCenter,723,"[""n00"", ""n06"", ""n08"", ""n09""]",0,0
0,0,SingleCenter,724,"[""n00"", ""n05""]",0,0
0,0,SingleCenter,725,"[""n01"", ""n04""]",0,0
0,0,SingleCenter,726,[],0,0
0,0,SingleCenter,727,"[""n03"", ""n07"", ""n08""]",1,1
0,0,SingleCenter,728,"[""n11"", ""n13""]",0,0
0,0,SingleCenter,729,"[""n00""]",0,0
0,0,SingleCenter,730,[],0,0
0,0,SingleCenter,731,"[""n06"", ""n07"", ""n14"", ""n16""]",1,1
0,0,SingleCenter,732,"[""n07"", ""n08""]",0,0
0,0,SingleCenter,733,"[""n09""]",0,0
0,0,SingleCenter,734,"[""n02"", ""n14""]",0,0
0,0,SingleCenter,735,"[""n03"", ""n04""]",0,0
0,0,SingleCenter,752,"[""n05""]",0,0
0,0,SingleCenter,753,"[""n05""]",0,0
0,0,SingleCenter,754,[],0,0
0,0,SingleCenter,755,"[""n05"", ""n11""]",0,0
0,0,SingleCenter,756,"[""n03"", ""n12""]",0,0
0,0,SingleCenter,757,"[""n01""]",0,0
0,0,SingleCenter,758,"[""n06"", ""n11""]",0,0
0,0,SingleCenter,759,[],0,0
0,0,SingleCenter,768,"[""n11""]",0,0
0,0,SingleCenter,769,"[""n04"", ""n07"", ""n09""]",0,0
0,0,SingleCenter,770,"[""n02""]",0,0
0,0,SingleCenter,771,"[""n00"", ""n02"", ""n04""]",0,0
0,0,SingleCenter,772,"[""n13""]",1,1
0,0,SingleCenter,773,"[""n03"", ""n06""]",0,0
0,0,SingleCenter,774,[],0,0
0,0,SingleCenter,775,"[""n00"", ""n03"", ""n09"", ""n12""]",1,1
0,0,SingleCenter,784,"[""n07"", ""n15""]",0,0
0,0,SingleCenter,785,"[""n07"", ""n09""]",0,0
0,0,SingleCenter,786,"[""n02"", ""n03"", ""n10""]",0,0
0,0,SingleCenter,787,"[""n02"", ""n03"", ""n08"", ""n12"", ""n15""]",0,0
0,0,SingleCenter,788,"[""n09"", ""n11"", ""n15""]",1,0
0,0,SingleCenter,789,"[""n02"", ""n11""]",1,1
0,0,SingleCenter,790,"[""n09"", ""n15""]",0,0
0,0,SingleCenter,791,"[""n06"", ""n10""]",0,0
0,0,SingleCenter,864,"[""n00"", ""n02""]",1,1
0,0,SingleCenter,865,"[""n11""]",0,0
0,0,SingleCenter,866,"[""n01"", ""n03""]",0,0
0,0,SingleCenter,867,"[""n01"", ""n04"", ""n10"", ""n11""]",0,0
0,0,SingleCenter,868,"[""n10""]",0,0
0,0,SingleCenter,869,"[""n06"", ""n08""]",0,0
0,0,SingleCenter,870,"[""n00"", ""n10""]",0,0
0,0,SingleCenter,871,"[""n01""]",0,0
0,0,SingleCenter,888,"[""n04"", ""n11"", ""n13""]",0,0
0,0,SingleCenter,889,[],0,0
0,0,SingleCenter,890,"[""n01"", ""n07"", ""n14""]",1,0
0,0,SingleCenter,891,"[""n01"", ""n07"", ""n10""]",0,0
0,0,SingleCenter,892,"[""n05""]",0,0
0,0,SingleCenter,893,[],0,0
0,0,SingleCenter,894,"[""n09""]",0,0
0,0,SingleCenter,895,"[""n08"", ""n09"", ""n14""]",1,1
0,0,KMeans,80,"[""n04"", ""n12"", ""n13""]",0,0
0,0,KMeans,81,"[""n03"", ""n04"", ""n07""]",0,0
0,0,KMeans,82,"[""n02""]",0,0
0,0,KMeans,83,"[""n04""]",0,0
0,0,KMeans,84,"[""n03""]",0,0
0,0,KMeans,85,"[""n04"", ""n09""]",0,0
0,0,KMeans,86,"[""n05"", ""n14""]",0,0
0,0,KMeans,87,"[""n10"", ""n14""]",0,0
0,0,KMeans,120,"[""n15""]",0,0
0,0,KMeans,121,"[""n01"", ""n03"", ""n05"", ""n07"", ""n12"", ""n16""]",1,0
0,0,KMeans,122,"[""n13""]",0,0
0,0,KMeans,123,"[""n01"", ""n02"", ""n15""]",0,0
0,0,KMeans,124,"[""n03"", ""n09""]",0,0
0,0,KMeans,125,[],0,0
0,0,KMeans,126,"[""n03""]",0,0
0,0,KMeans,127,"[""n10""]",0,0
0,0,KMeans,152,"[""n05"", ""n09""]",0,0
0,0,KMeans,153,"[""n04"", ""n06""]",0,0
0,0,KMeans,154,"[""n00"", ""n09""]",0,0
0,0,KMeans,155,"[""n00"", ""n01"", ""n06""]",0,0
0,0,KMeans,156,"[""n08""]",0,0
0,0,KMeans,157,"[""n08"", ""n09""]",0,0
0,0,KMeans,158,"[""n01"", ""n07""]",0,0
0,0,KMeans,159,"[""n00"", ""n03"", ""n05"", ""n08""]",0,0
0,0,KMeans,208,"[""n13""]",0,0
0,0,KMeans,209,"[""n11"", ""n12"", ""n14""]",0,0
0,0,KMeans,210,"[""n16""]",0,0
0,0,KMeans,211,"[""n15"", ""n16""]",0,0
0,0,KMeans,212,"[""n03"", ""n04""]",0,0
0,0,KMeans,213,"[""n04"", ""n06"", ""n10"", ""n12""]",0,0
0,0,KMeans,214,"[""n11""]",0,0
0,0,KMeans,215,"[""n03""]",0,0
0,0,KMeans,272,"[""n01""]",0,0
0,0,KMeans,273,"[""n06""]",0,0
0,0,KMeans,274,[],0,0
0,0,KMeans,275,"[""n03"", ""n09"", ""n11""]",0,0
0,0,KMeans,276,"[""n03"", ""n13""]",0,0
0,0,KMeans,277,[],0,0
0,0,KMeans,278,"[""n05"", ""n09"", ""n11""]",0,0
0,0,KMeans,279,"[""n05"", ""n12""]",0,0
0,0,KMeans,304,"[""n09""]",0,0
0,0,KMeans,305,"[""n00""]",0,0
0,0,KMeans,306,"[""n07"", ""n08""]",0,0
0,0,KMeans,307,"[""n00"", ""n01"", ""n02"", ""n09""]",1,1
0,0,KMeans,308,"[""n07""]",0,0
0,0,KMeans,309,[],0,0
0,0,KMeans,310,"[""n10""]",0,0
0,0,KMeans,311,[],0,0
0,0,KMeans,336,"[""n10""]",0,0
0,0,KMeans,337,"[""n03"", ""n08"", ""n09""]",0,0
0,0,KMeans,338,"[""n07"", ""n08""]",0,0
0,0,KMeans,339,"[""n03""]",0,0
0,0,KMeans,340,[],0,0
0,0,KMeans,341,"[""n03"", ""n08"", ""n12""]",1,0
0,0,KMeans,342,[],0,0
0,0,KMeans,343,"[""n07"", ""n11""]",0,0
0,0,KMeans,344,"[""n03"", ""n09""]",0,0
0,0,KMeans,345,"[""n03"", ""n08"", ""n10""]",0,0
0,0,KMeans,346,[],0,0
0,0,KMeans,347,"[""n01"", ""n02"", ""n03"", ""n06""]",1,1
0,0,KMeans,348,"[""n01""]",0,0
0,0,KMeans,349,"[""n01""]",0,0
0,0,KMeans,350,[],0,0
0,0,KMeans,351,[],0,0
0,0,KMeans,360,"[""n03""]",0,0
0,0,KMeans,361,"[""n09""]",0,0
0,0,KMeans,362,[],0,0
0,0,KMeans,363,"[""n09""]",0,0
0,0,KMeans,364,"[""n00"", ""n02""]",0,0
0,0,KMeans,365,"[""n04"", ""n05""]",0,0
0,0,KMeans,366,"[""n08""]",0,0
0,0,KMeans,367,"[""n07""]",0,0
0,0,KMeans,384,"[""n11""]",0,0
0,0,KMeans,385,"[""n01"", ""n03"", ""n06"", ""n07"", ""n10"", ""n16""]",1,1
0,0,KMeans,386,"[""n02"", ""n04"", ""n05"", ""n11"", ""n12""]",0,0
0,0,KMeans,387,"[""n04"", ""n07"", ""n12""]",0,0
0,0,KMeans,388,"[""n00"", ""n01"", ""n03"", ""n05"", ""n10"", ""n11""]",0,0
0,0,KMeans,389,"[""n02"", ""n07""]",0,0
0,0,KMeans,390,"[""n10"", ""n11"", ""n12"", ""n15""]",0,0
0,0,KMeans,391,"[""n04""]",0,0
0,0,KMeans,392,"[""n03"", ""n06"", ""n08"", ""n10"", ""n11""]",0,0
0,0,KMeans,393,"[""n07"", ""n13""]",0,0
0,0,KMeans,394,"[""n02"", ""n04"", ""n09"", ""n15""]",0,0
0,0,KMeans,395,"[""n01"", ""n05"", ""n08"", ""n15""]",0,0
0,0,KMeans,396,"[""n00"", ""n07"", ""n09""]",0,0
0,0,KMeans,397,"[""n06"", ""n15""]",0,0
0,0,KMeans,398,"[""n01"", ""n09""]",1,1
0,0,KMeans,399,"[""n04"", ""n07"", ""n16""]",1,1
0,0,KMeans,448,"[""n03""]",0,0
0,0,KMeans,449,"[""n13""]",1,1
0,0,KMeans,450,"[""n01"", ""n06"", ""n07"", ""n10"", ""n11""]",0,0
0,0,KMeans,451,"[""n01"", ""n04"", ""n10""]",0,0
0,0,KMeans,452,[],0,0
0,0,KMeans,453,"[""n02"", ""n09""]",0,0
0,0,KMeans,454,"[""n04""]",0,0
0,0,KMeans,455,"[""n09""]",0,0
0,0,KMeans,464,"[""n02""]",0,0
0,0,KMeans,465,"[""n00"", ""n01""]",0,0
0,0,KMeans,466,"[""n03""]",0,0
0,0,KMeans,467,"[""n03"", ""n04""]",0,0
0,0,KMeans,468,"[""n00""]",0,0
0,0,KMeans,469,"[""n05"", ""n08"", ""n10""]",1,0
0,0,KMeans,470,[],0,0
0,0,KMeans,471,"[""n06""]",0,0
0,0,KMeans,480,"[""n05"", ""n08""]",0,0
0,0,KMeans,481,"[""n06"", ""n08""]",0,0
0,0,KMeans,482,"[""n06"", ""n11"", ""n12""]",0,0
0,0,KMeans,483,[],0,0
0,0,KMeans,484,"[""n00"", ""n02"", ""n05"", ""n12""]",0,0
0,0,KMeans,485,"[""n02""]",0,0
0,0,KMeans,486,"[""n06""]",0,0
0,0,KMeans,487,[],0,0
0,0,KMeans,568,"[""n02"", ""n06"", ""n13""]",0,0
0,0,KMeans,569,"[""n13""]",0,0
0,0,KMeans,570,"[""n01"", ""n02""]",0,0
0,0,KMeans,571,[],0,0
0,0,KMeans,572,"[""n05"", ""n13""]",0,0
0,0,KMeans,573,"[""n10""]",0,0
0,0,KMeans,574,"[""n06"", ""n14""]",1,0
0,0,KMeans,575,"[""n02"", ""n09""]",0,0
0,0,KMeans,640,[],0,0
0,0,KMeans,641,"[""n11""]",0,0
0,0,KMeans,642,[],0,0
0,0,KMeans,643,"[""n02"", ""n03"", ""n12"", ""n13""]",1,1
0,0,KMeans,644,"[""n00"", ""n01"", ""n04"", ""n10"", ""n13""]",0,0
0,0,KMeans,645,"[""n01"", ""n12"", ""n13""]",0,0
0,0,KMeans,646,"[""n03"", ""n05"", ""n09"", ""n10""]",0,0
0,0,KMeans,647,"[""n04"", ""n15"", ""n17""]",1,1
0,0,KMeans,680,"[""n03""]",0,0
0,0,KMeans,681,[],0,0
0,0,KMeans,682,"[""n01"", ""n10""]",0,0
0,0,KMeans,683,"[""n03"", ""n05""]",0,0
0,0,KMeans,684,"[""n04"", ""n08""]",0,0
0,0,KMeans,685,"[""n07""]",0,0
0,0,KMeans,686,"[""n01""]",0,0
0,0,KMeans,687,"[""n03""]",0,0
0,0,KMeans,720,[],0,0
0,0,KMeans,721,[],0,0
0,0,KMeans,722,"[""n04"", ""n09""]",0,0
0,0,KMeans,723,"[""n00"", ""n06"", ""n08"", ""n09""]",0,0
0,0,KMeans,724,"[""n00"", ""n05""]",0,0
0,0,KMeans,725,"[""n01"", ""n04"", ""n06""]",0,0
0,0,KMeans,726,[],0,0
0,0,KMeans,727,"[""n03"", ""n07"", ""n08""]",1,1
0,0,KMeans,728,"[""n13""]",0,0
0,0,KMeans,729,"[""n00"", ""n01""]",0,0
0,0,KMeans,730,[],0,0
0,0,KMeans,731,"[""n06"", ""n07"", ""n14"", ""n16""]",1,1
0,0,KMeans,732,"[""n08""]",0,0
0,0,KMeans,733,[],0,0
0,0,KMeans,734,"[""n02"", ""n14""]",0,0
0,0,KMeans,735,"[""n03"", ""n04""]",0,0
0,0,KMeans,752,"[""n05""]",0,0
0,0,KMeans,753,"[""n05""]",0,0
0,0,KMeans,754,[],0,0
0,0,KMeans,755,"[""n05""]",0,0
0,0,KMeans,756,"[""n01"", ""n03"", ""n12""]",0,0
0,0,KMeans,757,"[""n01"", ""n12""]",0,0
0,0,KMeans,758,"[""n06"", ""n11""]",0,0
0,0,KMeans,759,[],0,0
0,0,KMeans,768,"[""n11""]",0,0
0,0,KMeans,769,"[""n11""]",0,0
0,0,KMeans,770,"[""n02""]",0,0
0,0,KMeans,771,"[""n02""]",0,0
0,0,KMeans,772,"[""n13""]",1,1
0,0,KMeans,773,"[""n03""]",0,0
0,0,KMeans,774,[],0,0
0,0,KMeans,775,"[""n00"", ""n03"", ""n09"", ""n12""]",1,1
0,0,KMeans,784,"[""n03"", ""n07"", ""n15""]",0,0
0,0,KMeans,785,"[""n01"", ""n02"", ""n07"", ""n09""]",0,0
0,0,KMeans,786,"[""n02"", ""n03"", ""n08"", ""n10""]",0,0
0,0,KMeans,787,"[""n08"", ""n12""]",0,0
0,0,KMeans,788,"[""n09"", ""n11"", ""n15""]",1,0
0,0,KMeans,789,"[""n02"", ""n11""]",1,1
0,0,KMeans,790,[],0,0
0,0,KMeans,791,"[""n06"", ""n07"", ""n10""]",0,0
0,0,KMeans,864,"[""n00"", ""n02""]",1,1
0,0,KMeans,865,"[""n06"", ""n11"", ""n12""]",0,0
0,0,KMeans,866,"[""n01"", ""n07""]",0,0
0,0,KMeans,867,"[""n01"", ""n04""]",0,0
0,0,KMeans,868,"[""n10""]",0,0
0,0,KMeans,869,[],0,0
0,0,KMeans,870,[],0,0
0,0,KMeans,871,"[""n00"", ""n01""]",0,0
0,0,KMeans,888,"[""n04"", ""n11"", ""n12""]",0,0
0,0,KMeans,889,[],0,0
0,0,KMeans,890,"[""n01"", ""n07"", ""n09""]",0,0
0,0,KMeans,891,"[""n07"", ""n10""]",0,0
0,0,KMeans,892,"[""n05""]",0,0
0,0,KMeans,893,[],0,0
0,0,KMeans,894,"[""n09""]",0,0
0,0,KMeans,895,"[""n08"", ""n09"", ""n13"", ""n14""]",1,1
0,1,FixedThreshold,32,"[""n02"", ""n04""]",0,0
0,1,FixedThreshold,33,[],0,0
0,1,FixedThreshold,34,[],0,0
0,1,FixedThreshold,35,[],0,0
0,1,FixedThreshold,36,[],0,1
0,1,FixedThreshold,37,[],0,0
0,1,FixedThreshold,38,[],0,0
0,1,FixedThreshold,39,[],0,0
0,1,FixedThreshold,48,[],0,0
0,1,FixedThreshold,49,[],0,0
0,1,FixedThreshold,50,[],0,1
0,1,FixedThreshold,51,[],0,0
0,1,FixedThreshold,52,[],0,0
0,1,FixedThreshold,53,[],0,0
0,1,FixedThreshold,54,[],0,0
0,1,FixedThreshold,55,[],0,0
0,1,FixedThreshold,72,[],0,0
0,1,FixedThreshold,73,"[""n04"", ""n09""]",0,0
0,1,FixedThreshold,74,[],0,0
0,1,FixedThreshold,75,[],0,0
0,1,FixedThreshold,76,[],0,1
0,1,FixedThreshold,77,"[""n02""]",0,0
0,1,FixedThreshold,78,[],0,0
0,1,FixedThreshold,79,[],0,0
0,1,FixedThreshold,176,"[""n00"", ""n11""]",0,0
0,1,FixedThreshold,177,[],0,0
0,1,FixedThreshold,178,[],0,0
0,1,FixedThreshold,179,[],0,0
0,1,FixedThreshold,180,[],0,0
0,1,FixedThreshold,181,[],0,0
0,1,FixedThreshold,182,"[""n10""]",1,1
0,1,FixedThreshold,183,[],0,1
0,1,FixedThreshold,232,[],0,0
0,1,FixedThreshold,233,[],0,0
0,1,FixedThreshold,234,"[""n02""]",0,0
0,1,FixedThreshold,235,[],0,0
0,1,FixedThreshold,236,"[""n07"", ""n09""]",0,0
0,1,FixedThreshold,237,"[""n10""]",0,0
0,1,FixedThreshold,238,"[""n05""]",0,0
0,1,FixedThreshold,239,[],0,0
0,1,FixedThreshold,256,[],0,0
0,1,FixedThreshold,257,[],0,0
0,1,FixedThreshold,258,[],0,1
0,1,FixedThreshold,259,[],0,0
0,1,FixedThreshold,260,[],0,0
0,1,FixedThreshold,261,[],0,0
0,1,FixedThreshold,262,"[""n06""]",0,1
0,1,FixedThreshold,263,"[""n10""]",0,0
0,1,FixedThreshold,296,[],0,0
0,1,FixedThreshold,297,[],0,0
0,1,FixedThreshold,298,[],0,0
0,1,FixedThreshold,299,[],0,0
0,1,FixedThreshold,300,"[""n08"", ""n11""]",0,0
0,1,FixedThreshold,301,[],0,0
0,1,FixedThreshold,302,"[""n08""]",0,0
0,1,FixedThreshold,303,[],0,0
0,1,FixedThreshold,352,[],0,1
0,1,FixedThreshold,353,[],0,0
0,1,FixedThreshold,354,[],0,0
0,1,FixedThreshold,355,"[""n16""]",1,1
0,1,FixedThreshold,356,[],0,0
0,1,FixedThreshold,357,"[""n00"", ""n16""]",1,1
0,1,FixedThreshold,358,[],0,0
0,1,FixedThreshold,359,[],0,0
0,1,FixedThreshold,424,"[""n10""]",0,0
0,1,FixedThreshold,425,[],0,0
0,1,FixedThreshold,426,[],0,0
0,1,FixedThreshold,427,[],0,0
0,1,FixedThreshold,428,[],0,1
0,1,FixedThreshold,429,[],0,0
0,1,FixedThreshold,430,[],0,0
0,1,FixedThreshold,431,"[""n00"", ""n01"", ""n03""]",0,0
0,1,FixedThreshold,440,[],0,0
0,1,FixedThreshold,441,[],0,0
0,1,FixedThreshold,442,"[""n01"", ""n12""]",1,1
0,1,FixedThreshold,443,[],0,0
0,1,FixedThreshold,444,[],0,0
0,1,FixedThreshold,445,"[""n04"", ""n11""]",0,0
0,1,FixedThreshold,446,"[""n06"", ""n09""]",0,0
0,1,FixedThreshold,447,"[""n02""]",0,0
0,1,FixedThreshold,560,[],0,0
0,1,FixedThreshold,561,[],0,1
0,1,FixedThreshold,562,[],0,0
0,1,FixedThreshold,563,[],0,0
0,1,FixedThreshold,564,[],0,0
0,1,FixedThreshold,565,"[""n05"", ""n16""]",1,1
0,1,FixedThreshold,566,[],0,0
0,1,FixedThreshold,567,[],0,0
0,1,FixedThreshold,576,"[""n02""]",0,0
0,1,FixedThreshold,577,[],0,0
0,1,FixedThreshold,578,"[""n03"", ""n12""]",1,1
0,1,FixedThreshold,579,"[""n11""]",0,1
0,1,FixedThreshold,580,[],0,0
0,1,FixedThreshold,581,"[""n11""]",0,0
0,1,FixedThreshold,582,[],0,0
0,1,FixedThreshold,583,[],0,0
0,1,FixedThreshold,600,"[""n01""]",0,0
0,1,FixedThreshold,601,[],0,0
0,1,FixedThreshold,602,[],0,0
0,1,FixedThreshold,603,"[""n01"", ""n03""]",0,0
0,1,FixedThreshold,604,[],0,0
0,1,FixedThreshold,605,[],0,0
0,1,FixedThreshold,606,"[""n01""]",0,0
0,1,FixedThreshold,607,[],0,0
0,1,FixedThreshold,608,[],0,0
0,1,FixedThreshold,609,[],0,0
0,1,FixedThreshold,610,[],0,0
0,1,FixedThreshold,611,[],0,0
0,1,FixedThreshold,612,"[""n00""]",0,0
0,1,FixedThreshold,613,[],0,0
0,1,FixedThreshold,614,[],0,0
0,1,FixedThreshold,615,[],0,0
0,1,FixedThreshold,616,[],0,0
0,1,FixedThreshold,617,[],0,0
0,1,FixedThreshold,618,[],0,0
0,1,FixedThreshold,619,[],0,0
0,1,FixedThreshold,620,[],0,1
0,1,FixedThreshold,621,[],0,0
0,1,FixedThreshold,622,[],0,0
0,1,FixedThreshold,623,[],0,0
0,1,FixedThreshold,648,[],0,0
0,1,FixedThreshold,649,[],0,0
0,1,FixedThreshold,650,"[""n01"", ""n02""]",1,1
0,1,FixedThreshold,651,[],0,0
0,1,FixedThreshold,652,"[""n08"", ""n09"", ""n16""]",1,1
0,1,FixedThreshold,653,[],0,0
0,1,FixedThreshold,654,[],0,0
0,1,FixedThreshold,655,[],0,0
0,1,FixedThreshold,664,[],0,1
0,1,FixedThreshold,665,[],0,0
0,1,FixedThreshold,666,"[""n09""]",0,0
0,1,FixedThreshold,667,[],0,0
0,1,FixedThreshold,668,[],0,0
0,1,FixedThreshold,669,[],0,0
0,1,FixedThreshold,670,"[""n01""]",0,0
0,1,FixedThreshold,671,[],0,1
0,1,FixedThreshold,696,[],0,0
0,1,FixedThreshold,697,[],0,1
0,1,FixedThreshold,698,[],0,1
0,1,FixedThreshold,699,[],0,0
0,1,FixedThreshold,700,[],0,0
0,1,FixedThreshold,701,[],0,0
0,1,FixedThreshold,702,[],0,1
0,1,FixedThreshold,703,[],0,0
0,1,FixedThreshold,736,[],0,0
0,1,FixedThreshold,737,"[""n01"", ""n12""]",0,0
0,1,FixedThreshold,738,[],0,0
0,1,FixedThreshold,739,"[""n03"", ""n11"", ""n13""]",0,0
0,1,FixedThreshold,740,"[""n04"", ""n05"", ""n17""]",1,1
0,1,FixedThreshold,741,"[""n11""]",0,0
0,1,FixedThreshold,742,[],0,1
0,1,FixedThreshold,743,"[""n10"", ""n17""]",1,1
0,1,FixedThreshold,744,"[""n00"", ""n07"", ""n09""]",0,0
0,1,FixedThreshold,745,[],0,0
0,1,FixedThreshold,746,[],0,0
0,1,FixedThreshold,747,[],0,0
0,1,FixedThreshold,748,[],0,0
0,1,FixedThreshold,749,[],0,0
0,1,FixedThreshold,750,[],0,0
0,1,FixedThreshold,751,[],0,0
0,1,FixedThreshold,880,[],0,0
0,1,FixedThreshold,881,[],0,0
0,1,FixedThreshold,882,"[""n01""]",0,0
0,1,FixedThreshold,883,[],0,0
0,1,FixedThreshold,884,[],0,0
0,1,FixedThreshold,885,"[""n03""]",0,0
0,1,FixedThreshold,886,[],0,1
0,1,FixedThreshold,887,[],0,0
0,1,FixedThreshold,896,"[""n02"", ""n12"", ""n13""]",0,0
0,1,FixedThreshold,897,"[""n01""]",0,0
0,1,FixedThreshold,898,[],0,0
0,1,FixedThreshold,899,"[""n06""]",0,0
0,1,FixedThreshold,900,"[""n05"", ""n06""]",0,0
0,1,FixedThreshold,901,[],0,0
0,1,FixedThreshold,902,"[""n08""]",0,0
0,1,FixedThreshold,903,[],0,0
0,1,FixedThreshold,928,[],0,0
0,1,FixedThreshold,929,[],0,0
0,1,FixedThreshold,930,[],0,0
0,1,FixedThreshold,931,"[""n13"", ""n14""]",0,0
0,1,FixedThreshold,932,"[""n07"", ""n14""]",0,0
0,1,FixedThreshold,933,[],0,0
0,1,FixedThreshold,934,[],0,0
0,1,FixedThreshold,935,[],0,0
0,1,FixedThreshold,952,"[""n12"", ""n14""]",0,0
0,1,FixedThreshold,953,[],0,0
0,1,FixedThreshold,954,[],0,0
0,1,FixedThreshold,955,"[""n04"", ""n11""]",0,0
0,1,FixedThreshold,956,[],0,0
0,1,FixedThreshold,957,[],0,0
0,1,FixedThreshold,958,"[""n05""]",0,0
0,1,FixedThreshold,959,[],0,0
0,1,SingleCenter,32,"[""n02"", ""n04"", ""n11""]",0,0
0,1,SingleCenter,33,[],0,0
0,1,SingleCenter,34,"[""n08"", ""n09""]",0,0
0,1,SingleCenter,35,[],0,0
0,1,SingleCenter,36,"[""n00"", ""n02"", ""n04"", ""n11""]",1,1
0,1,SingleCenter,37,"[""n00"", ""n06""]",0,0
0,1,SingleCenter,38,"[""n03""]",0,0
0,1,SingleCenter,39,[],0,0
0,1,SingleCenter,48,[],0,0
0,1,SingleCenter,49,"[""n00"", ""n08"", ""n10""]",0,0
0,1,SingleCenter,50,"[""n07"", ""n08"", ""n12""]",1,1
0,1,SingleCenter,51,"[""n01""]",0,0
0,1,SingleCenter,52,[],0,0
0,1,SingleCenter,53,"[""n00"", ""n03""]",0,0
0,1,SingleCenter,54,[],0,0
0,1,SingleCenter,55,"[""n02""]",0,0
0,1,SingleCenter,72,"[""n10"", ""n12"", ""n14""]",0,0
0,1,SingleCenter,73,"[""n00"", ""n04"", ""n09"", ""n10""]",0,0
0,1,SingleCenter,74,"[""n00"", ""n05"", ""n09"", ""n12""]",0,0
0,1,SingleCenter,75,[],0,0
0,1,SingleCenter,76,"[""n09"", ""n17""]",1,1
0,1,SingleCenter,77,"[""n02"", ""n16"", ""n17""]",1,0
0,1,SingleCenter,78,"[""n04""]",0,0
0,1,SingleCenter,79,"[""n10"", ""n16""]",0,0
0,1,SingleCenter,176,"[""n00"", ""n01"", ""n06"", ""n11""]",1,0
0,1,SingleCenter,177,[],0,0
0,1,SingleCenter,178,[],0,0
0,1,SingleCenter,179,"[""n01"", ""n03"", ""n08""]",1,0
0,1,SingleCenter,180,"[""n06""]",0,0
0,1,SingleCenter,181,[],0,0
0,1,SingleCenter,182,"[""n00"", ""n09"", ""n10"", ""n12""]",1,1
0,1,SingleCenter,183,"[""n02"", ""n06"", ""n09"", ""n10""]",1,1
0,1,SingleCenter,232,"[""n00""]",0,0
0,1,SingleCenter,233,"[""n05"", ""n06""]",0,0
0,1,SingleCenter,234,"[""n02"", ""n03""]",0,0
0,1,SingleCenter,235,"[""n05"", ""n06""]",0,0
0,1,SingleCenter,236,"[""n02"", ""n03"", ""n06"", ""n07"", ""n09""]",0,0
0,1,SingleCenter,237,"[""n00"", ""n10""]",0,0
0,1,SingleCenter,238,"[""n05""]",0,0
0,1,SingleCenter,239,"[""n01"", ""n04""]",0,0
0,1,SingleCenter,256,[],0,0
0,1,SingleCenter,257,"[""n03"", ""n07"", ""n11""]",0,0
0,1,SingleCenter,258,"[""n03"", ""n04"", ""n09"", ""n13"", ""n14"", ""n15""]",1,1
0,1,SingleCenter,259,"[""n06"", ""n11"", ""n13""]",0,0
0,1,SingleCenter,260,"[""n00"", ""n01"", ""n08""]",0,0
0,1,SingleCenter,261,"[""n00"", ""n01"", ""n07""]",0,0
0,1,SingleCenter,262,"[""n01"", ""n02"", ""n06"", ""n10"", ""n11"", ""n15""]",1,1
0,1,SingleCenter,263,"[""n01"", ""n10""]",0,0
0,1,SingleCenter,296,"[""n00"", ""n06"", ""n07"", ""n09"", ""n10"", ""n13"", ""n15""]",0,0
0,1,SingleCenter,297,"[""n01"", ""n02"", ""n03"", ""n15""]",0,0
0,1,SingleCenter,298,"[""n10""]",0,0
0,1,SingleCenter,299,"[""n03""]",0,0
0,1,SingleCenter,300,"[""n08"", ""n09"", ""n11"", ""n16""]",1,0
0,1,SingleCenter,301,"[""n01"", ""n09"", ""n14""]",0,0
0,1,SingleCenter,302,"[""n08"", ""n11"", ""n12""]",0,0
0,1,SingleCenter,303,"[""n03""]",0,0
0,1,SingleCenter,352,"[""n01"", ""n02"", ""n05"", ""n09""]",1,1
0,1,SingleCenter,353,[],0,0
0,1,SingleCenter,354,"[""n04"", ""n13""]",0,0
0,1,SingleCenter,355,"[""n16""]",1,1
0,1,SingleCenter,356,"[""n07"", ""n09"", ""n12"", ""n13"", ""n14""]",0,0
0,1,SingleCenter,357,"[""n00"", ""n04"", ""n07"", ""n16""]",1,1
0,1,SingleCenter,358,"[""n00"", ""n15""]",0,0
0,1,SingleCenter,359,"[""n02"", ""n05"", ""n06"", ""n11"", ""n14"", ""n16""]",1,0
0,1,SingleCenter,424,"[""n01"", ""n04"", ""n10"", ""n11""]",1,0
0,1,SingleCenter,425,"[""n10"", ""n12""]",0,0
0,1,SingleCenter,426,"[""n08""]",0,0
0,1,SingleCenter,427,"[""n00"", ""n14""]",1,0
0,1,SingleCenter,428,"[""n00"", ""n02"", ""n03"", ""n04"", ""n12"", ""n14""]",1,1
0,1,SingleCenter,429,"[""n00""]",0,0
0,1,SingleCenter,430,"[""n02"", ""n08"", ""n12""]",0,0
0,1,SingleCenter,431,"[""n00"", ""n01"", ""n03"", ""n06""]",0,0
0,1,SingleCenter,440,"[""n08"", ""n12""]",1,0
0,1,SingleCenter,441,"[""n03"", ""n10""]",0,0
0,1,SingleCenter,442,"[""n01"", ""n03"", ""n04"", ""n08"", ""n12""]",1,1
0,1,SingleCenter,443,"[""n08""]",0,0
0,1,SingleCenter,444,[],0,0
0,1,SingleCenter,445,"[""n04"", ""n11""]",0,0
0,1,SingleCenter,446,"[""n04"", ""n05"", ""n06"", ""n09""]",0,0
0,1,SingleCenter,447,"[""n00"", ""n02""]",0,0
0,1,SingleCenter,560,"[""n01"", ""n09"", ""n15""]",0,0
0,1,SingleCenter,561,"[""n00"", ""n09"", ""n11""]",1,1
0,1,SingleCenter,562,"[""n14"", ""n15"", ""n17""]",1,0
0,1,SingleCenter,563,"[""n09""]",0,0
0,1,SingleCenter,564,"[""n01""]",0,0
0,1,SingleCenter,565,"[""n00"", ""n05"", ""n06"", ""n10"", ""n16""]",1,1
0,1,SingleCenter,566,"[""n00"", ""n07"", ""n09""]",1,0
0,1,SingleCenter,567,"[""n06"", ""n10"", ""n13""]",0,0
0,1,SingleCenter,576,"[""n00"", ""n02""]",0,0
0,1,SingleCenter,577,"[""n12""]",0,0
0,1,SingleCenter,578,"[""n03"", ""n09"", ""n12""]",1,1
0,1,SingleCenter,579,"[""n02"", ""n07"", ""n10"", ""n11"", ""n17""]",1,1
0,1,SingleCenter,580,"[""n04"", ""n06"", ""n08"", ""n09"", ""n11""]",0,0
0,1,SingleCenter,581,"[""n11""]",0,0
0,1,SingleCenter,582,"[""n10""]",0,0
0,1,SingleCenter,583,"[""n08"", ""n10""]",0,0
0,1,SingleCenter,600,"[""n01""]",0,0
0,1,SingleCenter,601,"[""n06""]",0,0
0,1,SingleCenter,602,"[""n06""]",0,0
0,1,SingleCenter,603,"[""n01"", ""n03""]",0,0
0,1,SingleCenter,604,"[""n05""]",0,0
0,1,SingleCenter,605,"[""n00""]",0,0
0,1,SingleCenter,606,"[""n01""]",0,0
0,1,SingleCenter,607,[],0,0
0,1,SingleCenter,608,"[""n07"", ""n13""]",0,0
0,1,SingleCenter,609,"[""n05"", ""n11"", ""n14""]",0,0
0,1,SingleCenter,610,"[""n04"", ""n11"", ""n13""]",0,0
0,1,SingleCenter,611,"[""n10""]",0,0
0,1,SingleCenter,612,"[""n00"", ""n01"", ""n07"", ""n17""]",1,0
0,1,SingleCenter,613,"[""n02"", ""n16""]",0,0
0,1,SingleCenter,614,"[""n03""]",0,0
0,1,SingleCenter,615,"[""n07"", ""n10"", ""n16""]",0,0
0,1,SingleCenter,616,"[""n01"", ""n05"", ""n06""]",0,0
0,1,SingleCenter,617,[],0,0
0,1,SingleCenter,618,"[""n03"", ""n11""]",1,0
0,1,SingleCenter,619,"[""n05""]",0,0
0,1,SingleCenter,620,"[""n07"", ""n08"", ""n11""]",1,1
0,1,SingleCenter,621,[],0,0
0,1,SingleCenter,622,"[""n09""]",0,0
0,1,SingleCenter,623,"[""n00"", ""n02""]",0,0
0,1,SingleCenter,648,"[""n03"", ""n05""]",0,0
0,1,SingleCenter,649,"[""n01"", ""n02"", ""n10""]",1,0
0,1,SingleCenter,650,"[""n01"", ""n02""]",1,1
0,1,SingleCenter,651,"[""n10"", ""n13""]",0,0
0,1,SingleCenter,652,"[""n05"", ""n08"", ""n09"", ""n10"", ""n16""]",1,1
0,1,SingleCenter,653,"[""n05""]",0,0
0,1,SingleCenter,654,"[""n05"", ""n08""]",0,0
0,1,SingleCenter,655,"[""n03"", ""n12""]",0,0
0,1,SingleCenter,664,"[""n00"", ""n04"", ""n07"", ""n11""]",1,1
0,1,SingleCenter,665,"[""n07""]",0,0
0,1,SingleCenter,666,"[""n01"", ""n02"", ""n04"", ""n08"", ""n09""]",1,0
0,1,SingleCenter,667,"[""n08""]",0,0
0,1,SingleCenter,668,"[""n10""]",0,0
0,1,SingleCenter,669,"[""n06"", ""n08""]",0,0
0,1,SingleCenter,670,"[""n00"", ""n01"", ""n08"", ""n09""]",1,0
0,1,SingleCenter,671,"[""n05"", ""n11""]",1,1
0,1,SingleCenter,696,"[""n04"", ""n07"", ""n12""]",1,0
0,1,SingleCenter,697,"[""n00"", ""n12""]",1,1
0,1,SingleCenter,698,"[""n04"", ""n05"", ""n08""]",1,1
0,1,SingleCenter,699,"[""n07"", ""n11""]",0,0
0,1,SingleCenter,700,"[""n05"", ""n09"", ""n11""]",0,0
0,1,SingleCenter,701,[],0,0
0,1,SingleCenter,702,"[""n12""]",1,1
0,1,SingleCenter,703,"[""n02""]",0,0
0,1,SingleCenter,736,"[""n11""]",0,0
0,1,SingleCenter,737,"[""n00"", ""n01"", ""n02"", ""n12"", ""n14""]",1,0
0,1,SingleCenter,738,"[""n11""]",0,0
0,1,SingleCenter,739,"[""n01"", ""n03"", ""n11"", ""n12"", ""n13"", ""n14""]",0,0
0,1,SingleCenter,740,"[""n00"", ""n05"", ""n08"", ""n10"", ""n12"", ""n17""]",1,1
0,1,SingleCenter,741,"[""n10"", ""n11"", ""n13"", ""n14"", ""n17""]",1,0
0,1,SingleCenter,742,"[""n02""]",1,1
0,1,SingleCenter,743,"[""n02"", ""n04"", ""n09"", ""n10"", ""n16"", ""n17""]",1,1
0,1,SingleCenter,744,"[""n00"", ""n05"", ""n07"", ""n09"", ""n10""]",1,0
0,1,SingleCenter,745,"[""n03"", ""n06""]",0,0
0,1,SingleCenter,746,[],0,0
0,1,SingleCenter,747,"[""n04""]",0,0
0,1,SingleCenter,748,"[""n00"", ""n02""]",0,0
0,1,SingleCenter,749,"[""n08""]",0,0
0,1,SingleCenter,750,"[""n02"", ""n04""]",0,0
0,1,SingleCenter,751,[],0,0
0,1,SingleCenter,880,"[""n01""]",0,0
0,1,SingleCenter,881,[],0,0
0,1,SingleCenter,882,"[""n01"", ""n13""]",1,0
0,1,SingleCenter,883,"[""n13""]",1,0
0,1,SingleCenter,884,"[""n01"", ""n06"", ""n16""]",1,0
0,1,SingleCenter,885,"[""n03""]",0,0
0,1,SingleCenter,886,"[""n00"", ""n13""]",1,1
0,1,SingleCenter,887,"[""n01"", ""n03"", ""n08"", ""n09"", ""n11""]",0,0
0,1,SingleCenter,896,"[""n02"", ""n03"", ""n06"", ""n12"", ""n13"", ""n14""]",1,0
0,1,SingleCenter,897,"[""n00"", ""n09""]",0,0
0,1,SingleCenter,898,"[""n02""]",0,0
0,1,SingleCenter,899,"[""n06"", ""n13""]",0,0
0,1,SingleCenter,900,"[""n00"", ""n05"", ""n06""]",0,0
0,1,SingleCenter,901,"[""n03"", ""n08"", ""n11"", ""n14""]",1,0
0,1,SingleCenter,902,"[""n02"", ""n06"", ""n08""]",0,0
0,1,SingleCenter,903,"[""n10"", ""n11""]",0,0
0,1,SingleCenter,928,"[""n00"", ""n09""]",0,0
0,1,SingleCenter,929,"[""n03"", ""n06"", ""n08"", ""n09""]",0,0
0,1,SingleCenter,930,"[""n08"", ""n09"", ""n14""]",0,0
0,1,SingleCenter,931,"[""n06"", ""n13"", ""n14""]",0,0
0,1,SingleCenter,932,"[""n02"", ""n07"", ""n14""]",0,0
0,1,SingleCenter,933,"[""n11""]",0,0
0,1,SingleCenter,934,"[""n11""]",0,0
0,1,SingleCenter,935,"[""n00"", ""n11""]",0,0
0,1,SingleCenter,952,"[""n07"", ""n12"", ""n13"", ""n14""]",0,0
0,1,SingleCenter,953,"[""n08"", ""n12""]",0,0
0,1,SingleCenter,954,"[""n00""]",0,0
0,1,SingleCenter,955,"[""n04"", ""n10"", ""n11""]",0,0
0,1,SingleCenter,956,"[""n01""]",0,0
0,1,SingleCenter,957,"[""n04""]",0,0
0,1,SingleCenter,958,"[""n02"", ""n05"", ""n08""]",0,0
0,1,SingleCenter,959,"[""n01"", ""n04"", ""n05"", ""n11"", ""n14""]",0,0
0,1,KMeans,32,"[""n00"", ""n02"", ""n04"", ""n11""]",1,0
0,1,KMeans,33,"[""n05"", ""n10""]",0,0
0,1,KMeans,34,"[""n08"", ""n09""]",0,0
0,1,KMeans,35,[],0,0
0,1,KMeans,36,"[""n00"", ""n02"", ""n04"", ""n11""]",1,1
0,1,KMeans,37,"[""n06""]",0,0
0,1,KMeans,38,"[""n03"", ""n07"", ""n10""]",0,0
0,1,KMeans,39,[],0,0
0,1,KMeans,48,[],0,0
0,1,KMeans,49,"[""n00"", ""n08"", ""n10""]",0,0
0,1,KMeans,50,"[""n07"", ""n08"", ""n11"", ""n12""]",1,1
0,1,KMeans,51,"[""n01""]",0,0
0,1,KMeans,52,"[""n03""]",0,0
0,1,KMeans,53,"[""n00"", ""n03""]",0,0
0,1,KMeans,54,[],0,0
0,1,KMeans,55,[],0,0
0,1,KMeans,72,"[""n00"", ""n10"", ""n12"", ""n14""]",0,0
0,1,KMeans,73,"[""n00"", ""n04"", ""n09""]",0,0
0,1,KMeans,74,"[""n05""]",0,0
0,1,KMeans,75,"[""n01""]",0,0
0,1,KMeans,76,"[""n09"", ""n17""]",1,1
0,1,KMeans,77,"[""n02""]",0,0
0,1,KMeans,78,"[""n04"", ""n15""]",0,0
0,1,KMeans,79,"[""n10"", ""n12"", ""n16""]",0,0
0,1,KMeans,176,"[""n00"", ""n11""]",0,0
0,1,KMeans,177,[],0,0
0,1,KMeans,178,[],0,0
0,1,KMeans,179,"[""n01"", ""n03""]",1,0
0,1,KMeans,180,"[""n06""]",0,0
0,1,KMeans,181,[],0,0
0,1,KMeans,182,"[""n06"", ""n09"", ""n10""]",1,1
0,1,KMeans,183,"[""n10""]",1,1
0,1,KMeans,232,"[""n00"", ""n06""]",0,0
0,1,KMeans,233,"[""n04"", ""n05"", ""n06""]",0,0
0,1,KMeans,234,"[""n02""]",0,0
0,1,KMeans,235,"[""n05"", ""n06""]",0,0
0,1,KMeans,236,"[""n07"", ""n09""]",0,0
0,1,KMeans,237,"[""n10""]",0,0
0,1,KMeans,238,"[""n05""]",0,0
0,1,KMeans,239,"[""n04"", ""n09""]",0,0
0,1,KMeans,256,[],0,0
0,1,KMeans,257,"[""n03"", ""n07"", ""n11""]",0,0
0,1,KMeans,258,"[""n03"", ""n04"", ""n09"", ""n13"", ""n14"", ""n15""]",1,1
0,1,KMeans,259,"[""n06"", ""n08""]",0,0
0,1,KMeans,260,"[""n01""]",0,0
0,1,KMeans,261,"[""n00"", ""n01"", ""n07""]",0,0
0,1,KMeans,262,"[""n06"", ""n15""]",1,1
0,1,KMeans,263,"[""n10"", ""n15""]",1,0
0,1,KMeans,296,"[""n00"", ""n06"", ""n07"", ""n09"", ""n13"", ""n15""]",0,0
0,1,KMeans,297,"[""n01"", ""n02"", ""n03"", ""n15""]",0,0
0,1,KMeans,298,"[""n08"", ""n10""]",0,0
0,1,KMeans,299,"[""n03""]",0,0
0,1,KMeans,300,"[""n08"", ""n09"", ""n11"", ""n15""]",0,0
0,1,KMeans,301,"[""n09"", ""n14""]",0,0
0,1,KMeans,302,"[""n12""]",0,0
0,1,KMeans,303,"[""n03""]",0,0
0,1,KMeans,352,"[""n01"", ""n02"", ""n05"", ""n09""]",1,1
0,1,KMeans,353,"[""n04"", ""n12""]",0,0
0,1,KMeans,354,"[""n07""]",0,0
0,1,KMeans,355,"[""n16""]",1,1
0,1,KMeans,356,"[""n07"", ""n09"", ""n12"", ""n13"", ""n14""]",0,0
0,1,KMeans,357,"[""n00"", ""n07"", ""n14"", ""n16""]",1,1
0,1,KMeans,358,"[""n00"", ""n15""]",0,0
0,1,KMeans,359,"[""n06"", ""n07"", ""n11""]",0,0
0,1,KMeans,424,"[""n10""]",0,0
0,1,KMeans,425,"[""n10"", ""n12""]",0,0
0,1,KMeans,426,"[""n08"", ""n11""]",1,0
0,1,KMeans,427,"[""n00"", ""n14""]",1,0
0,1,KMeans,428,"[""n00"", ""n02"", ""n03"", ""n04"", ""n12"", ""n14""]",1,1
0,1,KMeans,429,"[""n00""]",0,0
0,1,KMeans,430,"[""n02"", ""n08"", ""n12""]",0,0
0,1,KMeans,431,"[""n00"", ""n01"", ""n03"", ""n06""]",0,0
0,1,KMeans,440,"[""n08""]",0,0
0,1,KMeans,441,"[""n10""]",0,0
0,1,KMeans,442,"[""n01"", ""n10"", ""n12""]",1,1
0,1,KMeans,443,"[""n08""]",0,0
0,1,KMeans,444,[],0,0
0,1,KMeans,445,"[""n04"", ""n11""]",0,0
0,1,KMeans,446,"[""n05"", ""n06"", ""n09""]",0,0
0,1,KMeans,447,"[""n02""]",0,0
0,1,KMeans,560,"[""n02""]",0,0
0,1,KMeans,561,"[""n00"", ""n09"", ""n11""]",1,1
0,1,KMeans,562,"[""n15""]",0,0
0,1,KMeans,563,"[""n01"", ""n06"", ""n08"", ""n09""]",0,0
0,1,KMeans,564,"[""n01""]",0,0
0,1,KMeans,565,"[""n00"", ""n05"", ""n10"", ""n16""]",1,1
0,1,KMeans,566,"[""n00"", ""n07"", ""n09""]",1,0
0,1,KMeans,567,"[""n06"", ""n10"", ""n13"", ""n14""]",0,0
0,1,KMeans,576,"[""n02"", ""n03"", ""n13"", ""n16""]",1,0
0,1,KMeans,577,"[""n12"", ""n13""]",0,0
0,1,KMeans,578,"[""n03"", ""n12""]",1,1
0,1,KMeans,579,"[""n07"", ""n11"", ""n17""]",1,1
0,1,KMeans,580,"[""n01"", ""n04"", ""n06"", ""n08"", ""n09"", ""n11""]",0,0
0,1,KMeans,581,"[""n05"", ""n11""]",0,0
0,1,KMeans,582,"[""n03"", ""n10""]",1,0
0,1,KMeans,583,"[""n08"", ""n10""]",0,0
0,1,KMeans,600,"[""n01""]",0,0
0,1,KMeans,601,"[""n06""]",0,0
0,1,KMeans,602,"[""n00"", ""n06""]",0,0
0,1,KMeans,603,"[""n01"", ""n03""]",0,0
0,1,KMeans,604,"[""n05""]",0,0
0,1,KMeans,605,[],0,0
0,1,KMeans,606,"[""n01""]",0,0
0,1,KMeans,607,[],0,0
0,1,KMeans,608,[],0,0
0,1,KMeans,609,"[""n04"", ""n05"", ""n11"", ""n14""]",0,0
0,1,KMeans,610,"[""n03"", ""n04"", ""n11"", ""n13""]",0,0
0,1,KMeans,611,"[""n10""]",0,0
0,1,KMeans,612,"[""n00"", ""n08"", ""n15""]",0,0
0,1,KMeans,613,"[""n11""]",0,0
0,1,KMeans,614,"[""n03""]",0,0
0,1,KMeans,615,"[""n07"", ""n10"", ""n16""]",0,0
0,1,KMeans,616,"[""n01"", ""n05"", ""n06""]",0,0
0,1,KMeans,617,[],0,0
0,1,KMeans,618,"[""n11""]",1,0
0,1,KMeans,619,"[""n05""]",0,0
0,1,KMeans,620,"[""n05"", ""n07"", ""n08"", ""n11""]",1,1
0,1,KMeans,621,[],0,0
0,1,KMeans,622,"[""n09""]",0,0
0,1,KMeans,623,"[""n00"", ""n02""]",0,0
0,1,KMeans,648,"[""n03"", ""n05""]",0,0
0,1,KMeans,649,"[""n01"", ""n02"", ""n04"", ""n10""]",1,0
0,1,KMeans,650,"[""n01"", ""n02"", ""n06"", ""n09"", ""n15""]",1,1
0,1,KMeans,651,"[""n10"", ""n16""]",1,0
0,1,KMeans,652,"[""n00"", ""n08"", ""n09"", ""n16""]",1,1
0,1,KMeans,653,"[""n05""]",0,0
0,1,KMeans,654,"[""n08""]",0,0
0,1,KMeans,655,"[""n12"", ""n14""]",0,0
0,1,KMeans,664,"[""n00"", ""n04"", ""n07"", ""n11""]",1,1
0,1,KMeans,665,"[""n07""]",0,0
0,1,KMeans,666,"[""n08"", ""n09""]",0,0
0,1,KMeans,667,"[""n08"", ""n09"", ""n10""]",0,0
0,1,KMeans,668,[],0,0
0,1,KMeans,669,"[""n06"", ""n07"", ""n08""]",0,0
0,1,KMeans,670,"[""n01""]",0,0
0,1,KMeans,671,"[""n05"", ""n11""]",1,1
0,1,KMeans,696,"[""n00"", ""n04"", ""n07""]",1,0
0,1,KMeans,697,"[""n12""]",1,1
0,1,KMeans,698,"[""n04"", ""n05"", ""n08""]",1,1
0,1,KMeans,699,"[""n00"", ""n07"", ""n11""]",0,0
0,1,KMeans,700,"[""n05"", ""n09"", ""n11""]",0,0
0,1,KMeans,701,"[""n05""]",0,0
0,1,KMeans,702,"[""n12""]",1,1
0,1,KMeans,703,"[""n02"", ""n11""]",0,0
0,1,KMeans,736,"[""n07"", ""n11""]",0,0
0,1,KMeans,737,"[""n01"", ""n12""]",0,0
0,1,KMeans,738,"[""n07"", ""n11""]",0,0
0,1,KMeans,739,"[""n01"", ""n03"", ""n11"", ""n13"", ""n14""]",0,0
0,1,KMeans,740,"[""n05"", ""n06"", ""n08"", ""n12"", ""n17""]",1,1
0,1,KMeans,741,"[""n10"", ""n11"", ""n13"", ""n14""]",0,0
0,1,KMeans,742,"[""n02"", ""n04""]",1,1
0,1,KMeans,743,"[""n10"", ""n17""]",1,1
0,1,KMeans,744,"[""n00"", ""n07"", ""n08"", ""n09""]",0,0
0,1,KMeans,745,"[""n06""]",0,0
0,1,KMeans,746,"[""n09""]",0,0
0,1,KMeans,747,"[""n01"", ""n05""]",0,0
0,1,KMeans,748,"[""n00"", ""n10""]",1,0
0,1,KMeans,749,"[""n08""]",0,0
0,1,KMeans,750,"[""n02"", ""n04""]",0,0
0,1,KMeans,751,[],0,0
0,1,KMeans,880,"[""n01""]",0,0
0,1,KMeans,881,[],0,0
0,1,KMeans,882,"[""n01"", ""n13""]",1,0
0,1,KMeans,883,[],0,0
0,1,KMeans,884,"[""n01"", ""n06"", ""n16""]",1,0
0,1,KMeans,885,"[""n00"", ""n03"", ""n11""]",0,0
0,1,KMeans,886,"[""n00"", ""n05"", ""n13"", ""n16""]",1,1
0,1,KMeans,887,"[""n01"", ""n03"", ""n08"", ""n09"", ""n11""]",0,0
0,1,KMeans,896,"[""n03"", ""n06"", ""n12"", ""n13"", ""n14""]",1,0
0,1,KMeans,897,"[""n06"", ""n09""]",0,0
0,1,KMeans,898,"[""n02""]",0,0
0,1,KMeans,899,"[""n04"", ""n06""]",0,0
0,1,KMeans,900,"[""n05"", ""n06""]",0,0
0,1,KMeans,901,"[""n03"", ""n08"", ""n11"", ""n14""]",1,0
0,1,KMeans,902,"[""n08""]",0,0
0,1,KMeans,903,"[""n07"", ""n10"", ""n11""]",0,0
0,1,KMeans,928,"[""n00"", ""n09""]",0,0
0,1,KMeans,929,"[""n03"", ""n06"", ""n08"", ""n09""]",0,0
0,1,KMeans,930,"[""n05"", ""n08"", ""n14"", ""n17""]",1,0
0,1,KMeans,931,"[""n13"", ""n14""]",0,0
0,1,KMeans,932,"[""n02"", ""n07"", ""n14""]",0,0
0,1,KMeans,933,"[""n11""]",0,0
0,1,KMeans,934,"[""n11""]",0,0
0,1,KMeans,935,"[""n00"", ""n07"", ""n11""]",0,0
0,1,KMeans,952,"[""n06"", ""n12"", ""n14""]",0,0
0,1,KMeans,953,"[""n08"", ""n12""]",0,0
0,1,KMeans,954,"[""n00"", ""n10""]",0,0
0,1,KMeans,955,"[""n04"", ""n11""]",0,0
0,1,KMeans,956,"[""n01"", ""n07""]",0,0
0,1,KMeans,957,"[""n04""]",0,0
0,1,KMeans,958,"[""n02"", ""n05""]",0,0
0,1,KMeans,959,"[""n01"", ""n04"", ""n05"", ""n14""]",0,0
0,2,FixedThreshold,24,"[""n04""]",0,0
0,2,FixedThreshold,25,"[""n00""]",0,0
0,2,FixedThreshold,26,[],0,0
0,2,FixedThreshold,27,[],0,0
0,2,FixedThreshold,28,[],0,0
0,2,FixedThreshold,29,[],0,0
0,2,FixedThreshold,30,[],0,1
0,2,FixedThreshold,31,[],0,0
0,2,FixedThreshold,64,[],0,0
0,2,FixedThreshold,65,[],0,0
0,2,FixedThreshold,66,[],0,0
0,2,FixedThreshold,67,[],0,0
0,2,FixedThreshold,68,"[""n00""]",0,0
0,2,FixedThreshold,69,"[""n03"", ""n16""]",0,0
0,2,FixedThreshold,70,"[""n02""]",0,0
0,2,FixedThreshold,71,[],0,0
0,2,FixedThreshold,96,"[""n04""]",0,0
0,2,FixedThreshold,97,[],0,0
0,2,FixedThreshold,98,[],0,0
0,2,FixedThreshold,99,"[""n08"", ""n12""]",0,0
0,2,FixedThreshold,100,"[""n12"", ""n17""]",1,1
0,2,FixedThreshold,101,"[""n04"", ""n07"", ""n12""]",0,0
0,2,FixedThreshold,102,[],0,1
0,2,FixedThreshold,103,[],0,0
0,2,FixedThreshold,104,[],0,0
0,2,FixedThreshold,105,"[""n04""]",0,0
0,2,FixedThreshold,106,[],0,0
0,2,FixedThreshold,107,"[""n07"", ""n10"", ""n14""]",1,1
0,2,FixedThreshold,108,[],0,0
0,2,FixedThreshold,109,[],0,0
0,2,FixedThreshold,110,"[""n00"", ""n05""]",0,0
0,2,FixedThreshold,111,[],0,0
0,2,FixedThreshold,112,[],0,1
0,2,FixedThreshold,113,[],0,0
0,2,FixedThreshold,114,[],0,0
0,2,FixedThreshold,115,[],0,0
0,2,FixedThreshold,116,[],0,0
0,2,FixedThreshold,117,"[""n05""]",0,0
0,2,FixedThreshold,118,[],0,0
0,2,FixedThreshold,119,[],0,0
0,2,FixedThreshold,144,"[""n14""]",0,0
0,2,FixedThreshold,145,[],0,0
0,2,FixedThreshold,146,[],0,0
0,2,FixedThreshold,147,"[""n04"", ""n05"", ""n09"", ""n16""]",1,1
0,2,FixedThreshold,148,[],0,0
0,2,FixedThreshold,149,[],0,1
0,2,FixedThreshold,150,"[""n01"", ""n02""]",0,0
0,2,FixedThreshold,151,"[""n11""]",0,0
0,2,FixedThreshold,192,[],0,0
0,2,FixedThreshold,193,[],0,0
0,2,FixedThreshold,194,"[""n09""]",1,1
0,2,FixedThreshold,195,"[""n04""]",0,0
0,2,FixedThreshold,196,[],0,0
0,2,FixedThreshold,197,"[""n02""]",0,0
0,2,FixedThreshold,198,[],0,1
0,2,FixedThreshold,199,[],0,0
0,2,FixedThreshold,224,"[""n10"", ""n11""]",0,0
0,2,FixedThreshold,225,"[""n03""]",0,0
0,2,FixedThreshold,226,[],0,0
0,2,FixedThreshold,227,[],0,0
0,2,FixedThreshold,228,"[""n12""]",0,0
0,2,FixedThreshold,229,[],0,0
0,2,FixedThreshold,230,[],0,0
0,2,FixedThreshold,231,"[""n07"", ""n16""]",1,1
0,2,FixedThreshold,264,[],0,0
0,2,FixedThreshold,265,[],0,0
0,2,FixedThreshold,266,"[""n15""]",0,0
0,2,FixedThreshold,267,"[""n08""]",0,0
0,2,FixedThreshold,268,[],0,0
0,2,FixedThreshold,269,[],0,0
0,2,FixedThreshold,270,[],0,0
0,2,FixedThreshold,271,[],0,0
0,2,FixedThreshold,280,"[""n11""]",1,1
0,2,FixedThreshold,281,"[""n08""]",0,0
0,2,FixedThreshold,282,[],0,1
0,2,FixedThreshold,283,[],0,0
0,2,FixedThreshold,284,[],0,0
0,2,FixedThreshold,285,[],0,0
0,2,FixedThreshold,286,[],0,0
0,2,FixedThreshold,287,[],0,0
0,2,FixedThreshold,320,"[""n01"", ""n03""]",0,0
0,2,FixedThreshold,321,[],0,0
0,2,FixedThreshold,322,[],0,1
0,2,FixedThreshold,323,[],0,0
0,2,FixedThreshold,324,[],0,0
0,2,FixedThreshold,325,[],0,1
0,2,FixedThreshold,326,"[""n06""]",0,1
0,2,FixedThreshold,327,[],0,0
0,2,FixedThreshold,400,[],0,0
0,2,FixedThreshold,401,[],0,0
0,2,FixedThreshold,402,"[""n08"", ""n09""]",0,0
0,2,FixedThreshold,403,"[""n07""]",0,0
0,2,FixedThreshold,404,"[""n07""]",0,0
0,2,FixedThreshold,405,[],0,0
0,2,FixedThreshold,406,[],0,0
0,2,FixedThreshold,407,[],0,0
0,2,FixedThreshold,416,[],0,0
0,2,FixedThreshold,417,[],0,1
0,2,FixedThreshold,418,[],0,0
0,2,FixedThreshold,419,[],0,0
0,2,FixedThreshold,420,[],0,0
0,2,FixedThreshold,421,[],0,0
0,2,FixedThreshold,422,[],0,0
0,2,FixedThreshold,423,[],0,0
0,2,FixedThreshold,488,"[""n07""]",0,0
0,2,FixedThreshold,489,[],0,0
0,2,FixedThreshold,490,[],0,0
0,2,FixedThreshold,491,[],0,0
0,2,FixedThreshold,492,"[""n04""]",0,0
0,2,FixedThreshold,493,[],0,1
0,2,FixedThreshold,494,[],0,1
0,2,FixedThreshold,495,"[""n07"", ""n09""]",0,0
0,2,FixedThreshold,496,[],0,0
0,2,FixedThreshold,497,[],0,0
0,2,FixedThreshold,498,[],0,0
0,2,FixedThreshold,499,"[""n10""]",0,0
0,2,FixedThreshold,500,[],0,0
0,2,FixedThreshold,501,[],0,0
0,2,FixedThreshold,502,[],0,0
0,2,FixedThreshold,503,[],0,0
0,2,FixedThreshold,512,"[""n12""]",0,0
0,2,FixedThreshold,513,"[""n13""]",0,0
0,2,FixedThreshold,514,[],0,0
0,2,FixedThreshold,515,[],0,0
0,2,FixedThreshold,516,[],0,0
0,2,FixedThreshold,517,"[""n05""]",0,0
0,2,FixedThreshold,518,[],0,0
0,2,FixedThreshold,519,[],0,0
0,2,FixedThreshold,624,"[""n07""]",0,1
0,2,FixedThreshold,625,"[""n00"", ""n03""]",1,1
0,2,FixedThreshold,626,[],0,0
0,2,FixedThreshold,627,[],0,0
0,2,FixedThreshold,628,[],0,0
0,2,FixedThreshold,629,[],0,0
0,2,FixedThreshold,630,"[""n11""]",0,0
0,2,FixedThreshold,631,[],0,0
0,2,FixedThreshold,704,"[""n01"", ""n02"", ""n07""]",0,0
0,2,FixedThreshold,705,[],0,0
0,2,FixedThreshold,706,"[""n05""]",0,0
0,2,FixedThreshold,707,"[""n14""]",0,0
0,2,FixedThreshold,708,[],0,0
0,2,FixedThreshold,709,[],0,0
0,2,FixedThreshold,710,"[""n15""]",1,1
0,2,FixedThreshold,711,[],0,0
0,2,FixedThreshold,712,[],0,0
0,2,FixedThreshold,713,[],0,0
0,2,FixedThreshold,714,"[""n07""]",0,0
0,2,FixedThreshold,715,[],0,0
0,2,FixedThreshold,716,[],0,0
0,2,FixedThreshold,717,[],0,0
0,2,FixedThreshold,718,[],0,0
0,2,FixedThreshold,719,[],0,0
0,2,FixedThreshold,760,[],0,0
0,2,FixedThreshold,761,"[""n05""]",0,0
0,2,FixedThreshold,762,[],0,0
0,2,FixedThreshold,763,"[""n16""]",1,1
0,2,FixedThreshold,764,[],0,0
0,2,FixedThreshold,765,[],0,0
0,2,FixedThreshold,766,"[""n08"", ""n14"", ""n15""]",0,0
0,2,FixedThreshold,767,[],0,0
0,2,FixedThreshold,776,[],0,0
0,2,FixedThreshold,777,"[""n08"", ""n14""]",0,0
0,2,FixedThreshold,778,[],0,0
0,2,FixedThreshold,779,"[""n00"", ""n16""]",1,0
0,2,FixedThreshold,780,[],0,1
0,2,FixedThreshold,781,"[""n05""]",0,0
0,2,FixedThreshold,782,[],0,0
0,2,FixedThreshold,783,[],0,0
0,2,FixedThreshold,800,[],0,0
0,2,FixedThreshold,801,"[""n05""]",0,0
0,2,FixedThreshold,802,[],0,0
0,2,FixedThreshold,803,[],0,0
0,2,FixedThreshold,804,[],0,0
0,2,FixedThreshold,805,"[""n00""]",0,0
0,2,FixedThreshold,806,[],0,0
0,2,FixedThreshold,807,[],0,0
0,2,FixedThreshold,824,[],0,0
0,2,FixedThreshold,825,[],0,0
0,2,FixedThreshold,826,"[""n04""]",0,0
0,2,FixedThreshold,827,"[""n00"", ""n08""]",0,0
0,2,FixedThreshold,828,[],0,0
0,2,FixedThreshold,829,[],0,0
0,2,FixedThreshold,830,[],0,0
0,2,FixedThreshold,831,[],0,0
0,2,FixedThreshold,912,"[""n02"", ""n05"", ""n10"", ""n12""]",1,1
0,2,FixedThreshold,913,[],0,0
0,2,FixedThreshold,914,[],0,0
0,2,FixedThreshold,915,[],0,0
0,2,FixedThreshold,916,[],0,0
0,2,FixedThreshold,917,"[""n06""]",0,0
0,2,FixedThreshold,918,[],0,0
0,2,FixedThreshold,919,[],0,0
0,2,SingleCenter,24,"[""n04"", ""n09""]",0,0
0,2,SingleCenter,25,"[""n00""]",0,0
0,2,SingleCenter,26,[],0,0
0,2,SingleCenter,27,"[""n07""]",0,0
0,2,SingleCenter,28,"[""n05""]",0,0
0,2,SingleCenter,29,"[""n02"", ""n04"", ""n06""]",0,0
0,2,SingleCenter,30,"[""n00"", ""n03"", ""n06"", ""n12""]",1,1
0,2,SingleCenter,31,"[""n00"", ""n06""]",0,0
0,2,SingleCenter,64,"[""n10""]",0,0
0,2,SingleCenter,65,[],0,0
0,2,SingleCenter,66,"[""n02"", ""n04"", ""n09""]",0,0
0,2,SingleCenter,67,"[""n03"", ""n10"", ""n14""]",0,0
0,2,SingleCenter,68,"[""n00"", ""n03"", ""n12""]",0,0
0,2,SingleCenter,69,"[""n03"", ""n11"", ""n15"", ""n16""]",0,0
0,2,SingleCenter,70,"[""n02"", ""n13""]",0,0
0,2,SingleCenter,71,"[""n00"", ""n04""]",0,0
0,2,SingleCenter,96,"[""n04"", ""n10""]",0,0
0,2,SingleCenter,97,[],0,0
0,2,SingleCenter,98,[],0,0
0,2,SingleCenter,99,"[""n08"", ""n12"", ""n16""]",0,0
0,2,SingleCenter,100,"[""n00"", ""n06"", ""n11"", ""n12"", ""n17""]",1,1
0,2,SingleCenter,101,"[""n03"", ""n04"", ""n06"", ""n07"", ""n09"", ""n12"", ""n15""]",0,0
0,2,SingleCenter,102,"[""n02"", ""n06"", ""n17""]",1,1
0,2,SingleCenter,103,"[""n06"", ""n07"", ""n09"", ""n11""]",0,0
0,2,SingleCenter,104,[],0,0
0,2,SingleCenter,105,"[""n04"", ""n08"", ""n10""]",0,0
0,2,SingleCenter,106,[],0,0
0,2,SingleCenter,107,"[""n03"", ""n07"", ""n09"", ""n10"", ""n14""]",1,1
0,2,SingleCenter,108,"[""n06"", ""n09"", ""n12""]",0,0
0,2,SingleCenter,109,"[""n02"", ""n05"", ""n07"", ""n10""]",0,0
0,2,SingleCenter,110,"[""n00"", ""n05"", ""n07""]",0,0
0,2,SingleCenter,111,[],0,0
0,2,SingleCenter,112,"[""n12""]",1,1
0,2,SingleCenter,113,"[""n10""]",0,0
0,2,SingleCenter,114,"[""n10""]",0,0
0,2,SingleCenter,115,"[""n00"", ""n02""]",0,0
0,2,SingleCenter,116,"[""n02""]",0,0
0,2,SingleCenter,117,"[""n05""]",0,0
0,2,SingleCenter,118,[],0,0
0,2,SingleCenter,119,"[""n04"", ""n08""]",0,0
0,2,SingleCenter,144,"[""n02"", ""n09"", ""n14""]",0,0
0,2,SingleCenter,145,"[""n03"", ""n04"", ""n07""]",0,0
0,2,SingleCenter,146,"[""n10"", ""n11""]",0,0
0,2,SingleCenter,147,"[""n04"", ""n05"", ""n09"", ""n13"", ""n16""]",1,1
0,2,SingleCenter,148,[],0,0
0,2,SingleCenter,149,"[""n02"", ""n09"", ""n16""]",1,1
0,2,SingleCenter,150,"[""n01"", ""n02"", ""n07"", ""n11""]",1,0
0,2,SingleCenter,151,"[""n06"", ""n10"", ""n11""]",0,0
0,2,SingleCenter,192,"[""n00"", ""n02""]",0,0
0,2,SingleCenter,193,"[""n03""]",0,0
0,2,SingleCenter,194,"[""n00"", ""n07"", ""n09""]",1,1
0,2,SingleCenter,195,"[""n04"", ""n07""]",0,0
0,2,SingleCenter,196,"[""n02"", ""n07""]",0,0
0,2,SingleCenter,197,"[""n02"", ""n05""]",0,0
0,2,SingleCenter,198,"[""n01"", ""n09""]",1,1
0,2,SingleCenter,199,[],0,0
0,2,SingleCenter,224,"[""n03"", ""n10"", ""n11"", ""n14""]",0,0
0,2,SingleCenter,225,"[""n00"", ""n03"", ""n09"", ""n14""]",0,0
0,2,SingleCenter,226,"[""n10"", ""n13""]",0,0
0,2,SingleCenter,227,"[""n08"", ""n09"", ""n13""]",0,0
0,2,SingleCenter,228,"[""n04"", ""n05"", ""n12"", ""n14""]",0,0
0,2,SingleCenter,229,[],0,0
0,2,SingleCenter,230,"[""n07""]",0,0
0,2,SingleCenter,231,"[""n02"", ""n06"", ""n07"", ""n09"", ""n10"", ""n12"", ""n16""]",1,1
0,2,SingleCenter,264,[],0,0
0,2,SingleCenter,265,"[""n03"", ""n09"", ""n15""]",0,0
0,2,SingleCenter,266,"[""n13"", ""n15""]",0,0
0,2,SingleCenter,267,"[""n02"", ""n06"", ""n08"", ""n16""]",1,0
0,2,SingleCenter,268,"[""n11""]",0,0
0,2,SingleCenter,269,[],0,0
0,2,SingleCenter,270,[],0,0
0,2,SingleCenter,271,"[""n03"", ""n08"", ""n09""]",0,0
0,2,SingleCenter,280,"[""n11""]",1,1
0,2,SingleCenter,281,"[""n00"", ""n08"", ""n11""]",1,0
0,2,SingleCenter,282,"[""n02"", ""n03"", ""n11""]",1,1
0,2,SingleCenter,283,[],0,0
0,2,SingleCenter,284,"[""n02"", ""n05"", ""n11""]",1,0
0,2,SingleCenter,285,"[""n07"", ""n10""]",0,0
0,2,SingleCenter,286,"[""n07""]",0,0
0,2,SingleCenter,287,[],0,0
0,2,SingleCenter,320,"[""n01"", ""n03"", ""n06"", ""n07""]",0,0
0,2,SingleCenter,321,"[""n01"", ""n02"", ""n04""]",0,0
0,2,SingleCenter,322,"[""n02"", ""n05"", ""n09""]",1,1
0,2,SingleCenter,323,"[""n07""]",0,0
0,2,SingleCenter,324,"[""n08""]",0,0
0,2,SingleCenter,325,"[""n07"", ""n09""]",1,1
0,2,SingleCenter,326,"[""n06"", ""n09""]",1,1
0,2,SingleCenter,327,"[""n02"", ""n06""]",0,0
0,2,SingleCenter,400,"[""n01"", ""n08""]",0,0
0,2,SingleCenter,401,"[""n05""]",0,0
0,2,SingleCenter,402,"[""n06"", ""n08"", ""n09""]",0,0
0,2,SingleCenter,403,"[""n07""]",0,0
0,2,SingleCenter,404,"[""n01"", ""n05"", ""n07""]",0,0
0,2,SingleCenter,405,"[""n03"", ""n05""]",0,0
0,2,SingleCenter,406,"[""n05""]",0,0
0,2,SingleCenter,407,"[""n00"", ""n09""]",0,0
0,2,SingleCenter,416,[],0,0
0,2,SingleCenter,417,"[""n00"", ""n09""]",1,1
0,2,SingleCenter,418,"[""n03""]",0,0
0,2,SingleCenter,419,"[""n05"", ""n07""]",0,0
0,2,SingleCenter,420,[],0,0
0,2,SingleCenter,421,"[""n04""]",0,0
0,2,SingleCenter,422,[],0,0
0,2,SingleCenter,423,"[""n01"", ""n05""]",0,0
0,2,SingleCenter,488,"[""n02"", ""n07""]",0,0
0,2,SingleCenter,489,"[""n02"", ""n03"", ""n08""]",1,0
0,2,SingleCenter,490,"[""n00"", ""n03"", ""n05""]",0,0
0,2,SingleCenter,491,"[""n02""]",0,0
0,2,SingleCenter,492,"[""n04""]",0,0
0,2,SingleCenter,493,"[""n02"", ""n07"", ""n10""]",1,1
0,2,SingleCenter,494,"[""n03"", ""n06"", ""n08"", ""n10""]",1,1
0,2,SingleCenter,495,"[""n07"", ""n09""]",0,0
0,2,SingleCenter,496,"[""n05"", ""n06"", ""n09""]",0,0
0,2,SingleCenter,497,"[""n04""]",0,0
0,2,SingleCenter,498,"[""n01"", ""n03"", ""n08""]",0,0
0,2,SingleCenter,499,"[""n02"", ""n10""]",0,0
0,2,SingleCenter,500,"[""n01""]",0,0
0,2,SingleCenter,501,"[""n02"", ""n05""]",0,0
0,2,SingleCenter,502,"[""n00"", ""n08""]",0,0
0,2,SingleCenter,503,"[""n07"", ""n10""]",0,0
0,2,SingleCenter,512,"[""n01"", ""n05"", ""n09"", ""n12""]",0,0
0,2,SingleCenter,513,"[""n00"", ""n07"", ""n10"", ""n13""]",1,0
0,2,SingleCenter,514,"[""n03"", ""n05""]",0,0
0,2,SingleCenter,515,"[""n09""]",0,0
0,2,SingleCenter,516,[],0,0
0,2,SingleCenter,517,"[""n00"", ""n04"", ""n05"", ""n13""]",0,0
0,2,SingleCenter,518,"[""n05""]",0,0
0,2,SingleCenter,519,"[""n00""]",0,0
0,2,SingleCenter,624,"[""n00"", ""n03"", ""n04"", ""n07""]",1,1
0,2,SingleCenter,625,"[""n00"", ""n03"", ""n12""]",1,1
0,2,SingleCenter,626,[],0,0
0,2,SingleCenter,627,"[""n01"", ""n05""]",0,0
0,2,SingleCenter,628,"[""n09""]",0,0
0,2,SingleCenter,629,"[""n02""]",0,0
0,2,SingleCenter,630,"[""n11"", ""n12""]",0,0
0,2,SingleCenter,631,[],0,0
0,2,SingleCenter,704,"[""n01"", ""n02"", ""n07"", ""n15""]",1,0
0,2,SingleCenter,705,"[""n11""]",0,0
0,2,SingleCenter,706,"[""n05"", ""n14""]",0,0
0,2,SingleCenter,707,"[""n14""]",0,0
0,2,SingleCenter,708,"[""n03"", ""n09""]",0,0
0,2,SingleCenter,709,[],0,0
0,2,SingleCenter,710,"[""n14"", ""n15""]",1,1
0,2,SingleCenter,711,[],0,0
0,2,SingleCenter,712,"[""n01"", ""n03"", ""n05""]",0,0
0,2,SingleCenter,713,[],0,0
0,2,SingleCenter,714,"[""n07""]",0,0
0,2,SingleCenter,715,"[""n00"", ""n08""]",0,0
0,2,SingleCenter,716,"[""n06""]",0,0
0,2,SingleCenter,717,"[""n09""]",0,0
0,2,SingleCenter,718,"[""n06""]",0,0
0,2,SingleCenter,719,"[""n03"", ""n06"", ""n10""]",1,0
0,2,SingleCenter,760,"[""n00""]",0,0
0,2,SingleCenter,761,"[""n00"", ""n02"", ""n05"", ""n06""]",0,0
0,2,SingleCenter,762,"[""n05"", ""n06""]",0,0
0,2,SingleCenter,763,"[""n16""]",1,1
0,2,SingleCenter,764,"[""n13""]",0,0
0,2,SingleCenter,765,"[""n00"", ""n02"", ""n05"", ""n06"", ""n07""]",0,0
0,2,SingleCenter,766,"[""n02"", ""n08"", ""n14"", ""n15""]",0,0
0,2,SingleCenter,767,"[""n02""]",0,0
0,2,SingleCenter,776,[],0,0
0,2,SingleCenter,777,"[""n08"", ""n14""]",0,0
0,2,SingleCenter,778,"[""n10"", ""n11""]",0,0
0,2,SingleCenter,779,"[""n00"", ""n15"", ""n16""]",1,0
0,2,SingleCenter,780,"[""n16""]",1,1
0,2,SingleCenter,781,"[""n05"", ""n09""]",0,0
0,2,SingleCenter,782,"[""n07"", ""n13""]",0,0
0,2,SingleCenter,783,"[""n13""]",0,0
0,2,SingleCenter,800,"[""n07""]",0,0
0,2,SingleCenter,801,"[""n04"", ""n05"", ""n09""]",1,0
0,2,SingleCenter,802,[],0,0
0,2,SingleCenter,803,"[""n00"", ""n02""]",0,0
0,2,SingleCenter,804,"[""n06""]",0,0
0,2,SingleCenter,805,"[""n00"", ""n02""]",0,0
0,2,SingleCenter,806,"[""n00"", ""n04""]",0,0
0,2,SingleCenter,807,"[""n05""]",0,0
0,2,SingleCenter,824,[],0,0
0,2,SingleCenter,825,[],0,0
0,2,SingleCenter,826,"[""n04""]",0,0
0,2,SingleCenter,827,"[""n00"", ""n03"", ""n08"", ""n10""]",1,0
0,2,SingleCenter,828,[],0,0
0,2,SingleCenter,829,"[""n00"", ""n12""]",0,0
0,2,SingleCenter,830,"[""n02"", ""n09""]",0,0
0,2,SingleCenter,831,"[""n08"", ""n11""]",0,0
0,2,SingleCenter,912,"[""n00"", ""n02"", ""n05"", ""n10"", ""n12""]",1,1
0,2,SingleCenter,913,"[""n10"", ""n11""]",0,0
0,2,SingleCenter,914,[],0,0
0,2,SingleCenter,915,"[""n08""]",0,0
0,2,SingleCenter,916,[],0,0
0,2,SingleCenter,917,"[""n01"", ""n06""]",0,0
0,2,SingleCenter,918,"[""n06""]",0,0
0,2,SingleCenter,919,"[""n12""]",0,0
0,2,KMeans,24,"[""n04"", ""n09""]",0,0
0,2,KMeans,25,"[""n00""]",0,0
0,2,KMeans,26,[],0,0
0,2,KMeans,27,"[""n07"", ""n08""]",0,0
0,2,KMeans,28,"[""n05""]",0,0
0,2,KMeans,29,"[""n02"", ""n04"", ""n06""]",0,0
0,2,KMeans,30,"[""n00"", ""n03"", ""n06"", ""n12""]",1,1
0,2,KMeans,31,"[""n00"", ""n06""]",0,0
0,2,KMeans,64,"[""n04"", ""n10""]",1,0
0,2,KMeans,65,"[""n06""]",0,0
0,2,KMeans,66,"[""n02"", ""n04"", ""n09""]",0,0
0,2,KMeans,67,"[""n03"", ""n10"", ""n14""]",0,0
0,2,KMeans,68,"[""n00"", ""n12""]",0,0
0,2,KMeans,69,"[""n03"", ""n11"", ""n16""]",0,0
0,2,KMeans,70,"[""n02""]",0,0
0,2,KMeans,71,"[""n00""]",0,0
0,2,KMeans,96,"[""n04""]",0,0
0,2,KMeans,97,[],0,0
0,2,KMeans,98,"[""n15""]",0,0
0,2,KMeans,99,"[""n08"", ""n12""]",0,0
0,2,KMeans,100,"[""n05"", ""n06"", ""n17""]",1,1
0,2,KMeans,101,"[""n03"", ""n04"", ""n06"", ""n07"", ""n09"", ""n12""]",0,0
0,2,KMeans,102,"[""n02"", ""n06"", ""n13"", ""n17""]",1,1
0,2,KMeans,103,"[""n06"", ""n07"", ""n09"", ""n11""]",0,0
0,2,KMeans,104,[],0,0
0,2,KMeans,105,"[""n04"", ""n10""]",0,0
0,2,KMeans,106,"[""n11""]",0,0
0,2,KMeans,107,"[""n07"", ""n10"", ""n12"", ""n14""]",1,1
0,2,KMeans,108,"[""n06"", ""n09"", ""n12""]",0,0
0,2,KMeans,109,"[""n10""]",0,0
0,2,KMeans,110,"[""n00"", ""n05""]",0,0
0,2,KMeans,111,"[""n10""]",0,0
0,2,KMeans,112,"[""n12""]",1,1
0,2,KMeans,113,"[""n10""]",0,0
0,2,KMeans,114,"[""n10""]",0,0
0,2,KMeans,115,"[""n00"", ""n02"", ""n09""]",0,0
0,2,KMeans,116,"[""n02""]",0,0
0,2,KMeans,117,"[""n05"", ""n08""]",0,0
0,2,KMeans,118,"[""n05""]",0,0
0,2,KMeans,119,"[""n04"", ""n08""]",0,0
0,2,KMeans,144,"[""n02"", ""n09"", ""n14""]",0,0
0,2,KMeans,145,"[""n02""]",0,0
0,2,KMeans,146,"[""n10"", ""n11""]",0,0
0,2,KMeans,147,"[""n04"", ""n05"", ""n09"", ""n13"", ""n16""]",1,1
0,2,KMeans,148,[],0,0
0,2,KMeans,149,"[""n02"", ""n09"", ""n16""]",1,1
0,2,KMeans,150,"[""n02"", ""n07""]",0,0
0,2,KMeans,151,"[""n10"", ""n11""]",0,0
0,2,KMeans,192,"[""n00"", ""n02""]",0,0
0,2,KMeans,193,"[""n05""]",0,0
0,2,KMeans,194,"[""n09""]",1,1
0,2,KMeans,195,"[""n04""]",0,0
0,2,KMeans,196,"[""n02"", ""n03"", ""n07""]",0,0
0,2,KMeans,197,"[""n02""]",0,0
0,2,KMeans,198,"[""n01"", ""n03"", ""n09""]",1,1
0,2,KMeans,199,[],0,0
0,2,KMeans,224,"[""n10"", ""n11""]",0,0
0,2,KMeans,225,"[""n00"", ""n03"", ""n09""]",0,0
0,2,KMeans,226,"[""n01"", ""n02"", ""n10"", ""n12"", ""n13""]",1,0
0,2,KMeans,227,"[""n01"", ""n08"", ""n09"", ""n13""]",0,0
0,2,KMeans,228,"[""n04"", ""n12""]",0,0
0,2,KMeans,229,"[""n05""]",0,0
0,2,KMeans,230,"[""n07"", ""n11""]",0,0
0,2,KMeans,231,"[""n02"", ""n07"", ""n12"", ""n16""]",1,1
0,2,KMeans,264,"[""n07""]",0,0
0,2,KMeans,265,"[""n00"", ""n03"", ""n14""]",0,0
0,2,KMeans,266,"[""n15""]",0,0
0,2,KMeans,267,"[""n02"", ""n08""]",0,0
0,2,KMeans,268,"[""n11""]",0,0
0,2,KMeans,269,[],0,0
0,2,KMeans,270,[],0,0
0,2,KMeans,271,"[""n03"", ""n08"", ""n09""]",0,0
0,2,KMeans,280,"[""n11""]",1,1
0,2,KMeans,281,"[""n00"", ""n06"", ""n08""]",0,0
0,2,KMeans,282,"[""n02"", ""n03"", ""n06"", ""n11""]",1,1
0,2,KMeans,283,[],0,0
0,2,KMeans,284,[],0,0
0,2,KMeans,285,[],0,0
0,2,KMeans,286,"[""n08""]",0,0
0,2,KMeans,287,[],0,0
0,2,KMeans,320,"[""n01"", ""n03"", ""n07""]",0,0
0,2,KMeans,321,"[""n00"", ""n01"", ""n02"", ""n04""]",1,0
0,2,KMeans,322,"[""n02"", ""n05"", ""n06"", ""n09""]",1,1
0,2,KMeans,323,"[""n07""]",0,0
0,2,KMeans,324,"[""n08""]",0,0
0,2,KMeans,325,"[""n09""]",1,1
0,2,KMeans,326,"[""n06"", ""n09""]",1,1
0,2,KMeans,327,"[""n02"", ""n06""]",0,0
0,2,KMeans,400,[],0,0
0,2,KMeans,401,"[""n05""]",0,0
0,2,KMeans,402,"[""n08"", ""n09""]",0,0
0,2,KMeans,403,"[""n04"", ""n07""]",0,0
0,2,KMeans,404,"[""n01"", ""n02"", ""n07""]",0,0
0,2,KMeans,405,"[""n03"", ""n05""]",0,0
0,2,KMeans,406,"[""n00"", ""n05""]",0,0
0,2,KMeans,407,"[""n00"", ""n09""]",0,0
0,2,KMeans,416,[],0,0
0,2,KMeans,417,"[""n00"", ""n09""]",1,1
0,2,KMeans,418,"[""n01"", ""n03""]",0,0
0,2,KMeans,419,"[""n05"", ""n07""]",0,0
0,2,KMeans,420,[],0,0
0,2,KMeans,421,[],0,0
0,2,KMeans,422,[],0,0
0,2,KMeans,423,"[""n01"", ""n05""]",0,0
0,2,KMeans,488,"[""n02"", ""n07""]",0,0
0,2,KMeans,489,[],0,0
0,2,KMeans,490,"[""n00"", ""n03"", ""n05""]",0,0
0,2,KMeans,491,[],0,0
0,2,KMeans,492,"[""n04""]",0,0
0,2,KMeans,493,"[""n02"", ""n03"", ""n07"", ""n10""]",1,1
0,2,KMeans,494,"[""n03"", ""n06"", ""n08"", ""n10""]",1,1
0,2,KMeans,495,"[""n07"", ""n09""]",0,0
0,2,KMeans,496,"[""n06"", ""n09""]",0,0
0,2,KMeans,497,"[""n04""]",0,0
0,2,KMeans,498,"[""n01"", ""n02"", ""n03"", ""n08""]",0,0
0,2,KMeans,499,"[""n02"", ""n10""]",0,0
0,2,KMeans,500,"[""n01""]",0,0
0,2,KMeans,501,"[""n02"", ""n05""]",0,0
0,2,KMeans,502,"[""n00"", ""n02"", ""n08""]",0,0
0,2,KMeans,503,[],0,0
0,2,KMeans,512,"[""n05"", ""n12""]",0,0
0,2,KMeans,513,"[""n13""]",0,0
0,2,KMeans,514,"[""n05""]",0,0
0,2,KMeans,515,"[""n09""]",0,0
0,2,KMeans,516,[],0,0
0,2,KMeans,517,"[""n05"", ""n06"", ""n10""]",0,0
0,2,KMeans,518,"[""n05"", ""n10""]",0,0
0,2,KMeans,519,"[""n00""]",0,0
0,2,KMeans,624,"[""n00"", ""n03"", ""n04"", ""n07""]",1,1
0,2,KMeans,625,"[""n00"", ""n12""]",1,1
0,2,KMeans,626,[],0,0
0,2,KMeans,627,"[""n01"", ""n05""]",0,0
0,2,KMeans,628,"[""n09""]",0,0
0,2,KMeans,629,[],0,0
0,2,KMeans,630,"[""n11""]",0,0
0,2,KMeans,631,[],0,0
0,2,KMeans,704,"[""n01"", ""n02"", ""n07""]",0,0
0,2,KMeans,705,"[""n06"", ""n11"", ""n13""]",0,0
0,2,KMeans,706,"[""n03"", ""n05""]",0,0
0,2,KMeans,707,"[""n14""]",0,0
0,2,KMeans,708,"[""n03"", ""n08""]",0,0
0,2,KMeans,709,"[""n02""]",0,0
0,2,KMeans,710,"[""n09"", ""n14"", ""n15""]",1,1
0,2,KMeans,711,[],0,0
0,2,KMeans,712,"[""n03""]",0,0
0,2,KMeans,713,[],0,0
0,2,KMeans,714,"[""n07""]",0,0
0,2,KMeans,715,"[""n00"", ""n01""]",0,0
0,2,KMeans,716,"[""n05"", ""n06""]",0,0
0,2,KMeans,717,"[""n01"", ""n06""]",0,0
0,2,KMeans,718,"[""n06""]",0,0
0,2,KMeans,719,"[""n05"", ""n06""]",0,0
0,2,KMeans,760,"[""n00""]",0,0
0,2,KMeans,761,"[""n05"", ""n06""]",0,0
0,2,KMeans,762,"[""n05"", ""n06""]",0,0
0,2,KMeans,763,"[""n16""]",1,1
0,2,KMeans,764,"[""n13""]",0,0
0,2,KMeans,765,"[""n02"", ""n05"", ""n06"", ""n07""]",0,0
0,2,KMeans,766,"[""n02"", ""n08"", ""n14"", ""n15""]",0,0
0,2,KMeans,767,"[""n02""]",0,0
0,2,KMeans,776,[],0,0
0,2,KMeans,777,"[""n08"", ""n14""]",0,0
0,2,KMeans,778,"[""n11""]",0,0
0,2,KMeans,779,"[""n00"", ""n15"", ""n16""]",1,0
0,2,KMeans,780,"[""n16""]",1,1
0,2,KMeans,781,"[""n05"", ""n12""]",0,0
0,2,KMeans,782,"[""n07"", ""n08"", ""n13"", ""n16""]",1,0
0,2,KMeans,783,"[""n13""]",0,0
0,2,KMeans,800,"[""n04"", ""n07""]",0,0
0,2,KMeans,801,"[""n05""]",0,0
0,2,KMeans,802,[],0,0
0,2,KMeans,803,"[""n00"", ""n02""]",0,0
0,2,KMeans,804,"[""n02"", ""n06""]",0,0
0,2,KMeans,805,"[""n00""]",0,0
0,2,KMeans,806,"[""n04"", ""n07""]",0,0
0,2,KMeans,807,"[""n05""]",0,0
0,2,KMeans,824,"[""n13""]",1,0
0,2,KMeans,825,[],0,0
0,2,KMeans,826,"[""n04""]",0,0
0,2,KMeans,827,"[""n00"", ""n08""]",0,0
0,2,KMeans,828,[],0,0
0,2,KMeans,829,"[""n00"", ""n06"", ""n12""]",0,0
0,2,KMeans,830,[],0,0
0,2,KMeans,831,"[""n08"", ""n11"", ""n12""]",0,0
0,2,KMeans,912,"[""n02"", ""n05"", ""n10"", ""n12""]",1,1
0,2,KMeans,913,"[""n09""]",0,0
0,2,KMeans,914,[],0,0
0,2,KMeans,915,"[""n08"", ""n13""]",1,0
0,2,KMeans,916,[],0,0
0,2,KMeans,917,"[""n01"", ""n06""]",0,0
0,2,KMeans,918,"[""n06""]",0,0
0,2,KMeans,919,"[""n12""]",0,0
0,3,FixedThreshold,0,[],0,0
0,3,FixedThreshold,1,[],0,0
0,3,FixedThreshold,2,[],0,0
0,3,FixedThreshold,3,[],0,0
0,3,FixedThreshold,4,[],0,0
0,3,FixedThreshold,5,"[""n06""]",0,0
0,3,FixedThreshold,6,"[""n05"", ""n08"", ""n12""]",0,0
0,3,FixedThreshold,7,"[""n00"", ""n10""]",0,0
0,3,FixedThreshold,8,[],0,1
0,3,FixedThreshold,9,[],0,0
0,3,FixedThreshold,10,[],0,0
0,3,FixedThreshold,11,[],0,1
0,3,FixedThreshold,12,[],0,0
0,3,FixedThreshold,13,[],0,0
0,3,FixedThreshold,14,"[""n14""]",1,1
0,3,FixedThreshold,15,[],0,0
0,3,FixedThreshold,16,"[""n15"", ""n16""]",0,0
0,3,FixedThreshold,17,[],0,1
0,3,FixedThreshold,18,"[""n07""]",0,0
0,3,FixedThreshold,19,"[""n10"", ""n14""]",0,0
0,3,FixedThreshold,20,[],0,0
0,3,FixedThreshold,21,[],0,1
0,3,FixedThreshold,22,"[""n08"", ""n11""]",0,0
0,3,FixedThreshold,23,[],0,0
0,3,FixedThreshold,128,[],0,0
0,3,FixedThreshold,129,[],0,0
0,3,FixedThreshold,130,[],0,0
0,3,FixedThreshold,131,[],0,0
0,3,FixedThreshold,132,[],0,0
0,3,FixedThreshold,133,"[""n01"", ""n03""]",0,0
0,3,FixedThreshold,134,"[""n02"", ""n05""]",0,0
0,3,FixedThreshold,135,[],0,0
0,3,FixedThreshold,136,"[""n02"", ""n12""]",0,0
0,3,FixedThreshold,137,[],0,1
0,3,FixedThreshold,138,[],0,0
0,3,FixedThreshold,139,[],0,0
0,3,FixedThreshold,140,"[""n13""]",0,0
0,3,FixedThreshold,141,"[""n02""]",0,0
0,3,FixedThreshold,142,"[""n15""]",1,1
0,3,FixedThreshold,143,[],0,0
0,3,FixedThreshold,160,[],0,0
0,3,FixedThreshold,161,[],0,0
0,3,FixedThreshold,162,[],0,0
0,3,FixedThreshold,163,[],0,0
0,3,FixedThreshold,164,[],0,0
0,3,FixedThreshold,165,[],0,0
0,3,FixedThreshold,166,[],0,0
0,3,FixedThreshold,167,"[""n03""]",1,1
0,3,FixedThreshold,168,[],0,0
0,3,FixedThreshold,169,"[""n01"", ""n08""]",0,0
0,3,FixedThreshold,170,"[""n08"", ""n09"", ""n11""]",1,1
0,3,FixedThreshold,171,[],0,0
0,3,FixedThreshold,172,"[""n08""]",0,0
0,3,FixedThreshold,173,[],0,0
0,3,FixedThreshold,174,[],0,0
0,3,FixedThreshold,175,"[""n10""]",0,0
0,3,FixedThreshold,200,[],0,0
0,3,FixedThreshold,201,[],0,0
0,3,FixedThreshold,202,[],0,0
0,3,FixedThreshold,203,[],0,0
0,3,FixedThreshold,204,[],0,0
0,3,FixedThreshold,205,"[""n11""]",0,0
0,3,FixedThreshold,206,[],0,0
0,3,FixedThreshold,207,[],0,0
0,3,FixedThreshold,216,[],0,0
0,3,FixedThreshold,217,[],0,0
0,3,FixedThreshold,218,[],0,0
0,3,FixedThreshold,219,[],0,0
0,3,FixedThreshold,220,"[""n11"", ""n12""]",1,1
0,3,FixedThreshold,221,[],0,1
0,3,FixedThreshold,222,[],0,0
0,3,FixedThreshold,223,[],0,0
0,3,FixedThreshold,328,[],0,1
0,3,FixedThreshold,329,[],0,1
0,3,FixedThreshold,330,"[""n10""]",0,0
0,3,FixedThreshold,331,[],0,0
0,3,FixedThreshold,332,[],0,0
0,3,FixedThreshold,333,[],0,0
0,3,FixedThreshold,334,"[""n02"", ""n07""]",0,0
0,3,FixedThreshold,335,"[""n14""]",0,0
0,3,FixedThreshold,472,"[""n00""]",0,0
0,3,FixedThreshold,473,[],0,0
0,3,FixedThreshold,474,[],0,0
0,3,FixedThreshold,475,[],0,0
0,3,FixedThreshold,476,"[""n06""]",0,0
0,3,FixedThreshold,477,[],0,0
0,3,FixedThreshold,478,"[""n04"", ""n08""]",0,0
0,3,FixedThreshold,479,"[""n14""]",1,1
0,3,FixedThreshold,504,[],0,0
0,3,FixedThreshold,505,[],0,0
0,3,FixedThreshold,506,[],0,0
0,3,FixedThreshold,507,[],0,0
0,3,FixedThreshold,508,[],0,0
0,3,FixedThreshold,509,"[""n08""]",0,0
0,3,FixedThreshold,510,[],0,0
0,3,FixedThreshold,511,[],0,0
0,3,FixedThreshold,520,[],0,0
0,3,FixedThreshold,521,[],0,0
0,3,FixedThreshold,522,[],0,1
0,3,FixedThreshold,523,[],0,1
0,3,FixedThreshold,524,[],0,0
0,3,FixedThreshold,525,[],0,0
0,3,FixedThreshold,526,[],0,0
0,3,FixedThreshold,527,[],0,0
0,3,FixedThreshold,528,[],0,0
0,3,FixedThreshold,529,"[""n12""]",1,1
0,3,FixedThreshold,530,[],0,0
0,3,FixedThreshold,531,[],0,1
0,3,FixedThreshold,532,[],0,0
0,3,FixedThreshold,533,"[""n04"", ""n12""]",1,1
0,3,FixedThreshold,534,[],0,0
0,3,FixedThreshold,535,"[""n03"", ""n06""]",0,0
0,3,FixedThreshold,536,"[""n07""]",0,0
0,3,FixedThreshold,537,[],0,1
0,3,FixedThreshold,538,[],0,0
0,3,FixedThreshold,539,"[""n02"", ""n13""]",0,0
0,3,FixedThreshold,540,[],0,0
0,3,FixedThreshold,541,[],0,0
0,3,FixedThreshold,542,"[""n14""]",0,0
0,3,FixedThreshold,543,[],0,0
0,3,FixedThreshold,552,[],0,1
0,3,FixedThreshold,553,[],0,0
0,3,FixedThreshold,554,"[""n10""]",1,1
0,3,FixedThreshold,555,[],0,0
0,3,FixedThreshold,556,[],0,0
0,3,FixedThreshold,557,[],0,0
0,3,FixedThreshold,558,"[""n01""]",0,1
0,3,FixedThreshold,559,"[""n08""]",0,0
0,3,FixedThreshold,592,[],0,0
0,3,FixedThreshold,593,[],0,0
0,3,FixedThreshold,594,[],0,0
0,3,FixedThreshold,595,"[""n00"", ""n09""]",0,0
0,3,FixedThreshold,596,[],0,0
0,3,FixedThreshold,597,[],0,0
0,3,FixedThreshold,598,[],0,0
0,3,FixedThreshold,599,[],0,1
0,3,FixedThreshold,792,[],0,0
0,3,FixedThreshold,793,[],0,0
0,3,FixedThreshold,794,[],0,0
0,3,FixedThreshold,795,[],0,0
0,3,FixedThreshold,796,[],0,0
0,3,FixedThreshold,797,"[""n04"", ""n06""]",0,0
0,3,FixedThreshold,798,"[""n06""]",0,0
0,3,FixedThreshold,799,[],0,0
0,3,FixedThreshold,816,"[""n03""]",0,0
0,3,FixedThreshold,817,[],0,0
0,3,FixedThreshold,818,[],0,1
0,3,FixedThreshold,819,[],0,0
0,3,FixedThreshold,820,[],0,0
0,3,FixedThreshold,821,[],0,0
0,3,FixedThreshold,822,[],0,0
0,3,FixedThreshold,823,[],0,0
0,3,FixedThreshold,832,"[""n07"", ""n14""]",1,1
0,3,FixedThreshold,833,[],0,0
0,3,FixedThreshold,834,"[""n02""]",0,0
0,3,FixedThreshold,835,[],0,0
0,3,FixedThreshold,836,[],0,0
0,3,FixedThreshold,837,[],0,0
0,3,FixedThreshold,838,[],0,0
0,3,FixedThreshold,839,[],0,0
0,3,FixedThreshold,856,"[""n11""]",0,0
0,3,FixedThreshold,857,[],0,0
0,3,FixedThreshold,858,[],0,0
0,3,FixedThreshold,859,[],0,0
0,3,FixedThreshold,860,[],0,1
0,3,FixedThreshold,861,"[""n11"", ""n13""]",0,0
0,3,FixedThreshold,862,[],0,0
0,3,FixedThreshold,863,[],0,1
0,3,FixedThreshold,904,[],0,0
0,3,FixedThreshold,905,[],0,0
0,3,FixedThreshold,906,[],0,0
0,3,FixedThreshold,907,[],0,0
0,3,FixedThreshold,908,[],0,0
0,3,FixedThreshold,909,[],0,0
0,3,FixedThreshold,910,[],0,0
0,3,FixedThreshold,911,[],0,0
0,3,FixedThreshold,920,[],0,0
0,3,FixedThreshold,921,[],0,0
0,3,FixedThreshold,922,[],0,0
0,3,FixedThreshold,923,"[""n10""]",0,0
0,3,FixedThreshold,924,"[""n00"", ""n10""]",0,0
0,3,FixedThreshold,925,"[""n11""]",0,0
0,3,FixedThreshold,926,"[""n05""]",0,0
0,3,FixedThreshold,927,"[""n00"", ""n01"", ""n02""]",1,1
0,3,FixedThreshold,944,"[""n06"", ""n13"", ""n16""]",0,0
0,3,FixedThreshold,945,[],0,0
0,3,FixedThreshold,946,[],0,0
0,3,FixedThreshold,947,[],0,0
0,3,FixedThreshold,948,[],0,0
0,3,FixedThreshold,949,[],0,0
0,3,FixedThreshold,950,"[""n17""]",1,1
0,3,FixedThreshold,951,"[""n14""]",0,0
0,3,SingleCenter,0,"[""n09""]",0,0
0,3,SingleCenter,1,[],0,0
0,3,SingleCenter,2,"[""n01"", ""n03"", ""n07"", ""n09""]",0,0
0,3,SingleCenter,3,"[""n02"", ""n06"", ""n11"", ""n14""]",0,0
0,3,SingleCenter,4,"[""n12""]",0,0
0,3,SingleCenter,5,"[""n06"", ""n09""]",0,0
0,3,SingleCenter,6,"[""n05"", ""n08"", ""n12""]",0,0
0,3,SingleCenter,7,"[""n00"", ""n01"", ""n04"", ""n10"", ""n11""]",0,0
0,3,SingleCenter,8,"[""n08"", ""n14""]",1,1
0,3,SingleCenter,9,[],0,0
0,3,SingleCenter,10,"[""n03"", ""n06"", ""n09""]",0,0
0,3,SingleCenter,11,"[""n00"", ""n02"", ""n14""]",1,1
0,3,SingleCenter,12,[],0,0
0,3,SingleCenter,13,"[""n04"", ""n09"", ""n10""]",0,0
0,3,SingleCenter,14,"[""n14""]",1,1
0,3,SingleCenter,15,"[""n12""]",0,0
0,3,SingleCenter,16,"[""n03"", ""n11"", ""n15"", ""n16""]",0,0
0,3,SingleCenter,17,"[""n02"", ""n12"", ""n15""]",1,1
0,3,SingleCenter,18,"[""n06"", ""n07"", ""n10"", ""n13"", ""n15""]",0,0
0,3,SingleCenter,19,"[""n10"", ""n14"", ""n16""]",0,0
0,3,SingleCenter,20,"[""n05"", ""n08""]",0,0
0,3,SingleCenter,21,"[""n12""]",1,1
0,3,SingleCenter,22,"[""n06"", ""n08"", ""n11""]",0,0
0,3,SingleCenter,23,"[""n02"", ""n05""]",0,0
0,3,SingleCenter,128,"[""n04""]",0,0
0,3,SingleCenter,129,[],0,0
0,3,SingleCenter,130,"[""n03""]",0,0
0,3,SingleCenter,131,[],0,0
0,3,SingleCenter,132,"[""n01"", ""n03""]",0,0
0,3,SingleCenter,133,"[""n01"", ""n03""]",0,0
0,3,SingleCenter,134,"[""n02"", ""n05"", ""n07""]",0,0
0,3,SingleCenter,135,[],0,0
0,3,SingleCenter,136,"[""n02"", ""n12""]",0,0
0,3,SingleCenter,137,"[""n02"", ""n15""]",1,1
0,3,SingleCenter,138,[],0,0
0,3,SingleCenter,139,"[""n07"", ""n15""]",1,0
0,3,SingleCenter,140,"[""n08"", ""n09"", ""n13""]",0,0
0,3,SingleCenter,141,"[""n01"", ""n02"", ""n04"", ""n11"", ""n12"", ""n14""]",0,0
0,3,SingleCenter,142,"[""n02"", ""n05"", ""n06"", ""n11"", ""n15""]",1,1
0,3,SingleCenter,143,"[""n00"", ""n03"", ""n07"", ""n12""]",1,0
0,3,SingleCenter,160,"[""n08""]",0,0
0,3,SingleCenter,161,"[""n05"", ""n07"", ""n09""]",0,0
0,3,SingleCenter,162,"[""n02""]",0,0
0,3,SingleCenter,163,"[""n08""]",0,0
0,3,SingleCenter,164,"[""n02"", ""n07"", ""n10""]",0,0
0,3,SingleCenter,165,"[""n03"", ""n10""]",1,0
0,3,SingleCenter,166,"[""n00"", ""n03"", ""n08"", ""n09"", ""n14""]",1,0
0,3,SingleCenter,167,"[""n03""]",1,1
0,3,SingleCenter,168,[],0,0
0,3,SingleCenter,169,"[""n01"", ""n07"", ""n08""]",0,0
0,3,SingleCenter,170,"[""n08"", ""n09"", ""n11""]",1,1
0,3,SingleCenter,171,[],0,0
0,3,SingleCenter,172,"[""n08""]",0,0
0,3,SingleCenter,173,[],0,0
0,3,SingleCenter,174,[],0,0
0,3,SingleCenter,175,"[""n10"", ""n11""]",1,0
0,3,SingleCenter,200,"[""n03""]",0,0
0,3,SingleCenter,201,[],0,0
0,3,SingleCenter,202,"[""n00"", ""n04""]",0,0
0,3,SingleCenter,203,"[""n13""]",0,0
0,3,SingleCenter,204,"[""n03""]",0,0
0,3,SingleCenter,205,"[""n08"", ""n11"", ""n14"", ""n15""]",0,0
0,3,SingleCenter,206,[],0,0
0,3,SingleCenter,207,"[""n05"", ""n16""]",0,0
0,3,SingleCenter,216,"[""n04"", ""n07""]",0,0
0,3,SingleCenter,217,"[""n03"", ""n11""]",1,0
0,3,SingleCenter,218,"[""n01"", ""n10""]",0,0
0,3,SingleCenter,219,[],0,0
0,3,SingleCenter,220,"[""n11"", ""n12""]",1,1
0,3,SingleCenter,221,"[""n12""]",1,1
0,3,SingleCenter,222,[],0,0
0,3,SingleCenter,223,[],0,0
0,3,SingleCenter,328,"[""n05"", ""n06"", ""n08"", ""n15""]",1,1
0,3,SingleCenter,329,"[""n00"", ""n08"", ""n12"", ""n15""]",1,1
0,3,SingleCenter,330,"[""n10""]",0,0
0,3,SingleCenter,331,"[""n01""]",0,0
0,3,SingleCenter,332,"[""n00"", ""n07""]",0,0
0,3,SingleCenter,333,"[""n11""]",0,0
0,3,SingleCenter,334,"[""n02"", ""n07"", ""n15""]",1,0
0,3,SingleCenter,335,"[""n04"", ""n10"", ""n13"", ""n14""]",0,0
0,3,SingleCenter,472,"[""n00"", ""n06""]",0,0
0,3,SingleCenter,473,"[""n09"", ""n13""]",0,0
0,3,SingleCenter,474,"[""n03"", ""n05""]",0,0
0,3,SingleCenter,475,"[""n01"", ""n03"", ""n12""]",0,0
0,3,SingleCenter,476,"[""n03"", ""n06""]",0,0
0,3,SingleCenter,477,"[""n04""]",0,0
0,3,SingleCenter,478,"[""n04"", ""n08"", ""n13""]",0,0
0,3,SingleCenter,479,"[""n03"", ""n14""]",1,1
0,3,SingleCenter,504,"[""n12""]",1,0
0,3,SingleCenter,505,"[""n00""]",0,0
0,3,SingleCenter,506,[],0,0
0,3,SingleCenter,507,"[""n00"", ""n05"", ""n07""]",0,0
0,3,SingleCenter,508,"[""n07"", ""n10""]",0,0
0,3,SingleCenter,509,"[""n06"", ""n08""]",1,0
0,3,SingleCenter,510,"[""n01"", ""n03""]",0,0
0,3,SingleCenter,511,[],0,0
0,3,SingleCenter,520,"[""n11"", ""n14""]",1,0
0,3,SingleCenter,521,"[""n10""]",0,0
0,3,SingleCenter,522,"[""n03"", ""n08"", ""n09"", ""n11"", ""n14""]",1,1
0,3,SingleCenter,523,"[""n10"", ""n14""]",1,1
0,3,SingleCenter,524,"[""n03""]",0,0
0,3,SingleCenter,525,"[""n04"", ""n09"", ""n13""]",0,0
0,3,SingleCenter,526,"[""n05"", ""n06"", ""n09""]",0,0
0,3,SingleCenter,527,"[""n01"", ""n11""]",0,0
0,3,SingleCenter,528,[],0,0
0,3,SingleCenter,529,"[""n12""]",1,1
0,3,SingleCenter,530,"[""n01"", ""n04"", ""n05""]",0,0
0,3,SingleCenter,531,"[""n02"", ""n06"", ""n12""]",1,1
0,3,SingleCenter,532,"[""n09"", ""n10""]",0,0
0,3,SingleCenter,533,"[""n00"", ""n04"", ""n12""]",1,1
0,3,SingleCenter,534,"[""n00""]",0,0
0,3,SingleCenter,535,"[""n01"", ""n03"", ""n06""]",0,0
0,3,SingleCenter,536,"[""n07""]",0,0
0,3,SingleCenter,537,"[""n05"", ""n10"", ""n15""]",1,1
0,3,SingleCenter,538,[],0,0
0,3,SingleCenter,539,"[""n02"", ""n12"", ""n13""]",0,0
0,3,SingleCenter,540,"[""n00"", ""n07"", ""n14""]",0,0
0,3,SingleCenter,541,"[""n04"", ""n09"", ""n13"", ""n15""]",1,0
0,3,SingleCenter,542,"[""n14""]",0,0
0,3,SingleCenter,543,"[""n04""]",0,0
0,3,SingleCenter,552,"[""n03""]",1,1
0,3,SingleCenter,553,"[""n00""]",0,0
0,3,SingleCenter,554,"[""n10""]",1,1
0,3,SingleCenter,555,"[""n01"", ""n06""]",0,0
0,3,SingleCenter,556,"[""n05""]",0,0
0,3,SingleCenter,557,"[""n10""]",1,0
0,3,SingleCenter,558,"[""n01"", ""n04""]",1,1
0,3,SingleCenter,559,"[""n02"", ""n03"", ""n08""]",1,0
0,3,SingleCenter,592,"[""n11""]",0,0
0,3,SingleCenter,593,"[""n09"", ""n12"", ""n15""]",0,0
0,3,SingleCenter,594,"[""n05"", ""n09"", ""n15""]",0,0
0,3,SingleCenter,595,"[""n00"", ""n09""]",0,0
0,3,SingleCenter,596,"[""n07"", ""n08""]",0,0
0,3,SingleCenter,597,[],0,0
0,3,SingleCenter,598,"[""n08"", ""n16""]",0,0
0,3,SingleCenter,599,"[""n12"", ""n13"", ""n17""]",1,1
0,3,SingleCenter,792,"[""n00""]",0,0
0,3,SingleCenter,793,[],0,0
0,3,SingleCenter,794,[],0,0
0,3,SingleCenter,795,[],0,0
0,3,SingleCenter,796,"[""n00""]",0,0
0,3,SingleCenter,797,"[""n04"", ""n06"", ""n07""]",0,0
0,3,SingleCenter,798,"[""n01"", ""n05"", ""n06""]",0,0
0,3,SingleCenter,799,[],0,0
0,3,SingleCenter,816,"[""n03"", ""n04"", ""n11""]",0,0
0,3,SingleCenter,817,"[""n03""]",0,0
0,3,SingleCenter,818,"[""n01"", ""n03"", ""n04"", ""n05"", ""n08""]",1,1
0,3,SingleCenter,819,"[""n01""]",0,0
0,3,SingleCenter,820,"[""n08"", ""n09""]",0,0
0,3,SingleCenter,821,[],0,0
0,3,SingleCenter,822,"[""n00"", ""n02""]",0,0
0,3,SingleCenter,823,"[""n05"", ""n09""]",0,0
0,3,SingleCenter,832,"[""n01"", ""n07"", ""n14""]",1,1
0,3,SingleCenter,833,"[""n01"", ""n08""]",0,0
0,3,SingleCenter,834,"[""n02""]",0,0
0,3,SingleCenter,835,"[""n06""]",0,0
0,3,SingleCenter,836,[],0,0
0,3,SingleCenter,837,"[""n07""]",0,0
0,3,SingleCenter,838,[],0,0
0,3,SingleCenter,839,"[""n08"", ""n10""]",0,0
0,3,SingleCenter,856,"[""n00"", ""n01"", ""n02"", ""n04"", ""n11"", ""n13""]",1,0
0,3,SingleCenter,857,"[""n00"", ""n01"", ""n08""]",0,0
0,3,SingleCenter,858,"[""n09"", ""n11"", ""n12""]",0,0
0,3,SingleCenter,859,"[""n04"", ""n09""]",1,0
0,3,SingleCenter,860,"[""n07"", ""n08"", ""n15""]",1,1
0,3,SingleCenter,861,"[""n11"", ""n13""]",0,0
0,3,SingleCenter,862,"[""n04"", ""n12"", ""n15""]",1,0
0,3,SingleCenter,863,"[""n13"", ""n15""]",1,1
0,3,SingleCenter,904,[],0,0
0,3,SingleCenter,905,[],0,0
0,3,SingleCenter,906,[],0,0
0,3,SingleCenter,907,"[""n04"", ""n07""]",0,0
0,3,SingleCenter,908,"[""n03"", ""n09""]",1,0
0,3,SingleCenter,909,"[""n01"", ""n02"", ""n09""]",1,0
0,3,SingleCenter,910,"[""n01"", ""n08""]",0,0
0,3,SingleCenter,911,[],0,0
0,3,SingleCenter,920,"[""n05"", ""n06""]",0,0
0,3,SingleCenter,921,[],0,0
0,3,SingleCenter,922,[],0,0
0,3,SingleCenter,923,"[""n10""]",0,0
0,3,SingleCenter,924,"[""n00"", ""n01"", ""n02"", ""n10""]",1,0
0,3,SingleCenter,925,"[""n01"", ""n09"", ""n11""]",0,0
0,3,SingleCenter,926,"[""n05"", ""n08"", ""n11""]",0,0
0,3,SingleCenter,927,"[""n00"", ""n01"", ""n02"", ""n03"", ""n08""]",1,1
0,3,SingleCenter,944,"[""n05"", ""n06"", ""n13"", ""n16""]",0,0
0,3,SingleCenter,945,"[""n05"", ""n09""]",0,0
0,3,SingleCenter,946,"[""n11""]",0,0
0,3,SingleCenter,947,"[""n01"", ""n02"", ""n09"", ""n17""]",1,0
0,3,SingleCenter,948,[],0,0
0,3,SingleCenter,949,"[""n01"", ""n09""]",0,0
0,3,SingleCenter,950,"[""n01"", ""n08"", ""n17""]",1,1
0,3,SingleCenter,951,"[""n11"", ""n14""]",0,0
0,3,KMeans,0,"[""n09""]",0,0
0,3,KMeans,1,"[""n15""]",0,0
0,3,KMeans,2,"[""n03"", ""n07"", ""n09""]",0,0
0,3,KMeans,3,"[""n02"", ""n06"", ""n11""]",0,0
0,3,KMeans,4,"[""n03"", ""n12""]",0,0
0,3,KMeans,5,"[""n06"", ""n09""]",0,0
0,3,KMeans,6,"[""n05"", ""n08"", ""n12""]",0,0
0,3,KMeans,7,"[""n00"", ""n10""]",0,0
0,3,KMeans,8,"[""n08"", ""n14""]",1,1
0,3,KMeans,9,"[""n13""]",0,0
0,3,KMeans,10,"[""n00"", ""n03"", ""n06"", ""n09""]",0,0
0,3,KMeans,11,"[""n14""]",1,1
0,3,KMeans,12,"[""n04""]",0,0
0,3,KMeans,13,"[""n04"", ""n09"", ""n10"", ""n11""]",0,0
0,3,KMeans,14,"[""n01"", ""n14""]",1,1
0,3,KMeans,15,"[""n12""]",0,0
0,3,KMeans,16,"[""n15"", ""n16""]",0,0
0,3,KMeans,17,"[""n02"", ""n12"", ""n15""]",1,1
0,3,KMeans,18,"[""n07"", ""n10"", ""n13""]",0,0
0,3,KMeans,19,"[""n07"", ""n10"", ""n14""]",0,0
0,3,KMeans,20,"[""n05"", ""n08""]",0,0
0,3,KMeans,21,"[""n02"", ""n12"", ""n17""]",1,1
0,3,KMeans,22,"[""n08"", ""n11""]",0,0
0,3,KMeans,23,"[""n02"", ""n05""]",0,0
0,3,KMeans,128,[],0,0
0,3,KMeans,129,[],0,0
0,3,KMeans,130,[],0,0
0,3,KMeans,131,[],0,0
0,3,KMeans,132,"[""n01"", ""n03""]",0,0
0,3,KMeans,133,"[""n01"", ""n03""]",0,0
0,3,KMeans,134,"[""n02"", ""n05"", ""n07""]",0,0
0,3,KMeans,135,"[""n09""]",1,0
0,3,KMeans,136,"[""n02"", ""n12"", ""n14""]",0,0
0,3,KMeans,137,"[""n02"", ""n13"", ""n15""]",1,1
0,3,KMeans,138,"[""n11"", ""n15""]",1,0
0,3,KMeans,139,"[""n07"", ""n08""]",0,0
0,3,KMeans,140,"[""n09"", ""n13""]",0,0
0,3,KMeans,141,"[""n02"", ""n08"", ""n13""]",0,0
0,3,KMeans,142,"[""n02"", ""n06"", ""n11"", ""n15""]",1,1
0,3,KMeans,143,"[""n00"", ""n03"", ""n07"", ""n12""]",1,0
0,3,KMeans,160,"[""n08""]",0,0
0,3,KMeans,161,"[""n05"", ""n07""]",0,0
0,3,KMeans,162,"[""n05"", ""n15""]",1,0
0,3,KMeans,163,"[""n08"", ""n09""]",0,0
0,3,KMeans,164,"[""n02"", ""n07"", ""n14""]",0,0
0,3,KMeans,165,"[""n07"", ""n10""]",0,0
0,3,KMeans,166,"[""n12""]",0,0
0,3,KMeans,167,"[""n03"", ""n06"", ""n11""]",1,1
0,3,KMeans,168,"[""n02""]",0,0
0,3,KMeans,169,"[""n01"", ""n07"", ""n08""]",0,0
0,3,KMeans,170,"[""n08"", ""n09"", ""n11""]",1,1
0,3,KMeans,171,[],0,0
0,3,KMeans,172,"[""n08""]",0,0
0,3,KMeans,173,"[""n00""]",0,0
0,3,KMeans,174,[],0,0
0,3,KMeans,175,"[""n10"", ""n11""]",1,0
0,3,KMeans,200,"[""n03""]",0,0
0,3,KMeans,201,[],0,0
0,3,KMeans,202,"[""n00"", ""n11"", ""n13""]",0,0
0,3,KMeans,203,"[""n13""]",0,0
0,3,KMeans,204,"[""n03"", ""n17""]",1,0
0,3,KMeans,205,"[""n11"", ""n14"", ""n15""]",0,0
0,3,KMeans,206,[],0,0
0,3,KMeans,207,"[""n05""]",0,0
0,3,KMeans,216,"[""n04"", ""n07""]",0,0
0,3,KMeans,217,"[""n05"", ""n08"", ""n09""]",1,0
0,3,KMeans,218,"[""n01"", ""n08"", ""n10""]",0,0
0,3,KMeans,219,[],0,0
0,3,KMeans,220,"[""n11"", ""n12""]",1,1
0,3,KMeans,221,"[""n12""]",1,1
0,3,KMeans,222,[],0,0
0,3,KMeans,223,[],0,0
0,3,KMeans,328,"[""n05"", ""n06"", ""n08"", ""n15""]",1,1
0,3,KMeans,329,"[""n00"", ""n08"", ""n12"", ""n15""]",1,1
0,3,KMeans,330,"[""n10""]",0,0
0,3,KMeans,331,[],0,0
0,3,KMeans,332,"[""n00"", ""n07""]",0,0
0,3,KMeans,333,"[""n09"", ""n11""]",0,0
0,3,KMeans,334,"[""n02"", ""n07"", ""n15""]",1,0
0,3,KMeans,335,"[""n04"", ""n06"", ""n14""]",0,0
0,3,KMeans,472,"[""n00"", ""n06""]",0,0
0,3,KMeans,473,"[""n09"", ""n10"", ""n13""]",0,0
0,3,KMeans,474,"[""n03"", ""n05""]",0,0
0,3,KMeans,475,"[""n01"", ""n03"", ""n12""]",0,0
0,3,KMeans,476,"[""n06"", ""n08""]",0,0
0,3,KMeans,477,"[""n04""]",0,0
0,3,KMeans,478,"[""n04"", ""n08""]",0,0
0,3,KMeans,479,"[""n03"", ""n14""]",1,1
0,3,KMeans,504,[],0,0
0,3,KMeans,505,"[""n00""]",0,0
0,3,KMeans,506,[],0,0
0,3,KMeans,507,"[""n00"", ""n05"", ""n07""]",0,0
0,3,KMeans,508,"[""n10""]",0,0
0,3,KMeans,509,"[""n05"", ""n06"", ""n08""]",1,0
0,3,KMeans,510,"[""n03""]",0,0
0,3,KMeans,511,[],0,0
0,3,KMeans,520,"[""n06"", ""n08"", ""n11"", ""n14""]",1,0
0,3,KMeans,521,"[""n10""]",0,0
0,3,KMeans,522,"[""n03"", ""n08"", ""n09"", ""n10"", ""n11"", ""n14""]",1,1
0,3,KMeans,523,"[""n06"", ""n08"", ""n10"", ""n14""]",1,1
0,3,KMeans,524,"[""n02""]",0,0
0,3,KMeans,525,"[""n10"", ""n13""]",0,0
0,3,KMeans,526,"[""n05"", ""n06"", ""n09""]",0,0
0,3,KMeans,527,[],0,0
0,3,KMeans,528,"[""n06""]",0,0
0,3,KMeans,529,"[""n12""]",1,1
0,3,KMeans,530,"[""n04"", ""n05""]",0,0
0,3,KMeans,531,"[""n02"", ""n06"", ""n12""]",1,1
0,3,KMeans,532,"[""n07"", ""n09"", ""n10""]",0,0
0,3,KMeans,533,"[""n00"", ""n04"", ""n09"", ""n12""]",1,1
0,3,KMeans,534,"[""n06""]",0,0
0,3,KMeans,535,"[""n01"", ""n03"", ""n06"", ""n09""]",0,0
0,3,KMeans,536,"[""n07"", ""n14""]",0,0
0,3,KMeans,537,"[""n05"", ""n10"", ""n15""]",1,1
0,3,KMeans,538,[],0,0
0,3,KMeans,539,"[""n02"", ""n07"", ""n13""]",0,0
0,3,KMeans,540,"[""n00"", ""n07"", ""n14""]",0,0
0,3,KMeans,541,"[""n04"", ""n08"", ""n09"", ""n13"", ""n15""]",1,0
0,3,KMeans,542,"[""n14""]",0,0
0,3,KMeans,543,"[""n04""]",0,0
0,3,KMeans,552,"[""n03"", ""n05""]",1,1
0,3,KMeans,553,[],0,0
0,3,KMeans,554,"[""n07"", ""n10""]",1,1
0,3,KMeans,555,"[""n07""]",0,0
0,3,KMeans,556,"[""n05""]",0,0
0,3,KMeans,557,[],0,0
0,3,KMeans,558,"[""n01"", ""n04""]",1,1
0,3,KMeans,559,"[""n08""]",0,0
0,3,KMeans,592,"[""n00"", ""n11""]",0,0
0,3,KMeans,593,"[""n09"", ""n12"", ""n15""]",0,0
0,3,KMeans,594,"[""n05"", ""n15""]",0,0
0,3,KMeans,595,"[""n00"", ""n09"", ""n17""]",1,0
0,3,KMeans,596,"[""n07"", ""n08""]",0,0
0,3,KMeans,597,"[""n13""]",0,0
0,3,KMeans,598,"[""n08""]",0,0
0,3,KMeans,599,"[""n12"", ""n13"", ""n17""]",1,1
0,3,KMeans,792,"[""n00"", ""n08""]",0,0
0,3,KMeans,793,[],0,0
0,3,KMeans,794,[],0,0
0,3,KMeans,795,"[""n00""]",0,0
0,3,KMeans,796,"[""n00""]",0,0
0,3,KMeans,797,"[""n04"", ""n06"", ""n08""]",0,0
0,3,KMeans,798,"[""n06""]",0,0
0,3,KMeans,799,[],0,0
0,3,KMeans,816,"[""n03"", ""n04"", ""n07""]",0,0
0,3,KMeans,817,"[""n03""]",0,0
0,3,KMeans,818,"[""n01"", ""n02"", ""n04"", ""n05""]",1,1
0,3,KMeans,819,"[""n01"", ""n10""]",0,0
0,3,KMeans,820,"[""n08"", ""n09"", ""n12""]",1,0
0,3,KMeans,821,"[""n08""]",0,0
0,3,KMeans,822,"[""n00"", ""n02""]",0,0
0,3,KMeans,823,"[""n04"", ""n05"", ""n09""]",0,0
0,3,KMeans,832,"[""n00"", ""n01"", ""n07"", ""n14""]",1,1
0,3,KMeans,833,"[""n01"", ""n08""]",0,0
0,3,KMeans,834,"[""n02""]",0,0
0,3,KMeans,835,"[""n06"", ""n09""]",0,0
0,3,KMeans,836,[],0,0
0,3,KMeans,837,"[""n05"", ""n07""]",0,0
0,3,KMeans,838,[],0,0
0,3,KMeans,839,"[""n08"", ""n10""]",0,0
0,3,KMeans,856,"[""n01"", ""n05"", ""n11""]",0,0
0,3,KMeans,857,"[""n00"", ""n08""]",0,0
0,3,KMeans,858,[],0,0
0,3,KMeans,859,"[""n04"", ""n09""]",1,0
0,3,KMeans,860,"[""n07"", ""n08"", ""n15""]",1,1
0,3,KMeans,861,"[""n10"", ""n11"", ""n13"", ""n14""]",0,0
0,3,KMeans,862,"[""n04"", ""n12"", ""n13""]",0,0
0,3,KMeans,863,"[""n13"", ""n15""]",1,1
0,3,KMeans,904,[],0,0
0,3,KMeans,905,"[""n08""]",0,0
0,3,KMeans,906,[],0,0
0,3,KMeans,907,"[""n04"", ""n07""]",0,0
0,3,KMeans,908,[],0,0
0,3,KMeans,909,"[""n01"", ""n02"", ""n09""]",1,0
0,3,KMeans,910,"[""n01"", ""n08"", ""n09""]",1,0
0,3,KMeans,911,"[""n05""]",0,0
0,3,KMeans,920,"[""n05"", ""n06""]",0,0
0,3,KMeans,921,[],0,0
0,3,KMeans,922,"[""n10""]",0,0
0,3,KMeans,923,"[""n10""]",0,0
0,3,KMeans,924,"[""n00"", ""n10""]",0,0
0,3,KMeans,925,"[""n00"", ""n05"", ""n10"", ""n11""]",0,0
0,3,KMeans,926,"[""n05"", ""n11"", ""n12""]",1,0
0,3,KMeans,927,"[""n00"", ""n01"", ""n02"", ""n08""]",1,1
0,3,KMeans,944,"[""n05"", ""n06"", ""n13"", ""n16""]",0,0
0,3,KMeans,945,"[""n05""]",0,0
0,3,KMeans,946,"[""n16""]",0,0
0,3,KMeans,947,"[""n01"", ""n02"", ""n04"", ""n09"", ""n17""]",1,0
0,3,KMeans,948,"[""n13"", ""n17""]",1,0
0,3,KMeans,949,"[""n01"", ""n09""]",0,0
0,3,KMeans,950,"[""n08"", ""n09"", ""n17""]",1,1
0,3,KMeans,951,"[""n13"", ""n14""]",0,0
0,4,FixedThreshold,40,"[""n00"", ""n09""]",0,0
0,4,FixedThreshold,41,[],0,1
0,4,FixedThreshold,42,[],0,1
0,4,FixedThreshold,43,"[""n07""]",0,0
0,4,FixedThreshold,44,[],0,1
0,4,FixedThreshold,45,[],0,0
0,4,FixedThreshold,46,[],0,0
0,4,FixedThreshold,47,[],0,1
0,4,FixedThreshold,56,[],0,0
0,4,FixedThreshold,57,"[""n07""]",0,0
0,4,FixedThreshold,58,[],0,0
0,4,FixedThreshold,59,"[""n17""]",1,1
0,4,FixedThreshold,60,[],0,0
0,4,FixedThreshold,61,[],0,0
0,4,FixedThreshold,62,[],0,0
0,4,FixedThreshold,63,[],0,0
0,4,FixedThreshold,88,[],0,0
0,4,FixedThreshold,89,"[""n04""]",0,0
0,4,FixedThreshold,90,"[""n00"", ""n07""]",0,0
0,4,FixedThreshold,91,[],0,0
0,4,FixedThreshold,92,"[""n02"", ""n04"", ""n12""]",0,0
0,4,FixedThreshold,93,[],0,0
0,4,FixedThreshold,94,"[""n04""]",0,0
0,4,FixedThreshold,95,[],0,0
0,4,FixedThreshold,184,[],0,0
0,4,FixedThreshold,185,[],0,0
0,4,FixedThreshold,186,[],0,0
0,4,FixedThreshold,187,[],0,0
0,4,FixedThreshold,188,[],0,0
0,4,FixedThreshold,189,[],0,0
0,4,FixedThreshold,190,[],0,0
0,4,FixedThreshold,191,"[""n01"", ""n11""]",0,0
0,4,FixedThreshold,240,[],0,0
0,4,FixedThreshold,241,[],0,0
0,4,FixedThreshold,242,[],0,0
0,4,FixedThreshold,243,[],0,0
0,4,FixedThreshold,244,[],0,0
0,4,FixedThreshold,245,"[""n09""]",0,0
0,4,FixedThreshold,246,[],0,0
0,4,FixedThreshold,247,[],0,0
0,4,FixedThreshold,248,[],0,0
0,4,FixedThreshold,249,"[""n06""]",0,0
0,4,FixedThreshold,250,[],0,1
0,4,FixedThreshold,251,[],0,0
0,4,FixedThreshold,252,[],0,0
0,4,FixedThreshold,253,[],0,1
0,4,FixedThreshold,254,[],0,1
0,4,FixedThreshold,255,[],0,0
0,4,FixedThreshold,288,[],0,0
0,4,FixedThreshold,289,[],0,0
0,4,FixedThreshold,290,"[""n04"", ""n16""]",1,1
0,4,FixedThreshold,291,[],0,0
0,4,FixedThreshold,292,[],0,0
0,4,FixedThreshold,293,[],0,0
0,4,FixedThreshold,294,[],0,0
0,4,FixedThreshold,295,"[""n09""]",0,0
0,4,FixedThreshold,312,"[""n11""]",0,0
0,4,FixedThreshold,313,"[""n07""]",0,0
0,4,FixedThreshold,314,[],0,0
0,4,FixedThreshold,315,"[""n08"", ""n14""]",0,0
0,4,FixedThreshold,316,"[""n09""]",0,0
0,4,FixedThreshold,317,[],0,0
0,4,FixedThreshold,318,[],0,0
0,4,FixedThreshold,319,"[""n09"", ""n14""]",0,0
0,4,FixedThreshold,368,"[""n11""]",0,0
0,4,FixedThreshold,369,"[""n07"", ""n09""]",0,0
0,4,FixedThreshold,370,[],0,0
0,4,FixedThreshold,371,"[""n00"", ""n01"", ""n07""]",0,0
0,4,FixedThreshold,372,[],0,0
0,4,FixedThreshold,373,[],0,0
0,4,FixedThreshold,374,[],0,0
0,4,FixedThreshold,375,[],0,0
0,4,FixedThreshold,376,[],0,0
0,4,FixedThreshold,377,"[""n10"", ""n14"", ""n17""]",1,1
0,4,FixedThreshold,378,[],0,0
0,4,FixedThreshold,379,[],0,0
0,4,FixedThreshold,380,[],0,0
0,4,FixedThreshold,381,[],0,0
0,4,FixedThreshold,382,[],0,0
0,4,FixedThreshold,383,[],0,0
0,4,FixedThreshold,408,[],0,1
0,4,FixedThreshold,409,[],0,0
0,4,FixedThreshold,410,[],0,0
0,4,FixedThreshold,411,[],0,0
0,4,FixedThreshold,412,[],0,1
0,4,FixedThreshold,413,[],0,0
0,4,FixedThreshold,414,[],0,0
0,4,FixedThreshold,415,[],0,0
0,4,FixedThreshold,432,[],0,0
0,4,FixedThreshold,433,[],0,0
0,4,FixedThreshold,434,[],0,0
0,4,FixedThreshold,435,[],0,0
0,4,FixedThreshold,436,[],0,0
0,4,FixedThreshold,437,[],0,0
0,4,FixedThreshold,438,[],0,0
0,4,FixedThreshold,439,"[""n11"", ""n12""]",0,0
0,4,FixedThreshold,456,[],0,0
0,4,FixedThreshold,457,"[""n04"", ""n12""]",0,0
0,4,FixedThreshold,458,"[""n04""]",0,0
0,4,FixedThreshold,459,[],0,1
0,4,FixedThreshold,460,"[""n01""]",0,0
0,4,FixedThreshold,461,[],0,0
0,4,FixedThreshold,462,"[""n00"", ""n09""]",0,0
0,4,FixedThreshold,463,"[""n04""]",0,0
0,4,FixedThreshold,544,[],0,0
0,4,FixedThreshold,545,"[""n05"", ""n06"", ""n16""]",1,1
0,4,FixedThreshold,546,[],0,0
0,4,FixedThreshold,547,"[""n13""]",0,0
0,4,FixedThreshold,548,"[""n13""]",0,0
0,4,FixedThreshold,549,"[""n01""]",0,1
0,4,FixedThreshold,550,[],0,0
0,4,FixedThreshold,551,[],0,0
0,4,FixedThreshold,584,[],0,0
0,4,FixedThreshold,585,[],0,0
0,4,FixedThreshold,586,[],0,0
0,4,FixedThreshold,587,[],0,0
0,4,FixedThreshold,588,[],0,0
0,4,FixedThreshold,589,[],0,0
0,4,FixedThreshold,590,"[""n04"", ""n05"", ""n11""]",0,0
0,4,FixedThreshold,591,[],0,1
0,4,FixedThreshold,632,[],0,0
0,4,FixedThreshold,633,"[""n04"", ""n05""]",0,0
0,4,FixedThreshold,634,"[""n04"", ""n07""]",0,0
0,4,FixedThreshold,635,[],0,0
0,4,FixedThreshold,636,[],0,0
0,4,FixedThreshold,637,[],0,0
0,4,FixedThreshold,638,[],0,0
0,4,FixedThreshold,639,"[""n00""]",0,0
0,4,FixedThreshold,656,[],0,0
0,4,FixedThreshold,657,[],0,0
0,4,FixedThreshold,658,[],0,0
0,4,FixedThreshold,659,"[""n05""]",0,0
0,4,FixedThreshold,660,[],0,0
0,4,FixedThreshold,661,[],0,0
0,4,FixedThreshold,662,"[""n02""]",0,0
0,4,FixedThreshold,663,[],0,1
0,4,FixedThreshold,672,"[""n01"", ""n09""]",0,0
0,4,FixedThreshold,673,[],0,1
0,4,FixedThreshold,674,[],0,0
0,4,FixedThreshold,675,[],0,0
0,4,FixedThreshold,676,[],0,0
0,4,FixedThreshold,677,[],0,0
0,4,FixedThreshold,678,[],0,0
0,4,FixedThreshold,679,"[""n08"", ""n11""]",1,1
0,4,FixedThreshold,688,"[""n06""]",0,0
0,4,FixedThreshold,689,"[""n04"", ""n06""]",0,0
0,4,FixedThreshold,690,[],0,0
0,4,FixedThreshold,691,"[""n01"", ""n04""]",0,0
0,4,FixedThreshold,692,[],0,0
0,4,FixedThreshold,693,[],0,0
0,4,FixedThreshold,694,[],0,0
0,4,FixedThreshold,695,"[""n00""]",0,0
0,4,FixedThreshold,808,[],0,0
0,4,FixedThreshold,809,[],0,0
0,4,FixedThreshold,810,[],0,1
0,4,FixedThreshold,811,[],0,1
0,4,FixedThreshold,812,[],0,0
0,4,FixedThreshold,813,"[""n00"", ""n16""]",1,1
0,4,FixedThreshold,814,[],0,0
0,4,FixedThreshold,815,"[""n05"", ""n09"", ""n10"", ""n12""]",1,1
0,4,FixedThreshold,840,"[""n00""]",0,0
0,4,FixedThreshold,841,[],0,0
0,4,FixedThreshold,842,[],0,0
0,4,FixedThreshold,843,[],0,1
0,4,FixedThreshold,844,[],0,0
0,4,FixedThreshold,845,[],0,0
0,4,FixedThreshold,846,[],0,0
0,4,FixedThreshold,847,[],0,0
0,4,FixedThreshold,848,"[""n11""]",0,0
0,4,FixedThreshold,849,[],0,0
0,4,FixedThreshold,850,"[""n12"", ""n17""]",1,1
0,4,FixedThreshold,851,"[""n07"", ""n16""]",0,0
0,4,FixedThreshold,852,[],0,0
0,4,FixedThreshold,853,"[""n02"", ""n10"", ""n16""]",0,0
0,4,FixedThreshold,854,"[""n03""]",0,0
0,4,FixedThreshold,855,[],0,0
0,4,FixedThreshold,872,"[""n10""]",0,0
0,4,FixedThreshold,873,[],0,0
0,4,FixedThreshold,874,[],0,0
0,4,FixedThreshold,875,[],0,0
0,4,FixedThreshold,876,[],0,0
0,4,FixedThreshold,877,[],0,0
0,4,FixedThreshold,878,[],0,0
0,4,FixedThreshold,879,[],0,0
0,4,FixedThreshold,936,[],0,0
0,4,FixedThreshold,937,"[""n08""]",0,0
0,4,FixedThreshold,938,[],0,0
0,4,FixedThreshold,939,[],0,0
0,4,FixedThreshold,940,[],0,0
0,4,FixedThreshold,941,"[""n04""]",0,0
0,4,FixedThreshold,942,[],0,0
0,4,FixedThreshold,943,[],0,0
0,4,SingleCenter,40,"[""n00"", ""n09""]",0,0
0,4,SingleCenter,41,"[""n02"", ""n11""]",1,1
0,4,SingleCenter,42,"[""n05"", ""n10""]",1,1
0,4,SingleCenter,43,"[""n02"", ""n04"", ""n07""]",0,0
0,4,SingleCenter,44,"[""n11""]",1,1
0,4,SingleCenter,45,[],0,0
0,4,SingleCenter,46,"[""n08"", ""n11""]",1,0
0,4,SingleCenter,47,"[""n01""]",1,1
0,4,SingleCenter,56,"[""n02"", ""n09""]",0,0
0,4,SingleCenter,57,"[""n05"", ""n07"", ""n14""]",0,0
0,4,SingleCenter,58,"[""n00""]",0,0
0,4,SingleCenter,59,"[""n17""]",1,1
0,4,SingleCenter,60,"[""n10""]",0,0
0,4,SingleCenter,61,"[""n10""]",0,0
0,4,SingleCenter,62,[],0,0
0,4,SingleCenter,63,"[""n07""]",0,0
0,4,SingleCenter,88,[],0,0
0,4,SingleCenter,89,"[""n04""]",0,0
0,4,SingleCenter,90,"[""n00"", ""n07"", ""n12""]",0,0
0,4,SingleCenter,91,"[""n08""]",0,0
0,4,SingleCenter,92,"[""n02"", ""n04"", ""n09"", ""n12"", ""n14""]",1,0
0,4,SingleCenter,93,"[""n10"", ""n14""]",0,0
0,4,SingleCenter,94,"[""n05""]",0,0
0,4,SingleCenter,95,[],0,0
0,4,SingleCenter,184,"[""n08""]",0,0
0,4,SingleCenter,185,[],0,0
0,4,SingleCenter,186,"[""n00"", ""n01"", ""n06""]",0,0
0,4,SingleCenter,187,"[""n07""]",0,0
0,4,SingleCenter,188,[],0,0
0,4,SingleCenter,189,"[""n06"", ""n11""]",0,0
0,4,SingleCenter,190,"[""n01"", ""n05"", ""n10""]",0,0
0,4,SingleCenter,191,"[""n01"", ""n02"", ""n06"", ""n08"", ""n11""]",0,0
0,4,SingleCenter,240,"[""n02"", ""n03""]",0,0
0,4,SingleCenter,241,"[""n02"", ""n06""]",0,0
0,4,SingleCenter,242,"[""n01""]",0,0
0,4,SingleCenter,243,"[""n05"", ""n06"", ""n07""]",0,0
0,4,SingleCenter,244,"[""n03"", ""n05"", ""n07""]",0,0
0,4,SingleCenter,245,"[""n09""]",0,0
0,4,SingleCenter,246,"[""n01""]",0,0
0,4,SingleCenter,247,[],0,0
0,4,SingleCenter,248,"[""n00"", ""n02"", ""n03"", ""n11""]",1,0
0,4,SingleCenter,249,"[""n00"", ""n06""]",0,0
0,4,SingleCenter,250,"[""n11""]",1,1
0,4,SingleCenter,251,[],0,0
0,4,SingleCenter,252,"[""n02""]",0,0
0,4,SingleCenter,253,"[""n01"", ""n10""]",1,1
0,4,SingleCenter,254,"[""n01"", ""n07""]",1,1
0,4,SingleCenter,255,"[""n00""]",0,0
0,4,SingleCenter,288,"[""n06""]",0,0
0,4,SingleCenter,289,"[""n11""]",0,0
0,4,SingleCenter,290,"[""n01"", ""n04"", ""n16""]",1,1
0,4,SingleCenter,291,"[""n13""]",0,0
0,4,SingleCenter,292,"[""n00"", ""n06"", ""n11""]",0,0
0,4,SingleCenter,293,"[""n02"", ""n05""]",0,0
0,4,SingleCenter,294,"[""n06""]",0,0
0,4,SingleCenter,295,"[""n00"", ""n09"", ""n15""]",0,0
0,4,SingleCenter,312,"[""n08"", ""n11""]",0,0
0,4,SingleCenter,313,"[""n07"", ""n11""]",0,0
0,4,SingleCenter,314,"[""n03"", ""n04""]",0,0
0,4,SingleCenter,315,"[""n06"", ""n08"", ""n13"", ""n14""]",0,0
0,4,SingleCenter,316,"[""n09""]",0,0
0,4,SingleCenter,317,[],0,0
0,4,SingleCenter,318,"[""n00""]",0,0
0,4,SingleCenter,319,"[""n00"", ""n09"", ""n14""]",0,0
0,4,SingleCenter,368,"[""n11""]",0,0
0,4,SingleCenter,369,"[""n07"", ""n09""]",0,0
0,4,SingleCenter,370,"[""n00"", ""n01""]",0,0
0,4,SingleCenter,371,"[""n00"", ""n01"", ""n07""]",0,0
0,4,SingleCenter,372,"[""n05""]",0,0
0,4,SingleCenter,373,[],0,0
0,4,SingleCenter,374,"[""n07"", ""n11""]",0,0
0,4,SingleCenter,375,"[""n01"", ""n07"", ""n11""]",0,0
0,4,SingleCenter,376,[],0,0
0,4,SingleCenter,377,"[""n09"", ""n10"", ""n14"", ""n17""]",1,1
0,4,SingleCenter,378,[],0,0
0,4,SingleCenter,379,"[""n05"", ""n13""]",0,0
0,4,SingleCenter,380,"[""n00"", ""n10""]",0,0
0,4,SingleCenter,381,"[""n07"", ""n10"", ""n11""]",0,0
0,4,SingleCenter,382,"[""n00"", ""n06"", ""n10"", ""n16""]",0,0
0,4,SingleCenter,383,"[""n16""]",0,0
0,4,SingleCenter,408,"[""n10""]",1,1
0,4,SingleCenter,409,"[""n01"", ""n08""]",0,0
0,4,SingleCenter,410,[],0,0
0,4,SingleCenter,411,"[""n09""]",0,0
0,4,SingleCenter,412,"[""n00"", ""n10""]",1,1
0,4,SingleCenter,413,"[""n01""]",0,0
0,4,SingleCenter,414,"[""n07""]",0,0
0,4,SingleCenter,415,[],0,0
0,4,SingleCenter,432,[],0,0
0,4,SingleCenter,433,"[""n04"", ""n12""]",0,0
0,4,SingleCenter,434,[],0,0
0,4,SingleCenter,435,"[""n03"", ""n15"", ""n16""]",1,0
0,4,SingleCenter,436,[],0,0
0,4,SingleCenter,437,"[""n05"", ""n13""]",0,0
0,4,SingleCenter,438,"[""n14""]",0,0
0,4,SingleCenter,439,"[""n11"", ""n12"", ""n13"", ""n16""]",1,0
0,4,SingleCenter,456,[],0,0
0,4,SingleCenter,457,"[""n02"", ""n04"", ""n12""]",0,0
0,4,SingleCenter,458,"[""n04"", ""n08""]",1,0
0,4,SingleCenter,459,"[""n03"", ""n04"", ""n10""]",1,1
0,4,SingleCenter,460,"[""n01"", ""n07""]",0,0
0,4,SingleCenter,461,"[""n02""]",0,0
0,4,SingleCenter,462,"[""n00"", ""n03"", ""n05"", ""n09""]",0,0
0,4,SingleCenter,463,"[""n03"", ""n04"", ""n08"", ""n11"", ""n13""]",1,0
0,4,SingleCenter,544,"[""n07"", ""n13""]",0,0
0,4,SingleCenter,545,"[""n01"", ""n03"", ""n05"", ""n06"", ""n16""]",1,1
0,4,SingleCenter,546,"[""n05"", ""n09"", ""n10"", ""n11""]",1,0
0,4,SingleCenter,547,"[""n00"", ""n03"", ""n07"", ""n13""]",0,0
0,4,SingleCenter,548,"[""n01"", ""n13""]",0,0
0,4,SingleCenter,549,"[""n01"", ""n03"", ""n08"", ""n15""]",1,1
0,4,SingleCenter,550,"[""n00"", ""n07"", ""n13""]",0,0
0,4,SingleCenter,551,"[""n04"", ""n06""]",0,0
0,4,SingleCenter,584,[],0,0
0,4,SingleCenter,585,[],0,0
0,4,SingleCenter,586,"[""n00""]",0,0
0,4,SingleCenter,587,"[""n02"", ""n06""]",0,0
0,4,SingleCenter,588,"[""n03"", ""n06"", ""n08"", ""n12""]",0,0
0,4,SingleCenter,589,"[""n09""]",0,0
0,4,SingleCenter,590,"[""n04"", ""n05"", ""n07"", ""n08"", ""n11""]",0,0
0,4,SingleCenter,591,"[""n01""]",1,1
0,4,SingleCenter,632,"[""n04""]",0,0
0,4,SingleCenter,633,"[""n04"", ""n05"", ""n09""]",0,0
0,4,SingleCenter,634,"[""n04"", ""n07""]",0,0
0,4,SingleCenter,635,"[""n00""]",0,0
0,4,SingleCenter,636,"[""n01""]",0,0
0,4,SingleCenter,637,"[""n02"", ""n14""]",1,0
0,4,SingleCenter,638,"[""n05"", ""n13""]",0,0
0,4,SingleCenter,639,"[""n00"", ""n11""]",0,0
0,4,SingleCenter,656,[],0,0
0,4,SingleCenter,657,[],0,0
0,4,SingleCenter,658,"[""n13""]",0,0
0,4,SingleCenter,659,"[""n05"", ""n09""]",1,0
0,4,SingleCenter,660,"[""n06""]",0,0
0,4,SingleCenter,661,"[""n00""]",0,0
0,4,SingleCenter,662,"[""n02"", ""n06"", ""n09"", ""n11""]",0,0
0,4,SingleCenter,663,"[""n08"", ""n14""]",1,1
0,4,SingleCenter,672,"[""n01"", ""n05"", ""n09""]",0,0
0,4,SingleCenter,673,"[""n09"", ""n11""]",1,1
0,4,SingleCenter,674,"[""n09""]",0,0
0,4,SingleCenter,675,"[""n03"", ""n05"", ""n08""]",0,0
0,4,SingleCenter,676,"[""n03"", ""n07""]",0,0
0,4,SingleCenter,677,[],0,0
0,4,SingleCenter,678,"[""n00"", ""n08""]",0,0
0,4,SingleCenter,679,"[""n08"", ""n11""]",1,1
0,4,SingleCenter,688,"[""n06""]",0,0
0,4,SingleCenter,689,"[""n04"", ""n06"", ""n08"", ""n09""]",0,0
0,4,SingleCenter,690,[],0,0
0,4,SingleCenter,691,"[""n01"", ""n02"", ""n04""]",0,0
0,4,SingleCenter,692,[],0,0
0,4,SingleCenter,693,"[""n03""]",0,0
0,4,SingleCenter,694,"[""n00"", ""n05"", ""n06""]",0,0
0,4,SingleCenter,695,"[""n00"", ""n04""]",0,0
0,4,SingleCenter,808,"[""n00"", ""n01"", ""n05"", ""n07"", ""n11"", ""n12"", ""n13"", ""n15"", ""n16""]",1,0
0,4,SingleCenter,809,[],0,0
0,4,SingleCenter,810,"[""n05"", ""n09"", ""n15"", ""n16""]",1,1
0,4,SingleCenter,811,"[""n11"", ""n13"", ""n16""]",1,1
0,4,SingleCenter,812,"[""n07"", ""n09"", ""n13""]",0,0
0,4,SingleCenter,813,"[""n00"", ""n10"", ""n16""]",1,1
0,4,SingleCenter,814,"[""n05"", ""n06"", ""n09"", ""n11""]",0,0
0,4,SingleCenter,815,"[""n04"", ""n05"", ""n09"", ""n10"", ""n12""]",1,1
0,4,SingleCenter,840,"[""n00"", ""n02""]",0,0
0,4,SingleCenter,841,"[""n09""]",0,0
0,4,SingleCenter,842,[],0,0
0,4,SingleCenter,843,"[""n01"", ""n03"", ""n05"", ""n09""]",1,1
0,4,SingleCenter,844,[],0,0
0,4,SingleCenter,845,"[""n05""]",0,0
0,4,SingleCenter,846,"[""n10""]",0,0
0,4,SingleCenter,847,"[""n05"", ""n12""]",0,0
0,4,SingleCenter,848,"[""n00"", ""n10"", ""n11""]",0,0
0,4,SingleCenter,849,"[""n16""]",0,0
0,4,SingleCenter,850,"[""n05"", ""n12"", ""n17""]",1,1
0,4,SingleCenter,851,"[""n00"", ""n07"", ""n09"", ""n14"", ""n16""]",0,0
0,4,SingleCenter,852,"[""n10"", ""n12""]",0,0
0,4,SingleCenter,853,"[""n02"", ""n10"", ""n13"", ""n14"", ""n16""]",0,0
0,4,SingleCenter,854,"[""n03"", ""n14""]",0,0
0,4,SingleCenter,855,"[""n02"", ""n04"", ""n12""]",0,0
0,4,SingleCenter,872,"[""n03"", ""n08"", ""n09"", ""n10""]",0,0
0,4,SingleCenter,873,[],0,0
0,4,SingleCenter,874,"[""n06""]",0,0
0,4,SingleCenter,875,"[""n12""]",0,0
0,4,SingleCenter,876,"[""n02"", ""n04""]",0,0
0,4,SingleCenter,877,"[""n10"", ""n11"", ""n13""]",0,0
0,4,SingleCenter,878,"[""n01"", ""n03"", ""n06""]",0,0
0,4,SingleCenter,879,[],0,0
0,4,SingleCenter,936,"[""n01"", ""n08""]",0,0
0,4,SingleCenter,937,"[""n01"", ""n03"", ""n08""]",0,0
0,4,SingleCenter,938,"[""n04"", ""n08"", ""n17""]",1,0
0,4,SingleCenter,939,"[""n00"", ""n01"", ""n04"", ""n11""]",0,0
0,4,SingleCenter,940,[],0,0
0,4,SingleCenter,941,"[""n03"", ""n04""]",0,0
0,4,SingleCenter,942,[],0,0
0,4,SingleCenter,943,"[""n07"", ""n11""]",0,0
0,4,KMeans,40,"[""n00"", ""n09""]",0,0
0,4,KMeans,41,"[""n02"", ""n05"", ""n11""]",1,1
0,4,KMeans,42,"[""n05"", ""n10""]",1,1
0,4,KMeans,43,"[""n02"", ""n07"", ""n11""]",1,0
0,4,KMeans,44,"[""n11""]",1,1
0,4,KMeans,45,"[""n07""]",0,0
0,4,KMeans,46,"[""n01"", ""n06""]",1,0
0,4,KMeans,47,"[""n00"", ""n01"", ""n05"", ""n11""]",1,1
0,4,KMeans,56,"[""n01"", ""n02"", ""n09"", ""n14""]",0,0
0,4,KMeans,57,"[""n05"", ""n07""]",0,0
0,4,KMeans,58,"[""n00""]",0,0
0,4,KMeans,59,"[""n17""]",1,1
0,4,KMeans,60,"[""n10"", ""n12"", ""n15""]",0,0
0,4,KMeans,61,"[""n04"", ""n09"", ""n10""]",0,0
0,4,KMeans,62,"[""n04"", ""n09""]",0,0
0,4,KMeans,63,"[""n01"", ""n07"", ""n10""]",0,0
0,4,KMeans,88,"[""n16""]",1,0
0,4,KMeans,89,"[""n04""]",0,0
0,4,KMeans,90,"[""n00"", ""n07"", ""n12""]",0,0
0,4,KMeans,91,"[""n08""]",0,0
0,4,KMeans,92,"[""n02"", ""n04"", ""n06"", ""n12""]",0,0
0,4,KMeans,93,"[""n10"", ""n14""]",0,0
0,4,KMeans,94,"[""n05""]",0,0
0,4,KMeans,95,[],0,0
0,4,KMeans,184,"[""n08""]",0,0
0,4,KMeans,185,[],0,0
0,4,KMeans,186,"[""n00"", ""n01"", ""n06"", ""n08""]",0,0
0,4,KMeans,187,"[""n00"", ""n07""]",1,0
0,4,KMeans,188,"[""n01"", ""n14""]",1,0
0,4,KMeans,189,"[""n06"", ""n11""]",0,0
0,4,KMeans,190,"[""n10""]",0,0
0,4,KMeans,191,"[""n01"", ""n02"", ""n06"", ""n08"", ""n11""]",0,0
0,4,KMeans,240,[],0,0
0,4,KMeans,241,"[""n02"", ""n06""]",0,0
0,4,KMeans,242,"[""n01""]",0,0
0,4,KMeans,243,"[""n02"", ""n05"", ""n06"", ""n07""]",0,0
0,4,KMeans,244,"[""n03"", ""n05"", ""n07""]",0,0
0,4,KMeans,245,"[""n09""]",0,0
0,4,KMeans,246,"[""n01""]",0,0
0,4,KMeans,247,[],0,0
0,4,KMeans,248,"[""n00"", ""n02"", ""n03"", ""n11""]",1,0
0,4,KMeans,249,"[""n06""]",0,0
0,4,KMeans,250,"[""n03"", ""n11""]",1,1
0,4,KMeans,251,[],0,0
0,4,KMeans,252,"[""n02"", ""n04""]",0,0
0,4,KMeans,253,"[""n01"", ""n10""]",1,1
0,4,KMeans,254,"[""n01"", ""n07""]",1,1
0,4,KMeans,255,[],0,0
0,4,KMeans,288,"[""n06""]",0,0
0,4,KMeans,289,"[""n09"", ""n11""]",0,0
0,4,KMeans,290,"[""n04"", ""n16""]",1,1
0,4,KMeans,291,"[""n13""]",0,0
0,4,KMeans,292,"[""n00"", ""n06"", ""n11""]",0,0
0,4,KMeans,293,"[""n02"", ""n05"", ""n09""]",0,0
0,4,KMeans,294,"[""n01"", ""n06""]",0,0
0,4,KMeans,295,"[""n09""]",0,0
0,4,KMeans,312,"[""n08"", ""n11""]",0,0
0,4,KMeans,313,"[""n07"", ""n11"", ""n13""]",0,0
0,4,KMeans,314,"[""n03"", ""n04""]",0,0
0,4,KMeans,315,"[""n08"", ""n13"", ""n14""]",0,0
0,4,KMeans,316,"[""n09""]",0,0
0,4,KMeans,317,"[""n01"", ""n02""]",0,0
0,4,KMeans,318,[],0,0
0,4,KMeans,319,"[""n09"", ""n14""]",0,0
0,4,KMeans,368,"[""n02"", ""n11""]",0,0
0,4,KMeans,369,"[""n07"", ""n09""]",0,0
0,4,KMeans,370,"[""n00"", ""n01""]",0,0
0,4,KMeans,371,"[""n00"", ""n01"", ""n07""]",0,0
0,4,KMeans,372,"[""n05""]",0,0
0,4,KMeans,373,[],0,0
0,4,KMeans,374,"[""n07"", ""n11""]",0,0
0,4,KMeans,375,"[""n02"", ""n07"", ""n11""]",0,0
0,4,KMeans,376,"[""n02""]",0,0
0,4,KMeans,377,"[""n09"", ""n10"", ""n14"", ""n17""]",1,1
0,4,KMeans,378,[],0,0
0,4,KMeans,379,"[""n05"", ""n13""]",0,0
0,4,KMeans,380,[],0,0
0,4,KMeans,381,"[""n07"", ""n10"", ""n11""]",0,0
0,4,KMeans,382,"[""n04"", ""n06"", ""n10"", ""n16""]",1,0
0,4,KMeans,383,"[""n16""]",0,0
0,4,KMeans,408,"[""n10""]",1,1
0,4,KMeans,409,[],0,0
0,4,KMeans,410,"[""n00"", ""n07""]",0,0
0,4,KMeans,411,"[""n09""]",0,0
0,4,KMeans,412,"[""n00"", ""n02"", ""n10""]",1,1
0,4,KMeans,413,"[""n01""]",0,0
0,4,KMeans,414,"[""n07""]",0,0
0,4,KMeans,415,"[""n08""]",0,0
0,4,KMeans,432,"[""n07""]",0,0
0,4,KMeans,433,"[""n04"", ""n12""]",0,0
0,4,KMeans,434,[],0,0
0,4,KMeans,435,"[""n03"", ""n16""]",1,0
0,4,KMeans,436,[],0,0
0,4,KMeans,437,[],0,0
0,4,KMeans,438,[],0,0
0,4,KMeans,439,"[""n01"", ""n11"", ""n12""]",0,0
0,4,KMeans,456,"[""n14""]",0,0
0,4,KMeans,457,"[""n04"", ""n11"", ""n12""]",0,0
0,4,KMeans,458,"[""n04""]",0,0
0,4,KMeans,459,"[""n03"", ""n04"", ""n08"", ""n10""]",1,1
0,4,KMeans,460,"[""n01""]",0,0
0,4,KMeans,461,"[""n02""]",0,0
0,4,KMeans,462,"[""n00"", ""n09"", ""n15""]",1,0
0,4,KMeans,463,"[""n04"", ""n08""]",1,0
0,4,KMeans,544,"[""n02"", ""n07""]",0,0
0,4,KMeans,545,"[""n04"", ""n05"", ""n06"", ""n08"", ""n16""]",1,1
0,4,KMeans,546,"[""n05"", ""n09"", ""n11""]",1,0
0,4,KMeans,547,"[""n03"", ""n07"", ""n13""]",0,0
0,4,KMeans,548,"[""n13"", ""n16""]",1,0
0,4,KMeans,549,"[""n01"", ""n03"", ""n08""]",1,1
0,4,KMeans,550,"[""n00"", ""n13""]",0,0
0,4,KMeans,551,"[""n04"", ""n06""]",0,0
0,4,KMeans,584,[],0,0
0,4,KMeans,585,"[""n08""]",0,0
0,4,KMeans,586,"[""n00"", ""n03""]",0,0
0,4,KMeans,587,"[""n06""]",0,0
0,4,KMeans,588,"[""n03"", ""n06"", ""n08""]",0,0
0,4,KMeans,589,"[""n09""]",0,0
0,4,KMeans,590,"[""n04"", ""n05"", ""n11""]",0,0
0,4,KMeans,591,"[""n01"", ""n02"", ""n09""]",1,1
0,4,KMeans,632,"[""n04""]",0,0
0,4,KMeans,633,"[""n04"", ""n05"", ""n14""]",1,0
0,4,KMeans,634,"[""n01"", ""n04"", ""n07""]",0,0
0,4,KMeans,635,"[""n00"", ""n11""]",0,0
0,4,KMeans,636,"[""n01""]",0,0
0,4,KMeans,637,"[""n00""]",0,0
0,4,KMeans,638,[],0,0
0,4,KMeans,639,"[""n00"", ""n10""]",0,0
0,4,KMeans,656,"[""n05""]",0,0
0,4,KMeans,657,"[""n10""]",0,0
0,4,KMeans,658,"[""n04"", ""n13""]",0,0
0,4,KMeans,659,"[""n05""]",0,0
0,4,KMeans,660,"[""n06"", ""n12""]",0,0
0,4,KMeans,661,"[""n04""]",0,0
0,4,KMeans,662,"[""n02"", ""n06"", ""n09""]",0,0
0,4,KMeans,663,"[""n08"", ""n10"", ""n14""]",1,1
0,4,KMeans,672,"[""n01"", ""n05"", ""n09""]",0,0
0,4,KMeans,673,"[""n09"", ""n11""]",1,1
0,4,KMeans,674,"[""n09""]",0,0
0,4,KMeans,675,"[""n05""]",0,0
0,4,KMeans,676,"[""n01"", ""n03"", ""n06"", ""n07""]",0,0
0,4,KMeans,677,"[""n00""]",0,0
0,4,KMeans,678,[],0,0
0,4,KMeans,679,"[""n04"", ""n08"", ""n11""]",1,1
0,4,KMeans,688,"[""n06""]",0,0
0,4,KMeans,689,"[""n04"", ""n05"", ""n06"", ""n08""]",0,0
0,4,KMeans,690,[],0,0
0,4,KMeans,691,"[""n01"", ""n04""]",0,0
0,4,KMeans,692,"[""n06""]",0,0
0,4,KMeans,693,"[""n03""]",0,0
0,4,KMeans,694,"[""n00"", ""n06""]",0,0
0,4,KMeans,695,"[""n00"", ""n04""]",0,0
0,4,KMeans,808,"[""n11"", ""n15""]",1,0
0,4,KMeans,809,[],0,0
0,4,KMeans,810,"[""n05"", ""n09"", ""n15"", ""n16""]",1,1
0,4,KMeans,811,"[""n08"", ""n10"", ""n11"", ""n16""]",1,1
0,4,KMeans,812,"[""n03""]",0,0
0,4,KMeans,813,"[""n00"", ""n14"", ""n16""]",1,1
0,4,KMeans,814,"[""n05"", ""n06"", ""n11""]",0,0
0,4,KMeans,815,"[""n04"", ""n05"", ""n09"", ""n10"", ""n12""]",1,1
0,4,KMeans,840,"[""n00"", ""n02""]",0,0
0,4,KMeans,841,"[""n09""]",0,0
0,4,KMeans,842,"[""n06""]",0,0
0,4,KMeans,843,"[""n01"", ""n03"", ""n05"", ""n09""]",1,1
0,4,KMeans,844,"[""n08"", ""n11""]",0,0
0,4,KMeans,845,"[""n05""]",0,0
0,4,KMeans,846,[],0,0
0,4,KMeans,847,"[""n04"", ""n05"", ""n12""]",0,0
0,4,KMeans,848,"[""n10"", ""n11""]",0,0
0,4,KMeans,849,"[""n03"", ""n16""]",0,0
0,4,KMeans,850,"[""n05"", ""n12"", ""n17""]",1,1
0,4,KMeans,851,"[""n00"", ""n07"", ""n10"", ""n16""]",0,0
0,4,KMeans,852,"[""n07"", ""n10"", ""n11"", ""n12""]",0,0
0,4,KMeans,853,"[""n02"", ""n03"", ""n10"", ""n14"", ""n15"", ""n16""]",1,0
0,4,KMeans,854,"[""n03""]",0,0
0,4,KMeans,855,"[""n02"", ""n04"", ""n11"", ""n12"", ""n16""]",0,0
0,4,KMeans,872,"[""n03"", ""n10""]",0,0
0,4,KMeans,873,[],0,0
0,4,KMeans,874,"[""n06""]",0,0
0,4,KMeans,875,"[""n12""]",0,0
0,4,KMeans,876,"[""n02"", ""n04"", ""n12""]",1,0
0,4,KMeans,877,"[""n10"", ""n11"", ""n13""]",0,0
0,4,KMeans,878,"[""n01"", ""n03"", ""n06""]",0,0
0,4,KMeans,879,[],0,0
0,4,KMeans,936,"[""n01"", ""n08""]",0,0
0,4,KMeans,937,"[""n08"", ""n17""]",1,0
0,4,KMeans,938,"[""n01"", ""n04""]",0,0
0,4,KMeans,939,"[""n00"", ""n03"", ""n04"", ""n11""]",0,0
0,4,KMeans,940,"[""n00""]",0,0
0,4,KMeans,941,"[""n04""]",0,0
0,4,KMeans,942,[],0,0
0,4,KMeans,943,"[""n07"", ""n08"", ""n11"", ""n13""]",0,0
1,0,FixedThreshold,0,[],0,0
1,0,FixedThreshold,1,[],0,0
1,0,FixedThreshold,2,[],0,0
1,0,FixedThreshold,3,[],0,0
1,0,FixedThreshold,4,[],0,0
1,0,FixedThreshold,5,"[""n06""]",0,0
1,0,FixedThreshold,6,"[""n05"", ""n08"", ""n12""]",0,0
1,0,FixedThreshold,7,"[""n00"", ""n10""]",0,0
1,0,FixedThreshold,8,[],0,1
1,0,FixedThreshold,9,[],0,0
1,0,FixedThreshold,10,[],0,0
1,0,FixedThreshold,11,[],0,1
1,0,FixedThreshold,12,[],0,0
1,0,FixedThreshold,13,[],0,0
1,0,FixedThreshold,14,"[""n14""]",1,1
1,0,FixedThreshold,15,[],0,0
1,0,FixedThreshold,16,"[""n15"", ""n16""]",0,0
1,0,FixedThreshold,17,[],0,1
1,0,FixedThreshold,18,"[""n07""]",0,0
1,0,FixedThreshold,19,"[""n10"", ""n14""]",0,0
1,0,FixedThreshold,20,[],0,0
1,0,FixedThreshold,21,[],0,1
1,0,FixedThreshold,22,"[""n08"", ""n11""]",0,0
1,0,FixedThreshold,23,[],0,0
1,0,FixedThreshold,32,"[""n02"", ""n04""]",0,0
1,0,FixedThreshold,33,[],0,0
1,0,FixedThreshold,34,[],0,0
1,0,FixedThreshold,35,[],0,0
1,0,FixedThreshold,36,[],0,1
1,0,FixedThreshold,37,[],0,0
1,0,FixedThreshold,38,[],0,0
1,0,FixedThreshold,39,[],0,0
1,0,FixedThreshold,72,[],0,0
1,0,FixedThreshold,73,"[""n04"", ""n09""]",0,0
1,0,FixedThreshold,74,[],0,0
1,0,FixedThreshold,75,[],0,0
1,0,FixedThreshold,76,[],0,1
1,0,FixedThreshold,77,"[""n02""]",0,0
1,0,FixedThreshold,78,[],0,0
1,0,FixedThreshold,79,[],0,0
1,0,FixedThreshold,104,[],0,0
1,0,FixedThreshold,105,"[""n04""]",0,0
1,0,FixedThreshold,106,[],0,0
1,0,FixedThreshold,107,"[""n07"", ""n10"", ""n14""]",1,1
1,0,FixedThreshold,108,[],0,0
1,0,FixedThreshold,109,[],0,0
1,0,FixedThreshold,110,"[""n00"", ""n05""]",0,0
1,0,FixedThreshold,111,[],0,0
1,0,FixedThreshold,128,[],0,0
1,0,FixedThreshold,129,[],0,0
1,0,FixedThreshold,130,[],0,0
1,0,FixedThreshold,131,[],0,0
1,0,FixedThreshold,132,[],0,0
1,0,FixedThreshold,133,"[""n01"", ""n03""]",0,0
1,0,FixedThreshold,134,"[""n02"", ""n05""]",0,0
1,0,FixedThreshold,135,[],0,0
1,0,FixedThreshold,136,"[""n02"", ""n12""]",0,0
1,0,FixedThreshold,137,[],0,1
1,0,FixedThreshold,138,[],0,0
1,0,FixedThreshold,139,[],0,0
1,0,FixedThreshold,140,"[""n13""]",0,0
1,0,FixedThreshold,141,"[""n02""]",0,0
1,0,FixedThreshold,142,"[""n15""]",1,1
1,0,FixedThreshold,143,[],0,0
1,0,FixedThreshold,224,"[""n10"", ""n11""]",0,0
1,0,FixedThreshold,225,"[""n03""]",0,0
1,0,FixedThreshold,226,[],0,0
1,0,FixedThreshold,227,[],0,0
1,0,FixedThreshold,228,"[""n12""]",0,0
1,0,FixedThreshold,229,[],0,0
1,0,FixedThreshold,230,[],0,0
1,0,FixedThreshold,231,"[""n07"", ""n16""]",1,1
1,0,FixedThreshold,280,"[""n11""]",1,1
1,0,FixedThreshold,281,"[""n08""]",0,0
1,0,FixedThreshold,282,[],0,1
1,0,FixedThreshold,283,[],0,0
1,0,FixedThreshold,284,[],0,0
1,0,FixedThreshold,285,[],0,0
1,0,FixedThreshold,286,[],0,0
1,0,FixedThreshold,287,[],0,0
1,0,FixedThreshold,312,"[""n11""]",0,0
1,0,FixedThreshold,313,"[""n07""]",0,0
1,0,FixedThreshold,314,[],0,0
1,0,FixedThreshold,315,"[""n08"", ""n14""]",0,0
1,0,FixedThreshold,316,"[""n09""]",0,0
1,0,FixedThreshold,317,[],0,0
1,0,FixedThreshold,318,[],0,0
1,0,FixedThreshold,319,"[""n09"", ""n14""]",0,0
1,0,FixedThreshold,328,[],0,1
1,0,FixedThreshold,329,[],0,1
1,0,FixedThreshold,330,"[""n10""]",0,0
1,0,FixedThreshold,331,[],0,0
1,0,FixedThreshold,332,[],0,0
1,0,FixedThreshold,333,[],0,0
1,0,FixedThreshold,334,"[""n02"", ""n07""]",0,0
1,0,FixedThreshold,335,"[""n14""]",0,0
1,0,FixedThreshold,368,"[""n11""]",0,0
1,0,FixedThreshold,369,"[""n07"", ""n09""]",0,0
1,0,FixedThreshold,370,[],0,0
1,0,FixedThreshold,371,"[""n00"", ""n01"", ""n07""]",0,0
1,0,FixedThreshold,372,[],0,0
1,0,FixedThreshold,373,[],0,0
1,0,FixedThreshold,374,[],0,0
1,0,FixedThreshold,375,[],0,0
1,0,FixedThreshold,392,[],0,0
1,0,FixedThreshold,393,[],0,0
1,0,FixedThreshold,394,[],0,0
1,0,FixedThreshold,395,[],0,0
1,0,FixedThreshold,396,[],0,0
1,0,FixedThreshold,397,"[""n15""]",0,0
1,0,FixedThreshold,398,"[""n01"", ""n09""]",1,1
1,0,FixedThreshold,399,[],0,1
1,0,FixedThreshold,408,[],0,1
1,0,FixedThreshold,409,[],0,0
1,0,FixedThreshold,410,[],0,0
1,0,FixedThreshold,411,[],0,0
1,0,FixedThreshold,412,[],0,1
1,0,FixedThreshold,413,[],0,0
1,0,FixedThreshold,414,[],0,0
1,0,FixedThreshold,415,[],0,0
1,0,FixedThreshold,592,[],0,0
1,0,FixedThreshold,593,[],0,0
1,0,FixedThreshold,594,[],0,0
1,0,FixedThreshold,595,"[""n00"", ""n09""]",0,0
1,0,FixedThreshold,596,[],0,0
1,0,FixedThreshold,597,[],0,0
1,0,FixedThreshold,598,[],0,0
1,0,FixedThreshold,599,[],0,1
1,0,FixedThreshold,600,"[""n01""]",0,0
1,0,FixedThreshold,601,[],0,0
1,0,FixedThreshold,602,[],0,0
1,0,FixedThreshold,603,"[""n01"", ""n03""]",0,0
1,0,FixedThreshold,604,[],0,0
1,0,FixedThreshold,605,[],0,0
1,0,FixedThreshold,606,"[""n01""]",0,0
1,0,FixedThreshold,607,[],0,0
1,0,FixedThreshold,640,[],0,0
1,0,FixedThreshold,641,[],0,0
1,0,FixedThreshold,642,[],0,0
1,0,FixedThreshold,643,[],0,1
1,0,FixedThreshold,644,[],0,0
1,0,FixedThreshold,645,[],0,0
1,0,FixedThreshold,646,[],0,0
1,0,FixedThreshold,647,"[""n04"", ""n15""]",1,1
1,0,FixedThreshold,744,"[""n00"", ""n07"", ""n09""]",0,0
1,0,FixedThreshold,745,[],0,0
1,0,FixedThreshold,746,[],0,0
1,0,FixedThreshold,747,[],0,0
1,0,FixedThreshold,748,[],0,0
1,0,FixedThreshold,749,[],0,0
1,0,FixedThreshold,750,[],0,0
1,0,FixedThreshold,751,[],0,0
1,0,FixedThreshold,760,[],0,0
1,0,FixedThreshold,761,"[""n05""]",0,0
1,0,FixedThreshold,762,[],0,0
1,0,FixedThreshold,763,"[""n16""]",1,1
1,0,FixedThreshold,764,[],0,0
1,0,FixedThreshold,765,[],0,0
1,0,FixedThreshold,766,"[""n08"", ""n14"", ""n15""]",0,0
1,0,FixedThreshold,767,[],0,0
1,0,FixedThreshold,880,[],0,0
1,0,FixedThreshold,881,[],0,0
1,0,FixedThreshold,882,"[""n01""]",0,0
1,0,FixedThreshold,883,[],0,0
1,0,FixedThreshold,884,[],0,0
1,0,FixedThreshold,885,"[""n03""]",0,0
1,0,FixedThreshold,886,[],0,1
1,0,FixedThreshold,887,[],0,0
1,0,FixedThreshold,888,"[""n04"", ""n11""]",0,0
1,0,FixedThreshold,889,[],0,0
1,0,FixedThreshold,890,[],0,0
1,0,FixedThreshold,891,"[""n07""]",0,0
1,0,FixedThreshold,892,[],0,0
1,0,FixedThreshold,893,[],0,0
1,0,FixedThreshold,894,[],0,0
1,0,FixedThreshold,895,"[""n09""]",0,1
1,0,FixedThreshold,920,[],0,0
1,0,FixedThreshold,921,[],0,0
1,0,FixedThreshold,922,[],0,0
1,0,FixedThreshold,923,"[""n10""]",0,0
1,0,FixedThreshold,924,"[""n00"", ""n10""]",0,0
1,0,FixedThreshold,925,"[""n11""]",0,0
1,0,FixedThreshold,926,"[""n05""]",0,0
1,0,FixedThreshold,927,"[""n00"", ""n01"", ""n02""]",1,1
1,0,FixedThreshold,936,[],0,0
1,0,FixedThreshold,937,"[""n08""]",0,0
1,0,FixedThreshold,938,[],0,0
1,0,FixedThreshold,939,[],0,0
1,0,FixedThreshold,940,[],0,0
1,0,FixedThreshold,941,"[""n04""]",0,0
1,0,FixedThreshold,942,[],0,0
1,0,FixedThreshold,943,[],0,0
1,0,SingleCenter,0,"[""n09""]",0,0
1,0,SingleCenter,1,[],0,0
1,0,SingleCenter,2,"[""n03"", ""n07"", ""n09""]",0,0
1,0,SingleCenter,3,"[""n02"", ""n06"", ""n11""]",0,0
1,0,SingleCenter,4,"[""n12""]",0,0
1,0,SingleCenter,5,"[""n06"", ""n09""]",0,0
1,0,SingleCenter,6,"[""n05"", ""n08"", ""n12""]",0,0
1,0,SingleCenter,7,"[""n00"", ""n01"", ""n04"", ""n10"", ""n11""]",0,0
1,0,SingleCenter,8,"[""n08"", ""n14""]",1,1
1,0,SingleCenter,9,[],0,0
1,0,SingleCenter,10,"[""n03"", ""n06"", ""n09""]",0,0
1,0,SingleCenter,11,"[""n00"", ""n02"", ""n14""]",1,1
1,0,SingleCenter,12,[],0,0
1,0,SingleCenter,13,"[""n04"", ""n09""]",0,0
1,0,SingleCenter,14,"[""n14""]",1,1
1,0,SingleCenter,15,"[""n12""]",0,0
1,0,SingleCenter,16,"[""n02"", ""n03"", ""n11"", ""n15"", ""n16""]",0,0
1,0,SingleCenter,17,"[""n02"", ""n12"", ""n15""]",1,1
1,0,SingleCenter,18,"[""n06"", ""n07"", ""n10"", ""n13"", ""n15""]",0,0
1,0,SingleCenter,19,"[""n10"", ""n14"", ""n16""]",0,0
1,0,SingleCenter,20,"[""n05"", ""n08""]",0,0
1,0,SingleCenter,21,"[""n01"", ""n12""]",1,1
1,0,SingleCenter,22,"[""n06"", ""n08"", ""n11""]",0,0
1,0,SingleCenter,23,"[""n02"", ""n05""]",0,0
1,0,SingleCenter,32,"[""n02"", ""n04"", ""n11""]",0,0
1,0,SingleCenter,33,[],0,0
1,0,SingleCenter,34,"[""n08"", ""n09""]",0,0
1,0,SingleCenter,35,[],0,0
1,0,SingleCenter,36,"[""n00"", ""n02"", ""n04"", ""n11""]",1,1
1,0,SingleCenter,37,"[""n06""]",0,0
1,0,SingleCenter,38,"[""n03""]",0,0
1,0,SingleCenter,39,[],0,0
1,0,SingleCenter,72,"[""n10"", ""n12"", ""n14""]",0,0
1,0,SingleCenter,73,"[""n00"", ""n04"", ""n09"", ""n10""]",0,0
1,0,SingleCenter,74,"[""n00"", ""n05"", ""n09"", ""n12""]",0,0
1,0,SingleCenter,75,[],0,0
1,0,SingleCenter,76,"[""n09"", ""n17""]",1,1
1,0,SingleCenter,77,"[""n02""]",0,0
1,0,SingleCenter,78,"[""n04""]",0,0
1,0,SingleCenter,79,"[""n10"", ""n16""]",0,0
1,0,SingleCenter,104,[],0,0
1,0,SingleCenter,105,"[""n04"", ""n08"", ""n10""]",0,0
1,0,SingleCenter,106,[],0,0
1,0,SingleCenter,107,"[""n03"", ""n07"", ""n09"", ""n10"", ""n14""]",1,1
1,0,SingleCenter,108,"[""n06"", ""n09"", ""n12""]",0,0
1,0,SingleCenter,109,"[""n02"", ""n05"", ""n07"", ""n10""]",0,0
1,0,SingleCenter,110,"[""n00"", ""n05"", ""n07""]",0,0
1,0,SingleCenter,111,[],0,0
1,0,SingleCenter,128,"[""n04"", ""n09""]",1,0
1,0,SingleCenter,129,[],0,0
1,0,SingleCenter,130,[],0,0
1,0,SingleCenter,131,[],0,0
1,0,SingleCenter,132,"[""n01"", ""n03""]",0,0
1,0,SingleCenter,133,"[""n01"", ""n03""]",0,0
1,0,SingleCenter,134,"[""n02"", ""n05"", ""n07""]",0,0
1,0,SingleCenter,135,[],0,0
1,0,SingleCenter,136,"[""n02"", ""n12""]",0,0
1,0,SingleCenter,137,"[""n02"", ""n15""]",1,1
1,0,SingleCenter,138,[],0,0
1,0,SingleCenter,139,"[""n07""]",0,0
1,0,SingleCenter,140,"[""n08"", ""n09"", ""n13""]",0,0
1,0,SingleCenter,141,"[""n01"", ""n02"", ""n03"", ""n04"", ""n10"", ""n11"", ""n12"", ""n14""]",1,0
1,0,SingleCenter,142,"[""n02"", ""n05"", ""n06"", ""n11"", ""n15""]",1,1
1,0,SingleCenter,143,"[""n03"", ""n12""]",0,0
1,0,SingleCenter,224,"[""n03"", ""n10"", ""n11"", ""n14""]",0,0
1,0,SingleCenter,225,"[""n00"", ""n03"", ""n09"", ""n14""]",0,0
1,0,SingleCenter,226,"[""n10"", ""n13""]",0,0
1,0,SingleCenter,227,"[""n08"", ""n09"", ""n13""]",0,0
1,0,SingleCenter,228,"[""n04"", ""n05"", ""n12"", ""n14""]",0,0
1,0,SingleCenter,229,[],0,0
1,0,SingleCenter,230,"[""n07""]",0,0
1,0,SingleCenter,231,"[""n02"", ""n06"", ""n07"", ""n09"", ""n10"", ""n12"", ""n16""]",1,1
1,0,SingleCenter,280,"[""n11""]",1,1
1,0,SingleCenter,281,"[""n00"", ""n08"", ""n11""]",1,0
1,0,SingleCenter,282,"[""n02"", ""n03"", ""n11""]",1,1
1,0,SingleCenter,283,[],0,0
1,0,SingleCenter,284,"[""n02"", ""n05"", ""n11""]",1,0
1,0,SingleCenter,285,"[""n07"", ""n10""]",0,0
1,0,SingleCenter,286,"[""n07""]",0,0
1,0,SingleCenter,287,[],0,0
1,0,SingleCenter,312,"[""n08"", ""n11""]",0,0
1,0,SingleCenter,313,"[""n07"", ""n11""]",0,0
1,0,SingleCenter,314,"[""n03"", ""n04""]",0,0
1,0,SingleCenter,315,"[""n06"", ""n08"", ""n13"", ""n14""]",0,0
1,0,SingleCenter,316,"[""n09""]",0,0
1,0,SingleCenter,317,[],0,0
1,0,SingleCenter,318,"[""n00""]",0,0
1,0,SingleCenter,319,"[""n00"", ""n09"", ""n14""]",0,0
1,0,SingleCenter,328,"[""n05"", ""n06"", ""n08"", ""n15""]",1,1
1,0,SingleCenter,329,"[""n00"", ""n08"", ""n12"", ""n15""]",1,1
1,0,SingleCenter,330,"[""n05"", ""n10"", ""n11""]",0,0
1,0,SingleCenter,331,"[""n01""]",0,0
1,0,SingleCenter,332,"[""n00"", ""n07""]",0,0
1,0,SingleCenter,333,"[""n11""]",0,0
1,0,SingleCenter,334,"[""n02"", ""n07"", ""n15""]",1,0
1,0,SingleCenter,335,"[""n04"", ""n06"", ""n10"", ""n11"", ""n13"", ""n14""]",0,0
1,0,SingleCenter,368,"[""n11""]",0,0
1,0,SingleCenter,369,"[""n07"", ""n09""]",0,0
1,0,SingleCenter,370,"[""n00"", ""n01""]",0,0
1,0,SingleCenter,371,"[""n00"", ""n01"", ""n07""]",0,0
1,0,SingleCenter,372,"[""n05""]",0,0
1,0,SingleCenter,373,[],0,0
1,0,SingleCenter,374,"[""n07"", ""n11""]",0,0
1,0,SingleCenter,375,"[""n01"", ""n07"", ""n11""]",0,0
1,0,SingleCenter,392,"[""n06"", ""n08"", ""n11""]",0,0
1,0,SingleCenter,393,"[""n13"", ""n16""]",1,0
1,0,SingleCenter,394,"[""n02"", ""n09"", ""n15""]",0,0
1,0,SingleCenter,395,"[""n01"", ""n05"", ""n08"", ""n15""]",0,0
1,0,SingleCenter,396,"[""n00"", ""n07""]",0,0
1,0,SingleCenter,397,"[""n06"", ""n08"", ""n15""]",0,0
1,0,SingleCenter,398,"[""n01"", ""n09"", ""n10"", ""n16""]",1,1
1,0,SingleCenter,399,"[""n04"", ""n07"", ""n16""]",1,1
1,0,SingleCenter,408,"[""n10""]",1,1
1,0,SingleCenter,409,"[""n08""]",0,0
1,0,SingleCenter,410,[],0,0
1,0,SingleCenter,411,"[""n09""]",0,0
1,0,SingleCenter,412,"[""n00"", ""n10""]",1,1
1,0,SingleCenter,413,"[""n01""]",0,0
1,0,SingleCenter,414,"[""n07""]",0,0
1,0,SingleCenter,415,[],0,0
1,0,SingleCenter,592,"[""n11""]",0,0
1,0,SingleCenter,593,"[""n12"", ""n15""]",0,0
1,0,SingleCenter,594,"[""n05"", ""n15""]",0,0
1,0,SingleCenter,595,"[""n00"", ""n09""]",0,0
1,0,SingleCenter,596,"[""n07"", ""n08""]",0,0
1,0,SingleCenter,597,[],0,0
1,0,SingleCenter,598,"[""n08"", ""n16""]",0,0
1,0,SingleCenter,599,"[""n12"", ""n13"", ""n17""]",1,1
1,0,SingleCenter,600,"[""n01""]",0,0
1,0,SingleCenter,601,"[""n06""]",0,0
1,0,SingleCenter,602,"[""n06""]",0,0
1,0,SingleCenter,603,"[""n01"", ""n03""]",0,0
1,0,SingleCenter,604,"[""n05""]",0,0
1,0,SingleCenter,605,"[""n00""]",0,0
1,0,SingleCenter,606,"[""n01""]",0,0
1,0,SingleCenter,607,[],0,0
1,0,SingleCenter,640,[],0,0
1,0,SingleCenter,641,"[""n11""]",0,0
1,0,SingleCenter,642,[],0,0
1,0,SingleCenter,643,"[""n02"", ""n03"", ""n12"", ""n13""]",1,1
1,0,SingleCenter,644,"[""n00"", ""n04"", ""n10"", ""n13""]",0,0
1,0,SingleCenter,645,"[""n01"", ""n12"", ""n13""]",0,0
1,0,SingleCenter,646,"[""n09"", ""n10""]",0,0
1,0,SingleCenter,647,"[""n04"", ""n10"", ""n15"", ""n17""]",1,1
1,0,SingleCenter,744,"[""n00"", ""n05"", ""n07"", ""n09"", ""n10""]",1,0
1,0,SingleCenter,745,"[""n03""]",0,0
1,0,SingleCenter,746,[],0,0
1,0,SingleCenter,747,"[""n04""]",0,0
1,0,SingleCenter,748,"[""n00""]",0,0
1,0,SingleCenter,749,"[""n08""]",0,0
1,0,SingleCenter,750,"[""n02"", ""n04""]",0,0
1,0,SingleCenter,751,[],0,0
1,0,SingleCenter,760,"[""n00""]",0,0
1,0,SingleCenter,761,"[""n00"", ""n02"", ""n05"", ""n06""]",0,0
1,0,SingleCenter,762,"[""n05"", ""n06""]",0,0
1,0,SingleCenter,763,"[""n16""]",1,1
1,0,SingleCenter,764,"[""n13""]",0,0
1,0,SingleCenter,765,"[""n00"", ""n02"", ""n05"", ""n06"", ""n07""]",0,0
1,0,SingleCenter,766,"[""n02"", ""n08"", ""n14"", ""n15""]",0,0
1,0,SingleCenter,767,"[""n02""]",0,0
1,0,SingleCenter,880,"[""n01""]",0,0
1,0,SingleCenter,881,[],0,0
1,0,SingleCenter,882,"[""n01"", ""n13""]",1,0
1,0,SingleCenter,883,"[""n13""]",1,0
1,0,SingleCenter,884,"[""n01"", ""n06""]",0,0
1,0,SingleCenter,885,"[""n03""]",0,0
1,0,SingleCenter,886,"[""n00"", ""n13""]",1,1
1,0,SingleCenter,887,"[""n01"", ""n03"", ""n08"", ""n09"", ""n11""]",0,0
1,0,SingleCenter,888,"[""n04"", ""n11"", ""n13""]",0,0
1,0,SingleCenter,889,[],0,0
1,0,SingleCenter,890,"[""n01"", ""n07"", ""n14""]",1,0
1,0,SingleCenter,891,"[""n01"", ""n07"", ""n10""]",0,0
1,0,SingleCenter,892,"[""n05""]",0,0
1,0,SingleCenter,893,[],0,0
1,0,SingleCenter,894,"[""n09""]",0,0
1,0,SingleCenter,895,"[""n08"", ""n09"", ""n14""]",1,1
1,0,SingleCenter,920,"[""n05"", ""n06""]",0,0
1,0,SingleCenter,921,[],0,0
1,0,SingleCenter,922,[],0,0
1,0,SingleCenter,923,"[""n03"", ""n10""]",0,0
1,0,SingleCenter,924,"[""n00"", ""n01"", ""n02"", ""n10""]",1,0
1,0,SingleCenter,925,"[""n01"", ""n09"", ""n11""]",0,0
1,0,SingleCenter,926,"[""n03"", ""n05"", ""n08"", ""n11""]",0,0
1,0,SingleCenter,927,"[""n00"", ""n01"", ""n02"", ""n03"", ""n08""]",1,1
1,0,SingleCenter,936,"[""n01"", ""n08""]",0,0
1,0,SingleCenter,937,"[""n01"", ""n03"", ""n08""]",0,0
1,0,SingleCenter,938,"[""n04"", ""n08"", ""n17""]",1,0
1,0,SingleCenter,939,"[""n00"", ""n04"", ""n11""]",0,0
1,0,SingleCenter,940,[],0,0
1,0,SingleCenter,941,"[""n03"", ""n04""]",0,0
1,0,SingleCenter,942,[],0,0
1,0,SingleCenter,943,"[""n07"", ""n11""]",0,0
1,0,KMeans,0,"[""n09""]",0,0
1,0,KMeans,1,"[""n15""]",0,0
1,0,KMeans,2,"[""n03"", ""n07"", ""n09""]",0,0
1,0,KMeans,3,"[""n01"", ""n02"", ""n06"", ""n11""]",0,0
1,0,KMeans,4,"[""n03"", ""n12""]",0,0
1,0,KMeans,5,"[""n06"", ""n09""]",0,0
1,0,KMeans,6,"[""n05"", ""n08"", ""n12""]",0,0
1,0,KMeans,7,"[""n00"", ""n10""]",0,0
1,0,KMeans,8,"[""n08"", ""n14""]",1,1
1,0,KMeans,9,"[""n13""]",0,0
1,0,KMeans,10,"[""n00"", ""n03"", ""n06"", ""n09""]",0,0
1,0,KMeans,11,"[""n14""]",1,1
1,0,KMeans,12,"[""n04""]",0,0
1,0,KMeans,13,"[""n04"", ""n09"", ""n10"", ""n11""]",0,0
1,0,KMeans,14,"[""n01"", ""n14""]",1,1
1,0,KMeans,15,"[""n12""]",0,0
1,0,KMeans,16,"[""n15"", ""n16""]",0,0
1,0,KMeans,17,"[""n02"", ""n12"", ""n15""]",1,1
1,0,KMeans,18,"[""n07"", ""n10"", ""n13""]",0,0
1,0,KMeans,19,"[""n04"", ""n07"", ""n10"", ""n14""]",0,0
1,0,KMeans,20,"[""n05"", ""n08""]",0,0
1,0,KMeans,21,"[""n02"", ""n12"", ""n17""]",1,1
1,0,KMeans,22,"[""n08"", ""n11""]",0,0
1,0,KMeans,23,"[""n02"", ""n05""]",0,0
1,0,KMeans,32,"[""n00"", ""n02"", ""n04"", ""n11""]",1,0
1,0,KMeans,33,"[""n05"", ""n10""]",0,0
1,0,KMeans,34,"[""n08"", ""n09""]",0,0
1,0,KMeans,35,[],0,0
1,0,KMeans,36,"[""n00"", ""n02"", ""n04"", ""n11""]",1,1
1,0,KMeans,37,"[""n06""]",0,0
1,0,KMeans,38,"[""n03"", ""n07"", ""n10""]",0,0
1,0,KMeans,39,[],0,0
1,0,KMeans,72,"[""n00"", ""n10"", ""n12"", ""n14""]",0,0
1,0,KMeans,73,"[""n00"", ""n04"", ""n09""]",0,0
1,0,KMeans,74,"[""n05""]",0,0
1,0,KMeans,75,"[""n01""]",0,0
1,0,KMeans,76,"[""n09"", ""n17""]",1,1
1,0,KMeans,77,"[""n02""]",0,0
1,0,KMeans,78,"[""n04"", ""n15""]",0,0
1,0,KMeans,79,"[""n10"", ""n12"", ""n16""]",0,0
1,0,KMeans,104,[],0,0
1,0,KMeans,105,"[""n04"", ""n10""]",0,0
1,0,KMeans,106,"[""n11""]",0,0
1,0,KMeans,107,"[""n07"", ""n10"", ""n12"", ""n14""]",1,1
1,0,KMeans,108,"[""n06"", ""n09"", ""n12""]",0,0
1,0,KMeans,109,"[""n10""]",0,0
1,0,KMeans,110,"[""n00"", ""n05""]",0,0
1,0,KMeans,111,"[""n10""]",0,0
1,0,KMeans,128,[],0,0
1,0,KMeans,129,[],0,0
1,0,KMeans,130,[],0,0
1,0,KMeans,131,[],0,0
1,0,KMeans,132,"[""n03""]",0,0
1,0,KMeans,133,"[""n01"", ""n03""]",0,0
1,0,KMeans,134,"[""n02"", ""n05"", ""n07""]",0,0
1,0,KMeans,135,"[""n09""]",1,0
1,0,KMeans,136,"[""n02"", ""n12"", ""n14""]",0,0
1,0,KMeans,137,"[""n02"", ""n13"", ""n15""]",1,1
1,0,KMeans,138,"[""n11"", ""n15""]",1,0
1,0,KMeans,139,"[""n07"", ""n08""]",0,0
1,0,KMeans,140,"[""n13""]",0,0
1,0,KMeans,141,"[""n02"", ""n08"", ""n13""]",0,0
1,0,KMeans,142,"[""n02"", ""n06"", ""n11"", ""n15""]",1,1
1,0,KMeans,143,"[""n00"", ""n03"", ""n07"", ""n12""]",1,0
1,0,KMeans,224,"[""n10"", ""n11""]",0,0
1,0,KMeans,225,"[""n00"", ""n03"", ""n09""]",0,0
1,0,KMeans,226,"[""n01"", ""n02"", ""n10"", ""n12"", ""n13""]",1,0
1,0,KMeans,227,"[""n01"", ""n08"", ""n09"", ""n13""]",0,0
1,0,KMeans,228,"[""n04"", ""n12""]",0,0
1,0,KMeans,229,"[""n05""]",0,0
1,0,KMeans,230,"[""n07"", ""n11""]",0,0
1,0,KMeans,231,"[""n02"", ""n07"", ""n12"", ""n16""]",1,1
1,0,KMeans,280,"[""n11""]",1,1
1,0,KMeans,281,"[""n00"", ""n06"", ""n08""]",0,0
1,0,KMeans,282,"[""n02"", ""n03"", ""n06"", ""n11""]",1,1
1,0,KMeans,283,[],0,0
1,0,KMeans,284,[],0,0
1,0,KMeans,285,[],0,0
1,0,KMeans,286,"[""n08""]",0,0
1,0,KMeans,287,[],0,0
1,0,KMeans,312,"[""n08"", ""n11""]",0,0
1,0,KMeans,313,"[""n07"", ""n11"", ""n13""]",0,0
1,0,KMeans,314,"[""n03"", ""n04""]",0,0
1,0,KMeans,315,"[""n08"", ""n13"", ""n14""]",0,0
1,0,KMeans,316,"[""n09""]",0,0
1,0,KMeans,317,"[""n01"", ""n02""]",0,0
1,0,KMeans,318,[],0,0
1,0,KMeans,319,"[""n09"", ""n14""]",0,0
1,0,KMeans,328,"[""n05"", ""n06"", ""n08"", ""n15""]",1,1
1,0,KMeans,329,"[""n00"", ""n08"", ""n12"", ""n15""]",1,1
1,0,KMeans,330,"[""n10""]",0,0
1,0,KMeans,331,[],0,0
1,0,KMeans,332,"[""n00"", ""n07""]",0,0
1,0,KMeans,333,"[""n09"", ""n11""]",0,0
1,0,KMeans,334,"[""n02"", ""n07"", ""n15""]",1,0
1,0,KMeans,335,"[""n04"", ""n06"", ""n14""]",0,0
1,0,KMeans,368,"[""n02"", ""n11""]",0,0
1,0,KMeans,369,"[""n07"", ""n09""]",0,0
1,0,KMeans,370,"[""n00"", ""n01""]",0,0
1,0,KMeans,371,"[""n00"", ""n01"", ""n07""]",0,0
1,0,KMeans,372,"[""n05""]",0,0
1,0,KMeans,373,"[""n11""]",0,0
1,0,KMeans,374,"[""n07"", ""n11""]",0,0
1,0,KMeans,375,"[""n02"", ""n07"", ""n11""]",0,0
1,0,KMeans,392,"[""n03"", ""n06"", ""n08"", ""n10"", ""n11""]",0,0
1,0,KMeans,393,"[""n07"", ""n13""]",0,0
1,0,KMeans,394,"[""n02"", ""n04"", ""n09"", ""n15""]",0,0
1,0,KMeans,395,"[""n01"", ""n05"", ""n08"", ""n15""]",0,0
1,0,KMeans,396,"[""n00"", ""n07"", ""n09"", ""n11""]",0,0
1,0,KMeans,397,"[""n06"", ""n15""]",0,0
1,0,KMeans,398,"[""n01"", ""n09""]",1,1
1,0,KMeans,399,"[""n04"", ""n07"", ""n16""]",1,1
1,0,KMeans,408,"[""n10""]",1,1
1,0,KMeans,409,[],0,0
1,0,KMeans,410,"[""n00"", ""n07""]",0,0
1,0,KMeans,411,"[""n09""]",0,0
1,0,KMeans,412,"[""n00"", ""n10""]",1,1
1,0,KMeans,413,"[""n01""]",0,0
1,0,KMeans,414,"[""n07""]",0,0
1,0,KMeans,415,"[""n08""]",0,0
1,0,KMeans,592,"[""n00"", ""n11""]",0,0
1,0,KMeans,593,"[""n09"", ""n12"", ""n15""]",0,0
1,0,KMeans,594,"[""n05"", ""n15""]",0,0
1,0,KMeans,595,"[""n00"", ""n09"", ""n17""]",1,0
1,0,KMeans,596,"[""n07"", ""n08""]",0,0
1,0,KMeans,597,"[""n13""]",0,0
1,0,KMeans,598,"[""n08""]",0,0
1,0,KMeans,599,"[""n12"", ""n13"", ""n17""]",1,1
1,0,KMeans,600,"[""n01""]",0,0
1,0,KMeans,601,"[""n06""]",0,0
1,0,KMeans,602,"[""n00"", ""n06""]",0,0
1,0,KMeans,603,"[""n01"", ""n03""]",0,0
1,0,KMeans,604,"[""n05""]",0,0
1,0,KMeans,605,[],0,0
1,0,KMeans,606,"[""n01""]",0,0
1,0,KMeans,607,[],0,0
1,0,KMeans,640,[],0,0
1,0,KMeans,641,"[""n11""]",0,0
1,0,KMeans,642,[],0,0
1,0,KMeans,643,"[""n02"", ""n03"", ""n12"", ""n13""]",1,1
1,0,KMeans,644,"[""n00"", ""n01"", ""n04"", ""n10"", ""n13""]",0,0
1,0,KMeans,645,"[""n01"", ""n12"", ""n13""]",0,0
1,0,KMeans,646,"[""n03"", ""n05"", ""n09"", ""n10""]",0,0
1,0,KMeans,647,"[""n04"", ""n15"", ""n17""]",1,1
1,0,KMeans,744,"[""n00"", ""n07"", ""n08"", ""n09""]",0,0
1,0,KMeans,745,"[""n06""]",0,0
1,0,KMeans,746,"[""n09""]",0,0
1,0,KMeans,747,"[""n01"", ""n05""]",0,0
1,0,KMeans,748,"[""n10""]",1,0
1,0,KMeans,749,"[""n08""]",0,0
1,0,KMeans,750,"[""n02"", ""n04""]",0,0
1,0,KMeans,751,"[""n09""]",0,0
1,0,KMeans,760,"[""n00""]",0,0
1,0,KMeans,761,"[""n05"", ""n06""]",0,0
1,0,KMeans,762,"[""n05"", ""n06""]",0,0
1,0,KMeans,763,"[""n16""]",1,1
1,0,KMeans,764,"[""n13""]",0,0
1,0,KMeans,765,"[""n02"", ""n05"", ""n06"", ""n07""]",0,0
1,0,KMeans,766,"[""n02"", ""n08"", ""n14"", ""n15""]",0,0
1,0,KMeans,767,"[""n02""]",0,0
1,0,KMeans,880,"[""n01""]",0,0
1,0,KMeans,881,[],0,0
1,0,KMeans,882,"[""n01"", ""n13""]",1,0
1,0,KMeans,883,[],0,0
1,0,KMeans,884,"[""n01"", ""n06"", ""n16""]",1,0
1,0,KMeans,885,"[""n00"", ""n03"", ""n11""]",0,0
1,0,KMeans,886,"[""n00"", ""n05"", ""n13"", ""n16""]",1,1
1,0,KMeans,887,"[""n01"", ""n03"", ""n08"", ""n09"", ""n11""]",0,0
1,0,KMeans,888,"[""n04"", ""n11"", ""n12""]",0,0
1,0,KMeans,889,[],0,0
1,0,KMeans,890,"[""n01"", ""n07"", ""n09""]",0,0
1,0,KMeans,891,"[""n07"", ""n10""]",0,0
1,0,KMeans,892,"[""n05""]",0,0
1,0,KMeans,893,[],0,0
1,0,KMeans,894,"[""n09""]",0,0
1,0,KMeans,895,"[""n08"", ""n09"", ""n13"", ""n14""]",1,1
1,0,KMeans,920,"[""n05"", ""n06""]",0,0
1,0,KMeans,921,[],0,0
1,0,KMeans,922,"[""n10""]",0,0
1,0,KMeans,923,"[""n10""]",0,0
1,0,KMeans,924,"[""n00"", ""n07"", ""n10""]",0,0
1,0,KMeans,925,"[""n00"", ""n05"", ""n10"", ""n11""]",0,0
1,0,KMeans,926,"[""n05"", ""n11"", ""n12""]",1,0
1,0,KMeans,927,"[""n00"", ""n01"", ""n02"", ""n08""]",1,1
1,0,KMeans,936,"[""n01"", ""n08""]",0,0
1,0,KMeans,937,"[""n08"", ""n17""]",1,0
1,0,KMeans,938,"[""n01"", ""n04""]",0,0
1,0,KMeans,939,"[""n00"", ""n04"", ""n11""]",0,0
1,0,KMeans,940,"[""n00""]",0,0
1,0,KMeans,941,"[""n04""]",0,0
1,0,KMeans,942,[],0,0
1,0,KMeans,943,"[""n07"", ""n08"", ""n11"", ""n12"", ""n13""]",0,0
1,1,FixedThreshold,56,[],0,0
1,1,FixedThreshold,57,"[""n07""]",0,0
1,1,FixedThreshold,58,[],0,0
1,1,FixedThreshold,59,"[""n17""]",1,1
1,1,FixedThreshold,60,[],0,0
1,1,FixedThreshold,61,[],0,0
1,1,FixedThreshold,62,[],0,0
1,1,FixedThreshold,63,[],0,0
1,1,FixedThreshold,80,[],0,0
1,1,FixedThreshold,81,[],0,0
1,1,FixedThreshold,82,[],0,0
1,1,FixedThreshold,83,[],0,0
1,1,FixedThreshold,84,[],0,0
1,1,FixedThreshold,85,[],0,0
1,1,FixedThreshold,86,[],0,0
1,1,FixedThreshold,87,[],0,0
1,1,FixedThreshold,216,[],0,0
1,1,FixedThreshold,217,[],0,0
1,1,FixedThreshold,218,[],0,0
1,1,FixedThreshold,219,[],0,0
1,1,FixedThreshold,220,"[""n11"", ""n12""]",1,1
1,1,FixedThreshold,221,[],0,1
1,1,FixedThreshold,222,[],0,0
1,1,FixedThreshold,223,[],0,0
1,1,FixedThreshold,272,[],0,0
1,1,FixedThreshold,273,[],0,0
1,1,FixedThreshold,274,[],0,0
1,1,FixedThreshold,275,"[""n03""]",0,0
1,1,FixedThreshold,276,[],0,0
1,1,FixedThreshold,277,[],0,0
1,1,FixedThreshold,278,[],0,0
1,1,FixedThreshold,279,"[""n05""]",0,0
1,1,FixedThreshold,320,"[""n01"", ""n03""]",0,0
1,1,FixedThreshold,321,[],0,0
1,1,FixedThreshold,322,[],0,1
1,1,FixedThreshold,323,[],0,0
1,1,FixedThreshold,324,[],0,0
1,1,FixedThreshold,325,[],0,1
1,1,FixedThreshold,326,"[""n06""]",0,1
1,1,FixedThreshold,327,[],0,0
1,1,FixedThreshold,336,"[""n07""]",0,0
1,1,FixedThreshold,337,"[""n09""]",0,0
1,1,FixedThreshold,338,[],0,0
1,1,FixedThreshold,339,[],0,0
1,1,FixedThreshold,340,[],0,0
1,1,FixedThreshold,341,"[""n03"", ""n08""]",0,0
1,1,FixedThreshold,342,[],0,0
1,1,FixedThreshold,343,[],0,0
1,1,FixedThreshold,416,[],0,0
1,1,FixedThreshold,417,[],0,1
1,1,FixedThreshold,418,[],0,0
1,1,FixedThreshold,419,[],0,0
1,1,FixedThreshold,420,[],0,0
1,1,FixedThreshold,421,[],0,0
1,1,FixedThreshold,422,[],0,0
1,1,FixedThreshold,423,[],0,0
1,1,FixedThreshold,440,[],0,0
1,1,FixedThreshold,441,[],0,0
1,1,FixedThreshold,442,"[""n01"", ""n12""]",1,1
1,1,FixedThreshold,443,[],0,0
1,1,FixedThreshold,444,[],0,0
1,1,FixedThreshold,445,"[""n04"", ""n11""]",0,0
1,1,FixedThreshold,446,"[""n06"", ""n09""]",0,0
1,1,FixedThreshold,447,"[""n02""]",0,0
1,1,FixedThreshold,456,[],0,0
1,1,FixedThreshold,457,"[""n04"", ""n12""]",0,0
1,1,FixedThreshold,458,"[""n04""]",0,0
1,1,FixedThreshold,459,[],0,1
1,1,FixedThreshold,460,"[""n01""]",0,0
1,1,FixedThreshold,461,[],0,0
1,1,FixedThreshold,462,"[""n00"", ""n09""]",0,0
1,1,FixedThreshold,463,"[""n04""]",0,0
1,1,FixedThreshold,496,[],0,0
1,1,FixedThreshold,497,[],0,0
1,1,FixedThreshold,498,[],0,0
1,1,FixedThreshold,499,"[""n10""]",0,0
1,1,FixedThreshold,500,[],0,0
1,1,FixedThreshold,501,[],0,0
1,1,FixedThreshold,502,[],0,0
1,1,FixedThreshold,503,[],0,0
1,1,FixedThreshold,536,"[""n07""]",0,0
1,1,FixedThreshold,537,[],0,1
1,1,FixedThreshold,538,[],0,0
1,1,FixedThreshold,539,"[""n02"", ""n13""]",0,0
1,1,FixedThreshold,540,[],0,0
1,1,FixedThreshold,541,[],0,0
1,1,FixedThreshold,542,"[""n14""]",0,0
1,1,FixedThreshold,543,[],0,0
1,1,FixedThreshold,544,[],0,0
1,1,FixedThreshold,545,"[""n05"", ""n06"", ""n16""]",1,1
1,1,FixedThreshold,546,[],0,0
1,1,FixedThreshold,547,"[""n13""]",0,0
1,1,FixedThreshold,548,"[""n13""]",0,0
1,1,FixedThreshold,549,"[""n01""]",0,1
1,1,FixedThreshold,550,[],0,0
1,1,FixedThreshold,551,[],0,0
1,1,FixedThreshold,552,[],0,1
1,1,FixedThreshold,553,[],0,0
1,1,FixedThreshold,554,"[""n10""]",1,1
1,1,FixedThreshold,555,[],0,0
1,1,FixedThreshold,556,[],0,0
1,1,FixedThreshold,557,[],0,0
1,1,FixedThreshold,558,"[""n01""]",0,1
1,1,FixedThreshold,559,"[""n08""]",0,0
1,1,FixedThreshold,560,[],0,0
1,1,FixedThreshold,561,[],0,1
1,1,FixedThreshold,562,[],0,0
1,1,FixedThreshold,563,[],0,0
1,1,FixedThreshold,564,[],0,0
1,1,FixedThreshold,565,"[""n05"", ""n16""]",1,1
1,1,FixedThreshold,566,[],0,0
1,1,FixedThreshold,567,[],0,0
1,1,FixedThreshold,624,"[""n07""]",0,1
1,1,FixedThreshold,625,"[""n00"", ""n03""]",1,1
1,1,FixedThreshold,626,[],0,0
1,1,FixedThreshold,627,[],0,0
1,1,FixedThreshold,628,[],0,0
1,1,FixedThreshold,629,[],0,0
1,1,FixedThreshold,630,"[""n11""]",0,0
1,1,FixedThreshold,631,[],0,0
1,1,FixedThreshold,680,"[""n03""]",0,0
1,1,FixedThreshold,681,[],0,0
1,1,FixedThreshold,682,[],0,0
1,1,FixedThreshold,683,[],0,0
1,1,FixedThreshold,684,[],0,0
1,1,FixedThreshold,685,[],0,0
1,1,FixedThreshold,686,[],0,0
1,1,FixedThreshold,687,[],0,0
1,1,FixedThreshold,696,[],0,0
1,1,FixedThreshold,697,[],0,1
1,1,FixedThreshold,698,[],0,1
1,1,FixedThreshold,699,[],0,0
1,1,FixedThreshold,700,[],0,0
1,1,FixedThreshold,701,[],0,0
1,1,FixedThreshold,702,[],0,1
1,1,FixedThreshold,703,[],0,0
1,1,FixedThreshold,728,"[""n13""]",0,0
1,1,FixedThreshold,729,[],0,0
1,1,FixedThreshold,730,[],0,0
1,1,FixedThreshold,731,[],0,1
1,1,FixedThreshold,732,[],0,0
1,1,FixedThreshold,733,[],0,0
1,1,FixedThreshold,734,[],0,0
1,1,FixedThreshold,735,[],0,0
1,1,FixedThreshold,832,"[""n07"", ""n14""]",1,1
1,1,FixedThreshold,833,[],0,0
1,1,FixedThreshold,834,"[""n02""]",0,0
1,1,FixedThreshold,835,[],0,0
1,1,FixedThreshold,836,[],0,0
1,1,FixedThreshold,837,[],0,0
1,1,FixedThreshold,838,[],0,0
1,1,FixedThreshold,839,[],0,0
1,1,FixedThreshold,872,"[""n10""]",0,0
1,1,FixedThreshold,873,[],0,0
1,1,FixedThreshold,874,[],0,0
1,1,FixedThreshold,875,[],0,0
1,1,FixedThreshold,876,[],0,0
1,1,FixedThreshold,877,[],0,0
1,1,FixedThreshold,878,[],0,0
1,1,FixedThreshold,879,[],0,0
1,1,FixedThreshold,896,"[""n02"", ""n12"", ""n13""]",0,0
1,1,FixedThreshold,897,"[""n01""]",0,0
1,1,FixedThreshold,898,[],0,0
1,1,FixedThreshold,899,"[""n06""]",0,0
1,1,FixedThreshold,900,"[""n05"", ""n06""]",0,0
1,1,FixedThreshold,901,[],0,0
1,1,FixedThreshold,902,"[""n08""]",0,0
1,1,FixedThreshold,903,[],0,0
1,1,FixedThreshold,904,[],0,0
1,1,FixedThreshold,905,[],0,0
1,1,FixedThreshold,906,[],0,0
1,1,FixedThreshold,907,[],0,0
1,1,FixedThreshold,908,[],0,0
1,1,FixedThreshold,909,[],0,0
1,1,FixedThreshold,910,[],0,0
1,1,FixedThreshold,911,[],0,0
1,1,FixedThreshold,912,"[""n02"", ""n05"", ""n10"", ""n12""]",1,1
1,1,FixedThreshold,913,[],0,0
1,1,FixedThreshold,914,[],0,0
1,1,FixedThreshold,915,[],0,0
1,1,FixedThreshold,916,[],0,0
1,1,FixedThreshold,917,"[""n06""]",0,0
1,1,FixedThreshold,918,[],0,0
1,1,FixedThreshold,919,[],0,0
1,1,FixedThreshold,944,"[""n06"", ""n13"", ""n16""]",0,0
1,1,FixedThreshold,945,[],0,0
1,1,FixedThreshold,946,[],0,0
1,1,FixedThreshold,947,[],0,0
1,1,FixedThreshold,948,[],0,0
1,1,FixedThreshold,949,[],0,0
1,1,FixedThreshold,950,"[""n17""]",1,1
1,1,FixedThreshold,951,"[""n14""]",0,0
1,1,SingleCenter,56,"[""n02"", ""n09""]",0,0
1,1,SingleCenter,57,"[""n05"", ""n07"", ""n14""]",0,0
1,1,SingleCenter,58,"[""n00""]",0,0
1,1,SingleCenter,59,"[""n17""]",1,1
1,1,SingleCenter,60,"[""n10""]",0,0
1,1,SingleCenter,61,"[""n10""]",0,0
1,1,SingleCenter,62,[],0,0
1,1,SingleCenter,63,"[""n07""]",0,0
1,1,SingleCenter,80,"[""n04"", ""n12""]",0,0
1,1,SingleCenter,81,"[""n03""]",0,0
1,1,SingleCenter,82,"[""n02""]",0,0
1,1,SingleCenter,83,"[""n04"", ""n09""]",0,0
1,1,SingleCenter,84,"[""n03"", ""n04"", ""n10"", ""n13""]",0,0
1,1,SingleCenter,85,"[""n09""]",0,0
1,1,SingleCenter,86,[],0,0
1,1,SingleCenter,87,"[""n10"", ""n14""]",0,0
1,1,SingleCenter,216,"[""n04"", ""n07""]",0,0
1,1,SingleCenter,217,"[""n03"", ""n11""]",1,0
1,1,SingleCenter,218,"[""n01"", ""n10""]",0,0
1,1,SingleCenter,219,[],0,0
1,1,SingleCenter,220,"[""n11"", ""n12""]",1,1
1,1,SingleCenter,221,"[""n12""]",1,1
1,1,SingleCenter,222,[],0,0
1,1,SingleCenter,223,[],0,0
1,1,SingleCenter,272,[],0,0
1,1,SingleCenter,273,"[""n01""]",0,0
1,1,SingleCenter,274,"[""n15""]",0,0
1,1,SingleCenter,275,"[""n02"", ""n03""]",0,0
1,1,SingleCenter,276,"[""n03""]",0,0
1,1,SingleCenter,277,"[""n15""]",0,0
1,1,SingleCenter,278,"[""n05"", ""n09"", ""n11""]",0,0
1,1,SingleCenter,279,"[""n05"", ""n12""]",0,0
1,1,SingleCenter,320,"[""n01"", ""n03"", ""n07""]",0,0
1,1,SingleCenter,321,"[""n01"", ""n02"", ""n04""]",0,0
1,1,SingleCenter,322,"[""n02"", ""n05"", ""n09""]",1,1
1,1,SingleCenter,323,"[""n07""]",0,0
1,1,SingleCenter,324,"[""n08""]",0,0
1,1,SingleCenter,325,"[""n07"", ""n09""]",1,1
1,1,SingleCenter,326,"[""n06"", ""n09""]",1,1
1,1,SingleCenter,327,"[""n02"", ""n06""]",0,0
1,1,SingleCenter,336,"[""n05"", ""n12""]",1,0
1,1,SingleCenter,337,"[""n00"", ""n03"", ""n08"", ""n09""]",1,0
1,1,SingleCenter,338,[],0,0
1,1,SingleCenter,339,[],0,0
1,1,SingleCenter,340,"[""n10"", ""n11""]",0,0
1,1,SingleCenter,341,"[""n03"", ""n08""]",0,0
1,1,SingleCenter,342,[],0,0
1,1,SingleCenter,343,"[""n07"", ""n11""]",0,0
1,1,SingleCenter,416,[],0,0
1,1,SingleCenter,417,"[""n00"", ""n09""]",1,1
1,1,SingleCenter,418,"[""n03""]",0,0
1,1,SingleCenter,419,"[""n05"", ""n07""]",0,0
1,1,SingleCenter,420,[],0,0
1,1,SingleCenter,421,"[""n04""]",0,0
1,1,SingleCenter,422,[],0,0
1,1,SingleCenter,423,"[""n01"", ""n05""]",0,0
1,1,SingleCenter,440,"[""n08"", ""n12""]",1,0
1,1,SingleCenter,441,"[""n03"", ""n10""]",0,0
1,1,SingleCenter,442,"[""n01"", ""n03"", ""n04"", ""n08"", ""n12""]",1,1
1,1,SingleCenter,443,"[""n08""]",0,0
1,1,SingleCenter,444,[],0,0
1,1,SingleCenter,445,"[""n04"", ""n11""]",0,0
1,1,SingleCenter,446,"[""n05"", ""n06"", ""n09""]",0,0
1,1,SingleCenter,447,"[""n00"", ""n02""]",0,0
1,1,SingleCenter,456,[],0,0
1,1,SingleCenter,457,"[""n02"", ""n04"", ""n12""]",0,0
1,1,SingleCenter,458,"[""n04"", ""n08""]",1,0
1,1,SingleCenter,459,"[""n03"", ""n04"", ""n10""]",1,1
1,1,SingleCenter,460,"[""n01""]",0,0
1,1,SingleCenter,461,"[""n02""]",0,0
1,1,SingleCenter,462,"[""n00"", ""n03"", ""n05"", ""n09""]",0,0
1,1,SingleCenter,463,"[""n03"", ""n04"", ""n08"", ""n11"", ""n13""]",1,0
1,1,SingleCenter,496,"[""n06""]",0,0
1,1,SingleCenter,497,"[""n04""]",0,0
1,1,SingleCenter,498,"[""n01"", ""n03"", ""n08""]",0,0
1,1,SingleCenter,499,"[""n02"", ""n10""]",0,0
1,1,SingleCenter,500,"[""n01""]",0,0
1,1,SingleCenter,501,"[""n02"", ""n05""]",0,0
1,1,SingleCenter,502,"[""n00"", ""n08""]",0,0
1,1,SingleCenter,503,"[""n10""]",0,0
1,1,SingleCenter,536,"[""n07""]",0,0
1,1,SingleCenter,537,"[""n10"", ""n15""]",1,1
1,1,SingleCenter,538,[],0,0
1,1,SingleCenter,539,"[""n02"", ""n12"", ""n13""]",0,0
1,1,SingleCenter,540,"[""n07"", ""n14""]",0,0
1,1,SingleCenter,541,"[""n04"", ""n09"", ""n13"", ""n15""]",1,0
1,1,SingleCenter,542,"[""n07"", ""n14"", ""n15""]",1,0
1,1,SingleCenter,543,"[""n04""]",0,0
1,1,SingleCenter,544,"[""n07""]",0,0
1,1,SingleCenter,545,"[""n01"", ""n03"", ""n05"", ""n06"", ""n16""]",1,1
1,1,SingleCenter,546,"[""n05"", ""n09"", ""n10"", ""n11""]",1,0
1,1,SingleCenter,547,"[""n00"", ""n03"", ""n07"", ""n13""]",0,0
1,1,SingleCenter,548,"[""n01"", ""n13""]",0,0
1,1,SingleCenter,549,"[""n01"", ""n03"", ""n08""]",1,1
1,1,SingleCenter,550,"[""n00"", ""n07"", ""n13""]",0,0
1,1,SingleCenter,551,"[""n04"", ""n06""]",0,0
1,1,SingleCenter,552,"[""n03""]",1,1
1,1,SingleCenter,553,"[""n00""]",0,0
1,1,SingleCenter,554,"[""n10""]",1,1
1,1,SingleCenter,555,"[""n01"", ""n06"", ""n07""]",0,0
1,1,SingleCenter,556,"[""n05""]",0,0
1,1,SingleCenter,557,[],0,0
1,1,SingleCenter,558,"[""n01"", ""n04""]",1,1
1,1,SingleCenter,559,"[""n02"", ""n03"", ""n08""]",1,0
1,1,SingleCenter,560,"[""n09"", ""n15""]",0,0
1,1,SingleCenter,561,"[""n00"", ""n09"", ""n11""]",1,1
1,1,SingleCenter,562,"[""n15"", ""n17""]",1,0
1,1,SingleCenter,563,"[""n09""]",0,0
1,1,SingleCenter,564,"[""n01""]",0,0
1,1,SingleCenter,565,"[""n00"", ""n05"", ""n06"", ""n10"", ""n16""]",1,1
1,1,SingleCenter,566,"[""n00"", ""n07"", ""n09""]",1,0
1,1,SingleCenter,567,"[""n06"", ""n10"", ""n13""]",0,0
1,1,SingleCenter,624,"[""n00"", ""n03"", ""n04"", ""n07""]",1,1
1,1,SingleCenter,625,"[""n00"", ""n03"", ""n12""]",1,1
1,1,SingleCenter,626,[],0,0
1,1,SingleCenter,627,"[""n01"", ""n05""]",0,0
1,1,SingleCenter,628,"[""n09""]",0,0
1,1,SingleCenter,629,"[""n02""]",0,0
1,1,SingleCenter,630,"[""n11"", ""n12""]",0,0
1,1,SingleCenter,631,[],0,0
1,1,SingleCenter,680,"[""n03""]",0,0
1,1,SingleCenter,681,[],0,0
1,1,SingleCenter,682,"[""n01"", ""n10""]",0,0
1,1,SingleCenter,683,"[""n03""]",0,0
1,1,SingleCenter,684,"[""n04"", ""n08""]",0,0
1,1,SingleCenter,685,"[""n00"", ""n07""]",0,0
1,1,SingleCenter,686,"[""n01""]",0,0
1,1,SingleCenter,687,"[""n01""]",0,0
1,1,SingleCenter,696,"[""n04"", ""n07"", ""n12""]",1,0
1,1,SingleCenter,697,"[""n00"", ""n12""]",1,1
1,1,SingleCenter,698,"[""n04"", ""n05"", ""n08""]",1,1
1,1,SingleCenter,699,"[""n07"", ""n11""]",0,0
1,1,SingleCenter,700,"[""n05"", ""n09"", ""n11""]",0,0
1,1,SingleCenter,701,[],0,0
1,1,SingleCenter,702,"[""n12""]",1,1
1,1,SingleCenter,703,"[""n02""]",0,0
1,1,SingleCenter,728,"[""n10"", ""n11"", ""n13""]",0,0
1,1,SingleCenter,729,"[""n00""]",0,0
1,1,SingleCenter,730,[],0,0
1,1,SingleCenter,731,"[""n06"", ""n07"", ""n14"", ""n16""]",1,1
1,1,SingleCenter,732,"[""n07"", ""n08""]",0,0
1,1,SingleCenter,733,"[""n09""]",0,0
1,1,SingleCenter,734,"[""n02"", ""n14""]",0,0
1,1,SingleCenter,735,"[""n03"", ""n04""]",0,0
1,1,SingleCenter,832,"[""n01"", ""n07"", ""n14""]",1,1
1,1,SingleCenter,833,"[""n01"", ""n08""]",0,0
1,1,SingleCenter,834,"[""n02""]",0,0
1,1,SingleCenter,835,[],0,0
1,1,SingleCenter,836,"[""n14""]",1,0
1,1,SingleCenter,837,"[""n07""]",0,0
1,1,SingleCenter,838,[],0,0
1,1,SingleCenter,839,"[""n08"", ""n10""]",0,0
1,1,SingleCenter,872,"[""n03"", ""n08"", ""n09"", ""n10""]",0,0
1,1,SingleCenter,873,[],0,0
1,1,SingleCenter,874,"[""n06""]",0,0
1,1,SingleCenter,875,"[""n12""]",0,0
1,1,SingleCenter,876,"[""n02"", ""n04""]",0,0
1,1,SingleCenter,877,"[""n10"", ""n11"", ""n13""]",0,0
1,1,SingleCenter,878,"[""n01"", ""n03"", ""n06""]",0,0
1,1,SingleCenter,879,[],0,0
1,1,SingleCenter,896,"[""n02"", ""n03"", ""n06"", ""n12"", ""n13"", ""n14""]",1,0
1,1,SingleCenter,897,"[""n00"", ""n09""]",0,0
1,1,SingleCenter,898,"[""n02""]",0,0
1,1,SingleCenter,899,"[""n06"", ""n13""]",0,0
1,1,SingleCenter,900,"[""n00"", ""n05"", ""n06""]",0,0
1,1,SingleCenter,901,"[""n03"", ""n08"", ""n11"", ""n14""]",1,0
1,1,SingleCenter,902,"[""n02"", ""n06"", ""n08""]",0,0
1,1,SingleCenter,903,"[""n10"", ""n11""]",0,0
1,1,SingleCenter,904,[],0,0
1,1,SingleCenter,905,[],0,0
1,1,SingleCenter,906,[],0,0
1,1,SingleCenter,907,"[""n04"", ""n07""]",0,0
1,1,SingleCenter,908,"[""n01"", ""n03"", ""n09""]",1,0
1,1,SingleCenter,909,"[""n01"", ""n02"", ""n09""]",1,0
1,1,SingleCenter,910,"[""n01"", ""n08""]",0,0
1,1,SingleCenter,911,[],0,0
1,1,SingleCenter,912,"[""n00"", ""n02"", ""n05"", ""n10"", ""n12""]",1,1
1,1,SingleCenter,913,"[""n11""]",0,0
1,1,SingleCenter,914,[],0,0
1,1,SingleCenter,915,"[""n08""]",0,0
1,1,SingleCenter,916,[],0,0
1,1,SingleCenter,917,"[""n01"", ""n06""]",0,0
1,1,SingleCenter,918,"[""n06""]",0,0
1,1,SingleCenter,919,[],0,0
1,1,SingleCenter,944,"[""n05"", ""n06"", ""n13"", ""n16""]",0,0
1,1,SingleCenter,945,[],0,0
1,1,SingleCenter,946,"[""n11""]",0,0
1,1,SingleCenter,947,"[""n02"", ""n09""]",0,0
1,1,SingleCenter,948,[],0,0
1,1,SingleCenter,949,"[""n01"", ""n09""]",0,0
1,1,SingleCenter,950,"[""n01"", ""n08"", ""n17""]",1,1
1,1,SingleCenter,951,"[""n11"", ""n14""]",0,0
1,1,KMeans,56,"[""n01"", ""n02"", ""n09"", ""n14""]",0,0
1,1,KMeans,57,"[""n05"", ""n07""]",0,0
1,1,KMeans,58,"[""n00""]",0,0
1,1,KMeans,59,"[""n17""]",1,1
1,1,KMeans,60,"[""n10"", ""n12""]",0,0
1,1,KMeans,61,"[""n04"", ""n09"", ""n10""]",0,0
1,1,KMeans,62,"[""n04"", ""n09""]",0,0
1,1,KMeans,63,"[""n01"", ""n07"", ""n10""]",0,0
1,1,KMeans,80,"[""n04"", ""n12"", ""n13""]",0,0
1,1,KMeans,81,"[""n03"", ""n04"", ""n07""]",0,0
1,1,KMeans,82,"[""n02""]",0,0
1,1,KMeans,83,"[""n04""]",0,0
1,1,KMeans,84,"[""n03"", ""n05""]",0,0
1,1,KMeans,85,"[""n04"", ""n09""]",0,0
1,1,KMeans,86,"[""n05"", ""n14""]",0,0
1,1,KMeans,87,"[""n10"", ""n14""]",0,0
1,1,KMeans,216,"[""n04"", ""n07""]",0,0
1,1,KMeans,217,"[""n05"", ""n08"", ""n09""]",1,0
1,1,KMeans,218,"[""n01"", ""n08"", ""n10""]",0,0
1,1,KMeans,219,[],0,0
1,1,KMeans,220,"[""n11"", ""n12""]",1,1
1,1,KMeans,221,"[""n12""]",1,1
1,1,KMeans,222,[],0,0
1,1,KMeans,223,[],0,0
1,1,KMeans,272,"[""n01""]",0,0
1,1,KMeans,273,"[""n06""]",0,0
1,1,KMeans,274,[],0,0
1,1,KMeans,275,"[""n03"", ""n09"", ""n11""]",0,0
1,1,KMeans,276,"[""n03"", ""n13""]",0,0
1,1,KMeans,277,[],0,0
1,1,KMeans,278,"[""n05"", ""n09"", ""n11""]",0,0
1,1,KMeans,279,"[""n05"", ""n12""]",0,0
1,1,KMeans,320,"[""n01"", ""n03"", ""n07""]",0,0
1,1,KMeans,321,"[""n00"", ""n01"", ""n02"", ""n04""]",1,0
1,1,KMeans,322,"[""n02"", ""n05"", ""n06"", ""n09""]",1,1
1,1,KMeans,323,"[""n07""]",0,0
1,1,KMeans,324,"[""n08""]",0,0
1,1,KMeans,325,"[""n09""]",1,1
1,1,KMeans,326,"[""n06"", ""n09""]",1,1
1,1,KMeans,327,"[""n02"", ""n06""]",0,0
1,1,KMeans,336,"[""n10""]",0,0
1,1,KMeans,337,"[""n03"", ""n08"", ""n09""]",0,0
1,1,KMeans,338,"[""n07"", ""n08""]",0,0
1,1,KMeans,339,"[""n03""]",0,0
1,1,KMeans,340,[],0,0
1,1,KMeans,341,"[""n03"", ""n08"", ""n12""]",1,0
1,1,KMeans,342,[],0,0
1,1,KMeans,343,"[""n07"", ""n11""]",0,0
1,1,KMeans,416,[],0,0
1,1,KMeans,417,"[""n00"", ""n09""]",1,1
1,1,KMeans,418,"[""n01"", ""n03""]",0,0
1,1,KMeans,419,"[""n05"", ""n07""]",0,0
1,1,KMeans,420,[],0,0
1,1,KMeans,421,[],0,0
1,1,KMeans,422,[],0,0
1,1,KMeans,423,"[""n01"", ""n05""]",0,0
1,1,KMeans,440,"[""n08""]",0,0
1,1,KMeans,441,"[""n10""]",0,0
1,1,KMeans,442,"[""n01"", ""n10"", ""n12""]",1,1
1,1,KMeans,443,"[""n08""]",0,0
1,1,KMeans,444,[],0,0
1,1,KMeans,445,"[""n04"", ""n11""]",0,0
1,1,KMeans,446,"[""n06"", ""n09""]",0,0
1,1,KMeans,447,"[""n02""]",0,0
1,1,KMeans,456,"[""n14""]",0,0
1,1,KMeans,457,"[""n04"", ""n11"", ""n12""]",0,0
1,1,KMeans,458,"[""n04""]",0,0
1,1,KMeans,459,"[""n03"", ""n04"", ""n08"", ""n10""]",1,1
1,1,KMeans,460,"[""n01""]",0,0
1,1,KMeans,461,"[""n02""]",0,0
1,1,KMeans,462,"[""n00"", ""n09"", ""n15""]",1,0
1,1,KMeans,463,"[""n04"", ""n08""]",1,0
1,1,KMeans,496,"[""n06"", ""n09""]",0,0
1,1,KMeans,497,"[""n04""]",0,0
1,1,KMeans,498,"[""n01"", ""n03"", ""n08""]",0,0
1,1,KMeans,499,"[""n02"", ""n10""]",0,0
1,1,KMeans,500,"[""n01""]",0,0
1,1,KMeans,501,"[""n02"", ""n05""]",0,0
1,1,KMeans,502,"[""n00"", ""n02"", ""n08""]",0,0
1,1,KMeans,503,[],0,0
1,1,KMeans,536,"[""n07"", ""n14""]",0,0
1,1,KMeans,537,"[""n05"", ""n10"", ""n15""]",1,1
1,1,KMeans,538,[],0,0
1,1,KMeans,539,"[""n02"", ""n07"", ""n13""]",0,0
1,1,KMeans,540,"[""n00"", ""n07"", ""n14""]",0,0
1,1,KMeans,541,"[""n04"", ""n08"", ""n09"", ""n13"", ""n15""]",1,0
1,1,KMeans,542,"[""n14""]",0,0
1,1,KMeans,543,"[""n04""]",0,0
1,1,KMeans,544,"[""n02"", ""n07""]",0,0
1,1,KMeans,545,"[""n04"", ""n05"", ""n06"", ""n08"", ""n16""]",1,1
1,1,KMeans,546,"[""n05"", ""n09"", ""n11""]",1,0
1,1,KMeans,547,"[""n03"", ""n07"", ""n13""]",0,0
1,1,KMeans,548,"[""n13"", ""n16""]",1,0
1,1,KMeans,549,"[""n01"", ""n03"", ""n08""]",1,1
1,1,KMeans,550,"[""n00"", ""n13""]",0,0
1,1,KMeans,551,"[""n04"", ""n06""]",0,0
1,1,KMeans,552,"[""n03"", ""n05""]",1,1
1,1,KMeans,553,[],0,0
1,1,KMeans,554,"[""n07"", ""n10""]",1,1
1,1,KMeans,555,[],0,0
1,1,KMeans,556,"[""n05""]",0,0
1,1,KMeans,557,[],0,0
1,1,KMeans,558,"[""n01"", ""n04""]",1,1
1,1,KMeans,559,"[""n08""]",0,0
1,1,KMeans,560,"[""n02""]",0,0
1,1,KMeans,561,"[""n00"", ""n09"", ""n11""]",1,1
1,1,KMeans,562,"[""n15""]",0,0
1,1,KMeans,563,"[""n01"", ""n06"", ""n08"", ""n09""]",0,0
1,1,KMeans,564,"[""n01""]",0,0
1,1,KMeans,565,"[""n00"", ""n05"", ""n10"", ""n16""]",1,1
1,1,KMeans,566,"[""n00"", ""n07"", ""n09""]",1,0
1,1,KMeans,567,"[""n06"", ""n10"", ""n13"", ""n14""]",0,0
1,1,KMeans,624,"[""n00"", ""n03"", ""n07""]",1,1
1,1,KMeans,625,"[""n00"", ""n12""]",1,1
1,1,KMeans,626,[],0,0
1,1,KMeans,627,"[""n01"", ""n05""]",0,0
1,1,KMeans,628,"[""n09""]",0,0
1,1,KMeans,629,"[""n08""]",0,0
1,1,KMeans,630,"[""n11""]",0,0
1,1,KMeans,631,[],0,0
1,1,KMeans,680,"[""n03""]",0,0
1,1,KMeans,681,[],0,0
1,1,KMeans,682,"[""n01"", ""n10""]",0,0
1,1,KMeans,683,"[""n03""]",0,0
1,1,KMeans,684,"[""n04"", ""n08""]",0,0
1,1,KMeans,685,"[""n07""]",0,0
1,1,KMeans,686,"[""n01""]",0,0
1,1,KMeans,687,"[""n03"", ""n08""]",0,0
1,1,KMeans,696,"[""n00"", ""n04"", ""n07""]",1,0
1,1,KMeans,697,"[""n12""]",1,1
1,1,KMeans,698,"[""n04"", ""n05"", ""n08""]",1,1
1,1,KMeans,699,"[""n00"", ""n07"", ""n11""]",0,0
1,1,KMeans,700,"[""n05"", ""n09"", ""n11""]",0,0
1,1,KMeans,701,"[""n05""]",0,0
1,1,KMeans,702,"[""n12""]",1,1
1,1,KMeans,703,"[""n02"", ""n11""]",0,0
1,1,KMeans,728,"[""n13""]",0,0
1,1,KMeans,729,"[""n00"", ""n01""]",0,0
1,1,KMeans,730,[],0,0
1,1,KMeans,731,"[""n06"", ""n07"", ""n14"", ""n16""]",1,1
1,1,KMeans,732,"[""n08""]",0,0
1,1,KMeans,733,[],0,0
1,1,KMeans,734,"[""n02"", ""n14""]",0,0
1,1,KMeans,735,"[""n03"", ""n04""]",0,0
1,1,KMeans,832,"[""n00"", ""n01"", ""n07"", ""n14""]",1,1
1,1,KMeans,833,"[""n01"", ""n08""]",0,0
1,1,KMeans,834,"[""n02""]",0,0
1,1,KMeans,835,"[""n06"", ""n09""]",0,0
1,1,KMeans,836,[],0,0
1,1,KMeans,837,"[""n07""]",0,0
1,1,KMeans,838,[],0,0
1,1,KMeans,839,"[""n08"", ""n10""]",0,0
1,1,KMeans,872,"[""n03"", ""n10""]",0,0
1,1,KMeans,873,[],0,0
1,1,KMeans,874,"[""n06""]",0,0
1,1,KMeans,875,"[""n12""]",0,0
1,1,KMeans,876,"[""n02"", ""n04"", ""n12""]",1,0
1,1,KMeans,877,"[""n10"", ""n11"", ""n13""]",0,0
1,1,KMeans,878,"[""n01"", ""n03"", ""n06""]",0,0
1,1,KMeans,879,[],0,0
1,1,KMeans,896,"[""n03"", ""n06"", ""n12"", ""n13"", ""n14""]",1,0
1,1,KMeans,897,"[""n06"", ""n09""]",0,0
1,1,KMeans,898,"[""n02""]",0,0
1,1,KMeans,899,"[""n04"", ""n06""]",0,0
1,1,KMeans,900,"[""n05"", ""n06""]",0,0
1,1,KMeans,901,"[""n08"", ""n11"", ""n14""]",1,0
1,1,KMeans,902,"[""n08""]",0,0
1,1,KMeans,903,"[""n07"", ""n10"", ""n11""]",0,0
1,1,KMeans,904,[],0,0
1,1,KMeans,905,"[""n08""]",0,0
1,1,KMeans,906,[],0,0
1,1,KMeans,907,"[""n04"", ""n07""]",0,0
1,1,KMeans,908,[],0,0
1,1,KMeans,909,"[""n01"", ""n02"", ""n09""]",1,0
1,1,KMeans,910,"[""n01"", ""n08"", ""n09""]",1,0
1,1,KMeans,911,"[""n05""]",0,0
1,1,KMeans,912,"[""n02"", ""n05"", ""n10"", ""n12""]",1,1
1,1,KMeans,913,"[""n09""]",0,0
1,1,KMeans,914,[],0,0
1,1,KMeans,915,"[""n08"", ""n13""]",1,0
1,1,KMeans,916,[],0,0
1,1,KMeans,917,"[""n01"", ""n06""]",0,0
1,1,KMeans,918,"[""n06""]",0,0
1,1,KMeans,919,"[""n12""]",0,0
1,1,KMeans,944,"[""n05"", ""n06"", ""n13"", ""n16""]",0,0
1,1,KMeans,945,"[""n05""]",0,0
1,1,KMeans,946,"[""n16""]",0,0
1,1,KMeans,947,"[""n01"", ""n02"", ""n04"", ""n09"", ""n17""]",1,0
1,1,KMeans,948,"[""n13"", ""n17""]",1,0
1,1,KMeans,949,"[""n01"", ""n09""]",0,0
1,1,KMeans,950,"[""n08"", ""n09"", ""n17""]",1,1
1,1,KMeans,951,"[""n13"", ""n14""]",0,0
1,2,FixedThreshold,40,"[""n00"", ""n09""]",0,0
1,2,FixedThreshold,41,[],0,1
1,2,FixedThreshold,42,[],0,1
1,2,FixedThreshold,43,"[""n07""]",0,0
1,2,FixedThreshold,44,[],0,1
1,2,FixedThreshold,45,[],0,0
1,2,FixedThreshold,46,[],0,0
1,2,FixedThreshold,47,[],0,1
1,2,FixedThreshold,64,[],0,0
1,2,FixedThreshold,65,[],0,0
1,2,FixedThreshold,66,[],0,0
1,2,FixedThreshold,67,[],0,0
1,2,FixedThreshold,68,"[""n00""]",0,0
1,2,FixedThreshold,69,"[""n03"", ""n16""]",0,0
1,2,FixedThreshold,70,"[""n02""]",0,0
1,2,FixedThreshold,71,[],0,0
1,2,FixedThreshold,88,[],0,0
1,2,FixedThreshold,89,"[""n04""]",0,0
1,2,FixedThreshold,90,"[""n00"", ""n07""]",0,0
1,2,FixedThreshold,91,[],0,0
1,2,FixedThreshold,92,"[""n02"", ""n04"", ""n12""]",0,0
1,2,FixedThreshold,93,[],0,0
1,2,FixedThreshold,94,"[""n04""]",0,0
1,2,FixedThreshold,95,[],0,0
1,2,FixedThreshold,96,"[""n04""]",0,0
1,2,FixedThreshold,97,[],0,0
1,2,FixedThreshold,98,[],0,0
1,2,FixedThreshold,99,"[""n08"", ""n12""]",0,0
1,2,FixedThreshold,100,"[""n12"", ""n17""]",1,1
1,2,FixedThreshold,101,"[""n04"", ""n07"", ""n12""]",0,0
1,2,FixedThreshold,102,[],0,1
1,2,FixedThreshold,103,[],0,0
1,2,FixedThreshold,144,"[""n14""]",0,0
1,2,FixedThreshold,145,[],0,0
1,2,FixedThreshold,146,[],0,0
1,2,FixedThreshold,147,"[""n04"", ""n05"", ""n09"", ""n16""]",1,1
1,2,FixedThreshold,148,[],0,0
1,2,FixedThreshold,149,[],0,1
1,2,FixedThreshold,150,"[""n01"", ""n02""]",0,0
1,2,FixedThreshold,151,"[""n11""]",0,0
1,2,FixedThreshold,152,[],0,0
1,2,FixedThreshold,153,[],0,0
1,2,FixedThreshold,154,[],0,0
1,2,FixedThreshold,155,[],0,0
1,2,FixedThreshold,156,[],0,0
1,2,FixedThreshold,157,"[""n08""]",0,0
1,2,FixedThreshold,158,[],0,0
1,2,FixedThreshold,159,[],0,0
1,2,FixedThreshold,160,[],0,0
1,2,FixedThreshold,161,[],0,0
1,2,FixedThreshold,162,[],0,0
1,2,FixedThreshold,163,[],0,0
1,2,FixedThreshold,164,[],0,0
1,2,FixedThreshold,165,[],0,0
1,2,FixedThreshold,166,[],0,0
1,2,FixedThreshold,167,"[""n03""]",1,1
1,2,FixedThreshold,176,"[""n00"", ""n11""]",0,0
1,2,FixedThreshold,177,[],0,0
1,2,FixedThreshold,178,[],0,0
1,2,FixedThreshold,179,[],0,0
1,2,FixedThreshold,180,[],0,0
1,2,FixedThreshold,181,[],0,0
1,2,FixedThreshold,182,"[""n10""]",1,1
1,2,FixedThreshold,183,[],0,1
1,2,FixedThreshold,232,[],0,0
1,2,FixedThreshold,233,[],0,0
1,2,FixedThreshold,234,"[""n02""]",0,0
1,2,FixedThreshold,235,[],0,0
1,2,FixedThreshold,236,"[""n07"", ""n09""]",0,0
1,2,FixedThreshold,237,"[""n10""]",0,0
1,2,FixedThreshold,238,"[""n05""]",0,0
1,2,FixedThreshold,239,[],0,0
1,2,FixedThreshold,248,[],0,0
1,2,FixedThreshold,249,"[""n06""]",0,0
1,2,FixedThreshold,250,[],0,1
1,2,FixedThreshold,251,[],0,0
1,2,FixedThreshold,252,[],0,0
1,2,FixedThreshold,253,[],0,1
1,2,FixedThreshold,254,[],0,1
1,2,FixedThreshold,255,[],0,0
1,2,FixedThreshold,256,[],0,0
1,2,FixedThreshold,257,[],0,0
1,2,FixedThreshold,258,[],0,1
1,2,FixedThreshold,259,[],0,0
1,2,FixedThreshold,260,[],0,0
1,2,FixedThreshold,261,[],0,0
1,2,FixedThreshold,262,"[""n06""]",0,1
1,2,FixedThreshold,263,"[""n10""]",0,0
1,2,FixedThreshold,360,[],0,0
1,2,FixedThreshold,361,"[""n03""]",0,0
1,2,FixedThreshold,362,[],0,0
1,2,FixedThreshold,363,"[""n09""]",0,0
1,2,FixedThreshold,364,[],0,0
1,2,FixedThreshold,365,"[""n04"", ""n05""]",0,0
1,2,FixedThreshold,366,[],0,0
1,2,FixedThreshold,367,[],0,0
1,2,FixedThreshold,400,[],0,0
1,2,FixedThreshold,401,[],0,0
1,2,FixedThreshold,402,"[""n08"", ""n09""]",0,0
1,2,FixedThreshold,403,"[""n07""]",0,0
1,2,FixedThreshold,404,"[""n07""]",0,0
1,2,FixedThreshold,405,[],0,0
1,2,FixedThreshold,406,[],0,0
1,2,FixedThreshold,407,[],0,0
1,2,FixedThreshold,424,"[""n10""]",0,0
1,2,FixedThreshold,425,[],0,0
1,2,FixedThreshold,426,[],0,0
1,2,FixedThreshold,427,[],0,0
1,2,FixedThreshold,428,[],0,1
1,2,FixedThreshold,429,[],0,0
1,2,FixedThreshold,430,[],0,0
1,2,FixedThreshold,431,"[""n00"", ""n01"", ""n03""]",0,0
1,2,FixedThreshold,448,[],0,0
1,2,FixedThreshold,449,"[""n13""]",1,1
1,2,FixedThreshold,450,[],0,0
1,2,FixedThreshold,451,[],0,0
1,2,FixedThreshold,452,[],0,0
1,2,FixedThreshold,453,[],0,0
1,2,FixedThreshold,454,"[""n04""]",0,0
1,2,FixedThreshold,455,"[""n09""]",0,0
1,2,FixedThreshold,464,[],0,0
1,2,FixedThreshold,465,"[""n00"", ""n01""]",0,0
1,2,FixedThreshold,466,[],0,0
1,2,FixedThreshold,467,"[""n04""]",0,0
1,2,FixedThreshold,468,[],0,0
1,2,FixedThreshold,469,[],0,0
1,2,FixedThreshold,470,[],0,0
1,2,FixedThreshold,471,[],0,0
1,2,FixedThreshold,480,[],0,0
1,2,FixedThreshold,481,"[""n06""]",0,0
1,2,FixedThreshold,482,[],0,0
1,2,FixedThreshold,483,[],0,0
1,2,FixedThreshold,484,[],0,0
1,2,FixedThreshold,485,[],0,0
1,2,FixedThreshold,486,"[""n06""]",0,0
1,2,FixedThreshold,487,[],0,0
1,2,FixedThreshold,504,[],0,0
1,2,FixedThreshold,505,[],0,0
1,2,FixedThreshold,506,[],0,0
1,2,FixedThreshold,507,[],0,0
1,2,FixedThreshold,508,[],0,0
1,2,FixedThreshold,509,"[""n08""]",0,0
1,2,FixedThreshold,510,[],0,0
1,2,FixedThreshold,511,[],0,0
1,2,FixedThreshold,608,[],0,0
1,2,FixedThreshold,609,[],0,0
1,2,FixedThreshold,610,[],0,0
1,2,FixedThreshold,611,[],0,0
1,2,FixedThreshold,612,"[""n00""]",0,0
1,2,FixedThreshold,613,[],0,0
1,2,FixedThreshold,614,[],0,0
1,2,FixedThreshold,615,[],0,0
1,2,FixedThreshold,688,"[""n06""]",0,0
1,2,FixedThreshold,689,"[""n04"", ""n06""]",0,0
1,2,FixedThreshold,690,[],0,0
1,2,FixedThreshold,691,"[""n01"", ""n04""]",0,0
1,2,FixedThreshold,692,[],0,0
1,2,FixedThreshold,693,[],0,0
1,2,FixedThreshold,694,[],0,0
1,2,FixedThreshold,695,"[""n00""]",0,0
1,2,FixedThreshold,736,[],0,0
1,2,FixedThreshold,737,"[""n01"", ""n12""]",0,0
1,2,FixedThreshold,738,[],0,0
1,2,FixedThreshold,739,"[""n03"", ""n11"", ""n13""]",0,0
1,2,FixedThreshold,740,"[""n04"", ""n05"", ""n17""]",1,1
1,2,FixedThreshold,741,"[""n11""]",0,0
1,2,FixedThreshold,742,[],0,1
1,2,FixedThreshold,743,"[""n10"", ""n17""]",1,1
1,2,FixedThreshold,784,[],0,0
1,2,FixedThreshold,785,[],0,0
1,2,FixedThreshold,786,[],0,0
1,2,FixedThreshold,787,[],0,0
1,2,FixedThreshold,788,[],0,0
1,2,FixedThreshold,789,[],0,1
1,2,FixedThreshold,790,[],0,0
1,2,FixedThreshold,791,[],0,0
1,2,FixedThreshold,792,[],0,0
1,2,FixedThreshold,793,[],0,0
1,2,FixedThreshold,794,[],0,0
1,2,FixedThreshold,795,[],0,0
1,2,FixedThreshold,796,[],0,0
1,2,FixedThreshold,797,"[""n04"", ""n06""]",0,0
1,2,FixedThreshold,798,"[""n06""]",0,0
1,2,FixedThreshold,799,[],0,0
1,2,FixedThreshold,848,"[""n11""]",0,0
1,2,FixedThreshold,849,[],0,0
1,2,FixedThreshold,850,"[""n12"", ""n17""]",1,1
1,2,FixedThreshold,851,"[""n07"", ""n16""]",0,0
1,2,FixedThreshold,852,[],0,0
1,2,FixedThreshold,853,"[""n02"", ""n10"", ""n16""]",0,0
1,2,FixedThreshold,854,"[""n03""]",0,0
1,2,FixedThreshold,855,[],0,0
1,2,SingleCenter,40,"[""n00"", ""n09""]",0,0
1,2,SingleCenter,41,"[""n02"", ""n11""]",1,1
1,2,SingleCenter,42,"[""n05"", ""n10""]",1,1
1,2,SingleCenter,43,"[""n02"", ""n04"", ""n07""]",0,0
1,2,SingleCenter,44,"[""n11""]",1,1
1,2,SingleCenter,45,[],0,0
1,2,SingleCenter,46,"[""n08"", ""n11""]",1,0
1,2,SingleCenter,47,"[""n01""]",1,1
1,2,SingleCenter,64,"[""n10""]",0,0
1,2,SingleCenter,65,[],0,0
1,2,SingleCenter,66,"[""n02"", ""n09""]",0,0
1,2,SingleCenter,67,"[""n03"", ""n10"", ""n14""]",0,0
1,2,SingleCenter,68,"[""n00"", ""n03"", ""n12""]",0,0
1,2,SingleCenter,69,"[""n03"", ""n11"", ""n15"", ""n16""]",0,0
1,2,SingleCenter,70,"[""n02"", ""n13""]",0,0
1,2,SingleCenter,71,"[""n00"", ""n04""]",0,0
1,2,SingleCenter,88,[],0,0
1,2,SingleCenter,89,"[""n04""]",0,0
1,2,SingleCenter,90,"[""n00"", ""n07"", ""n12""]",0,0
1,2,SingleCenter,91,"[""n08""]",0,0
1,2,SingleCenter,92,"[""n02"", ""n04"", ""n09"", ""n12"", ""n14""]",1,0
1,2,SingleCenter,93,"[""n10"", ""n14""]",0,0
1,2,SingleCenter,94,"[""n05""]",0,0
1,2,SingleCenter,95,[],0,0
1,2,SingleCenter,96,"[""n04"", ""n10""]",0,0
1,2,SingleCenter,97,[],0,0
1,2,SingleCenter,98,[],0,0
1,2,SingleCenter,99,"[""n08"", ""n12"", ""n16""]",0,0
1,2,SingleCenter,100,"[""n00"", ""n06"", ""n11"", ""n12"", ""n17""]",1,1
1,2,SingleCenter,101,"[""n03"", ""n04"", ""n06"", ""n07"", ""n09"", ""n12"", ""n15""]",0,0
1,2,SingleCenter,102,"[""n02"", ""n06"", ""n17""]",1,1
1,2,SingleCenter,103,"[""n06"", ""n07"", ""n09"", ""n11""]",0,0
1,2,SingleCenter,144,"[""n02"", ""n09"", ""n14""]",0,0
1,2,SingleCenter,145,"[""n03"", ""n04"", ""n07""]",0,0
1,2,SingleCenter,146,"[""n10"", ""n11""]",0,0
1,2,SingleCenter,147,"[""n04"", ""n05"", ""n09"", ""n13"", ""n16""]",1,1
1,2,SingleCenter,148,[],0,0
1,2,SingleCenter,149,"[""n02"", ""n09"", ""n16""]",1,1
1,2,SingleCenter,150,"[""n01"", ""n02"", ""n07"", ""n11""]",1,0
1,2,SingleCenter,151,"[""n06"", ""n10"", ""n11""]",0,0
1,2,SingleCenter,152,"[""n05"", ""n09""]",0,0
1,2,SingleCenter,153,"[""n04""]",0,0
1,2,SingleCenter,154,[],0,0
1,2,SingleCenter,155,"[""n00"", ""n06""]",0,0
1,2,SingleCenter,156,"[""n08""]",0,0
1,2,SingleCenter,157,"[""n08"", ""n10""]",1,0
1,2,SingleCenter,158,"[""n01""]",0,0
1,2,SingleCenter,159,"[""n05""]",0,0
1,2,SingleCenter,160,"[""n08""]",0,0
1,2,SingleCenter,161,"[""n05"", ""n07""]",0,0
1,2,SingleCenter,162,"[""n02"", ""n08""]",0,0
1,2,SingleCenter,163,"[""n08""]",0,0
1,2,SingleCenter,164,"[""n02"", ""n07""]",0,0
1,2,SingleCenter,165,"[""n10""]",0,0
1,2,SingleCenter,166,"[""n00"", ""n03"", ""n08"", ""n09"", ""n14""]",1,0
1,2,SingleCenter,167,"[""n03"", ""n11"", ""n12""]",1,1
1,2,SingleCenter,176,"[""n00"", ""n01"", ""n06"", ""n11""]",1,0
1,2,SingleCenter,177,[],0,0
1,2,SingleCenter,178,[],0,0
1,2,SingleCenter,179,"[""n01"", ""n03"", ""n08""]",1,0
1,2,SingleCenter,180,"[""n06""]",0,0
1,2,SingleCenter,181,[],0,0
1,2,SingleCenter,182,"[""n00"", ""n09"", ""n10"", ""n12""]",1,1
1,2,SingleCenter,183,"[""n02"", ""n09"", ""n10""]",1,1
1,2,SingleCenter,232,"[""n00""]",0,0
1,2,SingleCenter,233,[],0,0
1,2,SingleCenter,234,"[""n02"", ""n03""]",0,0
1,2,SingleCenter,235,"[""n05"", ""n06""]",0,0
1,2,SingleCenter,236,"[""n02"", ""n03"", ""n06"", ""n07"", ""n09""]",0,0
1,2,SingleCenter,237,"[""n00"", ""n10""]",0,0
1,2,SingleCenter,238,"[""n05""]",0,0
1,2,SingleCenter,239,"[""n01"", ""n04""]",0,0
1,2,SingleCenter,248,"[""n00"", ""n02"", ""n03"", ""n11""]",1,0
1,2,SingleCenter,249,"[""n00"", ""n06""]",0,0
1,2,SingleCenter,250,"[""n11""]",1,1
1,2,SingleCenter,251,[],0,0
1,2,SingleCenter,252,"[""n02""]",0,0
1,2,SingleCenter,253,"[""n01"", ""n10""]",1,1
1,2,SingleCenter,254,"[""n01"", ""n07""]",1,1
1,2,SingleCenter,255,"[""n00""]",0,0
1,2,SingleCenter,256,[],0,0
1,2,SingleCenter,257,"[""n03"", ""n07"", ""n11""]",0,0
1,2,SingleCenter,258,"[""n03"", ""n04"", ""n09"", ""n13"", ""n14"", ""n15""]",1,1
1,2,SingleCenter,259,"[""n06"", ""n11"", ""n13""]",0,0
1,2,SingleCenter,260,"[""n00"", ""n01""]",0,0
1,2,SingleCenter,261,"[""n00"", ""n01"", ""n07""]",0,0
1,2,SingleCenter,262,"[""n01"", ""n02"", ""n06"", ""n10"", ""n11"", ""n15""]",1,1
1,2,SingleCenter,263,"[""n01"", ""n10""]",0,0
1,2,SingleCenter,360,"[""n03""]",0,0
1,2,SingleCenter,361,"[""n03"", ""n09"", ""n10""]",0,0
1,2,SingleCenter,362,[],0,0
1,2,SingleCenter,363,"[""n09""]",0,0
1,2,SingleCenter,364,"[""n00"", ""n02""]",0,0
1,2,SingleCenter,365,"[""n04"", ""n05""]",0,0
1,2,SingleCenter,366,"[""n05"", ""n09""]",0,0
1,2,SingleCenter,367,"[""n07""]",0,0
1,2,SingleCenter,400,"[""n01"", ""n08""]",0,0
1,2,SingleCenter,401,"[""n05""]",0,0
1,2,SingleCenter,402,"[""n06"", ""n08"", ""n09""]",0,0
1,2,SingleCenter,403,"[""n07""]",0,0
1,2,SingleCenter,404,"[""n01"", ""n05"", ""n07""]",0,0
1,2,SingleCenter,405,"[""n03""]",0,0
1,2,SingleCenter,406,"[""n05""]",0,0
1,2,SingleCenter,407,[],0,0
1,2,SingleCenter,424,"[""n04"", ""n10"", ""n11""]",1,0
1,2,SingleCenter,425,"[""n10"", ""n12""]",0,0
1,2,SingleCenter,426,"[""n08""]",0,0
1,2,SingleCenter,427,"[""n00"", ""n14""]",1,0
1,2,SingleCenter,428,"[""n00"", ""n02"", ""n03"", ""n04"", ""n12"", ""n14""]",1,1
1,2,SingleCenter,429,"[""n00""]",0,0
1,2,SingleCenter,430,"[""n02"", ""n08"", ""n12""]",0,0
1,2,SingleCenter,431,"[""n00"", ""n01"", ""n03""]",0,0
1,2,SingleCenter,448,"[""n03""]",0,0
1,2,SingleCenter,449,"[""n04"", ""n13""]",1,1
1,2,SingleCenter,450,"[""n01"", ""n07"", ""n10"", ""n11""]",0,0
1,2,SingleCenter,451,"[""n01"", ""n04"", ""n10""]",0,0
1,2,SingleCenter,452,[],0,0
1,2,SingleCenter,453,"[""n02"", ""n09""]",0,0
1,2,SingleCenter,454,"[""n04""]",0,0
1,2,SingleCenter,455,"[""n01"", ""n04"", ""n09""]",0,0
1,2,SingleCenter,464,"[""n02""]",0,0
1,2,SingleCenter,465,"[""n00"", ""n01"", ""n03"", ""n07""]",0,0
1,2,SingleCenter,466,"[""n03""]",0,0
1,2,SingleCenter,467,"[""n03"", ""n04"", ""n10""]",1,0
1,2,SingleCenter,468,"[""n00""]",0,0
1,2,SingleCenter,469,"[""n05"", ""n08""]",0,0
1,2,SingleCenter,470,[],0,0
1,2,SingleCenter,471,[],0,0
1,2,SingleCenter,480,"[""n05"", ""n08""]",0,0
1,2,SingleCenter,481,"[""n04"", ""n06"", ""n07"", ""n08""]",0,0
1,2,SingleCenter,482,"[""n06"", ""n11"", ""n12""]",0,0
1,2,SingleCenter,483,[],0,0
1,2,SingleCenter,484,"[""n00"", ""n01"", ""n05"", ""n12""]",0,0
1,2,SingleCenter,485,"[""n02""]",0,0
1,2,SingleCenter,486,"[""n06"", ""n10""]",0,0
1,2,SingleCenter,487,[],0,0
1,2,SingleCenter,504,"[""n02"", ""n08"", ""n12""]",1,0
1,2,SingleCenter,505,"[""n00""]",0,0
1,2,SingleCenter,506,[],0,0
1,2,SingleCenter,507,"[""n00"", ""n05""]",0,0
1,2,SingleCenter,508,"[""n07"", ""n10""]",0,0
1,2,SingleCenter,509,"[""n06"", ""n08""]",1,0
1,2,SingleCenter,510,[],0,0
1,2,SingleCenter,511,[],0,0
1,2,SingleCenter,608,"[""n07"", ""n13""]",0,0
1,2,SingleCenter,609,"[""n05"", ""n11"", ""n14""]",0,0
1,2,SingleCenter,610,"[""n04"", ""n11"", ""n13""]",0,0
1,2,SingleCenter,611,[],0,0
1,2,SingleCenter,612,"[""n00"", ""n01"", ""n07"", ""n17""]",1,0
1,2,SingleCenter,613,"[""n02"", ""n16""]",0,0
1,2,SingleCenter,614,"[""n03""]",0,0
1,2,SingleCenter,615,"[""n07"", ""n10"", ""n16""]",0,0
1,2,SingleCenter,688,"[""n06""]",0,0
1,2,SingleCenter,689,"[""n04"", ""n06"", ""n08"", ""n09""]",0,0
1,2,SingleCenter,690,[],0,0
1,2,SingleCenter,691,"[""n01"", ""n02"", ""n04""]",0,0
1,2,SingleCenter,692,[],0,0
1,2,SingleCenter,693,"[""n03""]",0,0
1,2,SingleCenter,694,"[""n00"", ""n06""]",0,0
1,2,SingleCenter,695,"[""n00"", ""n04""]",0,0
1,2,SingleCenter,736,"[""n11""]",0,0
1,2,SingleCenter,737,"[""n00"", ""n01"", ""n02"", ""n12"", ""n14""]",1,0
1,2,SingleCenter,738,"[""n11""]",0,0
1,2,SingleCenter,739,"[""n01"", ""n03"", ""n11"", ""n12"", ""n13"", ""n14""]",0,0
1,2,SingleCenter,740,"[""n00"", ""n05"", ""n08"", ""n10"", ""n12"", ""n17""]",1,1
1,2,SingleCenter,741,"[""n10"", ""n11"", ""n13"", ""n14"", ""n17""]",1,0
1,2,SingleCenter,742,"[""n02""]",1,1
1,2,SingleCenter,743,"[""n02"", ""n04"", ""n09"", ""n10"", ""n16"", ""n17""]",1,1
1,2,SingleCenter,784,"[""n07"", ""n15""]",0,0
1,2,SingleCenter,785,"[""n07"", ""n09""]",0,0
1,2,SingleCenter,786,"[""n02"", ""n03"", ""n10""]",0,0
1,2,SingleCenter,787,"[""n02"", ""n03"", ""n08"", ""n12"", ""n15""]",0,0
1,2,SingleCenter,788,"[""n09"", ""n11"", ""n15""]",1,0
1,2,SingleCenter,789,"[""n02"", ""n11""]",1,1
1,2,SingleCenter,790,"[""n02"", ""n09"", ""n10"", ""n15""]",0,0
1,2,SingleCenter,791,"[""n06"", ""n10""]",0,0
1,2,SingleCenter,792,"[""n00""]",0,0
1,2,SingleCenter,793,"[""n00""]",0,0
1,2,SingleCenter,794,[],0,0
1,2,SingleCenter,795,[],0,0
1,2,SingleCenter,796,"[""n00""]",0,0
1,2,SingleCenter,797,"[""n04"", ""n06"", ""n07""]",0,0
1,2,SingleCenter,798,"[""n01"", ""n05"", ""n06""]",0,0
1,2,SingleCenter,799,"[""n04"", ""n07""]",0,0
1,2,SingleCenter,848,"[""n00"", ""n10"", ""n11""]",0,0
1,2,SingleCenter,849,"[""n16""]",0,0
1,2,SingleCenter,850,"[""n05"", ""n12"", ""n17""]",1,1
1,2,SingleCenter,851,"[""n00"", ""n07"", ""n09"", ""n14"", ""n16""]",0,0
1,2,SingleCenter,852,"[""n10"", ""n12""]",0,0
1,2,SingleCenter,853,"[""n02"", ""n10"", ""n13"", ""n14"", ""n16""]",0,0
1,2,SingleCenter,854,"[""n03"", ""n14""]",0,0
1,2,SingleCenter,855,"[""n02"", ""n04"", ""n12""]",0,0
1,2,KMeans,40,"[""n00"", ""n09""]",0,0
1,2,KMeans,41,"[""n02"", ""n11""]",1,1
1,2,KMeans,42,"[""n05"", ""n10""]",1,1
1,2,KMeans,43,"[""n02"", ""n07"", ""n11""]",1,0
1,2,KMeans,44,"[""n11""]",1,1
1,2,KMeans,45,[],0,0
1,2,KMeans,46,"[""n01"", ""n06""]",1,0
1,2,KMeans,47,"[""n00"", ""n01"", ""n05"", ""n11""]",1,1
1,2,KMeans,64,"[""n10""]",0,0
1,2,KMeans,65,"[""n06""]",0,0
1,2,KMeans,66,"[""n02"", ""n04"", ""n09""]",0,0
1,2,KMeans,67,"[""n03"", ""n10"", ""n14""]",0,0
1,2,KMeans,68,"[""n00"", ""n12""]",0,0
1,2,KMeans,69,"[""n03"", ""n11"", ""n16""]",0,0
1,2,KMeans,70,"[""n02""]",0,0
1,2,KMeans,71,"[""n00""]",0,0
1,2,KMeans,88,"[""n16""]",1,0
1,2,KMeans,89,"[""n04""]",0,0
1,2,KMeans,90,"[""n00"", ""n07"", ""n12""]",0,0
1,2,KMeans,91,"[""n08""]",0,0
1,2,KMeans,92,"[""n02"", ""n04"", ""n06"", ""n12""]",0,0
1,2,KMeans,93,"[""n10"", ""n14""]",0,0
1,2,KMeans,94,"[""n05""]",0,0
1,2,KMeans,95,[],0,0
1,2,KMeans,96,"[""n04""]",0,0
1,2,KMeans,97,[],0,0
1,2,KMeans,98,"[""n15""]",0,0
1,2,KMeans,99,"[""n08"", ""n12""]",0,0
1,2,KMeans,100,"[""n05"", ""n06"", ""n17""]",1,1
1,2,KMeans,101,"[""n03"", ""n04"", ""n06"", ""n07"", ""n09"", ""n12""]",0,0
1,2,KMeans,102,"[""n02"", ""n06"", ""n13"", ""n17""]",1,1
1,2,KMeans,103,"[""n06"", ""n07"", ""n09"", ""n11""]",0,0
1,2,KMeans,144,"[""n02"", ""n09"", ""n14""]",0,0
1,2,KMeans,145,"[""n02""]",0,0
1,2,KMeans,146,"[""n10"", ""n11""]",0,0
1,2,KMeans,147,"[""n04"", ""n05"", ""n09"", ""n13"", ""n16""]",1,1
1,2,KMeans,148,[],0,0
1,2,KMeans,149,"[""n02"", ""n09"", ""n16""]",1,1
1,2,KMeans,150,"[""n02"", ""n07""]",0,0
1,2,KMeans,151,"[""n11""]",0,0
1,2,KMeans,152,"[""n05"", ""n09""]",0,0
1,2,KMeans,153,"[""n04"", ""n06""]",0,0
1,2,KMeans,154,"[""n00"", ""n09""]",0,0
1,2,KMeans,155,"[""n00"", ""n01"", ""n06""]",0,0
1,2,KMeans,156,"[""n08""]",0,0
1,2,KMeans,157,"[""n08"", ""n09""]",0,0
1,2,KMeans,158,"[""n01"", ""n07""]",0,0
1,2,KMeans,159,"[""n00"", ""n03"", ""n05"", ""n08""]",0,0
1,2,KMeans,160,"[""n08""]",0,0
1,2,KMeans,161,"[""n05"", ""n07""]",0,0
1,2,KMeans,162,"[""n05"", ""n15""]",1,0
1,2,KMeans,163,"[""n08"", ""n09""]",0,0
1,2,KMeans,164,"[""n02"", ""n07"", ""n14""]",0,0
1,2,KMeans,165,"[""n07"", ""n10""]",0,0
1,2,KMeans,166,"[""n12""]",0,0
1,2,KMeans,167,"[""n03"", ""n06"", ""n11""]",1,1
1,2,KMeans,176,"[""n00"", ""n11""]",0,0
1,2,KMeans,177,[],0,0
1,2,KMeans,178,[],0,0
1,2,KMeans,179,"[""n01"", ""n03""]",1,0
1,2,KMeans,180,"[""n06""]",0,0
1,2,KMeans,181,[],0,0
1,2,KMeans,182,"[""n09"", ""n10""]",1,1
1,2,KMeans,183,"[""n10""]",1,1
1,2,KMeans,232,"[""n00"", ""n06""]",0,0
1,2,KMeans,233,"[""n04"", ""n05""]",0,0
1,2,KMeans,234,"[""n02""]",0,0
1,2,KMeans,235,"[""n05"", ""n06""]",0,0
1,2,KMeans,236,"[""n07"", ""n09""]",0,0
1,2,KMeans,237,"[""n10""]",0,0
1,2,KMeans,238,"[""n05""]",0,0
1,2,KMeans,239,"[""n04"", ""n09""]",0,0
1,2,KMeans,248,"[""n00"", ""n02"", ""n03"", ""n11""]",1,0
1,2,KMeans,249,"[""n06""]",0,0
1,2,KMeans,250,"[""n03"", ""n11""]",1,1
1,2,KMeans,251,[],0,0
1,2,KMeans,252,"[""n02"", ""n04""]",0,0
1,2,KMeans,253,"[""n01"", ""n10""]",1,1
1,2,KMeans,254,"[""n01"", ""n07""]",1,1
1,2,KMeans,255,[],0,0
1,2,KMeans,256,[],0,0
1,2,KMeans,257,"[""n03"", ""n07"", ""n11""]",0,0
1,2,KMeans,258,"[""n03"", ""n04"", ""n09"", ""n13"", ""n14"", ""n15""]",1,1
1,2,KMeans,259,"[""n06"", ""n08""]",0,0
1,2,KMeans,260,"[""n01""]",0,0
1,2,KMeans,261,"[""n00"", ""n01"", ""n07""]",0,0
1,2,KMeans,262,"[""n06"", ""n15""]",1,1
1,2,KMeans,263,"[""n10"", ""n15""]",1,0
1,2,KMeans,360,"[""n03""]",0,0
1,2,KMeans,361,"[""n09""]",0,0
1,2,KMeans,362,"[""n02""]",0,0
1,2,KMeans,363,"[""n09""]",0,0
1,2,KMeans,364,"[""n00"", ""n02""]",0,0
1,2,KMeans,365,"[""n04"", ""n05""]",0,0
1,2,KMeans,366,"[""n08""]",0,0
1,2,KMeans,367,"[""n07""]",0,0
1,2,KMeans,400,[],0,0
1,2,KMeans,401,"[""n05""]",0,0
1,2,KMeans,402,"[""n08"", ""n09""]",0,0
1,2,KMeans,403,"[""n04"", ""n07""]",0,0
1,2,KMeans,404,"[""n01"", ""n02"", ""n07""]",0,0
1,2,KMeans,405,"[""n03"", ""n05""]",0,0
1,2,KMeans,406,"[""n00"", ""n05""]",0,0
1,2,KMeans,407,"[""n00"", ""n09""]",0,0
1,2,KMeans,424,"[""n10""]",0,0
1,2,KMeans,425,"[""n10"", ""n12""]",0,0
1,2,KMeans,426,"[""n08"", ""n11""]",1,0
1,2,KMeans,427,"[""n00"", ""n14""]",1,0
1,2,KMeans,428,"[""n00"", ""n02"", ""n03"", ""n04"", ""n12"", ""n14""]",1,1
1,2,KMeans,429,"[""n00""]",0,0
1,2,KMeans,430,"[""n02"", ""n08"", ""n12""]",0,0
1,2,KMeans,431,"[""n00"", ""n01"", ""n03"", ""n06""]",0,0
1,2,KMeans,448,"[""n03""]",0,0
1,2,KMeans,449,"[""n13""]",1,1
1,2,KMeans,450,"[""n01"", ""n06"", ""n07"", ""n10"", ""n11""]",0,0
1,2,KMeans,451,"[""n01"", ""n04"", ""n10""]",0,0
1,2,KMeans,452,[],0,0
1,2,KMeans,453,"[""n02"", ""n09""]",0,0
1,2,KMeans,454,"[""n04""]",0,0
1,2,KMeans,455,"[""n09""]",0,0
1,2,KMeans,464,"[""n02""]",0,0
1,2,KMeans,465,"[""n00"", ""n01""]",0,0
1,2,KMeans,466,"[""n03""]",0,0
1,2,KMeans,467,"[""n03"", ""n04""]",0,0
1,2,KMeans,468,"[""n00""]",0,0
1,2,KMeans,469,"[""n05"", ""n08"", ""n10""]",1,0
1,2,KMeans,470,[],0,0
1,2,KMeans,471,"[""n06""]",0,0
1,2,KMeans,480,"[""n05"", ""n08""]",0,0
1,2,KMeans,481,"[""n06"", ""n08""]",0,0
1,2,KMeans,482,"[""n06"", ""n11"", ""n12""]",0,0
1,2,KMeans,483,[],0,0
1,2,KMeans,484,"[""n00"", ""n02"", ""n05"", ""n12""]",0,0
1,2,KMeans,485,"[""n02""]",0,0
1,2,KMeans,486,"[""n06""]",0,0
1,2,KMeans,487,[],0,0
1,2,KMeans,504,[],0,0
1,2,KMeans,505,"[""n00""]",0,0
1,2,KMeans,506,[],0,0
1,2,KMeans,507,"[""n00"", ""n05"", ""n07""]",0,0
1,2,KMeans,508,"[""n10""]",0,0
1,2,KMeans,509,"[""n05"", ""n06"", ""n08""]",1,0
1,2,KMeans,510,"[""n03""]",0,0
1,2,KMeans,511,[],0,0
1,2,KMeans,608,[],0,0
1,2,KMeans,609,"[""n04"", ""n05"", ""n11"", ""n14""]",0,0
1,2,KMeans,610,"[""n03"", ""n04"", ""n11"", ""n13""]",0,0
1,2,KMeans,611,"[""n10""]",0,0
1,2,KMeans,612,"[""n00"", ""n08"", ""n15""]",0,0
1,2,KMeans,613,"[""n11""]",0,0
1,2,KMeans,614,"[""n03""]",0,0
1,2,KMeans,615,"[""n07"", ""n10"", ""n16""]",0,0
1,2,KMeans,688,"[""n06""]",0,0
1,2,KMeans,689,"[""n04"", ""n05"", ""n06"", ""n08""]",0,0
1,2,KMeans,690,[],0,0
1,2,KMeans,691,"[""n01"", ""n04""]",0,0
1,2,KMeans,692,"[""n06""]",0,0
1,2,KMeans,693,"[""n03""]",0,0
1,2,KMeans,694,"[""n00"", ""n06""]",0,0
1,2,KMeans,695,"[""n00"", ""n04""]",0,0
1,2,KMeans,736,"[""n07"", ""n11""]",0,0
1,2,KMeans,737,"[""n01"", ""n12""]",0,0
1,2,KMeans,738,"[""n07"", ""n11""]",0,0
1,2,KMeans,739,"[""n01"", ""n03"", ""n11"", ""n13"", ""n14""]",0,0
1,2,KMeans,740,"[""n05"", ""n06"", ""n08"", ""n12"", ""n17""]",1,1
1,2,KMeans,741,"[""n10"", ""n11"", ""n13"", ""n14""]",0,0
1,2,KMeans,742,"[""n02"", ""n04""]",1,1
1,2,KMeans,743,"[""n10"", ""n17""]",1,1
1,2,KMeans,784,"[""n03"", ""n07"", ""n08"", ""n15""]",0,0
1,2,KMeans,785,"[""n01"", ""n02"", ""n07"", ""n09""]",0,0
1,2,KMeans,786,"[""n02"", ""n03"", ""n08"", ""n10""]",0,0
1,2,KMeans,787,"[""n08"", ""n12""]",0,0
1,2,KMeans,788,"[""n09"", ""n11"", ""n15""]",1,0
1,2,KMeans,789,"[""n02"", ""n11""]",1,1
1,2,KMeans,790,[],0,0
1,2,KMeans,791,"[""n06"", ""n07"", ""n10""]",0,0
1,2,KMeans,792,"[""n00"", ""n08""]",0,0
1,2,KMeans,793,[],0,0
1,2,KMeans,794,[],0,0
1,2,KMeans,795,"[""n00""]",0,0
1,2,KMeans,796,"[""n00""]",0,0
1,2,KMeans,797,"[""n04"", ""n06"", ""n08""]",0,0
1,2,KMeans,798,"[""n06""]",0,0
1,2,KMeans,799,[],0,0
1,2,KMeans,848,"[""n10"", ""n11""]",0,0
1,2,KMeans,849,"[""n03"", ""n16""]",0,0
1,2,KMeans,850,"[""n05"", ""n12"", ""n17""]",1,1
1,2,KMeans,851,"[""n00"", ""n07"", ""n10"", ""n16""]",0,0
1,2,KMeans,852,"[""n07"", ""n10"", ""n11"", ""n12""]",0,0
1,2,KMeans,853,"[""n02"", ""n10"", ""n14"", ""n15"", ""n16""]",1,0
1,2,KMeans,854,"[""n03""]",0,0
1,2,KMeans,855,"[""n02"", ""n04"", ""n11"", ""n12"", ""n16""]",0,0
1,3,FixedThreshold,24,"[""n04""]",0,0
1,3,FixedThreshold,25,"[""n00""]",0,0
1,3,FixedThreshold,26,[],0,0
1,3,FixedThreshold,27,[],0,0
1,3,FixedThreshold,28,[],0,0
1,3,FixedThreshold,29,[],0,0
1,3,FixedThreshold,30,[],0,1
1,3,FixedThreshold,31,[],0,0
1,3,FixedThreshold,120,[],0,0
1,3,FixedThreshold,121,"[""n01"", ""n07""]",0,0
1,3,FixedThreshold,122,[],0,0
1,3,FixedThreshold,123,[],0,0
1,3,FixedThreshold,124,[],0,0
1,3,FixedThreshold,125,[],0,0
1,3,FixedThreshold,126,[],0,0
1,3,FixedThreshold,127,[],0,0
1,3,FixedThreshold,192,[],0,0
1,3,FixedThreshold,193,[],0,0
1,3,FixedThreshold,194,"[""n09""]",1,1
1,3,FixedThreshold,195,"[""n04""]",0,0
1,3,FixedThreshold,196,[],0,0
1,3,FixedThreshold,197,"[""n02""]",0,0
1,3,FixedThreshold,198,[],0,1
1,3,FixedThreshold,199,[],0,0
1,3,FixedThreshold,200,[],0,0
1,3,FixedThreshold,201,[],0,0
1,3,FixedThreshold,202,[],0,0
1,3,FixedThreshold,203,[],0,0
1,3,FixedThreshold,204,[],0,0
1,3,FixedThreshold,205,"[""n11""]",0,0
1,3,FixedThreshold,206,[],0,0
1,3,FixedThreshold,207,[],0,0
1,3,FixedThreshold,240,[],0,0
1,3,FixedThreshold,241,[],0,0
1,3,FixedThreshold,242,[],0,0
1,3,FixedThreshold,243,[],0,0
1,3,FixedThreshold,244,[],0,0
1,3,FixedThreshold,245,"[""n09""]",0,0
1,3,FixedThreshold,246,[],0,0
1,3,FixedThreshold,247,[],0,0
1,3,FixedThreshold,296,[],0,0
1,3,FixedThreshold,297,[],0,0
1,3,FixedThreshold,298,[],0,0
1,3,FixedThreshold,299,[],0,0
1,3,FixedThreshold,300,"[""n08"", ""n11""]",0,0
1,3,FixedThreshold,301,[],0,0
1,3,FixedThreshold,302,"[""n08""]",0,0
1,3,FixedThreshold,303,[],0,0
1,3,FixedThreshold,344,[],0,0
1,3,FixedThreshold,345,"[""n03""]",0,0
1,3,FixedThreshold,346,[],0,0
1,3,FixedThreshold,347,"[""n02"", ""n03"", ""n06""]",0,1
1,3,FixedThreshold,348,[],0,0
1,3,FixedThreshold,349,"[""n01""]",0,0
1,3,FixedThreshold,350,[],0,0
1,3,FixedThreshold,351,[],0,0
1,3,FixedThreshold,352,[],0,1
1,3,FixedThreshold,353,[],0,0
1,3,FixedThreshold,354,[],0,0
1,3,FixedThreshold,355,"[""n16""]",1,1
1,3,FixedThreshold,356,[],0,0
1,3,FixedThreshold,357,"[""n00"", ""n16""]",1,1
1,3,FixedThreshold,358,[],0,0
1,3,FixedThreshold,359,[],0,0
1,3,FixedThreshold,376,[],0,0
1,3,FixedThreshold,377,"[""n10"", ""n14"", ""n17""]",1,1
1,3,FixedThreshold,378,[],0,0
1,3,FixedThreshold,379,[],0,0
1,3,FixedThreshold,380,[],0,0
1,3,FixedThreshold,381,[],0,0
1,3,FixedThreshold,382,[],0,0
1,3,FixedThreshold,383,[],0,0
1,3,FixedThreshold,384,[],0,0
1,3,FixedThreshold,385,[],0,1
1,3,FixedThreshold,386,[],0,0
1,3,FixedThreshold,387,[],0,0
1,3,FixedThreshold,388,[],0,0
1,3,FixedThreshold,389,[],0,0
1,3,FixedThreshold,390,[],0,0
1,3,FixedThreshold,391,[],0,0
1,3,FixedThreshold,488,"[""n07""]",0,0
1,3,FixedThreshold,489,[],0,0
1,3,FixedThreshold,490,[],0,0
1,3,FixedThreshold,491,[],0,0
1,3,FixedThreshold,492,"[""n04""]",0,0
1,3,FixedThreshold,493,[],0,1
1,3,FixedThreshold,494,[],0,1
1,3,FixedThreshold,495,"[""n07"", ""n09""]",0,0
1,3,FixedThreshold,520,[],0,0
1,3,FixedThreshold,521,[],0,0
1,3,FixedThreshold,522,[],0,1
1,3,FixedThreshold,523,[],0,1
1,3,FixedThreshold,524,[],0,0
1,3,FixedThreshold,525,[],0,0
1,3,FixedThreshold,526,[],0,0
1,3,FixedThreshold,527,[],0,0
1,3,FixedThreshold,568,"[""n02""]",0,0
1,3,FixedThreshold,569,[],0,0
1,3,FixedThreshold,570,[],0,0
1,3,FixedThreshold,571,[],0,0
1,3,FixedThreshold,572,[],0,0
1,3,FixedThreshold,573,[],0,0
1,3,FixedThreshold,574,[],0,0
1,3,FixedThreshold,575,"[""n09""]",0,0
1,3,FixedThreshold,576,"[""n02""]",0,0
1,3,FixedThreshold,577,[],0,0
1,3,FixedThreshold,578,"[""n03"", ""n12""]",1,1
1,3,FixedThreshold,579,"[""n11""]",0,1
1,3,FixedThreshold,580,[],0,0
1,3,FixedThreshold,581,"[""n11""]",0,0
1,3,FixedThreshold,582,[],0,0
1,3,FixedThreshold,583,[],0,0
1,3,FixedThreshold,616,[],0,0
1,3,FixedThreshold,617,[],0,0
1,3,FixedThreshold,618,[],0,0
1,3,FixedThreshold,619,[],0,0
1,3,FixedThreshold,620,[],0,1
1,3,FixedThreshold,621,[],0,0
1,3,FixedThreshold,622,[],0,0
1,3,FixedThreshold,623,[],0,0
1,3,FixedThreshold,648,[],0,0
1,3,FixedThreshold,649,[],0,0
1,3,FixedThreshold,650,"[""n01"", ""n02""]",1,1
1,3,FixedThreshold,651,[],0,0
1,3,FixedThreshold,652,"[""n08"", ""n09"", ""n16""]",1,1
1,3,FixedThreshold,653,[],0,0
1,3,FixedThreshold,654,[],0,0
1,3,FixedThreshold,655,[],0,0
1,3,FixedThreshold,656,[],0,0
1,3,FixedThreshold,657,[],0,0
1,3,FixedThreshold,658,[],0,0
1,3,FixedThreshold,659,"[""n05""]",0,0
1,3,FixedThreshold,660,[],0,0
1,3,FixedThreshold,661,[],0,0
1,3,FixedThreshold,662,"[""n02""]",0,0
1,3,FixedThreshold,663,[],0,1
1,3,FixedThreshold,664,[],0,1
1,3,FixedThreshold,665,[],0,0
1,3,FixedThreshold,666,"[""n09""]",0,0
1,3,FixedThreshold,667,[],0,0
1,3,FixedThreshold,668,[],0,0
1,3,FixedThreshold,669,[],0,0
1,3,FixedThreshold,670,"[""n01""]",0,0
1,3,FixedThreshold,671,[],0,1
1,3,FixedThreshold,704,"[""n01"", ""n02"", ""n07""]",0,0
1,3,FixedThreshold,705,[],0,0
1,3,FixedThreshold,706,"[""n05""]",0,0
1,3,FixedThreshold,707,"[""n14""]",0,0
1,3,FixedThreshold,708,[],0,0
1,3,FixedThreshold,709,[],0,0
1,3,FixedThreshold,710,"[""n15""]",1,1
1,3,FixedThreshold,711,[],0,0
1,3,FixedThreshold,752,[],0,0
1,3,FixedThreshold,753,"[""n05""]",0,0
1,3,FixedThreshold,754,[],0,0
1,3,FixedThreshold,755,"[""n05""]",0,0
1,3,FixedThreshold,756,[],0,0
1,3,FixedThreshold,757,[],0,0
1,3,FixedThreshold,758,"[""n06""]",0,0
1,3,FixedThreshold,759,[],0,0
1,3,FixedThreshold,816,"[""n03""]",0,0
1,3,FixedThreshold,817,[],0,0
1,3,FixedThreshold,818,[],0,1
1,3,FixedThreshold,819,[],0,0
1,3,FixedThreshold,820,[],0,0
1,3,FixedThreshold,821,[],0,0
1,3,FixedThreshold,822,[],0,0
1,3,FixedThreshold,823,[],0,0
1,3,FixedThreshold,856,"[""n11""]",0,0
1,3,FixedThreshold,857,[],0,0
1,3,FixedThreshold,858,[],0,0
1,3,FixedThreshold,859,[],0,0
1,3,FixedThreshold,860,[],0,1
1,3,FixedThreshold,861,"[""n11"", ""n13""]",0,0
1,3,FixedThreshold,862,[],0,0
1,3,FixedThreshold,863,[],0,1
1,3,FixedThreshold,864,[],0,1
1,3,FixedThreshold,865,[],0,0
1,3,FixedThreshold,866,"[""n01""]",0,0
1,3,FixedThreshold,867,"[""n01"", ""n04""]",0,0
1,3,FixedThreshold,868,[],0,0
1,3,FixedThreshold,869,[],0,0
1,3,FixedThreshold,870,[],0,0
1,3,FixedThreshold,871,[],0,0
1,3,FixedThreshold,928,[],0,0
1,3,FixedThreshold,929,[],0,0
1,3,FixedThreshold,930,[],0,0
1,3,FixedThreshold,931,"[""n13"", ""n14""]",0,0
1,3,FixedThreshold,932,"[""n07"", ""n14""]",0,0
1,3,FixedThreshold,933,[],0,0
1,3,FixedThreshold,934,[],0,0
1,3,FixedThreshold,935,[],0,0
1,3,SingleCenter,24,"[""n04"", ""n09""]",0,0
1,3,SingleCenter,25,"[""n00""]",0,0
1,3,SingleCenter,26,[],0,0
1,3,SingleCenter,27,"[""n07""]",0,0
1,3,SingleCenter,28,"[""n05""]",0,0
1,3,SingleCenter,29,"[""n02"", ""n04"", ""n06""]",0,0
1,3,SingleCenter,30,"[""n00"", ""n03"", ""n06"", ""n12""]",1,1
1,3,SingleCenter,31,"[""n00"", ""n06""]",0,0
1,3,SingleCenter,120,"[""n15""]",0,0
1,3,SingleCenter,121,"[""n01"", ""n03"", ""n07"", ""n09"", ""n13"", ""n16""]",1,0
1,3,SingleCenter,122,"[""n13""]",0,0
1,3,SingleCenter,123,"[""n02""]",0,0
1,3,SingleCenter,124,"[""n09""]",0,0
1,3,SingleCenter,125,"[""n08"", ""n10""]",0,0
1,3,SingleCenter,126,"[""n03""]",0,0
1,3,SingleCenter,127,"[""n12""]",0,0
1,3,SingleCenter,192,"[""n00"", ""n02""]",0,0
1,3,SingleCenter,193,"[""n03""]",0,0
1,3,SingleCenter,194,"[""n00"", ""n07"", ""n09""]",1,1
1,3,SingleCenter,195,"[""n04"", ""n07""]",0,0
1,3,SingleCenter,196,"[""n02"", ""n07""]",0,0
1,3,SingleCenter,197,"[""n02"", ""n05""]",0,0
1,3,SingleCenter,198,"[""n01"", ""n09""]",1,1
1,3,SingleCenter,199,[],0,0
1,3,SingleCenter,200,"[""n03""]",0,0
1,3,SingleCenter,201,[],0,0
1,3,SingleCenter,202,"[""n00"", ""n04""]",0,0
1,3,SingleCenter,203,"[""n13""]",0,0
1,3,SingleCenter,204,"[""n03""]",0,0
1,3,SingleCenter,205,"[""n08"", ""n11"", ""n14"", ""n15""]",0,0
1,3,SingleCenter,206,[],0,0
1,3,SingleCenter,207,"[""n05""]",0,0
1,3,SingleCenter,240,"[""n02"", ""n03""]",0,0
1,3,SingleCenter,241,"[""n02"", ""n06""]",0,0
1,3,SingleCenter,242,"[""n01""]",0,0
1,3,SingleCenter,243,"[""n05"", ""n06"", ""n07""]",0,0
1,3,SingleCenter,244,"[""n03"", ""n05"", ""n07""]",0,0
1,3,SingleCenter,245,"[""n09""]",0,0
1,3,SingleCenter,246,"[""n01""]",0,0
1,3,SingleCenter,247,[],0,0
1,3,SingleCenter,296,"[""n00"", ""n06"", ""n07"", ""n09"", ""n10"", ""n13"", ""n15""]",0,0
1,3,SingleCenter,297,"[""n01"", ""n02"", ""n03"", ""n15""]",0,0
1,3,SingleCenter,298,"[""n10""]",0,0
1,3,SingleCenter,299,"[""n03""]",0,0
1,3,SingleCenter,300,"[""n08"", ""n09"", ""n11"", ""n16""]",1,0
1,3,SingleCenter,301,"[""n01"", ""n09"", ""n14""]",0,0
1,3,SingleCenter,302,"[""n08"", ""n11"", ""n12""]",0,0
1,3,SingleCenter,303,"[""n03""]",0,0
1,3,SingleCenter,344,"[""n03"", ""n09""]",0,0
1,3,SingleCenter,345,"[""n01"", ""n03"", ""n06"", ""n08"", ""n09""]",0,0
1,3,SingleCenter,346,[],0,0
1,3,SingleCenter,347,"[""n01"", ""n02"", ""n03"", ""n06""]",1,1
1,3,SingleCenter,348,[],0,0
1,3,SingleCenter,349,"[""n01""]",0,0
1,3,SingleCenter,350,[],0,0
1,3,SingleCenter,351,[],0,0
1,3,SingleCenter,352,"[""n01"", ""n02"", ""n05"", ""n09""]",1,1
1,3,SingleCenter,353,[],0,0
1,3,SingleCenter,354,"[""n04"", ""n13""]",0,0
1,3,SingleCenter,355,"[""n16""]",1,1
1,3,SingleCenter,356,"[""n07"", ""n09"", ""n12"", ""n13"", ""n14""]",0,0
1,3,SingleCenter,357,"[""n00"", ""n04"", ""n07"", ""n16""]",1,1
1,3,SingleCenter,358,"[""n00"", ""n15""]",0,0
1,3,SingleCenter,359,"[""n02"", ""n05"", ""n06"", ""n11"", ""n16""]",1,0
1,3,SingleCenter,376,[],0,0
1,3,SingleCenter,377,"[""n09"", ""n10"", ""n14"", ""n17""]",1,1
1,3,SingleCenter,378,[],0,0
1,3,SingleCenter,379,"[""n05"", ""n13""]",0,0
1,3,SingleCenter,380,"[""n00"", ""n10""]",0,0
1,3,SingleCenter,381,"[""n07"", ""n10"", ""n11""]",0,0
1,3,SingleCenter,382,"[""n06"", ""n10"", ""n16""]",0,0
1,3,SingleCenter,383,"[""n16""]",0,0
1,3,SingleCenter,384,"[""n11""]",0,0
1,3,SingleCenter,385,"[""n01"", ""n03"", ""n07"", ""n16""]",1,1
1,3,SingleCenter,386,"[""n02"", ""n04"", ""n05"", ""n11"", ""n12""]",0,0
1,3,SingleCenter,387,"[""n04"", ""n07""]",0,0
1,3,SingleCenter,388,"[""n00"", ""n01"", ""n05"", ""n10"", ""n11""]",0,0
1,3,SingleCenter,389,"[""n02"", ""n07""]",0,0
1,3,SingleCenter,390,"[""n10"", ""n11"", ""n15""]",0,0
1,3,SingleCenter,391,"[""n04""]",0,0
1,3,SingleCenter,488,"[""n02"", ""n07""]",0,0
1,3,SingleCenter,489,"[""n02"", ""n03"", ""n08""]",1,0
1,3,SingleCenter,490,"[""n00"", ""n03"", ""n05""]",0,0
1,3,SingleCenter,491,"[""n02""]",0,0
1,3,SingleCenter,492,"[""n04""]",0,0
1,3,SingleCenter,493,"[""n02"", ""n07"", ""n10""]",1,1
1,3,SingleCenter,494,"[""n03"", ""n06"", ""n08"", ""n10""]",1,1
1,3,SingleCenter,495,"[""n07"", ""n09""]",0,0
1,3,SingleCenter,520,"[""n11""]",0,0
1,3,SingleCenter,521,"[""n10""]",0,0
1,3,SingleCenter,522,"[""n03"", ""n08"", ""n09"", ""n11"", ""n14""]",1,1
1,3,SingleCenter,523,"[""n10"", ""n14""]",1,1
1,3,SingleCenter,524,"[""n03""]",0,0
1,3,SingleCenter,525,"[""n04"", ""n13""]",0,0
1,3,SingleCenter,526,"[""n05"", ""n06"", ""n09""]",0,0
1,3,SingleCenter,527,"[""n01"", ""n11""]",0,0
1,3,SingleCenter,568,"[""n02"", ""n06"", ""n13""]",0,0
1,3,SingleCenter,569,"[""n13""]",0,0
1,3,SingleCenter,570,"[""n01"", ""n02""]",0,0
1,3,SingleCenter,571,"[""n08""]",0,0
1,3,SingleCenter,572,"[""n13""]",0,0
1,3,SingleCenter,573,"[""n10"", ""n11""]",0,0
1,3,SingleCenter,574,"[""n05"", ""n06"", ""n14""]",1,0
1,3,SingleCenter,575,"[""n01"", ""n09"", ""n13""]",0,0
1,3,SingleCenter,576,"[""n00"", ""n02""]",0,0
1,3,SingleCenter,577,"[""n12""]",0,0
1,3,SingleCenter,578,"[""n03"", ""n09"", ""n12""]",1,1
1,3,SingleCenter,579,"[""n02"", ""n07"", ""n11"", ""n17""]",1,1
1,3,SingleCenter,580,"[""n04"", ""n06"", ""n08"", ""n09"", ""n11""]",0,0
1,3,SingleCenter,581,"[""n11""]",0,0
1,3,SingleCenter,582,"[""n10""]",0,0
1,3,SingleCenter,583,"[""n08"", ""n10""]",0,0
1,3,SingleCenter,616,"[""n01"", ""n05"", ""n06""]",0,0
1,3,SingleCenter,617,[],0,0
1,3,SingleCenter,618,"[""n11""]",1,0
1,3,SingleCenter,619,"[""n05""]",0,0
1,3,SingleCenter,620,"[""n07"", ""n08"", ""n11""]",1,1
1,3,SingleCenter,621,[],0,0
1,3,SingleCenter,622,"[""n09""]",0,0
1,3,SingleCenter,623,"[""n00"", ""n02""]",0,0
1,3,SingleCenter,648,"[""n03"", ""n05""]",0,0
1,3,SingleCenter,649,"[""n01"", ""n02"", ""n10""]",1,0
1,3,SingleCenter,650,"[""n01"", ""n02""]",1,1
1,3,SingleCenter,651,"[""n10"", ""n13""]",0,0
1,3,SingleCenter,652,"[""n05"", ""n08"", ""n09"", ""n16""]",1,1
1,3,SingleCenter,653,"[""n05""]",0,0
1,3,SingleCenter,654,"[""n05"", ""n08""]",0,0
1,3,SingleCenter,655,"[""n03"", ""n12""]",0,0
1,3,SingleCenter,656,[],0,0
1,3,SingleCenter,657,[],0,0
1,3,SingleCenter,658,"[""n13""]",0,0
1,3,SingleCenter,659,"[""n05""]",0,0
1,3,SingleCenter,660,"[""n06""]",0,0
1,3,SingleCenter,661,[],0,0
1,3,SingleCenter,662,"[""n02"", ""n06"", ""n09""]",0,0
1,3,SingleCenter,663,"[""n08"", ""n14""]",1,1
1,3,SingleCenter,664,"[""n00"", ""n04"", ""n07"", ""n11""]",1,1
1,3,SingleCenter,665,"[""n07""]",0,0
1,3,SingleCenter,666,"[""n01"", ""n04"", ""n08"", ""n09""]",1,0
1,3,SingleCenter,667,"[""n08""]",0,0
1,3,SingleCenter,668,"[""n10""]",0,0
1,3,SingleCenter,669,"[""n06"", ""n08""]",0,0
1,3,SingleCenter,670,"[""n00"", ""n01"", ""n08"", ""n09""]",1,0
1,3,SingleCenter,671,"[""n11""]",1,1
1,3,SingleCenter,704,"[""n01"", ""n02"", ""n07""]",0,0
1,3,SingleCenter,705,"[""n11""]",0,0
1,3,SingleCenter,706,"[""n05""]",0,0
1,3,SingleCenter,707,"[""n14""]",0,0
1,3,SingleCenter,708,"[""n03"", ""n09""]",0,0
1,3,SingleCenter,709,[],0,0
1,3,SingleCenter,710,"[""n14"", ""n15""]",1,1
1,3,SingleCenter,711,[],0,0
1,3,SingleCenter,752,"[""n05""]",0,0
1,3,SingleCenter,753,"[""n05""]",0,0
1,3,SingleCenter,754,[],0,0
1,3,SingleCenter,755,"[""n05"", ""n11""]",0,0
1,3,SingleCenter,756,"[""n03"", ""n12""]",0,0
1,3,SingleCenter,757,"[""n01""]",0,0
1,3,SingleCenter,758,"[""n06"", ""n11""]",0,0
1,3,SingleCenter,759,[],0,0
1,3,SingleCenter,816,"[""n02"", ""n03"", ""n04"", ""n11""]",0,0
1,3,SingleCenter,817,"[""n03""]",0,0
1,3,SingleCenter,818,"[""n01"", ""n04"", ""n05""]",1,1
1,3,SingleCenter,819,"[""n01""]",0,0
1,3,SingleCenter,820,"[""n08"", ""n09""]",0,0
1,3,SingleCenter,821,[],0,0
1,3,SingleCenter,822,"[""n00"", ""n02""]",0,0
1,3,SingleCenter,823,"[""n05"", ""n09""]",0,0
1,3,SingleCenter,856,"[""n00"", ""n01"", ""n02"", ""n04"", ""n11"", ""n13""]",1,0
1,3,SingleCenter,857,"[""n00"", ""n01"", ""n05"", ""n08"", ""n13""]",0,0
1,3,SingleCenter,858,"[""n09"", ""n11"", ""n12""]",0,0
1,3,SingleCenter,859,"[""n04"", ""n09""]",1,0
1,3,SingleCenter,860,"[""n07"", ""n08"", ""n15""]",1,1
1,3,SingleCenter,861,"[""n11"", ""n13""]",0,0
1,3,SingleCenter,862,"[""n04"", ""n12""]",0,0
1,3,SingleCenter,863,"[""n13"", ""n15""]",1,1
1,3,SingleCenter,864,"[""n00"", ""n02""]",1,1
1,3,SingleCenter,865,"[""n11"", ""n12""]",0,0
1,3,SingleCenter,866,"[""n01"", ""n03"", ""n04""]",0,0
1,3,SingleCenter,867,"[""n01"", ""n04"", ""n10"", ""n11""]",0,0
1,3,SingleCenter,868,"[""n02"", ""n10""]",1,0
1,3,SingleCenter,869,"[""n06"", ""n08""]",0,0
1,3,SingleCenter,870,"[""n00"", ""n10""]",0,0
1,3,SingleCenter,871,"[""n01""]",0,0
1,3,SingleCenter,928,"[""n00"", ""n09""]",0,0
1,3,SingleCenter,929,"[""n03"", ""n06"", ""n08"", ""n09""]",0,0
1,3,SingleCenter,930,"[""n08"", ""n09"", ""n14""]",0,0
1,3,SingleCenter,931,"[""n06"", ""n13"", ""n14""]",0,0
1,3,SingleCenter,932,"[""n02"", ""n07"", ""n14""]",0,0
1,3,SingleCenter,933,"[""n11""]",0,0
1,3,SingleCenter,934,"[""n11""]",0,0
1,3,SingleCenter,935,"[""n00""]",0,0
1,3,KMeans,24,"[""n04"", ""n09""]",0,0
1,3,KMeans,25,"[""n00""]",0,0
1,3,KMeans,26,[],0,0
1,3,KMeans,27,"[""n07""]",0,0
1,3,KMeans,28,"[""n05""]",0,0
1,3,KMeans,29,"[""n02"", ""n04"", ""n06""]",0,0
1,3,KMeans,30,"[""n00"", ""n03"", ""n06"", ""n12""]",1,1
1,3,KMeans,31,"[""n00"", ""n06""]",0,0
1,3,KMeans,120,"[""n15""]",0,0
1,3,KMeans,121,"[""n01"", ""n03"", ""n05"", ""n07"", ""n12"", ""n16""]",1,0
1,3,KMeans,122,"[""n13""]",0,0
1,3,KMeans,123,"[""n01"", ""n02"", ""n15""]",0,0
1,3,KMeans,124,"[""n03"", ""n09""]",0,0
1,3,KMeans,125,[],0,0
1,3,KMeans,126,"[""n03""]",0,0
1,3,KMeans,127,"[""n10""]",0,0
1,3,KMeans,192,"[""n00"", ""n02""]",0,0
1,3,KMeans,193,"[""n05""]",0,0
1,3,KMeans,194,"[""n09""]",1,1
1,3,KMeans,195,"[""n04""]",0,0
1,3,KMeans,196,"[""n02"", ""n03"", ""n07""]",0,0
1,3,KMeans,197,"[""n02""]",0,0
1,3,KMeans,198,"[""n01"", ""n03"", ""n09""]",1,1
1,3,KMeans,199,[],0,0
1,3,KMeans,200,"[""n03""]",0,0
1,3,KMeans,201,[],0,0
1,3,KMeans,202,"[""n00"", ""n11"", ""n13""]",0,0
1,3,KMeans,203,"[""n13""]",0,0
1,3,KMeans,204,"[""n03"", ""n17""]",1,0
1,3,KMeans,205,"[""n11"", ""n14"", ""n15""]",0,0
1,3,KMeans,206,[],0,0
1,3,KMeans,207,"[""n05""]",0,0
1,3,KMeans,240,[],0,0
1,3,KMeans,241,"[""n02"", ""n06""]",0,0
1,3,KMeans,242,"[""n01""]",0,0
1,3,KMeans,243,"[""n02"", ""n05"", ""n06"", ""n07""]",0,0
1,3,KMeans,244,"[""n03"", ""n05"", ""n07""]",0,0
1,3,KMeans,245,"[""n09""]",0,0
1,3,KMeans,246,"[""n01""]",0,0
1,3,KMeans,247,[],0,0
1,3,KMeans,296,"[""n00"", ""n06"", ""n07"", ""n09"", ""n13"", ""n15""]",0,0
1,3,KMeans,297,"[""n01"", ""n02"", ""n03"", ""n15""]",0,0
1,3,KMeans,298,"[""n08"", ""n10""]",0,0
1,3,KMeans,299,"[""n03""]",0,0
1,3,KMeans,300,"[""n08"", ""n09"", ""n11"", ""n15""]",0,0
1,3,KMeans,301,"[""n09"", ""n14""]",0,0
1,3,KMeans,302,"[""n12""]",0,0
1,3,KMeans,303,"[""n03""]",0,0
1,3,KMeans,344,"[""n03"", ""n09""]",0,0
1,3,KMeans,345,"[""n03"", ""n08"", ""n10""]",0,0
1,3,KMeans,346,[],0,0
1,3,KMeans,347,"[""n01"", ""n02"", ""n03"", ""n06""]",1,1
1,3,KMeans,348,"[""n01""]",0,0
1,3,KMeans,349,"[""n01""]",0,0
1,3,KMeans,350,[],0,0
1,3,KMeans,351,[],0,0
1,3,KMeans,352,"[""n01"", ""n02"", ""n05"", ""n09""]",1,1
1,3,KMeans,353,"[""n04"", ""n12""]",0,0
1,3,KMeans,354,"[""n07""]",0,0
1,3,KMeans,355,"[""n16""]",1,1
1,3,KMeans,356,"[""n07"", ""n09"", ""n12"", ""n13"", ""n14""]",0,0
1,3,KMeans,357,"[""n00"", ""n07"", ""n16""]",1,1
1,3,KMeans,358,"[""n00"", ""n15""]",0,0
1,3,KMeans,359,"[""n06"", ""n07"", ""n11""]",0,0
1,3,KMeans,376,"[""n02""]",0,0
1,3,KMeans,377,"[""n09"", ""n10"", ""n14"", ""n17""]",1,1
1,3,KMeans,378,[],0,0
1,3,KMeans,379,"[""n05"", ""n13""]",0,0
1,3,KMeans,380,[],0,0
1,3,KMeans,381,"[""n07"", ""n10"", ""n11""]",0,0
1,3,KMeans,382,"[""n04"", ""n06"", ""n10"", ""n16""]",1,0
1,3,KMeans,383,"[""n16""]",0,0
1,3,KMeans,384,"[""n11""]",0,0
1,3,KMeans,385,"[""n01"", ""n03"", ""n06"", ""n07"", ""n10"", ""n16""]",1,1
1,3,KMeans,386,"[""n02"", ""n04"", ""n05"", ""n11"", ""n12""]",0,0
1,3,KMeans,387,"[""n04"", ""n07"", ""n12""]",0,0
1,3,KMeans,388,"[""n00"", ""n01"", ""n03"", ""n05"", ""n10"", ""n11""]",0,0
1,3,KMeans,389,"[""n02"", ""n07""]",0,0
1,3,KMeans,390,"[""n10"", ""n11"", ""n12"", ""n15""]",0,0
1,3,KMeans,391,"[""n04""]",0,0
1,3,KMeans,488,"[""n02"", ""n07""]",0,0
1,3,KMeans,489,[],0,0
1,3,KMeans,490,"[""n00"", ""n03"", ""n05""]",0,0
1,3,KMeans,491,[],0,0
1,3,KMeans,492,"[""n04""]",0,0
1,3,KMeans,493,"[""n02"", ""n03"", ""n07"", ""n10""]",1,1
1,3,KMeans,494,"[""n03"", ""n06"", ""n08"", ""n10""]",1,1
1,3,KMeans,495,"[""n07"", ""n09""]",0,0
1,3,KMeans,520,"[""n06"", ""n08"", ""n11"", ""n14""]",1,0
1,3,KMeans,521,"[""n10""]",0,0
1,3,KMeans,522,"[""n03"", ""n08"", ""n09"", ""n10"", ""n11"", ""n14""]",1,1
1,3,KMeans,523,"[""n06"", ""n08"", ""n10"", ""n14""]",1,1
1,3,KMeans,524,"[""n02""]",0,0
1,3,KMeans,525,"[""n10"", ""n13""]",0,0
1,3,KMeans,526,"[""n05"", ""n06"", ""n09""]",0,0
1,3,KMeans,527,[],0,0
1,3,KMeans,568,"[""n02"", ""n06"", ""n13""]",0,0
1,3,KMeans,569,"[""n13""]",0,0
1,3,KMeans,570,"[""n01"", ""n02""]",0,0
1,3,KMeans,571,[],0,0
1,3,KMeans,572,"[""n05"", ""n13""]",0,0
1,3,KMeans,573,"[""n10""]",0,0
1,3,KMeans,574,"[""n06"", ""n14""]",1,0
1,3,KMeans,575,"[""n02"", ""n09""]",0,0
1,3,KMeans,576,"[""n02"", ""n03"", ""n13"", ""n16""]",1,0
1,3,KMeans,577,"[""n12"", ""n13""]",0,0
1,3,KMeans,578,"[""n03"", ""n12""]",1,1
1,3,KMeans,579,"[""n07"", ""n11"", ""n17""]",1,1
1,3,KMeans,580,"[""n01"", ""n04"", ""n06"", ""n08"", ""n09"", ""n11""]",0,0
1,3,KMeans,581,"[""n05"", ""n11""]",0,0
1,3,KMeans,582,"[""n03"", ""n10""]",1,0
1,3,KMeans,583,"[""n08"", ""n10""]",0,0
1,3,KMeans,616,"[""n01"", ""n05"", ""n06""]",0,0
1,3,KMeans,617,[],0,0
1,3,KMeans,618,"[""n11""]",1,0
1,3,KMeans,619,"[""n05""]",0,0
1,3,KMeans,620,"[""n05"", ""n07"", ""n08"", ""n11""]",1,1
1,3,KMeans,621,[],0,0
1,3,KMeans,622,"[""n09""]",0,0
1,3,KMeans,623,"[""n00"", ""n02""]",0,0
1,3,KMeans,648,"[""n03"", ""n05""]",0,0
1,3,KMeans,649,"[""n01"", ""n02"", ""n04"", ""n10""]",1,0
1,3,KMeans,650,"[""n01"", ""n02"", ""n09"", ""n15""]",1,1
1,3,KMeans,651,"[""n10"", ""n16""]",1,0
1,3,KMeans,652,"[""n00"", ""n08"", ""n09"", ""n16""]",1,1
1,3,KMeans,653,"[""n05""]",0,0
1,3,KMeans,654,"[""n08""]",0,0
1,3,KMeans,655,"[""n12"", ""n14""]",0,0
1,3,KMeans,656,"[""n05""]",0,0
1,3,KMeans,657,"[""n10""]",0,0
1,3,KMeans,658,"[""n13""]",0,0
1,3,KMeans,659,"[""n05""]",0,0
1,3,KMeans,660,"[""n06"", ""n12""]",0,0
1,3,KMeans,661,"[""n04""]",0,0
1,3,KMeans,662,"[""n02"", ""n06"", ""n09""]",0,0
1,3,KMeans,663,"[""n08"", ""n14""]",1,1
1,3,KMeans,664,"[""n00"", ""n04"", ""n07"", ""n11""]",1,1
1,3,KMeans,665,"[""n07""]",0,0
1,3,KMeans,666,"[""n08"", ""n09""]",0,0
1,3,KMeans,667,"[""n08"", ""n09"", ""n10""]",0,0
1,3,KMeans,668,[],0,0
1,3,KMeans,669,"[""n06"", ""n07"", ""n08""]",0,0
1,3,KMeans,670,"[""n01""]",0,0
1,3,KMeans,671,"[""n05"", ""n11""]",1,1
1,3,KMeans,704,"[""n01"", ""n02"", ""n07""]",0,0
1,3,KMeans,705,"[""n06"", ""n11"", ""n13""]",0,0
1,3,KMeans,706,"[""n03"", ""n05""]",0,0
1,3,KMeans,707,"[""n14""]",0,0
1,3,KMeans,708,"[""n03"", ""n08""]",0,0
1,3,KMeans,709,"[""n02""]",0,0
1,3,KMeans,710,"[""n14"", ""n15""]",1,1
1,3,KMeans,711,[],0,0
1,3,KMeans,752,"[""n05""]",0,0
1,3,KMeans,753,"[""n05""]",0,0
1,3,KMeans,754,[],0,0
1,3,KMeans,755,"[""n05""]",0,0
1,3,KMeans,756,"[""n01"", ""n03"", ""n12""]",0,0
1,3,KMeans,757,"[""n01"", ""n12""]",0,0
1,3,KMeans,758,"[""n06"", ""n11""]",0,0
1,3,KMeans,759,[],0,0
1,3,KMeans,816,"[""n03"", ""n04"", ""n07""]",0,0
1,3,KMeans,817,"[""n03""]",0,0
1,3,KMeans,818,"[""n01"", ""n02"", ""n04"", ""n05""]",1,1
1,3,KMeans,819,"[""n01"", ""n10""]",0,0
1,3,KMeans,820,"[""n08"", ""n09"", ""n12""]",1,0
1,3,KMeans,821,"[""n08""]",0,0
1,3,KMeans,822,"[""n00"", ""n02""]",0,0
1,3,KMeans,823,"[""n04"", ""n05"", ""n09""]",0,0
1,3,KMeans,856,"[""n01"", ""n05"", ""n11""]",0,0
1,3,KMeans,857,"[""n00"", ""n08""]",0,0
1,3,KMeans,858,[],0,0
1,3,KMeans,859,"[""n04"", ""n09""]",1,0
1,3,KMeans,860,"[""n07"", ""n08"", ""n15""]",1,1
1,3,KMeans,861,"[""n10"", ""n11"", ""n13"", ""n14""]",0,0
1,3,KMeans,862,"[""n04"", ""n12"", ""n13""]",0,0
1,3,KMeans,863,"[""n13"", ""n15""]",1,1
1,3,KMeans,864,"[""n00"", ""n02""]",1,1
1,3,KMeans,865,"[""n06"", ""n11"", ""n12""]",0,0
1,3,KMeans,866,"[""n01"", ""n07""]",0,0
1,3,KMeans,867,"[""n01"", ""n04""]",0,0
1,3,KMeans,868,"[""n10""]",0,0
1,3,KMeans,869,[],0,0
1,3,KMeans,870,[],0,0
1,3,KMeans,871,"[""n00"", ""n01""]",0,0
1,3,KMeans,928,"[""n00"", ""n09""]",0,0
1,3,KMeans,929,"[""n03"", ""n06"", ""n08"", ""n09""]",0,0
1,3,KMeans,930,"[""n05"", ""n08"", ""n14"", ""n17""]",1,0
1,3,KMeans,931,"[""n13"", ""n14""]",0,0
1,3,KMeans,932,"[""n02"", ""n07"", ""n14""]",0,0
1,3,KMeans,933,"[""n11""]",0,0
1,3,KMeans,934,"[""n11""]",0,0
1,3,KMeans,935,"[""n00"", ""n07""]",0,0
1,4,FixedThreshold,48,[],0,0
1,4,FixedThreshold,49,[],0,0
1,4,FixedThreshold,50,[],0,1
1,4,FixedThreshold,51,[],0,0
1,4,FixedThreshold,52,[],0,0
1,4,FixedThreshold,53,[],0,0
1,4,FixedThreshold,54,[],0,0
1,4,FixedThreshold,55,[],0,0
1,4,FixedThreshold,112,[],0,1
1,4,FixedThreshold,113,[],0,0
1,4,FixedThreshold,114,[],0,0
1,4,FixedThreshold,115,[],0,0
1,4,FixedThreshold,116,[],0,0
1,4,FixedThreshold,117,"[""n05""]",0,0
1,4,FixedThreshold,118,[],0,0
1,4,FixedThreshold,119,[],0,0
1,4,FixedThreshold,168,[],0,0
1,4,FixedThreshold,169,"[""n01"", ""n08""]",0,0
1,4,FixedThreshold,170,"[""n08"", ""n09"", ""n11""]",1,1
1,4,FixedThreshold,171,[],0,0
1,4,FixedThreshold,172,"[""n08""]",0,0
1,4,FixedThreshold,173,[],0,0
1,4,FixedThreshold,174,[],0,0
1,4,FixedThreshold,175,"[""n10""]",0,0
1,4,FixedThreshold,184,[],0,0
1,4,FixedThreshold,185,[],0,0
1,4,FixedThreshold,186,[],0,0
1,4,FixedThreshold,187,[],0,0
1,4,FixedThreshold,188,[],0,0
1,4,FixedThreshold,189,[],0,0
1,4,FixedThreshold,190,[],0,0
1,4,FixedThreshold,191,"[""n01"", ""n11""]",0,0
1,4,FixedThreshold,208,[],0,0
1,4,FixedThreshold,209,[],0,0
1,4,FixedThreshold,210,"[""n16""]",0,0
1,4,FixedThreshold,211,[],0,0
1,4,FixedThreshold,212,"[""n03"", ""n04""]",0,0
1,4,FixedThreshold,213,[],0,0
1,4,FixedThreshold,214,[],0,0
1,4,FixedThreshold,215,[],0,0
1,4,FixedThreshold,264,[],0,0
1,4,FixedThreshold,265,[],0,0
1,4,FixedThreshold,266,"[""n15""]",0,0
1,4,FixedThreshold,267,"[""n08""]",0,0
1,4,FixedThreshold,268,[],0,0
1,4,FixedThreshold,269,[],0,0
1,4,FixedThreshold,270,[],0,0
1,4,FixedThreshold,271,[],0,0
1,4,FixedThreshold,288,[],0,0
1,4,FixedThreshold,289,[],0,0
1,4,FixedThreshold,290,"[""n04"", ""n16""]",1,1
1,4,FixedThreshold,291,[],0,0
1,4,FixedThreshold,292,[],0,0
1,4,FixedThreshold,293,[],0,0
1,4,FixedThreshold,294,[],0,0
1,4,FixedThreshold,295,"[""n09""]",0,0
1,4,FixedThreshold,304,[],0,0
1,4,FixedThreshold,305,[],0,0
1,4,FixedThreshold,306,[],0,0
1,4,FixedThreshold,307,[],0,1
1,4,FixedThreshold,308,"[""n07""]",0,0
1,4,FixedThreshold,309,[],0,0
1,4,FixedThreshold,310,"[""n10""]",0,0
1,4,FixedThreshold,311,[],0,0
1,4,FixedThreshold,432,[],0,0
1,4,FixedThreshold,433,[],0,0
1,4,FixedThreshold,434,[],0,0
1,4,FixedThreshold,435,[],0,0
1,4,FixedThreshold,436,[],0,0
1,4,FixedThreshold,437,[],0,0
1,4,FixedThreshold,438,[],0,0
1,4,FixedThreshold,439,"[""n11"", ""n12""]",0,0
1,4,FixedThreshold,472,"[""n00""]",0,0
1,4,FixedThreshold,473,[],0,0
1,4,FixedThreshold,474,[],0,0
1,4,FixedThreshold,475,[],0,0
1,4,FixedThreshold,476,"[""n06""]",0,0
1,4,FixedThreshold,477,[],0,0
1,4,FixedThreshold,478,"[""n04"", ""n08""]",0,0
1,4,FixedThreshold,479,"[""n14""]",1,1
1,4,FixedThreshold,512,"[""n12""]",0,0
1,4,FixedThreshold,513,"[""n13""]",0,0
1,4,FixedThreshold,514,[],0,0
1,4,FixedThreshold,515,[],0,0
1,4,FixedThreshold,516,[],0,0
1,4,FixedThreshold,517,"[""n05""]",0,0
1,4,FixedThreshold,518,[],0,0
1,4,FixedThreshold,519,[],0,0
1,4,FixedThreshold,528,[],0,0
1,4,FixedThreshold,529,"[""n12""]",1,1
1,4,FixedThreshold,530,[],0,0
1,4,FixedThreshold,531,[],0,1
1,4,FixedThreshold,532,[],0,0
1,4,FixedThreshold,533,"[""n04"", ""n12""]",1,1
1,4,FixedThreshold,534,[],0,0
1,4,FixedThreshold,535,"[""n03"", ""n06""]",0,0
1,4,FixedThreshold,584,[],0,0
1,4,FixedThreshold,585,[],0,0
1,4,FixedThreshold,586,[],0,0
1,4,FixedThreshold,587,[],0,0
1,4,FixedThreshold,588,[],0,0
1,4,FixedThreshold,589,[],0,0
1,4,FixedThreshold,590,"[""n04"", ""n05"", ""n11""]",0,0
1,4,FixedThreshold,591,[],0,1
1,4,FixedThreshold,632,[],0,0
1,4,FixedThreshold,633,"[""n04"", ""n05""]",0,0
1,4,FixedThreshold,634,"[""n04"", ""n07""]",0,0
1,4,FixedThreshold,635,[],0,0
1,4,FixedThreshold,636,[],0,0
1,4,FixedThreshold,637,[],0,0
1,4,FixedThreshold,638,[],0,0
1,4,FixedThreshold,639,"[""n00""]",0,0
1,4,FixedThreshold,672,"[""n01"", ""n09""]",0,0
1,4,FixedThreshold,673,[],0,1
1,4,FixedThreshold,674,[],0,0
1,4,FixedThreshold,675,[],0,0
1,4,FixedThreshold,676,[],0,0
1,4,FixedThreshold,677,[],0,0
1,4,FixedThreshold,678,[],0,0
1,4,FixedThreshold,679,"[""n08"", ""n11""]",1,1
1,4,FixedThreshold,712,[],0,0
1,4,FixedThreshold,713,[],0,0
1,4,FixedThreshold,714,"[""n07""]",0,0
1,4,FixedThreshold,715,[],0,0
1,4,FixedThreshold,716,[],0,0
1,4,FixedThreshold,717,[],0,0
1,4,FixedThreshold,718,[],0,0
1,4,FixedThreshold,719,[],0,0
1,4,FixedThreshold,720,[],0,0
1,4,FixedThreshold,721,[],0,0
1,4,FixedThreshold,722,[],0,0
1,4,FixedThreshold,723,[],0,0
1,4,FixedThreshold,724,[],0,0
1,4,FixedThreshold,725,[],0,0
1,4,FixedThreshold,726,[],0,0
1,4,FixedThreshold,727,[],0,1
1,4,FixedThreshold,768,[],0,0
1,4,FixedThreshold,769,[],0,0
1,4,FixedThreshold,770,[],0,0
1,4,FixedThreshold,771,"[""n02""]",0,0
1,4,FixedThreshold,772,[],0,1
1,4,FixedThreshold,773,"[""n03""]",0,0
1,4,FixedThreshold,774,[],0,0
1,4,FixedThreshold,775,"[""n03"", ""n12""]",1,1
1,4,FixedThreshold,776,[],0,0
1,4,FixedThreshold,777,"[""n08"", ""n14""]",0,0
1,4,FixedThreshold,778,[],0,0
1,4,FixedThreshold,779,"[""n00"", ""n16""]",1,0
1,4,FixedThreshold,780,[],0,1
1,4,FixedThreshold,781,"[""n05""]",0,0
1,4,FixedThreshold,782,[],0,0
1,4,FixedThreshold,783,[],0,0
1,4,FixedThreshold,800,[],0,0
1,4,FixedThreshold,801,"[""n05""]",0,0
1,4,FixedThreshold,802,[],0,0
1,4,FixedThreshold,803,[],0,0
1,4,FixedThreshold,804,[],0,0
1,4,FixedThreshold,805,"[""n00""]",0,0
1,4,FixedThreshold,806,[],0,0
1,4,FixedThreshold,807,[],0,0
1,4,FixedThreshold,808,[],0,0
1,4,FixedThreshold,809,[],0,0
1,4,FixedThreshold,810,[],0,1
1,4,FixedThreshold,811,[],0,1
1,4,FixedThreshold,812,[],0,0
1,4,FixedThreshold,813,"[""n00"", ""n16""]",1,1
1,4,FixedThreshold,814,[],0,0
1,4,FixedThreshold,815,"[""n05"", ""n09"", ""n10"", ""n12""]",1,1
1,4,FixedThreshold,824,[],0,0
1,4,FixedThreshold,825,[],0,0
1,4,FixedThreshold,826,"[""n04""]",0,0
1,4,FixedThreshold,827,"[""n00"", ""n08""]",0,0
1,4,FixedThreshold,828,[],0,0
1,4,FixedThreshold,829,[],0,0
1,4,FixedThreshold,830,[],0,0
1,4,FixedThreshold,831,[],0,0
1,4,FixedThreshold,840,"[""n00""]",0,0
1,4,FixedThreshold,841,[],0,0
1,4,FixedThreshold,842,[],0,0
1,4,FixedThreshold,843,[],0,1
1,4,FixedThreshold,844,[],0,0
1,4,FixedThreshold,845,[],0,0
1,4,FixedThreshold,846,[],0,0
1,4,FixedThreshold,847,[],0,0
1,4,FixedThreshold,952,"[""n12"", ""n14""]",0,0
1,4,FixedThreshold,953,[],0,0
1,4,FixedThreshold,954,[],0,0
1,4,FixedThreshold,955,"[""n04"", ""n11""]",0,0
1,4,FixedThreshold,956,[],0,0
1,4,FixedThreshold,957,[],0,0
1,4,FixedThreshold,958,"[""n05""]",0,0
1,4,FixedThreshold,959,[],0,0
1,4,SingleCenter,48,[],0,0
1,4,SingleCenter,49,"[""n00"", ""n08"", ""n10""]",0,0
1,4,SingleCenter,50,"[""n07"", ""n08"", ""n12""]",1,1
1,4,SingleCenter,51,"[""n01""]",0,0
1,4,SingleCenter,52,[],0,0
1,4,SingleCenter,53,"[""n00""]",0,0
1,4,SingleCenter,54,[],0,0
1,4,SingleCenter,55,"[""n02""]",0,0
1,4,SingleCenter,112,"[""n12""]",1,1
1,4,SingleCenter,113,"[""n10""]",0,0
1,4,SingleCenter,114,"[""n10""]",0,0
1,4,SingleCenter,115,"[""n00"", ""n02""]",0,0
1,4,SingleCenter,116,"[""n02""]",0,0
1,4,SingleCenter,117,"[""n05""]",0,0
1,4,SingleCenter,118,[],0,0
1,4,SingleCenter,119,"[""n04"", ""n08""]",0,0
1,4,SingleCenter,168,[],0,0
1,4,SingleCenter,169,"[""n01"", ""n02"", ""n07"", ""n08""]",1,0
1,4,SingleCenter,170,"[""n08"", ""n09"", ""n11""]",1,1
1,4,SingleCenter,171,[],0,0
1,4,SingleCenter,172,"[""n08""]",0,0
1,4,SingleCenter,173,[],0,0
1,4,SingleCenter,174,[],0,0
1,4,SingleCenter,175,"[""n10"", ""n11""]",1,0
1,4,SingleCenter,184,"[""n08""]",0,0
1,4,SingleCenter,185,[],0,0
1,4,SingleCenter,186,"[""n00"", ""n01"", ""n06""]",0,0
1,4,SingleCenter,187,"[""n07""]",0,0
1,4,SingleCenter,188,[],0,0
1,4,SingleCenter,189,"[""n11""]",0,0
1,4,SingleCenter,190,"[""n01"", ""n05"", ""n10""]",0,0
1,4,SingleCenter,191,"[""n01"", ""n02"", ""n06"", ""n08"", ""n11""]",0,0
1,4,SingleCenter,208,"[""n13""]",0,0
1,4,SingleCenter,209,"[""n11"", ""n12"", ""n14""]",0,0
1,4,SingleCenter,210,"[""n04"", ""n08"", ""n16""]",1,0
1,4,SingleCenter,211,"[""n15"", ""n16""]",0,0
1,4,SingleCenter,212,"[""n03"", ""n04""]",0,0
1,4,SingleCenter,213,"[""n06"", ""n12""]",0,0
1,4,SingleCenter,214,"[""n11""]",0,0
1,4,SingleCenter,215,"[""n03""]",0,0
1,4,SingleCenter,264,[],0,0
1,4,SingleCenter,265,"[""n03"", ""n09"", ""n15""]",0,0
1,4,SingleCenter,266,"[""n13"", ""n15""]",0,0
1,4,SingleCenter,267,"[""n02"", ""n06"", ""n08"", ""n16""]",1,0
1,4,SingleCenter,268,"[""n11""]",0,0
1,4,SingleCenter,269,[],0,0
1,4,SingleCenter,270,[],0,0
1,4,SingleCenter,271,"[""n03"", ""n08"", ""n09""]",0,0
1,4,SingleCenter,288,[],0,0
1,4,SingleCenter,289,"[""n11""]",0,0
1,4,SingleCenter,290,"[""n01"", ""n04"", ""n16""]",1,1
1,4,SingleCenter,291,"[""n13""]",0,0
1,4,SingleCenter,292,"[""n00"", ""n06"", ""n11""]",0,0
1,4,SingleCenter,293,"[""n02"", ""n05""]",0,0
1,4,SingleCenter,294,"[""n06""]",0,0
1,4,SingleCenter,295,"[""n00"", ""n09"", ""n15""]",0,0
1,4,SingleCenter,304,"[""n09""]",0,0
1,4,SingleCenter,305,"[""n00""]",0,0
1,4,SingleCenter,306,"[""n06"", ""n07"", ""n08"", ""n11""]",1,0
1,4,SingleCenter,307,"[""n00"", ""n01"", ""n02"", ""n09""]",1,1
1,4,SingleCenter,308,"[""n07""]",0,0
1,4,SingleCenter,309,"[""n01"", ""n03""]",1,0
1,4,SingleCenter,310,"[""n04"", ""n10""]",0,0
1,4,SingleCenter,311,[],0,0
1,4,SingleCenter,432,[],0,0
1,4,SingleCenter,433,"[""n04"", ""n12""]",0,0
1,4,SingleCenter,434,[],0,0
1,4,SingleCenter,435,"[""n03"", ""n16""]",1,0
1,4,SingleCenter,436,[],0,0
1,4,SingleCenter,437,"[""n05"", ""n13""]",0,0
1,4,SingleCenter,438,"[""n14""]",0,0
1,4,SingleCenter,439,"[""n11"", ""n12"", ""n13"", ""n16""]",1,0
1,4,SingleCenter,472,"[""n00"", ""n06""]",0,0
1,4,SingleCenter,473,"[""n09"", ""n13""]",0,0
1,4,SingleCenter,474,"[""n03"", ""n05""]",0,0
1,4,SingleCenter,475,"[""n01"", ""n12""]",0,0
1,4,SingleCenter,476,"[""n03"", ""n06""]",0,0
1,4,SingleCenter,477,"[""n04""]",0,0
1,4,SingleCenter,478,"[""n04"", ""n08"", ""n13""]",0,0
1,4,SingleCenter,479,"[""n03"", ""n14""]",1,1
1,4,SingleCenter,512,"[""n01"", ""n05"", ""n09"", ""n12""]",0,0
1,4,SingleCenter,513,"[""n00"", ""n07"", ""n10"", ""n13""]",1,0
1,4,SingleCenter,514,"[""n03"", ""n05""]",0,0
1,4,SingleCenter,515,"[""n09""]",0,0
1,4,SingleCenter,516,[],0,0
1,4,SingleCenter,517,"[""n00"", ""n04"", ""n05"", ""n13""]",0,0
1,4,SingleCenter,518,"[""n05""]",0,0
1,4,SingleCenter,519,"[""n00""]",0,0
1,4,SingleCenter,528,[],0,0
1,4,SingleCenter,529,"[""n12""]",1,1
1,4,SingleCenter,530,"[""n01"", ""n04""]",0,0
1,4,SingleCenter,531,"[""n02"", ""n06"", ""n12""]",1,1
1,4,SingleCenter,532,"[""n08"", ""n09"", ""n10""]",0,0
1,4,SingleCenter,533,"[""n00"", ""n04"", ""n12""]",1,1
1,4,SingleCenter,534,"[""n00""]",0,0
1,4,SingleCenter,535,"[""n01"", ""n03"", ""n06""]",0,0
1,4,SingleCenter,584,[],0,0
1,4,SingleCenter,585,[],0,0
1,4,SingleCenter,586,"[""n00""]",0,0
1,4,SingleCenter,587,"[""n02"", ""n06""]",0,0
1,4,SingleCenter,588,"[""n03"", ""n06"", ""n08"", ""n12""]",0,0
1,4,SingleCenter,589,"[""n09""]",0,0
1,4,SingleCenter,590,"[""n04"", ""n05"", ""n08"", ""n11""]",0,0
1,4,SingleCenter,591,"[""n01""]",1,1
1,4,SingleCenter,632,"[""n04""]",0,0
1,4,SingleCenter,633,"[""n04"", ""n05"", ""n09""]",0,0
1,4,SingleCenter,634,"[""n04"", ""n07""]",0,0
1,4,SingleCenter,635,"[""n00""]",0,0
1,4,SingleCenter,636,"[""n01""]",0,0
1,4,SingleCenter,637,"[""n02"", ""n14""]",1,0
1,4,SingleCenter,638,"[""n05"", ""n13""]",0,0
1,4,SingleCenter,639,"[""n00"", ""n11""]",0,0
1,4,SingleCenter,672,"[""n01"", ""n05"", ""n09""]",0,0
1,4,SingleCenter,673,"[""n09"", ""n11""]",1,1
1,4,SingleCenter,674,"[""n09""]",0,0
1,4,SingleCenter,675,"[""n03"", ""n05"", ""n08""]",0,0
1,4,SingleCenter,676,"[""n03"", ""n07""]",0,0
1,4,SingleCenter,677,[],0,0
1,4,SingleCenter,678,"[""n08""]",0,0
1,4,SingleCenter,679,"[""n08"", ""n11""]",1,1
1,4,SingleCenter,712,"[""n01"", ""n03"", ""n05""]",0,0
1,4,SingleCenter,713,[],0,0
1,4,SingleCenter,714,"[""n07""]",0,0
1,4,SingleCenter,715,"[""n00"", ""n08""]",0,0
1,4,SingleCenter,716,"[""n06""]",0,0
1,4,SingleCenter,717,"[""n09""]",0,0
1,4,SingleCenter,718,"[""n06""]",0,0
1,4,SingleCenter,719,"[""n03"", ""n06"", ""n10""]",1,0
1,4,SingleCenter,720,[],0,0
1,4,SingleCenter,721,"[""n00""]",0,0
1,4,SingleCenter,722,[],0,0
1,4,SingleCenter,723,"[""n00"", ""n06"", ""n08"", ""n09""]",0,0
1,4,SingleCenter,724,"[""n00"", ""n05""]",0,0
1,4,SingleCenter,725,"[""n01"", ""n04""]",0,0
1,4,SingleCenter,726,[],0,0
1,4,SingleCenter,727,"[""n03"", ""n07"", ""n08""]",1,1
1,4,SingleCenter,768,"[""n11""]",0,0
1,4,SingleCenter,769,"[""n04"", ""n07"", ""n09""]",0,0
1,4,SingleCenter,770,"[""n02""]",0,0
1,4,SingleCenter,771,"[""n00"", ""n02"", ""n04""]",0,0
1,4,SingleCenter,772,"[""n13""]",1,1
1,4,SingleCenter,773,"[""n03"", ""n06"", ""n13""]",1,0
1,4,SingleCenter,774,[],0,0
1,4,SingleCenter,775,"[""n00"", ""n03"", ""n09"", ""n12""]",1,1
1,4,SingleCenter,776,[],0,0
1,4,SingleCenter,777,"[""n08"", ""n14""]",0,0
1,4,SingleCenter,778,"[""n10"", ""n11""]",0,0
1,4,SingleCenter,779,"[""n00"", ""n15"", ""n16""]",1,0
1,4,SingleCenter,780,"[""n16""]",1,1
1,4,SingleCenter,781,"[""n05"", ""n09""]",0,0
1,4,SingleCenter,782,"[""n07"", ""n13""]",0,0
1,4,SingleCenter,783,"[""n13""]",0,0
1,4,SingleCenter,800,"[""n07""]",0,0
1,4,SingleCenter,801,"[""n04"", ""n05"", ""n09""]",1,0
1,4,SingleCenter,802,[],0,0
1,4,SingleCenter,803,"[""n00"", ""n02""]",0,0
1,4,SingleCenter,804,"[""n06""]",0,0
1,4,SingleCenter,805,"[""n00"", ""n02""]",0,0
1,4,SingleCenter,806,"[""n00"", ""n04""]",0,0
1,4,SingleCenter,807,"[""n05""]",0,0
1,4,SingleCenter,808,"[""n00"", ""n01"", ""n05"", ""n07"", ""n11"", ""n12"", ""n13"", ""n15"", ""n16""]",1,0
1,4,SingleCenter,809,[],0,0
1,4,SingleCenter,810,"[""n05"", ""n09"", ""n15"", ""n16""]",1,1
1,4,SingleCenter,811,"[""n11"", ""n16""]",1,1
1,4,SingleCenter,812,"[""n07"", ""n09"", ""n13""]",0,0
1,4,SingleCenter,813,"[""n00"", ""n10"", ""n16""]",1,1
1,4,SingleCenter,814,"[""n05"", ""n06"", ""n09"", ""n11""]",0,0
1,4,SingleCenter,815,"[""n04"", ""n05"", ""n09"", ""n10"", ""n12""]",1,1
1,4,SingleCenter,824,[],0,0
1,4,SingleCenter,825,[],0,0
1,4,SingleCenter,826,"[""n04""]",0,0
1,4,SingleCenter,827,"[""n00"", ""n03"", ""n08""]",1,0
1,4,SingleCenter,828,[],0,0
1,4,SingleCenter,829,"[""n00"", ""n12""]",0,0
1,4,SingleCenter,830,"[""n02"", ""n09""]",0,0
1,4,SingleCenter,831,"[""n08"", ""n11""]",0,0
1,4,SingleCenter,840,"[""n00"", ""n02""]",0,0
1,4,SingleCenter,841,"[""n09""]",0,0
1,4,SingleCenter,842,[],0,0
1,4,SingleCenter,843,"[""n01"", ""n03"", ""n05"", ""n09""]",1,1
1,4,SingleCenter,844,[],0,0
1,4,SingleCenter,845,"[""n05""]",0,0
1,4,SingleCenter,846,"[""n10""]",0,0
1,4,SingleCenter,847,"[""n12""]",0,0
1,4,SingleCenter,952,"[""n07"", ""n12"", ""n13"", ""n14""]",0,0
1,4,SingleCenter,953,"[""n08""]",0,0
1,4,SingleCenter,954,"[""n00""]",0,0
1,4,SingleCenter,955,"[""n04"", ""n10"", ""n11""]",0,0
1,4,SingleCenter,956,[],0,0
1,4,SingleCenter,957,"[""n04""]",0,0
1,4,SingleCenter,958,"[""n02"", ""n05"", ""n08""]",0,0
1,4,SingleCenter,959,"[""n01"", ""n04"", ""n05"", ""n11"", ""n14""]",0,0
1,4,KMeans,48,[],0,0
1,4,KMeans,49,"[""n00"", ""n08"", ""n10""]",0,0
1,4,KMeans,50,"[""n07"", ""n08"", ""n11"", ""n12""]",1,1
1,4,KMeans,51,"[""n01""]",0,0
1,4,KMeans,52,[],0,0
1,4,KMeans,53,"[""n00"", ""n03""]",0,0
1,4,KMeans,54,[],0,0
1,4,KMeans,55,[],0,0
1,4,KMeans,112,"[""n12""]",1,1
1,4,KMeans,113,"[""n10""]",0,0
1,4,KMeans,114,"[""n10""]",0,0
1,4,KMeans,115,"[""n00"", ""n02"", ""n09""]",0,0
1,4,KMeans,116,"[""n02""]",0,0
1,4,KMeans,117,"[""n05"", ""n08""]",0,0
1,4,KMeans,118,"[""n05""]",0,0
1,4,KMeans,119,"[""n04"", ""n08""]",0,0
1,4,KMeans,168,"[""n02""]",0,0
1,4,KMeans,169,"[""n01"", ""n07"", ""n08""]",0,0
1,4,KMeans,170,"[""n08"", ""n09"", ""n11""]",1,1
1,4,KMeans,171,[],0,0
1,4,KMeans,172,"[""n08""]",0,0
1,4,KMeans,173,"[""n00""]",0,0
1,4,KMeans,174,[],0,0
1,4,KMeans,175,"[""n10"", ""n11""]",1,0
1,4,KMeans,184,"[""n08""]",0,0
1,4,KMeans,185,[],0,0
1,4,KMeans,186,"[""n00"", ""n01"", ""n06"", ""n08""]",0,0
1,4,KMeans,187,"[""n00"", ""n07""]",1,0
1,4,KMeans,188,"[""n01"", ""n14""]",1,0
1,4,KMeans,189,"[""n06"", ""n11""]",0,0
1,4,KMeans,190,"[""n10""]",0,0
1,4,KMeans,191,"[""n01"", ""n02"", ""n06"", ""n08"", ""n11""]",0,0
1,4,KMeans,208,"[""n13""]",0,0
1,4,KMeans,209,"[""n11"", ""n12"", ""n14""]",0,0
1,4,KMeans,210,"[""n16""]",0,0
1,4,KMeans,211,"[""n15"", ""n16""]",0,0
1,4,KMeans,212,"[""n03"", ""n04""]",0,0
1,4,KMeans,213,"[""n04"", ""n06"", ""n10"", ""n12""]",0,0
1,4,KMeans,214,"[""n11""]",0,0
1,4,KMeans,215,"[""n03""]",0,0
1,4,KMeans,264,"[""n07""]",0,0
1,4,KMeans,265,"[""n00"", ""n03"", ""n14""]",0,0
1,4,KMeans,266,"[""n00"", ""n15""]",0,0
1,4,KMeans,267,"[""n02"", ""n08""]",0,0
1,4,KMeans,268,"[""n11""]",0,0
1,4,KMeans,269,[],0,0
1,4,KMeans,270,[],0,0
1,4,KMeans,271,"[""n03"", ""n08"", ""n09""]",0,0
1,4,KMeans,288,"[""n06""]",0,0
1,4,KMeans,289,"[""n09"", ""n11""]",0,0
1,4,KMeans,290,"[""n04"", ""n16""]",1,1
1,4,KMeans,291,"[""n13""]",0,0
1,4,KMeans,292,"[""n00"", ""n06"", ""n11""]",0,0
1,4,KMeans,293,"[""n02"", ""n05"", ""n09""]",0,0
1,4,KMeans,294,"[""n01"", ""n06""]",0,0
1,4,KMeans,295,"[""n09""]",0,0
1,4,KMeans,304,"[""n09""]",0,0
1,4,KMeans,305,"[""n00""]",0,0
1,4,KMeans,306,"[""n07"", ""n08""]",0,0
1,4,KMeans,307,"[""n00"", ""n01"", ""n02"", ""n09""]",1,1
1,4,KMeans,308,"[""n07""]",0,0
1,4,KMeans,309,[],0,0
1,4,KMeans,310,"[""n10""]",0,0
1,4,KMeans,311,[],0,0
1,4,KMeans,432,"[""n07""]",0,0
1,4,KMeans,433,"[""n04"", ""n12""]",0,0
1,4,KMeans,434,[],0,0
1,4,KMeans,435,"[""n03"", ""n16""]",1,0
1,4,KMeans,436,[],0,0
1,4,KMeans,437,[],0,0
1,4,KMeans,438,"[""n14""]",0,0
1,4,KMeans,439,"[""n11"", ""n12""]",0,0
1,4,KMeans,472,"[""n00"", ""n06""]",0,0
1,4,KMeans,473,"[""n09"", ""n10"", ""n13""]",0,0
1,4,KMeans,474,"[""n03"", ""n05""]",0,0
1,4,KMeans,475,"[""n01"", ""n03"", ""n12""]",0,0
1,4,KMeans,476,"[""n06"", ""n08""]",0,0
1,4,KMeans,477,"[""n04""]",0,0
1,4,KMeans,478,"[""n04"", ""n08""]",0,0
1,4,KMeans,479,"[""n03"", ""n14""]",1,1
1,4,KMeans,512,"[""n05"", ""n12""]",0,0
1,4,KMeans,513,"[""n13""]",0,0
1,4,KMeans,514,"[""n05""]",0,0
1,4,KMeans,515,"[""n09""]",0,0
1,4,KMeans,516,[],0,0
1,4,KMeans,517,"[""n05"", ""n06"", ""n10""]",0,0
1,4,KMeans,518,"[""n05"", ""n10""]",0,0
1,4,KMeans,519,"[""n00""]",0,0
1,4,KMeans,528,"[""n06""]",0,0
1,4,KMeans,529,"[""n12""]",1,1
1,4,KMeans,530,"[""n04"", ""n05""]",0,0
1,4,KMeans,531,"[""n02"", ""n06"", ""n12""]",1,1
1,4,KMeans,532,"[""n07"", ""n09"", ""n10""]",0,0
1,4,KMeans,533,"[""n00"", ""n04"", ""n09"", ""n12""]",1,1
1,4,KMeans,534,"[""n06""]",0,0
1,4,KMeans,535,"[""n01"", ""n03"", ""n06"", ""n09""]",0,0
1,4,KMeans,584,[],0,0
1,4,KMeans,585,"[""n08""]",0,0
1,4,KMeans,586,"[""n00"", ""n03""]",0,0
1,4,KMeans,587,"[""n06""]",0,0
1,4,KMeans,588,"[""n03"", ""n06"", ""n08""]",0,0
1,4,KMeans,589,"[""n09""]",0,0
1,4,KMeans,590,"[""n04"", ""n05"", ""n11""]",0,0
1,4,KMeans,591,"[""n01"", ""n02"", ""n09""]",1,1
1,4,KMeans,632,"[""n04""]",0,0
1,4,KMeans,633,"[""n04"", ""n05"", ""n14""]",1,0
1,4,KMeans,634,"[""n01"", ""n04"", ""n07""]",0,0
1,4,KMeans,635,"[""n00"", ""n01"", ""n11""]",0,0
1,4,KMeans,636,"[""n01""]",0,0
1,4,KMeans,637,"[""n00""]",0,0
1,4,KMeans,638,[],0,0
1,4,KMeans,639,"[""n00"", ""n10""]",0,0
1,4,KMeans,672,"[""n01"", ""n05"", ""n09""]",0,0
1,4,KMeans,673,"[""n09"", ""n11""]",1,1
1,4,KMeans,674,"[""n09""]",0,0
1,4,KMeans,675,"[""n05""]",0,0
1,4,KMeans,676,"[""n01"", ""n03"", ""n06"", ""n07""]",0,0
1,4,KMeans,677,"[""n00""]",0,0
1,4,KMeans,678,[],0,0
1,4,KMeans,679,"[""n04"", ""n08"", ""n11""]",1,1
1,4,KMeans,712,"[""n03""]",0,0
1,4,KMeans,713,[],0,0
1,4,KMeans,714,"[""n07""]",0,0
1,4,KMeans,715,"[""n00"", ""n01""]",0,0
1,4,KMeans,716,"[""n05"", ""n06""]",0,0
1,4,KMeans,717,"[""n01"", ""n06""]",0,0
1,4,KMeans,718,"[""n06""]",0,0
1,4,KMeans,719,"[""n05"", ""n06""]",0,0
1,4,KMeans,720,[],0,0
1,4,KMeans,721,"[""n05""]",0,0
1,4,KMeans,722,"[""n04"", ""n09""]",0,0
1,4,KMeans,723,"[""n00"", ""n06"", ""n08"", ""n09""]",0,0
1,4,KMeans,724,"[""n00"", ""n05""]",0,0
1,4,KMeans,725,"[""n01"", ""n04"", ""n06""]",0,0
1,4,KMeans,726,[],0,0
1,4,KMeans,727,"[""n03"", ""n07"", ""n08""]",1,1
1,4,KMeans,768,"[""n11""]",0,0
1,4,KMeans,769,"[""n11""]",0,0
1,4,KMeans,770,"[""n02"", ""n04""]",0,0
1,4,KMeans,771,"[""n02""]",0,0
1,4,KMeans,772,"[""n13""]",1,1
1,4,KMeans,773,"[""n03""]",0,0
1,4,KMeans,774,[],0,0
1,4,KMeans,775,"[""n00"", ""n03"", ""n09"", ""n12""]",1,1
1,4,KMeans,776,[],0,0
1,4,KMeans,777,"[""n08"", ""n14""]",0,0
1,4,KMeans,778,"[""n11""]",0,0
1,4,KMeans,779,"[""n00"", ""n15"", ""n16""]",1,0
1,4,KMeans,780,"[""n16""]",1,1
1,4,KMeans,781,"[""n05"", ""n12""]",0,0
1,4,KMeans,782,"[""n07"", ""n08"", ""n13"", ""n16""]",1,0
1,4,KMeans,783,"[""n13""]",0,0
1,4,KMeans,800,"[""n04"", ""n07""]",0,0
1,4,KMeans,801,"[""n05""]",0,0
1,4,KMeans,802,[],0,0
1,4,KMeans,803,"[""n00"", ""n02""]",0,0
1,4,KMeans,804,"[""n02"", ""n06""]",0,0
1,4,KMeans,805,"[""n00""]",0,0
1,4,KMeans,806,"[""n04"", ""n07""]",0,0
1,4,KMeans,807,"[""n05""]",0,0
1,4,KMeans,808,"[""n11""]",0,0
1,4,KMeans,809,[],0,0
1,4,KMeans,810,"[""n05"", ""n09"", ""n15"", ""n16""]",1,1
1,4,KMeans,811,"[""n08"", ""n11"", ""n16""]",1,1
1,4,KMeans,812,"[""n03""]",0,0
1,4,KMeans,813,"[""n00"", ""n14"", ""n16""]",1,1
1,4,KMeans,814,"[""n05"", ""n06"", ""n11""]",0,0
1,4,KMeans,815,"[""n04"", ""n05"", ""n09"", ""n10"", ""n12""]",1,1
1,4,KMeans,824,"[""n13""]",1,0
1,4,KMeans,825,[],0,0
1,4,KMeans,826,"[""n04""]",0,0
1,4,KMeans,827,"[""n00"", ""n08""]",0,0
1,4,KMeans,828,[],0,0
1,4,KMeans,829,"[""n00"", ""n06"", ""n12""]",0,0
1,4,KMeans,830,[],0,0
1,4,KMeans,831,"[""n08"", ""n11"", ""n12""]",0,0
1,4,KMeans,840,"[""n00"", ""n02""]",0,0
1,4,KMeans,841,"[""n09""]",0,0
1,4,KMeans,842,"[""n06""]",0,0
1,4,KMeans,843,"[""n01"", ""n03"", ""n05"", ""n09""]",1,1
1,4,KMeans,844,"[""n11""]",0,0
1,4,KMeans,845,"[""n05""]",0,0
1,4,KMeans,846,[],0,0
1,4,KMeans,847,"[""n05"", ""n12""]",0,0
1,4,KMeans,952,"[""n06"", ""n12"", ""n14""]",0,0
1,4,KMeans,953,"[""n08"", ""n12""]",0,0
1,4,KMeans,954,"[""n00"", ""n10""]",0,0
1,4,KMeans,955,"[""n04"", ""n11""]",0,0
1,4,KMeans,956,"[""n01"", ""n07""]",0,0
1,4,KMeans,957,"[""n04""]",0,0
1,4,KMeans,958,"[""n02"", ""n05""]",0,0
1,4,KMeans,959,"[""n04"", ""n05"", ""n14""]",0,0
