sample_id,group,snapshot,root_cpu,root_errors,root_latency,n_nodes,n_requires,n_replicas,alarm_fraction,root_down,down_fraction,reachable_fraction,exposed_fraction,reachable_down_fraction,degraded_fraction,mean_cpu,max_cpu,mean_errors,max_errors,target
0,0,0,0.3551206204873514,0.47683216185512983,82.13912319276041,17,5,11,0.23529411764705882,0,0.35294117647058826,0.17647058823529413,0.3333333333333333,0.3333333333333333,0.35294117647058826,0.5267309570762272,0.713249901525527,0.5042992217275789,0.8067809932776924,0
1,0,1,0.785361803912221,0.7853255628931481,167.13086589911765,17,5,11,0.17647058823529413,1,0.29411764705882354,0.17647058823529413,0.3333333333333333,0.3333333333333333,0.35294117647058826,0.44134535675749315,0.785361803912221,0.3627194600101751,0.7853255628931481,1
2,0,2,0.8272654085380775,0.6724224987256628,142.4796787030767,17,5,11,0.35294117647058826,1,0.47058823529411764,0.17647058823529413,0.3333333333333333,0.3333333333333333,0.35294117647058826,0.5578449612045288,0.8272654085380775,0.4976406358442869,0.6919679422948524,1
3,0,3,0.48875128543225965,0.44157675576896827,110.14993010417831,17,5,11,0.29411764705882354,0,0.35294117647058826,0.17647058823529413,0.3333333333333333,0.3333333333333333,0.29411764705882354,0.5328813908583278,0.7189123222441065,0.4704762979840742,0.7635475807282777,0
4,0,4,0.469699633696561,0.4262323669670217,120.44386345608503,17,5,11,0.0,0,0.0,0.17647058823529413,0.0,0.0,0.0,0.39676595774452317,0.5922799443728178,0.302078560945643,0.5955550042708199,1
5,0,5,0.5289028052841298,0.38236001235986466,103.32402844407957,17,5,11,0.058823529411764705,0,0.058823529411764705,0.17647058823529413,0.0,0.0,0.11764705882352941,0.4036662550576297,0.5843930414826377,0.2641789820692329,0.6928723694454968,0
6,0,6,0.416085501048141,0.2718275639884838,102.33974272882061,17,5,11,0.23529411764705882,0,0.23529411764705882,0.17647058823529413,0.0,0.0,0.058823529411764705,0.5306697110834034,0.7726015846228715,0.4612524068527033,0.8522976911846055,0
7,0,7,0.25394921674082827,0.19631076993799793,70.6185439841226,17,5,11,0.17647058823529413,0,0.17647058823529413,0.17647058823529413,0.0,0.0,0.11764705882352941,0.46104557545085517,0.8439476986858586,0.3698464482484345,0.7415276736484326,0
8,1,0,0.3680259499067066,0.19394487194999283,73.6067441081541,15,1,11,0.06666666666666667,0,0.06666666666666667,0.26666666666666666,0.0,0.0,0.06666666666666667,0.5097017927019086,0.7322749941291741,0.3872909781937109,0.7970870086597796,0
9,1,1,0.6308110963009529,0.5422315955827555,118.32867373064893,15,1,11,0.26666666666666666,1,0.5333333333333333,0.26666666666666666,0.5,0.5,0.6,0.5383045920108553,0.7486833021073864,0.47416912802225114,0.7305461824524822,0
10,1,2,0.47995217417982944,0.29617298440301926,87.24373186510901,15,1,11,0.3333333333333333,0,0.6,0.26666666666666666,0.5,0.5,0.6666666666666666,0.5943209407215695,0.8138082229525941,0.5606591627645358,0.9149160469342273,0
11,1,3,0.4932272565935802,0.3036455530652936,134.13853404560635,15,1,11,0.06666666666666667,0,0.06666666666666667,0.26666666666666666,0.0,0.0,0.0,0.48526897921154094,0.7806335011534854,0.3324512706287347,0.7393739919633994,0
12,1,4,0.526490799778962,0.2163219689570925,106.13255631405849,15,1,11,0.0,0,0.0,0.26666666666666666,0.0,0.0,0.0,0.3647586140061582,0.5375138844377403,0.1831137128266218,0.3642442459926715,0
13,1,5,0.5983456882270275,0.34573750598332437,116.41134498223303,15,1,11,0.0,0,0.0,0.26666666666666666,0.0,0.0,0.0,0.5328499064468658,0.7186251759924877,0.3527090588945346,0.598251339830398,0
14,1,6,0.8054450854517836,0.7243869755100896,164.24218390952169,15,1,11,0.3333333333333333,1,0.3333333333333333,0.26666666666666666,0.25,0.25,0.06666666666666667,0.5068835055362213,0.8054450854517836,0.4882420224905581,0.8638280734100572,0
15,1,7,0.41614886368529336,0.44763405506143283,97.23553773436568,15,1,11,0.4666666666666667,0,0.5333333333333333,0.26666666666666666,0.25,0.25,0.6,0.6112725449619264,1.0,0.5569235716119746,0.8752594151182354,1
16,2,0,0.6095480173488155,0.5506168565840469,132.0604728707812,18,4,11,0.3333333333333333,0,0.5555555555555556,0.4444444444444444,0.5,0.5,0.6111111111111112,0.6298310377468184,0.9041175266074315,0.5644438195109065,0.9661527101198869,0
17,2,1,0.2300464112897467,0.0035564171952081614,57.60607851790302,18,4,11,0.1111111111111111,0,0.1111111111111111,0.4444444444444444,0.125,0.125,0.16666666666666666,0.4023123907456622,0.6600293889428358,0.30659087939139235,0.6409241344100599,0
18,2,2,0.4269541246231873,0.37437829589811156,76.06276148701492,18,4,11,0.16666666666666666,1,0.2777777777777778,0.4444444444444444,0.125,0.125,0.05555555555555555,0.4697041428121735,0.8134426116678963,0.3972685785602265,0.8396874652266434,1
19,2,3,0.37771834632980256,0.270038844715575,75.02882272830698,18,4,11,0.0,0,0.0,0.4444444444444444,0.0,0.0,0.0,0.3835699491251374,0.6355527988867773,0.28262919753195376,0.43368965430427575,0
20,2,4,0.31549521308532175,0.12928796034923212,58.644175987995844,18,4,11,0.05555555555555555,0,0.2222222222222222,0.4444444444444444,0.125,0.25,0.2777777777777778,0.42080559987939636,0.6899111355222142,0.31187637416485153,0.6049064291401564,0
21,2,5,0.4099374318739934,0.31190636117759285,77.89103239851524,18,4,11,0.05555555555555555,0,0.05555555555555555,0.4444444444444444,0.0,0.0,0.0,0.5318910399833289,0.8467048154443065,0.4644386976460424,1.0,0
22,2,6,0.583936984334861,0.597981669567907,137.10214810549343,18,4,11,0.1111111111111111,0,0.16666666666666666,0.4444444444444444,0.25,0.25,0.3888888888888889,0.45859128442108665,0.7201581623505392,0.32522773175626724,0.6641993297906847,1
23,2,7,0.820776967537427,0.8808677960062395,186.92944862068018,18,4,11,0.1111111111111111,1,0.1111111111111111,0.4444444444444444,0.0,0.0,0.0,0.5518467106123255,0.820776967537427,0.4680090420828008,0.8808677960062395,1
24,3,0,0.518927980785035,0.49635200908634886,110.11143841047833,13,2,8,0.38461538461538464,0,0.46153846153846156,0.38461538461538464,0.4,0.4,0.46153846153846156,0.6020732085973814,0.8170218466031094,0.5332375655000946,0.8042208130634424,0
25,3,1,0.27511194429004515,0.23179051235448556,78.87608391068638,13,2,8,0.0,0,0.0,0.38461538461538464,0.0,0.0,0.0,0.3962808148504286,0.6423416304142876,0.26797872117703736,0.4378120441793355,0
26,3,2,0.5245885900847664,0.4726887813884343,78.20304687171114,13,2,8,0.0,0,0.0,0.38461538461538464,0.0,0.0,0.0,0.4038527817058043,0.5748826153993786,0.3278336823384247,0.4949024378664587,0
27,3,3,0.283455256775336,0.33442917863399385,96.80001222130005,13,2,8,0.15384615384615385,0,0.15384615384615385,0.38461538461538464,0.0,0.0,0.07692307692307693,0.5005058603449705,0.837918053834543,0.43546188830949994,0.7953524981655878,0
28,3,4,0.3985940320305477,0.3990671997317574,86.23312409752671,13,2,8,0.15384615384615385,0,0.15384615384615385,0.38461538461538464,0.0,0.0,0.0,0.5352857166277208,0.9145065204947731,0.41561512604864304,0.6715275265297911,0
29,3,5,0.5121850664002856,0.6092853771639803,116.71407304015038,13,2,8,0.15384615384615385,1,0.38461538461538464,0.38461538461538464,0.2,0.4,0.3076923076923077,0.42764885879421666,0.8062586905469386,0.33471937625664583,0.7797199194704851,1
30,3,6,0.3874175229050938,0.3086551609973366,87.29608604440801,13,2,8,0.0,0,0.0,0.38461538461538464,0.0,0.0,0.0,0.3658746831062111,0.5725475376227068,0.2884641531223359,0.5151316380206332,0
31,3,7,0.515310595866431,0.30231953307244525,77.76318730519544,13,2,8,0.23076923076923078,0,0.3076923076923077,0.38461538461538464,0.4,0.4,0.5384615384615384,0.50516063086734,0.8135776992190237,0.4123019102210153,0.8182419793125411,0
32,4,0,0.5093138423986839,0.4495220303131603,97.03338797822738,13,0,10,0.0,0,0.0,0.6923076923076923,0.0,0.0,0.0,0.43530304862631514,0.6758677199071828,0.26660152356187705,0.575820672809896,0
33,4,1,0.34265379610901425,0.3984762935248187,75.2730186964373,13,0,10,0.38461538461538464,1,0.6923076923076923,0.6923076923076923,0.5555555555555556,0.7777777777777778,0.6923076923076923,0.5741682630844058,0.8262168213419475,0.4841324564672537,0.8172844811614166,1
34,4,2,0.5785051112215802,0.7500763489745568,146.80351595390903,13,0,10,0.5384615384615384,1,1.0,0.6923076923076923,0.5555555555555556,1.0,0.7692307692307693,0.5876259767466603,0.849374589332212,0.6231247604330735,0.8894544695694634,0
35,4,3,0.3501653347580619,0.1481786655108114,50.454574473560285,13,0,10,0.15384615384615385,0,0.15384615384615385,0.6923076923076923,0.2222222222222222,0.2222222222222222,0.15384615384615385,0.42327451437792185,0.7216219759908016,0.3567596512694206,0.6233937271988793,0
36,4,4,0.5942753521714617,0.6562842502001189,119.94574410682931,13,0,10,0.38461538461538464,1,0.38461538461538464,0.6923076923076923,0.3333333333333333,0.3333333333333333,0.6153846153846154,0.5331564864386774,0.6644241286568769,0.5458890141877369,0.8082511329339573,0
37,4,5,0.40105781545847413,0.3007202931558443,89.57739758262356,13,0,10,0.07692307692307693,0,0.07692307692307693,0.6923076923076923,0.1111111111111111,0.1111111111111111,0.07692307692307693,0.40741412393054177,0.592011328358397,0.3114714886989885,0.6854305422776245,0
38,4,6,0.721259418516137,0.48488554547602347,117.1464551566831,13,0,10,0.38461538461538464,1,0.8461538461538461,0.6923076923076923,0.4444444444444444,0.8888888888888888,0.7692307692307693,0.6081476017447403,0.8186009418619135,0.5549942209742799,1.0,0
39,4,7,0.2460835800567504,0.18747867538593943,73.36970731597823,13,0,10,0.3076923076923077,0,0.3076923076923077,0.6923076923076923,0.3333333333333333,0.3333333333333333,0.3076923076923077,0.48128900342166187,0.9314008487560174,0.4335305632228064,1.0,0
40,5,0,0.5859493111336002,0.6210132724490455,164.4441691479613,12,5,6,0.25,1,0.3333333333333333,0.4166666666666667,0.2,0.2,0.3333333333333333,0.47981829633336615,0.7056864411215091,0.4740365009821326,0.6692746481608811,0
41,5,1,0.5155083805710778,0.4122157439860732,61.200767051376744,12,5,6,0.0,0,0.0,0.4166666666666667,0.0,0.0,0.0,0.4281123582405903,0.6336821933165141,0.3069653306752151,0.5994191528464209,0
42,5,2,0.6168634917546179,0.3770269840874337,98.00644636011033,12,5,6,0.0,0,0.0,0.4166666666666667,0.0,0.0,0.0,0.4335348638443006,0.831806226687324,0.3057032114155172,0.5484937887193421,1
43,5,3,0.3630192098449735,0.2528525041736325,48.2913003545156,12,5,6,0.0,0,0.0,0.4166666666666667,0.0,0.0,0.0,0.4115697508656911,0.5901371499861987,0.2701286665014783,0.5095886361292927,0
44,5,4,0.2564246412314028,0.2000937010087948,90.53846247642008,12,5,6,0.08333333333333333,0,0.16666666666666666,0.4166666666666667,0.2,0.2,0.25,0.4374872012395405,0.8086782572972662,0.3312234757205341,0.6343352663747677,0
45,5,5,0.6912625988200229,0.4281300820785049,120.68776279298186,12,5,6,0.08333333333333333,1,0.16666666666666666,0.4166666666666667,0.2,0.2,0.0,0.4287032794105634,0.8472361383494758,0.3285338681838428,0.7421430094409041,1
46,5,6,0.6581113994740384,0.44064032145457604,104.9055655115732,12,5,6,0.08333333333333333,1,0.25,0.4166666666666667,0.2,0.4,0.16666666666666666,0.49595938598586115,0.8617783566421999,0.37502005430612867,0.8706527990826692,1
47,5,7,0.39965832533497225,0.13924198626482362,68.07420838355432,12,5,6,0.08333333333333333,1,0.25,0.4166666666666667,0.2,0.4,0.16666666666666666,0.372535446452559,0.5855524527943227,0.25120405286914205,0.6201027396405254,0
48,6,0,0.38350695948103775,0.2802497630244444,76.96196825177259,13,1,9,0.15384615384615385,0,0.15384615384615385,0.38461538461538464,0.0,0.0,0.07692307692307693,0.4402463192725405,0.6860882264796073,0.39109812077830775,0.6318066496010425,1
49,6,1,0.5030203134844313,0.5926845618559742,98.9743183218275,13,1,9,0.0,0,0.0,0.38461538461538464,0.0,0.0,0.0,0.3905578578758433,0.6091296819710912,0.3128538537088718,0.5926845618559742,0
50,6,2,0.4854882657369332,0.24812343285212302,78.35417868507051,13,1,9,0.0,0,0.0,0.38461538461538464,0.0,0.0,0.0,0.3616684142059532,0.549233002888453,0.2335107430131276,0.5912855320611101,0
51,6,3,0.4264716734417858,0.2691148790252435,102.00659227981443,13,1,9,0.15384615384615385,0,0.15384615384615385,0.38461538461538464,0.0,0.0,0.15384615384615385,0.5189588392119973,0.8172166906711875,0.3837267169060103,0.8657489361138545,0
52,6,4,0.6252192610466772,0.7486573550549431,157.43714838027165,13,1,9,0.07692307692307693,1,0.07692307692307693,0.38461538461538464,0.0,0.0,0.0,0.5105623430352599,0.6976142750691544,0.38949915401952684,0.7486573550549431,0
53,6,5,0.31924399327232866,0.277302329605656,107.75648949167436,13,1,9,0.0,0,0.0,0.38461538461538464,0.0,0.0,0.0,0.41184310513278705,0.5991089148175417,0.27918352236314836,0.4709163991126144,0
54,6,6,0.53489846737717,0.3483628080514293,85.27325920999523,13,1,9,0.38461538461538464,0,0.38461538461538464,0.38461538461538464,0.4,0.4,0.38461538461538464,0.5476660614190243,0.7326965351708762,0.5448952510610753,0.9709872153021226,0
55,6,7,0.4270585132686456,0.40960154814480326,91.78543638889359,13,1,9,0.46153846153846156,0,0.46153846153846156,0.38461538461538464,0.2,0.2,0.3076923076923077,0.5564271720134614,0.8074562993421877,0.5175243382434659,0.8138236205924144,1
56,7,0,0.4607072102641782,0.3159454512788289,89.76022638021126,18,1,14,0.05555555555555555,0,0.05555555555555555,0.2777777777777778,0.2,0.2,0.05555555555555555,0.40182676547997304,0.8982432479734805,0.26464181875083226,0.6705450374901485,0
57,7,1,0.31024585684403594,0.0029742460953559313,56.46355833012182,18,1,14,0.05555555555555555,0,0.05555555555555555,0.2777777777777778,0.2,0.2,0.05555555555555555,0.4488524524289438,0.6976674421247617,0.3496536076837024,0.6252099622316828,0
58,7,2,0.4486182379116903,0.33715523532287334,71.14830659368681,18,1,14,0.16666666666666666,0,0.16666666666666666,0.2777777777777778,0.2,0.2,0.1111111111111111,0.5390924874627653,1.0,0.46395412091455424,0.8653062263877517,1
59,7,3,0.3114389219391036,0.3594434461785373,74.07345989034641,18,1,14,0.05555555555555555,0,0.05555555555555555,0.2777777777777778,0.0,0.0,0.0,0.38909130706754813,0.7771796925093201,0.3295538591536149,0.737629991018969,1
60,7,4,0.41838151022909786,0.41050699546614755,65.50787331607114,18,1,14,0.05555555555555555,0,0.05555555555555555,0.2777777777777778,0.2,0.2,0.05555555555555555,0.48047153229021333,0.7247819652097693,0.38060211076649697,0.712373178416346,0
61,7,5,0.374255070730436,0.2845069955289444,60.78454064555387,18,1,14,0.2222222222222222,0,0.7222222222222222,0.2777777777777778,0.4,0.6,0.7777777777777778,0.5113333413917832,0.7431125071102895,0.4291080686562331,0.849983022535348,0
62,7,6,0.3798742523547161,0.182401418777406,71.27876333353012,18,1,14,0.1111111111111111,0,0.7222222222222222,0.2777777777777778,0.4,0.6,0.7777777777777778,0.4760693506582784,0.789416484305578,0.36931219223860573,0.6512563607606539,0
63,7,7,0.44070671363428104,0.43326358597480424,107.85019497651334,18,1,14,0.1111111111111111,0,0.1111111111111111,0.2777777777777778,0.0,0.0,0.05555555555555555,0.4766082497186919,0.7434362422337704,0.3736286500151668,0.6952064322947242,0
64,8,0,0.44951449044538067,0.3595731696589225,68.1190925220905,18,2,14,0.1111111111111111,0,0.1111111111111111,0.3888888888888889,0.14285714285714285,0.14285714285714285,0.3333333333333333,0.513946807824292,0.9403877412430879,0.3879015732932695,0.8665825547213439,1
65,8,1,0.5289094562831886,0.20538375523216879,74.4434051124404,18,2,14,0.1111111111111111,0,0.1111111111111111,0.3888888888888889,0.14285714285714285,0.14285714285714285,0.05555555555555555,0.45344749220169667,0.6144230589509235,0.33753559050440957,0.677001776223898,0
66,8,2,0.5944841398547048,0.4419814944951237,136.99539348314454,18,2,14,0.16666666666666666,0,0.16666666666666666,0.3888888888888889,0.14285714285714285,0.14285714285714285,0.05555555555555555,0.4673215430583487,0.7379514040303973,0.4532300170511486,0.8158366953886038,1
67,8,3,0.2391368025702888,0.3670124508612712,59.43751860071711,18,2,14,0.05555555555555555,0,0.05555555555555555,0.3888888888888889,0.0,0.0,0.0,0.47310669073171163,0.7984581620827258,0.39740074382233964,0.9083901338118259,0
68,8,4,0.1962158623179668,0.2620948105306084,66.91956315227795,18,2,14,0.0,0,0.0,0.3888888888888889,0.0,0.0,0.0,0.307108810930522,0.5195445294277887,0.2322320852374287,0.5778447807322307,0
69,8,5,0.4899981890519104,0.5011170426122566,94.50615506144871,18,2,14,0.05555555555555555,0,0.05555555555555555,0.3888888888888889,0.0,0.0,0.0,0.44208996811217866,0.6722040210467468,0.34602951198130255,0.9034721670616483,1
70,8,6,0.6479181925941971,0.6468605733823336,86.34402109137186,18,2,14,0.3333333333333333,1,0.5555555555555556,0.3888888888888889,0.42857142857142855,0.42857142857142855,0.6666666666666666,0.4953582781373735,0.9622501789913116,0.48108583031361923,0.8443329495589207,1
71,8,7,0.5013034667039394,0.12145751190223114,77.91456428113821,18,2,14,0.0,0,0.0,0.3888888888888889,0.0,0.0,0.0,0.37065940679165116,0.5741260215107573,0.2110501068074174,0.5984761499141029,0
72,9,0,0.20235093950661162,0.2491143702109655,53.42915703794479,18,3,12,0.05555555555555555,0,0.05555555555555555,0.3333333333333333,0.0,0.0,0.05555555555555555,0.4174690301131466,0.8300061337665958,0.26553238073666313,0.7903822462479098,0
73,9,1,0.4639195832144974,0.22888862970344606,12.125328181218613,18,3,12,0.0,0,0.0,0.3333333333333333,0.0,0.0,0.0,0.3333550338145787,0.5550489422175723,0.18022656020230274,0.45146430418828803,1
74,9,2,0.5752874109702393,0.37901084444536026,82.8722892454206,18,3,12,0.1111111111111111,0,0.1111111111111111,0.3333333333333333,0.0,0.0,0.05555555555555555,0.4887814632795285,0.957530715711167,0.3715842754548558,0.8570993196512595,0
75,9,3,0.5129236539763131,0.42750626326368124,102.8557646711472,18,3,12,0.1111111111111111,0,0.1111111111111111,0.3333333333333333,0.3333333333333333,0.3333333333333333,0.3333333333333333,0.45290591826688303,0.8222137661646459,0.4045040336375978,0.861464645346919,0
76,9,4,0.6335549787623497,0.5471550563992205,103.10617380924094,18,3,12,0.4444444444444444,1,0.7777777777777778,0.3333333333333333,0.3333333333333333,0.6666666666666666,0.6666666666666666,0.6457705676303167,1.0,0.5745039283675113,1.0,0
77,9,5,0.4653488543782918,0.39696202587508256,92.59145026288634,18,3,12,0.2222222222222222,0,0.2777777777777778,0.3333333333333333,0.5,0.5,0.5,0.5465460252609009,0.8419928456165625,0.473790774011199,0.9585134999767133,0
78,9,6,0.22992067834065144,0.2315585364487403,39.61634311340467,18,3,12,0.0,0,0.0,0.3333333333333333,0.0,0.0,0.0,0.33980307098666507,0.49475816064057143,0.21420580304781972,0.40370241522557776,0
79,9,7,0.4997948022962943,0.4121947001905468,89.52770227463645,18,3,12,0.2222222222222222,0,0.3888888888888889,0.3333333333333333,0.16666666666666666,0.3333333333333333,0.3888888888888889,0.5453082415523715,0.8982787372487139,0.4393052103089174,0.8244346136065649,0
80,10,0,0.5840469580233096,0.5915875375610327,117.98470367290558,18,10,8,0.16666666666666666,0,0.6666666666666666,0.2222222222222222,0.25,0.5,0.3888888888888889,0.541929858479683,0.7392377000346408,0.4874419433285073,0.8055797163271411,1
81,10,1,0.5695734871315634,0.34620003549970824,74.05710853912697,18,10,8,0.3888888888888889,0,0.5,0.2222222222222222,0.0,0.0,0.2777777777777778,0.5757721710399822,0.8070158416685618,0.5171849841488496,0.7547155275923856,0
82,10,2,0.6628328182808279,0.6860187086488826,135.4306083164063,18,10,8,0.3333333333333333,1,0.6111111111111112,0.2222222222222222,0.25,0.25,0.4444444444444444,0.5716151777775178,0.7956970294585552,0.49338406254763484,0.8154732845841538,0
83,10,3,0.38688339144672296,0.374533968423001,99.73982908158033,18,10,8,0.16666666666666666,0,0.16666666666666666,0.2222222222222222,0.25,0.25,0.05555555555555555,0.4861966481682098,0.7092508392223434,0.3739765038623196,0.7410252289487567,1
84,10,4,0.2757404889445952,0.19896933053608556,84.45698732389108,18,10,8,0.0,0,0.0,0.2222222222222222,0.0,0.0,0.0,0.4188106300864998,0.5643990476034357,0.27401330722103223,0.49716481030362414,0
85,10,5,0.5635928456624986,0.5127121905183237,115.76170718321318,18,10,8,0.16666666666666666,0,0.2777777777777778,0.2222222222222222,0.25,0.25,0.2777777777777778,0.5577755808411297,0.794506540074679,0.46042170106620806,1.0,1
86,10,6,0.5751183169006365,0.7030748813629004,134.9175016044788,18,10,8,0.05555555555555555,1,0.05555555555555555,0.2222222222222222,0.0,0.0,0.0,0.434038252816995,0.5751183169006365,0.2991283212302056,0.7030748813629004,0
87,10,7,0.5477194062553217,0.5025209370913075,153.52234975880546,18,10,8,0.16666666666666666,0,0.16666666666666666,0.2222222222222222,0.0,0.0,0.05555555555555555,0.5274286411709102,0.8224691389544514,0.38959346345697093,0.829372316811215,0
88,11,0,0.7694240226359454,0.6614826969105674,163.73988955544223,17,3,11,0.11764705882352941,1,0.17647058823529413,0.5882352941176471,0.1,0.1,0.23529411764705882,0.36188096083680305,0.7694240226359454,0.26018463424659716,0.6614826969105674,0
89,11,1,0.8076595945692014,0.5844784040942897,130.18976998637794,17,3,11,0.29411764705882354,0,0.35294117647058826,0.5882352941176471,0.3,0.3,0.4117647058823529,0.5782319914905213,0.9376837147283401,0.49536933791624105,0.9253029566877832,0
90,11,2,0.5491985849567583,0.39665430511953936,110.16492302013181,17,3,11,0.0,0,0.0,0.5882352941176471,0.0,0.0,0.0,0.4130039191527611,0.7492316086665518,0.29538928566683176,0.5881006096534721,0
91,11,3,0.4776432406559388,0.490320837844639,114.01380994507008,17,3,11,0.17647058823529413,0,0.17647058823529413,0.5882352941176471,0.2,0.2,0.23529411764705882,0.5096646407010885,0.8410732544474206,0.4273496097665023,0.6693415738318406,0
92,11,4,0.7356788445301262,0.7227299203878322,154.17210446758858,17,3,11,0.29411764705882354,1,0.35294117647058826,0.5882352941176471,0.3,0.4,0.47058823529411764,0.5808966658337437,0.8538623431695573,0.5301987541071193,0.8455870457029968,1
93,11,5,0.41699010171086526,0.08297799524162572,62.33194205399017,17,3,11,0.0,0,0.0,0.5882352941176471,0.0,0.0,0.0,0.38900202796342037,0.6430879513020501,0.2546065674420312,0.5368716260679777,0
94,11,6,0.5027493091346013,0.3168886811394849,108.3324743514761,17,3,11,0.0,0,0.0,0.5882352941176471,0.0,0.0,0.0,0.413718163465919,0.7813923585101328,0.23876011290953225,0.5605879600242093,0
95,11,7,0.48550880296578314,0.041801138443554785,34.14509884148871,17,3,11,0.11764705882352941,0,0.11764705882352941,0.5882352941176471,0.0,0.0,0.058823529411764705,0.3921733796071399,0.757570580110906,0.2670048138792984,0.8356099274686837,0
96,12,0,0.5806697179903723,0.24751019050343104,101.41939304758387,18,4,11,0.0,0,0.0,0.3888888888888889,0.0,0.0,0.0,0.356140431769727,0.7027670102005836,0.16321058447766004,0.538246573127884,1
97,12,1,0.6087417934025288,0.6982807981561645,136.9042410318281,18,4,11,0.2777777777777778,1,0.3888888888888889,0.3888888888888889,0.2857142857142857,0.2857142857142857,0.3333333333333333,0.5764965011223531,0.8565869635744157,0.5255767748736688,1.0,0
98,12,2,0.6143605165184398,0.7412689231262527,126.60881701619722,18,4,11,0.05555555555555555,1,0.05555555555555555,0.3888888888888889,0.0,0.0,0.0,0.4517777088907764,0.6143605165184398,0.3378558169099378,0.7412689231262527,0
99,12,3,0.5000232182407683,0.2768446466047449,57.72304127166091,18,4,11,0.0,0,0.0,0.3888888888888889,0.0,0.0,0.0,0.38793641473076096,0.5706109889465085,0.2621596218243531,0.5676353535871764,0
100,12,4,0.6187660014273793,0.4553482457929453,89.5633911396796,18,4,11,0.3333333333333333,1,1.0,0.3888888888888889,0.5714285714285714,1.0,0.6111111111111112,0.5267370552635858,0.7258671346525967,0.48331355235819007,0.8612768839819385,0
101,12,5,0.28253142735772346,0.06888454593627397,50.710517125240386,18,4,11,0.05555555555555555,0,0.05555555555555555,0.3888888888888889,0.14285714285714285,0.14285714285714285,0.1111111111111111,0.3916773753539949,0.7333437413979225,0.25940874994375895,0.6558354174371329,0
102,12,6,0.6944400549266745,0.4333650573165927,132.02893720183073,18,4,11,0.2777777777777778,0,0.2777777777777778,0.3888888888888889,0.0,0.0,0.1111111111111111,0.5989560676652268,1.0,0.466274284988314,0.962786002922976,0
103,12,7,0.5632008459992661,0.32415567150473124,104.24453485088802,18,4,11,0.1111111111111111,0,0.1111111111111111,0.3888888888888889,0.14285714285714285,0.14285714285714285,0.1111111111111111,0.4166906814034466,0.6368634492945788,0.3732987521383715,0.7257224125793655,0
104,13,0,0.3605640791781838,0.32664475765056966,95.06972425557431,15,2,10,0.3333333333333333,0,0.4,0.4666666666666667,0.42857142857142855,0.42857142857142855,0.5333333333333333,0.5370975458190635,0.9867626719158474,0.5306084773355514,0.9703055067295157,0
105,13,1,0.5483548138098195,0.3371955274934738,112.89006109202244,15,2,10,0.13333333333333333,0,0.13333333333333333,0.4666666666666667,0.0,0.0,0.13333333333333333,0.518662936983202,0.7478017061941039,0.42424490285932587,1.0,0
106,13,2,0.6688709586807936,0.4897021779685515,155.449411543799,15,2,10,0.13333333333333333,0,0.13333333333333333,0.4666666666666667,0.14285714285714285,0.14285714285714285,0.13333333333333333,0.45939978076491195,0.7548804413792418,0.33930649014038733,0.7495248403796845,0
107,13,3,0.54002737112376,0.2955856669107964,79.74605845559786,15,2,10,0.0,0,0.0,0.4666666666666667,0.0,0.0,0.0,0.41819362107681557,0.7042162841640113,0.2203381292560236,0.5898304350359876,1
108,13,4,0.8539633192697473,0.645646924455559,158.0088228182391,15,2,10,0.4,1,0.6,0.4666666666666667,0.42857142857142855,0.42857142857142855,0.4,0.6516787262551685,0.9347185744421335,0.5642685239458969,0.8990567804622892,1
109,13,5,0.5162285287737368,0.5622903553942518,134.33829575391835,15,2,10,0.4,0,0.5333333333333333,0.4666666666666667,0.42857142857142855,0.5714285714285714,0.5333333333333333,0.6104989403574599,0.8126911783215598,0.5753904305853087,0.9256998773487412,0
110,13,6,0.3959577599702974,0.3909054394283472,94.81528717340211,15,2,10,0.26666666666666666,0,0.4,0.4666666666666667,0.2857142857142857,0.42857142857142855,0.6,0.4825541631556598,0.6903419861322466,0.44818326486391996,0.8068182976620808,0
111,13,7,0.575127909243498,0.5246745249374414,112.96078128028785,15,2,10,0.13333333333333333,0,0.13333333333333333,0.4666666666666667,0.14285714285714285,0.14285714285714285,0.13333333333333333,0.5317269409848329,0.8318996188361546,0.45612507384455486,0.9203737673192116,0
112,14,0,0.5724673779102019,0.5551752441138721,124.48997496929665,13,3,7,0.15384615384615385,0,0.15384615384615385,0.46153846153846156,0.16666666666666666,0.16666666666666666,0.23076923076923078,0.4913052257324321,0.6749931465436572,0.4169624308073971,0.6839791732929439,0
113,14,1,0.5327868242170929,0.4183235325808863,93.41396201605626,13,3,7,0.23076923076923078,0,0.3076923076923077,0.46153846153846156,0.3333333333333333,0.3333333333333333,0.3076923076923077,0.5728377049182592,0.8654970831394055,0.4938004365927799,0.8241123115948605,0
114,14,2,0.5563864972202206,0.4133411680003547,99.89692869226771,13,3,7,0.15384615384615385,0,0.15384615384615385,0.46153846153846156,0.3333333333333333,0.3333333333333333,0.23076923076923078,0.5356970153961195,0.7968056298217899,0.4563758349760535,0.7389870997363213,0
115,14,3,0.7293462716736918,0.4758202888588334,104.29601089515253,13,3,7,0.07692307692307693,0,0.07692307692307693,0.46153846153846156,0.0,0.0,0.0,0.39032172831710255,0.7293462716736918,0.3155507167252866,0.7468758580941275,1
116,14,4,0.6048136514537221,0.21264358417463916,66.4433716427018,13,3,7,0.15384615384615385,0,0.23076923076923078,0.46153846153846156,0.3333333333333333,0.5,0.5384615384615384,0.5037451274245168,0.7809838786016752,0.38690933940697886,0.659046541429288,1
117,14,5,0.26354116406349704,0.3084398359214518,65.6032480576219,13,3,7,0.0,0,0.0,0.46153846153846156,0.0,0.0,0.0,0.37550640633658205,0.559816535877161,0.2686372808154014,0.5374173112553473,0
118,14,6,0.26503509144269977,0.24866704310150647,73.86098367638856,13,3,7,0.07692307692307693,0,0.07692307692307693,0.46153846153846156,0.16666666666666666,0.16666666666666666,0.15384615384615385,0.4711427622509244,0.808268134684384,0.3726906770754598,0.7539277451503538,0
119,14,7,0.43436335612996124,0.4048346680918326,90.64455917806667,13,3,7,0.0,0,0.0,0.46153846153846156,0.0,0.0,0.0,0.49235191779891047,0.770420471111943,0.35653442461323637,0.5712660086823661,0
120,15,0,0.4676774505190937,0.45052333333377487,117.57995100863094,17,4,11,0.11764705882352941,0,0.11764705882352941,0.4117647058823529,0.0,0.0,0.11764705882352941,0.5381299070298902,0.6947205902790545,0.4333159646149787,0.7893639578913543,1
121,15,1,0.31958757868124976,0.3353215344462148,77.21367347008206,17,4,11,0.0,0,0.0,0.4117647058823529,0.0,0.0,0.0,0.4027668890973792,0.6881803834548217,0.2888981126038037,0.5799287810010765,0
122,15,2,0.5869641831684043,0.4870708124776127,103.45988039209217,17,4,11,0.11764705882352941,0,0.11764705882352941,0.4117647058823529,0.14285714285714285,0.14285714285714285,0.35294117647058826,0.5176896202809523,0.7460537381324358,0.4092046062576711,0.8949951474632473,1
123,15,3,0.464431152199492,0.2160211373680465,72.74487723965494,17,4,11,0.17647058823529413,0,0.17647058823529413,0.4117647058823529,0.14285714285714285,0.14285714285714285,0.17647058823529413,0.5358319102813117,0.8634060539158928,0.4638670637786565,0.7245097537533172,0
124,15,4,0.44229454388495376,0.13681450130926903,63.55530762966289,17,4,11,0.11764705882352941,0,0.11764705882352941,0.4117647058823529,0.14285714285714285,0.14285714285714285,0.058823529411764705,0.38520805893412746,0.6597723635609206,0.33629768121741405,0.820100033453018,0
125,15,5,0.51149179213778,0.1563005638947693,109.35926802768537,17,4,11,0.11764705882352941,0,0.17647058823529413,0.4117647058823529,0.14285714285714285,0.14285714285714285,0.058823529411764705,0.5059626709397925,0.7904780498898727,0.3781168864854965,0.7630131838522499,0
126,15,6,0.68153606806895,0.6574431612380316,137.87403975725107,17,4,11,0.11764705882352941,1,0.11764705882352941,0.4117647058823529,0.0,0.0,0.17647058823529413,0.4501164847363163,0.68153606806895,0.31836741231591204,0.7206307814247639,0
127,15,7,0.48273706135294325,0.30047921808872213,69.73177453900198,17,4,11,0.0,0,0.0,0.4117647058823529,0.0,0.0,0.0,0.4604192720444879,0.6508204389944163,0.30953072785146973,0.5866940696219843,0
128,16,0,0.6480000283824016,0.6485575179782681,136.8840663903813,10,1,6,0.6,1,0.9,0.7,0.7142857142857143,0.8571428571428571,0.6,0.6375005681443566,0.8785599896407201,0.546828982844888,0.7212508918953858,0
129,16,1,0.45259599082732577,0.20409803372306887,70.2188190040554,10,1,6,0.0,0,0.0,0.7,0.0,0.0,0.0,0.37082889440854366,0.5559903466245444,0.24872468650759072,0.5970479570698044,0
130,16,2,0.6199110239169984,0.5979310099803359,157.74038467042146,10,1,6,0.0,0,0.0,0.7,0.0,0.0,0.0,0.45514642235530867,0.6199110239169984,0.31484442859353123,0.5979310099803359,0
131,16,3,0.37211242538113753,0.33327919031343856,66.9138176956172,10,1,6,0.2,0,0.2,0.7,0.2857142857142857,0.2857142857142857,0.2,0.3915515665782312,0.6324547386636195,0.33885868426931437,0.6251842774531791,0
132,16,4,0.45359937037531284,0.2814676997917096,74.86763544149625,10,1,6,0.1,0,0.1,0.7,0.14285714285714285,0.14285714285714285,0.2,0.5059371345389747,0.8237859748487677,0.3702413137802579,0.7467370179818796,0
133,16,5,0.6221351777829974,0.6700684853246689,146.34945845315593,10,1,6,0.7,1,0.8,0.7,0.7142857142857143,0.8571428571428571,0.6,0.5668440649453672,0.826114767390386,0.5825864136519209,0.7913079602978283,1
134,16,6,0.6222734070250181,0.46808649704405325,102.78171067934379,10,1,6,0.3,0,0.3,0.7,0.2857142857142857,0.2857142857142857,0.3,0.5959783709755445,0.8164197564949558,0.5157601944804594,0.8077246458188585,0
135,16,7,0.45470937576247034,0.24439807020536658,60.282981807744015,10,1,6,0.1,0,0.1,0.7,0.14285714285714285,0.14285714285714285,0.2,0.34174708300151435,0.5942124903212629,0.25566141189137226,0.6392124553994071,0
136,17,0,0.2862757607122028,0.12145427019618488,73.11691714404157,16,3,10,0.1875,0,0.1875,0.5625,0.3333333333333333,0.3333333333333333,0.5625,0.48307127012643747,0.7672111957263827,0.465532003185151,0.9351735417893992,0
137,17,1,0.4956103864518627,0.32581090934776447,106.79563233557674,16,3,10,0.0625,0,0.0625,0.5625,0.1111111111111111,0.1111111111111111,0.25,0.40045225981336996,0.6199979188482218,0.2507313322303068,0.6495162821953814,0
138,17,2,0.5299696762425508,0.5378758591703474,128.7503476613987,16,3,10,0.25,0,0.3125,0.5625,0.3333333333333333,0.4444444444444444,0.5,0.5046216711235949,0.6792361867168524,0.4738842695450752,0.8002062548232991,1
139,17,3,0.816492917621684,0.6598696802461853,153.32407816158457,16,3,10,0.1875,1,0.1875,0.5625,0.0,0.0,0.0625,0.5741857794536888,0.9342415478202932,0.4841875215430004,0.820478288452357,0
140,17,4,0.42379340973869184,0.4904081927226107,99.2023051362062,16,3,10,0.0,0,0.0,0.5625,0.0,0.0,0.0,0.3584978680367495,0.5793279675563361,0.2435624966335751,0.5900022650467507,0
141,17,5,0.6572096905739055,0.39167346998815405,134.0985169216903,16,3,10,0.125,0,0.125,0.5625,0.1111111111111111,0.1111111111111111,0.25,0.5384709638502508,0.7081421279041886,0.44138634666851195,0.889960135226356,0
142,17,6,0.3723253939709601,0.36428913351384956,100.2376252111459,16,3,10,0.3125,0,0.4375,0.5625,0.2222222222222222,0.3333333333333333,0.3125,0.5750875717511025,0.9074108656204715,0.5241576281996919,1.0,0
143,17,7,0.7452399822131242,0.7398990278712803,132.85730639952155,16,3,10,0.25,1,0.25,0.5625,0.1111111111111111,0.1111111111111111,0.125,0.5188793372303656,0.7747035507861668,0.4103020466500076,0.8920701075404636,1
144,18,0,0.5149213265514597,0.4843052621584054,99.75940087912323,17,1,13,0.23529411764705882,0,0.23529411764705882,0.4117647058823529,0.0,0.0,0.17647058823529413,0.5372181693300441,0.8106735785946435,0.4900479170790379,0.9367664003409777,0
145,18,1,0.615786792078361,0.754140967067032,139.32304833369685,17,1,13,0.17647058823529413,1,0.17647058823529413,0.4117647058823529,0.0,0.0,0.058823529411764705,0.4169358629390808,0.7776218788213272,0.39044235619992623,0.8647414964665954,1
146,18,2,0.5482070301816199,0.36182494642134216,112.16615608284081,17,1,13,0.23529411764705882,0,0.23529411764705882,0.4117647058823529,0.14285714285714285,0.14285714285714285,0.35294117647058826,0.5578399928627383,0.9004920749433702,0.47714814668402794,0.7743449587945469,0
147,18,3,0.36023383619347515,0.48521413409344255,96.94487716710881,17,1,13,0.17647058823529413,0,0.17647058823529413,0.4117647058823529,0.14285714285714285,0.14285714285714285,0.23529411764705882,0.4270337116347711,0.6995377485051482,0.3701954117552666,0.8039072645378358,0
148,18,4,0.7361780005953604,0.5986154686778605,134.0910258267649,17,1,13,0.4117647058823529,1,1.0,0.4117647058823529,0.8571428571428571,1.0,0.7647058823529411,0.636398462742875,0.9238667075161383,0.5795702971879936,0.9800446058296644,1
149,18,5,0.5566302012455786,0.2775191030598777,76.35751932462134,17,1,13,0.11764705882352941,0,0.11764705882352941,0.4117647058823529,0.14285714285714285,0.14285714285714285,0.23529411764705882,0.5178345474993491,0.8734986823039571,0.4441642113579738,0.9744234281838734,0
150,18,6,0.6083348028969684,0.29860416024877157,90.53447718542266,17,1,13,0.29411764705882354,0,0.35294117647058826,0.4117647058823529,0.42857142857142855,0.42857142857142855,0.47058823529411764,0.5944149938900787,0.8547024909184394,0.5147969154270787,0.8338247410287032,0
151,18,7,0.602803369912281,0.6179559514262338,135.14997322141156,17,1,13,0.17647058823529413,1,0.17647058823529413,0.4117647058823529,0.14285714285714285,0.14285714285714285,0.4117647058823529,0.5322484801139433,0.9065809230525778,0.4416236888576672,0.7980935463034614,0
152,19,0,0.33158539984479485,0.21359990282871694,53.042482257955974,11,2,6,0.0,0,0.0,0.45454545454545453,0.0,0.0,0.0,0.39704987173965467,0.6187064892222932,0.2552838862156808,0.5688364758438349,0
153,19,1,0.5955082191859653,0.5753385445212323,124.43051391929158,11,2,6,0.0,0,0.0,0.45454545454545453,0.0,0.0,0.0,0.4581524714872272,0.7333371414455315,0.3162071661509733,0.5753385445212323,0
154,19,2,0.382094895104545,0.32493140682006827,83.93965287755472,11,2,6,0.09090909090909091,0,0.09090909090909091,0.45454545454545453,0.0,0.0,0.0,0.4230139767516624,0.7289806223563777,0.37427310106097306,0.6700454704281422,0
155,19,3,0.7039722033879828,0.8355748522935548,139.7846192391802,11,2,6,0.18181818181818182,1,0.18181818181818182,0.45454545454545453,0.2,0.2,0.36363636363636365,0.5396994021913097,0.7039722033879828,0.4778280903340449,0.8891583310615371,1
156,19,4,0.19395352858327986,0.14124808996448346,65.41957745967292,11,2,6,0.0,0,0.0,0.45454545454545453,0.0,0.0,0.0,0.3976334161060718,0.6987852460597994,0.27453870070339365,0.5031285920728708,0
157,19,5,0.45573532202462014,0.5645240790207462,108.67692551581517,11,2,6,0.18181818181818182,0,0.36363636363636365,0.45454545454545453,0.4,0.6,0.45454545454545453,0.5196842986049331,0.7159733116689412,0.4922905869601314,0.7822006861971997,0
158,19,6,0.8534093146014503,0.8283342235726516,184.12160509489902,11,2,6,0.36363636363636365,1,0.5454545454545454,0.45454545454545453,0.2,0.2,0.18181818181818182,0.5284308004819571,0.8755602792780921,0.517626229691972,0.9690890221715652,1
159,19,7,0.523012873463769,0.5386582448271042,114.4581404471627,11,2,6,0.09090909090909091,0,0.09090909090909091,0.45454545454545453,0.2,0.2,0.36363636363636365,0.5068046923059668,0.8662363757794259,0.42984995738317977,0.8963565521175851,1
160,20,0,0.5935817882530127,0.5320150908593922,127.70504896264096,16,2,11,0.1875,1,0.3125,0.1875,0.6666666666666666,0.6666666666666666,0.5625,0.5602635876765462,0.7988705646940477,0.5206619708914231,0.8011987434157107,1
161,20,1,0.44098919763155564,0.2927782065565976,72.89466113728197,16,2,11,0.3125,0,0.4375,0.1875,0.3333333333333333,0.3333333333333333,0.5625,0.5473749470065916,0.7976438154119729,0.4761704216730286,0.7315671607806681,0
162,20,2,0.2780526741084446,0.33990466804458846,84.5798427360298,16,2,11,0.0,0,0.0,0.1875,0.0,0.0,0.0,0.46067696379850775,0.7203964998156869,0.37381589561168804,0.5446155845677152,0
163,20,3,0.37212033222299984,0.27745403812102,67.28437270457725,16,2,11,0.125,0,0.1875,0.1875,0.0,0.0,0.3125,0.42114284699894133,0.7291868082882462,0.4079465594351596,0.8379710372753044,0
164,20,4,0.7469474633217897,0.6183574597646028,118.57226439070524,16,2,11,0.3125,1,0.375,0.1875,0.0,0.0,0.1875,0.6193663673909442,0.964151047684277,0.5150658874978731,0.9308735255859901,1
165,20,5,0.4426112842200725,0.4803487851650386,70.15209363984151,16,2,11,0.0,0,0.0,0.1875,0.0,0.0,0.0,0.38766074626908503,0.5780039479989877,0.2486017536310544,0.4803487851650386,0
166,20,6,0.19522098003679353,0.26016718829734375,62.0213469085364,16,2,11,0.0,0,0.0,0.1875,0.0,0.0,0.0,0.37283358054860405,0.6246134807686592,0.29521258157114183,0.5964680576206112,0
167,20,7,0.3395202209120035,0.42517112325642525,85.12588897209235,16,2,11,0.0625,1,0.125,0.1875,0.3333333333333333,0.3333333333333333,0.1875,0.5465520026130359,0.7527709990348007,0.4333208170629203,0.7963891884512648,0
168,21,0,0.5867578235150278,0.47861888651844026,108.88918706319944,12,2,7,0.25,0,0.25,0.3333333333333333,0.0,0.0,0.0,0.5667061468949782,0.8717084403588002,0.4211908766867954,0.6399202478055929,0
169,21,1,0.5533128921336328,0.4402492189816279,120.63506914722342,12,2,7,0.16666666666666666,0,0.3333333333333333,0.3333333333333333,0.25,0.25,0.25,0.481401949763914,0.8326018899457489,0.3551613568724115,0.7044425719364316,0
170,21,2,0.6202621978596496,0.3989142675786555,83.17459996750226,12,2,7,0.16666666666666666,0,0.16666666666666666,0.3333333333333333,0.25,0.25,0.5,0.5041221761901816,0.6895043263987987,0.3947011001727041,0.8031425478428177,1
171,21,3,0.30724939678752433,0.38799384320099084,74.18095370822637,12,2,7,0.08333333333333333,0,0.08333333333333333,0.3333333333333333,0.0,0.0,0.08333333333333333,0.4510015429157301,0.7060489218861062,0.39376352132112663,0.7909424554955883,0
172,21,4,0.4862378121481082,0.5480694094193325,115.80445411902262,12,2,7,0.0,0,0.0,0.3333333333333333,0.0,0.0,0.0,0.46649768860978563,0.6673568983461362,0.30321112945361967,0.5987122063266468,0
173,21,5,0.5339966403103245,0.648998648148231,120.88095250606565,12,2,7,0.5,1,0.5,0.3333333333333333,0.25,0.25,0.5,0.5461770888807226,0.7952073519881393,0.516347913486464,0.7285460163477345,0
174,21,6,0.20416821374087035,0.13784615609001322,44.35504946513638,12,2,7,0.0,0,0.0,0.3333333333333333,0.0,0.0,0.0,0.39581560289994044,0.6018661440605357,0.27226515121460565,0.5483495781000969,0
175,21,7,0.5948301082321945,0.7801752623013736,139.7324570342207,12,2,7,0.25,1,0.25,0.3333333333333333,0.25,0.25,0.5,0.48564086500917775,1.0,0.417008746791611,0.7801752623013736,1
176,22,0,0.6492978342713154,0.6940349633684861,181.0557078773308,14,6,8,0.21428571428571427,1,0.2857142857142857,0.5714285714285714,0.0,0.0,0.14285714285714285,0.4808500677337258,0.6492978342713154,0.47469332443355483,0.7683452005280622,1
177,22,1,0.4173959208359418,0.1886110094223708,75.13217702457952,14,6,8,0.14285714285714285,0,0.21428571428571427,0.5714285714285714,0.0,0.0,0.14285714285714285,0.5091488977573875,0.6445756626802864,0.42852035233764313,0.8247458140414519,1
178,22,2,0.8244647695913719,0.9102993819545571,175.5257920743854,14,6,8,0.21428571428571427,1,0.35714285714285715,0.5714285714285714,0.25,0.375,0.42857142857142855,0.5384985175262452,0.8244647695913719,0.4383803767538013,0.9102993819545571,1
179,22,3,0.7653652057606158,0.6363117498284071,164.98473313876536,14,6,8,0.14285714285714285,1,0.14285714285714285,0.5714285714285714,0.125,0.125,0.07142857142857142,0.5018342323597154,0.7653652057606158,0.367515978907962,0.6609183767737595,1
180,22,4,0.6066464683995877,0.7240742466338348,98.77414990183556,14,6,8,0.5,1,0.5,0.5714285714285714,0.25,0.25,0.42857142857142855,0.5608038915440358,0.7142965779039729,0.5031813235744671,0.7479322149563092,0
181,22,5,0.45168333600922655,0.4320046046602417,111.88725384770865,14,6,8,0.14285714285714285,1,0.42857142857142855,0.5714285714285714,0.25,0.5,0.21428571428571427,0.5559885183536092,0.7646763381779383,0.46686790810843615,0.6967270672281949,1
182,22,6,0.7244212067919297,1.0,181.2557221287911,14,6,8,0.14285714285714285,1,0.14285714285714285,0.5714285714285714,0.125,0.125,0.0,0.5664225189304088,0.7910526900194148,0.4596043842133017,1.0,1
183,22,7,0.4423410575227075,0.37226476685875454,112.57690015851028,14,6,8,0.2857142857142857,0,0.5,0.5714285714285714,0.375,0.375,0.5,0.5925352951580407,0.8233943179850058,0.5604945945197538,0.9024024063042321,0
184,23,0,0.3171835639591743,0.055061637474319136,68.81933893205945,15,0,12,0.13333333333333333,0,0.13333333333333333,0.4,0.0,0.0,0.06666666666666667,0.4734825651985043,0.7215878385618988,0.3607799932057162,0.9209544996811545,0
185,23,1,0.27120459819188003,0.2521628543620701,63.53060682886836,15,0,12,0.13333333333333333,0,0.13333333333333333,0.4,0.16666666666666666,0.16666666666666666,0.13333333333333333,0.3961074903242837,0.6103031843355435,0.3249401979483562,0.671848275863935,0
186,23,2,0.31739482996899326,0.21674701493895698,72.57748534462489,15,0,12,0.13333333333333333,0,0.13333333333333333,0.4,0.16666666666666666,0.16666666666666666,0.13333333333333333,0.5263750184494634,0.8768802763176499,0.35801322849725825,0.6445192932645173,0
187,23,3,0.5405515307782468,0.28397698597916876,86.01859563560046,15,0,12,0.06666666666666667,0,0.06666666666666667,0.4,0.16666666666666666,0.16666666666666666,0.06666666666666667,0.36571309684233694,0.6426001379763088,0.20236923468206386,0.6907145241731423,1
188,23,4,0.4778332038200337,0.5387013748581062,92.3709872023177,15,0,12,0.0,0,0.0,0.4,0.0,0.0,0.0,0.4302835716885216,0.720403286561526,0.3032881529101551,0.5387013748581062,0
189,23,5,0.6272829255747904,0.5041982051555833,128.30758716769458,15,0,12,0.3333333333333333,0,0.4,0.4,0.3333333333333333,0.3333333333333333,0.6,0.4803569710256349,0.6862212137858491,0.4633848237301895,0.7223225164571137,0
190,23,6,0.5571735342225829,0.5897139450845978,111.73432922810477,15,0,12,0.06666666666666667,0,0.06666666666666667,0.4,0.0,0.0,0.0,0.4336553449747997,0.751243482493793,0.3002016317525384,0.7138713424769332,1
191,23,7,0.44377792150870643,0.4475804931739577,77.08131187836685,15,0,12,0.13333333333333333,0,0.13333333333333333,0.4,0.3333333333333333,0.3333333333333333,0.5333333333333333,0.4574352295033691,0.7755714099987798,0.36191860089831623,0.7684165270766474,0
192,24,0,0.20432442139255094,0.03485993059907519,63.02292770985893,10,3,5,0.1,0,0.4,0.6,0.16666666666666666,0.5,0.4,0.4374674289718549,0.6836718821975921,0.2694656339898123,0.7607862407192654,0
193,24,1,0.17342880095965013,0.18414004118970329,58.87221589507824,10,3,5,0.1,0,0.1,0.6,0.0,0.0,0.0,0.4288406347361735,0.662511747595271,0.2934350847139363,0.6451547298532877,0
194,24,2,0.45924240909631237,0.5618726502161133,79.97196339381293,10,3,5,0.0,0,0.0,0.6,0.0,0.0,0.0,0.4895823507734969,0.7680507679060617,0.3518852503801746,0.5618726502161133,1
195,24,3,0.7843235712031944,0.37012564235122014,124.99788573567983,10,3,5,0.1,0,0.1,0.6,0.16666666666666666,0.16666666666666666,0.2,0.45267815145898405,0.7843235712031944,0.38558502775669046,0.6321540085833073,0
196,24,4,0.47345220630078577,0.46682318492975355,123.50898735698503,10,3,5,0.0,0,0.0,0.6,0.0,0.0,0.0,0.47274527973781294,0.6758061818157641,0.31425311907821246,0.5264742064317207,0
197,24,5,0.38031814539176806,0.5348266439708644,106.42309975368005,10,3,5,0.0,0,0.0,0.6,0.0,0.0,0.0,0.4442923253734901,0.6149721643035944,0.33887246207030386,0.5969890454323526,0
198,24,6,0.5435534472767668,0.43012885995690053,134.23243044295074,10,3,5,0.0,0,0.0,0.6,0.0,0.0,0.0,0.4144931412118014,0.6432051622407722,0.3029615791605335,0.5472752628979939,1
199,24,7,0.21924138668810172,0.21977157085690996,49.44228979178283,10,3,5,0.1,0,0.1,0.6,0.16666666666666666,0.16666666666666666,0.2,0.40473321508945564,0.7329006533187428,0.3533866836936537,0.7829513107880846,0
200,25,0,0.6660344420894818,0.48101753290713994,117.60811013322518,18,3,13,0.3888888888888889,1,0.5,0.2777777777777778,0.2,0.2,0.3333333333333333,0.5773866259235831,1.0,0.6039887572427434,0.9727434182415217,0
201,25,1,0.5330173063280149,0.4013217879437687,109.84865430083204,18,3,13,0.3333333333333333,0,0.3888888888888889,0.2777777777777778,0.2,0.2,0.3888888888888889,0.5684537853981944,0.9173383573175522,0.5625774972606128,0.9562025272556597,0
202,25,2,0.3833458352921602,0.45991295612890115,106.87662449236005,18,3,13,0.2222222222222222,0,0.2777777777777778,0.2777777777777778,0.2,0.2,0.3888888888888889,0.511613910663034,0.7889680921247848,0.5084179669458654,0.8850300853369901,0
203,25,3,0.7439838403479712,0.7238003212190266,133.53546651912492,18,3,13,0.5555555555555556,1,0.8333333333333334,0.2777777777777778,0.6,0.6,0.7222222222222222,0.5490974813110172,0.8534425695173532,0.6065621692266779,1.0,1
204,25,4,0.3953705934550803,0.5487139787820464,92.3931865062942,18,3,13,0.16666666666666666,0,0.4444444444444444,0.2777777777777778,0.4,0.6,0.6666666666666666,0.41919820547720926,0.8368645675189564,0.3282708368768217,0.8897301391290479,1
205,25,5,0.8527484701868315,0.7187171827156521,159.4867126910693,18,3,13,0.16666666666666666,1,0.16666666666666666,0.2777777777777778,0.2,0.2,0.2222222222222222,0.5466715920187438,0.8781323518152738,0.4442382991929002,0.8846282293792052,1
206,25,6,0.5623520290052633,0.1671092622613746,61.87031326231251,18,3,13,0.05555555555555555,0,0.05555555555555555,0.2777777777777778,0.0,0.0,0.1111111111111111,0.41538887789292556,0.6599173171171665,0.2701161186784542,0.6279044465823416,0
207,25,7,0.41667938878453736,0.45901381128508506,91.66277266496196,18,3,13,0.2222222222222222,0,0.2222222222222222,0.2777777777777778,0.2,0.2,0.3333333333333333,0.4750751195338307,0.7872155238871668,0.3810448984287479,0.7745953778651378,0
208,26,0,0.6626366102073915,0.7102531291891155,128.66697029886066,18,6,10,0.2777777777777778,1,0.4444444444444444,0.5,0.3333333333333333,0.5555555555555556,0.3333333333333333,0.5913915046098492,0.8265296519542604,0.49786804176244953,0.7102531291891155,0
209,26,1,0.559576254282996,0.3939956842007448,117.07014261618684,18,6,10,0.1111111111111111,0,0.2222222222222222,0.5,0.2222222222222222,0.3333333333333333,0.3333333333333333,0.4343832473042429,0.7976668674343087,0.37825031876767146,0.7782013637597105,0
210,26,2,0.8745757815329084,0.9739630789963103,156.80125710872863,18,6,10,0.3333333333333333,1,0.4444444444444444,0.5,0.4444444444444444,0.5555555555555556,0.4444444444444444,0.5542426470273285,0.8745757815329084,0.5171420980418657,0.9739630789963103,1
211,26,3,0.45907752120426437,0.5378965108014843,75.91336808694444,18,6,10,0.16666666666666666,0,0.2222222222222222,0.5,0.1111111111111111,0.1111111111111111,0.2222222222222222,0.49366452426701035,0.8521413571215078,0.3948698386887346,0.7202715629422872,0
212,26,4,0.4163448118479517,0.4370117843647345,95.27794260818465,18,6,10,0.1111111111111111,0,0.16666666666666666,0.5,0.2222222222222222,0.3333333333333333,0.2777777777777778,0.45253715368886976,0.7542890310668331,0.3951930843291248,0.8517469226596576,1
213,26,5,0.4715425384521012,0.3461435389314143,125.35469645673723,18,6,10,0.1111111111111111,0,0.1111111111111111,0.5,0.0,0.0,0.05555555555555555,0.3964789924873504,0.7287202118444993,0.37441644387955464,0.6329598412791801,0
214,26,6,0.3600499324998157,0.17285381582940917,79.00499046651996,18,6,10,0.0,0,0.0,0.5,0.0,0.0,0.0,0.39182027187337837,0.6143172958628481,0.26472926566474286,0.5531340365862042,0
215,26,7,0.4626191918210547,0.6356856649949608,123.77443768138018,18,6,10,0.16666666666666666,1,0.2777777777777778,0.5,0.2222222222222222,0.3333333333333333,0.16666666666666666,0.46333816349652807,0.6978196744153173,0.34660264687204656,0.7201887869923772,0
216,27,0,0.6326746222982844,0.475584303539058,132.77628461879019,13,3,7,0.23076923076923078,0,0.23076923076923078,0.3076923076923077,0.25,0.25,0.3076923076923077,0.5320450438341241,0.7050741976882151,0.4760854014729589,0.7347564123251145,1
217,27,1,0.7364042957126704,0.7330631719308979,122.56245520077478,13,3,7,0.15384615384615385,1,0.15384615384615385,0.3076923076923077,0.0,0.0,0.0,0.46424797116140276,0.7364042957126704,0.35961496444115587,0.7330631719308979,0
218,27,2,0.6772339560573939,0.5573818071258141,154.00779001834925,13,3,7,0.23076923076923078,0,0.23076923076923078,0.3076923076923077,0.25,0.25,0.3076923076923077,0.5111445784337777,0.742303076191544,0.4913016069461562,0.8173857842868428,0
219,27,3,0.5475134985673844,0.5765102789162071,126.19644365532686,13,3,7,0.3076923076923077,0,0.5384615384615384,0.3076923076923077,0.25,0.25,0.38461538461538464,0.5949193501804747,0.8523394200115276,0.5282429946933104,0.9405546959828147,0
220,27,4,0.6529752040913067,0.7509948541716898,164.5997358255975,13,3,7,0.15384615384615385,1,0.15384615384615385,0.3076923076923077,0.25,0.25,0.23076923076923078,0.518500829435641,0.6529752040913067,0.46291391258635894,0.7676945266899914,0
221,27,5,0.1142071314455719,0.2745134607868013,53.61983186511331,13,3,7,0.07692307692307693,1,0.15384615384615385,0.3076923076923077,0.25,0.25,0.07692307692307693,0.41279149828555234,0.5744239026470894,0.3484775322424824,0.7056081171938658,0
222,27,6,0.48271128764330934,0.3084457404543623,68.68597907764554,13,3,7,0.0,0,0.0,0.3076923076923077,0.0,0.0,0.0,0.37162800544334246,0.6296396782866918,0.21654382490083174,0.3741818810999835,0
223,27,7,0.5109622077586168,0.38640166559540073,86.23934593821265,13,3,7,0.07692307692307693,0,0.07692307692307693,0.3076923076923077,0.0,0.0,0.0,0.405204196646122,0.7574538768841388,0.31065403239573786,0.9127706611713966,0
224,28,0,0.3297986525761394,0.2301696941773106,73.51034563778704,17,4,10,0.17647058823529413,0,0.17647058823529413,0.23529411764705882,0.0,0.0,0.058823529411764705,0.5531004606895064,0.8022475972103112,0.47619592990657095,1.0,0
225,28,1,0.6349382383846488,0.7031861067080966,124.05005485362278,17,4,10,0.17647058823529413,1,0.17647058823529413,0.23529411764705882,0.0,0.0,0.0,0.37649296386916276,0.6349382383846488,0.2532396338719452,0.7031861067080966,0
226,28,2,0.4340156589538103,0.3075431708143637,80.54930850102735,17,4,10,0.058823529411764705,0,0.11764705882352941,0.23529411764705882,0.25,0.25,0.23529411764705882,0.4498820935600459,0.7651603737566963,0.26548547076494805,0.6335581554864842,0
227,28,3,0.40298582061955845,0.2802983349574735,40.661578922363155,17,4,10,0.058823529411764705,0,0.058823529411764705,0.23529411764705882,0.0,0.0,0.0,0.39332264390351324,0.6995540150951289,0.243537729120995,0.7251901954985444,0
228,28,4,0.722930754400627,0.6474894681626807,147.84339485075742,17,4,10,0.17647058823529413,1,0.17647058823529413,0.23529411764705882,0.0,0.0,0.058823529411764705,0.47859932190881976,0.9771894160276802,0.4393980210529061,0.9494053910510385,1
229,28,5,0.2726097633445871,0.4160002010576484,70.9950092343012,17,4,10,0.058823529411764705,0,0.058823529411764705,0.23529411764705882,0.0,0.0,0.0,0.4737560349485538,0.7623449247358091,0.37022955960551274,0.6543892606650655,0
230,28,6,0.33494421749354863,0.3313510568704444,68.72228118024343,17,4,10,0.0,0,0.0,0.23529411764705882,0.0,0.0,0.0,0.33872046979188,0.5901812917899347,0.22323258146216357,0.5440986876051515,0
231,28,7,0.28566142141376777,0.3997871503899982,75.5539867536771,17,4,10,0.47058823529411764,0,0.7647058823529411,0.23529411764705882,0.25,0.25,0.4117647058823529,0.5589767017932393,0.8009965544102867,0.5421103531127275,0.8200787678700219,0
232,29,0,0.34899325132363923,0.1482198515295003,62.61660905300362,12,1,8,0.16666666666666666,0,0.25,0.5833333333333334,0.2857142857142857,0.42857142857142855,0.3333333333333333,0.47388237764980756,0.7679031589079551,0.3806515783551485,0.8052594389423443,0
233,29,1,0.8795652338008605,0.9434129229257517,154.4995980964389,12,1,8,0.25,1,0.25,0.5833333333333334,0.2857142857142857,0.2857142857142857,0.16666666666666666,0.5360364633484885,0.8795652338008605,0.4828173215289466,0.9434129229257517,1
234,29,2,0.3680700129599555,0.32265550541921356,53.60567979285869,12,1,8,0.0,0,0.0,0.5833333333333334,0.0,0.0,0.0,0.4287215694877078,0.5957797643289073,0.30648616011109603,0.4583473318998188,0
235,29,3,0.6705757892463176,0.4995684668704966,106.38215059752366,12,1,8,0.0,0,0.0,0.5833333333333334,0.0,0.0,0.0,0.4756368102591279,0.6705757892463176,0.3178654496057673,0.4995684668704966,0
236,29,4,0.4861184627617984,0.27264370224758905,115.72115864006132,12,1,8,0.16666666666666666,0,0.4166666666666667,0.5833333333333334,0.2857142857142857,0.7142857142857143,0.6666666666666666,0.4663610977955375,0.6848552356961455,0.4068339306872771,0.7118202130284592,0
237,29,5,0.3287500256436347,0.03022887603774349,58.778745926080866,12,1,8,0.08333333333333333,0,0.08333333333333333,0.5833333333333334,0.14285714285714285,0.14285714285714285,0.08333333333333333,0.5170619601640596,0.7247662488339093,0.3642826425241608,0.7921661716095026,0
238,29,6,0.6836182186623332,0.6428120829897889,141.17388108672114,12,1,8,0.16666666666666666,1,0.16666666666666666,0.5833333333333334,0.0,0.0,0.08333333333333333,0.5533618705358313,0.7872528890129407,0.4626788856570337,0.6558513120860718,0
239,29,7,0.614307996833968,0.6025534030850047,159.4279710686487,12,1,8,0.16666666666666666,1,0.16666666666666666,0.5833333333333334,0.14285714285714285,0.14285714285714285,0.08333333333333333,0.5069442126094824,0.7362672721398084,0.4141649204010276,0.8257551592733191,0
240,30,0,0.44061598291542187,0.16137540885764584,67.50616385504925,11,1,7,0.0,0,0.0,0.5454545454545454,0.0,0.0,0.0,0.42987116782586965,0.7279696381382388,0.3060171265476382,0.5496546453767879,0
241,30,1,0.3511265857549123,0.37005812653250075,96.69432560385204,11,1,7,0.09090909090909091,0,0.18181818181818182,0.5454545454545454,0.16666666666666666,0.3333333333333333,0.09090909090909091,0.4026635318643492,0.7889772776122731,0.2638641085656031,0.6958478457546068,0
242,30,2,0.39179716605936493,0.27434507538723,77.48295675481023,11,1,7,0.09090909090909091,0,0.09090909090909091,0.5454545454545454,0.16666666666666666,0.16666666666666666,0.09090909090909091,0.3900813620210482,0.5238040455508093,0.3139309899645782,0.6696327022097316,0
243,30,3,0.2522526955945714,0.08202620078772242,57.86815742676323,11,1,7,0.0,0,0.0,0.5454545454545454,0.0,0.0,0.0,0.3396590767320269,0.5984393980779514,0.2468242181107631,0.4816522057017256,0
244,30,4,0.33320948792402916,0.13273757278019452,37.664447246183975,11,1,7,0.09090909090909091,0,0.09090909090909091,0.5454545454545454,0.0,0.0,0.18181818181818182,0.4276981614486589,0.6541508055094666,0.26833234581820753,0.6012300357468618,0
245,30,5,0.36133491104176296,0.4818444827189271,97.17523308814091,11,1,7,0.0,0,0.0,0.5454545454545454,0.0,0.0,0.0,0.4836446282895721,0.7013306511391846,0.3854443933413581,0.5896751830847363,1
246,30,6,0.6734147036969598,0.3691595617068504,149.2789595537597,11,1,7,0.45454545454545453,0,0.5454545454545454,0.5454545454545454,0.3333333333333333,0.3333333333333333,0.6363636363636364,0.6439296263741575,1.0,0.5598927603409147,0.898273953657028,0
247,30,7,0.6890109852970326,0.7489935175880699,189.89352414666115,11,1,7,0.18181818181818182,1,0.18181818181818182,0.5454545454545454,0.16666666666666666,0.16666666666666666,0.09090909090909091,0.49944966182955086,0.773984419986236,0.3822671400243488,0.7815622736330593,0
248,31,0,0.41146902869968865,0.13642883333923897,66.58019484730374,12,3,7,0.16666666666666666,0,0.25,0.08333333333333333,0.0,0.0,0.25,0.5294970904411707,0.8967863230835882,0.415585278983656,0.9661685737973728,0
249,31,1,0.48981129762273823,0.4365473629782535,132.42110060513593,12,3,7,0.16666666666666666,1,0.3333333333333333,0.08333333333333333,1.0,1.0,0.3333333333333333,0.5051029171099907,0.7511959152708279,0.4322550549858685,0.8007097473520205,0
250,31,2,0.38980110342033114,0.22494488949647654,93.6096144000687,12,3,7,0.08333333333333333,0,0.08333333333333333,0.08333333333333333,0.0,0.0,0.0,0.5245467831374192,0.7296412022698332,0.4737048271753916,0.7486896505022096,0
251,31,3,0.3614292791520456,0.034949840142745554,26.329703118494514,12,3,7,0.0,0,0.0,0.08333333333333333,0.0,0.0,0.0,0.39974703220223895,0.6995266995518943,0.2637250068211731,0.509368924606021,0
252,31,4,0.6173170914742401,0.47835518569260954,103.46411431178028,12,3,7,0.08333333333333333,0,0.08333333333333333,0.08333333333333333,0.0,0.0,0.0,0.41956124454644783,0.7507346778071093,0.3233508394159646,0.6672501610399841,0
253,31,5,0.32765647243253004,0.22662798370199855,85.39968975211625,12,3,7,0.16666666666666666,0,0.25,0.08333333333333333,0.0,0.0,0.16666666666666666,0.5150901736076717,0.8203760662513292,0.41295517776769747,0.8484595938570806,1
254,31,6,0.377660407052728,0.2998070127861044,64.79834924842989,12,3,7,0.0,0,0.0,0.08333333333333333,0.0,0.0,0.0,0.3211322694921956,0.5038239782103344,0.2566806391564903,0.517149969405232,1
255,31,7,0.6110345170557013,0.5994715830183055,111.60826862738956,12,3,7,0.0,0,0.0,0.08333333333333333,0.0,0.0,0.0,0.4916421785780995,0.6609205419215469,0.33309079721833484,0.5994715830183055,0
256,32,0,0.23303925343044635,0.33710831266355396,80.29669042266859,16,2,11,0.3125,0,0.4375,0.25,0.0,0.0,0.25,0.5396966463447581,0.8603863089543121,0.5296790220739225,0.916414539453466,0
257,32,1,0.4732513659231011,0.3889946605953807,72.59975832942742,16,2,11,0.0625,0,0.0625,0.25,0.0,0.0,0.0625,0.4577282180157109,0.6727501644454507,0.3518963931824832,0.7318913802775133,0
258,32,2,0.4783125657273715,0.35737567469648823,101.67496710428681,16,2,11,0.1875,0,0.25,0.25,0.25,0.25,0.4375,0.5574508645891245,0.8711960269386207,0.4664099427316829,0.7739180235974173,1
259,32,3,0.40184707517037194,0.10671550252073471,41.89220732723991,16,2,11,0.0,0,0.0,0.25,0.0,0.0,0.0,0.3465233599109639,0.5618539743933909,0.23740360761799167,0.49525435615467095,0
260,32,4,0.48053208333308295,0.5621086913611296,137.66809899587085,16,2,11,0.1875,0,0.1875,0.25,0.0,0.0,0.125,0.4709219010887774,0.6666505282534447,0.47252090621394705,0.7615787532786353,0
261,32,5,0.30178178791124266,0.13430562310718527,67.81942731646986,16,2,11,0.125,0,0.125,0.25,0.0,0.0,0.1875,0.4163166038586236,0.6464243032820945,0.3264463185771753,0.76659904607737,0
262,32,6,0.30642525444812907,0.19695452016661188,81.36406287031838,16,2,11,0.0625,0,0.0625,0.25,0.0,0.0,0.1875,0.35522064280372784,0.5654532863637907,0.2612319187145622,0.6245941122571105,0
263,32,7,0.4821687987471409,0.5235370162664588,94.73529736268159,16,2,11,0.5,0,0.6875,0.25,0.5,0.5,0.5625,0.5955803886286444,0.8026751525537148,0.6238942647536729,0.9167062642055647,1
264,33,0,0.5997084854216692,0.18576123935387323,40.13869889858812,17,5,10,0.0,0,0.0,0.35294117647058826,0.0,0.0,0.0,0.45360625706277746,0.6684980258034687,0.3403959955727506,0.5446727228919286,0
265,33,1,0.4501290345242779,0.49856156600302454,72.85914183942624,17,5,10,0.17647058823529413,0,0.17647058823529413,0.35294117647058826,0.0,0.0,0.0,0.5954699362832718,0.883876616546674,0.47197529139175365,0.7833986137547359,0
266,33,2,0.6378082206142287,0.6375057177407721,108.99731286782949,17,5,10,0.11764705882352941,1,0.11764705882352941,0.35294117647058826,0.16666666666666666,0.16666666666666666,0.23529411764705882,0.4726905544911467,0.8093500139511998,0.362802269444227,0.8401285487472798,1
267,33,3,0.3762789056632972,0.29253279634379414,69.75030341407977,17,5,10,0.0,0,0.0,0.35294117647058826,0.0,0.0,0.0,0.3553968391542184,0.5406170697174001,0.21624383890601298,0.5429832957280822,0
268,33,4,0.4997547320876464,0.8806028029293967,156.75030973091438,17,5,10,0.29411764705882354,1,0.4117647058823529,0.35294117647058826,0.3333333333333333,0.3333333333333333,0.35294117647058826,0.6152271354992132,0.880438314854372,0.537677306782579,1.0,1
269,33,5,0.5669514873054368,0.7505734594237317,152.9177016071234,17,5,10,0.5294117647058824,1,0.6470588235294118,0.35294117647058826,0.3333333333333333,0.3333333333333333,0.23529411764705882,0.6388892607680037,0.8734629471280817,0.5945049136328967,0.7606532357833868,1
270,33,6,0.3091905807868687,0.24726922145814015,49.88925294042221,17,5,10,0.058823529411764705,0,0.058823529411764705,0.35294117647058826,0.0,0.0,0.0,0.5039704681509172,0.7810390074764004,0.3635400163866118,0.7618889277101376,0
271,33,7,0.360248549341515,0.3062732192846524,73.20372936235599,17,5,10,0.058823529411764705,0,0.058823529411764705,0.35294117647058826,0.16666666666666666,0.16666666666666666,0.23529411764705882,0.3976877419511781,0.7057558204397979,0.3313863506892616,0.8200061614742846,0
272,34,0,0.22608437427654043,0.336419421614783,83.09566806406187,17,1,13,0.0,0,0.0,0.4117647058823529,0.0,0.0,0.0,0.3845747767113618,0.5865096706625524,0.265651604759443,0.5502642832988732,0
273,34,1,0.5357927870622583,0.49870695827002565,98.72986157251167,17,1,13,0.058823529411764705,0,0.058823529411764705,0.4117647058823529,0.0,0.0,0.058823529411764705,0.4893451125814745,0.878410687188424,0.317807757219892,0.6332071388276522,0
274,34,2,0.48967098545871934,0.20841951319602336,60.221435764267504,17,1,13,0.11764705882352941,0,0.11764705882352941,0.4117647058823529,0.14285714285714285,0.14285714285714285,0.17647058823529413,0.46353977902297616,0.7743751374286655,0.3604788282726189,0.6680065403561635,0
275,34,3,0.8359498109490335,0.6420976579490615,140.2635280743942,17,1,13,0.29411764705882354,1,0.4117647058823529,0.4117647058823529,0.42857142857142855,0.42857142857142855,0.4117647058823529,0.5063082130065384,0.8359498109490335,0.4599370267795489,0.7225131445244503,0
276,34,4,0.3885514458142876,0.37959877014248206,104.91352127555486,17,1,13,0.29411764705882354,0,0.6470588235294118,0.4117647058823529,0.42857142857142855,0.5714285714285714,0.5882352941176471,0.5845565339353412,0.994598310457747,0.498110134579785,1.0,0
277,34,5,0.7229999176534844,0.8137551084706935,143.84503322660254,17,1,13,0.058823529411764705,1,0.058823529411764705,0.4117647058823529,0.0,0.0,0.0,0.37260556275474627,0.7229999176534844,0.2873788781606952,0.8137551084706935,0
278,34,6,0.31487990485708234,0.0821711923134899,36.30722309626137,17,1,13,0.0,0,0.0,0.4117647058823529,0.0,0.0,0.0,0.3778946759664733,0.7417522131215293,0.2346101771795002,0.546403581453866,0
279,34,7,0.9465689891715404,0.9343163439581909,166.50434138885151,17,1,13,0.4117647058823529,1,0.47058823529411764,0.4117647058823529,0.2857142857142857,0.2857142857142857,0.4117647058823529,0.5934503624054724,0.9465689891715404,0.5600236316712612,0.9343163439581909,0
280,35,0,0.4855896635675305,0.2715363456397116,74.12428172719194,12,2,7,0.08333333333333333,0,0.08333333333333333,0.5833333333333334,0.14285714285714285,0.14285714285714285,0.08333333333333333,0.49560640035384323,0.8223210525256169,0.39979654272962195,0.7797178515276126,0
281,35,1,0.5527790771668276,0.6770874999826636,113.49716534895829,12,2,7,0.25,1,0.25,0.5833333333333334,0.2857142857142857,0.2857142857142857,0.3333333333333333,0.5421414533110818,0.7366208018324405,0.4683753211477373,0.8409278828917848,0
282,35,2,0.29319427348898536,0.22231803726627486,90.12639858248829,12,2,7,0.25,0,0.4166666666666667,0.5833333333333334,0.2857142857142857,0.5714285714285714,0.3333333333333333,0.4457002371691163,0.7617446976441216,0.41326343308297014,0.7912522795244955,0
283,35,3,0.6580685078717039,0.37176962082670606,154.1913916359799,12,2,7,0.3333333333333333,0,0.5833333333333334,0.5833333333333334,0.42857142857142855,0.7142857142857143,0.5,0.5970661683280127,0.9489304110850039,0.5271934547987617,1.0,0
284,35,4,0.4920331122014798,0.3154694499466367,113.29614817647021,12,2,7,0.4166666666666667,0,0.5,0.5833333333333334,0.2857142857142857,0.2857142857142857,0.25,0.6043945526431903,0.8105446264911722,0.5615414847611134,0.8550843963804368,0
285,35,5,0.8671950251545374,0.6855442558984295,134.5009251662759,12,2,7,0.25,1,0.25,0.5833333333333334,0.0,0.0,0.0,0.46517473180011937,0.8671950251545374,0.3669378857973295,0.7225410965661133,1
286,35,6,0.3313722705078645,0.32022966194504604,37.948423078380515,12,2,7,0.0,0,0.0,0.5833333333333334,0.0,0.0,0.0,0.32247648301452253,0.4624098141159998,0.18010986912177082,0.3747422052092093,0
287,35,7,0.3550088942648463,0.08272470276201392,46.33404751414363,12,2,7,0.0,0,0.0,0.5833333333333334,0.0,0.0,0.0,0.41361314505394825,0.6690966121561993,0.25363828455470877,0.537148902417287,0
288,36,0,0.30713579998576224,0.19291443822444096,74.17679573208511,17,4,10,0.35294117647058826,1,0.6470588235294118,0.47058823529411764,0.625,0.875,0.5294117647058824,0.5826888472194908,0.9144513511375134,0.4803376807120059,0.9197179853209687,0
289,36,1,0.4416062530052848,0.3420710816424347,79.86877624107919,17,4,10,0.11764705882352941,0,0.17647058823529413,0.47058823529411764,0.25,0.25,0.29411764705882354,0.46113888271916514,0.8985667066200197,0.3545540512650939,0.8065142168574774,0
290,36,2,0.29934149832705276,0.23366790824485656,53.897870529072506,17,4,10,0.0,0,0.0,0.47058823529411764,0.0,0.0,0.0,0.3379306980060433,0.6373746238655211,0.2115662960031618,0.32322284323715333,0
291,36,3,0.4849198951918484,0.09931041117478531,66.71586565709833,17,4,10,0.058823529411764705,0,0.11764705882352941,0.47058823529411764,0.125,0.125,0.23529411764705882,0.3936497248235564,0.6492744858903602,0.3028129631955542,0.6085646114142569,0
292,36,4,0.39777838433941354,0.2861649248255708,65.40985846979683,17,4,10,0.29411764705882354,0,0.47058823529411764,0.47058823529411764,0.375,0.625,0.47058823529411764,0.5268013409567956,0.8941053591407561,0.4448925287167353,0.7993273729779673,1
293,36,5,0.3774640473124082,0.1941709385687157,81.67386224859622,17,4,10,0.058823529411764705,0,0.058823529411764705,0.47058823529411764,0.125,0.125,0.058823529411764705,0.44869533687595164,0.7073182189518731,0.40179591903644984,0.6272582859720839,0
294,36,6,0.5293932295398536,0.23146333708631647,63.32279894739161,17,4,10,0.11764705882352941,0,0.11764705882352941,0.47058823529411764,0.125,0.125,0.11764705882352941,0.44600432349332536,0.7759816987983922,0.3560118768394145,0.6979690731745075,0
295,36,7,0.45341338732135306,0.4829798810994565,100.55639506050116,17,4,10,0.17647058823529413,0,0.23529411764705882,0.47058823529411764,0.125,0.125,0.29411764705882354,0.5735993175746699,0.8010486795824991,0.45245485209494757,0.8047615809977479,0
296,37,0,0.47098208484364856,0.4586957130217754,85.21775552006528,17,3,11,0.058823529411764705,0,0.11764705882352941,0.4117647058823529,0.0,0.0,0.11764705882352941,0.5002169927594741,0.700088811685603,0.39416083876030944,0.6110192122461516,0
297,37,1,0.4182579097669947,0.22410327991569962,83.58480359671081,17,3,11,0.35294117647058826,1,0.7058823529411765,0.4117647058823529,0.42857142857142855,0.5714285714285714,0.47058823529411764,0.5821111561706069,0.9419372095282955,0.5267665449496766,0.9238095220684719,0
298,37,2,0.41456593646956175,0.16309449901367085,62.04815374448333,17,3,11,0.058823529411764705,0,0.058823529411764705,0.4117647058823529,0.14285714285714285,0.14285714285714285,0.17647058823529413,0.46909344286976057,0.667645123041814,0.3377800800164536,0.7277036672013222,0
299,37,3,0.35681250046573154,0.3057286540383496,71.81465873607569,17,3,11,0.29411764705882354,0,0.29411764705882354,0.4117647058823529,0.2857142857142857,0.2857142857142857,0.4117647058823529,0.5121361299678744,0.9530051506877759,0.4502563350016017,0.8618122012971213,0
300,37,4,0.18759104657285133,0.016998923390457464,61.662872111379045,17,3,11,0.11764705882352941,0,0.11764705882352941,0.4117647058823529,0.14285714285714285,0.14285714285714285,0.23529411764705882,0.38790061408078824,0.6851644363790201,0.24866811126705168,0.786061998796647,0
301,37,5,0.5780538732580546,0.3433502168746307,79.97397623764499,17,3,11,0.11764705882352941,0,0.11764705882352941,0.4117647058823529,0.0,0.0,0.0,0.44078924610881864,0.65799554333041,0.3559285513651836,0.757802941151351,0
302,37,6,0.5432282651097534,0.5040609903095561,122.21666457404505,17,3,11,0.11764705882352941,0,0.11764705882352941,0.4117647058823529,0.14285714285714285,0.14285714285714285,0.11764705882352941,0.5423412623606836,0.8155506082227733,0.47220516767550685,0.6424709759742981,0
303,37,7,0.403316393328238,0.33829221581282365,58.549642403964455,17,3,11,0.058823529411764705,0,0.058823529411764705,0.4117647058823529,0.0,0.0,0.058823529411764705,0.36549412053917785,0.5700329311777375,0.26067246482404993,0.6264986510854468,1
304,38,0,0.7744984122190498,0.5165044756650006,147.46565986921385,12,2,8,0.0,0,0.0,0.25,0.0,0.0,0.0,0.436547221236742,0.7744984122190498,0.2066392314269794,0.5165044756650006,0
305,38,1,0.5711315289861307,0.5879745534076091,124.81508335841184,12,2,8,0.0,0,0.0,0.25,0.0,0.0,0.0,0.40585349031006696,0.5966920214687341,0.30569990948483367,0.5879745534076091,1
306,38,2,0.3637624939877147,0.37946465537907426,70.36437117987376,12,2,8,0.16666666666666666,0,0.3333333333333333,0.25,0.0,0.0,0.3333333333333333,0.5003712593683971,0.7370153335171283,0.39752034216044874,0.7370013950493602,0
307,38,3,0.6018023936895731,0.5697244621685709,130.15887721085025,12,2,8,0.16666666666666666,0,0.25,0.25,0.3333333333333333,0.3333333333333333,0.3333333333333333,0.5266186475890035,0.8420440715715349,0.42042117468154,0.7532618771121481,0
308,38,4,0.690694310766873,0.60830322964912,105.24319657702176,12,2,8,0.08333333333333333,1,0.08333333333333333,0.25,0.0,0.0,0.0,0.4421628081884243,0.690694310766873,0.2705893467285297,0.60830322964912,0
309,38,5,0.5717600810576547,0.6141530160749551,113.46328973451661,12,2,8,0.16666666666666666,1,0.16666666666666666,0.25,0.0,0.0,0.08333333333333333,0.388692710200011,0.6113954758061403,0.29609785925174953,0.7392444685623166,0
310,38,6,0.46309624753944517,0.24016327486460282,65.98412193475244,12,2,8,0.08333333333333333,0,0.08333333333333333,0.25,0.3333333333333333,0.3333333333333333,0.3333333333333333,0.41046732406977027,0.8439233643302724,0.32185814247864647,1.0,0
311,38,7,0.5313999215396841,0.40421109815894923,129.56352086314078,12,2,8,0.0,0,0.0,0.25,0.0,0.0,0.0,0.35663668889949046,0.5313999215396841,0.17527505070194607,0.40421109815894923,1
312,39,0,0.12356621996249056,0.042380706916026814,50.19602505514884,17,7,8,0.11764705882352941,0,0.23529411764705882,0.4117647058823529,0.2857142857142857,0.2857142857142857,0.35294117647058826,0.3920102992719817,0.8861214524618523,0.30362244575266684,0.7055457228669522,0
313,39,1,0.30958107931050166,0.16911042768282858,38.79650952615603,17,7,8,0.058823529411764705,0,0.11764705882352941,0.4117647058823529,0.14285714285714285,0.14285714285714285,0.11764705882352941,0.38344277305218005,0.5869917006839669,0.21789310992565375,0.7470202093927247,0
314,39,2,0.415759500064429,0.28700339902381095,120.6596614273272,17,7,8,0.35294117647058826,0,0.5882352941176471,0.4117647058823529,0.2857142857142857,0.42857142857142855,0.29411764705882354,0.5677188692205548,0.8676566718328247,0.4731516354290315,0.8930461142929348,0
315,39,3,0.5348777343327384,0.2470845682232563,109.15350191573746,17,7,8,0.23529411764705882,0,0.23529411764705882,0.4117647058823529,0.0,0.0,0.058823529411764705,0.5064275123354366,0.8397457281417873,0.4098169851177983,0.8700092384686284,0
316,39,4,0.6513618098171678,0.6744002939608963,130.72552895733486,17,7,8,0.35294117647058826,1,0.7058823529411765,0.4117647058823529,0.2857142857142857,0.5714285714285714,0.47058823529411764,0.5372457872703342,0.7735894804067747,0.42470531070842765,0.7911281460706416,0
317,39,5,0.5608701059769909,0.28004691131934495,82.36551844013151,17,7,8,0.11764705882352941,0,0.11764705882352941,0.4117647058823529,0.0,0.0,0.058823529411764705,0.45728079044957526,0.7372553932021191,0.36297039107219686,0.8425808464511614,0
318,39,6,0.3849542417908001,0.20563236796961126,56.97170465404443,17,7,8,0.17647058823529413,0,0.23529411764705882,0.4117647058823529,0.14285714285714285,0.2857142857142857,0.17647058823529413,0.4603224159454514,0.758799963994792,0.3734800072845284,0.7693387446676477,0
319,39,7,0.42051795242926954,0.2793239612983723,86.85842269960939,17,7,8,0.11764705882352941,0,0.29411764705882354,0.4117647058823529,0.14285714285714285,0.2857142857142857,0.17647058823529413,0.5143528795290352,0.9385428656569642,0.43686583811604734,0.8039906925929967,0
320,40,0,0.735817404807859,0.5611603249183466,158.9546656096469,10,0,7,0.0,0,0.0,0.7,0.0,0.0,0.0,0.46182847438834207,0.735817404807859,0.37010865108984026,0.5828837614678276,0
321,40,1,0.2965791645466684,0.108138717888656,49.055212417133475,10,0,7,0.2,0,0.2,0.7,0.2857142857142857,0.2857142857142857,0.3,0.46346157454127307,0.6751443254614953,0.3300935611290539,0.6796894611017739,0
322,40,2,0.350532263240264,0.1412329950510469,34.582733911773474,10,0,7,0.1,0,0.1,0.7,0.14285714285714285,0.14285714285714285,0.4,0.44740733296052015,0.6554660661605084,0.3719229634365918,0.694564477174008,0
323,40,3,0.28971714436687374,0.12276281329435526,62.228192721422054,10,0,7,0.0,0,0.0,0.7,0.0,0.0,0.0,0.44819556002473177,0.6446209274510987,0.3111624889525044,0.5531569015388093,0
324,40,4,0.6093711322286672,0.35433526232629,134.44501341255653,10,0,7,0.2,0,0.2,0.7,0.14285714285714285,0.14285714285714285,0.1,0.5647578445442168,0.8942476913861425,0.5141133527063781,0.7639964679376534,0
325,40,5,0.6347429049198254,0.48899897587916824,102.85362107801305,10,0,7,0.0,0,0.0,0.7,0.0,0.0,0.0,0.5098365198742086,0.6347429049198254,0.38761490003427046,0.5785248591444181,1
326,40,6,0.5218357951635407,0.46254695618818775,147.99183849299516,10,0,7,0.2,1,0.3,0.7,0.2857142857142857,0.2857142857142857,0.4,0.542725532802516,0.7665869078449976,0.4459807255277714,0.9018505274919056,1
327,40,7,0.3006306481709643,0.42005741036599326,97.16932526840425,10,0,7,0.4,0,0.4,0.7,0.42857142857142855,0.42857142857142855,0.3,0.5044921765932464,0.8501412439109842,0.4081721348599186,0.7942330140918411,1
328,41,0,0.2861598262389282,0.16673925693042674,60.03969859009805,16,5,8,0.25,0,0.3125,0.4375,0.2857142857142857,0.2857142857142857,0.1875,0.47460274079317133,0.797942863028743,0.3500792696561262,0.8064456513266118,0
329,41,1,0.4207840696709326,0.25629752999537103,69.69313177034847,16,5,8,0.1875,0,0.375,0.4375,0.42857142857142855,0.42857142857142855,0.375,0.4926938486124791,0.8124536236476992,0.33318165869132127,0.6757702204714355,0
330,41,2,0.4820038602617292,0.551143573619362,143.21006849527566,16,5,8,0.125,0,0.125,0.4375,0.14285714285714285,0.14285714285714285,0.1875,0.5547663623521246,0.7674538998889137,0.4282086181892256,0.7019805362508905,0
331,41,3,0.2929274514757571,0.15130138442070296,46.72222682556308,16,5,8,0.0,0,0.0,0.4375,0.0,0.0,0.0,0.2919439144014645,0.48622862530024413,0.18371864778794939,0.44362105959544923,0
332,41,4,0.5011589087170534,0.4389881258334413,122.32022182070669,16,5,8,0.25,0,0.5625,0.4375,0.42857142857142855,0.5714285714285714,0.4375,0.5982832940345449,0.7939975308915986,0.4892061128672339,0.6978147804362248,0
333,41,5,0.4772222497848765,0.11772359944679786,50.19628489869276,16,5,8,0.1875,0,0.375,0.4375,0.14285714285714285,0.2857142857142857,0.25,0.4803075545850811,0.7487565701778626,0.3640708034908635,0.884332215023737,0
334,41,6,0.6847455253119513,0.5922495537923611,130.2814080049353,16,5,8,0.25,0,0.25,0.4375,0.2857142857142857,0.2857142857142857,0.3125,0.5400892632018617,0.7843525547429621,0.4890102550485814,0.9723391108898107,0
335,41,7,0.3128691442554209,0.23652990633275936,80.86085653655752,16,5,8,0.375,1,0.5625,0.4375,0.5714285714285714,0.5714285714285714,0.375,0.49772474737042016,0.8964517289098408,0.5059615370893743,1.0,1
336,42,0,0.12414696279568405,0.202158374140787,68.23458739359532,13,6,6,0.07692307692307693,0,0.07692307692307693,0.23076923076923078,0.0,0.0,0.0,0.45212013363992154,0.9018434456611107,0.3524300118238518,0.8488809766348349,0
337,42,1,0.7510643361653526,0.7160144535722134,168.86235338381613,13,6,6,0.23076923076923078,1,0.38461538461538464,0.23076923076923078,0.6666666666666666,0.6666666666666666,0.3076923076923077,0.5035915989937325,0.7776798043690154,0.4050832579952718,0.8246804788285511,1
338,42,2,0.4366586095525874,0.42897140522607585,122.07873003268425,13,6,6,0.23076923076923078,0,0.5384615384615384,0.23076923076923078,0.0,0.0,0.38461538461538464,0.5582170055080795,0.7595133615978926,0.4651773743326928,0.8218531726178494,0
339,42,3,0.3412856165667767,0.16603164704993598,59.83339128181444,13,6,6,0.15384615384615385,1,0.8461538461538461,0.23076923076923078,0.3333333333333333,0.6666666666666666,0.46153846153846156,0.4836231480959356,0.707962303190377,0.34786714867867585,0.6307895733607665,0
340,42,4,0.42684705097007447,0.4178603498916273,104.2603072896732,13,6,6,0.0,0,0.0,0.23076923076923078,0.0,0.0,0.0,0.43574674843539174,0.7883223591849997,0.26130171913433226,0.599046462476417,0
341,42,5,0.6267234149351583,0.6014275507983214,115.93811323278402,13,6,6,0.3076923076923077,1,0.6153846153846154,0.23076923076923078,0.3333333333333333,0.6666666666666666,0.38461538461538464,0.6002228335626072,0.7701854716029564,0.4677257095768047,0.7993383145809708,1
342,42,6,0.4023774420001399,0.11641280687795094,56.50735212410922,13,6,6,0.3076923076923077,0,0.46153846153846156,0.23076923076923078,0.6666666666666666,0.6666666666666666,0.3076923076923077,0.5317612923107042,0.7818558199602557,0.45437876236515956,0.8269463552933075,1
343,42,7,0.28079127076539434,0.38330811359136957,73.25072803266019,13,6,6,0.07692307692307693,0,0.07692307692307693,0.23076923076923078,0.0,0.0,0.0,0.37124991888269004,0.7154246930438208,0.32708918755731714,0.6842168572002053,0
344,43,0,0.15794478166162584,0.0,52.9787543994312,12,1,8,0.08333333333333333,0,0.08333333333333333,0.75,0.1111111111111111,0.1111111111111111,0.08333333333333333,0.4301251798403107,0.6279181910817355,0.2785662554053825,0.6100608044818677,0
345,43,1,0.4112003282350428,0.4090689279027315,98.25206773272521,12,1,8,0.5,1,0.75,0.75,0.4444444444444444,0.6666666666666666,0.5833333333333334,0.5626418099050466,0.8092975683872244,0.5431513868034995,0.7692146942184269,0
346,43,2,0.3663332037636181,0.34953252704244997,85.68761701249127,12,1,8,0.08333333333333333,0,0.08333333333333333,0.75,0.1111111111111111,0.1111111111111111,0.25,0.5156168780741127,0.7816879855988376,0.35095366200541384,0.7691726614898283,0
347,43,3,0.42485368837023035,0.24570019030552498,58.857553797476456,12,1,8,0.25,0,0.25,0.75,0.3333333333333333,0.3333333333333333,0.5,0.4740822092544821,0.8401247613515415,0.4010444474941158,0.8150564521416162,0
348,43,4,0.5706345864512287,0.36824522321143416,110.94656677118445,12,1,8,0.25,0,0.5833333333333334,0.75,0.3333333333333333,0.6666666666666666,0.6666666666666666,0.5331883870721333,0.7517380013730236,0.470687338387147,0.7278653277763314,1
349,43,5,0.6513241167517646,0.3897357842291348,106.89576746193964,12,1,8,0.08333333333333333,0,0.08333333333333333,0.75,0.0,0.0,0.0,0.5018448184662526,0.6559898792376275,0.3878278894171708,0.7802889567124256,0
350,43,6,0.6736405063923909,0.5734327109767126,105.07442374696092,12,1,8,0.16666666666666666,0,0.16666666666666666,0.75,0.2222222222222222,0.2222222222222222,0.4166666666666667,0.5782913859842969,0.74578799997853,0.4826980143214714,0.7382104568436072,0
351,43,7,0.3696947821950404,0.25272286011870276,85.54545812466101,12,1,8,0.08333333333333333,0,0.08333333333333333,0.75,0.1111111111111111,0.1111111111111111,0.16666666666666666,0.35914619054859576,0.5044245937014754,0.33666138107412363,0.7953214625452537,0
352,44,0,0.4225580943078469,0.26453814171091583,82.89777708892726,17,5,10,0.17647058823529413,1,0.5294117647058824,0.17647058823529413,0.3333333333333333,1.0,0.5294117647058824,0.46027581355605907,0.6927999651519909,0.40899370573104793,0.7565895196274183,0
353,44,1,0.3198506863260605,0.10217098271603585,65.98723455210066,17,5,10,0.23529411764705882,1,0.47058823529411764,0.17647058823529413,0.6666666666666666,1.0,0.5294117647058824,0.44015744894378517,0.8786259524165413,0.31484653907887566,0.6801724890304457,0
354,44,2,0.5196108133924856,0.6328671683628964,135.47230128435484,17,5,10,0.058823529411764705,1,0.058823529411764705,0.17647058823529413,0.0,0.0,0.0,0.42373190556971246,0.6573847232568728,0.34309724127217256,0.6328671683628964,1
355,44,3,0.4586936717162516,0.46119824862348385,108.10254877059663,17,5,10,0.35294117647058826,1,0.8235294117647058,0.17647058823529413,0.3333333333333333,1.0,0.5882352941176471,0.5787496815427284,0.7410851969671312,0.5498521560527019,0.7555782836656614,0
356,44,4,0.5913426614923875,0.49683708751574085,103.96847618552414,17,5,10,0.11764705882352941,0,0.11764705882352941,0.17647058823529413,0.0,0.0,0.058823529411764705,0.49523746546709063,0.6861121260156308,0.44763977435323377,0.7402077580609762,0
357,44,5,0.436093887267148,0.4080168836892024,103.22114512001929,17,5,10,0.23529411764705882,0,0.23529411764705882,0.17647058823529413,0.3333333333333333,0.3333333333333333,0.35294117647058826,0.5017777309715207,0.7532876981568527,0.4975681843929171,0.8704720208130861,0
358,44,6,0.27581675937666533,0.4357432510489707,80.39610202669178,17,5,10,0.17647058823529413,0,0.29411764705882354,0.17647058823529413,0.3333333333333333,0.3333333333333333,0.35294117647058826,0.5182607875328237,0.8091373064664917,0.45831662528280587,0.7797427227667405,1
359,44,7,0.3946158769663749,0.051556812704645474,51.30579188592627,17,5,10,0.17647058823529413,0,0.23529411764705882,0.17647058823529413,0.0,0.0,0.11764705882352941,0.4705983149037211,0.9826067640332952,0.39566942652821063,1.0,0
360,45,0,0.8418457020376661,0.8937266782672685,151.12648998040402,12,1,8,0.25,1,0.25,0.5,0.0,0.0,0.25,0.4314108189354286,0.8623410871226537,0.3881975894829486,0.8937266782672685,0
361,45,1,0.48391933563362555,0.34777729643092187,104.21237090727031,12,1,8,0.16666666666666666,0,0.16666666666666666,0.5,0.0,0.0,0.16666666666666666,0.5800968836724696,0.878368333288648,0.48132690443060216,0.8859741777747119,0
362,45,2,0.5970018290859325,0.7421694871625941,162.19853122605676,12,1,8,0.3333333333333333,1,0.5833333333333334,0.5,0.16666666666666666,0.3333333333333333,0.3333333333333333,0.5690886673254454,0.8731222216499426,0.43687503522098964,0.7421694871625941,1
363,45,3,0.5833046901929327,0.5372979299053969,149.48634050013655,12,1,8,0.16666666666666666,0,0.16666666666666666,0.5,0.16666666666666666,0.16666666666666666,0.16666666666666666,0.514146514086212,0.8781150350909246,0.4564191371086275,0.7268537447485061,0
364,45,4,0.5089252475609508,0.31186421582698465,78.54793521020827,12,1,8,0.0,0,0.0,0.5,0.0,0.0,0.0,0.4067424453822555,0.7038271556585793,0.28921914845413405,0.4429395357188095,1
365,45,5,0.3730972186333509,0.37063485944950764,84.52221645076563,12,1,8,0.4166666666666667,0,0.5833333333333334,0.5,0.6666666666666666,0.6666666666666666,0.5833333333333334,0.6197333217096853,0.8230434720821506,0.5645371460193793,0.8766250331137925,0
366,45,6,0.3353812479725408,0.2258744595692602,78.55601144452392,12,1,8,0.3333333333333333,0,0.5,0.5,0.3333333333333333,0.5,0.5833333333333334,0.5283680536073969,0.745961342355173,0.4786646083007002,0.9237179453248805,0
367,45,7,0.35276770757112375,0.23782762598489993,71.79420183948908,12,1,8,0.0,0,0.0,0.5,0.0,0.0,0.0,0.4025813765359414,0.656226090735887,0.2850574573078079,0.5788239723132138,0
368,46,0,0.34327784652728827,0.14302283361505372,42.5266896905583,13,0,10,0.15384615384615385,0,0.15384615384615385,0.6153846153846154,0.125,0.125,0.07692307692307693,0.38858374905794774,0.6812788691912413,0.34003827667955694,0.8323843024621835,1
369,46,1,0.5220103344688167,0.41505060447268527,74.82125156484562,13,0,10,0.15384615384615385,0,0.15384615384615385,0.6153846153846154,0.125,0.125,0.15384615384615385,0.5435770506445979,0.6875682533139461,0.485070536963424,0.7487208801311646,1
370,46,2,0.7524014957483817,0.4328189038280514,140.15370433377421,13,0,10,0.15384615384615385,0,0.15384615384615385,0.6153846153846154,0.125,0.125,0.38461538461538464,0.5002897065566135,0.7524014957483817,0.39442773207666815,0.6587737509068933,1
371,46,3,0.2582912587727515,0.2742022495750567,51.3377154775,13,0,10,0.0,0,0.0,0.6153846153846154,0.0,0.0,0.0,0.4300520846263213,0.6397024976271907,0.36182396523903226,0.565223118418755,0
372,46,4,0.9366379410278879,0.9541287279209227,188.90314142246459,13,0,10,0.3076923076923077,1,0.3076923076923077,0.6153846153846154,0.375,0.375,0.38461538461538464,0.572940134510693,0.9366379410278879,0.5409778617639351,1.0,0
373,46,5,0.3903234188755314,0.3461864707143921,90.48590800051544,13,0,10,0.15384615384615385,0,0.15384615384615385,0.6153846153846154,0.0,0.0,0.07692307692307693,0.48956561554629935,0.8478226226947274,0.3951111139566885,0.9099784666866041,0
374,46,6,0.6350973253683,0.3097156407568619,110.41610958099321,13,0,10,0.07692307692307693,0,0.07692307692307693,0.6153846153846154,0.125,0.125,0.15384615384615385,0.4054180511913629,0.7104083306833386,0.35994017377416176,0.8864895775867111,1
375,46,7,0.4863504578432659,0.19468661127203815,79.4648538198877,13,0,10,0.23076923076923078,0,0.23076923076923078,0.6153846153846154,0.375,0.375,0.5384615384615384,0.5543823203213957,0.854387106176002,0.490040694190761,1.0,0
376,47,0,0.7707166557956979,0.8308615086999798,215.8706496219847,18,3,12,0.2222222222222222,1,0.5,0.4444444444444444,0.375,0.625,0.6111111111111112,0.5254502301777416,0.8544186736354396,0.5223268271747379,0.940595699379898,0
377,47,1,0.5548141383320244,0.425445655875132,91.60563490386708,18,3,12,0.2777777777777778,1,0.8333333333333334,0.4444444444444444,0.375,0.75,0.5555555555555556,0.5202888559742278,0.8619785702646948,0.49484102417388054,0.7988443693821732,1
378,47,2,0.24194053797917714,0.2400700720069501,55.453121858334576,18,3,12,0.16666666666666666,0,0.3333333333333333,0.4444444444444444,0.125,0.125,0.2777777777777778,0.5151106109621024,0.7766386547986686,0.4212798312379833,0.704948826053526,0
379,47,3,0.594898047443237,0.32728163414249967,78.0043634501159,18,3,12,0.16666666666666666,0,0.2222222222222222,0.4444444444444444,0.125,0.25,0.3333333333333333,0.46540918824221794,0.6837832182758566,0.4075735200202258,0.7229649690978978,0
380,47,4,0.5105535634706402,0.45387479348905746,119.29808529206424,18,3,12,0.3333333333333333,1,0.5555555555555556,0.4444444444444444,0.375,0.625,0.5,0.6157549692874971,0.8920818420386756,0.5494756916754581,0.8868314189069456,0
381,47,5,0.7398269315827548,0.7250277958320963,172.5566735769592,18,3,12,0.5,1,0.5555555555555556,0.4444444444444444,0.25,0.25,0.3888888888888889,0.6136269080954967,0.822755318177512,0.5866510818005435,0.8077859373497797,0
382,47,6,0.5197339886437073,0.3651761786470171,82.62626134648718,18,3,12,0.16666666666666666,0,0.16666666666666666,0.4444444444444444,0.0,0.0,0.16666666666666666,0.4247514770263296,0.670984009711596,0.4037254350590137,0.6552953482631486,0
383,47,7,0.6205144566070048,0.3779289437392516,109.96306964687422,18,3,12,0.1111111111111111,1,0.2222222222222222,0.4444444444444444,0.25,0.375,0.3333333333333333,0.5145789308607307,0.7398904489231204,0.4183610124826358,0.8896376310749222,1
384,48,0,0.4054086170617966,0.038322401341825296,66.15640009156188,17,3,12,0.23529411764705882,0,0.23529411764705882,0.5882352941176471,0.4,0.4,0.29411764705882354,0.4906301319791853,0.7494589486258743,0.381724852654298,0.7560757130326925,0
385,48,1,0.6823007671215147,0.6265794302482943,143.04460803394366,17,3,12,0.23529411764705882,1,0.23529411764705882,0.5882352941176471,0.1,0.1,0.35294117647058826,0.5604242583977456,0.8143609138784818,0.4680637270935255,0.8006712779776376,0
386,48,2,0.4517044497080271,0.2538802274622381,75.39056958070663,17,3,12,0.11764705882352941,0,0.11764705882352941,0.5882352941176471,0.1,0.1,0.23529411764705882,0.4515516099089634,0.6839195811400524,0.3022603249355939,0.8607929549005725,0
387,48,3,0.4574934244274758,0.40914050621422493,78.47104076251445,17,3,12,0.17647058823529413,0,0.23529411764705882,0.5882352941176471,0.2,0.2,0.35294117647058826,0.4817375184819448,0.7743663964223964,0.4175562867822586,0.796379279846771,0
388,48,4,0.33442866506446767,0.13889167495900262,20.583066390682745,17,3,12,0.058823529411764705,0,0.11764705882352941,0.5882352941176471,0.1,0.2,0.17647058823529413,0.4433354684060212,0.7454268235409556,0.3064957158096947,0.6432749452510836,0
389,48,5,0.33850911482811297,0.2891438532308139,93.3765875520864,17,3,12,0.11764705882352941,0,0.11764705882352941,0.5882352941176471,0.1,0.1,0.11764705882352941,0.39943077352566475,0.8938254363327662,0.25457793089045705,0.9037580729879977,0
390,48,6,0.6294839101586119,0.6187109030882881,108.26648465714251,17,3,12,0.17647058823529413,1,0.17647058823529413,0.5882352941176471,0.1,0.1,0.058823529411764705,0.5546605007137221,0.8086085352855277,0.4573745610861646,1.0,0
391,48,7,0.5454328794892604,0.45574451813366856,117.10432700535634,17,3,12,0.17647058823529413,0,0.17647058823529413,0.5882352941176471,0.3,0.3,0.29411764705882354,0.5079403277711877,0.8431750777928331,0.40799574462389004,1.0,0
392,49,0,0.5575177722676976,0.5357903631974135,105.12796605771658,17,2,12,0.29411764705882354,0,0.5294117647058824,0.35294117647058826,0.3333333333333333,0.6666666666666666,0.6470588235294118,0.5078533648536304,0.7012614073885216,0.46457336608201816,0.7859825950411594,0
393,49,1,0.5340737941025927,0.4019750559558983,84.37305827979817,17,2,12,0.35294117647058826,0,0.4117647058823529,0.35294117647058826,0.0,0.0,0.23529411764705882,0.6343501018137632,0.9964766175881621,0.543488275411733,1.0,0
394,49,2,0.6266397329397624,0.33154635831975293,92.84733886896274,17,2,12,0.058823529411764705,0,0.058823529411764705,0.35294117647058826,0.16666666666666666,0.16666666666666666,0.11764705882352941,0.37768056203974965,0.6584046405554435,0.2029817909542527,0.6574813428122221,0
395,49,3,0.680863816540743,0.43106567851905153,143.13453964351777,17,2,12,0.23529411764705882,0,0.23529411764705882,0.35294117647058826,0.16666666666666666,0.16666666666666666,0.47058823529411764,0.4988947735422028,0.8633725090207564,0.432633894973071,0.8308384630994827,0
396,49,4,0.5047056883734992,0.34436376360680204,105.81813624589414,17,2,12,0.17647058823529413,0,0.17647058823529413,0.35294117647058826,0.16666666666666666,0.16666666666666666,0.17647058823529413,0.5268759657349565,0.7266135027795481,0.42787434139300456,0.7738094198738457,0
397,49,5,0.6001019722801532,0.5179932151794031,136.0267014908001,17,2,12,0.35294117647058826,0,0.47058823529411764,0.35294117647058826,0.5,0.6666666666666666,0.47058823529411764,0.5816484489683083,0.7263936176611112,0.5127610863814722,0.8466103446130808,0
398,49,6,0.46454891005975313,0.2607277447794244,21.135985843781512,17,2,12,0.11764705882352941,0,0.17647058823529413,0.35294117647058826,0.16666666666666666,0.3333333333333333,0.17647058823529413,0.3954870908902668,0.7348373395745329,0.29133487142625364,0.9840784233197254,0
399,49,7,0.6415633419740234,0.5955185985725452,131.3936742856749,17,2,12,0.17647058823529413,0,0.17647058823529413,0.35294117647058826,0.0,0.0,0.11764705882352941,0.4963771008073023,0.9650413161982069,0.40479735000390926,0.795155011799712,1
400,50,0,0.47681679496977725,0.31087567429488905,60.65110400845091,12,0,9,0.0,0,0.0,0.5,0.0,0.0,0.0,0.3880857894959313,0.5778487217572547,0.2525581475478043,0.5515280254242544,0
401,50,1,0.2412120097648599,0.03936258502154577,61.08032890935338,12,0,9,0.08333333333333333,0,0.08333333333333333,0.5,0.16666666666666666,0.16666666666666666,0.08333333333333333,0.4276869906539682,0.5833017055689715,0.39871667948023143,0.6617129836906275,0
402,50,2,0.733779313122747,0.3767039413384141,107.56119235405005,12,0,9,0.08333333333333333,0,0.08333333333333333,0.5,0.16666666666666666,0.16666666666666666,0.25,0.4633422045657219,0.7549831385177358,0.36464085668603824,0.8631707077010895,0
403,50,3,0.26847255481978655,0.004084731799429475,49.78368948718633,12,0,9,0.16666666666666666,0,0.16666666666666666,0.5,0.3333333333333333,0.3333333333333333,0.3333333333333333,0.41081995073890565,0.6931108942685337,0.3149945301657278,0.7001120227289892,0
404,50,4,0.2941427775109112,0.044032513963013706,57.072230321085215,12,0,9,0.0,0,0.0,0.5,0.0,0.0,0.0,0.49796024043352055,0.7130972683017648,0.24784047032934353,0.412148425182895,0
405,50,5,0.3438455979994098,0.0357172574745251,6.3868985378862995,12,0,9,0.0,0,0.0,0.5,0.0,0.0,0.0,0.3459026069420316,0.555409378849409,0.2263635415522155,0.44404979264963623,0
406,50,6,0.2356958600001462,0.19270389053685386,42.011744752753685,12,0,9,0.08333333333333333,0,0.08333333333333333,0.5,0.16666666666666666,0.16666666666666666,0.16666666666666666,0.48968923377229984,0.7129333637219248,0.40017313360216744,0.6118556584271152,0
407,50,7,0.32128534701813627,0.1977429282817601,50.636554070255734,12,0,9,0.0,0,0.0,0.5,0.0,0.0,0.0,0.34883052842046225,0.5169434523650859,0.26882910730169524,0.5316114638137206,1
408,51,0,0.268465152591731,0.11064205440257494,20.713441890192087,11,2,6,0.09090909090909091,0,0.09090909090909091,0.6363636363636364,0.0,0.0,0.0,0.383558128820783,0.6067827430387812,0.31194242968519187,0.758065437324263,0
409,51,1,0.5218227919334981,0.20956404622369787,53.26512623677387,11,2,6,0.09090909090909091,0,0.09090909090909091,0.6363636363636364,0.14285714285714285,0.14285714285714285,0.18181818181818182,0.4454870661426236,0.6119077465912439,0.3351206878425597,0.6362795130276727,0
410,51,2,0.5711484518499389,0.36705104539210043,105.33453492343335,11,2,6,0.2727272727272727,0,0.36363636363636365,0.6363636363636364,0.2857142857142857,0.2857142857142857,0.36363636363636365,0.5200289985211938,0.7336800526375589,0.46019273972229124,0.7645371126412581,0
411,51,3,0.5084251901913933,0.6847493693534701,121.41897388830314,11,2,6,0.09090909090909091,1,0.09090909090909091,0.6363636363636364,0.0,0.0,0.0,0.4126538453255305,0.6249416238555526,0.3769365440316231,0.6847493693534701,0
412,51,4,0.5186467235587653,0.4196607858475449,87.87638377126416,11,2,6,0.09090909090909091,0,0.09090909090909091,0.6363636363636364,0.0,0.0,0.0,0.4099293145906999,0.5605765032798901,0.2981791732020127,0.6269138390501396,0
413,51,5,0.3078709587049634,0.44773968978148304,77.64854296353323,11,2,6,0.09090909090909091,0,0.09090909090909091,0.6363636363636364,0.0,0.0,0.0,0.3863059498523747,0.7308148864584483,0.32328488453650955,0.6978243073601286,0
414,51,6,0.5379472073035304,0.35898134937870163,86.11229022570349,11,2,6,0.2727272727272727,1,0.9090909090909091,0.6363636363636364,0.42857142857142855,1.0,0.5454545454545454,0.47668577531774065,0.8201375239916369,0.3837723893336204,0.8101301732524963,1
415,51,7,0.4409951523810731,0.2842740483815729,108.45194662027843,11,2,6,0.45454545454545453,0,0.45454545454545453,0.6363636363636364,0.42857142857142855,0.42857142857142855,0.36363636363636365,0.6210079477752677,0.7915018174367983,0.5851298858340034,0.8349001325617026,0
416,52,0,0.3178172083264912,0.3305936936532098,65.51703401740843,10,0,7,0.2,0,0.2,0.2,0.0,0.0,0.1,0.5057077787746701,0.7909894240609943,0.44191677939025914,0.8408305998000796,0
417,52,1,0.456013173684769,0.40224668000977104,108.91314000341326,10,0,7,0.3,0,0.4,0.2,0.0,0.0,0.5,0.6081600849054987,0.8774199219890537,0.5379451894334255,0.8099878528169662,0
418,52,2,0.6525304452234093,0.573508190483188,123.25270700272921,10,0,7,0.2,0,0.2,0.2,0.5,0.5,0.1,0.5377143369332422,0.7291748482734595,0.4740126166688853,0.6458223626914193,0
419,52,3,0.42890124720214784,0.3959897763704399,107.65418656815666,10,0,7,0.0,0,0.0,0.2,0.0,0.0,0.0,0.410145275114764,0.6936449809730774,0.2702528379706279,0.5438305596558533,0
420,52,4,0.944927455197826,0.9320288354425285,201.83485006589677,10,0,7,0.4,1,0.4,0.2,0.0,0.0,0.5,0.6069223022009369,0.944927455197826,0.5954210191422513,0.9320288354425285,0
421,52,5,0.5055443802122552,0.34336888184277436,65.65095893407245,10,0,7,0.1,0,0.1,0.2,0.0,0.0,0.0,0.5498494249050739,0.7338389909446501,0.44379956785166863,0.6975321216050625,1
422,52,6,0.5613721025558468,0.33809558672665285,93.92273298194985,10,0,7,0.1,0,0.1,0.2,0.0,0.0,0.1,0.5923784172224346,0.973976175142141,0.47779432879219136,0.9595357019212077,1
423,52,7,0.5552311126117317,0.4536242065523601,111.54009140444067,10,0,7,0.4,0,0.4,0.2,0.5,0.5,0.7,0.5990934518067162,0.8194115985612508,0.6066081419856242,0.8230169467231118,0
424,53,0,0.2695919373144528,0.14713789464837984,55.07147055463051,15,3,9,0.26666666666666666,1,0.3333333333333333,0.5333333333333333,0.5,0.5,0.2,0.3559936868886763,0.7778294915266571,0.30780482016563687,0.6915839758502148,0
425,53,1,0.19291110991401117,0.1143067943417248,43.16447363567903,15,3,9,0.13333333333333333,0,0.13333333333333333,0.5333333333333333,0.25,0.25,0.13333333333333333,0.3820009665694223,0.6170971609199564,0.3151363433254487,0.8605965857950786,0
426,53,2,0.548493559409759,0.22980381813776365,100.81887144895047,15,3,9,0.06666666666666667,1,0.13333333333333333,0.5333333333333333,0.125,0.125,0.0,0.45029829530438475,0.6340478820646391,0.3759142713000282,0.789678175883902,0
427,53,3,0.5392404990048028,0.22292041344844052,103.1951906892118,15,3,9,0.13333333333333333,0,0.2,0.5333333333333333,0.125,0.125,0.2,0.5513828224884448,0.783222718336924,0.4560722710592683,0.7087309567583455,0
428,53,4,0.2566403063262164,0.11096059920314008,48.250478742269316,15,3,9,0.06666666666666667,0,0.06666666666666667,0.5333333333333333,0.125,0.125,0.13333333333333333,0.37301388183364204,0.5793569628329965,0.2981157255792392,0.6488473205367916,0
429,53,5,0.4024075730773006,0.38355585470584785,100.37151478771963,15,3,9,0.0,0,0.0,0.5333333333333333,0.0,0.0,0.0,0.43479977862601865,0.5609178198695843,0.3079433055562856,0.5847712723141621,0
430,53,6,0.4364498381749058,0.49934586161102745,93.49521936308054,15,3,9,0.4666666666666667,0,0.4666666666666667,0.5333333333333333,0.125,0.125,0.13333333333333333,0.6242904561492798,0.9397755429874196,0.6166190088439406,0.8750065740176141,0
431,53,7,0.750812609868799,0.6899480886565675,165.69464498440436,15,3,9,0.26666666666666666,1,0.3333333333333333,0.5333333333333333,0.25,0.25,0.2,0.5198262749427598,0.750812609868799,0.41498319924426963,0.6899480886565675,0
432,54,0,0.36527321604557317,0.16020043077175727,69.56610900844107,17,2,12,0.11764705882352941,0,0.11764705882352941,0.47058823529411764,0.25,0.25,0.23529411764705882,0.45994499801503713,0.8272366444424349,0.37379707753924857,0.6801701950936596,0
433,54,1,0.7019876289502184,0.5298864660292955,100.74293352818155,17,2,12,0.0,0,0.0,0.47058823529411764,0.0,0.0,0.0,0.49354892483978585,0.7407665078118192,0.3660996584102335,0.5709044068008169,0
434,54,2,0.6188188726717314,0.5995034070298831,120.81927586623691,17,2,12,0.29411764705882354,1,0.8823529411764706,0.47058823529411764,0.5,0.875,0.7058823529411765,0.6379829951545428,0.989928512469723,0.4974273444985749,0.9835146934300636,0
435,54,3,0.6192828141649036,0.8789776271970666,160.4968113360124,17,2,12,0.4117647058823529,1,0.4117647058823529,0.47058823529411764,0.375,0.375,0.5882352941176471,0.533423821000289,0.7127900688781331,0.5068013541430829,0.8789776271970666,0
436,54,4,0.3600698474251525,0.29357764677652054,79.05899558596533,17,2,12,0.11764705882352941,0,0.11764705882352941,0.47058823529411764,0.125,0.125,0.17647058823529413,0.4417091382414843,0.8049628083919265,0.35262870789395734,0.6269929178686209,0
437,54,5,0.4434712999856589,0.6373575435948929,116.00969258808318,17,2,12,0.058823529411764705,1,0.058823529411764705,0.47058823529411764,0.0,0.0,0.0,0.37799907362617674,0.5923055364007032,0.24455770568485036,0.6373575435948929,0
438,54,6,0.7149627858886801,0.8872862482350357,177.66684198942423,17,2,12,0.23529411764705882,1,0.23529411764705882,0.47058823529411764,0.125,0.125,0.11764705882352941,0.5638829815047218,0.8055726126999143,0.4888148283057851,0.9449565110855731,0
439,54,7,0.8026670272569898,0.6016373042532082,159.67520734074947,17,2,12,0.29411764705882354,1,0.35294117647058826,0.47058823529411764,0.125,0.125,0.23529411764705882,0.5732947596921626,0.9286124638593146,0.48432857154019393,0.813113214144087,0
440,55,0,0.6149603616258292,0.40469472317920224,109.61887774465313,13,2,9,0.07692307692307693,0,0.07692307692307693,0.46153846153846156,0.16666666666666666,0.16666666666666666,0.38461538461538464,0.5138929587987693,0.810644297168406,0.3899278330829825,0.6488024171848286,1
441,55,1,0.1913599110148301,0.0,34.49966929397615,13,2,9,0.0,0,0.0,0.46153846153846156,0.0,0.0,0.0,0.37065255426948523,0.5093775323721628,0.16164516231153964,0.32604154123803336,0
442,55,2,0.6225840735080831,0.7177742388932138,147.66047964681852,13,2,9,0.15384615384615385,1,0.15384615384615385,0.46153846153846156,0.16666666666666666,0.16666666666666666,0.15384615384615385,0.49536691281612755,0.8169343868227047,0.41371287313672334,0.8495659989154684,1
443,55,3,0.4635784043678534,0.5541261915094363,75.91503659298961,13,2,9,0.3076923076923077,0,0.3076923076923077,0.46153846153846156,0.3333333333333333,0.3333333333333333,0.23076923076923078,0.5056532361335851,0.7389226678609405,0.5082261526045834,0.8736496351346879,0
444,55,4,0.34883811801900744,0.354316781210674,104.86778121607828,13,2,9,0.07692307692307693,0,0.07692307692307693,0.46153846153846156,0.16666666666666666,0.16666666666666666,0.07692307692307693,0.4624442272912374,0.7870846971418204,0.2888678395704859,0.600863999232973,0
445,55,5,0.42353670309698666,0.42316819297780306,98.21332143272932,13,2,9,0.15384615384615385,0,0.15384615384615385,0.46153846153846156,0.16666666666666666,0.16666666666666666,0.38461538461538464,0.4660097004243922,0.7629034805941933,0.41270441091470045,0.8993389202967162,0
446,55,6,0.3868959309986232,0.2944181813510871,70.74818903094942,13,2,9,0.0,0,0.0,0.46153846153846156,0.0,0.0,0.0,0.3986779590624081,0.6558263785940425,0.34248414349610634,0.539783209330889,0
447,55,7,0.49995454689112273,0.4722524216927053,135.19073701993986,13,2,9,0.15384615384615385,0,0.15384615384615385,0.46153846153846156,0.16666666666666666,0.16666666666666666,0.38461538461538464,0.4986983331966952,0.6699563890299004,0.393152028902965,0.7241219722552218,0
448,56,0,0.51919433529448,0.3818616000680418,96.178894416032,14,1,10,0.14285714285714285,0,0.14285714285714285,0.42857142857142855,0.16666666666666666,0.16666666666666666,0.21428571428571427,0.5302711247080497,0.8600430784921468,0.4345529570811095,0.732621927160019,0
449,56,1,0.3294832309480697,0.19898239244780128,46.34419458313438,14,1,10,0.07142857142857142,0,0.07142857142857142,0.42857142857142855,0.0,0.0,0.0,0.39937228576358186,0.6864530580717217,0.26582011922673204,0.6117076726710714,0
450,56,2,0.4870630775757983,0.4259178253903114,88.5736164302369,14,1,10,0.07142857142857142,0,0.07142857142857142,0.42857142857142855,0.16666666666666666,0.16666666666666666,0.07142857142857142,0.4481980487479615,0.6122105136148197,0.36421200308367757,0.7350989965868504,1
451,56,3,0.1851087427214005,0.24606280403783531,58.95885991799355,14,1,10,0.21428571428571427,0,0.21428571428571427,0.42857142857142855,0.0,0.0,0.07142857142857142,0.5452918317016856,0.7780623331955755,0.47707361717817903,0.8525048556661177,0
452,56,4,0.5088292960307125,0.3214316696522347,96.09286408040846,14,1,10,0.0,0,0.0,0.42857142857142855,0.0,0.0,0.0,0.4385281052522245,0.686360449100717,0.23494858649497793,0.4661219987690801,0
453,56,5,0.46707447939229113,0.6755429063888916,111.2507462585005,14,1,10,0.35714285714285715,1,0.35714285714285715,0.42857142857142855,0.3333333333333333,0.3333333333333333,0.42857142857142855,0.5254101807108672,0.7275029091945107,0.4975856339313213,0.778455332466182,0
454,56,6,0.5398561151376766,0.448081592309756,129.1704334487904,14,1,10,0.14285714285714285,0,0.14285714285714285,0.42857142857142855,0.16666666666666666,0.16666666666666666,0.21428571428571427,0.5221455290826865,0.9200023839725483,0.50974486268608,0.8842192791322385,0
455,56,7,0.7053147826854863,0.5963835995736142,149.22222888985095,14,1,10,0.21428571428571427,0,0.21428571428571427,0.42857142857142855,0.16666666666666666,0.16666666666666666,0.07142857142857142,0.593342748993995,0.8451314807749081,0.4899704014965291,0.845948202513695,1
456,57,0,0.3317044122537056,0.1753314746512027,57.77616032241132,16,1,12,0.0625,0,0.0625,0.4375,0.14285714285714285,0.14285714285714285,0.1875,0.36649048895073555,0.7831832384644557,0.25086105125254243,0.720291023859548,1
457,57,1,0.34499617044521036,0.0,64.72719181161105,16,1,12,0.125,0,0.1875,0.4375,0.2857142857142857,0.2857142857142857,0.5,0.46760972029331627,0.9196044516931573,0.3392084668334178,0.7793193178857485,0
458,57,2,0.6824393995591953,0.40178224549591945,104.12284076009503,16,1,12,0.0,0,0.0,0.4375,0.0,0.0,0.0,0.4867994711270638,0.707447933924952,0.3621718125240073,0.5871339226061243,0
459,57,3,0.36556613130539756,0.2879481900624769,91.78775240561468,16,1,12,0.125,0,0.125,0.4375,0.0,0.0,0.1875,0.4576979912485313,0.7725206947638585,0.3632360449329778,0.833258109852717,0
460,57,4,0.6523854946533797,0.5717023454970964,152.36489753988252,16,1,12,0.3125,1,0.625,0.4375,0.42857142857142855,0.7142857142857143,0.625,0.5837769985195811,0.721956237975556,0.5260884152339065,0.8489206590891786,0
461,57,5,0.5761082737442945,0.34050107642851757,108.95934437700943,16,1,12,0.0625,0,0.0625,0.4375,0.14285714285714285,0.14285714285714285,0.1875,0.44997812209670746,0.8501105836748714,0.3027492406359308,0.6821959735253965,0
462,57,6,0.5353117532115502,0.4468455999111407,95.0981150904426,16,1,12,0.1875,0,0.1875,0.4375,0.14285714285714285,0.14285714285714285,0.25,0.5707265044113776,0.7931910745644308,0.47693872390008457,0.6940745031984851,0
463,57,7,0.511013207141386,0.45678746195396175,109.97479589207191,16,1,12,0.0625,0,0.0625,0.4375,0.0,0.0,0.0,0.4189524230904631,0.6653901432615862,0.3153203985243861,0.7486702745759365,1
464,58,0,0.529401218853172,0.47443197982815793,92.75572638564063,11,4,4,0.09090909090909091,0,0.09090909090909091,0.36363636363636365,0.0,0.0,0.0,0.4956298072063474,0.6444157311956431,0.44988398631435556,0.6281418903806855,0
465,58,1,0.8254832886900618,0.8493819149665006,164.556718519205,11,4,4,0.09090909090909091,1,0.09090909090909091,0.36363636363636365,0.0,0.0,0.0,0.45248391519414144,0.8254832886900618,0.3094752217963488,0.8493819149665006,0
466,58,2,0.19285144195491627,0.1805522674989693,56.491660772172,11,4,4,0.09090909090909091,0,0.09090909090909091,0.36363636363636365,0.0,0.0,0.0,0.4101491067467294,0.7974308713581839,0.36208822956866554,0.790565414949733,0
467,58,3,0.6617912600281549,0.44820191258283737,109.59665889833393,11,4,4,0.09090909090909091,0,0.09090909090909091,0.36363636363636365,0.0,0.0,0.0,0.4349473368654589,0.7048553139481819,0.32518104397090153,0.7126489642128343,0
468,58,4,0.22614405982555585,0.21264752656349079,52.05868559463457,11,4,4,0.09090909090909091,0,0.09090909090909091,0.36363636363636365,0.0,0.0,0.0,0.39440653457041497,0.6694901825977361,0.28884372332451713,0.6439591775558783,0
469,58,5,0.4100360040664375,0.1519063892880968,53.38959087974604,11,4,4,0.0,0,0.0,0.36363636363636365,0.0,0.0,0.0,0.4052553672902804,0.6099498832063213,0.2995491364415028,0.4773827805003492,0
470,58,6,0.25840169275171665,0.34006347081663213,79.59052709729889,11,4,4,0.18181818181818182,0,0.18181818181818182,0.36363636363636365,0.5,0.5,0.18181818181818182,0.4758109440770854,0.6806941647237799,0.4598424440262875,0.7459929488013923,0
471,58,7,0.5356331922521903,0.41679679148566484,91.75923974556653,11,4,4,0.0,0,0.0,0.36363636363636365,0.0,0.0,0.0,0.4027816546562057,0.596824718523275,0.2635294157099329,0.5275559587999631,0
472,59,0,0.2721634777807162,0.13461481126510003,48.057045240586554,15,2,10,0.2,0,0.2,0.3333333333333333,0.0,0.0,0.13333333333333333,0.42372515461782884,0.8197951938437052,0.31805109525011444,0.7750225421880197,0
473,59,1,0.4730574547200267,0.474399413015567,97.65593802552227,15,2,10,0.13333333333333333,0,0.13333333333333333,0.3333333333333333,0.2,0.2,0.2,0.4571407875110497,0.8257204232912724,0.32920865580131,0.7613940865618517,0
474,59,2,0.21740969045436373,0.27801409876967464,58.42248736643906,15,2,10,0.5333333333333333,1,0.6666666666666666,0.3333333333333333,0.6,0.6,0.5333333333333333,0.5636466296695223,0.9365688325986249,0.539284292216355,0.8811539183500875,0
475,59,3,0.5144972106501089,0.4159268922809842,112.69943550765512,15,2,10,0.26666666666666666,1,0.3333333333333333,0.3333333333333333,0.4,0.4,0.4,0.5688888960893309,0.7668989068176248,0.474278231474827,0.8091025510468453,0
476,59,4,0.6462287811179985,0.7103875106639534,156.83507225320756,15,2,10,0.13333333333333333,1,0.2,0.3333333333333333,0.2,0.2,0.3333333333333333,0.4811218195480423,0.8401535344229822,0.35489331978759736,0.9366351824814554,0
477,59,5,0.592039223417145,0.6549815545693347,117.28079018108961,15,2,10,0.13333333333333333,1,0.13333333333333333,0.3333333333333333,0.0,0.0,0.13333333333333333,0.521933750472334,0.7149529153919318,0.3771088929299692,0.6549815545693347,1
478,59,6,0.46089090411668154,0.5499875884279887,131.89365287393798,15,2,10,0.0,0,0.0,0.3333333333333333,0.0,0.0,0.0,0.4704828661798994,0.6316092634985893,0.3124221054047251,0.585157028326909,0
479,59,7,0.39427363952640043,0.29730668942684446,93.10848441544655,15,2,10,0.06666666666666667,0,0.13333333333333333,0.3333333333333333,0.2,0.2,0.3333333333333333,0.39398221943014095,0.6597970557202273,0.33000976311242497,0.7551052337085319,0
480,60,0,0.8825076016234669,1.0,174.54916208111138,14,0,11,0.42857142857142855,1,0.5714285714285714,0.2857142857142857,0.25,0.25,0.6428571428571429,0.5966698080728162,0.885578946373343,0.577070516703139,1.0,1
481,60,1,0.500986362648917,0.6702393776855338,115.73769458739037,14,0,11,0.07142857142857142,1,0.07142857142857142,0.2857142857142857,0.0,0.0,0.0,0.389904796416424,0.6357255995447654,0.25308207640648767,0.6702393776855338,1
482,60,2,0.5356716379312136,0.3062820942941129,80.11869123519911,14,0,11,0.21428571428571427,0,0.21428571428571427,0.2857142857142857,0.0,0.0,0.21428571428571427,0.5221513558950176,0.7156846486278464,0.4363211862194177,0.7229993583659392,0
483,60,3,0.6736428175279908,0.45887032366745584,131.35343612021072,14,0,11,0.14285714285714285,0,0.14285714285714285,0.2857142857142857,0.0,0.0,0.14285714285714285,0.5968917074327277,0.7726393045614371,0.4623967134122803,0.8702664758469675,1
484,60,4,0.25199905760819646,0.10868745710574848,41.514050619195295,14,0,11,0.0,0,0.0,0.2857142857142857,0.0,0.0,0.0,0.43804955317126393,0.6841874150439813,0.28504370819836417,0.5200544062387374,0
485,60,5,0.5618110230600762,0.6198140909186827,123.04722212277271,14,0,11,0.14285714285714285,1,0.14285714285714285,0.2857142857142857,0.25,0.25,0.14285714285714285,0.38558150184846074,0.6325995966540481,0.3573093877712508,0.6599540668865076,0
486,60,6,0.4604870072433546,0.5358431959885094,127.77648024972356,14,0,11,0.2857142857142857,0,0.2857142857142857,0.2857142857142857,0.5,0.5,0.6428571428571429,0.5356115220351555,0.8340546711615693,0.4997017626637662,1.0,0
487,60,7,0.2910028538011312,0.30682522103161747,88.03045802543834,14,0,11,0.14285714285714285,0,0.14285714285714285,0.2857142857142857,0.25,0.25,0.07142857142857142,0.4588773040739427,0.6843180376977346,0.3701817628671308,0.6236348082160168,1
488,61,0,0.597475849547848,0.5821979759688763,102.85279444464012,11,3,5,0.18181818181818182,0,0.2727272727272727,0.45454545454545453,0.2,0.2,0.18181818181818182,0.557636243287924,0.7350868739368313,0.5355801353782786,0.8885830146169762,0
489,61,1,0.3299644192175415,0.3906775780979304,72.06694693121939,11,3,5,0.0,0,0.0,0.45454545454545453,0.0,0.0,0.0,0.4096540694046665,0.6301200182328134,0.28923402695413364,0.5884779309157231,0
490,61,2,0.5134066733015328,0.4142040672404081,90.57249027867054,11,3,5,0.45454545454545453,1,0.5454545454545454,0.45454545454545453,0.6,0.6,0.36363636363636365,0.6361250003567774,0.8717293158212043,0.624148011412609,1.0,1
491,61,3,0.648667319329873,0.5318127891235213,136.24927486799626,11,3,5,0.2727272727272727,0,0.2727272727272727,0.45454545454545453,0.2,0.2,0.18181818181818182,0.5673815376958715,0.8606575592008261,0.4760721323059753,0.8415501405428398,1
492,61,4,0.5702338798563676,0.46205993277662655,104.08740054536086,11,3,5,0.2727272727272727,0,0.2727272727272727,0.45454545454545453,0.0,0.0,0.09090909090909091,0.4908404983518514,0.7257140483930395,0.3973141423479623,0.8375058134550041,0
493,61,5,0.6996961549474153,0.6299987059643108,141.10398370471248,11,3,5,0.2727272727272727,1,0.2727272727272727,0.45454545454545453,0.2,0.2,0.18181818181818182,0.5363104040729204,0.6996961549474153,0.4824558956678953,0.739140872858148,0
494,61,6,0.40054410904838644,0.15921291036696703,64.3966286151282,11,3,5,0.0,0,0.0,0.45454545454545453,0.0,0.0,0.0,0.40308885932169686,0.5676188372739736,0.27679493611899997,0.549001887086467,0
495,61,7,0.7787664874977682,0.8857491453549433,158.12513222043737,11,3,5,0.09090909090909091,1,0.09090909090909091,0.45454545454545453,0.0,0.0,0.0,0.48352539517384224,0.7787664874977682,0.3619180270334433,0.8857491453549433,1
496,62,0,0.7394766272640912,0.6901142970988182,148.5496403524219,15,3,9,0.13333333333333333,1,0.13333333333333333,0.6666666666666666,0.1,0.1,0.06666666666666667,0.45948996844104834,0.7394766272640912,0.3388481417929558,0.6901142970988182,1
497,62,1,0.3767676082175169,0.3972726043153818,98.38983292101781,15,3,9,0.06666666666666667,0,0.06666666666666667,0.6666666666666666,0.1,0.1,0.2,0.4766358769717227,0.8708222851585431,0.3532893280635836,0.855439650310062,0
498,62,2,0.78526467289617,0.6603527235002036,155.45068112186098,15,3,9,0.4,1,0.4,0.6666666666666666,0.2,0.2,0.26666666666666666,0.6250445598057623,0.8821412848733483,0.5211718315184444,0.7917879455792253,0
499,62,3,0.8764085400073515,0.7475821585159381,181.38745911892732,15,3,9,0.4666666666666667,1,0.4666666666666667,0.6666666666666666,0.3,0.3,0.26666666666666666,0.5691113017623286,0.8764085400073515,0.5380857916045019,0.8216030318388208,0
500,62,4,0.4518169102719284,0.39812901787974403,68.42164204131139,15,3,9,0.2,0,0.2,0.6666666666666666,0.0,0.0,0.0,0.4518796462521823,0.8031392266792755,0.38408103396005894,0.7704436216005823,1
501,62,5,0.3838282921219474,0.2460480066005561,76.82192260849754,15,3,9,0.3333333333333333,1,0.6666666666666666,0.6666666666666666,0.5,0.8,0.5333333333333333,0.5880391369691108,0.7939684724215026,0.4915083508247766,0.6853247849436959,0
502,62,6,0.3495587866442376,0.28967897278606913,60.39675882619707,15,3,9,0.26666666666666666,1,0.4666666666666667,0.6666666666666666,0.4,0.6,0.5333333333333333,0.49165825276467334,0.7941782956121118,0.44005377222774406,0.6967367944732187,0
503,62,7,0.5291340184222401,0.42234106838200286,137.85394628101025,15,3,9,0.13333333333333333,0,0.3333333333333333,0.6666666666666666,0.2,0.4,0.26666666666666666,0.5667526135078739,0.7385566134339105,0.49476587738116656,0.8298982460338622,0
504,63,0,0.28631618671636655,0.0002823256252174611,40.93797267204117,13,1,9,0.15384615384615385,0,0.3076923076923077,0.38461538461538464,0.2,0.2,0.38461538461538464,0.5097590176443813,0.9116757018761008,0.37199160335536974,1.0,0
505,63,1,0.4796927670180107,0.48703791791303214,102.4881761617583,13,1,9,0.07692307692307693,0,0.07692307692307693,0.38461538461538464,0.0,0.0,0.0,0.4559151308684228,0.7049656210085202,0.3403928392876395,0.618832894351909,0
506,63,2,0.5716938700277003,0.37822728598916205,79.15322565883031,13,1,9,0.46153846153846156,0,0.46153846153846156,0.38461538461538464,0.2,0.2,0.46153846153846156,0.5969194943185501,0.8697027492146954,0.5730097641938727,0.8905073980795771,0
507,63,3,0.5436787443129835,0.5824438462087601,99.1496426556763,13,1,9,0.0,0,0.0,0.38461538461538464,0.0,0.0,0.0,0.34649521499458685,0.565882864034634,0.19431828938039375,0.5824438462087601,0
508,63,4,0.39332049397494084,0.3324314811906117,56.08984949202347,13,1,9,0.0,0,0.0,0.38461538461538464,0.0,0.0,0.0,0.37879055469620376,0.5843577292846208,0.34976220452749246,0.5714360692856567,0
509,63,5,0.6210156171276946,0.42674961214809376,78.56213556428999,13,1,9,0.3076923076923077,0,0.3076923076923077,0.38461538461538464,0.2,0.2,0.15384615384615385,0.594214782852317,0.878374249032304,0.5569763000549699,0.9130036904835582,1
510,63,6,0.35346827676529746,0.14501476502177957,49.754362709273785,13,1,9,0.0,0,0.0,0.38461538461538464,0.0,0.0,0.0,0.4384938584854121,0.763263040097905,0.31950689083975764,0.5183710517900534,0
511,63,7,0.49234697007368805,0.3504816588589805,108.55793976572139,13,1,9,0.3076923076923077,0,0.3076923076923077,0.38461538461538464,0.2,0.2,0.38461538461538464,0.5703369073570508,0.8333927270505251,0.5095711732909347,0.9438338878734907,1
512,64,0,0.38689143292856526,0.19974464222911606,57.657237112693196,15,5,9,0.06666666666666667,0,0.06666666666666667,0.5333333333333333,0.0,0.0,0.0,0.40780033098905727,0.8554669841302881,0.29958711361145496,0.749620311739447,0
513,64,1,0.3910931539466812,0.3642562329840863,97.9748855787453,15,5,9,0.4,1,0.6666666666666666,0.5333333333333333,0.5,0.625,0.4666666666666667,0.5689561856957438,0.821924068259145,0.5669961090370206,0.8909163908677276,0
514,64,2,0.38338068758613214,0.4001580061307744,98.50774479218127,15,5,9,0.0,0,0.0,0.5333333333333333,0.0,0.0,0.0,0.4445448708945251,0.7086962202915308,0.288506139994561,0.5543509519938419,0
515,64,3,0.42142242277411013,0.06747060786007308,63.49729623401163,15,5,9,0.06666666666666667,0,0.06666666666666667,0.5333333333333333,0.125,0.125,0.2,0.5044818100174083,0.7465871149952743,0.36333854905452606,0.6124168990749166,0
516,64,4,0.4960651623520861,0.3465387885644442,100.01316012178684,15,5,9,0.26666666666666666,0,0.4,0.5333333333333333,0.25,0.375,0.4666666666666667,0.5880260612466544,0.8628613292193837,0.5300986734775722,0.9016038302824049,0
517,64,5,0.5247677638701933,0.5392800181204913,122.47205095050542,15,5,9,0.2,0,0.26666666666666666,0.5333333333333333,0.25,0.25,0.2,0.5273544090561392,0.7579695105029048,0.4584234917529432,0.7243006261665658,0
518,64,6,0.6614631889895614,0.4376014758569128,115.75440044680744,15,5,9,0.13333333333333333,0,0.2,0.5333333333333333,0.125,0.125,0.2,0.5038418862977333,0.7936471099832993,0.42987686470856556,0.7299916757452265,0
519,64,7,0.4841497541908378,0.4911164288302766,116.5578551119626,15,5,9,0.2,0,0.4666666666666667,0.5333333333333333,0.125,0.375,0.4666666666666667,0.4750055365530811,0.6966924033340555,0.38112464716530764,0.7133412006433433,0
520,65,0,0.5355774410193912,0.378547711139056,120.3630209564509,15,2,10,0.06666666666666667,0,0.06666666666666667,0.4666666666666667,0.14285714285714285,0.14285714285714285,0.13333333333333333,0.44291834771247934,0.6308380002514632,0.3148744727618632,0.8472997989113532,0
521,65,1,0.6609220709003143,0.6103720630120689,121.00193491394018,15,2,10,0.26666666666666666,1,0.4,0.4666666666666667,0.2857142857142857,0.2857142857142857,0.4,0.5693424211015404,0.9114963216418425,0.4927882169153756,0.8194784731847345,0
522,65,2,0.3339251761842165,0.34632482965624267,50.01639676192623,15,2,10,0.0,0,0.0,0.4666666666666667,0.0,0.0,0.0,0.393702701823849,0.6644903666471205,0.29122714958476215,0.528371045210744,0
523,65,3,0.6369069206999195,0.4746612114775268,132.31465401890898,15,2,10,0.4,1,0.5333333333333333,0.4666666666666667,0.5714285714285714,0.5714285714285714,0.5333333333333333,0.5459538266074787,0.8735767471245606,0.5321732804422515,0.9064533856330629,0
524,65,4,0.6799804646579997,0.48804902841766634,120.76665017007223,15,2,10,0.3333333333333333,1,0.6,0.4666666666666667,0.5714285714285714,0.7142857142857143,0.6,0.5480618207546332,0.8267217597455858,0.4581443100485854,0.8076404443585358,0
525,65,5,0.49520309483833075,0.20185658766987258,94.54867422168674,15,2,10,0.4,1,0.4666666666666667,0.4666666666666667,0.42857142857142855,0.42857142857142855,0.4,0.5827857191123067,1.0,0.5230037074904117,0.8472925320871458,0
526,65,6,0.3437332018574546,0.2135913923006196,78.0900237996997,15,2,10,0.0,0,0.0,0.4666666666666667,0.0,0.0,0.0,0.34239531340073387,0.6786673484855229,0.2503855651790923,0.5767047140778193,0
527,65,7,0.34380260042295474,0.1505376769802191,72.76407382620026,15,2,10,0.06666666666666667,0,0.06666666666666667,0.4666666666666667,0.0,0.0,0.0,0.39746777929569815,0.6213841703975456,0.26415270805648416,0.6057167537043903,0
528,66,0,0.4223705888860711,0.3680674673259036,86.31761487283764,13,1,9,0.38461538461538464,0,0.38461538461538464,0.38461538461538464,0.6,0.6,0.6153846153846154,0.6286745337657336,0.8673133489817231,0.6022922870900985,0.9496243593996219,0
529,66,1,0.379324336784675,0.24543008054047755,96.679448034071,13,1,9,0.15384615384615385,0,0.15384615384615385,0.38461538461538464,0.0,0.0,0.23076923076923078,0.493786125708398,0.7774257436245783,0.47482594387312094,0.9420154800445569,0
530,66,2,0.7936692657120598,0.7826326918119141,207.57171568374793,13,1,9,0.3076923076923077,1,0.3076923076923077,0.38461538461538464,0.2,0.2,0.3076923076923077,0.5400611800125226,0.7936692657120598,0.48812981613873885,0.7826326918119141,0
531,66,3,0.43940765784571056,0.39668287146692993,71.22840263339111,13,1,9,0.23076923076923078,0,0.3076923076923077,0.38461538461538464,0.2,0.2,0.3076923076923077,0.6169298210716275,0.9464602057198629,0.4921900083857747,0.880846839257205,0
532,66,4,0.5319950107759065,0.6827835048418331,104.9048466317381,13,1,9,0.38461538461538464,1,0.46153846153846156,0.38461538461538464,0.2,0.2,0.46153846153846156,0.5877794322648826,0.8384863965197301,0.5209672425611105,0.7815715071238751,0
533,66,5,0.521670755941274,0.46936594124572756,112.77363287565292,13,1,9,0.07692307692307693,0,0.07692307692307693,0.38461538461538464,0.0,0.0,0.07692307692307693,0.4610805892283618,0.6431984473940466,0.43826996587818695,0.9097058032954579,0
534,66,6,0.44041730819772074,0.28448971986972976,94.02730023186447,13,1,9,0.3076923076923077,0,0.3076923076923077,0.38461538461538464,0.2,0.2,0.38461538461538464,0.5391461282871071,0.6970933507082487,0.4787530526361369,0.7540078400031242,0
535,66,7,0.3957523172291032,0.5455578888473585,106.44973922080462,13,1,9,0.15384615384615385,0,0.15384615384615385,0.38461538461538464,0.0,0.0,0.23076923076923078,0.5212476583448563,0.721187807383754,0.4566219836353801,0.9726050990218048,0
536,67,0,0.28875490434061185,0.036820623636137084,3.436170032200998,16,1,12,0.0625,0,0.0625,0.625,0.1,0.1,0.1875,0.4116576746410022,0.6965119863529539,0.28027403415157803,0.7382654799943558,0
537,67,1,0.3129186710994434,0.20826969577802332,69.44898208800458,16,1,12,0.0625,0,0.125,0.625,0.1,0.1,0.1875,0.41956766567749115,0.6110641738170501,0.3024270450915755,0.6059380614605789,0
538,67,2,0.8688288799926811,0.5243466561774228,141.1838815955814,16,1,12,0.25,1,0.3125,0.625,0.3,0.3,0.5625,0.5259746412387029,0.8688288799926811,0.4126703063610974,0.6985578748458461,0
539,67,3,0.5801839295443495,0.3214030599409449,79.1222989173069,16,1,12,0.125,0,0.125,0.625,0.1,0.1,0.125,0.4954012708380941,0.9898634917936507,0.3875397209574105,0.9322941822572711,0
540,67,4,0.16344807019390195,0.0695656918793259,50.28459582909,16,1,12,0.1875,0,0.1875,0.625,0.1,0.1,0.3125,0.40495616425208186,0.7250753926244748,0.31875253547318577,0.7714569071473126,0
541,67,5,0.6780737080039152,0.5657355706016848,108.01477637449014,16,1,12,0.1875,0,0.1875,0.625,0.1,0.1,0.3125,0.6044362167998631,0.9543020943603595,0.4975964467342697,1.0,1
542,67,6,0.496053635917901,0.3388627215083758,74.59809862363075,16,1,12,0.1875,0,0.3125,0.625,0.2,0.2,0.5,0.5482583861341919,0.786275330429268,0.47787581979881044,0.8119934446256194,0
543,67,7,0.3719069532176112,0.23418142728503796,73.31325312530053,16,1,12,0.0,0,0.0,0.625,0.0,0.0,0.0,0.4035809122183297,0.6455674538519212,0.2635444726806664,0.5547031984994921,0
544,68,0,0.3411483312678092,0.19546942028919342,52.398719040532086,17,5,9,0.0,0,0.0,0.29411764705882354,0.0,0.0,0.0,0.41124391043889547,0.6044077145880938,0.26525622728697307,0.5653942580768998,0
545,68,1,0.24725255807444277,0.3002126292127963,103.10138528293123,17,5,9,0.11764705882352941,0,0.17647058823529413,0.29411764705882354,0.2,0.2,0.11764705882352941,0.44130737756290117,0.832164029331446,0.3645936655863819,0.8312588716916592,0
546,68,2,0.32666923612513044,0.29876166886037203,67.45666118593157,17,5,9,0.058823529411764705,1,0.11764705882352941,0.29411764705882354,0.2,0.2,0.058823529411764705,0.44800916093307763,0.6464536614148565,0.37342626463903045,0.6935301312340936,1
547,68,3,0.3792002854720026,0.3407816050007712,74.54306492062435,17,5,9,0.058823529411764705,0,0.058823529411764705,0.29411764705882354,0.0,0.0,0.11764705882352941,0.4352928163759685,0.6888088291745549,0.3115821336297594,0.6690981611468274,0
548,68,4,0.3655123301201389,0.3962400437388225,111.86247601558955,17,5,9,0.0,0,0.0,0.29411764705882354,0.0,0.0,0.0,0.43617727467467265,0.6171816179258547,0.31442182866007556,0.5893731081633677,0
549,68,5,0.37206196291036375,0.3621191611091575,81.9699242214873,17,5,9,0.058823529411764705,0,0.058823529411764705,0.29411764705882354,0.0,0.0,0.058823529411764705,0.4591270181555373,0.8023884756809713,0.34855588194231235,0.7025057124940409,0
550,68,6,0.5491553572395195,0.5843993808179586,134.92160645012885,17,5,9,0.23529411764705882,0,0.29411764705882354,0.29411764705882354,0.4,0.4,0.29411764705882354,0.531009783687857,0.7538508353775775,0.4609531561576637,0.9083303255709851,0
551,68,7,0.7191375995439214,0.7557274142475656,181.89490211651838,17,5,9,0.11764705882352941,1,0.11764705882352941,0.29411764705882354,0.0,0.0,0.0,0.43931623517680224,0.8126209811732487,0.3363546609687634,0.7557274142475656,1
552,69,0,0.37804123793815314,0.42504292390772475,113.85847070043012,11,7,1,0.09090909090909091,0,0.09090909090909091,0.2727272727272727,0.0,0.0,0.09090909090909091,0.45267283060578634,0.5627222516117684,0.34133488333066464,0.6183033890907965,0
553,69,1,0.44018753697436946,0.18147738419695575,61.74814553226247,11,7,1,0.09090909090909091,0,0.09090909090909091,0.2727272727272727,0.0,0.0,0.0,0.4490341013648776,0.8139718257721438,0.35067518270831466,0.7650277200148967,0
554,69,2,0.6101059497091409,0.7696429308868895,157.31230892379733,11,7,1,0.5454545454545454,1,0.8181818181818182,0.2727272727272727,0.3333333333333333,1.0,0.09090909090909091,0.6330314837647809,0.9044386464429259,0.6068259476211592,0.9359547123249129,1
555,69,3,0.6083736907713635,0.7866602430507668,150.9995358982522,11,7,1,0.2727272727272727,1,0.7272727272727273,0.2727272727272727,0.6666666666666666,1.0,0.09090909090909091,0.5557490050953029,0.713247424109315,0.4601024298994758,0.7866602430507668,1
556,69,4,0.5548258309202356,0.4102864753663071,90.19487873276698,11,7,1,0.36363636363636365,1,0.9090909090909091,0.2727272727272727,0.3333333333333333,1.0,0.09090909090909091,0.5260961388853376,0.7739329464560368,0.4970720697232691,0.8091426110056172,1
557,69,5,0.48449813826690036,0.5402185056814455,97.90807563832234,11,7,1,0.2727272727272727,0,0.2727272727272727,0.2727272727272727,0.0,0.0,0.0,0.4998266260117638,0.8471565328960063,0.5025030330990632,0.755411223959667,0
558,69,6,0.4813474899375875,0.2506994896076649,62.47674852060834,11,7,1,0.18181818181818182,0,0.18181818181818182,0.2727272727272727,0.0,0.0,0.09090909090909091,0.5156910575196325,0.793636064450863,0.4393629642410021,0.7948606312310696,0
559,69,7,0.708740739084933,0.68678976145659,155.62737350875304,11,7,1,0.09090909090909091,1,0.09090909090909091,0.2727272727272727,0.0,0.0,0.0,0.5162017646599857,0.708740739084933,0.4340712970317012,0.68678976145659,0
560,70,0,0.39300109403531214,0.40209465180556475,84.90623800519437,18,5,12,0.2222222222222222,1,0.3333333333333333,0.5,0.2222222222222222,0.2222222222222222,0.3333333333333333,0.5416762721142693,0.9479423336047009,0.5129238305236093,0.8747466298580899,0
561,70,1,0.2501961592920578,0.2087364568828139,61.17896044718897,18,5,12,0.1111111111111111,1,0.16666666666666666,0.5,0.1111111111111111,0.1111111111111111,0.05555555555555555,0.37918314528656993,0.638040041551826,0.2681958104275176,0.6253721767861089,0
562,70,2,0.09026176428971344,0.029306248244604774,51.854392556442505,18,5,12,0.0,0,0.0,0.5,0.0,0.0,0.0,0.29945443475252603,0.5307570994063537,0.1730008870270746,0.4656679748309312,0
563,70,3,0.23090860412828093,0.19351187488078508,44.090372612186,18,5,12,0.1111111111111111,0,0.1111111111111111,0.5,0.0,0.0,0.0,0.37281428679243606,0.6696340892267727,0.2772201576413649,0.7742746922078614,0
564,70,4,0.4720520292394284,0.198900834396191,72.68228761100704,18,5,12,0.16666666666666666,1,0.6111111111111112,0.5,0.2222222222222222,0.6666666666666666,0.5555555555555556,0.543902799635985,0.8722871547217745,0.4560498833505717,0.8086772872056781,0
565,70,5,0.543554447948761,0.8879606949557264,154.89483420288212,18,5,12,0.2777777777777778,1,0.2777777777777778,0.5,0.1111111111111111,0.1111111111111111,0.2222222222222222,0.5772690567694323,0.8262207124711567,0.5407322747179909,0.8879606949557264,1
566,70,6,0.26768711987276383,0.18709338286114258,82.90400165686395,18,5,12,0.05555555555555555,0,0.05555555555555555,0.5,0.0,0.0,0.0,0.451816415885564,0.8186240690349429,0.38379690810341854,0.6349057205346496,1
567,70,7,0.530469664051751,0.42939575480994985,86.0967803805126,18,5,12,0.16666666666666666,1,0.2222222222222222,0.5,0.1111111111111111,0.1111111111111111,0.05555555555555555,0.4802380798323489,0.9118239419009435,0.42157954969681927,0.8735484914879791,0
568,71,0,0.652408871677703,0.7173928988195505,180.23420760278626,15,1,11,0.26666666666666666,1,0.26666666666666666,0.5333333333333333,0.125,0.125,0.2,0.5083373162118876,0.9840106458434259,0.43816048774215394,0.8923619021450974,1
569,71,1,0.5763889024671169,0.5192402937297508,116.26894078491429,15,1,11,0.2,0,0.2,0.5333333333333333,0.125,0.125,0.3333333333333333,0.5283688330371663,0.8597723334924559,0.4277050682082815,0.8471122083342185,0
570,71,2,0.24856844702056827,0.23386489080608214,70.17589256991528,15,1,11,0.13333333333333333,0,0.4,0.5333333333333333,0.25,0.5,0.5333333333333333,0.5118893953136218,0.6957570926036614,0.44805270299408184,0.6570670767449787,1
571,71,3,0.4899535094468021,0.1964343711136499,50.88900613027827,15,1,11,0.13333333333333333,0,0.3333333333333333,0.5333333333333333,0.125,0.375,0.3333333333333333,0.47810876432000016,0.7005639684797312,0.33854988777294986,0.6410283463734003,1
572,71,4,0.6031347370671305,0.4498034077558542,102.33972434632125,15,1,11,0.06666666666666667,0,0.06666666666666667,0.5333333333333333,0.125,0.125,0.26666666666666666,0.5215667916599304,0.7786913554669728,0.41130642355347635,0.905539063596461,0
573,71,5,0.5042824372413348,0.4403386857351426,99.389203753901,15,1,11,0.13333333333333333,0,0.13333333333333333,0.5333333333333333,0.125,0.125,0.06666666666666667,0.4921883870498396,0.6654338400227588,0.40093632043005495,0.7336554899373326,0
574,71,6,0.6476536315731433,0.43567159513495085,97.47722877239909,15,1,11,0.06666666666666667,0,0.06666666666666667,0.5333333333333333,0.125,0.125,0.2,0.432472393830945,0.754441009292951,0.3254557997307568,0.6012925191037104,0
575,71,7,0.5979033331264588,0.546849339313775,127.69269711078498,15,1,11,0.5333333333333333,1,0.6666666666666666,0.5333333333333333,0.625,0.625,0.4666666666666667,0.6254959761529479,0.9051399908237283,0.6199656292277175,0.8845146205800064,0
576,72,0,0.49250425943795395,0.3589032683733378,85.7077937040728,18,2,13,0.1111111111111111,0,0.2222222222222222,0.16666666666666666,0.0,0.0,0.1111111111111111,0.4886996249993303,0.7693108150394778,0.41543210079812465,0.796511803885679,1
577,72,1,0.40509251179324945,0.34553920796217724,90.881676676653,18,2,13,0.2777777777777778,0,0.2777777777777778,0.16666666666666666,0.3333333333333333,0.3333333333333333,0.3888888888888889,0.5693635948327969,0.7919272650257081,0.47213085349048967,0.682209007887545,0
578,72,2,0.37109354248027815,0.23780449760190894,95.23441894827448,18,2,13,0.3333333333333333,0,0.4444444444444444,0.16666666666666666,0.3333333333333333,0.3333333333333333,0.4444444444444444,0.554345432064163,0.7897288118432719,0.5041093783966317,0.8487597248923382,0
579,72,3,0.6392998491376896,0.3534045664469991,64.21379644096399,18,2,13,0.16666666666666666,0,0.2222222222222222,0.16666666666666666,0.0,0.0,0.4444444444444444,0.5414117221494457,0.8241989826952008,0.4976509169495873,0.8749973406827056,0
580,72,4,0.4135980176645113,0.38332968155494074,116.36364215506397,18,2,13,0.2222222222222222,1,0.2777777777777778,0.16666666666666666,0.3333333333333333,0.3333333333333333,0.6111111111111112,0.5522473955007059,0.9096267587554371,0.5074540070356062,0.8984544856773429,0
581,72,5,0.42734806203813425,0.23250591015961275,70.3828160841124,18,2,13,0.05555555555555555,0,0.05555555555555555,0.16666666666666666,0.0,0.0,0.1111111111111111,0.4198668174749376,0.5938073173132514,0.272987230920583,0.6306900166555268,0
582,72,6,0.4096957320259903,0.28743406442621844,93.55612443466035,18,2,13,0.4444444444444444,1,0.9444444444444444,0.16666666666666666,1.0,1.0,0.7222222222222222,0.5674536462403594,0.8496943667414522,0.5191652217075953,0.7993088607012796,0
583,72,7,0.45656970989442736,0.2635428867898887,56.19343208850862,18,2,13,0.16666666666666666,0,0.2222222222222222,0.16666666666666666,0.3333333333333333,0.3333333333333333,0.2777777777777778,0.41128089182949473,0.7485904276772147,0.28005523125165077,0.639249856687724,0
584,73,0,0.6161232239043554,0.5675473363115308,107.78634644682188,14,3,8,0.07142857142857142,0,0.07142857142857142,0.21428571428571427,0.0,0.0,0.14285714285714285,0.37786066618442204,0.7491516284255236,0.3133214276909479,0.6921011920609974,1
585,73,1,0.5609443830749843,0.06477740425840077,66.64399882683061,14,3,8,0.07142857142857142,0,0.14285714285714285,0.21428571428571427,0.3333333333333333,0.3333333333333333,0.21428571428571427,0.45099374789245067,0.8498585013262443,0.28120698710159153,0.6826769678730013,0
586,73,2,0.6046436285369924,0.4320241883540444,121.7288735453288,14,3,8,0.21428571428571427,1,0.7857142857142857,0.21428571428571427,0.6666666666666666,1.0,0.5714285714285714,0.5570494953507734,0.7650133574354572,0.43569005948216016,0.7992479676441058,1
587,73,3,0.32110971766299523,0.18156008550656258,91.4926875443094,14,3,8,0.14285714285714285,0,0.14285714285714285,0.21428571428571427,0.3333333333333333,0.3333333333333333,0.2857142857142857,0.49401488121138,0.693082251879403,0.397419312042328,0.6824339231788823,0
588,73,4,0.44946386036970765,0.20694441194805513,86.19132068471608,14,3,8,0.0,0,0.0,0.21428571428571427,0.0,0.0,0.0,0.42034570267515564,0.6365618987208246,0.32392984543583925,0.5973407172088524,0
589,73,5,0.3940967766221447,0.3060754888629232,90.77473588816494,14,3,8,0.21428571428571427,1,0.6428571428571429,0.21428571428571427,0.3333333333333333,1.0,0.5,0.583301464021066,0.8100170228471028,0.4756797596902592,0.813264575111777,0
590,73,6,0.5784565250780289,0.5363709395542338,123.41807044055581,14,3,8,0.07142857142857142,1,0.5,0.21428571428571427,0.3333333333333333,1.0,0.5,0.5674889236540203,1.0,0.42501593037785695,0.9316482668443031,1
591,73,7,0.45022266296876584,0.48812451539808943,112.48324718404979,14,3,8,0.07142857142857142,0,0.07142857142857142,0.21428571428571427,0.3333333333333333,0.3333333333333333,0.2857142857142857,0.43705613297619855,0.6647448442482069,0.3460948639308016,0.6402192778978979,0
592,74,0,0.6323208348036394,0.5042758324995973,115.88227204668127,18,3,13,0.2222222222222222,0,0.5,0.3888888888888889,0.2857142857142857,0.2857142857142857,0.6111111111111112,0.4921657441904698,0.8435205557426462,0.4449801681507189,0.8186859638035939,0
593,74,1,0.6060683684456493,0.6874534098525377,149.09168520824818,18,3,13,0.2222222222222222,1,0.5555555555555556,0.3888888888888889,0.2857142857142857,0.2857142857142857,0.6111111111111112,0.5253846785929329,0.7064785925958484,0.5054007490035558,0.7448185262525165,0
594,74,2,0.4803903583603536,0.20266605064902063,96.21587085836163,18,3,13,0.0,0,0.0,0.3888888888888889,0.0,0.0,0.0,0.3974304929877752,0.6203906844941816,0.27545734963752166,0.5736306082358422,0
595,74,3,0.17764624557542796,0.05559453193777206,47.66158160977224,18,3,13,0.05555555555555555,0,0.1111111111111111,0.3888888888888889,0.0,0.0,0.0,0.3658756926484629,0.6650035763249622,0.24103262653596394,0.6546565830063029,0
596,74,4,0.4360276357435866,0.3467111307020143,73.97678819401827,18,3,13,0.1111111111111111,0,0.1111111111111111,0.3888888888888889,0.14285714285714285,0.14285714285714285,0.1111111111111111,0.37113026025433504,0.7723386141283132,0.24042418214198052,0.7654777985622719,1
597,74,5,0.7396760322287907,0.8837211183674035,177.16222244910114,18,3,13,0.3333333333333333,1,0.3888888888888889,0.3888888888888889,0.42857142857142855,0.42857142857142855,0.3888888888888889,0.485883084632085,0.7539038422306252,0.46793135861573387,0.8837211183674035,0
598,74,6,0.32557356046786307,0.20884691179548148,68.9667508165882,18,3,13,0.05555555555555555,0,0.05555555555555555,0.3888888888888889,0.14285714285714285,0.14285714285714285,0.2222222222222222,0.38212123320004204,0.7092927751485789,0.21818136888913173,0.6809603293532437,0
599,74,7,0.47434669762676884,0.565945072310865,95.848946170322,18,3,13,0.16666666666666666,0,0.16666666666666666,0.3888888888888889,0.2857142857142857,0.2857142857142857,0.16666666666666666,0.5194390584417813,0.787584613703411,0.4392650808622731,0.7958550276601304,1
600,75,0,0.27864624715735714,0.08578809421122213,70.25752673034955,10,1,6,0.0,0,0.0,0.2,0.0,0.0,0.0,0.3713212700904322,0.6193449642745058,0.2586367265920505,0.4011548062897017,0
601,75,1,0.8300218567891007,0.7508678073927949,187.2813034834577,10,1,6,0.1,1,0.1,0.2,0.0,0.0,0.0,0.4367521807690783,0.8300218567891007,0.36067686594163273,0.7508678073927949,1
602,75,2,0.5940481652098288,0.45928725096570694,105.07685319364194,10,1,6,0.0,0,0.0,0.2,0.0,0.0,0.0,0.46825335230621734,0.6022842624618001,0.345241049978302,0.5752547317737686,0
603,75,3,0.4318627055112232,0.13339405951772684,60.59166417985968,10,1,6,0.2,0,0.2,0.2,0.5,0.5,0.5,0.5037230230579024,0.7927955027637283,0.42242057141533246,0.8544276754024253,0
604,75,4,0.3592636065435217,0.44418418338848886,52.30370097507941,10,1,6,0.0,0,0.0,0.2,0.0,0.0,0.0,0.41971083218517247,0.7066348432649492,0.32181932167167204,0.58228392468503,0
605,75,5,0.6274832291620078,0.553432667821025,110.96101117841886,10,1,6,0.1,0,0.1,0.2,0.0,0.0,0.0,0.4775315158606485,0.6274832291620078,0.45306188993660684,0.7295398250063442,0
606,75,6,0.8176840239600787,0.6780072166037194,111.00440479127423,10,1,6,0.1,1,0.1,0.2,0.0,0.0,0.0,0.5631368882347498,0.8176840239600787,0.4460669339628428,0.6780072166037194,1
607,75,7,0.46619521336867664,0.21329562909695982,64.49093299532824,10,1,6,0.1,0,0.1,0.2,0.5,0.5,0.3,0.48956094524703264,0.8239965440501813,0.30686993807133034,0.6061654250601753,0
608,76,0,0.266139401637557,0.0,38.917571200610325,18,1,14,0.0,0,0.0,0.2777777777777778,0.0,0.0,0.0,0.3679139481046923,0.5203928261930747,0.2110458460776205,0.5207609048693941,0
609,76,1,0.5649440988845325,0.4571485506488703,101.28306876869303,18,1,14,0.2777777777777778,0,0.3333333333333333,0.2777777777777778,0.2,0.2,0.5555555555555556,0.559313392568231,0.9060388362535399,0.4665930185894577,0.8437742697787984,0
610,76,2,0.6047947619875194,0.3856745425407639,133.56116847172265,18,1,14,0.2777777777777778,0,0.2777777777777778,0.2777777777777778,0.2,0.2,0.3888888888888889,0.5604170453447603,0.9044000901359509,0.4690157799999115,0.825255171186362,0
611,76,3,0.2490510832553537,0.10061553794124758,60.39854250093565,18,1,14,0.05555555555555555,0,0.05555555555555555,0.2777777777777778,0.0,0.0,0.0,0.38718271367781854,0.6795068368588035,0.2803299162302847,0.7637582956870915,0
612,76,4,0.2726623656961228,0.24315919946866224,59.58924827353975,18,1,14,0.05555555555555555,0,0.05555555555555555,0.2777777777777778,0.0,0.0,0.0,0.4050835446838466,0.6553432387904907,0.2889405086641894,0.6462344974377938,0
613,76,5,0.3311139281392478,0.22867590445884592,60.21885463476939,18,1,14,0.1111111111111111,0,0.1111111111111111,0.2777777777777778,0.2,0.2,0.3333333333333333,0.49587218795057786,0.943820352384761,0.34969050477758534,0.8121882888150237,0
614,76,6,0.5455317175043918,0.4344607462239421,92.17724802903197,18,1,14,0.0,0,0.0,0.2777777777777778,0.0,0.0,0.0,0.4030114245661097,0.7334450624340985,0.2873481618851672,0.5895257622198655,0
615,76,7,0.7086792406000151,0.5471166056388671,131.4518328599863,18,1,14,0.05555555555555555,0,0.05555555555555555,0.2777777777777778,0.0,0.0,0.1111111111111111,0.4908359070792527,0.73989624545747,0.4221827581320474,0.7050799850842712,0
616,77,0,0.4393100958269244,0.2428932883626246,96.87657154209722,12,2,7,0.0,0,0.0,0.3333333333333333,0.0,0.0,0.0,0.45369289958559883,0.7360898988896818,0.35142006266840603,0.5925073486270163,0
617,77,1,0.6382942426245022,0.7933278554499437,148.76009203563748,12,2,7,0.25,1,0.25,0.3333333333333333,0.0,0.0,0.3333333333333333,0.5133769424895566,0.906123414891531,0.46165257036204044,1.0,0
618,77,2,0.4778522039271215,0.3961132206857056,102.54975214246328,12,2,7,0.0,0,0.0,0.3333333333333333,0.0,0.0,0.0,0.38098144660003563,0.8107390842341156,0.28450319112336225,0.49551201442485526,0
619,77,3,0.6818673607367614,0.5962101248208128,156.66768769015954,12,2,7,0.16666666666666666,1,0.25,0.3333333333333333,0.25,0.25,0.0,0.6222584583171805,0.8206579948095647,0.5570672073901949,0.7237000129012326,1
620,77,4,0.7764754178492459,0.6374163775594031,177.998014968714,12,2,7,0.25,1,0.25,0.3333333333333333,0.5,0.5,0.0,0.54863505661221,0.8369100862054895,0.5050560163937353,0.8123908063093762,0
621,77,5,0.7629662514681604,0.5831830228680123,127.0788611376721,12,2,7,0.25,1,0.3333333333333333,0.3333333333333333,0.5,0.5,0.0,0.5884759412183722,0.8284119690197322,0.48071840526166526,0.7356255147739387,1
622,77,6,0.354832037183949,0.2561226574707023,89.55583112318641,12,2,7,0.25,0,0.25,0.3333333333333333,0.25,0.25,0.4166666666666667,0.5389619770087276,0.7822681152677566,0.4051579802186998,0.6855577204667802,1
623,77,7,0.42694336851047276,0.4173749886991485,100.41303085969264,12,2,7,0.25,0,0.5,0.3333333333333333,0.25,0.25,0.5833333333333334,0.5384411167206914,0.7516770342523624,0.486698834826129,0.7466136505491702,1
624,78,0,0.36874903679281495,0.3229904076608502,75.66923730826178,14,2,9,0.14285714285714285,1,0.35714285714285715,0.07142857142857142,1.0,1.0,0.35714285714285715,0.38969726505353425,0.6192923237225656,0.36284689306249346,0.6754664936286303,0
625,78,1,0.38002812315512063,0.35508511544289845,102.55092757459187,14,2,9,0.0,0,0.0,0.07142857142857142,0.0,0.0,0.0,0.4450846400604021,0.6303723161870171,0.3757662611391564,0.5893309979610536,1
626,78,2,0.4897895506567337,0.2975136090214917,82.3130422665375,14,2,9,0.2857142857142857,0,0.2857142857142857,0.07142857142857142,0.0,0.0,0.07142857142857142,0.6044841017677997,0.7861315434669163,0.5254413490424551,0.8677895716257695,0
627,78,3,0.3710075678757048,0.27556211826253973,48.195422789222974,14,2,9,0.14285714285714285,0,0.14285714285714285,0.07142857142857142,0.0,0.0,0.42857142857142855,0.5447162471470631,0.8693005849474242,0.4909635774709031,0.9575980284939305,0
628,78,4,0.704175651398288,0.7837856254161214,133.24995169167758,14,2,9,0.07142857142857142,1,0.07142857142857142,0.07142857142857142,0.0,0.0,0.0,0.5084795339111583,0.704175651398288,0.4034305718263233,0.7837856254161214,1
629,78,5,0.5226270809343664,0.35940220506510695,94.63830271521728,14,2,9,0.0,0,0.0,0.07142857142857142,0.0,0.0,0.0,0.39362053551523485,0.5633377581945999,0.28855618126205396,0.5214032275021444,0
630,78,6,0.2391585136771503,0.09404936426597216,71.21806318323398,14,2,9,0.21428571428571427,0,0.42857142857142855,0.07142857142857142,0.0,0.0,0.5714285714285714,0.4941714046724154,0.7431089857408175,0.4186296173004019,0.7486912461503681,0
631,78,7,0.3101168973791213,0.3101929941665452,58.71033569791851,14,2,9,0.14285714285714285,0,0.14285714285714285,0.07142857142857142,0.0,0.0,0.07142857142857142,0.47211323970253344,0.7719553840659751,0.42072637355745185,0.7530683458786152,0
632,79,0,0.44470312807116413,0.3051211767988174,62.16244956593437,15,2,10,0.13333333333333333,0,0.13333333333333333,0.5333333333333333,0.0,0.0,0.0,0.5283787633385847,0.7499812553591592,0.42178218368226666,0.7306801135975685,0
633,79,1,0.1802027818120411,0.15847112522665383,60.12164126077581,15,2,10,0.06666666666666667,0,0.06666666666666667,0.5333333333333333,0.125,0.125,0.2,0.37177259131503015,0.6030279928055896,0.2354736255828989,0.6319148581997902,0
634,79,2,0.4915244548480326,0.7517021545425197,129.88560212243624,15,2,10,0.13333333333333333,1,0.13333333333333333,0.5333333333333333,0.0,0.0,0.13333333333333333,0.43532810315402704,0.6698752057894376,0.34812295387937137,0.7732301678044624,0
635,79,3,0.7099129616432516,0.5110867158990342,116.81414617916604,15,2,10,0.06666666666666667,0,0.06666666666666667,0.5333333333333333,0.125,0.125,0.06666666666666667,0.5441852318666863,0.7900234601977965,0.4457717521844644,0.8349378351397776,0
636,79,4,0.41573679288884996,0.35221532125515476,60.649789226818044,15,2,10,0.06666666666666667,0,0.06666666666666667,0.5333333333333333,0.0,0.0,0.0,0.4410302357127319,0.7174416441817971,0.3862136273907021,0.8352156912642645,0
637,79,5,0.505204137673068,0.3887658442578438,79.17085246708146,15,2,10,0.06666666666666667,0,0.06666666666666667,0.5333333333333333,0.125,0.125,0.26666666666666666,0.44169347144262405,0.6714902046663663,0.39575877104922585,0.62991389645524,0
638,79,6,0.16047380151953083,0.0,12.922113460928152,15,2,10,0.0,0,0.0,0.5333333333333333,0.0,0.0,0.0,0.3913777783396988,0.5409586660847968,0.21389037220588547,0.4520849890497789,0
639,79,7,0.49552265545871316,0.19905502864503516,63.150364702439646,15,2,10,0.3333333333333333,1,0.7333333333333333,0.5333333333333333,0.5,0.75,0.6,0.5607391410973885,0.8342760652534499,0.531542627510211,0.799221166090808,0
640,80,0,0.43142424587152317,0.1456219603243543,73.12027774247566,18,3,13,0.16666666666666666,0,0.16666666666666666,0.5,0.2222222222222222,0.2222222222222222,0.16666666666666666,0.49490045877346894,0.713940567028759,0.4002519961266246,0.8160600782331029,0
641,80,1,0.46527069862954595,0.4230451250772519,105.03030334303168,18,3,13,0.2777777777777778,0,0.2777777777777778,0.5,0.4444444444444444,0.4444444444444444,0.4444444444444444,0.5510543490973383,0.9185053368702215,0.4795277732342709,0.9290875551356209,1
642,80,2,0.37145469040549817,0.34841158675489714,68.74531142982455,18,3,13,0.1111111111111111,0,0.1111111111111111,0.5,0.2222222222222222,0.2222222222222222,0.1111111111111111,0.43572432718243703,0.6940307080383278,0.3678962232944223,0.6489560956510546,0
643,80,3,0.1960275380199187,0.2474078207585691,52.782899224444996,18,3,13,0.0,0,0.0,0.5,0.0,0.0,0.0,0.3102614999802333,0.4837982141727549,0.1807732902338833,0.40411018694526435,0
644,80,4,0.39410247099805235,0.30074394379630914,82.12377186704975,18,3,13,0.1111111111111111,0,0.16666666666666666,0.5,0.0,0.0,0.0,0.5316148124852383,0.887898748490147,0.39336121715727923,0.9318139174061978,0
645,80,5,0.42552292822227444,0.33769973325018676,100.5141725695007,18,3,13,0.1111111111111111,0,0.16666666666666666,0.5,0.2222222222222222,0.3333333333333333,0.3888888888888889,0.42121943693653763,0.7382148836327869,0.29403394660103355,0.6400299858853951,0
646,80,6,0.3752138305295627,0.13444798170381167,61.29189719436378,18,3,13,0.1111111111111111,0,0.1111111111111111,0.5,0.1111111111111111,0.1111111111111111,0.1111111111111111,0.4388220025251776,0.8338001436081859,0.34815913180171093,0.660701638776104,0
647,80,7,0.39557415220466313,0.2760614206826504,67.91260901321604,18,3,13,0.16666666666666666,0,0.3333333333333333,0.5,0.1111111111111111,0.2222222222222222,0.5,0.4811701556416003,0.7641229565348642,0.38610043773978386,0.6905247866784306,0
648,81,0,0.8987754477959494,0.8995784152952834,195.4353886285172,17,2,12,0.17647058823529413,1,0.17647058823529413,0.5294117647058824,0.1111111111111111,0.1111111111111111,0.11764705882352941,0.495239517954185,0.8987754477959494,0.40503000020518504,0.8995784152952834,0
649,81,1,0.42813996170637864,0.2617906199254183,52.85997959727476,17,2,12,0.23529411764705882,0,0.29411764705882354,0.5294117647058824,0.4444444444444444,0.4444444444444444,0.29411764705882354,0.492895535593266,0.9817854288301401,0.46661579804778347,0.94462873087175,0
650,81,2,0.4386566834073543,0.22772785315889416,90.65082437420656,17,2,12,0.058823529411764705,0,0.058823529411764705,0.5294117647058824,0.0,0.0,0.058823529411764705,0.48470591307616884,0.7075003014720133,0.3456324029006942,0.6207549080513436,0
651,81,3,0.6641171075189578,0.3321926451871866,120.96387639224072,17,2,12,0.4117647058823529,1,0.9411764705882353,0.5294117647058824,0.6666666666666666,1.0,0.7058823529411765,0.5681025291210785,0.832856867738178,0.49203857861668737,0.7643958453522687,1
652,81,4,0.3994956001259705,0.0730423525841724,84.04540945542479,17,2,12,0.058823529411764705,0,0.058823529411764705,0.5294117647058824,0.1111111111111111,0.1111111111111111,0.058823529411764705,0.4083099349635695,0.8300855548623431,0.3144041879620159,0.6783778971942622,1
653,81,5,0.19289790072459728,0.14268701694542643,45.31273638181911,17,2,12,0.11764705882352941,0,0.11764705882352941,0.5294117647058824,0.1111111111111111,0.1111111111111111,0.11764705882352941,0.4374798234694009,0.7142897071667861,0.34685740148530536,0.6377827173906119,0
654,81,6,0.44602334831248686,0.3171511392563029,72.17423589911593,17,2,12,0.058823529411764705,0,0.11764705882352941,0.5294117647058824,0.1111111111111111,0.2222222222222222,0.47058823529411764,0.44119219604879484,0.7020022921824239,0.31946059973110374,0.6343296018883058,0
655,81,7,0.3748911543083931,0.1870510313412302,75.25647437220753,17,2,12,0.17647058823529413,0,0.17647058823529413,0.5294117647058824,0.1111111111111111,0.1111111111111111,0.058823529411764705,0.4629531104307248,0.8383291064361282,0.3923153704921109,0.7143524951742631,0
656,82,0,0.6008058033567478,0.6856803413210997,113.18126594325723,15,2,10,0.06666666666666667,1,0.06666666666666667,0.4666666666666667,0.0,0.0,0.0,0.3510741960433926,0.6008058033567478,0.19167166588292067,0.6856803413210997,0
657,82,1,0.5879630233758216,0.7348134474342569,137.74194358521078,15,2,10,0.06666666666666667,1,0.06666666666666667,0.4666666666666667,0.0,0.0,0.0,0.3500089617468158,0.5986058672768282,0.2858460801901603,0.7348134474342569,0
658,82,2,0.6565288175354296,0.6080658117540079,165.89007185630123,15,2,10,0.2,1,0.2,0.4666666666666667,0.2857142857142857,0.2857142857142857,0.4666666666666667,0.43037995002190227,0.6632030752436311,0.4050765905391829,0.776112392687466,1
659,82,3,0.7677373689907179,0.6565580010396388,135.00053942468006,15,2,10,0.13333333333333333,1,0.13333333333333333,0.4666666666666667,0.0,0.0,0.0,0.45434111233585583,0.7677373689907179,0.2958530337549306,0.6565580010396388,0
660,82,4,0.5521017403656067,0.3424992114808325,71.36095180271802,15,2,10,0.13333333333333333,0,0.13333333333333333,0.4666666666666667,0.2857142857142857,0.2857142857142857,0.4666666666666667,0.4438512951699624,0.7143135599605419,0.3595057195037137,0.7441705655964281,0
661,82,5,0.5431557654238944,0.3192014095350232,78.55389466103313,15,2,10,0.2,0,0.26666666666666666,0.4666666666666667,0.14285714285714285,0.14285714285714285,0.26666666666666666,0.5545138515874746,0.7487034425136798,0.4440432483744783,0.9219889949131113,0
662,82,6,0.6895684090198336,0.4652391990835328,131.20643872060154,15,2,10,0.2,0,0.2,0.4666666666666667,0.2857142857142857,0.2857142857142857,0.3333333333333333,0.542638946434959,0.7878175477254445,0.4927364514805259,0.6749573890485544,0
663,82,7,0.8084629095301095,0.7217381664974613,165.90423745189128,15,2,10,0.2,1,0.2,0.4666666666666667,0.2857142857142857,0.2857142857142857,0.3333333333333333,0.5879317990902877,0.8084629095301095,0.47297797620579424,0.7560371679283279,0
664,83,0,0.2943310597510069,0.17575575775679164,45.21356433189178,12,4,6,0.0,0,0.0,0.5,0.0,0.0,0.0,0.3545196738262532,0.5970406633690253,0.183567358561363,0.39625113968837916,0
665,83,1,0.22128856815878767,0.34004029248641915,64.18292960188447,12,4,6,0.0,0,0.0,0.5,0.0,0.0,0.0,0.3958240434845072,0.686740286340333,0.22959884827329788,0.5191262519591079,0
666,83,2,0.4844950658125047,0.14623599595636383,96.03884090877729,12,4,6,0.0,0,0.0,0.5,0.0,0.0,0.0,0.476017676291912,0.6219895454787946,0.28206346438620605,0.5108353652589966,0
667,83,3,0.442628844667208,0.30298394969527204,62.18806419795145,12,4,6,0.0,0,0.0,0.5,0.0,0.0,0.0,0.38142719018399984,0.5037748281451032,0.28363917392712484,0.509766805095879,0
668,83,4,0.5876400054984635,0.3140004253749316,123.3000868951685,12,4,6,0.0,0,0.0,0.5,0.0,0.0,0.0,0.48710079599704276,0.79508839798669,0.3615137309986302,0.5459740206572072,0
669,83,5,0.4022479982427686,0.10258420902488888,85.61398299050823,12,4,6,0.0,0,0.0,0.5,0.0,0.0,0.0,0.43550852467965395,0.5868008814443617,0.288319056971759,0.5248334341895058,0
670,83,6,0.32715063411185297,0.4350713736477537,94.97497743497846,12,4,6,0.4166666666666667,1,0.6666666666666666,0.5,0.3333333333333333,0.5,0.25,0.5859849777512715,0.8882416232297977,0.5917870352948297,0.8901346816791673,0
671,83,7,0.6923893454395237,0.7221112506005182,144.27852158584992,12,4,6,0.5,1,0.6666666666666666,0.5,0.3333333333333333,0.5,0.5,0.6589685309281232,0.7393779099890426,0.6065577719622738,0.7946264175357513,1
672,84,0,0.6166048224331092,0.67895154268413,122.61573900509808,12,2,7,0.08333333333333333,1,0.08333333333333333,0.4166666666666667,0.0,0.0,0.0,0.5003225996310036,0.6218367531725636,0.4319365423656581,0.67895154268413,1
673,84,1,0.4210247037286969,0.46580687207474974,92.57054536803464,12,2,7,0.3333333333333333,0,0.4166666666666667,0.4166666666666667,0.4,0.4,0.4166666666666667,0.5278399712042342,0.8607997775156525,0.46104980151864905,0.9248042318990282,0
674,84,2,0.2877164471421888,0.3367552134988643,95.6083666467212,12,2,7,0.08333333333333333,0,0.08333333333333333,0.4166666666666667,0.2,0.2,0.16666666666666666,0.4347624831572123,0.8268860690123601,0.34746147058413296,0.782976457132969,0
675,84,3,0.34773509708334466,0.1494824038885314,61.807241531529385,12,2,7,0.0,0,0.0,0.4166666666666667,0.0,0.0,0.0,0.4444964828722077,0.698124754831198,0.3025270168601376,0.5753524758607927,0
676,84,4,0.3028222921645768,0.25775146547493233,55.21621850998241,12,2,7,0.08333333333333333,0,0.08333333333333333,0.4166666666666667,0.0,0.0,0.0,0.33907474393131626,0.5989378269042981,0.31353002998919566,0.615579829354719,0
677,84,5,0.22000117368160133,0.06786444626684206,36.26267689465413,12,2,7,0.08333333333333333,0,0.08333333333333333,0.4166666666666667,0.2,0.2,0.25,0.38297333351136076,0.8355071053504137,0.34690266597096014,0.9198394453662075,0
678,84,6,0.4391180151654849,0.19055182196729786,89.17642616353112,12,2,7,0.16666666666666666,0,0.16666666666666666,0.4166666666666667,0.2,0.2,0.25,0.4899878465120586,0.8410052932180265,0.3645658210365905,0.7416706533090069,0
679,84,7,0.36073457606238524,0.26895110743996253,53.70207190820322,12,2,7,0.08333333333333333,0,0.16666666666666666,0.4166666666666667,0.2,0.4,0.4166666666666667,0.511526994773935,0.7346788190626782,0.34836772356079004,0.6227205160711333,0
680,85,0,0.2990481097099583,0.3715606710540285,63.49269750306411,12,3,7,0.25,0,0.4166666666666667,0.25,0.3333333333333333,0.3333333333333333,0.4166666666666667,0.4366657827438996,0.5698197025045942,0.4004341276468579,0.6759481128521556,0
681,85,1,0.35738608050369647,0.20129033699531887,61.06931793437291,12,3,7,0.0,0,0.0,0.25,0.0,0.0,0.0,0.3788945630585569,0.6443781114538859,0.20626362521258312,0.45097905026706486,1
682,85,2,0.5043253099849342,0.26963502083471774,92.88928754992509,12,3,7,0.25,0,0.25,0.25,0.3333333333333333,0.3333333333333333,0.08333333333333333,0.5027870235567975,0.8354478092677983,0.44070969954828726,0.7679436596997697,0
683,85,3,0.6844911674822347,0.588031347623731,118.24129215602693,12,3,7,0.16666666666666666,0,0.16666666666666666,0.25,0.3333333333333333,0.3333333333333333,0.16666666666666666,0.538916059523096,0.8170266312151274,0.4939938948777672,0.7019372403406038,1
684,85,4,0.601488780825637,0.38159646279739856,99.43142942223112,12,3,7,0.16666666666666666,0,0.25,0.25,0.3333333333333333,0.6666666666666666,0.16666666666666666,0.5402959132412142,0.7458187256025609,0.4309496197439508,0.677228018750367,1
685,85,5,0.5647913932298722,0.4150774435075742,90.66711495531214,12,3,7,0.3333333333333333,0,0.4166666666666667,0.25,0.3333333333333333,0.6666666666666666,0.3333333333333333,0.5668286792928944,0.9946559637118626,0.5080936282210623,0.8261456927879751,0
686,85,6,0.33447285408927335,0.2586601292527178,78.69493160674652,12,3,7,0.0,0,0.0,0.25,0.0,0.0,0.0,0.33232375284189797,0.434064520675705,0.2344920695184746,0.3932548839771154,1
687,85,7,0.3061415829616535,0.38253004767493703,65.74634741211295,12,3,7,0.0,0,0.0,0.25,0.0,0.0,0.0,0.4202891424870498,0.6817863189927211,0.25540407346297833,0.5407310175555317,0
688,86,0,0.24575876507683386,0.07525121571302862,45.03045557021383,11,1,7,0.09090909090909091,0,0.09090909090909091,0.18181818181818182,0.0,0.0,0.0,0.37119690325894117,0.6361742441290412,0.24442708329497737,0.6133352863716381,0
689,86,1,0.2997584201835097,0.21390390534525258,55.35266033932812,11,1,7,0.18181818181818182,0,0.18181818181818182,0.18181818181818182,0.0,0.0,0.0,0.4283167230618241,0.6101789087753042,0.3675111076455474,0.6975760364089733,0
690,86,2,0.39930025749073517,0.24631642837049644,71.98713254400104,11,1,7,0.09090909090909091,0,0.09090909090909091,0.18181818181818182,0.5,0.5,0.36363636363636365,0.4494909197845377,0.7054431663999138,0.3476966609376239,0.6677636528207269,0
691,86,3,0.31567690583168734,0.1115584752207354,75.03688977468423,11,1,7,0.0,0,0.0,0.18181818181818182,0.0,0.0,0.0,0.427964253286798,0.577286761992132,0.23316369182879582,0.40361165920254494,1
692,86,4,0.500309470153742,0.39333416971097834,106.05532260068584,11,1,7,0.18181818181818182,0,0.2727272727272727,0.18181818181818182,0.0,0.0,0.2727272727272727,0.45462299763840747,0.7313339801081421,0.3419869247316025,0.6595209977717669,0
693,86,5,0.5280461683121465,0.3648384276965394,101.05327329043408,11,1,7,0.18181818181818182,0,0.18181818181818182,0.18181818181818182,0.0,0.0,0.18181818181818182,0.49811527898846003,0.9714928435242564,0.48090600806086936,1.0,0
694,86,6,0.4312089202435105,0.4166220919615997,87.97756935463556,11,1,7,0.0,0,0.0,0.18181818181818182,0.0,0.0,0.0,0.3704448591971817,0.5348289750964907,0.28901519414071425,0.5825909303500691,0
695,86,7,0.75572040014714,0.6930551935567255,164.33523160611335,11,1,7,0.18181818181818182,1,0.18181818181818182,0.18181818181818182,0.5,0.5,0.18181818181818182,0.47816300461549166,0.75572040014714,0.35004614663218736,0.6930551935567255,0
696,87,0,0.3404946962652237,0.2195054725080022,68.39692479264788,13,3,7,0.0,0,0.0,0.3076923076923077,0.0,0.0,0.0,0.37769653030073286,0.6184462810701873,0.28174309633635625,0.4454778655012936,0
697,87,1,0.3081590354357525,0.21910718983284524,64.84714839782981,13,3,7,0.07692307692307693,0,0.07692307692307693,0.3076923076923077,0.25,0.25,0.3076923076923077,0.42780772793920857,0.798454032703549,0.30536881060363713,0.9153120135852053,0
698,87,2,0.45492225542981046,0.4165661956209297,100.9929060019906,13,3,7,0.0,0,0.0,0.3076923076923077,0.0,0.0,0.0,0.3369809725312051,0.5756687297390428,0.22914412428183184,0.42419601471054635,0
699,87,3,0.47886548744472457,0.3951714816453818,93.26740444311912,13,3,7,0.23076923076923078,0,0.3076923076923077,0.3076923076923077,0.25,0.25,0.15384615384615385,0.5496547469512045,0.8752470999521662,0.4564053252367144,0.968424451516928,1
700,87,4,0.25480569279737697,0.37123379673403123,89.04337914909422,13,3,7,0.07692307692307693,0,0.07692307692307693,0.3076923076923077,0.0,0.0,0.07692307692307693,0.4644672218197893,0.6919834169822371,0.37594240958724995,0.6574268837773626,0
701,87,5,0.647349969103235,0.3194894007598564,83.83797752299222,13,3,7,0.07692307692307693,0,0.07692307692307693,0.3076923076923077,0.0,0.0,0.0,0.47311910346361896,0.7130237606442488,0.34871829041753144,0.77406599613479,0
702,87,6,0.30149165612849205,0.2164207792935862,75.03134062841619,13,3,7,0.07692307692307693,0,0.07692307692307693,0.3076923076923077,0.25,0.25,0.3076923076923077,0.46798828439644896,0.8331154355381315,0.4522792811069796,0.7909897487474937,1
703,87,7,0.35916310591236056,0.15786741566228535,59.525828756318205,13,3,7,0.07692307692307693,0,0.15384615384615385,0.3076923076923077,0.25,0.25,0.15384615384615385,0.47522136818354566,0.7451771278597242,0.40981176000749436,0.6206025857299671,1
704,88,0,0.3147574649450473,0.4620197049830808,72.8046195400097,16,1,12,0.3125,0,0.3125,0.375,0.16666666666666666,0.16666666666666666,0.375,0.5899401951316758,0.9031358835708793,0.5484481854673056,1.0,0
705,88,1,0.6970464726220081,0.43858984962022757,123.46683902480461,16,1,12,0.0,0,0.0,0.375,0.0,0.0,0.0,0.4027593317996378,0.6970464726220081,0.21051109528814654,0.43858984962022757,0
706,88,2,0.5461816577569562,0.6741599470144978,117.62224802022294,16,1,12,0.375,1,0.375,0.375,0.3333333333333333,0.3333333333333333,0.375,0.582555365397009,0.8614729532865376,0.5632211094014353,0.9323540190342957,0
707,88,3,0.6543857144128639,0.48278749713194835,114.28297953861038,16,1,12,0.0625,0,0.0625,0.375,0.16666666666666666,0.16666666666666666,0.25,0.44861104897153337,0.677102333596312,0.3099854871130979,0.6537503238745462,0
708,88,4,0.47194082033647156,0.31068787674703585,86.4806756188478,16,1,12,0.0625,0,0.0625,0.375,0.0,0.0,0.0,0.4050651649192403,0.8566665113266958,0.251578709855165,0.7441283958677842,1
709,88,5,0.6758594561278017,0.7522576234769178,165.29680931474078,16,1,12,0.0625,1,0.0625,0.375,0.0,0.0,0.0,0.39299271558782245,0.6951027947987052,0.261516582821904,0.7522576234769178,0
710,88,6,0.707597083283361,0.39037663426356395,128.54963378434368,16,1,12,0.375,1,0.875,0.375,0.6666666666666666,0.8333333333333334,0.75,0.5911690657631941,0.9106644442589457,0.5667831670160354,1.0,0
711,88,7,0.49052362506201574,0.3819605311319718,77.5147022383851,16,1,12,0.0625,0,0.0625,0.375,0.0,0.0,0.0,0.397908117879181,0.8082398358149975,0.3285480997792073,0.7587354234192365,0
712,89,0,0.3480699299560544,0.23436514316146528,56.53826326688405,11,1,7,0.0,0,0.0,0.5454545454545454,0.0,0.0,0.0,0.3971592703843777,0.6446186077240221,0.27557923524953165,0.5908962691324119,0
713,89,1,0.553982587598713,0.4078577830846781,76.86370147523243,11,1,7,0.2727272727272727,0,0.36363636363636365,0.5454545454545454,0.16666666666666666,0.16666666666666666,0.36363636363636365,0.5106735508178208,0.8423403090651793,0.4905572362406682,1.0,1
714,89,2,1.0,0.859448031710036,203.17393782851414,11,1,7,0.18181818181818182,1,0.18181818181818182,0.5454545454545454,0.0,0.0,0.18181818181818182,0.5553051399715554,1.0,0.41826376738736715,0.859448031710036,1
715,89,3,0.43921219037651477,0.2813617398006364,92.34508206164976,11,1,7,0.09090909090909091,0,0.09090909090909091,0.5454545454545454,0.0,0.0,0.0,0.41885909100172475,0.7326629182915261,0.2829709166330838,0.6639095051822542,0
716,89,4,0.5577080300205501,0.7582775621219602,133.59689548001222,11,1,7,0.2727272727272727,1,0.2727272727272727,0.5454545454545454,0.16666666666666666,0.16666666666666666,0.18181818181818182,0.42423939471235844,0.7524265820898568,0.39097724711463844,0.7666867395312881,0
717,89,5,0.4141363867332934,0.35311797900451125,96.41428385134914,11,1,7,0.36363636363636365,0,0.36363636363636365,0.5454545454545454,0.3333333333333333,0.3333333333333333,0.36363636363636365,0.5447227315378188,0.7933263695806986,0.5387938942968444,0.8811482074018834,0
718,89,6,0.23190301123670765,0.22818169702190355,52.352118830757554,11,1,7,0.0,0,0.0,0.5454545454545454,0.0,0.0,0.0,0.3636635647384266,0.7117598206950961,0.27046273434840623,0.5300537945041501,0
719,89,7,0.4857145245397102,0.2542461565251212,69.98728098884268,11,1,7,0.0,0,0.0,0.5454545454545454,0.0,0.0,0.0,0.3985191726347652,0.676400629348846,0.23958845101923743,0.49182168736191184,0
720,90,0,0.25696945530601245,0.08650146547618451,40.66658026051087,11,1,7,0.0,0,0.0,0.2727272727272727,0.0,0.0,0.0,0.38714457415721176,0.5424785691623683,0.19535042125713858,0.5445096405945071,0
721,90,1,0.6684933491614194,0.641367375066922,151.46702047600178,11,1,7,0.2727272727272727,1,0.2727272727272727,0.2727272727272727,0.3333333333333333,0.3333333333333333,0.36363636363636365,0.5718027668975588,0.9028849476934712,0.4792165349484756,0.8589469251320224,1
722,90,2,0.33060624778941705,0.3164190557517078,62.63043992108385,11,1,7,0.2727272727272727,1,0.45454545454545453,0.2727272727272727,0.3333333333333333,0.3333333333333333,0.2727272727272727,0.5856462084403096,0.802357066941811,0.5096654556065672,0.7634943281610883,0
723,90,3,0.586682676448909,0.40383881406552113,105.56947005173984,11,1,7,0.2727272727272727,1,0.36363636363636365,0.2727272727272727,0.3333333333333333,0.3333333333333333,0.2727272727272727,0.5894118855094144,0.7594553420384353,0.5186021940123049,0.705914520379676,0
724,90,4,0.6052481953797417,0.4832131476826404,96.67628429387709,11,1,7,0.0,0,0.0,0.2727272727272727,0.0,0.0,0.0,0.3612228117420812,0.6052481953797417,0.26904328530018906,0.4832131476826404,0
725,90,5,0.6900216099741596,0.6569097510140787,115.25382056518778,11,1,7,0.2727272727272727,1,0.2727272727272727,0.2727272727272727,0.3333333333333333,0.3333333333333333,0.36363636363636365,0.523100318881337,0.7346066170692254,0.4709251014475148,0.7370055950382612,0
726,90,6,0.560180195451133,0.3382011806981372,92.14265379650642,11,1,7,0.09090909090909091,0,0.09090909090909091,0.2727272727272727,0.3333333333333333,0.3333333333333333,0.2727272727272727,0.45557693536665733,0.7833536019267434,0.3785154233976673,0.8487930125784358,0
727,90,7,0.46735326032631785,0.6019382868287577,115.07963742062137,11,1,7,0.45454545454545453,1,1.0,0.2727272727272727,0.6666666666666666,1.0,0.6363636363636364,0.6143706140057955,0.8673164045763307,0.5344110805894493,0.8669390445728387,0
728,91,0,0.5567723137908112,0.5337954480681496,148.5431166635307,17,1,13,0.17647058823529413,0,0.29411764705882354,0.23529411764705882,0.25,0.25,0.47058823529411764,0.5732787469924595,0.8469917337681536,0.47710765327223803,0.7639820474106526,0
729,91,1,0.21133551292837469,0.1036009311602011,54.97889095481946,17,1,13,0.058823529411764705,0,0.17647058823529413,0.23529411764705882,0.25,0.25,0.4117647058823529,0.3721772175548691,0.672287096828943,0.3015119815720883,0.8068499479151254,0
730,91,2,0.7266727430259929,0.517108575645947,127.53191741722753,17,1,13,0.35294117647058826,0,0.4117647058823529,0.23529411764705882,0.75,0.75,0.7058823529411765,0.5900995540726388,0.8519784890444172,0.5605596599434336,0.8462356518715168,1
731,91,3,0.5906021678315116,0.6416139909837868,144.73869531848965,17,1,13,0.11764705882352941,1,0.11764705882352941,0.23529411764705882,0.0,0.0,0.058823529411764705,0.3764936583986682,0.5971683432500616,0.2568827550556225,0.6416139909837868,0
732,91,4,0.1785663922885346,0.23311294376552735,43.51076133748475,17,1,13,0.058823529411764705,0,0.058823529411764705,0.23529411764705882,0.0,0.0,0.0,0.36987363063671125,0.6399263042649357,0.25262007475765974,0.828466312325101,0
733,91,5,0.5169959046162983,0.42772523106929644,122.49022018928666,17,1,13,0.35294117647058826,0,0.35294117647058826,0.23529411764705882,0.0,0.0,0.35294117647058826,0.5644327927437347,1.0,0.5603595534372843,0.9264288931782321,1
734,91,6,0.4071131290839867,0.5340551202480899,97.71541725792923,17,1,13,0.11764705882352941,0,0.11764705882352941,0.23529411764705882,0.0,0.0,0.11764705882352941,0.5303910079458186,0.9917907682647397,0.45360226294162537,0.8886755843612795,0
735,91,7,0.5091156429347818,0.2147114670862147,81.19453140476973,17,1,13,0.058823529411764705,0,0.058823529411764705,0.23529411764705882,0.25,0.25,0.11764705882352941,0.44827942234844675,0.5913784301231798,0.39461440844372797,0.6601899905402443,0
736,92,0,0.3659994398895558,0.1302915520841851,26.324704557757617,18,3,13,0.05555555555555555,0,0.05555555555555555,0.05555555555555555,0.0,0.0,0.1111111111111111,0.4774028277450081,0.7040027774975026,0.3642561856692519,0.7285980961524449,0
737,92,1,0.34456904021674817,0.04744902580792601,74.33266547478246,18,3,13,0.05555555555555555,0,0.05555555555555555,0.05555555555555555,0.0,0.0,0.1111111111111111,0.3583109591020588,0.6304647556323029,0.2215653738986481,0.6022156786427502,0
738,92,2,0.2763870880262443,0.1275645699138053,62.97457519984581,18,3,13,0.05555555555555555,0,0.1111111111111111,0.05555555555555555,0.0,0.0,0.0,0.3865452550446635,0.6852228357286965,0.2776028181346668,0.6638144863411582,1
739,92,3,0.42164885873047925,0.3787645236326413,98.58171025862019,18,3,13,0.3333333333333333,0,0.3888888888888889,0.05555555555555555,0.0,0.0,0.5555555555555556,0.5515935658861626,0.8169100786919726,0.5082755666056644,0.9364150245500465,1
740,92,4,0.31082358953061695,0.28926848592835286,66.3490925532886,18,3,13,0.0,0,0.0,0.05555555555555555,0.0,0.0,0.0,0.37564869112277266,0.6526588689484825,0.23721544550878162,0.4831943054933472,0
741,92,5,0.41137016922852104,0.1546653258175979,56.66748753599549,18,3,13,0.1111111111111111,0,0.1111111111111111,0.05555555555555555,0.0,0.0,0.05555555555555555,0.4255409872138974,0.7482200445017755,0.3617626346737459,0.7341667601787016,0
742,92,6,0.47040052879846317,0.49645326573289866,78.08746262195228,18,3,13,0.05555555555555555,0,0.05555555555555555,0.05555555555555555,0.0,0.0,0.1111111111111111,0.46031274985607706,0.6305636418292906,0.32896288130669066,0.6154305507843629,0
743,92,7,0.6247748313344266,0.24975477740647659,56.81924768279037,18,3,13,0.05555555555555555,0,0.05555555555555555,0.05555555555555555,0.0,0.0,0.05555555555555555,0.45256270630236073,0.825523327232386,0.3459566616728334,0.6311687112903183,0
744,93,0,0.2442747908767876,0.05561428877122222,22.70486433836803,11,4,5,0.09090909090909091,0,0.09090909090909091,0.7272727272727273,0.125,0.125,0.09090909090909091,0.33916207104470475,0.7511219463406212,0.23624861867056912,0.6538528907980391,0
745,93,1,0.43246115259493095,0.34721235637943215,120.3427529593767,11,4,5,0.36363636363636365,0,0.45454545454545453,0.7272727272727273,0.25,0.375,0.45454545454545453,0.6118995058107022,0.9370599989293358,0.5495880098999415,0.8938911007469496,0
746,93,2,0.43620077513015726,0.3935725058912092,65.7396192127591,11,4,5,0.09090909090909091,0,0.45454545454545453,0.7272727272727273,0.125,0.375,0.2727272727272727,0.46420243001890016,0.7503643333742157,0.3687122403725743,0.7113365006558017,0
747,93,3,0.3210194213741238,0.1621983627460054,75.1855354699444,11,4,5,0.09090909090909091,0,0.09090909090909091,0.7272727272727273,0.125,0.125,0.09090909090909091,0.45288409575675515,0.8176820383185962,0.35704358262326114,0.8051420887585063,0
748,93,4,0.30401053510988457,0.2559057761061956,66.12532813441508,11,4,5,0.0,0,0.0,0.7272727272727273,0.0,0.0,0.0,0.38476653904036157,0.6543965819419912,0.27979609210000833,0.5680796501376338,0
749,93,5,0.5842232711113805,0.4244778453396917,121.05450500959708,11,4,5,0.0,0,0.0,0.7272727272727273,0.0,0.0,0.0,0.45068112042421493,0.5842232711113805,0.23819166051647692,0.4431587896860421,0
750,93,6,0.22698775096767793,0.23848431108650653,70.19217348853928,11,4,5,0.09090909090909091,0,0.09090909090909091,0.7272727272727273,0.0,0.0,0.0,0.41075841052487516,0.662881064947951,0.31560402273925175,0.7132042468245553,0
751,93,7,0.3437520182573923,0.22798726821122503,64.3640601366077,11,4,5,0.0,0,0.0,0.7272727272727273,0.0,0.0,0.0,0.5131411285239231,0.6854008366969896,0.33815078692517314,0.4901522835454955,0
752,94,0,0.5455667696892313,0.3793932725477945,80.6598418817044,14,3,8,0.35714285714285715,0,0.42857142857142855,0.35714285714285715,0.2,0.2,0.35714285714285715,0.5315747781221665,0.6841962825169365,0.5234701236672319,0.7117690389423501,1
753,94,1,0.5252534517470642,0.43186990089966537,107.55329696121947,14,3,8,0.21428571428571427,0,0.35714285714285715,0.35714285714285715,0.0,0.0,0.07142857142857142,0.4655425201301456,0.7317329182695784,0.40346388577034936,0.6660936387840819,0
754,94,2,0.565605125521592,0.5791487604575841,128.95204778622372,14,3,8,0.35714285714285715,1,0.7142857142857143,0.35714285714285715,0.8,1.0,0.5714285714285714,0.5825514063390536,0.8052860014360245,0.5484409570099336,0.8804300704716542,0
755,94,3,0.5034227892281758,0.39398906528361843,97.41425094870034,14,3,8,0.0,0,0.0,0.35714285714285715,0.0,0.0,0.0,0.3763471043012087,0.5347210684266656,0.23307368035690906,0.4457682233603779,0
756,94,4,0.5412179796005719,0.38385243808805836,115.1879613048029,14,3,8,0.21428571428571427,0,0.2857142857142857,0.35714285714285715,0.0,0.0,0.07142857142857142,0.5457363971492494,0.9737050840048342,0.4829936708916004,0.840769678206774,0
757,94,5,0.5964347032035512,0.45694419166898015,103.7673215489039,14,3,8,0.2857142857142857,0,0.35714285714285715,0.35714285714285715,0.4,0.4,0.42857142857142855,0.5586829833541007,0.8082376319002664,0.5196559420813549,0.9470960017777746,1
758,94,6,0.5962540274504599,0.6220960540678746,191.09156538372636,14,3,8,0.07142857142857142,1,0.07142857142857142,0.35714285714285715,0.0,0.0,0.0,0.3844163849295607,0.5994225873862947,0.29715038745444966,0.6220960540678746,0
759,94,7,0.49913140134544576,0.16514900782273023,84.06305029869048,14,3,8,0.07142857142857142,0,0.07142857142857142,0.35714285714285715,0.2,0.2,0.2857142857142857,0.4786610596508452,0.7250137413453484,0.37317525289388237,0.6965370762822232,0
760,95,0,0.6121559976848228,0.6451690821464382,146.603639278011,17,4,10,0.17647058823529413,1,0.17647058823529413,0.35294117647058826,0.16666666666666666,0.16666666666666666,0.23529411764705882,0.5449322096681688,0.8774994087349184,0.4291679440980463,0.7058160877261682,1
761,95,1,0.6458615348275548,0.5595306025812574,148.010287528054,17,4,10,0.11764705882352941,0,0.11764705882352941,0.35294117647058826,0.16666666666666666,0.16666666666666666,0.17647058823529413,0.46730085933090976,0.7907795360987816,0.3627270090331228,0.6468015836890881,1
762,95,2,0.33705733099046664,0.2461737958279479,55.601616466006405,17,4,10,0.058823529411764705,0,0.058823529411764705,0.35294117647058826,0.0,0.0,0.0,0.497427709667408,0.7885897995561444,0.3404875311352538,0.601033990301776,0
763,95,3,0.7216042429812323,0.8841392008136648,173.58318852038477,17,4,10,0.11764705882352941,1,0.11764705882352941,0.35294117647058826,0.0,0.0,0.11764705882352941,0.4274720992070532,0.7216042429812323,0.3978324540626826,0.8841392008136648,0
764,95,4,0.53734428705536,0.17351727568038908,82.06167509055048,17,4,10,0.058823529411764705,0,0.058823529411764705,0.35294117647058826,0.0,0.0,0.0,0.4200201839203324,0.6578928784404031,0.3166323596271463,0.6463389898652769,0
765,95,5,0.42636097905664794,0.4252624891743856,72.38609780557634,17,4,10,0.11764705882352941,0,0.47058823529411764,0.35294117647058826,0.16666666666666666,0.5,0.5294117647058824,0.44898374678233743,0.6642402286334151,0.3496724502804303,0.7068182004152483,0
766,95,6,0.3897819485642307,0.24227266432018993,51.57645440231309,17,4,10,0.17647058823529413,0,0.23529411764705882,0.35294117647058826,0.3333333333333333,0.3333333333333333,0.4117647058823529,0.45855984978969777,0.7793755577592527,0.398547974616568,0.7112226393292203,0
767,95,7,0.3055679892258636,0.149125266351807,66.71792584747891,17,4,10,0.11764705882352941,0,0.11764705882352941,0.35294117647058826,0.16666666666666666,0.16666666666666666,0.23529411764705882,0.4863043577608832,0.744798601972529,0.39879043988794427,0.8985746376011512,0
768,96,0,0.5830603511388747,0.3561186211530233,131.12071963178246,14,4,8,0.07142857142857142,0,0.07142857142857142,0.35714285714285715,0.0,0.0,0.07142857142857142,0.5446885234786262,0.8634441008224385,0.34102735334586304,0.5926341312566066,0
769,96,1,0.38269366059222204,0.4251513537877257,109.0862106657385,14,4,8,0.0,0,0.0,0.35714285714285715,0.0,0.0,0.0,0.4366372570418323,0.6489315509504934,0.29347707697295594,0.46966343502111196,0
770,96,2,0.45633597029138445,0.308623945875827,76.62415507972109,14,4,8,0.2857142857142857,1,0.42857142857142855,0.35714285714285715,0.4,0.4,0.14285714285714285,0.5380980821560177,0.8151328907078047,0.4929815267295502,0.7895026308864895,0
771,96,3,0.6637208834811787,0.7129856933422901,115.54401594754482,14,4,8,0.42857142857142855,1,0.7142857142857143,0.35714285714285715,0.6,0.8,0.5714285714285714,0.606395949540914,0.8256279524537371,0.5511577324741664,0.8980926124366009,0
772,96,4,0.6519546099495227,0.40231665333044053,82.8827562678155,14,4,8,0.21428571428571427,0,0.35714285714285715,0.35714285714285715,0.4,0.4,0.2857142857142857,0.5346508249461366,0.809290667827767,0.4124259011417988,0.991159215523579,0
773,96,5,0.3684123158795817,0.19670620054562551,63.621651475952575,14,4,8,0.07142857142857142,0,0.07142857142857142,0.35714285714285715,0.2,0.2,0.21428571428571427,0.4828614031208623,0.6769070807386455,0.3456546521672588,0.6664676980305553,1
774,96,6,0.38362753785330117,0.20739495459214985,79.92309458399951,14,4,8,0.07142857142857142,0,0.21428571428571427,0.35714285714285715,0.2,0.2,0.07142857142857142,0.4490193105353929,0.652044621209537,0.3062869078088543,0.6354089483481822,0
775,96,7,0.5523682143213055,0.3599388049103902,67.25201296473782,14,4,8,0.21428571428571427,0,0.35714285714285715,0.35714285714285715,0.4,0.4,0.2857142857142857,0.4795860546905395,0.7052216404110087,0.3952037727313221,0.8091551547995544,0
776,97,0,0.5949022047144268,0.31777185496654603,88.2739488290573,17,2,13,0.058823529411764705,0,0.058823529411764705,0.4117647058823529,0.14285714285714285,0.14285714285714285,0.17647058823529413,0.40486662287042263,0.6901819619137611,0.2576653314403986,0.6625916468743264,0
777,97,1,0.35982030147925,0.12283051769930199,57.56283674196859,17,2,13,0.35294117647058826,0,0.4117647058823529,0.4117647058823529,0.42857142857142855,0.42857142857142855,0.7058823529411765,0.5218761341776916,0.8426984440127316,0.4534656971659357,0.7225081948724799,0
778,97,2,0.5491987652550554,0.5134916975454995,127.91576716617354,17,2,13,0.35294117647058826,1,0.47058823529411764,0.4117647058823529,0.42857142857142855,0.42857142857142855,0.4117647058823529,0.567931778775821,0.975446418653141,0.5527058651271567,1.0,1
779,97,3,0.395532581253247,0.16588018765550913,54.09952813361421,17,2,13,0.17647058823529413,0,0.17647058823529413,0.4117647058823529,0.2857142857142857,0.2857142857142857,0.29411764705882354,0.4225935688646373,0.7939764294413687,0.31975384410152524,0.7854900534860095,0
780,97,4,0.4353342405573375,0.28849090123084165,73.60849715052116,17,2,13,0.23529411764705882,0,0.35294117647058826,0.4117647058823529,0.2857142857142857,0.2857142857142857,0.29411764705882354,0.4761795228423087,0.901018658051263,0.4777242288313066,0.8375090700337513,0
781,97,5,0.4974026193916963,0.3681986495725525,99.07194369280606,17,2,13,0.0,0,0.0,0.4117647058823529,0.0,0.0,0.0,0.4308692843625989,0.5883771934550689,0.28583750499686567,0.4999218801249402,0
782,97,6,0.8232161437845208,0.766935405691442,126.2988856180955,17,2,13,0.058823529411764705,1,0.058823529411764705,0.4117647058823529,0.0,0.0,0.0,0.3781514673861883,0.8232161437845208,0.2924756135104463,0.766935405691442,1
783,97,7,0.3714473968107771,0.30037389571581796,50.271486566144446,17,2,13,0.23529411764705882,0,0.23529411764705882,0.4117647058823529,0.2857142857142857,0.2857142857142857,0.47058823529411764,0.4669997032175834,0.9651921142082959,0.3867421086633906,0.9103649565867492,0
784,98,0,0.23473174368973473,0.15818069711606095,36.76409233689897,17,3,11,0.29411764705882354,1,0.4117647058823529,0.4117647058823529,0.42857142857142855,0.42857142857142855,0.4117647058823529,0.5206441705805254,0.8374887479284524,0.4346901342588514,0.7838502009316398,0
785,98,1,0.2521256888552186,0.07624807602677988,33.69585574742622,17,3,11,0.0,0,0.0,0.4117647058823529,0.0,0.0,0.0,0.363282681654887,0.5473973334504465,0.22024161002401652,0.5578819538801626,0
786,98,2,0.30578964551275245,0.21151297281261985,58.21952297858026,17,3,11,0.17647058823529413,0,0.17647058823529413,0.4117647058823529,0.2857142857142857,0.2857142857142857,0.47058823529411764,0.5231213917351606,0.7359437952197181,0.41887714461740855,0.7406973414679264,0
787,98,3,0.48333491594587574,0.3370359296121412,69.2096435435748,17,3,11,0.058823529411764705,0,0.058823529411764705,0.4117647058823529,0.0,0.0,0.11764705882352941,0.44556886488310776,0.6401751182344,0.3696883398444276,0.6013983507231584,0
788,98,4,0.8312331116340597,0.5216867373973997,134.79853927939735,17,3,11,0.0,0,0.0,0.4117647058823529,0.0,0.0,0.0,0.3842675434319782,0.8312331116340597,0.23573295324799984,0.590858327489132,0
789,98,5,0.6403635701673653,0.49369833543766234,113.45611474318508,17,3,11,0.17647058823529413,1,0.23529411764705882,0.4117647058823529,0.14285714285714285,0.14285714285714285,0.11764705882352941,0.5162057055612956,0.6844508797064094,0.4053001595366871,0.7601488125475925,0
790,98,6,0.35600510195567464,0.37940602562828823,59.05711661545719,17,3,11,0.0,0,0.0,0.4117647058823529,0.0,0.0,0.0,0.30100179995024984,0.5793894951426758,0.21523651085899523,0.5471085211223865,0
791,98,7,0.3266688273204839,0.14841164124764927,55.02346902273241,17,3,11,0.058823529411764705,0,0.058823529411764705,0.4117647058823529,0.0,0.0,0.058823529411764705,0.43561443982023546,0.6957446671113356,0.37173044676137906,0.6553522229169085,0
792,99,0,0.4512801298673681,0.2754287012358738,61.488665551106045,10,0,7,0.0,0,0.0,0.6,0.0,0.0,0.0,0.47189966681598905,0.634271318756711,0.33479659932170847,0.46376697152153334,0
793,99,1,0.5569210404548083,0.49799718519528013,120.4704258374583,10,0,7,0.1,0,0.1,0.6,0.16666666666666666,0.16666666666666666,0.1,0.5245432718635354,0.8455406328040327,0.41014275930502536,0.8165303897435124,0
794,99,2,0.36088242850074437,0.1971980674822897,85.77799493701067,10,0,7,0.4,0,0.4,0.6,0.16666666666666666,0.16666666666666666,0.3,0.5821032830967087,0.9404645977424203,0.549393733895825,0.9509266376451123,0
795,99,3,0.7226252383071536,0.623306172264702,139.8900162053898,10,0,7,0.4,1,0.4,0.6,0.16666666666666666,0.16666666666666666,0.2,0.6176519753755272,0.7938524517536293,0.5673819573056307,0.8379102740664329,1
796,99,4,0.377315518701554,0.27102500813634095,97.10690023197552,10,0,7,0.3,1,0.4,0.6,0.3333333333333333,0.3333333333333333,0.5,0.5091421575831456,0.6713990238596019,0.49537864895827977,0.7208151227732695,1
797,99,5,0.6979695066714798,0.651892997008248,145.88134133277143,10,0,7,0.2,1,0.2,0.6,0.16666666666666666,0.16666666666666666,0.3,0.5586441563984618,0.9648848243947206,0.4942241754052758,0.9086887523342922,0
798,99,6,0.27652809277341783,0.2182379855322717,52.00732529656009,10,0,7,0.2,0,0.2,0.6,0.16666666666666666,0.16666666666666666,0.2,0.39165963490986216,0.7006241561083273,0.2834235128043177,0.7631782147346806,0
799,99,7,0.4721142164740965,0.46385089035995136,91.72963414362837,10,0,7,0.2,0,0.2,0.6,0.3333333333333333,0.3333333333333333,0.3,0.5204542196332722,0.8619377932307666,0.4804771136214976,0.7665570564462639,0
800,100,0,0.5567168746568939,0.64672431280677,135.89459131399022,10,1,6,0.5,1,0.5,0.7,0.2857142857142857,0.2857142857142857,0.3,0.5838642298164386,0.8797337529730376,0.5948526317895858,0.8849198637300968,1
801,100,1,0.5071615727247705,0.03288175184286041,44.45960557522771,10,1,6,0.0,0,0.0,0.7,0.0,0.0,0.0,0.43906244760407886,0.5812709252201049,0.2990838236087083,0.4654899274544648,0
802,100,2,0.3525551237584976,0.07126758669446716,58.205384289165124,10,1,6,0.0,0,0.0,0.7,0.0,0.0,0.0,0.3984171924105084,0.6232465316213629,0.26723445165317694,0.5928338435179328,0
803,100,3,0.5278395255415115,0.9029886935562512,141.70671283202557,10,1,6,0.3,1,0.5,0.7,0.2857142857142857,0.42857142857142855,0.4,0.5648633979634623,0.8429531402920237,0.5297343235682603,0.9029886935562512,0
804,100,4,0.38993141585099583,0.3065902161243111,85.15174046574955,10,1,6,0.0,0,0.0,0.7,0.0,0.0,0.0,0.34748769017101444,0.49741542546096823,0.19387536649766066,0.39590320380531097,0
805,100,5,0.4016514673516423,0.2224168725306469,63.505257161623426,10,1,6,0.2,0,0.2,0.7,0.2857142857142857,0.2857142857142857,0.2,0.4706227396219864,0.6067223350171167,0.3992856247823733,0.7525973857627393,0
806,100,6,0.3876717513728886,0.2676736923566584,90.10141712319626,10,1,6,0.1,0,0.1,0.7,0.0,0.0,0.0,0.35039621424559403,0.6462896024146642,0.27185781388834585,0.7790632692951978,0
807,100,7,0.47293145808027026,0.22232043930092288,83.38815447546013,10,1,6,0.1,0,0.1,0.7,0.14285714285714285,0.14285714285714285,0.2,0.4509768298516804,0.86894860835912,0.35977722305404264,0.7896233695738175,0
808,101,0,0.19233792063683125,0.20451617498495406,81.48469610425951,17,6,8,0.35294117647058826,1,0.4117647058823529,0.23529411764705882,0.5,0.5,0.23529411764705882,0.519639791028213,0.7664759071443377,0.5183477924705623,0.8312065883745021,1
809,101,1,0.6576867649649966,0.46171421905802484,81.98636825639386,17,6,8,0.17647058823529413,1,0.23529411764705882,0.23529411764705882,0.25,0.25,0.0,0.5728217507052205,0.8041631840001097,0.4641718820304273,0.8918665443995522,0
810,101,2,0.2794497028007307,0.21695394044665453,67.58473160084742,17,6,8,0.11764705882352941,1,0.35294117647058826,0.23529411764705882,0.25,1.0,0.29411764705882354,0.36397693029603,0.7643161977064505,0.23253756438213796,0.9450045654514792,0
811,101,3,0.5042230544635738,0.39397731526333274,111.71987272368399,17,6,8,0.17647058823529413,1,0.35294117647058826,0.23529411764705882,0.25,0.5,0.23529411764705882,0.4491124691247842,0.6880757545236353,0.35418056848890916,0.7660163312925782,0
812,101,4,0.49491639486362476,0.30114751441751403,81.57184578757031,17,6,8,0.058823529411764705,0,0.058823529411764705,0.23529411764705882,0.0,0.0,0.058823529411764705,0.4727483048531778,0.5900282221359089,0.3892101156875797,0.6767211612624335,1
813,101,5,0.35874832916138577,0.36087942016831454,111.24270455354912,17,6,8,0.058823529411764705,0,0.058823529411764705,0.23529411764705882,0.0,0.0,0.0,0.35777490454363625,0.6870589885805399,0.28588572059535633,0.6251515949127413,1
814,101,6,0.6395879926943332,0.6521045155747833,134.88626886715602,17,6,8,0.17647058823529413,1,0.23529411764705882,0.23529411764705882,0.0,0.0,0.17647058823529413,0.4208184173093601,0.719088680501922,0.3161119627992679,0.7495838669255412,1
815,101,7,0.16175119896883478,0.02485912872173387,25.539431374255912,17,6,8,0.058823529411764705,0,0.058823529411764705,0.23529411764705882,0.0,0.0,0.0,0.343216912621374,0.7481194479591771,0.21388221084321857,0.6318963034201766,0
816,102,0,0.5961689040743916,0.5769736012870595,146.20565263696005,13,1,9,0.07692307692307693,0,0.15384615384615385,0.5384615384615384,0.14285714285714285,0.14285714285714285,0.3076923076923077,0.48310904719174486,0.659605287731892,0.36500479304616207,0.6065791999564192,1
817,102,1,0.41001631782432507,0.3035070263794666,59.18560927182051,13,1,9,0.0,0,0.0,0.5384615384615384,0.0,0.0,0.0,0.4124657524569168,0.5503812040664835,0.23046681222343884,0.4588097660502665,1
818,102,2,0.6848686117734198,0.8696201858107888,138.62547272462788,13,1,9,0.07692307692307693,1,0.07692307692307693,0.5384615384615384,0.0,0.0,0.0,0.41766518928292873,0.6848686117734198,0.34221122284946226,0.8696201858107888,0
819,102,3,0.5709980105826488,0.3723190598274471,91.78991156021875,13,1,9,0.3076923076923077,0,0.38461538461538464,0.5384615384615384,0.42857142857142855,0.42857142857142855,0.5384615384615384,0.607976092139573,0.8019646746453049,0.5413719557035053,0.8544154290911263,0
820,102,4,0.6247437089821631,0.4212744833085478,100.06842559272442,13,1,9,0.0,0,0.0,0.5384615384615384,0.0,0.0,0.0,0.4044346600354954,0.6247437089821631,0.28796886027321905,0.5893802200266559,0
821,102,5,0.26733934621330235,0.19205787545916908,88.24774629271108,13,1,9,0.3076923076923077,0,0.38461538461538464,0.5384615384615384,0.42857142857142855,0.42857142857142855,0.38461538461538464,0.5436798618554275,0.8226805089501961,0.4903600811344381,0.8541822026928959,0
822,102,6,0.8995557280571967,0.6766922071491546,138.7568026972511,13,1,9,0.5384615384615384,1,0.8461538461538461,0.5384615384615384,0.42857142857142855,0.7142857142857143,0.6923076923076923,0.6315213994897504,0.9174833503486248,0.6465003359883177,1.0,1
823,102,7,0.20054281577744243,0.2898106937131224,55.92821119840701,13,1,9,0.0,0,0.0,0.5384615384615384,0.0,0.0,0.0,0.37983627251700985,0.5245060374963818,0.2944880284708497,0.513466140679715,1
824,103,0,0.41741770459578015,0.15037665822778326,70.62242870871381,14,5,7,0.07142857142857142,0,0.07142857142857142,0.21428571428571427,0.0,0.0,0.0,0.4474464149981978,0.9223670481461831,0.32800100409963695,0.8122227394547734,0
825,103,1,0.34081223861548127,0.08367779192526217,55.74594805126078,14,5,7,0.0,0,0.0,0.21428571428571427,0.0,0.0,0.0,0.4373313596498817,0.6511589355029641,0.2993392310203546,0.5298989019079434,0
826,103,2,0.3656422528104591,0.37808055618726844,57.38333355866799,14,5,7,0.0,0,0.0,0.21428571428571427,0.0,0.0,0.0,0.46009993805102123,0.6329286541340843,0.36220866567645144,0.5742222931637448,0
827,103,3,0.5999353420602481,0.7134315397695451,133.7587466718096,14,5,7,0.35714285714285715,1,0.5,0.21428571428571427,0.6666666666666666,0.6666666666666666,0.35714285714285715,0.5534294364973891,0.8019037122497406,0.553063590743501,0.8001889706709235,1
828,103,4,0.6730603567491004,0.6605987533472852,149.38273933299683,14,5,7,0.2857142857142857,1,0.2857142857142857,0.21428571428571427,0.3333333333333333,0.3333333333333333,0.0,0.576024408836578,0.7645002211812866,0.5227411962029633,0.8652463980830434,0
829,103,5,0.519622656628573,0.4212369708563408,108.85736335037353,14,5,7,0.5,0,0.5714285714285714,0.21428571428571427,0.3333333333333333,0.3333333333333333,0.42857142857142855,0.5760417965869686,0.8551055687327319,0.5592294073358308,0.7411112370431449,1
830,103,6,0.5450033859455925,0.6252561816227156,90.13446652026997,14,5,7,0.14285714285714285,1,0.14285714285714285,0.21428571428571427,0.3333333333333333,0.3333333333333333,0.0,0.4901437575736553,0.932451126728533,0.2843326257232107,0.6252561816227156,0
831,103,7,0.23350901147380998,0.11553098532882154,91.32611289286196,14,5,7,0.14285714285714285,0,0.6428571428571429,0.21428571428571427,0.3333333333333333,0.3333333333333333,0.5,0.46643698242629605,0.8377576132875237,0.372262659093947,0.9396796554471084,0
832,104,0,0.7223683260376776,0.6423623641863496,118.64315749690432,15,4,9,0.3333333333333333,1,0.5333333333333333,0.6,0.3333333333333333,0.6666666666666666,0.5333333333333333,0.5480868160979726,0.8425090168222051,0.5140551348775851,0.8084695812489798,1
833,104,1,0.47589197759013013,0.3255219850173788,103.35589882687093,15,4,9,0.3333333333333333,0,0.5333333333333333,0.6,0.5555555555555556,0.6666666666666666,0.6,0.5121037682765851,0.7127008876190272,0.4740012719793773,0.7169367900660958,0
834,104,2,0.4466714761077797,0.14073005919626946,78.06909811466352,15,4,9,0.0,0,0.0,0.6,0.0,0.0,0.0,0.4523935967857385,0.8005792710857492,0.30341311423145684,0.596939004020354,0
835,104,3,0.47159988866613334,0.13016261409466873,76.58405641408986,15,4,9,0.0,0,0.0,0.6,0.0,0.0,0.0,0.4227774610631138,0.7787730628886407,0.246984343064544,0.5901253293408414,1
836,104,4,0.47425345424185217,0.30973037236251966,90.9235758782706,15,4,9,0.0,0,0.0,0.6,0.0,0.0,0.0,0.45817903351263334,0.5652798686052649,0.3389269410829247,0.45650884261835534,0
837,104,5,0.7927220361372752,0.7860729951955252,148.58359169388734,15,4,9,0.26666666666666666,1,0.26666666666666666,0.6,0.2222222222222222,0.2222222222222222,0.3333333333333333,0.48638609368763436,0.8032114184999802,0.46371870975774937,0.7860729951955252,0
838,104,6,0.3671854215478863,0.27445263925068486,78.8669399104528,15,4,9,0.26666666666666666,0,0.26666666666666666,0.6,0.2222222222222222,0.2222222222222222,0.26666666666666666,0.5433191083824926,0.9780959680308945,0.4588568819889953,1.0,0
839,104,7,0.768057393840995,0.6643256759719337,126.0998507186784,15,4,9,0.4,1,0.7333333333333333,0.6,0.2222222222222222,0.7777777777777778,0.6,0.5525127280524864,0.768057393840995,0.5326140780802048,0.8584135105586066,0
840,105,0,0.5734421469198646,0.3714271643417445,60.13530474515268,14,1,10,0.14285714285714285,0,0.21428571428571427,0.6428571428571429,0.1111111111111111,0.2222222222222222,0.35714285714285715,0.440649874022562,0.7367373619073827,0.35185651632850806,0.8095648076926137,0
841,105,1,0.5171711111860572,0.4668071223135915,98.6559307118787,14,1,10,0.07142857142857142,0,0.07142857142857142,0.6428571428571429,0.1111111111111111,0.1111111111111111,0.07142857142857142,0.43439770268891964,0.6600772740109384,0.33325674961694357,0.6003906258695441,0
842,105,2,0.574015478825051,0.5160878555038552,111.01642731108139,14,1,10,0.14285714285714285,0,0.14285714285714285,0.6428571428571429,0.1111111111111111,0.1111111111111111,0.07142857142857142,0.4389574186267226,0.7575034042042353,0.3320928002159175,0.6950540632938977,0
843,105,3,0.5219501385516772,0.44206956284275434,122.55852173133792,14,1,10,0.07142857142857142,0,0.07142857142857142,0.6428571428571429,0.1111111111111111,0.1111111111111111,0.21428571428571427,0.46139475732217117,0.5953511501993111,0.360179658824216,0.7440701209295568,0
844,105,4,0.43421844617453076,0.18635283310626882,48.69347290440499,14,1,10,0.0,0,0.0,0.6428571428571429,0.0,0.0,0.0,0.40360488003499523,0.7282493128298912,0.22749209381483415,0.5590789059020858,0
845,105,5,0.6684240475699308,0.5837724005741147,152.83503621905965,14,1,10,0.21428571428571427,0,0.21428571428571427,0.6428571428571429,0.3333333333333333,0.3333333333333333,0.35714285714285715,0.5222723208439971,0.7755335042834484,0.4866558894183755,0.8645134193364108,0
846,105,6,0.37262658238772606,0.5527930884325181,113.14816924563198,14,1,10,0.07142857142857142,0,0.07142857142857142,0.6428571428571429,0.0,0.0,0.0,0.5163605811470513,0.7484412255529498,0.44506417792675784,0.6818975777866761,0
847,105,7,0.849080870361783,0.7262514611857612,130.21086034494763,14,1,10,0.2857142857142857,1,0.35714285714285715,0.6428571428571429,0.1111111111111111,0.2222222222222222,0.35714285714285715,0.5476384574078567,0.9471785370143846,0.4731930903998388,0.7524893693843654,0
848,106,0,0.47970439456027486,0.3974531737318144,119.05606097383355,18,3,12,0.3333333333333333,0,0.3888888888888889,0.5,0.3333333333333333,0.3333333333333333,0.3888888888888889,0.5619724009150393,0.9213365631376154,0.5138832495355747,0.9260947302735179,0
849,106,1,0.2497819485322889,0.13719763394084034,74.60334147990073,18,3,12,0.1111111111111111,0,0.16666666666666666,0.5,0.1111111111111111,0.1111111111111111,0.2222222222222222,0.4612101254096495,0.7148239127829191,0.34730179698457314,0.835860050251894,0
850,106,2,0.38773142772736124,0.1137087910419748,63.93233620773119,18,3,12,0.05555555555555555,0,0.05555555555555555,0.5,0.0,0.0,0.0,0.49003377505529133,0.6638508104561195,0.3662644778090338,0.6673425474381074,0
851,106,3,0.6768535787460678,0.5061121546956727,99.80229311940798,18,3,12,0.2222222222222222,0,0.2777777777777778,0.5,0.4444444444444444,0.4444444444444444,0.3333333333333333,0.5508584392906026,0.8528279569387588,0.4945756790954881,0.8328558689894039,0
852,106,4,0.6080006615409069,0.503828430825331,115.22148559108979,18,3,12,0.0,0,0.0,0.5,0.0,0.0,0.0,0.34787955581766267,0.7285805038313518,0.20551543211566609,0.5272406688002715,0
853,106,5,0.4664959764251878,0.31610458861249435,92.25042049326655,18,3,12,0.1111111111111111,0,0.16666666666666666,0.5,0.1111111111111111,0.1111111111111111,0.2777777777777778,0.40695544140831247,0.6246051217944342,0.31839292842194145,0.6904700071754555,0
854,106,6,0.563961884729168,0.600108082840605,129.01942561939995,18,3,12,0.1111111111111111,1,0.1111111111111111,0.5,0.0,0.0,0.05555555555555555,0.37608125339761145,0.8383450246582755,0.19361038710192768,0.7585792550729824,0
855,106,7,0.34885672119410616,0.25008225665788847,73.5922066582329,18,3,12,0.05555555555555555,0,0.05555555555555555,0.5,0.1111111111111111,0.1111111111111111,0.1111111111111111,0.3764502625776255,0.812796491479422,0.2460165167777405,0.6930500909193651,0
856,107,0,0.5024942301643205,0.45942671302988636,106.68238435796366,16,7,8,0.125,0,0.125,0.5625,0.0,0.0,0.0,0.5425302856165474,0.8904374517881901,0.38439193189546583,0.8301392386477889,1
857,107,1,0.41997113192100394,0.3212098914095956,93.72093172921763,16,7,8,0.0625,0,0.125,0.5625,0.1111111111111111,0.2222222222222222,0.0625,0.4088221817944838,0.744651115668435,0.2507844086870727,0.7471290352024706,0
858,107,2,0.36094038460097194,0.2228106407857548,59.46994124968789,16,7,8,0.3125,1,0.4375,0.5625,0.3333333333333333,0.4444444444444444,0.3125,0.47968855508005154,0.857933375074359,0.4851230064410422,0.843341708066439,0
859,107,3,0.37581861073365286,0.3229312690844473,103.62521326499073,16,7,8,0.0625,0,0.0625,0.5625,0.0,0.0,0.0,0.4939236885525432,0.7628289213739715,0.39225821013547346,0.9730017523756611,0
860,107,4,0.3193642335570704,0.15629611116664383,55.65721474921877,16,7,8,0.0625,0,0.125,0.5625,0.1111111111111111,0.2222222222222222,0.0625,0.3604616055604576,0.6007436097846485,0.27586267869114744,0.6186648612992935,0
861,107,5,0.5841308988578064,0.25229803955303653,78.8502046211184,16,7,8,0.375,1,0.875,0.5625,0.5555555555555556,0.8888888888888888,0.5,0.5652798496937461,0.7412030008962429,0.47025538737626643,0.7317278009985417,0
862,107,6,0.5841237360985193,0.3152907332891235,64.43501606011998,16,7,8,0.125,0,0.25,0.5625,0.1111111111111111,0.3333333333333333,0.1875,0.5085445229384564,0.7278945715606912,0.40662552714654787,0.7297596236663182,0
863,107,7,0.7757786082266711,0.3300903695919454,108.7296826845579,16,7,8,0.0,0,0.0,0.5625,0.0,0.0,0.0,0.38297850508024217,0.7757786082266711,0.23824222260445413,0.43983345848399846,0
864,108,0,0.4385917392672305,0.16499675366039313,68.00854255012325,15,3,9,0.0,0,0.0,0.06666666666666667,0.0,0.0,0.0,0.38095843655042483,0.5649120575395219,0.2422069230072215,0.555744916236464,0
865,108,1,0.8059390667227512,0.7165297589893307,128.63568382411614,15,3,9,0.13333333333333333,1,0.13333333333333333,0.06666666666666667,0.0,0.0,0.0,0.539002083803229,0.8059390667227512,0.460483190339788,0.7165297589893307,0
866,108,2,0.37273532038338475,0.06609896816229824,52.86255612771957,15,3,9,0.2,0,0.3333333333333333,0.06666666666666667,0.0,0.0,0.3333333333333333,0.5428875129627062,0.8499715835411087,0.47836865282751245,0.9398179174552019,0
867,108,3,0.6362544393365779,0.5179831668169539,117.33826837240149,15,3,9,0.0,0,0.0,0.06666666666666667,0.0,0.0,0.0,0.43523391780865583,0.6362544393365779,0.32796859908737125,0.5922033431023903,0
868,108,4,0.1934684953922075,0.27116766720983343,74.58537930812129,15,3,9,0.06666666666666667,0,0.13333333333333333,0.06666666666666667,0.0,0.0,0.0,0.3496252030394025,0.7512552141151263,0.2590211828870767,0.6921275843603252,0
869,108,5,0.5799130732338936,0.5387419462346337,101.7407201325482,15,3,9,0.06666666666666667,0,0.06666666666666667,0.06666666666666667,0.0,0.0,0.0,0.44288150274445676,0.7081392617225284,0.34472706245662654,0.7355354672391888,0
870,108,6,0.5845456414730293,0.2616584313827585,89.05910878339989,15,3,9,0.06666666666666667,0,0.06666666666666667,0.06666666666666667,0.0,0.0,0.13333333333333333,0.3988823239706582,0.617263114200709,0.3008021007042584,0.676648614190306,0
871,108,7,0.5036879755088829,0.27870289595280956,96.79230643460954,15,3,9,0.06666666666666667,0,0.06666666666666667,0.06666666666666667,0.0,0.0,0.2,0.3945257713639172,0.6651052693413291,0.26981271204872787,0.7162278809868083,0
872,109,0,0.3510234641920158,0.20153246042481757,41.54360669848775,15,5,8,0.06666666666666667,0,0.2,0.6666666666666666,0.1,0.1,0.26666666666666666,0.3292002122842741,0.6444703700257447,0.23887624060218748,0.6167894844591219,0
873,109,1,0.36006198625665203,0.10701033451195789,34.93581617278806,15,5,8,0.0,0,0.0,0.6666666666666666,0.0,0.0,0.0,0.39033978625678206,0.6372463362450482,0.25501069346770083,0.5316052770158526,0
874,109,2,0.4088988687194661,0.2926585033435184,69.24747165462661,15,5,8,0.06666666666666667,0,0.06666666666666667,0.6666666666666666,0.0,0.0,0.0,0.3569581151337889,0.6836639336875951,0.2471609684724406,0.6978817744407323,0
875,109,3,0.4800881012525027,0.4493167233693099,113.01862720775557,15,5,8,0.13333333333333333,0,0.13333333333333333,0.6666666666666666,0.1,0.1,0.13333333333333333,0.38799100905463657,0.7268671449548437,0.3090523702086404,0.674537652636452,0
876,109,4,0.5423070845470508,0.3473709868429226,71.98490023158902,15,5,8,0.0,0,0.0,0.6666666666666666,0.0,0.0,0.0,0.5017874200478439,0.6905684781859832,0.2942574270736774,0.47279118302274387,0
877,109,5,0.36874581225727365,0.3642685371767338,74.48503595986034,15,5,8,0.13333333333333333,0,0.13333333333333333,0.6666666666666666,0.2,0.2,0.13333333333333333,0.4711470624711211,0.7538508378989285,0.36499654319374564,0.7135569390169377,0
878,109,6,0.8161416970784854,0.5866253145392757,137.1160847004798,15,5,8,0.26666666666666666,1,0.9333333333333333,0.6666666666666666,0.2,1.0,0.5333333333333333,0.5526752218911621,0.8875135595025018,0.46901375640191684,0.8265326281463068,0
879,109,7,0.3435644751826122,0.058973523991609156,61.64789943165998,15,5,8,0.2,0,0.4,0.6666666666666666,0.2,0.5,0.4,0.4767468200181299,0.794186716313879,0.35870337016173115,0.906897343909715,1
880,110,0,0.2424714386251598,0.21246442876868488,51.92524473995773,17,7,8,0.0,0,0.0,0.7058823529411765,0.0,0.0,0.0,0.36088396954917923,0.5700902431516972,0.2285785328749983,0.494874421787382,0
881,110,1,0.5248341882480482,0.2163405760985054,79.66162321207301,17,7,8,0.0,0,0.0,0.7058823529411765,0.0,0.0,0.0,0.35673365218918796,0.5567980030186206,0.2151789974762634,0.5793123662982211,0
882,110,2,0.606541385421694,0.5652369421381706,114.14607947257839,17,7,8,0.35294117647058826,1,0.47058823529411764,0.7058823529411765,0.25,0.25,0.17647058823529413,0.5789553339552365,0.9583679025173056,0.5173321302798215,0.9426926333369208,1
883,110,3,0.3405958026813338,0.4627696512171171,71.85379301868596,17,7,8,0.11764705882352941,0,0.17647058823529413,0.7058823529411765,0.16666666666666666,0.25,0.17647058823529413,0.5047083979113027,0.8047860465203247,0.4029143249448246,0.8589730003943684,0
884,110,4,0.5492729425668026,0.5862211788643122,132.65844394360775,17,7,8,0.0,0,0.0,0.7058823529411765,0.0,0.0,0.0,0.45537115308060255,0.7363220113490929,0.3304282484484724,0.5862211788643122,1
885,110,5,0.5155166352403429,0.3793952094470594,96.88040974843837,17,7,8,0.11764705882352941,0,0.17647058823529413,0.7058823529411765,0.08333333333333333,0.08333333333333333,0.23529411764705882,0.4148371883631552,0.5855375924808328,0.2713690048208702,0.621386311583618,0
886,110,6,0.7297345158151297,0.5800680522330675,137.6201374371334,17,7,8,0.17647058823529413,1,0.23529411764705882,0.7058823529411765,0.25,0.25,0.11764705882352941,0.6217484140132357,0.9397229226629945,0.4995065081762301,1.0,1
887,110,7,0.4625995814822847,0.23636946226998756,108.27784420679143,17,7,8,0.29411764705882354,1,0.47058823529411764,0.7058823529411765,0.3333333333333333,0.4166666666666667,0.29411764705882354,0.5568652645114525,1.0,0.5191035389999881,0.8554044631766231,1
888,111,0,0.23705630255242374,0.02498004690984723,62.09044257421945,15,4,9,0.0,0,0.0,0.3333333333333333,0.0,0.0,0.0,0.38365129035416273,0.6897481947268796,0.23334622014938217,0.4846769839175485,0
889,111,1,0.31716328740801314,0.2867735790086096,82.28257559715635,15,4,9,0.2,0,0.3333333333333333,0.3333333333333333,0.4,0.4,0.6,0.42492603985463145,0.6183677887110693,0.30707734741448534,0.665741629603491,0
890,111,2,0.592569010716654,0.5866163185385228,132.88421695871838,15,4,9,0.2,0,0.3333333333333333,0.3333333333333333,0.4,0.6,0.4,0.577745471665695,0.8388662279547864,0.5152716545708095,0.9203063853353346,1
891,111,3,0.5813343633187408,0.6889683493318561,131.88321168975574,15,4,9,0.13333333333333333,1,0.13333333333333333,0.3333333333333333,0.2,0.2,0.13333333333333333,0.48313654751913765,0.7321886224410503,0.39245369119380086,0.7002764208632101,0
892,111,4,0.39201555182628156,0.02736888556608344,37.487450921112355,15,4,9,0.0,0,0.0,0.3333333333333333,0.0,0.0,0.0,0.4036950654192469,0.6133225271788918,0.22276319533898736,0.4641061059523446,0
893,111,5,0.358195342459241,0.12346427872999792,43.45439324212795,15,4,9,0.0,0,0.0,0.3333333333333333,0.0,0.0,0.0,0.36228767083932056,0.5308138528250461,0.2764411670308034,0.5731466452474674,0
894,111,6,0.5329945314626382,0.6507685373829136,115.03034112043578,15,4,9,0.3333333333333333,1,0.3333333333333333,0.3333333333333333,0.0,0.0,0.2,0.5121879018132017,0.8134624618500981,0.520142849074637,0.8487932736882765,0
895,111,7,0.3174568776300724,0.12439507102628693,62.26461600014156,15,4,9,0.06666666666666667,0,0.2,0.3333333333333333,0.2,0.4,0.13333333333333333,0.4154444133803725,0.655631439535251,0.2880112826479744,0.6150353554779435,0
896,112,0,0.4586130977596592,0.36345970085989887,70.74738677854626,15,7,6,0.26666666666666666,0,0.6666666666666666,0.26666666666666666,0.5,0.5,0.3333333333333333,0.5749689270975645,0.8633803905338253,0.468405377581252,0.707779586958346,0
897,112,1,0.6204486522158315,0.45690534297447905,108.17724906212958,15,7,6,0.26666666666666666,1,0.8,0.26666666666666666,0.75,1.0,0.4,0.49832921077807185,0.723931667062545,0.46947200869385514,0.7384501829622157,1
898,112,2,0.30657963284867906,0.2010628253008012,54.37337825508651,15,7,6,0.2,0,0.3333333333333333,0.26666666666666666,0.0,0.0,0.13333333333333333,0.4752170107249724,0.8058667799057714,0.39569987193389466,0.6399600105929332,0
899,112,3,0.5865197841251181,0.4555852209401012,90.16194825110654,15,7,6,0.13333333333333333,0,0.2,0.26666666666666666,0.25,0.25,0.13333333333333333,0.4887107749873752,0.796916130168157,0.3657958281943712,0.6837196776444102,1
900,112,4,0.2953593634392264,0.18646483402128783,64.36097957938091,15,7,6,0.06666666666666667,0,0.06666666666666667,0.26666666666666666,0.0,0.0,0.06666666666666667,0.4514668452712576,0.6297844852992507,0.30981430804140725,0.8414098519162607,0
901,112,5,0.5604913797836606,0.31502744423535567,108.69779622845913,15,7,6,0.4,1,0.6666666666666666,0.26666666666666666,0.5,0.75,0.3333333333333333,0.5615765967688598,0.8210657779202514,0.5842715560558691,0.9810123965293134,0
902,112,6,0.4688223099555096,0.28563124136402246,62.60699191508574,15,7,6,0.0,0,0.0,0.26666666666666666,0.0,0.0,0.0,0.3818798299989928,0.582462142164835,0.27930416087796434,0.5673858582025687,0
903,112,7,0.5353265953477285,0.5643184945346041,117.44260619312732,15,7,6,0.13333333333333333,0,0.13333333333333333,0.26666666666666666,0.0,0.0,0.06666666666666667,0.431317893301936,0.7455722243941357,0.34725148057992994,0.6382131410456174,0
904,113,0,0.47470514536773273,0.43184287356160833,94.88979856010333,10,1,6,0.1,0,0.1,0.5,0.0,0.0,0.1,0.5151344878713441,0.6706791659448315,0.41165442248212625,0.6440568322008366,1
905,113,1,0.7522398504200848,0.625314939359158,146.10277669589604,10,1,6,0.6,1,0.7,0.5,0.8,0.8,0.6,0.5646631141701335,0.7522398504200848,0.5104858794787916,0.7682242371701224,0
906,113,2,0.5515916421477789,0.21527195301466037,92.90295002557775,10,1,6,0.2,0,0.2,0.5,0.2,0.2,0.1,0.5008789554632095,0.8710910892104201,0.4130285282748253,0.7871571433911678,1
907,113,3,0.578598765653699,0.3084153350981621,90.28310456671768,10,1,6,0.1,0,0.1,0.5,0.2,0.2,0.1,0.5045379499622606,0.8425092606168814,0.42501302906439714,0.9339821195969961,0
908,113,4,0.42018721529507286,0.39498728389541554,85.46922866398562,10,1,6,0.0,0,0.0,0.5,0.0,0.0,0.0,0.4466475243757655,0.5893360629416969,0.3431613286431458,0.5525875621867151,0
909,113,5,0.6378676054571298,0.5491815509184048,126.77295159911037,10,1,6,0.0,0,0.0,0.5,0.0,0.0,0.0,0.43419564618216355,0.6378676054571298,0.3741182020044033,0.57412813898811,0
910,113,6,0.3047317218450564,0.044962789118655144,23.77076765463362,10,1,6,0.3,1,0.8,0.5,0.4,1.0,0.6,0.44553791287439903,0.7105452277567332,0.40315140563203766,0.6625228415849211,0
911,113,7,0.4816224768040212,0.564384351887417,98.50341341662705,10,1,6,0.0,0,0.0,0.5,0.0,0.0,0.0,0.38719188637062624,0.7284879065565008,0.25647356009249467,0.5852267077544158,0
912,114,0,0.47250150303532307,0.2687899949449544,64.93341436258196,14,1,10,0.0,0,0.0,0.42857142857142855,0.0,0.0,0.0,0.3931887121144082,0.7436043152787161,0.2050713833812427,0.5106325199479633,0
913,114,1,0.5293891601884495,0.5063578193442954,125.78775122345388,14,1,10,0.2857142857142857,0,0.5714285714285714,0.42857142857142855,0.3333333333333333,0.6666666666666666,0.7142857142857143,0.5350770881762067,0.7045194977712401,0.47723379317093423,0.7166731207735632,1
914,114,2,0.30118810536720947,0.14072993060598032,56.04993823685288,14,1,10,0.0,0,0.0,0.42857142857142855,0.0,0.0,0.0,0.3173930718138994,0.6092978343891985,0.18037848445194468,0.44509368032337476,0
915,114,3,0.2549519616585943,0.11143748583227675,46.734056258618956,14,1,10,0.0,0,0.0,0.42857142857142855,0.0,0.0,0.0,0.37783449132962144,0.602079485970694,0.24619494971826947,0.5953138756336709,1
916,114,4,0.3250070829643514,0.09699923981165351,51.269833332912924,14,1,10,0.21428571428571427,0,0.21428571428571427,0.42857142857142855,0.3333333333333333,0.3333333333333333,0.2857142857142857,0.45848360424105195,0.9296857424760138,0.43175107903696114,0.9413861992215534,1
917,114,5,0.4943177781711422,0.14835658092838247,65.83769873034615,14,1,10,0.21428571428571427,0,0.21428571428571427,0.42857142857142855,0.3333333333333333,0.3333333333333333,0.35714285714285715,0.4342791756954223,0.7521803071780517,0.2857931262974961,0.6891089073763753,0
918,114,6,0.5969350121866894,0.8229222705885433,166.1420193212672,14,1,10,0.35714285714285715,1,0.35714285714285715,0.42857142857142855,0.3333333333333333,0.3333333333333333,0.14285714285714285,0.4942746103372658,0.7205845806272515,0.4598708556463637,0.8229222705885433,0
919,114,7,0.7326719261067657,0.597422905053373,113.12723240283822,14,1,10,0.2857142857142857,0,0.2857142857142857,0.42857142857142855,0.3333333333333333,0.3333333333333333,0.42857142857142855,0.5566646543565181,0.7779710212934198,0.4600796316603471,0.715891608395439,0
920,115,0,0.41339512877657986,0.20192335645275666,59.984378277434814,13,1,9,0.0,0,0.0,0.3076923076923077,0.0,0.0,0.0,0.392567534107446,0.5296506637552508,0.3013542774550401,0.5408981789059186,0
921,115,1,0.29785594745950716,0.32689015064314036,88.89942672358445,13,1,9,0.07692307692307693,0,0.07692307692307693,0.3076923076923077,0.0,0.0,0.0,0.4622264415563284,0.7444113264217542,0.30718289054317555,0.6685231124139661,0
922,115,2,0.4854529125526537,0.2616776938810468,97.94092229936597,13,1,9,0.07692307692307693,0,0.15384615384615385,0.3076923076923077,0.25,0.5,0.23076923076923078,0.49568749932420936,0.6842450987790608,0.4409367597123076,0.6733112879454148,0
923,115,3,0.6843877348423202,0.5951836506954544,132.53187453195707,13,1,9,0.15384615384615385,0,0.15384615384615385,0.3076923076923077,0.0,0.0,0.15384615384615385,0.5302471644347861,0.8546301511705352,0.4978991651314933,1.0,0
924,115,4,0.35719002372112724,0.21227570519012165,74.7584154384023,13,1,9,0.07692307692307693,0,0.07692307692307693,0.3076923076923077,0.25,0.25,0.07692307692307693,0.3990924763056389,0.6984452974557933,0.26123813293620624,0.7146571281374421,0
925,115,5,0.5135324850212019,0.20227503598159496,90.35741112777897,13,1,9,0.15384615384615385,0,0.23076923076923078,0.3076923076923077,0.25,0.5,0.23076923076923078,0.5087668620657271,0.8073004239288722,0.422842249021227,0.7369813907859574,0
926,115,6,0.5485026319310191,0.6250309764367701,104.9760338396389,13,1,9,0.3076923076923077,1,0.3076923076923077,0.3076923076923077,0.0,0.0,0.0,0.5565611278606919,0.898865785411048,0.47630612512578,0.8470432121280498,0
927,115,7,0.39052373429892673,0.38345374406111954,71.5135914929241,13,1,9,0.3076923076923077,0,0.3076923076923077,0.3076923076923077,0.25,0.25,0.46153846153846156,0.5492629072538926,0.7839236546292662,0.49237068862458994,0.7569527993475871,1
928,116,0,0.33780238348189384,0.011323983214925337,64.2791741869569,18,5,11,0.0,0,0.0,0.3888888888888889,0.0,0.0,0.0,0.38517175633559514,0.6371903482440404,0.2637189306589394,0.5355330880735598,0
929,116,1,0.2771167330735743,0.1540924290687956,90.5929425120062,18,5,11,0.05555555555555555,0,0.05555555555555555,0.3888888888888889,0.0,0.0,0.1111111111111111,0.369780896708445,0.8027983010028819,0.2313742540462587,0.9170276400410822,0
930,116,2,0.43749349461421344,0.22124468071517522,54.18311905060948,18,5,11,0.1111111111111111,0,0.1111111111111111,0.3888888888888889,0.14285714285714285,0.14285714285714285,0.1111111111111111,0.4208046530259875,0.7368521219541302,0.32040992186170336,0.7800758662880344,0
931,116,3,0.4768656185155523,0.40716274456221385,135.42500132953768,18,5,11,0.2222222222222222,0,0.2777777777777778,0.3888888888888889,0.0,0.0,0.16666666666666666,0.4983553963622975,0.8624407390985767,0.42531286894413195,0.9599369852442924,0
932,116,4,0.3898027343751238,0.26735490607892226,109.11360369489282,18,5,11,0.1111111111111111,0,0.1111111111111111,0.3888888888888889,0.14285714285714285,0.14285714285714285,0.1111111111111111,0.4550166685440033,0.7427429255062217,0.3439851478143147,0.7739348265266028,0
933,116,5,0.6388919043989495,0.7789971786193575,140.2699386548786,18,5,11,0.2777777777777778,1,1.0,0.3888888888888889,0.42857142857142855,1.0,0.6111111111111112,0.581704726529627,0.8824160832556951,0.4634515688000739,0.9719156301206545,0
934,116,6,0.20988481600425257,0.05102609035856702,70.30316196604345,18,5,11,0.05555555555555555,0,0.05555555555555555,0.3888888888888889,0.14285714285714285,0.14285714285714285,0.1111111111111111,0.3131864386910617,0.7356859526792485,0.2168398116607898,0.6599390273482603,0
935,116,7,0.31668625868734224,0.16442577430480287,51.1889978114478,18,5,11,0.1111111111111111,0,0.1111111111111111,0.3888888888888889,0.2857142857142857,0.2857142857142857,0.2222222222222222,0.4079588778825346,0.6526666620961644,0.3236961111862511,0.6772341473737813,0
936,117,0,0.4504791702577163,0.29972732554912657,57.96579284312267,18,6,10,0.05555555555555555,0,0.1111111111111111,0.5555555555555556,0.1,0.1,0.2222222222222222,0.3887569990896116,0.5953360874793234,0.289670131880727,0.7006551377025809,0
937,117,1,0.47058438805889874,0.3394240658685771,102.30976618761932,18,6,10,0.1111111111111111,0,0.2777777777777778,0.5555555555555556,0.1,0.2,0.2222222222222222,0.5383275013276598,0.9882313959651722,0.42464458224341367,0.8731453023581314,0
938,117,2,0.35611939083000455,0.5190926025621931,82.72061590218647,18,6,10,0.1111111111111111,0,0.16666666666666666,0.5555555555555556,0.2,0.2,0.16666666666666666,0.4820611465921356,0.9448296879577138,0.42616983133799924,0.7935149178096434,0
939,117,3,0.6312846552330061,0.621752599327951,123.07215911030286,18,6,10,0.2777777777777778,1,0.5555555555555556,0.5555555555555556,0.4,0.6,0.5,0.5042083236048711,0.7730102540549751,0.4062749371086936,0.7398188661323366,0
940,117,4,0.28432514530851016,0.14229220748820648,49.894221055046636,18,6,10,0.1111111111111111,0,0.16666666666666666,0.5555555555555556,0.2,0.2,0.2777777777777778,0.39491095398283993,0.8923034518076374,0.2579562443057293,0.716983687997817,1
941,117,5,0.6077430109666606,0.39765808976811245,127.45380100081223,18,6,10,0.3333333333333333,1,1.0,0.5555555555555556,0.5,1.0,0.5555555555555556,0.5624631308791513,0.7869671555943782,0.5337479090461824,0.8990191102497108,0
942,117,6,0.7532651858662502,0.5774813937429828,146.6410386216988,18,6,10,0.16666666666666666,0,0.16666666666666666,0.5555555555555556,0.1,0.1,0.2222222222222222,0.5962544451103403,0.9208201833549017,0.49732782902746764,0.8737153099854407,1
943,117,7,0.3206650852296907,0.16741022175163792,70.30778700255254,18,6,10,0.05555555555555555,0,0.05555555555555555,0.5555555555555556,0.0,0.0,0.0,0.43607675361866804,0.6602768279445281,0.31651588404538805,0.7328486053341606,0
944,118,0,0.3930557264204944,0.23089096928729438,75.12613208943495,18,0,15,0.2222222222222222,0,0.2222222222222222,0.6666666666666666,0.16666666666666666,0.16666666666666666,0.2222222222222222,0.4722399348043305,0.8460310938767981,0.4137878812013314,0.8283350231458734,0
945,118,1,0.1506012267371532,0.11171064403718373,57.74240310431086,18,0,15,0.0,0,0.0,0.6666666666666666,0.0,0.0,0.0,0.3723354434618258,0.5523446845509135,0.27724801087685946,0.5605549354010007,0
946,118,2,0.494421942125533,0.3574726192350853,116.90054476551914,18,0,15,0.1111111111111111,0,0.1111111111111111,0.6666666666666666,0.16666666666666666,0.16666666666666666,0.2222222222222222,0.4575544988593485,0.7036992250459145,0.34368738123470316,0.6819400748234598,0
947,118,3,0.382322957228268,0.5589119026817716,80.6220492064929,18,0,15,0.3333333333333333,1,0.8888888888888888,0.6666666666666666,0.4166666666666667,0.9166666666666666,0.8333333333333334,0.5198112613050682,0.8476096871420284,0.502900943639851,1.0,0
948,118,4,0.6596466486181431,0.8314334744093814,138.0338368445536,18,0,15,0.16666666666666666,1,0.16666666666666666,0.6666666666666666,0.0,0.0,0.05555555555555555,0.517097224917396,0.9492100570298407,0.4627711983857974,0.8314334744093814,0
949,118,5,0.3231186165616908,0.3127120535455311,75.90923863355226,18,0,15,0.05555555555555555,0,0.05555555555555555,0.6666666666666666,0.0,0.0,0.0,0.432446019092359,0.8614965297450347,0.31742060755343965,0.7892172415629402,0
950,118,6,0.5906702771338875,0.6662214890893667,150.34849589317395,18,0,15,0.5,1,0.8333333333333334,0.6666666666666666,0.4166666666666667,0.75,0.8333333333333334,0.5783625964101796,1.0,0.5819236616420862,0.9238250480188429,0
951,118,7,0.7329686736467433,0.8881214370130147,188.63477131970583,18,0,15,0.16666666666666666,1,0.16666666666666666,0.6666666666666666,0.16666666666666666,0.16666666666666666,0.2777777777777778,0.5544464368570797,0.740355551313017,0.4837729018822921,0.8881214370130147,0
952,119,0,0.6397845484599506,0.8973109128564309,145.32010638582778,16,1,12,0.0625,1,0.0625,0.25,0.0,0.0,0.0,0.4309440326785996,0.6414501238644698,0.3344433957141087,0.8973109128564309,0
953,119,1,0.4035453903958313,0.562850462893679,106.87298054102187,16,1,12,0.125,0,0.125,0.25,0.0,0.0,0.0625,0.42119621225749987,0.6817376080782195,0.3434005628505037,0.9210608411985102,0
954,119,2,0.442631086402595,0.26355347282598784,96.72964898038256,16,1,12,0.3125,0,0.5,0.25,0.25,0.75,0.5625,0.562158343425764,0.936213405362409,0.49104308672973157,1.0,0
955,119,3,0.23956341139735418,0.02552212956525271,44.87851820753904,16,1,12,0.0625,0,0.0625,0.25,0.0,0.0,0.0625,0.3857023891434816,0.7094088458583176,0.26374142380494003,0.7238713455875314,0
956,119,4,0.5146047735967053,0.5585785527519727,72.489424668876,16,1,12,0.0,0,0.0,0.25,0.0,0.0,0.0,0.4009212383540055,0.6067106450576191,0.3092898238648135,0.5585785527519727,0
957,119,5,0.6472953637133043,0.3242313642732176,95.61349306855477,16,1,12,0.125,0,0.125,0.25,0.25,0.25,0.4375,0.4829095818921182,0.77521213722312,0.327213121723157,0.6671667391508085,0
958,119,6,0.4679529870299725,0.21544635630485157,81.90675187449494,16,1,12,0.0,0,0.0,0.25,0.0,0.0,0.0,0.4047638000685335,0.6097547586143307,0.24537845456946855,0.595583875532336,0
959,119,7,0.4475730556357912,0.6830132751788527,125.36446262811862,16,1,12,0.125,1,0.125,0.25,0.0,0.0,0.0625,0.48953880007438244,0.7085156975772323,0.37495956216735726,0.6830132751788527,1
