sample_id,group,snapshot,root_cpu,root_errors,root_latency,n_nodes,n_requires,n_replicas,alarm_fraction,root_down,down_fraction,reachable_fraction,exposed_fraction,reachable_down_fraction,degraded_fraction,mean_cpu,max_cpu,mean_errors,max_errors,target
0,0,0,0.15891005996091043,0.3574699235224969,75.31885583552507,23,31,3,0.08695652173913043,1,0.8695652173913043,0.43478260869565216,0.2,0.9,0.13043478260869565,0.40949188173010814,0.8939184468111908,0.29540690110613826,0.7568278800503212,1
1,0,1,0.21417073948958185,0.3936338448096306,51.902519092674154,23,31,3,0.13043478260869565,1,0.782608695652174,0.43478260869565216,0.2,0.8,0.13043478260869565,0.36138819219056445,0.7512530625659332,0.27187959654682387,0.6618060351410706,1
2,0,2,0.4956909252025011,0.41031490201636833,86.27889792189994,23,31,3,0.043478260869565216,1,0.08695652173913043,0.43478260869565216,0.1,0.1,0.0,0.39161460144398325,0.6408393950123644,0.29935515168176513,0.6714791181921119,1
3,0,3,0.35301948762234914,0.06573941939318706,47.122872540488096,23,31,3,0.08695652173913043,1,0.8260869565217391,0.43478260869565216,0.1,0.7,0.13043478260869565,0.4214353527751296,0.7556835697415797,0.30624113482125376,0.6315550775564415,0
4,0,4,0.4099569382055778,0.3403494983267592,102.46116396377818,23,31,3,0.34782608695652173,1,0.8695652173913043,0.43478260869565216,0.3,0.8,0.13043478260869565,0.6235182820801206,0.9453251337595635,0.551176273632878,0.9415941940483428,1
5,0,5,0.3079942218703164,0.13261747903692367,50.146681524835586,23,31,3,0.043478260869565216,1,0.21739130434782608,0.43478260869565216,0.1,0.3,0.0,0.33550539543512437,0.7032857104036075,0.22112974920694964,0.7262646530020215,1
6,0,6,0.5991551651997699,0.8110454777928714,131.2460030145458,23,31,3,0.08695652173913043,1,0.13043478260869565,0.43478260869565216,0.0,0.0,0.0,0.448833940744023,0.7414067714097929,0.3249005107902875,0.8110454777928714,0
7,0,7,0.6731788460663986,0.8728861637023478,164.42357423224078,23,31,3,0.17391304347826086,1,0.43478260869565216,0.43478260869565216,0.1,0.5,0.043478260869565216,0.4614455325834308,0.7671680536559695,0.36138564343519947,0.8728861637023478,1
8,1,0,0.30647847949838725,0.3633795481861992,83.1674009060083,27,34,3,0.37037037037037035,0,0.7777777777777778,0.2222222222222222,0.3333333333333333,0.5,0.1111111111111111,0.6070942848404773,0.9412271331694055,0.5678258590808786,1.0,1
9,1,1,0.41229166883406,0.14365347098414652,47.53000530214715,27,34,3,0.14814814814814814,0,0.37037037037037035,0.2222222222222222,0.16666666666666666,0.16666666666666666,0.07407407407407407,0.4858441528529709,0.7625336573894655,0.42588641772515484,0.8301903370900598,1
10,1,2,0.5321654318790527,0.31491335103620205,100.29033897102778,27,34,3,0.18518518518518517,0,0.7037037037037037,0.2222222222222222,0.16666666666666666,0.5,0.1111111111111111,0.5478552327825464,0.8663324702270851,0.4501404493355416,0.8739189900855477,0
11,1,3,0.39539998882196903,0.21565216723122754,79.94139821109627,27,34,3,0.07407407407407407,1,0.25925925925925924,0.2222222222222222,0.16666666666666666,0.16666666666666666,0.0,0.45322734922908076,0.8612393914930931,0.3311133435615435,0.6692281751079822,0
12,1,4,0.5461044213485639,0.5816685333446819,126.87884393310686,27,34,3,0.1111111111111111,0,0.7037037037037037,0.2222222222222222,0.16666666666666666,0.5,0.1111111111111111,0.5232954807228801,0.8665612304145309,0.39418769780826207,0.7504294864620054,0
13,1,5,0.4247125623975235,0.42457055902764634,101.29664318576192,27,34,3,0.37037037037037035,0,0.6666666666666666,0.2222222222222222,0.3333333333333333,0.5,0.1111111111111111,0.5481357646531605,0.8486099406078498,0.5013391487527536,0.9160964098710542,0
14,1,6,0.3391412222361197,0.119839506519204,114.80485727456877,27,34,3,0.2962962962962963,1,0.7037037037037037,0.2222222222222222,0.6666666666666666,0.6666666666666666,0.1111111111111111,0.6005789371745806,1.0,0.5416684672421117,1.0,1
15,1,7,0.4679591723821971,0.41491233755831436,104.5441161612363,27,34,3,0.037037037037037035,0,0.07407407407407407,0.2222222222222222,0.0,0.0,0.0,0.44582108545410365,0.7522935888141752,0.3261760901912711,0.62774105163538,0
16,2,0,0.3771308034088299,0.23191970187799582,67.73498483692744,20,22,4,0.15,0,0.8,0.45,0.1111111111111111,0.7777777777777778,0.15,0.4932646755496471,0.7289553954206118,0.3608871510749348,0.7783392019907425,0
17,2,1,0.6528104345115857,0.554755323303771,127.94883268257928,20,22,4,0.25,0,0.55,0.45,0.2222222222222222,0.4444444444444444,0.15,0.5913948941912184,0.8529462579947646,0.4939430395249375,0.9476781859827133,1
18,2,2,0.46910984584215437,0.22765029014983462,61.81388472160158,20,22,4,0.0,0,0.0,0.45,0.0,0.0,0.0,0.3355265611885115,0.5671766659655738,0.2277713876721213,0.4841953764869428,0
19,2,3,0.6815271484251221,0.6859475440843743,152.13375865240008,20,22,4,0.05,1,0.05,0.45,0.0,0.0,0.0,0.44999285840451364,0.6815271484251221,0.32122399919644196,0.6859475440843743,1
20,2,4,0.8260152084113566,0.970742817554528,203.07104000715026,20,22,4,0.35,1,0.85,0.45,0.3333333333333333,0.7777777777777778,0.2,0.6159537292908436,0.895059139538379,0.5314018443357231,0.970742817554528,1
21,2,5,0.5736469710299736,0.537428809675544,105.93703390995378,20,22,4,0.2,0,0.8,0.45,0.2222222222222222,0.7777777777777778,0.15,0.49245411485137713,0.9408061366956705,0.4514857555713965,0.9123570643300128,1
22,2,6,0.3955666071254802,0.28496672343392676,100.4526050767641,20,22,4,0.05,0,0.05,0.45,0.0,0.0,0.0,0.3921591660015141,0.7268928538774571,0.31074221068280955,0.757367398448091,0
23,2,7,0.3631908874391868,0.30702615444685194,74.89898939527741,20,22,4,0.05,0,0.05,0.45,0.0,0.0,0.0,0.37412074339412105,0.586306399707967,0.2913227969843334,0.7355499429732124,0
24,3,0,0.43928573539901283,0.37330315919337687,74.69679194076497,22,25,5,0.18181818181818182,0,0.36363636363636365,0.22727272727272727,0.0,0.0,0.18181818181818182,0.48886568856649854,0.7741633072521966,0.4731383217033832,0.9395028026206748,0
25,3,1,0.560228235288239,0.6385276315643145,148.45792991102027,22,25,5,0.2727272727272727,1,0.45454545454545453,0.22727272727272727,0.2,0.4,0.0,0.5251629996712887,0.8741305481910567,0.5083492450542058,0.8873417991674987,0
26,3,2,0.41217936005214306,0.5555153068202295,77.33810120585461,22,25,5,0.09090909090909091,1,0.8636363636363636,0.22727272727272727,0.2,0.8,0.22727272727272727,0.38362609117725766,0.5460417502637939,0.303489439514773,0.6927083658698664,1
27,3,3,0.7309246594350873,0.6626139122011404,150.23743083522197,22,25,5,0.13636363636363635,1,0.22727272727272727,0.22727272727272727,0.0,0.0,0.0,0.47844164175131804,0.7309246594350873,0.3525616319800345,0.7344727035366987,1
28,3,4,0.4334835424168539,0.3552624343205908,85.82308183442645,22,25,5,0.09090909090909091,0,0.09090909090909091,0.22727272727272727,0.0,0.0,0.13636363636363635,0.3983211857216676,0.7730374127474519,0.31294715380872434,0.8034028333430117,1
29,3,5,0.28139438914496195,0.387422083390218,77.38018179780629,22,25,5,0.13636363636363635,1,0.5454545454545454,0.22727272727272727,0.4,0.6,0.18181818181818182,0.49218800256535383,0.8799611548795071,0.43491143142619354,0.7745185598059544,0
30,3,6,0.5630197263346922,0.5905602330478021,120.8605291290983,22,25,5,0.045454545454545456,0,0.13636363636363635,0.22727272727272727,0.0,0.0,0.045454545454545456,0.33521578092118304,0.5630197263346922,0.1773779621550381,0.6060567723966683,0
31,3,7,0.5713511695392617,0.5585284158208453,96.68264490932307,22,25,5,0.18181818181818182,1,0.9090909090909091,0.22727272727272727,0.2,0.8,0.22727272727272727,0.49663339849895183,0.7677804684649866,0.42615482514855824,0.8984041893558059,0
32,4,0,0.29734370041655617,0.03197447287316653,48.703093195722346,30,40,5,0.06666666666666667,1,0.5666666666666667,0.4666666666666667,0.07142857142857142,0.42857142857142855,0.1,0.41731657331837735,0.7996693497875171,0.3052886298889886,0.7830926312624928,1
33,4,1,0.7857037750293444,0.7077799555674678,148.1644260641873,30,40,5,0.3,1,0.6666666666666666,0.4666666666666667,0.2857142857142857,0.5714285714285714,0.13333333333333333,0.5789930285475523,0.9470764301012361,0.49372131814130854,1.0,1
34,4,2,0.43273856778629366,0.13216067426609254,56.43553003108798,30,40,5,0.03333333333333333,0,0.03333333333333333,0.4666666666666667,0.0,0.0,0.0,0.4603043472627541,0.7231080242592232,0.317885824763656,0.743440420035264,1
35,4,3,0.5524277813917606,0.4609032359655165,121.93717295283338,30,40,5,0.03333333333333333,1,0.13333333333333333,0.4666666666666667,0.07142857142857142,0.14285714285714285,0.03333333333333333,0.48043110790955507,0.7891817696883128,0.38514446013406883,0.7067177395151067,1
36,4,4,0.7653588556010198,0.7054165692179428,148.14093828893226,30,40,5,0.3333333333333333,1,0.7,0.4666666666666667,0.42857142857142855,0.6428571428571429,0.1,0.609055531039614,0.9460057785071253,0.5230734579488161,1.0,1
37,4,5,0.4671222619574645,0.5088089470880195,105.44686335746233,30,40,5,0.03333333333333333,1,0.8666666666666667,0.4666666666666667,0.07142857142857142,0.7142857142857143,0.13333333333333333,0.4259322790929135,0.848388071920164,0.26656778751095034,0.821337870253314,1
38,4,6,0.3994139319551108,0.08012000101188324,53.39753020054686,30,40,5,0.06666666666666667,1,0.9,0.4666666666666667,0.14285714285714285,0.7857142857142857,0.13333333333333333,0.4198149940482118,0.7755355069068106,0.28681428941658926,0.704998465014028,1
39,4,7,0.4350182515002134,0.09146380906808721,52.401828104459355,30,40,5,0.03333333333333333,0,0.06666666666666667,0.4666666666666667,0.0,0.0,0.03333333333333333,0.4158084516161082,0.7179362631392767,0.32128052970996224,0.6993510718260469,0
40,5,0,0.6169302292162211,0.5217249222806547,129.82004066579685,23,28,4,0.17391304347826086,1,0.9130434782608695,0.17391304347826086,0.75,1.0,0.17391304347826086,0.49583804536192827,0.8726751385140656,0.4132855005873331,0.7408452724125174,1
41,5,1,0.7891901949641168,0.6600494835852159,151.50985919787834,23,28,4,0.17391304347826086,1,0.8260869565217391,0.17391304347826086,0.25,0.75,0.17391304347826086,0.5251228796434771,0.8459194652857971,0.4555771673739998,0.7181956438064261,0
42,5,2,0.33682442375804006,0.227964639101854,74.37006371913054,23,28,4,0.0,0,0.0,0.17391304347826086,0.0,0.0,0.0,0.43121632841496654,0.7762335182932965,0.313228039676194,0.5991852026150419,0
43,5,3,0.4233552167886445,0.3669978048801313,85.43093303972393,23,28,4,0.043478260869565216,0,0.043478260869565216,0.17391304347826086,0.0,0.0,0.0,0.3705217896034907,0.8407803703172037,0.2738858439127743,0.6526891634873937,1
44,5,4,0.5425364723266642,0.4869081027622436,129.32288918481186,23,28,4,0.21739130434782608,1,0.7391304347826086,0.17391304347826086,0.5,0.5,0.17391304347826086,0.5266551367364807,0.8061915379449962,0.4748652911642513,0.7810032896617309,1
45,5,5,0.21275594982163615,0.16233299562034761,33.96353308113167,23,28,4,0.043478260869565216,1,0.8260869565217391,0.17391304347826086,0.25,0.75,0.17391304347826086,0.412951042018293,0.6224874340066449,0.31939256476926836,0.6175506886237683,1
46,5,6,0.4303111995766708,0.4581812905912531,89.8130335490235,23,28,4,0.2608695652173913,1,0.8260869565217391,0.17391304347826086,0.5,0.75,0.17391304347826086,0.54485123063296,0.8379381829663572,0.46235332303353976,0.7630361296718088,1
47,5,7,0.18256592195138482,0.12331765019639021,67.82690160304908,23,28,4,0.08695652173913043,0,0.08695652173913043,0.17391304347826086,0.0,0.0,0.043478260869565216,0.4249368324175203,0.7708201346167234,0.34216792483508796,0.9504505825650069,0
48,6,0,0.5092491333281162,0.3068339511410738,142.43810406352418,22,26,3,0.09090909090909091,0,0.2727272727272727,0.09090909090909091,0.0,0.0,0.045454545454545456,0.43707092251385454,0.7812597532187646,0.29151250689547337,0.7449101360346843,1
49,6,1,0.44621806652773127,0.36810110330004,98.29603543582002,22,26,3,0.045454545454545456,1,0.13636363636363635,0.09090909090909091,0.5,0.5,0.045454545454545456,0.46021285183363037,0.7126207664058603,0.36237173572728926,0.8124962675470785,0
50,6,2,0.25575304062764465,0.015323267253204625,22.9067472762885,22,26,3,0.045454545454545456,0,0.5,0.09090909090909091,0.0,0.0,0.045454545454545456,0.35970343238596053,0.6545416521471753,0.17521345488798917,0.6088420142268699,0
51,6,3,0.20651325017254543,0.061910807311426994,53.389020469227326,22,26,3,0.045454545454545456,0,0.22727272727272727,0.09090909090909091,0.0,0.0,0.0,0.4057939008993333,0.6859724651436017,0.2824372138118726,0.6853495923372627,0
52,6,4,0.32536107310603607,0.30978763576948865,40.69742916620022,22,26,3,0.09090909090909091,0,0.36363636363636365,0.09090909090909091,0.0,0.0,0.045454545454545456,0.4514253896755856,0.941620264260572,0.33869596147523895,0.7049033755132019,1
53,6,5,0.44923117494673637,0.3750412255040354,104.73047261444229,22,26,3,0.09090909090909091,0,0.13636363636363635,0.09090909090909091,0.0,0.0,0.0,0.47939854745285615,0.7321943106972381,0.38788512582675044,0.6194161612800113,0
54,6,6,0.38440927630126837,0.2061916377723182,56.79685738231716,22,26,3,0.0,0,0.0,0.09090909090909091,0.0,0.0,0.0,0.34266158749100456,0.552532206866669,0.17742358998594268,0.5589887118864331,0
55,6,7,0.4917298494135632,0.22844420689184866,92.68089647903753,22,26,3,0.045454545454545456,0,0.045454545454545456,0.09090909090909091,0.0,0.0,0.045454545454545456,0.3913119170369203,0.7601435808454448,0.2546511657204222,0.6299544577326824,0
56,7,0,0.4309782170033765,0.11400472792455324,73.18959195972458,20,28,1,0.1,1,0.4,0.5,0.1,0.4,0.05,0.5175287505311271,0.6695827336035007,0.3434005425668886,0.6828094206807688,1
57,7,1,0.6440700684352728,0.13398513441848448,98.4292694836409,20,28,1,0.25,1,0.85,0.5,0.1,0.7,0.05,0.5310513535315518,0.8031780144005756,0.4770105101949859,1.0,1
58,7,2,0.5122128699446987,0.28286251052502176,60.374960133792186,20,28,1,0.5,1,0.95,0.5,0.5,0.9,0.05,0.6088946750188328,0.8702476597040951,0.5581504748595197,0.826288395745139,1
59,7,3,0.622751392174057,0.7472624215584733,169.3574359393408,20,28,1,0.5,1,0.95,0.5,0.4,0.9,0.05,0.592414498062386,0.9441989896837604,0.553048892104332,0.9093357705664533,1
60,7,4,0.4334546719791949,0.41112993597205844,88.2934339128428,20,28,1,0.3,1,0.8,0.5,0.3,0.7,0.05,0.47717387334907607,0.7161733545698716,0.4277934219383746,0.8001485435021195,1
61,7,5,0.4289513299888374,0.17494218711663573,79.65397252265748,20,28,1,0.0,0,0.0,0.5,0.0,0.0,0.0,0.4017897758700655,0.7089640915875741,0.23358082926744567,0.5639921813118123,1
62,7,6,0.5480018626391387,0.29211169303774737,93.86816153019052,20,28,1,0.15,1,0.3,0.5,0.1,0.1,0.0,0.5419277613357543,0.9808708726775859,0.41953831358984284,0.7755057222903237,0
63,7,7,0.5114397085792228,0.4969915636822713,113.16021403543155,20,28,1,0.15,1,0.35,0.5,0.1,0.2,0.0,0.5474034682965493,0.8215669371420553,0.5095572335149797,0.858394574426384,1
64,8,0,0.38145538083047936,0.3763057020769086,98.89547679756585,29,38,4,0.10344827586206896,1,0.8620689655172413,0.20689655172413793,0.16666666666666666,0.6666666666666666,0.10344827586206896,0.4868754184073052,0.7094803113660559,0.40803838792419056,0.7575858438752737,1
65,8,1,0.4213070547213931,0.3191017824055597,111.32907005278483,29,38,4,0.06896551724137931,0,0.1724137931034483,0.20689655172413793,0.0,0.0,0.0,0.42611555508643556,0.6666717408299279,0.331043688870715,0.6537870027090575,0
66,8,2,0.13783151145985295,0.032370675720259166,18.7797557037971,29,38,4,0.034482758620689655,0,0.06896551724137931,0.20689655172413793,0.0,0.0,0.0,0.34087874628617143,0.6760680517405702,0.2089624687766021,0.8211111428246918,0
67,8,3,0.14421079907681922,0.03458799397952047,46.261184687689344,29,38,4,0.034482758620689655,0,0.13793103448275862,0.20689655172413793,0.0,0.0,0.0,0.36586496822000886,0.7271551351072592,0.23655050309125222,0.6764715150753107,1
68,8,4,0.602771266554087,0.4564043601612134,109.23894264953557,29,38,4,0.13793103448275862,1,0.5517241379310345,0.20689655172413793,0.16666666666666666,0.3333333333333333,0.06896551724137931,0.5340893289854882,0.7979209787902475,0.4740707057207297,0.9021741739005228,1
69,8,5,0.645567600561871,0.37767959462603734,100.74686895587328,29,38,4,0.20689655172413793,1,0.5862068965517241,0.20689655172413793,0.16666666666666666,0.3333333333333333,0.06896551724137931,0.505133184932298,0.7992196837166419,0.4491491201647065,0.9284815115231914,1
70,8,6,0.31474153950249245,0.1924154481348662,59.94130861193033,29,38,4,0.20689655172413793,1,0.2413793103448276,0.20689655172413793,0.16666666666666666,0.16666666666666666,0.034482758620689655,0.5128478546004934,0.8458393152694343,0.4385884005322554,1.0,0
71,8,7,0.25919614256461826,0.05321807785339859,23.53934070330843,29,38,4,0.06896551724137931,0,0.1724137931034483,0.20689655172413793,0.0,0.0,0.0,0.346098121728479,0.7680431704666676,0.23370509955221755,0.7016140408521042,0
72,9,0,0.5655185402224754,0.369232768958689,88.63116293685944,27,40,0,0.037037037037037035,0,0.18518518518518517,0.2962962962962963,0.0,0.0,0.0,0.4681279385953295,0.8047332017093713,0.3279945374835102,0.65420147831115,1
73,9,1,0.4608130811781387,0.3073756153144286,111.6722523830273,27,40,0,0.0,0,0.0,0.2962962962962963,0.0,0.0,0.0,0.4079757020530416,0.7137348711530375,0.33110581584318993,0.5826455847468832,1
74,9,2,0.5047257001059898,0.3385955384616196,101.79686355200589,27,40,0,0.1111111111111111,1,0.6666666666666666,0.2962962962962963,0.125,0.5,0.0,0.44289682758453985,0.7415398250805515,0.3558750452999295,0.9555280764771467,1
75,9,3,0.5813309666707762,0.2984438667828841,98.91060125883408,27,40,0,0.25925925925925924,1,0.8888888888888888,0.2962962962962963,0.25,0.75,0.0,0.5838776958608711,0.889393252915563,0.4971692061205481,0.8727970527048824,0
76,9,4,0.6136606010153979,0.8188751063621051,145.44192948552345,27,40,0,0.1111111111111111,1,0.25925925925925924,0.2962962962962963,0.0,0.0,0.0,0.43263432442893535,0.6392561731359843,0.33185231232290174,0.8593810068397061,1
77,9,5,0.1804411237366094,0.14927929214092167,44.59908764257907,27,40,0,0.037037037037037035,1,0.37037037037037035,0.2962962962962963,0.125,0.25,0.0,0.3688723451065138,0.6216965208483739,0.23711650987518118,0.6279320127931974,1
78,9,6,0.5593541567463385,0.5272968739022418,123.41087055635762,27,40,0,0.18518518518518517,1,0.7407407407407407,0.2962962962962963,0.125,0.5,0.0,0.5007492400099884,0.7664131354785162,0.4739350973208954,0.9415642323514237,1
79,9,7,0.3609427521346716,0.345959946319102,69.55166514071406,27,40,0,0.37037037037037035,1,0.9629629629629629,0.2962962962962963,0.375,0.875,0.0,0.5201018480684515,0.7259750516849788,0.505363044571097,1.0,1
80,10,0,0.4662027851219082,0.4195284563531175,91.18642436484444,25,38,2,0.08,1,0.88,0.4,0.1,0.8,0.08,0.4909997317128309,0.734653846868639,0.37500970914047854,0.7172621097609989,0
81,10,1,0.5806869389587492,0.2912587935580837,100.5799768099624,25,38,2,0.12,1,0.2,0.4,0.1,0.1,0.0,0.5103351890434983,0.7603082364427148,0.4169400981605801,0.9443578788694302,1
82,10,2,0.5052848593192866,0.22544396540017841,68.65140737440586,25,38,2,0.04,1,0.16,0.4,0.1,0.2,0.0,0.4732850724176885,0.9044696045681098,0.37329988502099504,0.8772994695847741,1
83,10,3,0.5547745300884641,0.1339273962778327,83.72103062268224,25,38,2,0.2,1,0.8,0.4,0.2,0.8,0.08,0.5039983937070045,0.8371785887496596,0.4046523760832313,0.7300451269724527,1
84,10,4,0.47881772485767937,0.48089005750904784,103.63527263928198,25,38,2,0.12,1,0.32,0.4,0.1,0.2,0.04,0.514856205918467,0.8992273651351682,0.37904539484506616,0.9196122624310226,1
85,10,5,0.5563594296729535,0.4847426746945419,139.933461304701,25,38,2,0.16,1,0.72,0.4,0.1,0.4,0.08,0.5258849085697637,0.8220288450370775,0.4455054964056256,0.7376310538917145,1
86,10,6,0.6924081195703716,0.7126655201105864,156.52125043127856,25,38,2,0.24,1,0.88,0.4,0.2,0.8,0.08,0.5729415986806488,0.814727820258936,0.4805366010610378,0.8022617017217422,1
87,10,7,0.3260422179283031,0.15236039121301015,37.96955879273145,25,38,2,0.04,1,0.4,0.4,0.1,0.5,0.04,0.40713012989498365,0.6522613380724855,0.28967282996845756,0.7233583041712693,1
88,11,0,0.12130803024925052,0.28099804981515775,60.954957446239824,30,31,7,0.23333333333333334,1,1.0,0.16666666666666666,0.4,1.0,0.23333333333333334,0.5209457191562605,0.8577362306405198,0.4447156836682644,0.9430591330789981,1
89,11,1,0.5144392057515882,0.42207883906573973,107.5453381408656,30,31,7,0.0,0,0.0,0.16666666666666666,0.0,0.0,0.0,0.3484117099233231,0.590805789089625,0.20329597652741577,0.5811117442444178,0
90,11,2,0.5484947120157497,0.49641525001261144,133.6866675134635,30,31,7,0.06666666666666667,0,0.13333333333333333,0.16666666666666666,0.0,0.0,0.0,0.49105822592610726,0.7103103778415412,0.36919968819580606,0.625056552822081,1
91,11,3,0.22586506711733,0.09312192872414607,58.39614122964679,30,31,7,0.03333333333333333,0,0.06666666666666667,0.16666666666666666,0.0,0.0,0.0,0.36990712814892807,0.714152043322013,0.23927629236794626,0.7264729227591731,0
92,11,4,0.5188236192387348,0.44808205558072256,121.03648309946205,30,31,7,0.16666666666666666,0,0.23333333333333334,0.16666666666666666,0.0,0.0,0.03333333333333333,0.5075926904659332,0.7887656063629532,0.4087027012635332,0.6953562814683827,1
93,11,5,0.5947953796339736,0.43431261853152453,92.220498047459,30,31,7,0.23333333333333334,0,0.43333333333333335,0.16666666666666666,0.0,0.0,0.1,0.5723844977332367,0.8939397455807054,0.5134722294848854,0.9486719677125004,1
94,11,6,0.574009545820962,0.3992229623781034,103.53986085462991,30,31,7,0.26666666666666666,1,0.9666666666666667,0.16666666666666666,0.4,0.8,0.23333333333333334,0.537249732076859,0.8952552950408857,0.4760712794838662,0.7844207558825885,1
95,11,7,0.6002467972814596,0.40294275402215635,100.43185179691486,30,31,7,0.2,0,0.5666666666666667,0.16666666666666666,0.0,0.0,0.2,0.5254557020488452,0.9009674885037231,0.40712080058586364,0.7993943405884627,1
96,12,0,0.36982674834332574,0.4593358612769298,121.18354931473695,29,39,5,0.2413793103448276,1,0.896551724137931,0.3448275862068966,0.3,0.8,0.1724137931034483,0.5397492368686776,0.827565955328492,0.48654609781363356,0.8913438031266647,1
97,12,1,0.3084467652050445,0.15692982952329693,33.54638288834788,29,39,5,0.034482758620689655,1,0.896551724137931,0.3448275862068966,0.1,0.8,0.1724137931034483,0.3841054890887653,0.7402304481586945,0.2821015877793927,0.684493304882049,1
98,12,2,0.5816296296004267,0.4041888723832931,91.67701483669543,29,39,5,0.13793103448275862,1,0.7241379310344828,0.3448275862068966,0.2,0.5,0.1724137931034483,0.4324351521953814,1.0,0.3478666089082721,0.8221341993280372,1
99,12,3,0.46079331181626926,0.24014341647280935,69.66598500612506,29,39,5,0.1724137931034483,0,0.20689655172413793,0.3448275862068966,0.1,0.1,0.13793103448275862,0.5419014285230422,0.8020572710877588,0.4432163814892818,0.8765351542025264,1
100,12,4,0.29838887742122583,0.41635804127750947,108.98810227449391,29,39,5,0.27586206896551724,0,0.3448275862068966,0.3448275862068966,0.0,0.0,0.06896551724137931,0.5804560734581636,0.9119857792687728,0.5214498468274384,1.0,1
101,12,5,0.8319186723066456,0.5462227599598584,115.84638021467697,29,39,5,0.06896551724137931,1,0.6551724137931034,0.3448275862068966,0.1,0.4,0.13793103448275862,0.4147885291200873,0.8319186723066456,0.3033595157822499,0.6761808540376766,0
102,12,6,0.21608722429872448,0.25762524393755853,69.4325745183107,29,39,5,0.034482758620689655,0,0.034482758620689655,0.3448275862068966,0.0,0.0,0.0,0.36676959543788906,0.6566348190762783,0.20484432835050737,0.6055246734607775,0
103,12,7,0.5725057873385291,0.5034061321499202,117.21551920883093,29,39,5,0.2413793103448276,1,0.9655172413793104,0.3448275862068966,0.4,0.9,0.1724137931034483,0.5515944796584242,0.9791393303557985,0.5160987190571651,0.8831331167052423,1
104,13,0,0.32194444952017165,0.25599339437719915,83.62095682856557,24,37,1,0.16666666666666666,1,0.5833333333333334,0.4583333333333333,0.09090909090909091,0.2727272727272727,0.041666666666666664,0.4146962384235781,0.6907446590625161,0.34461943202581075,0.7126142372286053,1
105,13,1,0.8041409702578888,0.8291708770341528,193.5891328571639,24,37,1,0.20833333333333334,1,0.625,0.4583333333333333,0.09090909090909091,0.18181818181818182,0.041666666666666664,0.5914063874356807,0.8583650982765592,0.4946814454346731,0.8291708770341528,1
106,13,2,0.464076887085728,0.2686269812013138,84.60826174329802,24,37,1,0.041666666666666664,0,0.041666666666666664,0.4583333333333333,0.0,0.0,0.0,0.4651843921783097,0.7435752583294694,0.3094448713539299,0.6099016098972845,1
107,13,3,0.25954783577813645,0.21768569191324827,74.01410863344522,24,37,1,0.08333333333333333,0,0.20833333333333334,0.4583333333333333,0.0,0.0,0.0,0.42125873624727844,0.7145310866956363,0.33297929452888125,0.7375593798481435,1
108,13,4,0.6300102099595867,0.533609713722092,102.76873779274584,24,37,1,0.16666666666666666,1,0.75,0.4583333333333333,0.36363636363636365,0.5454545454545454,0.041666666666666664,0.519139827541702,0.8378433236594796,0.4420657682673454,0.7277940443274511,1
109,13,5,0.5687884004509175,0.40985869248689283,111.07578536720868,24,37,1,0.125,1,0.625,0.4583333333333333,0.18181818181818182,0.36363636363636365,0.041666666666666664,0.5093341192794094,0.7940346939802014,0.47728353795435785,0.9347918463444538,1
110,13,6,0.24060059276884077,0.10144105768337872,47.77697027606032,24,37,1,0.041666666666666664,1,0.5416666666666666,0.4583333333333333,0.09090909090909091,0.18181818181818182,0.041666666666666664,0.4325554137709348,0.743896130608825,0.3331465517826116,0.6833855934667311,1
111,13,7,0.5579003755849923,0.3795912317415152,126.34312644892184,24,37,1,0.20833333333333334,1,0.75,0.4583333333333333,0.18181818181818182,0.6363636363636364,0.041666666666666664,0.5268982308867797,0.7760331297385694,0.485894503414507,0.8191104878698768,1
112,14,0,0.47098970496114473,0.2517531518517444,86.33913443964789,23,28,1,0.08695652173913043,0,0.30434782608695654,0.17391304347826086,0.0,0.0,0.043478260869565216,0.45460862385377576,0.7109779135817182,0.38282033764379225,0.7135392119129353,1
113,14,1,0.47820229890025945,0.514245925439635,105.81413404474256,23,28,1,0.21739130434782608,0,0.2608695652173913,0.17391304347826086,0.0,0.0,0.0,0.5285548610690086,0.8752413667805979,0.48742235587809757,0.8842303528358847,0
114,14,2,0.7685917108285393,0.6538738618074099,150.6604062171239,23,28,1,0.391304347826087,1,0.6521739130434783,0.17391304347826086,0.5,0.5,0.043478260869565216,0.5445869350603317,0.8842076379151557,0.489504762591461,0.8961270203903077,1
115,14,3,0.46948229746484493,0.5226080356632866,113.73784747305902,23,28,1,0.043478260869565216,0,0.21739130434782608,0.17391304347826086,0.0,0.0,0.0,0.3780715000719604,0.8439728091387365,0.25381679989205763,0.6989255826082541,0
116,14,4,0.21167197565779858,0.4016748327357569,74.24205503297092,23,28,1,0.34782608695652173,1,0.9130434782608695,0.17391304347826086,0.75,1.0,0.043478260869565216,0.5903043145934477,1.0,0.552683133545845,1.0,1
117,14,5,0.7432510370286047,0.6690078151761006,201.28888615361373,23,28,1,0.43478260869565216,1,0.9130434782608695,0.17391304347826086,0.5,0.75,0.043478260869565216,0.5847938819495593,0.8752276381212226,0.5580736138193604,0.9154507376633274,1
118,14,6,0.4193044307067197,0.1834996570551879,46.99904652962218,23,28,1,0.0,0,0.0,0.17391304347826086,0.0,0.0,0.0,0.3658403818701017,0.6344410685925075,0.22143706096628496,0.48491422638092774,0
119,14,7,0.1944274451374426,0.3916575375947719,90.8716842865592,23,28,1,0.0,0,0.0,0.17391304347826086,0.0,0.0,0.0,0.3529965447845965,0.7105591197775911,0.22493435836527217,0.557932394727727,0
120,15,0,0.3200895924392911,0.16264542071101493,51.403215542299534,20,23,4,0.05,0,0.05,0.45,0.0,0.0,0.0,0.3628264528014583,0.7260770087511744,0.24460371340151338,0.624183762567031,0
121,15,1,0.5119584105679696,0.36151150364418694,56.6288787981598,20,23,4,0.0,0,0.0,0.45,0.0,0.0,0.0,0.37623791583774774,0.5337006820522047,0.3004523183721207,0.5801091004121497,1
122,15,2,0.4331914680484129,0.30089105580374736,101.39380127762418,20,23,4,0.35,0,0.5,0.45,0.1111111111111111,0.1111111111111111,0.15,0.6004177548654567,0.8760314200846089,0.5323701134156215,0.8443248480342089,0
123,15,3,0.5595511488891035,0.5319311629448846,126.47155381361073,20,23,4,0.25,1,0.9,0.45,0.2222222222222222,0.7777777777777778,0.15,0.5921209214300218,0.9087316003322319,0.493758645567853,0.8218208218324274,0
124,15,4,0.2981715805058577,0.20493495580459767,75.95926173864812,20,23,4,0.15,1,0.4,0.45,0.1111111111111111,0.2222222222222222,0.1,0.45407873951238314,0.7270172926770975,0.3701778075309303,0.8158512476378759,1
125,15,5,0.4920566531036986,0.0478840509258944,57.61006323839289,20,23,4,0.0,0,0.0,0.45,0.0,0.0,0.0,0.424400348684418,0.7246023763727469,0.2591414805472775,0.5566104999893896,0
126,15,6,0.8364976535789974,0.9824210812484708,215.46877074277128,20,23,4,0.3,1,0.45,0.45,0.2222222222222222,0.4444444444444444,0.1,0.6042432776786182,0.8772051770710159,0.536419485429365,0.9824210812484708,1
127,15,7,0.6524616980187053,0.5816329701015712,130.84138340334002,20,23,4,0.05,0,0.1,0.45,0.1111111111111111,0.1111111111111111,0.05,0.48982255884155296,0.7314515543019237,0.40522882389469456,0.6060866006492208,1
128,16,0,0.33596755611681267,0.29410905644628577,79.5485763677692,27,34,4,0.0,0,0.0,0.25925925925925924,0.0,0.0,0.0,0.3799134555151891,0.6520620139410167,0.22073284144334504,0.5071619329974246,1
129,16,1,0.4579581841635928,0.5114555863057743,125.64565019895326,27,34,4,0.2222222222222222,1,0.8518518518518519,0.25925925925925924,0.2857142857142857,0.8571428571428571,0.14814814814814814,0.49379057854589953,0.8176770394508146,0.4329265317329205,0.8264843890966939,1
130,16,2,0.19187902787752412,0.08038412209624726,37.82288749537119,27,34,4,0.0,0,0.0,0.25925925925925924,0.0,0.0,0.0,0.37592650484850243,0.6161965661624006,0.28306587341300166,0.5738651904465344,0
131,16,3,0.37115741249518025,0.30019060965090943,89.7590872855038,27,34,4,0.07407407407407407,1,0.14814814814814814,0.25925925925925924,0.14285714285714285,0.14285714285714285,0.0,0.4381112096507248,0.7338164705560066,0.31616479084077903,0.631594712769128,0
132,16,4,0.29577038144886664,0.04389567357551519,40.45127790841881,27,34,4,0.037037037037037035,0,0.07407407407407407,0.25925925925925924,0.0,0.0,0.037037037037037035,0.4153656173961642,0.7499898230839744,0.25228017031844513,0.6661215912085541,1
133,16,5,0.42453351782973825,0.40372534711140806,86.2843605838074,27,34,4,0.18518518518518517,1,0.7407407407407407,0.25925925925925924,0.2857142857142857,0.7142857142857143,0.1111111111111111,0.552680184590034,0.8219389026989311,0.5493917641086067,0.9337962404180701,1
134,16,6,0.0,0.0,38.47814681367583,27,34,4,0.07407407407407407,1,0.14814814814814814,0.25925925925925924,0.14285714285714285,0.14285714285714285,0.0,0.3576888850344948,0.7146622483672466,0.23646650654340529,0.878550580672317,0
135,16,7,0.5206203240700188,0.2916953687741545,103.28129113390335,27,34,4,0.2222222222222222,1,0.8888888888888888,0.25925925925925924,0.14285714285714285,0.7142857142857143,0.14814814814814814,0.5105495208209576,0.7435456101602862,0.45430844775721724,0.8447710223269029,1
136,17,0,0.6658864815131756,0.495380425002641,135.1627505709686,30,44,4,0.1,1,0.23333333333333334,0.3333333333333333,0.2,0.3,0.0,0.38999322162223815,0.7885178025974299,0.2776673792731179,0.8712827981170888,1
137,17,1,0.5870388358965185,0.42939634960722567,82.3174992837177,30,44,4,0.03333333333333333,0,0.03333333333333333,0.3333333333333333,0.0,0.0,0.0,0.41247046367248646,0.6422485423982613,0.3265340554297308,0.64137797288145,1
138,17,2,0.41983605455325274,0.11997414506382764,44.09695423415356,30,44,4,0.06666666666666667,0,0.26666666666666666,0.3333333333333333,0.1,0.2,0.06666666666666667,0.480115389544423,0.9200758149619692,0.3728276059045592,0.877588102822237,0
139,17,3,0.35702430155413056,0.3064007753819394,70.70222939894106,30,44,4,0.23333333333333334,1,0.8,0.3333333333333333,0.3,0.8,0.1,0.5352782538040962,0.8027494617542529,0.494537512774443,0.9230890466815852,1
140,17,4,0.2107845934963662,0.19455469698883818,61.21239684577859,30,44,4,0.1,1,0.2,0.3333333333333333,0.1,0.1,0.03333333333333333,0.4740223489100295,0.9661025751537597,0.38481281727233846,0.901511540424146,0
141,17,5,0.2894583483489329,0.23479415173860624,73.30891955705073,30,44,4,0.03333333333333333,0,0.03333333333333333,0.3333333333333333,0.0,0.0,0.0,0.37573282667347147,0.7985513748158998,0.22706399679812594,0.7103401994669531,1
142,17,6,0.4987032229909159,0.3023418107497829,70.26418960203897,30,44,4,0.2,1,0.5666666666666667,0.3333333333333333,0.3,0.6,0.1,0.5680146427514111,0.9281998839910902,0.4706270849315097,0.810939437969571,0
143,17,7,0.6263276123377947,0.7446804333311594,166.39883545913835,30,44,4,0.3333333333333333,1,0.9666666666666667,0.3333333333333333,0.5,0.9,0.13333333333333333,0.5501516614544708,0.9251753092038011,0.45786418515244454,0.7446804333311594,1
144,18,0,0.7051894126153574,0.7212076620027066,145.8399020319145,30,47,1,0.23333333333333334,1,0.8666666666666667,0.2,0.16666666666666666,0.5,0.03333333333333333,0.582311287822245,0.897981766148377,0.4912894365983631,0.8233349060067977,1
145,18,1,0.2825399201569318,0.3163327763823833,63.77883152372241,30,47,1,0.23333333333333334,1,0.8666666666666667,0.2,0.5,1.0,0.03333333333333333,0.5196915037121661,0.8109720287985177,0.45435164720433724,0.8736781692274285,0
146,18,2,0.6936895545003927,0.601605158621447,137.86984865981435,30,47,1,0.2,1,0.5666666666666667,0.2,0.16666666666666666,0.5,0.03333333333333333,0.44677168459941374,0.9791470218788585,0.36700698797731296,0.8529265014053038,1
147,18,3,0.5283219251567333,0.4956514951647516,124.5434392133501,30,47,1,0.1,1,0.5666666666666667,0.2,0.16666666666666666,0.5,0.03333333333333333,0.42826394691654296,0.9260394051255815,0.3103670197027618,0.9298188441246782,1
148,18,4,0.34354102471447123,0.3166840164367561,76.1798708448893,30,47,1,0.1,0,0.26666666666666666,0.2,0.0,0.0,0.0,0.49700609116356526,0.7597219947614854,0.42200307052161096,0.721996159832761,1
149,18,5,0.3302896409987348,0.3202743162974553,118.87078176177843,30,47,1,0.3333333333333333,1,0.7,0.2,0.16666666666666666,0.5,0.03333333333333333,0.5751588147913591,1.0,0.5063858371966534,0.8552373817697247,1
150,18,6,0.4865380257244293,0.24659236099572532,53.92406745746001,30,47,1,0.13333333333333333,1,0.6666666666666666,0.2,0.16666666666666666,0.6666666666666666,0.03333333333333333,0.5006963988700542,0.6800275288045748,0.3992204754241497,0.784667058247947,1
151,18,7,0.4512939860040549,0.4905891714298426,106.26247147089052,30,47,1,0.16666666666666666,1,0.6333333333333333,0.2,0.16666666666666666,0.5,0.03333333333333333,0.4658854664260051,0.8330884062542911,0.42191312887779514,0.8379607671480214,1
152,19,0,0.3657335033156672,0.2298914517059225,66.75352556859492,21,24,4,0.14285714285714285,0,0.23809523809523808,0.2857142857142857,0.0,0.0,0.0,0.4409311810931304,0.7578080519892244,0.3533211193534842,0.6893896196787799,0
153,19,1,0.5673074793039778,0.48720681125861726,104.17524036454154,21,24,4,0.14285714285714285,0,0.2857142857142857,0.2857142857142857,0.16666666666666666,0.3333333333333333,0.047619047619047616,0.5336710884619974,0.7946286147168957,0.38673473520116874,0.6898926256915089,1
154,19,2,0.4973376448781364,0.36525102018743805,96.77736265432166,21,24,4,0.09523809523809523,0,0.09523809523809523,0.2857142857142857,0.0,0.0,0.047619047619047616,0.4873903019620643,0.7825508651359379,0.35903093089027543,0.6772620761079223,0
155,19,3,0.6724651950150687,0.6501165999927601,153.99463179933807,21,24,4,0.19047619047619047,1,0.2857142857142857,0.2857142857142857,0.16666666666666666,0.3333333333333333,0.09523809523809523,0.48709975392860355,0.7733012604654137,0.3822419075758508,0.6933014741203029,1
156,19,4,0.5182110271258173,0.30358415555070567,76.537926250601,21,24,4,0.047619047619047616,0,0.047619047619047616,0.2857142857142857,0.0,0.0,0.047619047619047616,0.508667109614076,0.7597362534099594,0.3859065845209021,0.6845183240211161,0
157,19,5,0.3662413540691737,0.41415470808807253,108.49363171791633,21,24,4,0.38095238095238093,1,0.8571428571428571,0.2857142857142857,0.5,1.0,0.19047619047619047,0.556128178978675,0.910600401026865,0.5801181510305379,0.9973179634496733,1
158,19,6,0.23645273594893945,0.31293332788156836,55.855936225687586,21,24,4,0.0,0,0.0,0.2857142857142857,0.0,0.0,0.0,0.43285592615213225,0.6007156869104393,0.3255594003349209,0.5896566266081208,1
159,19,7,0.15912540391175933,0.24803991913515916,75.42641986105028,21,24,4,0.047619047619047616,1,0.42857142857142855,0.2857142857142857,0.16666666666666666,0.6666666666666666,0.14285714285714285,0.41785709793173914,0.8016676429674516,0.2670997146096357,0.7890343703489051,0
160,20,0,0.5591512812412626,0.5135598317632668,103.16966184429228,30,40,1,0.2,0,0.43333333333333335,0.06666666666666667,0.0,0.0,0.0,0.5463587406244044,0.7405610953487681,0.4706119617769637,0.8688495928233315,1
161,20,1,0.8798350480817715,0.811668219300754,197.26748461807497,30,40,1,0.26666666666666666,1,0.8666666666666667,0.06666666666666667,0.5,0.5,0.03333333333333333,0.4836391820533711,0.8798350480817715,0.43460120803319735,0.811668219300754,1
162,20,2,0.3136699292512155,0.2334323298241905,76.70901001876737,30,40,1,0.06666666666666667,0,0.4666666666666667,0.06666666666666667,0.0,0.0,0.03333333333333333,0.3996333003183687,0.7880276968572544,0.28448430579515904,0.6215829380697728,0
163,20,3,0.2669216072550269,0.05876575945919841,15.675001277161023,30,40,1,0.1,1,0.6666666666666666,0.06666666666666667,0.5,1.0,0.03333333333333333,0.3486693045434056,0.641909882263305,0.2768190657822419,0.672638261789943,0
164,20,4,0.3160239946279758,0.2945145135180071,73.25885281615271,30,40,1,0.13333333333333333,0,0.8333333333333334,0.06666666666666667,0.0,0.0,0.0,0.4531542334356483,0.8658040706373453,0.3869962185476586,0.8895468855793581,0
165,20,5,0.36796732325790427,0.09295802196792548,47.951618167219706,30,40,1,0.13333333333333333,1,0.9333333333333333,0.06666666666666667,0.5,1.0,0.03333333333333333,0.4487657783249968,0.7020683063000548,0.3461241295393407,0.874900837089958,1
166,20,6,0.5786147596441885,0.4150074809430244,100.914731328575,30,40,1,0.13333333333333333,0,0.2,0.06666666666666667,0.0,0.0,0.0,0.49212218282487324,0.8509854275447961,0.4650729561465505,1.0,1
167,20,7,0.489229234960915,0.3537640812589182,83.03065311465424,30,40,1,0.23333333333333334,0,0.7333333333333333,0.06666666666666667,0.0,0.0,0.0,0.5467229979594956,0.7852129961988169,0.4901994464496128,0.8745675986005919,0
168,21,0,0.28050320101544524,0.1742941030048108,75.47357261480461,27,35,4,0.07407407407407407,0,0.18518518518518517,0.5555555555555556,0.06666666666666667,0.2,0.037037037037037035,0.4189375048324906,0.7642844166435845,0.3014823747792112,0.789348763807248,1
169,21,1,0.21074577238071762,0.2529145217761604,69.03531217997113,27,35,4,0.07407407407407407,0,0.2962962962962963,0.5555555555555556,0.06666666666666667,0.26666666666666666,0.037037037037037035,0.42589886365883356,0.9533218480799578,0.30394088376698736,0.8000704862529117,1
170,21,2,0.4200946812242729,0.1939985650717948,49.34092298819743,27,35,4,0.25925925925925924,0,0.5925925925925926,0.5555555555555556,0.2,0.5333333333333333,0.14814814814814814,0.5508313403144913,0.8493477787425033,0.47662458394034557,1.0,1
171,21,3,0.27780897535037696,0.1970261193160964,41.93877670934493,27,35,4,0.0,0,0.0,0.5555555555555556,0.0,0.0,0.0,0.38223510761677354,0.5339215663404514,0.2721401437059926,0.5574086580312788,0
172,21,4,0.37819885746610243,0.18373275505270528,93.91148079531726,27,35,4,0.2222222222222222,1,0.9629629629629629,0.5555555555555556,0.26666666666666666,0.9333333333333333,0.14814814814814814,0.5415526322141728,0.9800214642334282,0.4814884915516933,0.9662054110888263,0
173,21,5,0.5859099102272662,0.38135125506820133,107.03093123473904,27,35,4,0.1111111111111111,1,0.5925925925925926,0.5555555555555556,0.13333333333333333,0.6666666666666666,0.14814814814814814,0.3966087481857947,0.7835589207275088,0.2994743409129993,0.6748801565486543,1
174,21,6,0.5160821013956804,0.5066838148953581,90.94997633909735,27,35,4,0.2222222222222222,1,0.8518518518518519,0.5555555555555556,0.26666666666666666,0.8,0.14814814814814814,0.5333441783218943,0.8656891414468129,0.44213131505505504,0.7807821245195313,1
175,21,7,0.6790541115792713,1.0,195.1979920868599,27,35,4,0.48148148148148145,1,0.9259259259259259,0.5555555555555556,0.5333333333333333,0.8666666666666667,0.14814814814814814,0.6130304231302008,0.8788882745608073,0.5828983341937523,1.0,1
176,22,0,0.5588224849999747,0.4288647762527519,114.33719341340655,27,40,1,0.037037037037037035,1,0.07407407407407407,0.3333333333333333,0.1111111111111111,0.1111111111111111,0.0,0.4921424237705711,0.8209406858348456,0.4016885141381051,0.6411464546994002,1
177,22,1,0.3201529440450099,0.1470993220517881,53.595902343813144,27,40,1,0.07407407407407407,0,0.14814814814814814,0.3333333333333333,0.0,0.0,0.0,0.44351118356053965,0.7183560034055808,0.3248412999187022,0.6848099876379563,1
178,22,2,0.5048604368692019,0.2851541283422262,103.33571794668963,27,40,1,0.2222222222222222,1,0.5185185185185185,0.3333333333333333,0.1111111111111111,0.1111111111111111,0.0,0.5624584420303227,0.916497715040349,0.48134337135371835,0.9259599812100314,1
179,22,3,0.313894544857002,0.2819165629756475,80.27042922333376,27,40,1,0.07407407407407407,0,0.2222222222222222,0.3333333333333333,0.0,0.0,0.0,0.38280077774904686,0.8077670265541844,0.25146869651663956,0.8245005960707503,0
180,22,4,0.49203617719946113,0.2095878388342138,57.78909615032258,27,40,1,0.0,0,0.0,0.3333333333333333,0.0,0.0,0.0,0.3933895618471301,0.5882056761054515,0.2799787397312246,0.5124822935236186,1
181,22,5,0.3260400409950881,0.0,33.3682899415691,27,40,1,0.037037037037037035,0,0.037037037037037035,0.3333333333333333,0.0,0.0,0.0,0.4009050050990938,0.6986286195448548,0.27413572237594963,0.7557778010529352,0
182,22,6,0.6391751192789955,0.4959584344431543,130.1435186921032,27,40,1,0.2222222222222222,1,0.8148148148148148,0.3333333333333333,0.1111111111111111,0.6666666666666666,0.037037037037037035,0.5256691601656028,0.8122600809120173,0.44924556783490177,0.811785769545529,1
183,22,7,0.4237119734738932,0.39257202838706046,110.40419588457283,27,40,1,0.2222222222222222,1,0.5925925925925926,0.3333333333333333,0.3333333333333333,0.5555555555555556,0.0,0.5126590766015388,0.9112205314914614,0.4621949195344984,0.9210306439780774,1
184,23,0,0.26572936985784046,0.2863539755082067,85.4455591153808,22,27,3,0.0,0,0.0,0.45454545454545453,0.0,0.0,0.0,0.3519556674458,0.5452096945392888,0.24780926431213854,0.4766087163891423,0
185,23,1,0.678785316161608,0.7069794674670015,149.2458373657714,22,27,3,0.18181818181818182,1,0.36363636363636365,0.45454545454545453,0.2,0.3,0.045454545454545456,0.48288003618041236,0.7804354212424488,0.36888977556683644,0.712678051200102,1
186,23,2,0.526854213873635,0.600161354678796,127.49751424419411,22,27,3,0.2727272727272727,1,0.3181818181818182,0.45454545454545453,0.1,0.2,0.0,0.5049663258697702,0.8515736249784757,0.46503695942128115,0.6842494167412992,1
187,23,3,0.3553000383470033,0.22559573846442216,52.127230432009185,22,27,3,0.22727272727272727,1,0.45454545454545453,0.45454545454545453,0.1,0.4,0.09090909090909091,0.5115707065821553,0.9133482484822714,0.3754246595642833,0.7747308295900999,1
188,23,4,0.5007003886167667,0.6452837323692864,137.0869975939139,22,27,3,0.5909090909090909,1,0.8636363636363636,0.45454545454545453,0.6,0.8,0.13636363636363635,0.663658522183987,0.9536098644600799,0.6199021937324816,1.0,1
189,23,5,0.7791259331348304,0.792271867974053,160.3432673953488,22,27,3,0.22727272727272727,1,0.7727272727272727,0.45454545454545453,0.2,0.8,0.09090909090909091,0.5049435563927689,0.7884233829872618,0.44784001881297936,0.8530726847252691,1
190,23,6,0.24997510208799642,0.06926983365971154,30.127060117205737,22,27,3,0.045454545454545456,0,0.045454545454545456,0.45454545454545453,0.0,0.0,0.0,0.3964580066828686,0.7904206241936765,0.2740638433648574,0.6185802240507347,0
191,23,7,0.4598655002028695,0.38469376621673884,76.03182088093095,22,27,3,0.09090909090909091,0,0.13636363636363635,0.45454545454545453,0.0,0.0,0.045454545454545456,0.38010457116881646,0.7147506724489808,0.2843724163113414,0.7410464257356207,0
192,24,0,0.4028227155074211,0.3311738691512911,61.15345659671154,24,28,3,0.16666666666666666,1,0.7083333333333334,0.25,0.3333333333333333,0.5,0.0,0.4391275868197304,0.7242269635699773,0.35268679854574386,0.6424923539680484,1
193,24,1,0.5477312741814094,0.6776919039026145,155.53181877873035,24,28,3,0.08333333333333333,1,0.08333333333333333,0.25,0.0,0.0,0.0,0.4096794766036916,0.69411381035994,0.2973849048442066,0.9620137920765334,0
194,24,2,0.37735455792290173,0.24247578465815406,47.79857062267263,24,28,3,0.2916666666666667,1,0.9166666666666666,0.25,0.5,0.8333333333333334,0.125,0.5157448596536248,0.8756066351238361,0.45670761650910335,0.7461454578754637,1
195,24,3,0.7469219014903601,0.8051949612979399,151.86049129091063,24,28,3,0.375,1,0.5416666666666666,0.25,0.16666666666666666,0.16666666666666666,0.0,0.5541953399173225,0.7861619641566072,0.4894698940529721,0.8051949612979399,1
196,24,4,0.3893941196589633,0.23254223786251535,92.151205674929,24,28,3,0.125,1,0.625,0.25,0.16666666666666666,0.3333333333333333,0.0,0.4150970958390505,0.7546031816149453,0.3326975679378352,0.891187120842018,1
197,24,5,0.9533629310878922,1.0,194.56043680557113,24,28,3,0.3333333333333333,1,0.75,0.25,0.3333333333333333,0.3333333333333333,0.08333333333333333,0.586268183221701,0.9628978910386774,0.5767552000752757,1.0,1
198,24,6,0.3123772780570687,0.22246305940686703,55.7882058227755,24,28,3,0.08333333333333333,0,0.375,0.25,0.16666666666666666,0.16666666666666666,0.08333333333333333,0.4076838653484778,0.7813297684509196,0.3347044563305536,0.986415572432853,1
199,24,7,0.6003979084787795,0.4620368054667434,118.90370269154661,24,28,3,0.041666666666666664,0,0.3333333333333333,0.25,0.0,0.0,0.0,0.415066767261193,0.6326891842978916,0.3225910545314882,0.6133861119758699,0
200,25,0,0.5602388185067861,0.4133335482345116,69.00134784254621,29,42,2,0.2413793103448276,1,0.896551724137931,0.10344827586206896,0.3333333333333333,0.3333333333333333,0.06896551724137931,0.556411379626757,0.9381601267323199,0.4550933350365335,0.9078844133795856,1
201,25,1,0.5829857592688275,0.3612829525537038,107.72918126391596,29,42,2,0.20689655172413793,1,0.896551724137931,0.10344827586206896,0.6666666666666666,0.6666666666666666,0.06896551724137931,0.49491396964523215,0.8481920237838574,0.44161816177698254,0.8799696031196493,1
202,25,2,0.4190758497881674,0.33545095507645756,134.27613235250342,29,42,2,0.20689655172413793,1,0.9310344827586207,0.10344827586206896,0.3333333333333333,0.6666666666666666,0.06896551724137931,0.5153842807402621,0.9249368503137722,0.4366350710321948,0.8609284386130719,0
203,25,3,0.5117104808173173,0.46608617689781084,137.06670139944066,29,42,2,0.41379310344827586,1,0.896551724137931,0.10344827586206896,0.6666666666666666,0.6666666666666666,0.034482758620689655,0.6058305421284637,0.9425740917720864,0.553088658425583,1.0,0
204,25,4,0.4561638079768205,0.6856009663636001,105.10064185661972,29,42,2,0.41379310344827586,1,0.9310344827586207,0.10344827586206896,0.3333333333333333,0.3333333333333333,0.06896551724137931,0.6098048570007609,0.9794348942266348,0.5451302681742961,0.9804003186401985,1
205,25,5,0.21479190158933154,0.1844418579639778,53.335185977881096,29,42,2,0.10344827586206896,0,0.10344827586206896,0.10344827586206896,0.0,0.0,0.0,0.40241484791061627,0.7291378406406536,0.2998709127270688,0.8556658699703159,1
206,25,6,0.5612626630421111,0.6398899362860829,132.07947326012618,29,42,2,0.10344827586206896,1,0.10344827586206896,0.10344827586206896,0.0,0.0,0.0,0.43016103955335494,0.6915494205368556,0.2916459317392844,0.6820438965487778,0
207,25,7,0.39934066180025873,0.02581347288800892,43.093328035413585,29,42,2,0.034482758620689655,0,0.06896551724137931,0.10344827586206896,0.0,0.0,0.0,0.34440003209239384,0.7331099616426686,0.22776913756975098,0.8619194644214455,1
208,26,0,0.4423315367987713,0.12439378148247043,72.50056361274972,29,31,6,0.1724137931034483,1,0.41379310344827586,0.10344827586206896,0.3333333333333333,0.3333333333333333,0.1724137931034483,0.5257424425276382,0.8230146911799459,0.4225441882476849,0.8657673347004639,1
209,26,1,0.7185830377979632,0.5725296377842825,133.70181622176037,29,31,6,0.3103448275862069,0,0.6551724137931034,0.10344827586206896,0.0,0.0,0.13793103448275862,0.5643987910076014,0.7934003364220843,0.5059157710628926,0.8561930647929683,1
210,26,2,0.3825855791474624,0.24881688650502198,90.7262543138995,29,31,6,0.10344827586206896,0,0.20689655172413793,0.10344827586206896,0.0,0.0,0.034482758620689655,0.49086316522632234,0.9278429713183345,0.3292075800717507,0.80752966985346,1
211,26,3,0.48578947683667345,0.34826727937158714,83.74674652678121,29,31,6,0.0,0,0.0,0.10344827586206896,0.0,0.0,0.0,0.3390291019367451,0.6246467162457574,0.19991265995001875,0.5029175584239564,0
212,26,4,0.6040557585687176,0.4707459337403773,115.02767739936385,29,31,6,0.20689655172413793,0,0.4827586206896552,0.10344827586206896,0.0,0.0,0.13793103448275862,0.5385035833726766,0.9127845194971533,0.4485820797648714,0.8396736944391916,1
213,26,5,0.5568557656730793,0.5827145698034508,135.69935124753994,29,31,6,0.0,0,0.0,0.10344827586206896,0.0,0.0,0.0,0.38189572564443863,0.7192941759034829,0.23570556190134767,0.5827145698034508,0
214,26,6,0.5294250506285523,0.526285963322832,115.77297822450143,29,31,6,0.2413793103448276,0,0.6206896551724138,0.10344827586206896,0.0,0.0,0.1724137931034483,0.5662905220140996,0.8312222899727969,0.4830100576877814,0.8681772401653949,1
215,26,7,0.4291311312852383,0.3663773164068354,105.04567552272428,29,31,6,0.27586206896551724,1,0.896551724137931,0.10344827586206896,0.3333333333333333,0.6666666666666666,0.20689655172413793,0.5198897510700854,0.93379869092476,0.46893132868233656,1.0,1
216,27,0,0.3692567069706414,0.22000955717270115,57.4260888927333,26,35,2,0.07692307692307693,1,0.7692307692307693,0.2692307692307692,0.14285714285714285,0.8571428571428571,0.07692307692307693,0.3831085868736869,0.6800293779953168,0.2860773022962519,0.6791751438453008,0
217,27,1,0.3662795706745935,0.5025032657369446,118.5688406942652,26,35,2,0.3076923076923077,1,0.38461538461538464,0.2692307692307692,0.2857142857142857,0.2857142857142857,0.038461538461538464,0.538352100231037,0.9271568558798451,0.47820558047492934,0.9081181569394461,1
218,27,2,0.6463687476143288,0.5009324254950007,108.87586323645134,26,35,2,0.2692307692307692,1,0.8461538461538461,0.2692307692307692,0.2857142857142857,0.8571428571428571,0.038461538461538464,0.540845316109777,0.9371230573068213,0.49034728077851536,1.0,1
219,27,3,0.7877144936584539,0.7616947572668944,147.85300230898264,26,35,2,0.19230769230769232,1,0.8846153846153846,0.2692307692307692,0.14285714285714285,0.8571428571428571,0.07692307692307693,0.5570315919303032,0.8560053848511037,0.4765442094308706,0.7616947572668944,1
220,27,4,0.6991633420378195,0.6120329737120759,140.76290497114948,26,35,2,0.23076923076923078,1,0.6538461538461539,0.2692307692307692,0.42857142857142855,0.7142857142857143,0.038461538461538464,0.49392640154254985,0.7942168637309605,0.4624401786473739,0.9326547218285329,1
221,27,5,0.3921658167882067,0.21835553593984822,73.04932091688929,26,35,2,0.038461538461538464,0,0.11538461538461539,0.2692307692307692,0.0,0.0,0.0,0.5001201550709375,0.8289184557772807,0.35767613047726166,0.6084673370665057,0
222,27,6,0.551284717346469,0.6966441882920925,120.12805160017265,26,35,2,0.4230769230769231,1,0.9230769230769231,0.2692307692307692,0.14285714285714285,0.8571428571428571,0.07692307692307693,0.539064715386643,0.9224758928100534,0.5333668434323674,1.0,1
223,27,7,0.8136084071821054,0.7196175402155629,159.15199554496593,26,35,2,0.2692307692307692,1,0.3076923076923077,0.2692307692307692,0.14285714285714285,0.2857142857142857,0.0,0.6015194012350791,1.0,0.5422516574324331,0.9615532880815799,1
224,28,0,0.5405731021864418,0.39863183291567766,110.53919624834903,21,21,5,0.2857142857142857,1,0.8095238095238095,0.3333333333333333,0.42857142857142855,0.7142857142857143,0.23809523809523808,0.6072632483553333,0.9429699706822159,0.5316040838705481,1.0,1
225,28,1,0.5398564662319916,0.5899904466094079,115.75833382445981,21,21,5,0.0,0,0.0,0.3333333333333333,0.0,0.0,0.0,0.39367435730878986,0.5658949802236755,0.29362323928652473,0.5899904466094079,1
226,28,2,0.20788138325423555,0.13605712406971765,65.84882617197184,21,21,5,0.047619047619047616,0,0.047619047619047616,0.3333333333333333,0.0,0.0,0.0,0.4050450883296241,0.6709896761521352,0.32459839319216577,0.6649323156216249,0
227,28,3,0.5530255819518335,0.11075768655218549,73.29362710166865,21,21,5,0.23809523809523808,1,0.8571428571428571,0.3333333333333333,0.2857142857142857,0.8571428571428571,0.19047619047619047,0.5246316195741322,0.7689062446093471,0.45636957049808075,0.9145451809598788,1
228,28,4,0.3459106869860249,0.46230279226710136,89.07206765743945,21,21,5,0.3333333333333333,1,0.5714285714285714,0.3333333333333333,0.2857142857142857,0.42857142857142855,0.14285714285714285,0.5503033863136126,0.926900964492702,0.5350962091999186,1.0,0
229,28,5,0.3084561050406046,0.1915570720237833,62.2028214700047,21,21,5,0.047619047619047616,1,0.2857142857142857,0.3333333333333333,0.14285714285714285,0.42857142857142855,0.14285714285714285,0.37414359961623883,0.5913446738665045,0.24885995069699224,0.6740486074917764,0
230,28,6,0.4056023758704328,0.21898810387180612,70.4277361470224,21,21,5,0.14285714285714285,1,0.2857142857142857,0.3333333333333333,0.14285714285714285,0.14285714285714285,0.0,0.5225863619590184,0.8392808623986144,0.39278592254295686,0.7888333311813361,1
231,28,7,0.6818676655995617,0.6997883696669519,163.4461768907828,21,21,5,0.23809523809523808,1,0.5714285714285714,0.3333333333333333,0.14285714285714285,0.42857142857142855,0.14285714285714285,0.5664997726233831,0.7964592164072695,0.44340477586998345,0.8845521572993489,1
232,29,0,0.6417562656673205,0.27389380403181346,81.01966512472691,25,34,3,0.0,0,0.0,0.56,0.0,0.0,0.0,0.3739588818907235,0.6427084369962436,0.24991975770338143,0.5494429754827354,0
233,29,1,0.46162554293495295,0.36329787394249347,67.74162210492099,25,34,3,0.12,1,0.44,0.56,0.07142857142857142,0.35714285714285715,0.04,0.5247029011456553,0.8603703697084205,0.449426906417239,0.7883077656253661,1
234,29,2,0.3325268372365322,0.20129661068815471,92.0175325445693,25,34,3,0.0,0,0.0,0.56,0.0,0.0,0.0,0.34141321795328294,0.6987201639246776,0.19307983548258062,0.5457315086354099,1
235,29,3,0.5553482241650008,0.2277179336475913,78.54113309784678,25,34,3,0.16,1,0.56,0.56,0.14285714285714285,0.6428571428571429,0.08,0.5247080201430158,0.8518674892642126,0.45156915212205506,0.7759377922384547,0
236,29,4,0.8459675967301359,0.514641177236582,101.13347037303707,25,34,3,0.12,1,0.56,0.56,0.07142857142857142,0.35714285714285715,0.08,0.5253398284046019,0.8459675967301359,0.4200713214860457,0.6229703098921324,1
237,29,5,0.574251211489827,0.5194497792597079,106.89557023446409,25,34,3,0.12,1,0.2,0.56,0.07142857142857142,0.14285714285714285,0.0,0.49183135686685553,0.6936320195128359,0.444856594481054,0.9097496409024335,1
238,29,6,0.4115058611899943,0.15028361818891997,75.35530281683914,25,34,3,0.16,1,0.52,0.56,0.07142857142857142,0.35714285714285715,0.08,0.5283395387451444,0.9363368868145171,0.45644463431360477,0.8403279127510259,1
239,29,7,0.3190027301755881,0.4152306412302118,76.43889705456952,25,34,3,0.0,0,0.0,0.56,0.0,0.0,0.0,0.3807499849353562,0.7643534880469973,0.2736999487178513,0.5829010824520425,0
240,30,0,0.42007387797895396,0.24392304032979883,72.07218512620261,24,27,5,0.20833333333333334,0,0.4166666666666667,0.375,0.1111111111111111,0.1111111111111111,0.08333333333333333,0.4915864393592953,0.8868334018066322,0.429149184396886,0.9571256499376202,0
241,30,1,0.5582359294192591,0.2620582532571174,88.36773504275816,24,27,5,0.041666666666666664,0,0.75,0.375,0.1111111111111111,0.7777777777777778,0.20833333333333334,0.5366117557377263,0.7974958592000165,0.381318195750787,0.6482103154551068,0
242,30,2,0.7073277247724331,0.702971165454746,138.22848461380272,24,27,5,0.16666666666666666,1,0.375,0.375,0.1111111111111111,0.1111111111111111,0.08333333333333333,0.4927635782627822,0.7111729340581763,0.3800759776073541,0.7133820141456169,1
243,30,3,0.7550708361913859,0.8124817098309604,170.3209780742282,24,27,5,0.20833333333333334,1,0.2916666666666667,0.375,0.0,0.0,0.041666666666666664,0.5514418992075495,0.862862501849649,0.4553432144993817,0.8124817098309604,1
244,30,4,0.6009313556241236,0.4051258635179797,103.84547351005176,24,27,5,0.16666666666666666,0,0.5416666666666666,0.375,0.1111111111111111,0.3333333333333333,0.16666666666666666,0.502921049712166,0.8911412320553791,0.3628547469782661,0.7315585007630256,1
245,30,5,0.31225946105448976,0.13647519506160677,51.88794171131094,24,27,5,0.041666666666666664,0,0.25,0.375,0.1111111111111111,0.1111111111111111,0.041666666666666664,0.39509290908064515,0.8172411886179894,0.24827272658980912,0.6562903332264343,1
246,30,6,0.19606616265416563,0.14144312657011243,68.47064466248752,24,27,5,0.0,0,0.0,0.375,0.0,0.0,0.0,0.36566481315264215,0.6551936999271039,0.2184933472454108,0.5816319331339675,0
247,30,7,0.3296342248469604,0.0330795225000524,62.464157993160754,24,27,5,0.041666666666666664,0,0.16666666666666666,0.375,0.1111111111111111,0.2222222222222222,0.08333333333333333,0.4318051672192076,0.6923652434027441,0.2954641139384751,0.6529836676509881,0
248,31,0,0.15461261676253457,0.3909537157810385,67.89581621748303,29,40,3,0.06896551724137931,0,0.13793103448275862,0.1724137931034483,0.0,0.0,0.0,0.4125689206562193,0.7878106695774637,0.3153472440734407,0.8047246305126005,1
249,31,1,0.4067348935804604,0.4640272246567198,103.41521897180557,29,40,3,0.0,0,0.0,0.1724137931034483,0.0,0.0,0.0,0.3784571572100617,0.7127672915606913,0.24665441210108321,0.5619983141879796,1
250,31,2,0.5434345756553434,0.25075791757388244,45.4699677293557,29,40,3,0.13793103448275862,1,0.3103448275862069,0.1724137931034483,0.2,0.4,0.034482758620689655,0.4775665950323243,0.9410935989795599,0.4109944890524261,0.8967990534831314,0
251,31,3,0.3799481579609729,0.08941397533977888,36.90327614983863,29,40,3,0.0,0,0.0,0.1724137931034483,0.0,0.0,0.0,0.3237881691816161,0.7787554042682464,0.18939972011863127,0.5670837234092816,1
252,31,4,0.2847393343490681,0.2872251928696859,55.225105094427825,29,40,3,0.06896551724137931,0,0.13793103448275862,0.1724137931034483,0.0,0.0,0.0,0.3791447703482345,0.7550004027280465,0.2757740816532472,0.7433141968632573,0
253,31,5,0.5232446951380093,0.59096518683578,126.865220033565,29,40,3,0.27586206896551724,1,0.896551724137931,0.1724137931034483,0.6,0.8,0.10344827586206896,0.5445712696755378,0.9126429877846771,0.5196533706279566,0.8968412006851022,1
254,31,6,0.27626778451270145,0.719391905440785,116.28626499588216,29,40,3,0.10344827586206896,1,0.41379310344827586,0.1724137931034483,0.0,0.0,0.0,0.3868096110366119,0.8052686419667511,0.2648555044622818,0.719391905440785,0
255,31,7,0.42066819765284164,0.42317346438128367,85.36104272022119,29,40,3,0.20689655172413793,1,0.7586206896551724,0.1724137931034483,0.4,0.8,0.06896551724137931,0.5399853574692471,0.885432565788935,0.4717004885634572,0.8207818148441592,1
256,32,0,0.3163769140076384,0.08032167393284281,66.33673626192162,27,37,4,0.1111111111111111,1,0.2222222222222222,0.4074074074074074,0.09090909090909091,0.09090909090909091,0.0,0.44677608145215614,0.7668147014348863,0.32269873253265974,0.8188583776294209,1
257,32,1,0.3992355138218604,0.5608412389491535,116.04414699535883,27,37,4,0.18518518518518517,1,0.7777777777777778,0.4074074074074074,0.18181818181818182,0.7272727272727273,0.14814814814814814,0.5191598513281513,0.8683657925343877,0.46428587360197476,0.8133358684383645,1
258,32,2,0.3656065950706581,0.3074969251260411,105.8547578310188,27,37,4,0.4074074074074074,1,0.8518518518518519,0.4074074074074074,0.45454545454545453,0.8181818181818182,0.14814814814814814,0.5929047901970043,0.8651791597046652,0.5257150058668294,0.9245613169205594,1
259,32,3,0.36864561084923575,0.292401957062189,66.09685651714885,27,37,4,0.0,0,0.0,0.4074074074074074,0.0,0.0,0.0,0.36477293023241414,0.6766942439633331,0.21896883553210988,0.5547543492312387,0
260,32,4,0.4207173183772577,0.5674787603567111,104.20457927576285,27,37,4,0.07407407407407407,0,0.07407407407407407,0.4074074074074074,0.0,0.0,0.0,0.35935222375161097,0.688961196090225,0.24898875140925344,0.6662737667504913,1
261,32,5,0.38520992961993916,0.3650105559300735,100.9672254290572,27,37,4,0.37037037037037035,1,0.5925925925925926,0.4074074074074074,0.18181818181818182,0.18181818181818182,0.0,0.5669215652723043,0.9121976511236728,0.5568223628023352,1.0,1
262,32,6,0.5058445221385413,0.40316996719350756,78.61624339922149,27,37,4,0.2962962962962963,1,0.8518518518518519,0.4074074074074074,0.18181818181818182,0.8181818181818182,0.14814814814814814,0.6051241389631525,1.0,0.565672399982254,1.0,0
263,32,7,0.4369673133920047,0.3188875459319141,65.41535970871489,27,37,4,0.25925925925925924,1,0.8888888888888888,0.4074074074074074,0.45454545454545453,0.9090909090909091,0.14814814814814814,0.503636776643105,0.8630286023463081,0.4199123598548276,0.9159907260433443,1
264,33,0,0.48091100268776354,0.4736880503977469,143.46493229558035,23,30,4,0.08695652173913043,1,0.6521739130434783,0.4782608695652174,0.09090909090909091,0.6363636363636364,0.13043478260869565,0.41233307572082484,0.7298587780925285,0.31243260936176326,0.8339246726248444,1
265,33,1,0.6499600569723045,0.5409074059412551,133.0368232150639,23,30,4,0.30434782608695654,1,0.9565217391304348,0.4782608695652174,0.36363636363636365,0.9090909090909091,0.17391304347826086,0.6218372915133678,0.9679992677938143,0.5587729908410518,1.0,1
266,33,2,0.392947424622711,0.38320533172735843,117.03264993852272,23,30,4,0.08695652173913043,1,0.2608695652173913,0.4782608695652174,0.18181818181818182,0.36363636363636365,0.0,0.42716061465145005,0.7229505921119823,0.36629724652135,0.7130147870897265,1
267,33,3,0.48729656293374335,0.5360177299642747,87.14559682647842,23,30,4,0.21739130434782608,1,0.8260869565217391,0.4782608695652174,0.36363636363636365,0.9090909090909091,0.17391304347826086,0.5658500672079539,0.8254186597304175,0.4721736592073672,0.8335672747325951,1
268,33,4,0.2656547933377086,0.15779441473043393,42.04008243662514,23,30,4,0.08695652173913043,1,0.6956521739130435,0.4782608695652174,0.18181818181818182,0.7272727272727273,0.13043478260869565,0.35969153179295377,0.6377584421208969,0.3137632615711593,0.8338382339218648,1
269,33,5,0.6136200880165568,0.27998847555530193,106.09133842801538,23,30,4,0.043478260869565216,1,0.4782608695652174,0.4782608695652174,0.09090909090909091,0.5454545454545454,0.043478260869565216,0.4059940939049169,0.803524544053931,0.2729330036678653,0.6646436658900122,0
270,33,6,0.5714421600715842,0.7125375944241473,130.98259897481284,23,30,4,0.13043478260869565,1,0.391304347826087,0.4782608695652174,0.18181818181818182,0.45454545454545453,0.0,0.4862949673464211,0.705629057153632,0.41563627315965557,0.8202922432672692,1
271,33,7,0.5907131170668234,0.3231659872125649,104.17884163477422,23,30,4,0.34782608695652173,1,0.782608695652174,0.4782608695652174,0.2727272727272727,0.7272727272727273,0.17391304347826086,0.5600642706452662,0.906602712110199,0.5183877850737769,0.9330263654344624,0
272,34,0,0.3505828955903563,0.023798059229680743,35.426881948013744,29,37,5,0.0,0,0.0,0.3103448275862069,0.0,0.0,0.0,0.3966101365117107,0.7601680145487805,0.26121753796798725,0.5815908198069318,1
273,34,1,0.4605978823650063,0.3955336802789736,102.56655892229384,29,37,5,0.1724137931034483,1,0.9310344827586207,0.3103448275862069,0.3333333333333333,0.8888888888888888,0.1724137931034483,0.5320367908112228,0.9161874551499986,0.4633059052772044,0.9380821077708823,1
274,34,2,0.4930436886504461,0.28253367906692234,89.13582969728401,29,37,5,0.1724137931034483,1,0.896551724137931,0.3103448275862069,0.1111111111111111,0.7777777777777778,0.1724137931034483,0.5337953787308474,0.9234426468600885,0.5152720616859096,1.0,1
275,34,3,0.5015948903915199,0.27497100271897235,101.05319877455442,29,37,5,0.13793103448275862,0,0.13793103448275862,0.3103448275862069,0.0,0.0,0.0,0.44021536526189664,0.7380136429437475,0.34926704645442364,0.7819841710017338,1
276,34,4,0.5731055393042551,0.45898795278294846,115.34644568697749,29,37,5,0.06896551724137931,1,0.896551724137931,0.3103448275862069,0.1111111111111111,0.7777777777777778,0.1724137931034483,0.4971490628937055,0.9609930751930437,0.37163210590310713,0.9764567593067155,0
277,34,5,0.30227953492471005,0.06409708195947385,37.67486712270428,29,37,5,0.13793103448275862,1,0.896551724137931,0.3103448275862069,0.2222222222222222,0.7777777777777778,0.1724137931034483,0.48998241100969797,0.9045175486758803,0.3637753446024348,0.9790292406290144,1
278,34,6,0.3827919989609209,0.08996004675962055,76.17098208328275,29,37,5,0.13793103448275862,1,0.896551724137931,0.3103448275862069,0.1111111111111111,0.7777777777777778,0.1724137931034483,0.5275319524235447,0.7762353097267648,0.4426041963432408,0.8014323053270049,1
279,34,7,0.330963406604056,0.3682129472243072,67.48783424535507,29,37,5,0.13793103448275862,0,0.3103448275862069,0.3103448275862069,0.0,0.0,0.06896551724137931,0.5148320566438316,0.9268053784351198,0.4232027779367491,1.0,1
280,35,0,0.871019920353435,0.6948657715246035,136.78568005640025,26,33,3,0.23076923076923078,1,0.8461538461538461,0.11538461538461539,0.3333333333333333,0.3333333333333333,0.07692307692307693,0.522074585809634,0.871019920353435,0.4183080470993769,0.6984409461550009,1
281,35,1,0.33678922002341566,0.19811145480350267,61.87851289018083,26,33,3,0.038461538461538464,0,0.15384615384615385,0.11538461538461539,0.0,0.0,0.07692307692307693,0.4339494732220379,0.8059414891810296,0.3143264090532617,0.6502647097363355,0
282,35,2,0.4217218898596846,0.5050576847599056,117.19167339684938,26,33,3,0.23076923076923078,0,0.2692307692307692,0.11538461538461539,0.0,0.0,0.0,0.5257043534168218,0.9191512079102507,0.4639890198031224,0.9691138397054748,1
283,35,3,0.7224696762240553,0.6797425347503142,136.35745139799783,26,33,3,0.2692307692307692,1,0.8846153846153846,0.11538461538461539,0.3333333333333333,0.6666666666666666,0.07692307692307693,0.5230566174976344,1.0,0.49850221461280453,0.8917313536396573,1
284,35,4,0.36164249192742864,0.37053929282237325,84.68876308835395,26,33,3,0.19230769230769232,1,0.8846153846153846,0.11538461538461539,0.3333333333333333,0.6666666666666666,0.07692307692307693,0.5181947082854106,0.8353661509185564,0.4417294996395575,0.8348183926051232,1
285,35,5,0.7100954681968954,0.5107353259843878,114.78247980979054,26,33,3,0.3076923076923077,1,0.8846153846153846,0.11538461538461539,0.3333333333333333,0.6666666666666666,0.07692307692307693,0.5639570821794582,0.8574977256566876,0.48309788314832247,0.8292326487360779,0
286,35,6,0.4449280642973606,0.2405062801572629,65.90516452596742,26,33,3,0.2692307692307692,1,0.8461538461538461,0.11538461538461539,0.3333333333333333,0.6666666666666666,0.07692307692307693,0.5174367830553266,0.7868411151647011,0.43291510322360216,0.8169711170618356,1
287,35,7,0.8024884313976569,0.8102433648806506,163.5739179095813,26,33,3,0.11538461538461539,1,0.15384615384615385,0.11538461538461539,0.0,0.0,0.0,0.4640751839483276,0.8024884313976569,0.36379183371175183,0.8102433648806506,0
288,36,0,0.695359721122349,0.6159986453944218,138.28158549368118,27,42,2,0.14814814814814814,1,0.37037037037037035,0.3333333333333333,0.1111111111111111,0.2222222222222222,0.037037037037037035,0.41281041677337005,0.8583285183835199,0.3297100998874875,0.8443666155315299,1
289,36,1,0.8529567267837602,0.9105945857219561,233.11053860662489,27,42,2,0.3333333333333333,1,0.5185185185185185,0.3333333333333333,0.0,0.0,0.0,0.5860699783167477,0.9013380037001822,0.5842931453754127,0.9428082226197597,1
290,36,2,0.3709775109489649,0.19103118347180886,53.55324173090254,27,42,2,0.037037037037037035,0,0.037037037037037035,0.3333333333333333,0.0,0.0,0.0,0.42098279151581364,0.7349372889163441,0.3180047414580392,0.6099372641942543,0
291,36,3,0.30842587992259324,0.3324873083321239,60.58949099568741,27,42,2,0.18518518518518517,1,0.7407407407407407,0.3333333333333333,0.2222222222222222,0.4444444444444444,0.037037037037037035,0.482690988020001,0.7436915836234683,0.4313054958094578,0.7812693012966456,1
292,36,4,0.5092785915485571,0.3635827208423265,86.41857769055207,27,42,2,0.14814814814814814,1,0.8888888888888888,0.3333333333333333,0.3333333333333333,0.6666666666666666,0.07407407407407407,0.49330708809784657,0.7678131485654472,0.454062047166844,0.8740644512894137,1
293,36,5,0.3219238443699204,0.058802856102157575,45.160515593858946,27,42,2,0.07407407407407407,0,0.18518518518518517,0.3333333333333333,0.1111111111111111,0.1111111111111111,0.037037037037037035,0.4198372410877098,0.8779861735397705,0.24419379605209432,0.7295762363940146,0
294,36,6,0.4548998805662503,0.5606224710815554,125.07764250433338,27,42,2,0.25925925925925924,1,0.8888888888888888,0.3333333333333333,0.3333333333333333,0.6666666666666666,0.07407407407407407,0.5067126301749388,0.7987313922418386,0.4610126926618346,0.7051985143490662,1
295,36,7,0.33053850830046794,0.012786471941379565,62.55504628780838,27,42,2,0.037037037037037035,0,0.037037037037037035,0.3333333333333333,0.0,0.0,0.0,0.3552177420215476,0.6496178073545373,0.2749384871544615,0.8147109629844526,1
296,37,0,0.5791889606414476,0.5110712014835644,130.75313362404114,22,26,3,0.045454545454545456,1,0.18181818181818182,0.5454545454545454,0.08333333333333333,0.16666666666666666,0.0,0.46574848255177703,0.7975679064389855,0.34018364690525166,0.7224513364401656,0
297,37,1,0.7056525503606749,0.6094570495043998,144.07523610546622,22,26,3,0.3181818181818182,1,0.5909090909090909,0.5454545454545454,0.3333333333333333,0.5,0.13636363636363635,0.5447338903957525,0.8439068989262544,0.4918280051678672,0.78584370081578,1
298,37,2,0.2054726038462756,0.18911650799063737,61.68877119089509,22,26,3,0.09090909090909091,1,0.22727272727272727,0.5454545454545454,0.08333333333333333,0.16666666666666666,0.0,0.3556521496550318,0.6255869786808245,0.2446673230662699,0.6235861013650118,1
299,37,3,0.2912291716123447,0.3027319710950589,68.9818243350381,22,26,3,0.045454545454545456,0,0.18181818181818182,0.5454545454545454,0.08333333333333333,0.08333333333333333,0.045454545454545456,0.3186336818060267,0.5860176534487206,0.21768235678715414,0.769418020034814,0
300,37,4,0.8691044917254407,0.8022691328901079,146.87465065274452,22,26,3,0.18181818181818182,1,0.45454545454545453,0.5454545454545454,0.16666666666666666,0.3333333333333333,0.09090909090909091,0.5185433453985729,0.8691044917254407,0.4232549102036723,0.8022691328901079,0
301,37,5,0.9152645688655476,0.7021741637994645,174.5331380200755,22,26,3,0.2727272727272727,1,0.45454545454545453,0.5454545454545454,0.25,0.4166666666666667,0.09090909090909091,0.5503398155509432,0.9152645688655476,0.4871200465754097,0.7947519026088979,1
302,37,6,0.69611097512871,0.6298764163299742,126.88364264522022,22,26,3,0.13636363636363635,1,0.18181818181818182,0.5454545454545454,0.16666666666666666,0.16666666666666666,0.0,0.4776352672026366,0.7633028902406342,0.38192225972982496,0.6675418792758867,1
303,37,7,0.5748405747511228,0.7532216403282883,142.90426998557817,22,26,3,0.045454545454545456,1,0.045454545454545456,0.5454545454545454,0.0,0.0,0.0,0.4066245570293155,0.6706049854836429,0.269218647135851,0.7532216403282883,0
304,38,0,0.5471510745501107,0.6216525474833925,139.246182115776,27,35,4,0.2962962962962963,1,0.5925925925925926,0.2962962962962963,0.125,0.375,0.07407407407407407,0.5858503880969202,0.8331798013119862,0.5164970494756781,0.9327263212759507,1
305,38,1,0.7353384759491132,0.7665209032863896,167.73376785526034,27,35,4,0.25925925925925924,1,0.3333333333333333,0.2962962962962963,0.125,0.125,0.0,0.5435502796463217,0.8172178433024347,0.47145463739008553,0.8620330049317083,1
306,38,2,0.573586007639446,0.5034560119550558,91.92604102277402,27,35,4,0.2962962962962963,1,0.8518518518518519,0.2962962962962963,0.125,0.625,0.14814814814814814,0.5730730119278754,0.7576375036584986,0.5088253422593062,0.8084435695330348,0
307,38,3,0.5562140131476281,0.5495388663477885,120.11213141865534,27,35,4,0.07407407407407407,0,0.18518518518518517,0.2962962962962963,0.0,0.0,0.0,0.43569155085237116,0.7898750729917214,0.30261066754679006,0.8184975724787166,1
308,38,4,0.5688674997107087,0.405950730823518,99.44260920357048,27,35,4,0.07407407407407407,0,0.14814814814814814,0.2962962962962963,0.125,0.125,0.07407407407407407,0.44413856208403335,0.9366644112070798,0.3660128387694551,1.0,1
309,38,5,0.7132186360577052,0.6849139961351948,134.37437489465935,27,35,4,0.07407407407407407,1,0.07407407407407407,0.2962962962962963,0.0,0.0,0.0,0.4383905856018976,0.7975233374119605,0.37895690911766583,0.7055246868504712,1
310,38,6,0.54077945148194,0.579863203628489,113.6845387848818,27,35,4,0.3333333333333333,1,0.7777777777777778,0.2962962962962963,0.375,0.625,0.14814814814814814,0.5716453447924459,0.8554715324786041,0.5161434550209058,0.8883078062364442,0
311,38,7,0.4790125807858644,0.39663725988229126,127.80216650032484,27,35,4,0.037037037037037035,1,0.18518518518518517,0.2962962962962963,0.125,0.25,0.0,0.4360574329976153,0.7240649377330264,0.2882364618201119,0.6430635740736612,1
312,39,0,0.4180307607434254,0.22544776195731486,110.25593076615331,30,41,3,0.2,0,0.36666666666666664,0.06666666666666667,0.0,0.0,0.06666666666666667,0.504083857348714,0.7629209623012598,0.3972418590741027,0.7900685525248373,0
313,39,1,0.3311686446610973,0.1638883325993008,85.97265951546774,30,41,3,0.3,0,0.7666666666666667,0.06666666666666667,0.0,0.0,0.1,0.5318180157755611,0.8307319738607436,0.4313633025925529,0.9534257296657431,0
314,39,2,0.5809684804456741,0.4882637417017497,114.15498097367555,30,41,3,0.16666666666666666,0,0.26666666666666666,0.06666666666666667,0.0,0.0,0.03333333333333333,0.5229515239258429,0.9478097866132285,0.45941083712330893,0.8911705528820114,1
315,39,3,0.47584523038534554,0.30825690108185877,109.08691057691856,30,41,3,0.06666666666666667,0,0.06666666666666667,0.06666666666666667,0.0,0.0,0.0,0.41690649953983594,0.6906227165582325,0.3135141556065066,0.6392618317628319,0
316,39,4,0.695414609118029,0.7411998714643453,188.80968535407408,30,41,3,0.23333333333333334,1,0.4666666666666667,0.06666666666666667,0.0,0.0,0.1,0.5247808599192801,0.8959079029870902,0.43451030998606693,0.7472074766751515,1
317,39,5,0.4633622056958501,0.3123539274264705,88.38810440743578,30,41,3,0.3333333333333333,0,0.4666666666666667,0.06666666666666667,0.0,0.0,0.06666666666666667,0.5409215306237726,0.8376140694723375,0.4703398286457645,0.8850703464789899,1
318,39,6,0.18846731420949253,0.0,18.829645285913827,30,41,3,0.06666666666666667,0,0.16666666666666666,0.06666666666666667,0.0,0.0,0.0,0.3968866562153387,0.7032491735177095,0.2617992432893838,0.6961283720400334,0
319,39,7,0.666307765670566,0.561338450855258,119.00670850515432,30,41,3,0.16666666666666666,1,0.4666666666666667,0.06666666666666667,0.5,0.5,0.03333333333333333,0.5137265146714884,0.7919855483151977,0.4359706137932722,0.7638874027419047,0
320,40,0,0.5149808535163473,0.24273314894545833,72.02089939414874,23,31,3,0.17391304347826086,1,0.9130434782608695,0.2608695652173913,0.16666666666666666,0.6666666666666666,0.13043478260869565,0.4779676713393024,0.9425856773022735,0.3822425086774323,0.7024536991463898,1
321,40,1,0.3786249823504645,0.42127562896514303,79.50238141295036,23,31,3,0.21739130434782608,1,0.8695652173913043,0.2608695652173913,0.16666666666666666,0.6666666666666666,0.13043478260869565,0.5183291296991558,0.879008614377177,0.4304675157021745,0.8354784132822382,0
322,40,2,0.7230385583828262,0.6627057822415338,146.00611432283537,23,31,3,0.17391304347826086,1,0.4782608695652174,0.2608695652173913,0.5,0.6666666666666666,0.08695652173913043,0.5347969776817255,1.0,0.3967103832378472,0.8793658397737164,1
323,40,3,0.6803064182357044,0.6843008472954624,155.80006480823002,23,31,3,0.17391304347826086,1,0.43478260869565216,0.2608695652173913,0.16666666666666666,0.5,0.13043478260869565,0.5609525672257496,0.8656642124939867,0.45875314015426616,0.9898396191178299,1
324,40,4,0.7098714879039582,0.6304681693473756,130.87256491559188,23,31,3,0.2608695652173913,1,0.8260869565217391,0.2608695652173913,0.16666666666666666,0.5,0.13043478260869565,0.5274002129123918,0.8821005535594115,0.46936120429325145,0.7136634112115576,1
325,40,5,0.39110136372611437,0.39790958103128726,80.36052415966316,23,31,3,0.21739130434782608,1,0.8260869565217391,0.2608695652173913,0.3333333333333333,0.8333333333333334,0.13043478260869565,0.5636142001629734,0.884960567662779,0.45714354112028194,0.8919546983714652,1
326,40,6,0.43441912242676595,0.3624755996480166,69.96456409649302,23,31,3,0.08695652173913043,0,0.17391304347826086,0.2608695652173913,0.0,0.0,0.0,0.4312601415812092,0.6755439177192512,0.3230188106500571,0.8001302256739352,1
327,40,7,0.39979823171269063,0.3234372921649651,90.12401688722262,23,31,3,0.34782608695652173,1,0.6521739130434783,0.2608695652173913,0.16666666666666666,0.3333333333333333,0.043478260869565216,0.5596822698343756,0.8503030435834248,0.5183901107766308,0.9447168858487041,1
328,41,0,0.4497645475278117,0.3807360632471677,79.17902326827625,29,43,4,0.27586206896551724,1,0.9310344827586207,0.41379310344827586,0.3333333333333333,0.9166666666666666,0.13793103448275862,0.5834487011357663,0.9486576815793769,0.5007470999408148,0.9353911650153004,1
329,41,1,0.56763628323997,0.4213785388224331,99.88290271593763,29,43,4,0.20689655172413793,1,0.4482758620689655,0.41379310344827586,0.08333333333333333,0.25,0.10344827586206896,0.5541259482988654,0.7635169578450864,0.4737889156788955,0.8973840565691638,0
330,41,2,0.6094982354515163,0.5739126990464753,93.47858951365149,29,43,4,0.1724137931034483,1,0.6206896551724138,0.41379310344827586,0.25,0.5,0.10344827586206896,0.49761416208311454,0.8235166390731888,0.4475081492237799,0.672319371942321,1
331,41,3,0.695004027058812,0.6356514426044473,152.16756072290087,29,43,4,0.3448275862068966,1,0.6206896551724138,0.41379310344827586,0.16666666666666666,0.4166666666666667,0.10344827586206896,0.5874797918001398,0.9012007055903919,0.5284660381743989,0.9521739037720273,1
332,41,4,0.630426105526672,0.6280605534616641,142.20896183774755,29,43,4,0.13793103448275862,1,0.7586206896551724,0.41379310344827586,0.25,0.75,0.13793103448275862,0.47450179967249667,0.7988057047723589,0.3504976418874995,0.7221797649565254,1
333,41,5,0.6945258794145927,0.5026812949656515,125.56667364818756,29,43,4,0.1724137931034483,1,0.8620689655172413,0.41379310344827586,0.25,0.8333333333333334,0.13793103448275862,0.5242579663012512,0.8295032680372147,0.43019888642176357,1.0,1
334,41,6,0.39957792108747625,0.2995745847499415,96.41744690057634,29,43,4,0.10344827586206896,1,0.7931034482758621,0.41379310344827586,0.25,0.6666666666666666,0.10344827586206896,0.45360021993107685,0.7461219158918128,0.38447592486434384,0.7093936307532591,1
335,41,7,0.524404850748593,0.519377447557667,106.06183572792197,29,43,4,0.2413793103448276,1,0.9310344827586207,0.41379310344827586,0.25,0.9166666666666666,0.13793103448275862,0.5588071431081992,0.982552196927405,0.48395293093744496,0.8847403002272046,1
336,42,0,0.0758032156904,0.14831872415187025,38.43176202841384,27,25,8,0.037037037037037035,0,0.037037037037037035,0.3333333333333333,0.0,0.0,0.0,0.3828205387936514,0.7251812717668382,0.3048575539006176,0.8032002481983639,0
337,42,1,0.5723130532702422,0.5070718929186321,101.17198940867065,27,25,8,0.37037037037037035,1,0.7777777777777778,0.3333333333333333,0.3333333333333333,0.6666666666666666,0.2962962962962963,0.5950723572729383,0.9000385798052253,0.5137695524002197,1.0,1
338,42,2,0.4292251550323152,0.20588490034795162,60.464220788418864,27,25,8,0.2222222222222222,0,0.4074074074074074,0.3333333333333333,0.1111111111111111,0.4444444444444444,0.1111111111111111,0.5738708408919445,0.8535775707299601,0.49651894644405176,1.0,1
339,42,3,0.3814083834752526,0.16916496949517548,38.73379987074939,27,25,8,0.07407407407407407,0,0.18518518518518517,0.3333333333333333,0.0,0.0,0.14814814814814814,0.4011947485736394,0.8614119547128277,0.2901746780083688,0.871825625893822,0
340,42,4,0.14101981813188447,0.0,37.43465139803182,27,25,8,0.1111111111111111,0,0.1111111111111111,0.3333333333333333,0.0,0.0,0.0,0.4188478430376217,0.8578053094900683,0.2849773541601413,0.9542691008003237,0
341,42,5,0.4450320460423012,0.5309216417997299,110.03047580686744,27,25,8,0.25925925925925924,1,0.5925925925925926,0.3333333333333333,0.5555555555555556,0.7777777777777778,0.25925925925925924,0.5601780621977996,0.8516595991349769,0.48852776600281883,0.9221882232574341,0
342,42,6,0.5814552996655021,0.44064474475297,120.81271082530574,27,25,8,0.1111111111111111,1,0.6296296296296297,0.3333333333333333,0.1111111111111111,0.7777777777777778,0.25925925925925924,0.511218899686218,0.807445515481773,0.40751212890058247,0.8460004467957624,1
343,42,7,0.765406760110552,0.7410196831237831,156.51227673485036,27,25,8,0.25925925925925924,1,0.37037037037037035,0.3333333333333333,0.3333333333333333,0.5555555555555556,0.25925925925925924,0.5689422231318194,0.8618641243771339,0.5005786690621767,0.7764060725333466,1
344,43,0,0.5181288930443493,0.4980465467981912,110.41147642481965,29,38,4,0.1724137931034483,1,0.6206896551724138,0.4482758620689655,0.23076923076923078,0.46153846153846156,0.10344827586206896,0.4907760038416022,0.8795226537333481,0.42737387953978184,0.8324637923925264,1
345,43,1,0.793330778072633,0.7031732963451738,137.8805120179658,29,38,4,0.4827586206896552,1,0.8620689655172413,0.4482758620689655,0.5384615384615384,0.7692307692307693,0.10344827586206896,0.6121683326552879,0.8431749979890032,0.5333381346575751,0.8785069756796857,1
346,43,2,0.33849125609807496,0.3883776023298826,53.912249391884494,29,38,4,0.034482758620689655,1,0.2413793103448276,0.4482758620689655,0.07692307692307693,0.23076923076923078,0.034482758620689655,0.4364186816840681,0.7266835386164597,0.26304880188833724,0.6490890368824401,1
347,43,3,0.4641768062780783,0.3113626207739842,78.5062117629817,29,38,4,0.034482758620689655,0,0.06896551724137931,0.4482758620689655,0.07692307692307693,0.07692307692307693,0.034482758620689655,0.3899603350756199,0.7601520760938609,0.25764473765550355,0.606706315576158,1
348,43,4,0.3008593101317234,0.3144288355373879,77.32603652689488,29,38,4,0.1724137931034483,1,0.7931034482758621,0.4482758620689655,0.3076923076923077,0.6153846153846154,0.10344827586206896,0.4986680204579529,0.8616244242734526,0.42325769738377567,0.7739512634607092,1
349,43,5,0.5607890156682155,0.5093650632826178,111.57506622124083,29,38,4,0.3448275862068966,1,0.6896551724137931,0.4482758620689655,0.3076923076923077,0.5384615384615384,0.10344827586206896,0.5672362663460784,0.9495214931813285,0.537619096958476,1.0,1
350,43,6,0.33875565627633825,0.01690150397203219,76.13487362965795,29,38,4,0.1724137931034483,1,0.8620689655172413,0.4482758620689655,0.23076923076923078,0.7692307692307693,0.10344827586206896,0.5447377930680865,0.917267303706741,0.48802356816436643,0.9638194121618822,1
351,43,7,0.4545629564086396,0.38725465769205075,83.01426914792148,29,38,4,0.1724137931034483,1,0.9310344827586207,0.4482758620689655,0.15384615384615385,0.8461538461538461,0.13793103448275862,0.5090031006936127,0.931823481747958,0.39898238959034127,0.8687586235885608,1
352,44,0,0.570440939966194,0.3445641921839006,104.54386430709292,28,35,4,0.07142857142857142,1,0.75,0.07142857142857142,0.5,1.0,0.10714285714285714,0.401373920471412,0.7780187168205804,0.2932791393236373,0.8212742707205914,0
353,44,1,0.472799703225257,0.6042441770265187,85.33884101858266,28,35,4,0.03571428571428571,1,0.03571428571428571,0.07142857142857142,0.0,0.0,0.0,0.3887599313694565,0.6141585376487629,0.24230514731209354,0.6042441770265187,0
354,44,2,0.6932678879370954,0.5777229622861738,108.16255739271432,28,35,4,0.14285714285714285,1,0.75,0.07142857142857142,1.0,1.0,0.10714285714285714,0.48355388076866596,0.8386965755172906,0.3902884010544071,0.9552758918838892,1
355,44,3,0.5132983606481009,0.4885877567642728,140.59080019003002,28,35,4,0.14285714285714285,1,0.4642857142857143,0.07142857142857142,0.5,0.5,0.03571428571428571,0.4669882384866267,0.7280046908578781,0.40892333836396727,0.7810758019719215,1
356,44,4,0.3849633702519467,0.30444023938510173,56.77189692033663,28,35,4,0.17857142857142858,0,0.2857142857142857,0.07142857142857142,0.0,0.0,0.0,0.46264923770055727,0.6638525269952968,0.40414290355322924,0.7504458314583526,0
357,44,5,0.2993350758795741,0.2793859597141349,66.07909206397466,28,35,4,0.03571428571428571,0,0.5,0.07142857142857142,0.0,0.0,0.03571428571428571,0.3727786099679635,0.6699283218884422,0.24812577513918257,0.8495547009818625,0
358,44,6,0.7053293118457431,0.4082725088144027,121.25402671622155,28,35,4,0.25,1,0.8214285714285714,0.07142857142857142,1.0,1.0,0.10714285714285714,0.558897954312445,0.9934308912726759,0.5028441170055722,1.0,1
359,44,7,0.7396101016279347,0.7176719892738098,133.507455357161,28,35,4,0.07142857142857142,1,0.2857142857142857,0.07142857142857142,0.0,0.0,0.03571428571428571,0.44680113692366774,0.7396101016279347,0.3057523826998035,0.7176719892738098,0
360,45,0,0.6107152280820801,0.4993854235855122,120.50578428211385,22,26,3,0.18181818181818182,0,0.4090909090909091,0.2727272727272727,0.16666666666666666,0.16666666666666666,0.09090909090909091,0.5464566321537373,0.8258419152450782,0.4682436402751773,0.8287080975804871,0
361,45,1,0.5137040831332166,0.41405842203170257,80.04052043994787,22,26,3,0.45454545454545453,0,0.7727272727272727,0.2727272727272727,0.3333333333333333,0.3333333333333333,0.13636363636363635,0.6153678002348122,0.9218656010900323,0.6000717800532381,0.9477664828510529,1
362,45,2,0.6260889007546074,0.6048931604234087,132.67289379244562,22,26,3,0.5,1,0.7727272727272727,0.2727272727272727,0.3333333333333333,0.3333333333333333,0.13636363636363635,0.5860095912260498,0.9075105340313837,0.5738791539570396,0.985357360887226,1
363,45,3,0.625787048608466,0.7617006893946062,176.76129091889828,22,26,3,0.18181818181818182,1,0.6363636363636364,0.2727272727272727,0.3333333333333333,0.6666666666666666,0.13636363636363635,0.522175514337568,0.8491060037394518,0.4366860491911524,0.844760226801103,1
364,45,4,0.36491502265777515,0.0,23.006989253106788,22,26,3,0.045454545454545456,0,0.045454545454545456,0.2727272727272727,0.0,0.0,0.045454545454545456,0.35794493735358396,0.6322969835977021,0.23156319765428338,0.679118583898698,1
365,45,5,0.6582848054276372,0.7035804834110022,125.95978916083189,22,26,3,0.22727272727272727,1,0.7272727272727273,0.2727272727272727,0.16666666666666666,0.16666666666666666,0.09090909090909091,0.5048911915215409,0.6885400342846791,0.4604704533183963,0.7596260070903263,0
366,45,6,0.4994717947856389,0.3842286344141478,86.81081700215351,22,26,3,0.13636363636363635,0,0.5909090909090909,0.2727272727272727,0.16666666666666666,0.16666666666666666,0.045454545454545456,0.43455858720991963,0.7258977996103542,0.36570302164173324,0.7680583915873447,0
367,45,7,0.6361913833464212,0.5879637803023126,134.9831447525551,22,26,3,0.09090909090909091,0,0.13636363636363635,0.2727272727272727,0.0,0.0,0.045454545454545456,0.5400612401946316,0.868450113438971,0.446346110482784,0.8941359683366044,1
368,46,0,0.46294540373451726,0.38050546862376994,115.03078222930246,24,38,1,0.375,1,0.7916666666666666,0.375,0.3333333333333333,0.4444444444444444,0.0,0.5731923941223389,0.8886844409413222,0.5420016706510267,0.9415002129896806,0
369,46,1,0.5891630099031809,0.47111650923338394,132.93877685166873,24,38,1,0.2916666666666667,1,0.75,0.375,0.3333333333333333,0.5555555555555556,0.0,0.5598432259471345,0.8402081340450898,0.5253713965331966,1.0,1
370,46,2,0.4727900128950996,0.2230806110129011,67.8044680765132,24,38,1,0.08333333333333333,1,0.375,0.375,0.1111111111111111,0.1111111111111111,0.0,0.44571443334454613,0.7166965908439225,0.3394900784879387,0.7970341195099787,1
371,46,3,0.3921475923461233,0.07771755253665838,70.15157887782277,24,38,1,0.125,0,0.125,0.375,0.0,0.0,0.0,0.46718808387286753,0.7223379490178137,0.392877587841768,0.81642441095096,0
372,46,4,0.24169364212468164,0.10129250775247078,33.046469729991685,24,38,1,0.041666666666666664,0,0.20833333333333334,0.375,0.0,0.0,0.0,0.40347069349396697,0.6314928213411813,0.26846095969345585,0.7595491425657944,1
373,46,5,0.4866287045701023,0.37459219505059926,113.21366424347126,24,38,1,0.375,1,0.75,0.375,0.3333333333333333,0.4444444444444444,0.0,0.5796208910795907,1.0,0.5417177197286219,1.0,1
374,46,6,0.5173839944187643,0.45323429653608155,97.67183570152933,24,38,1,0.041666666666666664,0,0.08333333333333333,0.375,0.0,0.0,0.0,0.39254150508048563,0.7613625200928806,0.29176802349708625,0.7832907946095312,1
375,46,7,0.5546393527136498,0.4261254740402951,101.8149032399231,24,38,1,0.2916666666666667,1,0.9166666666666666,0.375,0.2222222222222222,0.7777777777777778,0.041666666666666664,0.5655978339503228,0.8232871137830207,0.48807546728512846,0.8369682133204255,1
376,47,0,0.026244718475378737,0.0718260865322097,44.21741996482052,20,34,0,0.0,0,0.0,0.4,0.0,0.0,0.0,0.36232394060013445,0.6733266947051575,0.21630127708615973,0.553829994928948,0
377,47,1,0.3879404431502682,0.3373105873992895,79.09330428195071,20,34,0,0.0,0,0.0,0.4,0.0,0.0,0.0,0.4248864512296768,0.6248640368319196,0.2895597882655689,0.5624745806408878,0
378,47,2,0.49505063449779263,0.31653423033752115,136.88653823916366,20,34,0,0.05,1,0.8,0.4,0.125,0.625,0.0,0.4966855996938929,1.0,0.36797223637515425,0.7980494350092018,1
379,47,3,0.4278363765258485,0.4873909385253633,118.54560766222097,20,34,0,0.35,1,0.9,0.4,0.125,0.75,0.0,0.5927779067817794,0.8457212438719097,0.5505520959390766,0.7885835122769115,1
380,47,4,0.32846453185260327,0.312098894099844,49.65355072480492,20,34,0,0.0,0,0.0,0.4,0.0,0.0,0.0,0.4269160858889237,0.6975149346916049,0.3201682538118816,0.5947013358010105,1
381,47,5,0.2169178175491555,0.24072630949473875,50.524528727313864,20,34,0,0.05,1,0.4,0.4,0.125,0.125,0.0,0.43766497892410633,0.768079545707388,0.31475886517545076,0.7128450836300656,0
382,47,6,0.7340545932628897,0.570790301439655,149.05944416571552,20,34,0,0.3,1,0.85,0.4,0.25,0.75,0.0,0.5601788740415556,0.8159107063706517,0.4829084825230595,0.8313297361383345,1
383,47,7,0.8692112372515303,1.0,180.51401886289057,20,34,0,0.1,1,0.1,0.4,0.0,0.0,0.0,0.47941780698208464,0.8692112372515303,0.4137268590952184,1.0,1
384,48,0,0.5863176185126936,0.39490055595818147,102.98319153817819,26,24,8,0.07692307692307693,0,0.07692307692307693,0.5,0.07692307692307693,0.07692307692307693,0.038461538461538464,0.4302946342957391,0.726261582709443,0.33593247292247763,0.7092112939937899,0
385,48,1,0.3080944594939698,0.358327995066262,92.73637203359038,26,24,8,0.15384615384615385,0,0.5769230769230769,0.5,0.3076923076923077,0.6923076923076923,0.23076923076923078,0.5231378020032064,0.7071579399524204,0.45010653039173965,0.652560535417001,0
386,48,2,0.40038632299440735,0.31510619832358766,60.31380031167164,26,24,8,0.34615384615384615,0,0.6923076923076923,0.5,0.3076923076923077,0.6923076923076923,0.2692307692307692,0.554838609780692,0.9869115284030036,0.47954576497961826,0.9095217749312067,1
387,48,3,0.44861678018950457,0.17487283951027427,75.70597474740282,26,24,8,0.07692307692307693,0,0.11538461538461539,0.5,0.0,0.0,0.0,0.45551713611897005,0.7615314150605148,0.3198399418540614,0.7526282739787317,0
388,48,4,0.881998443128385,1.0,213.47132327187697,26,24,8,0.5,1,0.9230769230769231,0.5,0.3076923076923077,0.8461538461538461,0.2692307692307692,0.5964843922831057,0.8880348327832812,0.6044712730343986,1.0,1
389,48,5,0.45755819474154075,0.3678961268259846,76.21344395533487,26,24,8,0.07692307692307693,0,0.19230769230769232,0.5,0.07692307692307693,0.15384615384615385,0.038461538461538464,0.39888264105190385,0.633421276502206,0.27048934922247414,0.7898355743223167,0
390,48,6,0.5110053982038123,0.425660010829566,138.07456503906968,26,24,8,0.038461538461538464,0,0.038461538461538464,0.5,0.0,0.0,0.0,0.43925345231503365,0.7476959229073222,0.3438017182702075,0.6387945716102147,0
391,48,7,0.537671140863236,0.3638490847646671,94.69567399863585,26,24,8,0.11538461538461539,0,0.3076923076923077,0.5,0.07692307692307693,0.23076923076923078,0.038461538461538464,0.5261079378042232,0.7192261271820405,0.4491049212610986,0.7005461736353207,1
392,49,0,0.3863792142885042,0.39181353285056686,94.6866398688086,30,42,5,0.0,0,0.0,0.43333333333333335,0.0,0.0,0.0,0.3655238833938869,0.616448717111572,0.20686466914561547,0.5261252310685662,0
393,49,1,0.31717592203096856,0.23759751856957498,65.38792092427838,30,42,5,0.03333333333333333,0,0.03333333333333333,0.43333333333333335,0.0,0.0,0.0,0.38794423826635244,0.764634541413463,0.27621250070866543,0.7336555740982779,1
394,49,2,0.5381679542264409,0.3497633776201442,83.98618014102176,30,42,5,0.26666666666666666,1,0.9333333333333333,0.43333333333333335,0.23076923076923078,0.8461538461538461,0.16666666666666666,0.5633430523683111,0.8837413631832437,0.4795508741262328,0.8815417765602535,1
395,49,3,0.2706183959642777,0.2555697623181803,57.154902795452,30,42,5,0.06666666666666667,0,0.16666666666666666,0.43333333333333335,0.0,0.0,0.03333333333333333,0.35582128382072487,0.7193889109674984,0.27172715169142675,0.7021966541692286,0
396,49,4,0.5022776369383344,0.335565915643119,79.64312834226499,30,42,5,0.16666666666666666,1,0.3333333333333333,0.43333333333333335,0.07692307692307693,0.23076923076923078,0.06666666666666667,0.5249183062666326,0.8142530775252447,0.47920339750236335,0.837282083881516,1
397,49,5,0.4428532102168973,0.3935236348209049,88.38615690694647,30,42,5,0.06666666666666667,1,0.9333333333333333,0.43333333333333335,0.07692307692307693,0.8461538461538461,0.16666666666666666,0.36025881532433324,0.7191703323138502,0.2425948634651244,0.6671059924682382,1
398,49,6,0.4041271900520632,0.18314813773343028,74.90272516019934,30,42,5,0.1,1,0.8,0.43333333333333335,0.07692307692307693,0.7692307692307693,0.16666666666666666,0.41274464767147057,0.7114515212673749,0.3046885628818824,0.7326016347486649,1
399,49,7,0.7053830045248181,0.5859245875417468,128.31456171753385,30,42,5,0.1,1,0.4666666666666667,0.43333333333333335,0.07692307692307693,0.38461538461538464,0.1,0.46731320922426256,0.8091099405301676,0.3471037413917223,0.9178056442454281,1
400,50,0,0.6324500261178543,0.46920303643076716,126.59679386307667,26,34,4,0.23076923076923078,1,0.6538461538461539,0.23076923076923078,0.16666666666666666,0.6666666666666666,0.11538461538461539,0.5527560068395827,1.0,0.5065115581250521,0.9433942970049889,1
401,50,1,0.6760734904580356,0.5383830043347145,137.46715391456777,26,34,4,0.07692307692307693,1,0.5769230769230769,0.23076923076923078,0.16666666666666666,0.6666666666666666,0.11538461538461539,0.48989568299367053,0.8201935377502093,0.3934041346183965,0.7418484609336338,1
402,50,2,0.7231244075293519,0.8944767716282742,167.6833032372873,26,34,4,0.038461538461538464,1,0.038461538461538464,0.23076923076923078,0.0,0.0,0.0,0.41790965506590605,0.7231244075293519,0.2650802316777635,0.8944767716282742,1
403,50,3,0.41925468644683717,0.26165506394977744,98.48915402853356,26,34,4,0.19230769230769232,0,0.5384615384615384,0.23076923076923078,0.0,0.0,0.07692307692307693,0.4959309277976661,0.8418496570042523,0.41226952977598574,0.8388417988725758,1
404,50,4,0.5972366249769928,0.5659496369275214,139.49387328982328,26,34,4,0.19230769230769232,0,0.5384615384615384,0.23076923076923078,0.3333333333333333,0.3333333333333333,0.07692307692307693,0.5033556644285476,0.9037087474634251,0.4405710674875055,1.0,0
405,50,5,0.7418926322103836,0.49871230923522125,154.16019359796337,26,34,4,0.11538461538461539,0,0.46153846153846156,0.23076923076923078,0.16666666666666666,0.5,0.11538461538461539,0.5345457783412435,0.8008870016769779,0.43445783063866067,0.8441456280239867,0
406,50,6,0.21915355436750894,0.10439732205157101,66.8830539171757,26,34,4,0.07692307692307693,0,0.07692307692307693,0.23076923076923078,0.0,0.0,0.0,0.4156544359577908,0.7308254312788012,0.29612000496268615,0.637787789368568,0
407,50,7,0.3739947806937232,0.3180562103957524,68.22767297486216,26,34,4,0.0,0,0.0,0.23076923076923078,0.0,0.0,0.0,0.36879113223867205,0.6103220642112532,0.2667175318760949,0.5196781367514802,0
408,51,0,0.6296745102490915,0.45422745914588747,87.23935402185566,26,31,5,0.11538461538461539,0,0.38461538461538464,0.2692307692307692,0.14285714285714285,0.2857142857142857,0.07692307692307693,0.48694623696492884,0.7017144269459273,0.40364484343074036,0.7529469051378284,0
409,51,1,0.3733398252892106,0.09435502728666556,88.72840025859705,26,31,5,0.038461538461538464,0,0.038461538461538464,0.2692307692307692,0.0,0.0,0.0,0.41202371788387954,0.6975239669383777,0.2693888074368425,0.7032094455860298,0
410,51,2,0.6062951114409522,0.4606966432298148,112.66665956911065,26,31,5,0.07692307692307693,0,0.07692307692307693,0.2692307692307692,0.0,0.0,0.0,0.49622146124577776,0.6645050523251964,0.44591030449098074,0.7880929637686699,1
411,51,3,0.35476357723603974,0.23280395109265095,72.58852059326414,26,31,5,0.038461538461538464,0,0.038461538461538464,0.2692307692307692,0.0,0.0,0.0,0.4140802735183493,0.609992939347144,0.2788915354929652,0.7956794346055664,0
412,51,4,0.527620467204857,0.37564601011935733,90.15511611477554,26,31,5,0.11538461538461539,0,0.2692307692307692,0.2692307692307692,0.0,0.0,0.07692307692307693,0.4343300317087726,0.6932383667041322,0.3682102480423964,0.6802378796339517,1
413,51,5,0.3636940307527285,0.41090054110154617,122.22341917839324,26,31,5,0.2692307692307692,0,0.3076923076923077,0.2692307692307692,0.0,0.0,0.0,0.49955688513731966,0.857892504405114,0.4380070589260075,0.7703275243012738,0
414,51,6,0.2716571927665382,0.011779890059564604,58.31307484983034,26,31,5,0.038461538461538464,0,0.15384615384615385,0.2692307692307692,0.0,0.0,0.0,0.40213628341164875,0.6524627040618025,0.2670467127532148,0.6770983443050599,0
415,51,7,0.49605532164652855,0.35907089235519674,77.86678620879725,26,31,5,0.11538461538461539,1,0.5,0.2692307692307692,0.14285714285714285,0.7142857142857143,0.11538461538461539,0.509542013900133,0.7394547087853743,0.4280392727168595,0.7162231376957311,1
416,52,0,0.6894872727743563,0.7371074933372154,128.60452919291453,29,37,5,0.2413793103448276,1,0.5517241379310345,0.1724137931034483,0.0,0.0,0.10344827586206896,0.5041413749312592,0.7999372363613835,0.46521444159043684,0.8929202779642664,1
417,52,1,0.3196892528445863,0.2691544394810206,53.57151375913574,29,37,5,0.10344827586206896,1,0.20689655172413793,0.1724137931034483,0.2,0.2,0.0,0.4278704770070036,0.803506602961092,0.3652729348900825,0.7561321388703065,0
418,52,2,0.5802150410034161,0.5578414522535944,115.6217336022981,29,37,5,0.20689655172413793,1,0.3793103448275862,0.1724137931034483,0.2,0.2,0.0,0.5188093093606644,0.768450664288855,0.45063788953164374,0.7928032611564659,0
419,52,3,0.4363947794967632,0.5480266115616553,133.85273593342828,29,37,5,0.2413793103448276,1,0.6551724137931034,0.1724137931034483,0.6,0.8,0.1724137931034483,0.55062909886894,0.9095035947775689,0.44925948878289146,0.9501021987920376,1
420,52,4,0.40642766149367776,0.5994975674386476,72.54465565594141,29,37,5,0.27586206896551724,1,0.9310344827586207,0.1724137931034483,0.2,0.8,0.1724137931034483,0.5269239214185141,0.728283207848658,0.5214319346802327,0.7365477443022733,0
421,52,5,0.7607765822949341,0.6825709046066569,170.71186856746905,29,37,5,0.13793103448275862,1,0.3793103448275862,0.1724137931034483,0.0,0.0,0.06896551724137931,0.5238942081277252,0.9159618324233088,0.46012114167288065,0.914971563335015,1
422,52,6,0.5346637249935021,0.4413321939020074,121.44061788144009,29,37,5,0.27586206896551724,1,0.6551724137931034,0.1724137931034483,0.6,0.6,0.13793103448275862,0.5547634627190208,0.8898119457691761,0.47319278841669776,1.0,0
423,52,7,0.5335710933161059,0.5456940767412899,118.23826145328964,29,37,5,0.10344827586206896,1,0.20689655172413793,0.1724137931034483,0.2,0.2,0.0,0.47633769560784284,0.7427546416997955,0.4146748993365944,0.7196817295822437,1
424,53,0,0.5223165269144496,0.25613624927744694,90.34656545544031,28,35,5,0.17857142857142858,0,0.35714285714285715,0.10714285714285714,0.0,0.0,0.14285714285714285,0.5250532997540863,0.7912857861245266,0.3692899491210066,0.8073797612818101,0
425,53,1,0.5505763005899225,0.13611463100457188,82.60000687965588,28,35,5,0.03571428571428571,0,0.03571428571428571,0.10714285714285714,0.0,0.0,0.0,0.416707326274787,0.8279175940462405,0.2922369195900048,0.7551118235979511,0
426,53,2,0.6520316133826983,0.42529603018597506,97.29438473174143,28,35,5,0.17857142857142858,0,0.7142857142857143,0.10714285714285714,0.0,0.0,0.10714285714285714,0.5068969571334755,0.8084140857420039,0.429129379766334,0.7859125727851934,0
427,53,3,0.7783669507379313,0.8148825939248138,178.20148026978666,28,35,5,0.25,1,0.42857142857142855,0.10714285714285714,0.0,0.0,0.07142857142857142,0.5472883890733039,0.8166891947195708,0.49195199818293883,0.9233250768342905,1
428,53,4,0.5052220462468071,0.5559288564109929,118.00947744898298,28,35,5,0.14285714285714285,0,0.5714285714285714,0.10714285714285714,0.0,0.0,0.10714285714285714,0.5397869628255035,0.8608796452124916,0.43934645731868976,0.9234280466720604,0
429,53,5,0.6306658646022124,0.5875226481131353,117.13957006147676,28,35,5,0.21428571428571427,1,0.75,0.10714285714285714,0.3333333333333333,0.3333333333333333,0.17857142857142858,0.5345274991906364,0.8759176781624681,0.5030572428891901,1.0,1
430,53,6,0.7957101822119853,0.5980155456553761,134.9762500919849,28,35,5,0.17857142857142858,0,0.21428571428571427,0.10714285714285714,0.0,0.0,0.0,0.5238828730456256,0.8937570974812481,0.43774420949836157,0.89804297447755,1
431,53,7,0.5433209647502915,0.7214894634854792,118.81824365621743,28,35,5,0.25,1,0.8928571428571429,0.10714285714285714,0.6666666666666666,1.0,0.17857142857142858,0.5599197062319649,0.924467994179194,0.4997216865895187,0.9294507442810056,1
432,54,0,0.5273317549684288,0.5205177935266613,85.84858507059981,30,43,3,0.03333333333333333,0,0.03333333333333333,0.06666666666666667,0.0,0.0,0.0,0.39342978882074353,0.7435005929743024,0.2639369682375708,0.6157157359934087,1
433,54,1,0.6502720246305431,0.5833516138008008,156.97152281673226,30,43,3,0.0,0,0.0,0.06666666666666667,0.0,0.0,0.0,0.49885161056834104,0.7513363392181474,0.3649670086528625,0.5984624009632112,0
434,54,2,0.34597227633647426,0.11002434013636497,44.23594080273099,30,43,3,0.1,1,0.8,0.06666666666666667,0.5,0.5,0.1,0.41400427833835496,0.7098527443000309,0.3149413786242279,0.6821774256453662,0
435,54,3,0.5521443627029559,0.769526175190481,169.0057127266519,30,43,3,0.4,1,0.8666666666666667,0.06666666666666667,0.5,0.5,0.1,0.5801058528841466,0.9362602069775174,0.5369626516319558,1.0,1
436,54,4,0.6275010847698012,0.6534837060779788,164.6112612558059,30,43,3,0.3,1,0.9666666666666667,0.06666666666666667,1.0,1.0,0.1,0.5468534359991556,0.7216136789952995,0.5207232659156615,0.8565557785831146,0
437,54,5,0.5540174596817391,0.5165267762127657,124.33478999274122,30,43,3,0.06666666666666667,0,0.4,0.06666666666666667,0.0,0.0,0.1,0.4580019360634037,0.8510469795544866,0.34043666909621156,0.8286492652160509,0
438,54,6,0.4408780983883588,0.2803124877048838,68.46161092239865,30,43,3,0.1,0,0.5,0.06666666666666667,0.0,0.0,0.1,0.47081280231010925,0.7432102543854373,0.36549233273581666,0.8373497037334099,0
439,54,7,0.391920138204234,0.49944040552239144,81.57699074993265,30,43,3,0.0,0,0.0,0.06666666666666667,0.0,0.0,0.0,0.42516158800353043,0.7298959772575805,0.31947473012113264,0.5514035900888457,1
440,55,0,0.5736557737029555,0.5662126877736787,115.39066411433006,26,33,3,0.07692307692307693,0,0.07692307692307693,0.038461538461538464,0.0,0.0,0.0,0.42873154479613096,0.6725970826031833,0.3011956605357498,0.7519103353479513,0
441,55,1,0.4112391006417218,0.303371307657385,62.017414982969406,26,33,3,0.07692307692307693,0,0.07692307692307693,0.038461538461538464,0.0,0.0,0.0,0.5224287902834517,0.8135917266448615,0.42033162190671586,0.7916683688483572,0
442,55,2,0.7209137017831484,0.4925315511671884,138.02764644635195,26,33,3,0.38461538461538464,0,0.9230769230769231,0.038461538461538464,0.0,0.0,0.11538461538461539,0.6203788048518218,0.9081513512936761,0.5486636389638858,1.0,1
443,55,3,0.4840567118576794,0.5145126697242314,122.9262641140572,26,33,3,0.15384615384615385,0,0.3076923076923077,0.038461538461538464,0.0,0.0,0.11538461538461539,0.42268762496074436,0.7242011720873132,0.32425592881376686,0.7649742454008621,0
444,55,4,0.526475642874363,0.4784684270893157,137.45238634699348,26,33,3,0.3076923076923077,1,0.8846153846153846,0.038461538461538464,1.0,1.0,0.11538461538461539,0.5362722206497358,0.8000028511986423,0.453961321730552,0.8251627953048597,0
445,55,5,0.42513167544216257,0.4009723509989464,100.08918674756042,26,33,3,0.46153846153846156,1,0.6538461538461539,0.038461538461538464,1.0,1.0,0.11538461538461539,0.6142080682056127,0.8788245042377321,0.5706943103507144,0.9304194859486232,0
446,55,6,0.5963974095196103,0.6267966677459405,147.4645953978369,26,33,3,0.15384615384615385,1,0.3076923076923077,0.038461538461538464,0.0,0.0,0.07692307692307693,0.5110712673316011,0.8861364795551748,0.42865655538462916,0.7671120131429822,0
447,55,7,0.549751914015665,0.42074649798105346,100.67078423999952,26,33,3,0.07692307692307693,0,0.34615384615384615,0.038461538461538464,0.0,0.0,0.11538461538461539,0.445514853942759,0.8175588849546,0.3096938941507084,0.7592086977861657,0
448,56,0,0.5387947389701601,0.47941014085100464,108.84986191411616,28,45,1,0.10714285714285714,0,0.17857142857142858,0.35714285714285715,0.0,0.0,0.03571428571428571,0.4596849542432789,0.831643029215992,0.34397876649469283,0.8015897285729824,1
449,56,1,0.4689796234168328,0.46208854988264575,121.88289835838366,28,45,1,0.2857142857142857,1,0.4642857142857143,0.35714285714285715,0.3,0.4,0.03571428571428571,0.5659858902409347,0.7935646928914011,0.46835801247055997,0.766719702118564,1
450,56,2,0.43152124911727946,0.20912715766367782,55.12935526462838,28,45,1,0.03571428571428571,0,0.03571428571428571,0.35714285714285715,0.0,0.0,0.0,0.4245107084835101,0.6543172295289343,0.2983843636107797,0.6646509003137819,1
451,56,3,0.4957412321946312,0.3957514318398515,82.27853571024227,28,45,1,0.07142857142857142,0,0.17857142857142858,0.35714285714285715,0.0,0.0,0.03571428571428571,0.4627476174736405,0.894508631793463,0.39818431165048845,0.7584771098210461,0
452,56,4,0.6698652328143964,0.6036190628397703,132.74117410159843,28,45,1,0.14285714285714285,1,0.39285714285714285,0.35714285714285715,0.1,0.2,0.03571428571428571,0.5104893014609154,0.8235656155305497,0.48940384457871705,0.9155705994453333,1
453,56,5,0.3389569630094577,0.23910931742398395,85.11710513761969,28,45,1,0.17857142857142858,1,0.39285714285714285,0.35714285714285715,0.2,0.2,0.03571428571428571,0.5544711719886555,0.8866433144066168,0.4904430758950909,1.0,1
454,56,6,0.3636490044744184,0.3369965057753173,88.1772784653273,28,45,1,0.0,0,0.0,0.35714285714285715,0.0,0.0,0.0,0.34051991546553456,0.6447480581350895,0.22213491856202022,0.5736921417805235,1
455,56,7,0.382478703331409,0.368794690242861,67.07356423446701,28,45,1,0.07142857142857142,1,0.25,0.35714285714285715,0.2,0.3,0.0,0.38180402087856585,0.8800115339962595,0.26354553929788516,0.825319883342005,1
456,57,0,0.5326412829330838,0.2278017023615656,102.46033058106326,27,39,1,0.1111111111111111,0,0.14814814814814814,0.25925925925925924,0.0,0.0,0.0,0.4437743239984918,0.8208124747244858,0.3148939010473914,0.7993786038252801,0
457,57,1,0.491329470162859,0.4032495361011146,101.98523822029345,27,39,1,0.1111111111111111,1,0.2962962962962963,0.25925925925925924,0.14285714285714285,0.42857142857142855,0.0,0.3916753279629766,0.7437460766982769,0.2865441571311199,0.7173595822063022,0
458,57,2,0.25434485949082764,0.1486159901138976,54.935463405140666,27,39,1,0.037037037037037035,0,0.037037037037037035,0.25925925925925924,0.0,0.0,0.0,0.4663233479807946,0.8629629728662865,0.36065477737300405,0.7341200086584897,0
459,57,3,0.48637593563980747,0.35577064251438256,102.99622501867779,27,39,1,0.14814814814814814,1,0.48148148148148145,0.25925925925925924,0.14285714285714285,0.14285714285714285,0.037037037037037035,0.4928108238910352,0.7698656095338678,0.41257787535981116,0.7959095941170624,0
460,57,4,0.4405386851651042,0.19250507993635774,78.86736297987488,27,39,1,0.037037037037037035,0,0.037037037037037035,0.25925925925925924,0.0,0.0,0.0,0.4126850187556998,0.6626935792249337,0.2820422013314633,0.667058723481132,0
461,57,5,0.670774335608926,0.48760078040852706,105.73507234199643,27,39,1,0.037037037037037035,0,0.037037037037037035,0.25925925925925924,0.0,0.0,0.0,0.48583074803412996,0.7694684478817393,0.3611816784905522,0.7254691610362122,1
462,57,6,0.3353352574107801,0.3657804998680733,89.28902025299561,27,39,1,0.0,0,0.0,0.25925925925925924,0.0,0.0,0.0,0.350108245182682,0.6781575187274128,0.24341287190556607,0.5620869745731075,1
463,57,7,0.442911122010314,0.4350032053437552,109.27624620481794,27,39,1,0.18518518518518517,1,0.6296296296296297,0.25925925925925924,0.2857142857142857,0.7142857142857143,0.037037037037037035,0.5476558686153884,0.8790031127324625,0.45618614594321344,0.9379696578047705,1
464,58,0,0.6685661760759022,0.5513461305181958,129.33305776620895,23,30,3,0.30434782608695654,1,0.9565217391304348,0.30434782608695654,0.2857142857142857,0.8571428571428571,0.13043478260869565,0.5862075052289576,0.9018513761922115,0.5252319982419605,1.0,1
465,58,1,0.690583639708375,0.3020067367126892,131.01333014066142,23,30,3,0.30434782608695654,1,0.9565217391304348,0.30434782608695654,0.42857142857142855,0.8571428571428571,0.13043478260869565,0.6115700099741551,0.8911123590550578,0.49887297601534025,0.8810361719119564,1
466,58,2,0.36334732725315866,0.31623444208410667,86.37199030418738,23,30,3,0.13043478260869565,1,0.7391304347826086,0.30434782608695654,0.14285714285714285,0.8571428571428571,0.13043478260869565,0.4612681487411908,0.866875540245481,0.4014088805626953,0.886793124029971,0
467,58,3,0.667485555976723,0.7746027470206384,151.5454495449973,23,30,3,0.17391304347826086,1,0.6956521739130435,0.30434782608695654,0.42857142857142855,0.8571428571428571,0.08695652173913043,0.47072323871105165,0.7220436785029843,0.3550655312186969,0.7746027470206384,0
468,58,4,0.3589953504355941,0.007979807447334869,47.47149104459538,23,30,3,0.0,0,0.0,0.30434782608695654,0.0,0.0,0.0,0.3451648298353497,0.5503395449123104,0.20384094535454916,0.4278840260336929,0
469,58,5,0.7764134611323312,0.48388812516795104,150.617997862902,23,30,3,0.13043478260869565,0,0.2608695652173913,0.30434782608695654,0.14285714285714285,0.2857142857142857,0.08695652173913043,0.5613858133268476,0.7764134611323312,0.4523728130263929,0.7742589676379639,1
470,58,6,0.46635781817751576,0.24520629138027764,71.67569336018622,23,30,3,0.13043478260869565,0,0.13043478260869565,0.30434782608695654,0.14285714285714285,0.14285714285714285,0.043478260869565216,0.5401417655011173,0.7912884117030218,0.38881332539066865,0.715892869482416,0
471,58,7,0.6025355135890693,0.5397073831676553,106.92825090519942,23,30,3,0.08695652173913043,0,0.13043478260869565,0.30434782608695654,0.14285714285714285,0.14285714285714285,0.043478260869565216,0.45105798294274835,0.7083700597473473,0.34173709527550494,0.7873026638603277,1
472,59,0,0.5525239407219266,0.5088117715754287,119.7510219186563,25,39,1,0.24,1,0.72,0.28,0.42857142857142855,0.5714285714285714,0.0,0.5851697236440895,1.0,0.5188992302091542,0.943028636630762,1
473,59,1,0.6030551901226624,0.5858445997548717,121.62884227072647,25,39,1,0.28,1,0.96,0.28,0.2857142857142857,1.0,0.04,0.5457131471936559,0.8372377400917637,0.49865571166834044,0.848723035205684,1
474,59,2,0.38405876432084324,0.2996690154082428,80.65236994217575,25,39,1,0.04,1,0.32,0.28,0.14285714285714285,0.2857142857142857,0.0,0.35235852430819825,0.6324451309402447,0.22962257688083404,0.7322924601278005,0
475,59,3,0.7556921395822584,0.3044907114945196,151.55223093053377,25,39,1,0.2,0,0.36,0.28,0.0,0.0,0.0,0.5530247062751894,0.8560216748299009,0.4631378591342765,0.6589619172585297,1
476,59,4,0.47802756694879345,0.30049996869381695,89.97184766995117,25,39,1,0.12,1,0.36,0.28,0.14285714285714285,0.14285714285714285,0.0,0.44857655406360597,0.8702832084832184,0.37062574471251425,0.8551494842900075,0
477,59,5,0.414242132291109,0.5844983294234827,97.5596417653114,25,39,1,0.0,0,0.0,0.28,0.0,0.0,0.0,0.44988724134110436,0.729473881414737,0.34685634995232506,0.5844983294234827,1
478,59,6,0.1994923403728086,0.088893215635222,65.26380568654416,25,39,1,0.08,0,0.28,0.28,0.0,0.0,0.0,0.37488120622552246,0.6974131948967633,0.26538272204880037,0.6986019340117355,0
479,59,7,0.5856798075930016,0.51660558781651,123.08304331849413,25,39,1,0.16,0,0.4,0.28,0.0,0.0,0.0,0.46031135136676354,0.8994170575304673,0.3211061007731093,0.7540119924911515,1
480,60,0,0.3348633960813241,0.1806240375289255,75.22783751537865,24,37,0,0.041666666666666664,1,0.2916666666666667,0.375,0.1111111111111111,0.2222222222222222,0.0,0.39815327209185636,0.6674161788169861,0.30989284510604026,0.7723332027383608,1
481,60,1,0.2153859583500969,0.21714152878958531,67.97039860230912,24,37,0,0.125,1,0.75,0.375,0.2222222222222222,0.7777777777777778,0.0,0.4389471094127128,0.8055865446690302,0.3019096135239743,0.9147990989514354,1
482,60,2,0.5353592997648637,0.32856597439565477,94.84673095689095,24,37,0,0.25,1,0.8333333333333334,0.375,0.2222222222222222,0.6666666666666666,0.0,0.5634171443719018,1.0,0.4629378103968547,0.865256615750995,1
483,60,3,0.2710502591216509,0.37335728971325466,79.10925947668063,24,37,0,0.0,0,0.0,0.375,0.0,0.0,0.0,0.3783230554809043,0.630626554843241,0.21886323228457916,0.5830776448885796,0
484,60,4,0.6419958738273794,0.9448842229301665,178.03889446243699,24,37,0,0.16666666666666666,1,0.8333333333333334,0.375,0.1111111111111111,0.7777777777777778,0.0,0.4509654499574432,0.7207980991592497,0.40321772286213536,0.9448842229301665,1
485,60,5,0.4917586657376231,0.3811727807739175,97.69189411456436,24,37,0,0.25,1,0.8333333333333334,0.375,0.2222222222222222,0.7777777777777778,0.0,0.5290033935753385,0.7821631552511847,0.47427576829059737,1.0,0
486,60,6,0.685291172259531,0.5998205175002661,120.96496116784577,24,37,0,0.16666666666666666,1,0.5,0.375,0.1111111111111111,0.2222222222222222,0.0,0.5688617180309422,0.8876036226134436,0.4842555227754953,0.8275841017980035,0
487,60,7,0.6310453469862682,0.41228262823813716,112.65350708330391,24,37,0,0.25,1,0.75,0.375,0.2222222222222222,0.6666666666666666,0.0,0.5278915238982781,0.9031235765246013,0.42024813912688813,0.7019929552432963,1
488,61,0,0.6360248630882841,0.2613164955961271,115.10389753289607,25,36,2,0.12,0,0.24,0.24,0.0,0.0,0.04,0.4569733676258146,0.8295039182539228,0.2866116141902804,0.6939892805919701,0
489,61,1,0.3767276820393181,0.1671870818971879,73.41029337646803,25,36,2,0.08,0,0.08,0.24,0.0,0.0,0.04,0.36836705830604183,0.949000104457765,0.2880631156310065,0.6718791058928052,1
490,61,2,0.37259146245163166,0.24880231065581054,64.57641431684678,25,36,2,0.08,0,0.12,0.24,0.0,0.0,0.0,0.4363407376391718,0.7360048743391996,0.336093480832185,0.7269142637094173,0
491,61,3,0.4832068324871405,0.22737969705669606,58.451701347247166,25,36,2,0.12,1,0.56,0.24,0.16666666666666666,0.6666666666666666,0.04,0.4796032974043342,0.806227364005909,0.38626147173113173,0.8738506135422035,1
492,61,4,0.7629692866741621,0.7278582646930782,136.86430276701162,25,36,2,0.32,1,0.84,0.24,0.3333333333333333,0.6666666666666666,0.04,0.5747038993069314,0.8890303806797125,0.5220616973381222,0.9695702059961506,1
493,61,5,0.46095306380486867,0.34902989442496635,73.44139139802893,25,36,2,0.16,1,0.6,0.24,0.16666666666666666,0.6666666666666666,0.04,0.464574260172472,0.8154493031606355,0.39122815797306415,1.0,1
494,61,6,0.4842801757647055,0.600170440446932,113.79618412594851,25,36,2,0.16,1,0.28,0.24,0.0,0.0,0.04,0.4070328887105339,0.8285800083639517,0.3445612460992902,0.801527259998456,0
495,61,7,0.6724817645186999,0.6841910385556749,118.21006784598802,25,36,2,0.4,1,0.96,0.24,0.5,1.0,0.08,0.6367029509540688,0.968018241321438,0.5577281053401463,0.9383951765542625,1
496,62,0,0.5026731108817466,0.5262854933786673,121.36152163186627,30,37,5,0.13333333333333333,0,0.3333333333333333,0.26666666666666666,0.0,0.0,0.03333333333333333,0.47778243231200607,0.747135130156889,0.3951335246189926,0.7272802094833688,0
497,62,1,0.24773404729979454,0.14993428076733467,54.75600945115893,30,37,5,0.0,0,0.0,0.26666666666666666,0.0,0.0,0.0,0.39358486190914166,0.707377617878788,0.2657253360168395,0.594935295203668,0
498,62,2,0.5456988747315672,0.45863862674325756,115.49342559501353,30,37,5,0.03333333333333333,0,0.06666666666666667,0.26666666666666666,0.125,0.125,0.03333333333333333,0.3996151385999262,0.6659404018719869,0.27320458787042057,0.6293519705985154,0
499,62,3,0.4030895613813763,0.21357210165337054,80.59533366614748,30,37,5,0.2,1,0.7666666666666667,0.26666666666666666,0.125,0.5,0.1,0.5443163261289037,0.8221847824957593,0.419487975842371,0.9736221389511535,0
500,62,4,0.7540606977332253,0.657295842932744,182.24889331283012,30,37,5,0.13333333333333333,1,0.7666666666666667,0.26666666666666666,0.125,0.625,0.16666666666666666,0.48821371551489795,0.8187207976509305,0.3963485435525159,0.8106659616200189,1
501,62,5,0.4887308670549875,0.3303446701199686,76.8166157355882,30,37,5,0.03333333333333333,1,0.5,0.26666666666666666,0.125,0.25,0.1,0.423380975448839,0.8601605997413062,0.29897413947869267,0.6226670660456253,1
502,62,6,0.37972955548722515,0.3319581874503581,84.46424217497776,30,37,5,0.0,0,0.0,0.26666666666666666,0.0,0.0,0.0,0.34976036008299105,0.5511037586978219,0.2274200115365056,0.5036158347082392,1
503,62,7,0.20787239601961355,0.199187963209094,36.038530871510346,30,37,5,0.1,0,0.16666666666666666,0.26666666666666666,0.0,0.0,0.0,0.4192419945551159,0.8782826334933218,0.3468850351652316,0.6788331364311845,1
504,63,0,0.4444948923807903,0.20903326998414024,65.85536695458566,25,33,2,0.12,1,0.52,0.6,0.2,0.5333333333333333,0.08,0.464912396130271,0.9325589777311567,0.3682773838796903,0.8599506577464384,1
505,63,1,0.4550993134389935,0.406480428686556,92.53461120763478,25,33,2,0.2,1,0.84,0.6,0.13333333333333333,0.7333333333333333,0.08,0.5192481630106266,0.8210035915704164,0.4405155219032293,0.8325193489311009,1
506,63,2,0.4767453064383362,0.4374392953681143,89.30731777722025,25,33,2,0.12,1,0.36,0.6,0.13333333333333333,0.3333333333333333,0.04,0.47761358154582395,0.9149641205335656,0.40674399881226775,0.8703467931743922,1
507,63,3,0.5551757699405058,0.32245182183847093,90.82007409145479,25,33,2,0.28,1,0.88,0.6,0.3333333333333333,0.8,0.08,0.587764742982142,0.8306599637154508,0.48347222862170985,1.0,1
508,63,4,0.32531410061636346,0.0,52.178346629871506,25,33,2,0.08,0,0.12,0.6,0.0,0.0,0.0,0.414685011221259,0.8019685476440991,0.3238355858353299,0.7407256360116019,1
509,63,5,0.8239826044040055,0.5442972565392786,149.50663144247855,25,33,2,0.28,1,0.64,0.6,0.26666666666666666,0.6,0.08,0.5374830354413987,0.8239826044040055,0.47205100566772756,0.8449664477098845,1
510,63,6,0.5145907485712459,0.42371014786233385,90.74049169889038,25,33,2,0.16,1,0.44,0.6,0.2,0.3333333333333333,0.04,0.4839332498578318,0.7031016342836369,0.41486318773861586,0.7231008715751316,1
511,63,7,0.39224564103538323,0.2062997749855489,72.80407482558411,25,33,2,0.0,0,0.0,0.6,0.0,0.0,0.0,0.44643641296214653,0.7258873839502966,0.34824729893384626,0.5380532857754851,0
512,64,0,0.5275975892358373,0.24499219685064882,107.56994830357847,24,31,3,0.0,0,0.0,0.625,0.0,0.0,0.0,0.42241376454120355,0.6996295598139918,0.2988874843666441,0.5066055082327198,0
513,64,1,0.557468589450725,0.3947333884714457,111.8636955919932,24,31,3,0.125,1,0.16666666666666666,0.625,0.13333333333333333,0.13333333333333333,0.041666666666666664,0.5087623111108929,0.9882298455865839,0.3639762627269483,0.7596529771873948,0
514,64,2,0.5405871629960272,0.36893270117032034,108.70930635234934,24,31,3,0.2916666666666667,1,0.7916666666666666,0.625,0.26666666666666666,0.7333333333333333,0.08333333333333333,0.6119892769797373,0.9091110485003475,0.5362210808249092,0.940195842429427,1
515,64,3,0.64613876065747,0.5876054320892566,144.4185146450192,24,31,3,0.16666666666666666,1,0.2916666666666667,0.625,0.13333333333333333,0.26666666666666666,0.08333333333333333,0.48446212140390116,0.8252200976415156,0.4383630155268292,0.8229807458680755,1
516,64,4,0.31415108697792055,0.4405510794681292,72.80418786224439,24,31,3,0.0,0,0.0,0.625,0.0,0.0,0.0,0.3806543436838165,0.6673439848458105,0.2458290055748397,0.5706758422334871,1
517,64,5,0.3316791949173499,0.057584535573436985,53.28640788245801,24,31,3,0.16666666666666666,1,0.625,0.625,0.06666666666666667,0.5333333333333333,0.08333333333333333,0.4628002549572268,0.8335299552051344,0.34450720526350526,0.879628790131398,0
518,64,6,0.5200214190849111,0.6048443567053858,134.45900296786058,24,31,3,0.20833333333333334,1,0.4166666666666667,0.625,0.13333333333333333,0.4,0.125,0.4699495508434981,1.0,0.4017165646927697,1.0,0
519,64,7,0.40249372377486026,0.3672868830034354,104.1454399983377,24,31,3,0.20833333333333334,1,0.5833333333333334,0.625,0.2,0.5333333333333333,0.08333333333333333,0.48339593213120596,0.7681479176980744,0.4004164424640657,0.7571107555692081,0
520,65,0,0.3712002784751431,0.09395573878458971,64.60661777949663,29,40,5,0.13793103448275862,0,0.13793103448275862,0.3448275862068966,0.1,0.1,0.06896551724137931,0.48478426828890564,0.6708356560966428,0.3773686448335996,0.7214955639862698,1
521,65,1,0.4973504023836478,0.47738193892207587,95.12188705615273,29,40,5,0.20689655172413793,0,0.3793103448275862,0.3448275862068966,0.0,0.0,0.034482758620689655,0.5260109132105424,0.9326243140888293,0.43940359853482874,0.8145461392324157,1
522,65,2,0.9066123196056042,0.9319100837784219,178.05300692030676,29,40,5,0.27586206896551724,1,0.9310344827586207,0.3448275862068966,0.3,0.8,0.1724137931034483,0.5495900038893545,0.9066123196056042,0.49182820479868694,0.9319100837784219,0
523,65,3,0.4400761732827682,0.5332528095410158,85.53418149702493,29,40,5,0.1724137931034483,1,0.4482758620689655,0.3448275862068966,0.1,0.1,0.034482758620689655,0.5033472755785764,0.816516066308299,0.4570392291746508,0.7650539384221138,1
524,65,4,0.5919916427682748,0.5427311827686591,108.56681495600087,29,40,5,0.10344827586206896,0,0.3103448275862069,0.3448275862068966,0.1,0.1,0.13793103448275862,0.4670505994996101,0.8148931732039405,0.3693727426608167,0.72126787036018,1
525,65,5,0.4642786127709351,0.6167071767168193,119.6384878729257,29,40,5,0.1724137931034483,1,0.20689655172413793,0.3448275862068966,0.0,0.0,0.0,0.5025987039237902,0.7623981120618564,0.4385382887062275,0.770626829840204,1
526,65,6,0.6943025302450787,0.7582816525176164,141.87938169542392,29,40,5,0.20689655172413793,1,0.3103448275862069,0.3448275862068966,0.1,0.1,0.06896551724137931,0.525423465153392,0.7755364580059156,0.47561159350395743,0.8589150617026893,0
527,65,7,0.3419923617733824,0.25157453872252816,61.70365903182153,29,40,5,0.06896551724137931,0,0.41379310344827586,0.3448275862068966,0.1,0.1,0.13793103448275862,0.4209919976779565,0.8567068356769109,0.336641808774262,0.8753788782783467,0
528,66,0,0.6198831001388895,0.5328854717045187,132.06141902901666,28,38,3,0.17857142857142858,1,0.6071428571428571,0.4642857142857143,0.15384615384615385,0.6153846153846154,0.07142857142857142,0.5815635775939866,0.8609689646211757,0.4705700836312432,0.9511923207198445,1
529,66,1,0.1275501562220274,0.28011556430520224,55.463742064567704,28,38,3,0.10714285714285714,1,0.5357142857142857,0.4642857142857143,0.15384615384615385,0.3076923076923077,0.03571428571428571,0.49549152764575327,0.7058771949099374,0.38935995358147696,0.6661079806785088,1
530,66,2,0.3091563869090073,0.19633650221920831,63.79834113105448,28,38,3,0.0,0,0.0,0.4642857142857143,0.0,0.0,0.0,0.34747968680101154,0.6071872635032639,0.25663717201893393,0.5611402279451677,1
531,66,3,0.19176973200306094,0.20365688483786604,84.61269493000819,28,38,3,0.03571428571428571,0,0.07142857142857142,0.4642857142857143,0.0,0.0,0.0,0.39530648330505397,0.6635047267760408,0.2869073504570744,0.7041211853552001,1
532,66,4,0.4283389479411897,0.3194924812683371,79.67827938566217,28,38,3,0.10714285714285714,1,0.5714285714285714,0.4642857142857143,0.07692307692307693,0.6153846153846154,0.07142857142857142,0.4274054681302584,0.7117754456648571,0.3503028538446481,0.8638489820870021,1
533,66,5,0.6176316558824058,0.4881887254027136,105.23091658761477,28,38,3,0.07142857142857142,1,0.35714285714285715,0.4642857142857143,0.07692307692307693,0.38461538461538464,0.03571428571428571,0.4465508330800869,0.8341573430865907,0.31771292128006967,0.7272526682662059,1
534,66,6,0.37902383982886445,0.29327344967175867,78.17774043139458,28,38,3,0.10714285714285714,1,0.25,0.4642857142857143,0.07692307692307693,0.15384615384615385,0.03571428571428571,0.473729324344966,0.825416349132374,0.3354358972913517,0.8531450715139683,1
535,66,7,0.5323626622906923,0.2479146858778487,71.91858281377014,28,38,3,0.03571428571428571,0,0.03571428571428571,0.4642857142857143,0.0,0.0,0.0,0.4548590970594926,0.740586532020147,0.3937633979056295,0.6427292722861867,1
536,67,0,0.6178355109437587,0.6307770045441062,126.40625711269477,30,41,4,0.13333333333333333,1,0.16666666666666666,0.36666666666666664,0.09090909090909091,0.09090909090909091,0.03333333333333333,0.5442821359337394,0.8496344340611741,0.45895961293792337,0.8666891992597971,1
537,67,1,0.42045157669214256,0.5596439324938762,139.66914724500685,30,41,4,0.2,1,0.8666666666666667,0.36666666666666664,0.18181818181818182,0.6363636363636364,0.13333333333333333,0.5703033069485475,0.7452890879369942,0.4783653685022119,0.6638679598543964,1
538,67,2,0.23503588020950272,0.14927550685123622,40.6935702388864,30,41,4,0.1,1,0.8333333333333334,0.36666666666666664,0.09090909090909091,0.6363636363636364,0.13333333333333333,0.40247372719164987,0.832654504637148,0.28954955679900835,0.7200386839469158,0
539,67,3,0.7382622700202233,0.5971984083081604,135.01372365892436,30,41,4,0.3,1,0.9666666666666667,0.36666666666666664,0.36363636363636365,0.9090909090909091,0.13333333333333333,0.6019361575136656,0.9219640950325811,0.529588217527353,0.8854061922868416,1
540,67,4,0.3586174205680013,0.23887937773312812,56.95098285660242,30,41,4,0.06666666666666667,1,0.8,0.36666666666666664,0.18181818181818182,0.6363636363636364,0.13333333333333333,0.4344916761906849,0.6700409537219238,0.31772298358871665,0.8165437329748954,0
541,67,5,0.762996441487301,0.705769487701407,149.9610377347371,30,41,4,0.3333333333333333,1,0.9333333333333333,0.36666666666666664,0.2727272727272727,0.8181818181818182,0.13333333333333333,0.5639343547395309,1.0,0.4659033771531704,0.9271866338458647,1
542,67,6,0.568071559625162,0.6641187112566982,133.29924559982112,30,41,4,0.23333333333333334,1,0.6333333333333333,0.36666666666666664,0.09090909090909091,0.18181818181818182,0.1,0.5262836201774551,0.8415962076018875,0.4322941228251968,0.8270775336379923,1
543,67,7,0.46129254988267415,0.0,37.19597316084712,30,41,4,0.06666666666666667,1,0.1,0.36666666666666664,0.09090909090909091,0.09090909090909091,0.0,0.3936687157956619,0.6796681286609584,0.29932011139269915,0.8557329840357606,0
544,68,0,0.4163873192716712,0.5707694364617063,88.5912169865961,29,45,3,0.13793103448275862,1,0.6551724137931034,0.3793103448275862,0.09090909090909091,0.6363636363636364,0.034482758620689655,0.45002275730673724,0.6455021955287514,0.39579108098422894,0.6854954045872056,1
545,68,1,0.6846805453227707,0.6714701427940364,157.04996579018038,29,45,3,0.1724137931034483,1,0.896551724137931,0.3793103448275862,0.18181818181818182,0.9090909090909091,0.06896551724137931,0.47819187253093254,0.7042121146926347,0.3990995058706734,0.7978145087945506,1
546,68,2,0.14600805430145336,0.13618136344333498,60.968413725400495,29,45,3,0.034482758620689655,1,0.13793103448275862,0.3793103448275862,0.09090909090909091,0.18181818181818182,0.0,0.43661069095914634,0.8110648476867967,0.3597538503759343,0.6752430345110543,0
547,68,3,0.4785402913890834,0.249018846023915,53.309062634186986,29,45,3,0.13793103448275862,0,0.1724137931034483,0.3793103448275862,0.0,0.0,0.0,0.4623798984606708,0.7777828815265337,0.38285047737361666,0.7265515310487779,0
548,68,4,0.5648538630180212,0.35114619123869184,78.98211605207061,29,45,3,0.13793103448275862,1,0.5172413793103449,0.3793103448275862,0.18181818181818182,0.2727272727272727,0.06896551724137931,0.4875216600669889,0.7902925496496376,0.42422681834968623,0.8364927808080689,1
549,68,5,0.46972078595514183,0.20421700584539362,107.64769935771446,29,45,3,0.41379310344827586,1,0.7931034482758621,0.3793103448275862,0.36363636363636365,0.7272727272727273,0.06896551724137931,0.5516892496452077,0.7480033751422746,0.5108204772658562,1.0,1
550,68,6,0.30567452663160016,0.26785483229844015,56.223227448348325,29,45,3,0.06896551724137931,1,0.4482758620689655,0.3793103448275862,0.09090909090909091,0.18181818181818182,0.06896551724137931,0.46624086436865236,0.7606520655735668,0.36784245317739106,0.7732929544241885,1
551,68,7,0.37480419124324593,0.4101668605462124,99.7585460224136,29,45,3,0.10344827586206896,1,0.8275862068965517,0.3793103448275862,0.18181818181818182,0.9090909090909091,0.10344827586206896,0.5082311495126224,0.7710800982448395,0.42466246966515814,0.8776068624114002,1
552,69,0,0.26932639348312465,0.16048449057366868,60.626403486939275,30,35,6,0.03333333333333333,0,0.06666666666666667,0.36666666666666664,0.0,0.0,0.0,0.3520767115625125,0.6708452053992873,0.2100808376381588,0.7845423731664294,0
553,69,1,0.6210823250664487,0.7262153176254941,93.61857103682746,30,35,6,0.1,1,0.16666666666666666,0.36666666666666664,0.0,0.0,0.1,0.4913991674019213,0.7173205991993679,0.39625718931516574,0.7262153176254941,1
554,69,2,0.49656710735224274,0.315284540461993,96.48220458932965,30,35,6,0.1,0,0.13333333333333333,0.36666666666666664,0.0,0.0,0.0,0.4453891496064687,0.7594764756233872,0.2644290497281289,0.6450248112685937,0
555,69,3,0.21695576872713626,0.2573238232963725,76.41880480791113,30,35,6,0.16666666666666666,1,0.7333333333333333,0.36666666666666664,0.18181818181818182,0.7272727272727273,0.2,0.44867948936075686,0.72694069224876,0.37712427190381115,0.8189226256128488,0
556,69,4,0.8917990763122634,0.9030799346387878,225.7010457407215,30,35,6,0.4,1,0.8666666666666667,0.36666666666666664,0.2727272727272727,0.6363636363636364,0.16666666666666666,0.594667128765405,0.9408457188876025,0.5668459464890305,1.0,1
557,69,5,0.3618808201367599,0.3936172304327148,104.97163485830181,30,35,6,0.3333333333333333,1,0.8333333333333334,0.36666666666666664,0.2727272727272727,0.7272727272727273,0.2,0.5162903649181101,0.7736870227283565,0.48661730679143744,0.7776087840371848,1
558,69,6,0.5701226253526388,0.26101285790812756,83.86729924309749,30,35,6,0.26666666666666666,1,0.6333333333333333,0.36666666666666664,0.09090909090909091,0.45454545454545453,0.16666666666666666,0.5608709487517667,0.8216075010023117,0.5085083928017824,0.798089425635737,1
559,69,7,0.6827928652902024,0.5483518803839444,141.41185644511972,30,35,6,0.0,0,0.0,0.36666666666666664,0.0,0.0,0.0,0.40351540248310336,0.6827928652902024,0.2981369851465883,0.5533121096333342,0
560,70,0,0.25965499896193783,0.33983585934585,66.11173407397335,30,41,2,0.0,0,0.0,0.1,0.0,0.0,0.0,0.4093082439779847,0.7211319538549026,0.3002922073853025,0.5887243713430301,0
561,70,1,0.32547620791030085,0.22739568846991187,101.31506505345554,30,41,2,0.06666666666666667,0,0.1,0.1,0.0,0.0,0.0,0.44099599540914575,0.7429429071305562,0.3879726379643789,0.7686942592498639,0
562,70,2,0.4665713685196019,0.4684253043902671,100.38091859035211,30,41,2,0.23333333333333334,1,0.7,0.1,0.3333333333333333,0.6666666666666666,0.03333333333333333,0.5355506685975864,0.8017226243754683,0.4821703755954069,0.724478273031144,1
563,70,3,0.530663546530529,0.13381712454692415,84.08943134579152,30,41,2,0.16666666666666666,0,0.5333333333333333,0.1,0.0,0.0,0.0,0.5807712158078865,0.8021562280718714,0.4711264021220552,0.865579998663986,0
564,70,4,0.407426762094358,0.27715663497658594,80.70907525922024,30,41,2,0.06666666666666667,0,0.36666666666666664,0.1,0.0,0.0,0.0,0.4183428294934888,0.7579713912407402,0.307973768026,0.7872803335619318,0
565,70,5,0.31340802226455977,0.08675729441452293,35.551831003264276,30,41,2,0.06666666666666667,1,0.8,0.1,0.3333333333333333,0.6666666666666666,0.06666666666666667,0.39381776561424525,0.6683420506987334,0.26395742448898407,0.678709881908305,0
566,70,6,0.43294046154286403,0.5527157330405686,110.20837291213533,30,41,2,0.23333333333333334,0,0.5,0.1,0.0,0.0,0.06666666666666667,0.5030677432609394,0.8450200095303273,0.40176771063024846,0.7951444773302524,0
567,70,7,0.37955624724376824,0.16991507513561904,95.26747975649579,30,41,2,0.1,0,0.1,0.1,0.0,0.0,0.0,0.4848710252260177,0.9006089505646641,0.3638296804302501,0.686544272678238,0
568,71,0,0.5973532725072682,0.7040823137632743,150.24104115878413,27,39,3,0.3333333333333333,1,0.8518518518518519,0.5185185185185185,0.35714285714285715,0.7142857142857143,0.07407407407407407,0.6281723590189848,0.9325604459191854,0.5215545643179916,0.9599470415189924,1
569,71,1,0.5161214009397322,0.5403813835270485,128.41287026724717,27,39,3,0.07407407407407407,1,0.2962962962962963,0.5185185185185185,0.07142857142857142,0.35714285714285715,0.0,0.49106579632211333,0.9088657772094245,0.360692847990609,0.7890855746085808,1
570,71,2,0.41316547610177035,0.21747199999191766,59.973438081109116,27,39,3,0.14814814814814814,1,0.8888888888888888,0.5185185185185185,0.07142857142857142,0.7857142857142857,0.1111111111111111,0.4613226496665629,0.9300829924089222,0.3645551617482377,0.9349134518915109,1
571,71,3,0.27482437852636726,0.290494398024523,58.60079125570499,27,39,3,0.2222222222222222,1,0.7037037037037037,0.5185185185185185,0.2857142857142857,0.5,0.07407407407407407,0.49299585243949184,0.9681470392691529,0.44260059679705716,0.90034727279922,1
572,71,4,0.481762502832622,0.33318676746218423,102.18560394088918,27,39,3,0.037037037037037035,0,0.037037037037037035,0.5185185185185185,0.0,0.0,0.0,0.4058801489750208,0.6417375724668511,0.3595107272631973,0.7316691786352697,1
573,71,5,0.5369607291328148,0.570718031958994,101.24204273701315,27,39,3,0.1111111111111111,1,0.8518518518518519,0.5185185185185185,0.07142857142857142,0.7142857142857143,0.07407407407407407,0.4143644694133704,0.9267108717606132,0.24139423819954278,0.9190507458539812,1
574,71,6,0.3450463206675464,0.35803468638222713,92.87965251909452,27,39,3,0.037037037037037035,0,0.037037037037037035,0.5185185185185185,0.0,0.0,0.0,0.4678393284047227,0.7592712252785634,0.3651727196951279,0.7357439223170416,0
575,71,7,0.44774925730977105,0.29248582946110735,77.37389065539487,27,39,3,0.07407407407407407,1,0.7037037037037037,0.5185185185185185,0.14285714285714285,0.6428571428571429,0.1111111111111111,0.42628021507975905,0.8806842059120361,0.3434150444384728,0.8520947915327768,1
576,72,0,0.4586308573395756,0.2991453891630935,82.36120054320112,29,35,7,0.27586206896551724,1,0.9310344827586207,0.3103448275862069,0.3333333333333333,0.8888888888888888,0.2413793103448276,0.5165788514464139,0.7654431593451974,0.44292746680412093,0.8371638535918494,1
577,72,1,0.5452894544427132,0.32890968416682065,70.44839063476387,29,35,7,0.10344827586206896,1,0.2413793103448276,0.3103448275862069,0.1111111111111111,0.3333333333333333,0.0,0.40474859387200357,0.8524666518163062,0.25705076309417363,0.899941624332888,1
578,72,2,0.5987951315509856,0.5249153837669915,130.92836426260308,29,35,7,0.06896551724137931,0,0.1724137931034483,0.3103448275862069,0.1111111111111111,0.1111111111111111,0.06896551724137931,0.4490309817904421,0.7623699651417593,0.3186107576753005,0.7425535952098966,0
579,72,3,0.4412634938494555,0.36595502762166715,90.35287764476132,29,35,7,0.3103448275862069,1,0.896551724137931,0.3103448275862069,0.2222222222222222,0.7777777777777778,0.2413793103448276,0.5694005391705425,0.909290023797533,0.49463818537882814,0.8951489764715251,0
580,72,4,0.469161604176523,0.21903371866771634,81.81590986175928,29,35,7,0.27586206896551724,1,0.8620689655172413,0.3103448275862069,0.3333333333333333,0.7777777777777778,0.2413793103448276,0.5147177484826266,0.8108064107862183,0.43819530164276727,0.8545487019014218,1
581,72,5,0.7380719811900907,0.4992308681573339,123.97789234637123,29,35,7,0.20689655172413793,1,0.9310344827586207,0.3103448275862069,0.4444444444444444,0.8888888888888888,0.2413793103448276,0.5029793782683407,1.0,0.41301048582364913,0.9222550354400872,1
582,72,6,0.4132525294044271,0.36647657782308074,79.17826214085687,29,35,7,0.10344827586206896,1,0.13793103448275862,0.3103448275862069,0.1111111111111111,0.1111111111111111,0.0,0.4891858201695565,0.7510050536223211,0.35639502004462703,0.7054930304231122,1
583,72,7,0.44912137657380574,0.0,36.697911551451796,29,35,7,0.06896551724137931,0,0.10344827586206896,0.3103448275862069,0.0,0.0,0.034482758620689655,0.38124110990135957,0.7521774398628496,0.2277467700357149,0.7470519760725408,0
584,73,0,0.8050843386037566,0.8427856581912889,166.403912475067,27,28,9,0.25925925925925924,1,0.7407407407407407,0.2962962962962963,0.375,0.625,0.2962962962962963,0.5680486192785938,0.8873002299976669,0.49867370324793936,0.8582771732028945,1
585,73,1,0.3291043293110968,0.43731892162964225,95.29603269596129,27,28,9,0.14814814814814814,1,0.5555555555555556,0.2962962962962963,0.25,0.375,0.2222222222222222,0.512220537611402,0.8182488060371109,0.40026550823345025,0.6911403189609735,1
586,73,2,0.48723945971148247,0.48151831662407685,73.04839641973787,27,28,9,0.14814814814814814,1,0.2222222222222222,0.2962962962962963,0.125,0.125,0.1111111111111111,0.42383997119950706,0.7644397596179501,0.34591685194825844,0.6287183668581294,1
587,73,3,0.3818068058683295,0.12085215551478937,52.72189307879482,27,28,9,0.14814814814814814,1,0.5185185185185185,0.2962962962962963,0.125,0.375,0.2222222222222222,0.384703125717746,0.854930565461279,0.2706466086120589,0.6914114535523618,0
588,73,4,0.5978535501673129,0.4783927683399959,129.707536429539,27,28,9,0.18518518518518517,1,0.8518518518518519,0.2962962962962963,0.25,0.75,0.3333333333333333,0.5791196836766028,0.9654011836496628,0.4751998718633245,0.9718514855357668,1
589,73,5,0.5143631971744607,0.16127712317739798,60.8559889671015,27,28,9,0.037037037037037035,1,0.4074074074074074,0.2962962962962963,0.125,0.25,0.18518518518518517,0.3747971335872358,0.7371998445438278,0.25217758508853433,0.6301755571463183,1
590,73,6,1.0,0.8428546158571976,181.44404160908232,27,28,9,0.25925925925925924,1,0.5555555555555556,0.2962962962962963,0.25,0.375,0.25925925925925924,0.5644183631418728,1.0,0.5130698251341467,0.8428546158571976,0
591,73,7,0.6200918613939091,0.4018006435114898,120.17213208604463,27,28,9,0.037037037037037035,0,0.037037037037037035,0.2962962962962963,0.0,0.0,0.0,0.4015842746995276,0.823266336085271,0.25374414124898154,0.6782195796737694,0
592,74,0,0.39023344754342,0.3362192010619793,83.32430841017107,28,33,4,0.17857142857142858,1,0.4642857142857143,0.17857142857142858,0.2,0.4,0.07142857142857142,0.5015433017360816,0.7732652398016202,0.42207728824945157,0.9306870174966113,1
593,74,1,0.6610318180484986,0.41156751491173005,110.08054141573814,28,33,4,0.14285714285714285,1,0.42857142857142855,0.17857142857142858,0.2,0.2,0.03571428571428571,0.5139172475963536,0.7004444712549455,0.4525551279294506,0.7358185643442993,1
594,74,2,0.5169480521494247,0.4767558167391619,111.70998149943385,28,33,4,0.25,1,0.9642857142857143,0.17857142857142858,0.4,1.0,0.14285714285714285,0.520483082391803,0.8638511214755572,0.46212356611402805,0.9697541131313748,1
595,74,3,0.7081364829945964,0.7314706189157526,161.28240587182412,28,33,4,0.17857142857142858,1,0.9642857142857143,0.17857142857142858,0.2,0.8,0.14285714285714285,0.49723808152743204,0.7331695516518039,0.42088616528013917,0.7314706189157526,0
596,74,4,0.3953903187051766,0.5393971619901297,112.43920604769384,28,33,4,0.07142857142857142,0,0.07142857142857142,0.17857142857142858,0.0,0.0,0.03571428571428571,0.4495528932361143,0.79779550617686,0.3277056031051949,0.6311067373932222,1
597,74,5,0.23915039201266408,0.07106972221865185,71.61946047111945,28,33,4,0.03571428571428571,0,0.10714285714285714,0.17857142857142858,0.0,0.0,0.07142857142857142,0.358362218027259,0.5775489492715101,0.21886985218251342,0.6165864515278232,1
598,74,6,0.6591325772758015,0.4681245176223862,115.90376723968716,28,33,4,0.0,0,0.0,0.17857142857142858,0.0,0.0,0.0,0.37827920722083874,0.6591325772758015,0.2307847899912431,0.5670260568701274,1
599,74,7,0.4910842725620141,0.5098206508683677,116.97685768072435,28,33,4,0.14285714285714285,1,0.6428571428571429,0.17857142857142858,0.4,0.8,0.10714285714285714,0.45734975707693104,0.8214984706476874,0.385374193413977,1.0,0
600,75,0,0.053111889191845396,0.034551283223231796,42.85998529051309,28,31,4,0.07142857142857142,1,0.4642857142857143,0.14285714285714285,0.25,0.25,0.10714285714285714,0.3326188905108402,0.6245490600144455,0.2311539662538063,0.7621925822694439,1
601,75,1,0.30411740471941784,0.16968394644169,52.262512729272444,28,31,4,0.21428571428571427,1,1.0,0.14285714285714285,0.5,1.0,0.14285714285714285,0.4508916293414513,0.7755744725184116,0.3821082983853952,0.7466421395699326,1
602,75,2,0.5763449569910698,0.4728571312191785,130.3432175634313,28,31,4,0.07142857142857142,0,0.10714285714285714,0.14285714285714285,0.0,0.0,0.0,0.4348325015604841,0.7437960077768985,0.3302215421040019,0.6860935940381498,1
603,75,3,0.3739254305365054,0.0,89.81734351209205,28,31,4,0.07142857142857142,0,0.21428571428571427,0.14285714285714285,0.0,0.0,0.03571428571428571,0.4651090685251531,0.7602909946011601,0.3347697520183141,0.7379759864335755,0
604,75,4,0.23052544385669754,0.09543447420326671,54.98297278884012,28,31,4,0.03571428571428571,0,0.03571428571428571,0.14285714285714285,0.0,0.0,0.0,0.3833951513679991,0.5631670153607657,0.2502860832620793,0.6438855270151733,0
605,75,5,0.5431640909760862,0.44361697081877816,83.93119723383873,28,31,4,0.25,1,0.8214285714285714,0.14285714285714285,0.25,0.75,0.14285714285714285,0.5032912638121069,0.7885689912038962,0.4881213628338821,0.9716326648832042,0
606,75,6,0.3890015207256843,0.3517676835925216,88.35716137328414,28,31,4,0.2857142857142857,1,0.5357142857142857,0.14285714285714285,0.5,0.5,0.14285714285714285,0.5405730377764387,0.9133612577896241,0.47773762173269374,0.877021056670995,1
607,75,7,0.46177120169140246,0.16704879144232285,65.07416788392722,28,31,4,0.25,1,0.75,0.14285714285714285,0.25,0.25,0.14285714285714285,0.5644978001032344,0.9121369239795424,0.4762484372172628,0.8518409093846493,0
608,76,0,0.5285006659993202,0.4034842951086435,85.43662362183153,26,31,4,0.11538461538461539,1,0.6153846153846154,0.38461538461538464,0.2,0.7,0.15384615384615385,0.4404142881869284,0.6868674072629796,0.3531527631462982,0.7415636254039477,0
609,76,1,0.5123440882993658,0.3590234440318537,111.45688023005573,26,31,4,0.3076923076923077,1,0.7692307692307693,0.38461538461538464,0.4,0.7,0.15384615384615385,0.5355238613058408,0.8094025807267895,0.4893764711003511,0.8778609933211514,1
610,76,2,0.19580101972127661,0.19281224898889895,47.8305834053739,26,31,4,0.07692307692307693,0,0.07692307692307693,0.38461538461538464,0.0,0.0,0.0,0.41390245457674957,0.7075030387141347,0.2887549107952664,0.6874309219796213,0
611,76,3,0.2303794033023449,0.1943148883621829,53.20302253852724,26,31,4,0.038461538461538464,1,0.2692307692307692,0.38461538461538464,0.1,0.3,0.038461538461538464,0.3545667587022722,0.7593432242073574,0.20930919226893102,0.6594933057475862,1
612,76,4,0.34321972838304454,0.04812418483289274,45.33333809281778,26,31,4,0.038461538461538464,0,0.038461538461538464,0.38461538461538464,0.0,0.0,0.0,0.39586437868170765,0.6365158502174798,0.2861340943808319,0.6013767500789036,1
613,76,5,0.41358526562134496,0.35137325100733074,68.75998158002753,26,31,4,0.15384615384615385,1,0.6153846153846154,0.38461538461538464,0.3,0.7,0.15384615384615385,0.4523620917630037,0.7110670692067133,0.3250573076348767,0.8572856334462409,1
614,76,6,0.5307473270841029,0.6500531111593713,93.09433871443571,26,31,4,0.3076923076923077,1,0.8461538461538461,0.38461538461538464,0.3,0.8,0.15384615384615385,0.5301343943809081,0.7593922818465517,0.43018134830474464,0.6984538075952058,1
615,76,7,0.42122734144969237,0.21690016765481654,97.07144027273063,26,31,4,0.07692307692307693,0,0.07692307692307693,0.38461538461538464,0.0,0.0,0.0,0.503578416992507,0.7903401228728304,0.37210702094991926,0.7998923072925498,1
616,77,0,0.234753182596619,0.344433557047895,66.68770733847903,28,34,6,0.07142857142857142,1,0.4642857142857143,0.21428571428571427,0.16666666666666666,0.6666666666666666,0.21428571428571427,0.39141027336304074,0.9771752734686258,0.2751133927765638,1.0,1
617,77,1,0.3372136744568881,0.17312845207282956,46.2744090285444,28,34,6,0.07142857142857142,0,0.35714285714285715,0.21428571428571427,0.0,0.0,0.03571428571428571,0.4077891960235812,0.7820634089627672,0.27580065983306035,0.807367373844782,0
618,77,2,0.29258692810013315,0.10418330710420494,49.37306913298001,28,34,6,0.10714285714285714,0,0.25,0.21428571428571427,0.0,0.0,0.07142857142857142,0.3806746012772034,0.717003871943764,0.2420764191146792,0.6085798286407169,0
619,77,3,0.44515688721601965,0.30611321145464365,75.64677429297997,28,34,6,0.03571428571428571,0,0.2857142857142857,0.21428571428571427,0.0,0.0,0.03571428571428571,0.4171914162798389,0.8360919883279769,0.2871702191213504,0.6092333363161467,1
620,77,4,0.60025970696924,0.44710787192435536,88.52474984653514,28,34,6,0.21428571428571427,1,0.75,0.21428571428571427,0.5,0.8333333333333334,0.17857142857142858,0.5411750438882573,1.0,0.47118117798125325,0.9377233725767831,1
621,77,5,0.5677643335782696,0.660207672391282,132.76733109369528,28,34,6,0.14285714285714285,1,0.2857142857142857,0.21428571428571427,0.0,0.0,0.07142857142857142,0.5360034322609674,0.7417455499654461,0.45739321099183056,0.8203393022414383,0
622,77,6,0.4915516484189173,0.3069427647963336,81.44840031286579,28,34,6,0.14285714285714285,1,0.4642857142857143,0.21428571428571427,0.16666666666666666,0.6666666666666666,0.17857142857142858,0.4916688884015113,0.8169485681276869,0.4064717499899155,0.7996236748792956,0
623,77,7,0.5239330769873922,0.5790661110572982,124.39626619472612,28,34,6,0.14285714285714285,1,0.75,0.21428571428571427,0.16666666666666666,0.6666666666666666,0.21428571428571427,0.5100650651876408,0.7904277494721721,0.4212956136903084,0.6870570635327256,1
624,78,0,0.5477781806750488,0.3066963324616751,84.65357015517633,30,37,6,0.03333333333333333,0,0.8,0.26666666666666666,0.125,0.75,0.2,0.37366069213615655,0.8108384295871682,0.2661367475960176,0.6078996077745367,0
625,78,1,0.7852121508684493,0.7240753798086808,145.12990363663033,30,37,6,0.3333333333333333,1,0.9333333333333333,0.26666666666666666,0.375,0.875,0.2,0.5201628612997616,0.8241271275984018,0.48669961093030395,0.9519489345477896,1
626,78,2,0.6220865074412215,0.5501791507879691,144.48347522956283,30,37,6,0.16666666666666666,0,0.3,0.26666666666666666,0.0,0.0,0.06666666666666667,0.5614257281837118,0.7416899658400158,0.4652789592535046,0.7391837706482528,0
627,78,3,0.4931658751973439,0.3999784403833252,108.32338150692006,30,37,6,0.26666666666666666,1,0.6666666666666666,0.26666666666666666,0.25,0.375,0.16666666666666666,0.532128347557221,0.9283324613822673,0.5088281667718593,0.8851130809454533,0
628,78,4,0.297634870620765,0.16123006940117082,29.971655602061364,30,37,6,0.13333333333333333,0,0.8,0.26666666666666666,0.25,0.75,0.2,0.46183272645389045,0.7916436264502025,0.36816740757300725,0.6561849068736192,0
629,78,5,0.3107219422082603,0.42941763181992776,84.46079538235509,30,37,6,0.1,0,0.1,0.26666666666666666,0.0,0.0,0.03333333333333333,0.45104230452915484,0.780419627453899,0.41403685918307825,0.6696677652285564,0
630,78,6,0.4173664168839182,0.30599485015923866,64.14864480074483,30,37,6,0.03333333333333333,0,0.16666666666666666,0.26666666666666666,0.0,0.0,0.03333333333333333,0.3877412299621125,0.6100275139319046,0.2638019211258857,0.6495181723619193,0
631,78,7,0.4597931610667098,0.2853601394955234,42.38586303325798,30,37,6,0.0,0,0.0,0.26666666666666666,0.0,0.0,0.0,0.3454384786904225,0.610390846724577,0.18946527597235047,0.42517511461427565,0
632,79,0,1.0,0.7995689079259812,199.28354889571506,25,35,3,0.52,1,0.84,0.44,0.5454545454545454,0.8181818181818182,0.12,0.6330585428945409,1.0,0.5832085295788558,0.9962225236175837,1
633,79,1,0.5634440282263957,0.6669631917096075,130.0645620767095,25,35,3,0.08,1,0.24,0.44,0.09090909090909091,0.18181818181818182,0.0,0.5601559049672699,0.7436909604816986,0.455387366627065,0.7343274759229768,1
634,79,2,0.5377566921614433,0.42083652696534707,87.85217054075518,25,35,3,0.24,1,0.92,0.44,0.18181818181818182,0.9090909090909091,0.12,0.5441008607291142,0.8988974099272574,0.49615244517909896,0.8984635595969498,1
635,79,3,0.4188160908493446,0.46704346165934535,85.60928217010866,25,35,3,0.0,0,0.0,0.44,0.0,0.0,0.0,0.5075494902830051,0.7592996192115287,0.38695896780618433,0.5851601372945389,0
636,79,4,0.5122054578649465,0.3633683472269432,68.22585183406039,25,35,3,0.28,1,0.96,0.44,0.45454545454545453,0.9090909090909091,0.12,0.46914809882228103,0.8174805064139412,0.411497259209524,0.7451783907049583,1
637,79,5,0.4244324560427141,0.5266604783165181,124.82200428351192,25,35,3,0.32,1,0.68,0.44,0.18181818181818182,0.45454545454545453,0.12,0.5384623021259708,0.8343744574989511,0.5104155571642143,0.776459251391872,1
638,79,6,0.5373882632032977,0.3524354427590531,95.49667924167018,25,35,3,0.32,1,0.96,0.44,0.18181818181818182,0.9090909090909091,0.12,0.5834595782343698,0.8631094562938147,0.5098709833158752,0.8244345019208486,1
639,79,7,0.6871474430985491,0.5718611153119788,142.63695380775752,25,35,3,0.0,0,0.0,0.44,0.0,0.0,0.0,0.4984834416692368,0.6888829524366256,0.35966573891222287,0.5718611153119788,1
640,80,0,0.483405713894472,0.2611132454050687,108.46204742975898,22,29,3,0.2727272727272727,1,0.7272727272727273,0.5909090909090909,0.3076923076923077,0.6153846153846154,0.13636363636363635,0.552603751441985,0.8380147538046406,0.5308313282269622,0.8681999329038828,0
641,80,1,0.3784933360514242,0.23689585683966685,69.91018915360769,22,29,3,0.13636363636363635,1,0.7272727272727273,0.5909090909090909,0.15384615384615385,0.6153846153846154,0.09090909090909091,0.43280281642586726,0.7173883758371945,0.30856752053411773,0.6619648599055178,1
642,80,2,0.40186169547702055,0.40444883238968077,91.53851942778302,22,29,3,0.18181818181818182,1,0.36363636363636365,0.5909090909090909,0.15384615384615385,0.23076923076923078,0.045454545454545456,0.5277964254752758,0.8923041779982069,0.4705152922246016,0.8725880137628069,1
643,80,3,0.4615350011271769,0.36934886408000356,85.23540316272968,22,29,3,0.18181818181818182,1,0.5454545454545454,0.5909090909090909,0.15384615384615385,0.3076923076923077,0.045454545454545456,0.5016907276580173,0.8686512749930353,0.41781678121531324,0.9619945274190067,1
644,80,4,0.38049221543328915,0.24276811756090083,24.86677658590818,22,29,3,0.045454545454545456,0,0.09090909090909091,0.5909090909090909,0.0,0.0,0.0,0.4165705825765629,0.717333714790607,0.2952312207406663,0.717596879495712,0
645,80,5,0.4926409831719034,0.3941226939969387,113.62715901451791,22,29,3,0.18181818181818182,1,0.6363636363636364,0.5909090909090909,0.3076923076923077,0.5384615384615384,0.09090909090909091,0.4586502469618386,0.7817756759835487,0.3952567279201546,0.9358304809882749,0
646,80,6,0.5260399217667218,0.3533158929482129,110.83473098211128,22,29,3,0.13636363636363635,0,0.13636363636363635,0.5909090909090909,0.07692307692307693,0.07692307692307693,0.045454545454545456,0.4539492344849892,0.7850101167592067,0.3969245075786991,0.9290006661280542,1
647,80,7,0.11658411177571032,0.011206570734878102,60.99767504382881,22,29,3,0.0,0,0.0,0.5909090909090909,0.0,0.0,0.0,0.37110872703520986,0.7206615155635597,0.2195856101292488,0.5650944908183073,0
648,81,0,0.18398403849106093,0.05357948668962306,35.872062029347475,20,26,1,0.0,0,0.0,0.45,0.0,0.0,0.0,0.4061967923487283,0.6919468890882303,0.2846004186668632,0.5811625155235813,0
649,81,1,0.48332485977323286,0.4519465080659987,89.78513066021412,20,26,1,0.1,1,0.85,0.45,0.2222222222222222,0.7777777777777778,0.05,0.440221172965762,0.8550061101461531,0.3859990965367873,0.656110068494409,0
650,81,2,0.2526260127160222,0.1139455383878332,36.408394820340966,20,26,1,0.0,0,0.0,0.45,0.0,0.0,0.0,0.3787137088335183,0.6254154361293456,0.22477665639300987,0.5177690705930835,0
651,81,3,0.5618497876346095,0.5635310713153139,117.63272129778537,20,26,1,0.25,1,0.5,0.45,0.3333333333333333,0.4444444444444444,0.05,0.5716130172996688,0.8762729477300485,0.505299084096143,0.8818401889374351,1
652,81,4,0.6354084868328901,0.5009199112319498,123.58833147126873,20,26,1,0.35,1,0.9,0.45,0.3333333333333333,0.8888888888888888,0.05,0.6032250547912859,0.9422134165846109,0.568602507790751,0.8799555144944932,1
653,81,5,0.41359356710452183,0.03260056486950355,47.18192204379141,20,26,1,0.1,1,0.7,0.45,0.1111111111111111,0.6666666666666666,0.05,0.4288727815461728,0.8377975812207851,0.3584548678615074,0.9732981406199163,0
654,81,6,0.16646362352944793,0.12802704800026857,48.86686189359606,20,26,1,0.05,0,0.1,0.45,0.1111111111111111,0.1111111111111111,0.05,0.34106361521509015,0.7627885205678303,0.22367011940138065,0.7170604102706312,0
655,81,7,0.3423650284225379,0.15515937383858242,67.55135065785531,20,26,1,0.2,1,0.8,0.45,0.4444444444444444,0.7777777777777778,0.05,0.5253137950625635,0.7437351317630572,0.40281944108185197,0.7666634718461619,1
656,82,0,0.30099402057083224,0.06060324857771787,51.61807693577278,23,28,5,0.13043478260869565,0,0.17391304347826086,0.34782608695652173,0.125,0.125,0.08695652173913043,0.4122322833573719,0.7282116009938326,0.32226048179942784,0.7335257319072805,0
657,82,1,0.5827403200758425,0.4007568980612086,100.21565072017862,23,28,5,0.17391304347826086,1,0.8260869565217391,0.34782608695652173,0.25,0.875,0.17391304347826086,0.4651330249854816,0.8206897945368108,0.3756606189061839,0.8681336000629352,0
658,82,2,0.15056174568968045,0.0,29.019533333504107,23,28,5,0.043478260869565216,1,0.782608695652174,0.34782608695652173,0.125,0.875,0.17391304347826086,0.3494191741589087,0.7886049932406746,0.26880624454509694,0.8351243713588914,0
659,82,3,0.31887679071957087,0.24125890529467253,67.89686055629231,23,28,5,0.08695652173913043,0,0.5217391304347826,0.34782608695652173,0.125,0.25,0.13043478260869565,0.4715843925822057,0.7500560126761029,0.39440135338207083,0.6714186101768227,1
660,82,4,0.6378482071201513,0.597608255619392,166.10405955184098,23,28,5,0.21739130434782608,0,0.6956521739130435,0.34782608695652173,0.25,0.5,0.13043478260869565,0.5577717369073948,0.8834458545769237,0.5014455179423987,0.8511634833613297,1
661,82,5,0.49263780793895595,0.5412808916888338,105.27507918070087,23,28,5,0.17391304347826086,1,0.8695652173913043,0.34782608695652173,0.375,1.0,0.17391304347826086,0.5146697997003382,0.826535862248425,0.4294891387023133,0.8520072061362278,0
662,82,6,0.7307838784217173,0.82787844753596,136.77697676788858,23,28,5,0.13043478260869565,1,0.13043478260869565,0.34782608695652173,0.0,0.0,0.043478260869565216,0.5016732224854905,0.7698434586879994,0.39621957360315024,0.8426214768578466,0
663,82,7,0.3035129710885711,0.175719947707436,48.222744061888434,23,28,5,0.30434782608695654,1,0.8260869565217391,0.34782608695652173,0.375,0.875,0.13043478260869565,0.5540312072613642,0.8500341715324093,0.468107192071096,1.0,0
664,83,0,0.373943366865078,0.34231204501126,76.51115489661365,29,38,4,0.2413793103448276,1,0.4482758620689655,0.27586206896551724,0.125,0.375,0.06896551724137931,0.5029255538168599,0.772359695719046,0.43433622457306237,0.7230261154107223,0
665,83,1,0.26394705920961575,0.15076457999540077,37.09312304852661,29,38,4,0.034482758620689655,0,0.034482758620689655,0.27586206896551724,0.0,0.0,0.034482758620689655,0.3718687179126853,0.6869365323829915,0.22569849651192586,0.6671639334534121,0
666,83,2,0.5871925948154889,0.5185464706870198,110.640216691189,29,38,4,0.034482758620689655,0,0.034482758620689655,0.27586206896551724,0.0,0.0,0.0,0.5114545148952395,0.7775939352833613,0.39163572342089725,0.6149693599454662,1
667,83,3,0.4551873496510797,0.2654086691813989,79.22532967741736,29,38,4,0.06896551724137931,0,0.06896551724137931,0.27586206896551724,0.0,0.0,0.0,0.3952908188704717,0.6670235660337783,0.3005236336004683,0.7200010917208688,1
668,83,4,0.5100024548356564,0.3666769148800828,121.4689854959702,29,38,4,0.20689655172413793,1,0.8275862068965517,0.27586206896551724,0.25,0.875,0.13793103448275862,0.509236347519047,0.8715629521961179,0.4043403922197431,0.890613101200737,1
669,83,5,0.3719121904981074,0.5389604361649615,124.9519339951591,29,38,4,0.20689655172413793,1,0.5517241379310345,0.27586206896551724,0.125,0.375,0.10344827586206896,0.527714909494365,0.8053586153788941,0.4802246148117544,0.7384210631805175,1
670,83,6,0.2523837208700909,0.04758940149184662,62.85472289362325,29,38,4,0.034482758620689655,0,0.034482758620689655,0.27586206896551724,0.0,0.0,0.0,0.42381477326550965,0.7562260585950655,0.3295296597692925,0.6265972538780675,0
671,83,7,0.5740709204619683,0.5362522965135427,121.74779890469547,29,38,4,0.2413793103448276,1,0.9310344827586207,0.27586206896551724,0.375,0.875,0.13793103448275862,0.5972545928665232,0.848095959373722,0.5052398662635164,0.7884927864052911,1
672,84,0,0.7138588151750488,0.4448016160219328,138.78158234601753,28,42,2,0.42857142857142855,1,0.9285714285714286,0.2857142857142857,0.5,0.75,0.07142857142857142,0.627763292012168,0.9318590713360219,0.5536549633302185,1.0,0
673,84,1,0.3397895375461807,0.36888317815759075,80.74108539787818,28,42,2,0.14285714285714285,0,0.21428571428571427,0.2857142857142857,0.0,0.0,0.03571428571428571,0.4537685488078264,0.7286871361649436,0.34897343729685326,0.9003837451079528,1
674,84,2,0.44510428929289925,0.32224822209796905,76.91807173370619,28,42,2,0.03571428571428571,0,0.2857142857142857,0.2857142857142857,0.125,0.125,0.03571428571428571,0.40940443786291747,0.6755806502196833,0.2946471473520115,0.7239063793651065,0
675,84,3,0.3203805404581892,0.17066756771919228,54.74677105619804,28,42,2,0.07142857142857142,0,0.5714285714285714,0.2857142857142857,0.125,0.25,0.07142857142857142,0.37337852647123115,0.7560502843146734,0.2770312176790141,0.7955444610069202,1
676,84,4,0.38794541419678347,0.22586182570455432,78.10718255260048,28,42,2,0.0,0,0.0,0.2857142857142857,0.0,0.0,0.0,0.33200178482255377,0.5552708820895761,0.20640280003722777,0.5071927434169448,0
677,84,5,0.44879833752408316,0.517920154521905,98.2306227087822,28,42,2,0.0,0,0.0,0.2857142857142857,0.0,0.0,0.0,0.42173977432225884,0.7581120187416373,0.2789019458502725,0.5908928577490534,0
678,84,6,0.11087887345488256,0.021096966257133254,52.5290324144951,28,42,2,0.07142857142857142,0,0.6785714285714286,0.2857142857142857,0.125,0.25,0.07142857142857142,0.4889134757581104,0.8661524092427483,0.35112701684330183,0.6140593342680088,1
679,84,7,0.3274331901880185,0.2686160785129827,74.7217431793306,28,42,2,0.03571428571428571,0,0.03571428571428571,0.2857142857142857,0.0,0.0,0.0,0.38770265954647715,0.729970001693411,0.2143042287657655,0.6360804265630258,0
680,85,0,0.46470642617746016,0.25692571670799125,71.57668631559957,26,37,3,0.07692307692307693,1,0.6153846153846154,0.5,0.07692307692307693,0.6923076923076923,0.07692307692307693,0.48683696317182024,0.8513033432901623,0.38271815345411486,0.8971305277972189,1
681,85,1,0.5057253372776538,0.21208727748068182,80.51867550164863,26,37,3,0.15384615384615385,0,0.23076923076923078,0.5,0.0,0.0,0.0,0.5405239001370625,1.0,0.42779904047507417,1.0,1
682,85,2,0.5444614676182735,0.15442494358408798,77.33828611316594,26,37,3,0.038461538461538464,0,0.23076923076923078,0.5,0.07692307692307693,0.07692307692307693,0.07692307692307693,0.46403541830246764,0.807692442257665,0.3494601048748959,0.6220566638492026,1
683,85,3,0.4434235312470517,0.3951935658720429,118.47526974769816,26,37,3,0.11538461538461539,1,0.34615384615384615,0.5,0.15384615384615385,0.23076923076923078,0.07692307692307693,0.4700348255101041,0.7701779607025546,0.3914338008654858,0.855165048633348,1
684,85,4,0.5347659826683347,0.4018695090581271,96.03344382194277,26,37,3,0.23076923076923078,1,0.5384615384615384,0.5,0.15384615384615385,0.38461538461538464,0.038461538461538464,0.5695314276580612,1.0,0.4600197918413851,0.9790247267180211,1
685,85,5,0.37584676505352055,0.5195870303266529,95.9817449442493,26,37,3,0.11538461538461539,1,0.3076923076923077,0.5,0.07692307692307693,0.15384615384615385,0.0,0.5268889526836408,0.9353979265102044,0.4455276940393276,0.8951554015439861,1
686,85,6,0.44558204883118757,0.42803819741118626,123.33886394779992,26,37,3,0.38461538461538464,1,1.0,0.5,0.46153846153846156,1.0,0.11538461538461539,0.5799332767670233,0.9765767703995073,0.5590370440849028,0.9513878818303909,1
687,85,7,0.26106589171811917,0.42729439629708876,50.71317728567014,26,37,3,0.23076923076923078,1,0.6153846153846154,0.5,0.07692307692307693,0.5384615384615384,0.07692307692307693,0.5002831196770249,0.9346578229563182,0.46571533685810523,0.9052320652546175,1
688,86,0,0.41715126697018856,0.22955694234258694,72.22444097520955,23,32,4,0.17391304347826086,1,0.43478260869565216,0.30434782608695654,0.14285714285714285,0.2857142857142857,0.043478260869565216,0.38239331586637687,0.7154073127524317,0.3222556180143111,0.7801392976956617,1
689,86,1,0.3518144446533056,0.4730507841304968,114.44367576690877,23,32,4,0.13043478260869565,0,0.21739130434782608,0.30434782608695654,0.0,0.0,0.0,0.44772218645699075,0.7013041037579971,0.3431659102593397,0.7092592961088995,0
690,86,2,0.4457221441262277,0.26666724655871893,80.80418318596026,23,32,4,0.17391304347826086,1,0.30434782608695654,0.30434782608695654,0.14285714285714285,0.14285714285714285,0.043478260869565216,0.5419967101687281,0.7599896722219298,0.47084779002957194,0.742286873418265,0
691,86,3,0.4897838165680345,0.14106176539581758,86.42296427488876,23,32,4,0.17391304347826086,1,0.8260869565217391,0.30434782608695654,0.2857142857142857,0.42857142857142855,0.13043478260869565,0.4594516177604246,0.8947906233616674,0.3193887771459281,0.7475327071484051,1
692,86,4,0.3160787062688731,0.22609768065923597,74.50421672453506,23,32,4,0.08695652173913043,0,0.17391304347826086,0.30434782608695654,0.0,0.0,0.043478260869565216,0.4660961586603908,0.764549605493439,0.3647140016228125,0.635714263220094,1
693,86,5,0.3526817506899779,0.3868292140077678,78.55550021223264,23,32,4,0.13043478260869565,1,0.9130434782608695,0.30434782608695654,0.2857142857142857,0.7142857142857143,0.17391304347826086,0.4573217964219014,0.7360427150986507,0.3850755898745298,0.7246507825028695,1
694,86,6,0.909513897612166,0.7971571757052303,176.213741561034,23,32,4,0.2608695652173913,1,0.8695652173913043,0.30434782608695654,0.2857142857142857,0.8571428571428571,0.17391304347826086,0.5695231399074876,0.909513897612166,0.5209647374342626,0.8391606822447991,1
695,86,7,0.6480570773466869,0.5083807397503726,138.40701498114964,23,32,4,0.043478260869565216,0,0.043478260869565216,0.30434782608695654,0.0,0.0,0.0,0.421036190893373,0.6480570773466869,0.270455739248355,0.6124169753456701,0
696,87,0,0.5956110541950129,0.36064898336317586,109.8406778201222,24,27,5,0.0,0,0.0,0.08333333333333333,0.0,0.0,0.0,0.40007263395260056,0.5956110541950129,0.2511279741751257,0.5249026078912972,1
697,87,1,0.42344429384002075,0.4467500377247146,80.69190745185918,24,27,5,0.16666666666666666,0,0.7083333333333334,0.08333333333333333,0.0,0.0,0.16666666666666666,0.5477064362248302,0.9772382870407862,0.4872304425430248,0.9000792809149025,1
698,87,2,0.5635521578663333,0.2921806381654797,106.53215680947963,24,27,5,0.25,1,0.8333333333333334,0.08333333333333333,0.5,1.0,0.16666666666666666,0.5718268104852796,0.8074807922370396,0.5006656868084259,0.8618556701700261,0
699,87,3,0.6479121882405883,0.3478801097734714,113.79437437426182,24,27,5,0.5,1,1.0,0.08333333333333333,1.0,1.0,0.20833333333333334,0.6320878997910001,0.9064045645489581,0.573822663007802,0.9530397313442115,1
700,87,4,0.3035347103933683,0.347371548240615,72.23012536216935,24,27,5,0.2916666666666667,1,0.9166666666666666,0.08333333333333333,0.5,1.0,0.20833333333333334,0.46643095864236694,0.7525841835395186,0.45323237574141056,0.7706852558932293,0
701,87,5,0.41913097186886156,0.19432700477607093,64.39567334832189,24,27,5,0.0,0,0.0,0.08333333333333333,0.0,0.0,0.0,0.3905418202975426,0.6883767011658536,0.25433930353960627,0.519397279061817,0
702,87,6,0.7994489732029172,0.8313861145707543,147.76402765948623,24,27,5,0.08333333333333333,1,0.08333333333333333,0.08333333333333333,0.0,0.0,0.0,0.492106694962946,0.7994489732029172,0.41685169575937825,0.8313861145707543,0
703,87,7,0.394404581888455,0.20751526751982302,61.12066916695565,24,27,5,0.041666666666666664,0,0.125,0.08333333333333333,0.0,0.0,0.0,0.46960218377574536,0.6175273015537712,0.37620012555069443,0.6588823778345795,0
704,88,0,0.4972492044034835,0.512772371915506,88.34943908830668,20,23,4,0.3,1,0.95,0.35,0.2857142857142857,0.8571428571428571,0.2,0.5639694058242796,0.9441103387058206,0.5093731684872199,1.0,0
705,88,1,0.5641362686655018,0.7033372348871565,86.60881952241435,20,23,4,0.1,1,0.1,0.35,0.0,0.0,0.0,0.5219450005576645,0.7351814012282745,0.44323495881330893,0.7033372348871565,0
706,88,2,0.4294181301633269,0.2559486233695575,56.82324456716567,20,23,4,0.0,0,0.0,0.35,0.0,0.0,0.0,0.4308553849185852,0.757675535449776,0.27195764553016677,0.5986591462134603,0
707,88,3,0.5228878387078093,0.3762745066339652,64.33953387272348,20,23,4,0.1,0,0.1,0.35,0.0,0.0,0.0,0.451204991426327,0.723183520274033,0.3088392611083307,0.7105323117678743,0
708,88,4,0.409879323891241,0.18027983360471664,90.85443630813963,20,23,4,0.15,1,0.9,0.35,0.2857142857142857,0.8571428571428571,0.2,0.5187484710384741,0.9048919739636229,0.41925664502425686,0.8067611578627043,0
709,88,5,0.4647721135241085,0.2497340311857416,50.25253840326896,20,23,4,0.05,0,0.05,0.35,0.0,0.0,0.0,0.4239713417788405,0.7239526013712623,0.30653224572596527,0.6050369105828962,0
710,88,6,0.664139355597886,0.6231081000342126,129.59777227492663,20,23,4,0.5,1,0.8,0.35,0.42857142857142855,0.5714285714285714,0.2,0.6003132082897877,0.8178449254299933,0.5712512589676391,0.904018571381183,0
711,88,7,0.5883500375570735,0.37508103195730796,123.11383977128068,20,23,4,0.35,1,0.95,0.35,0.42857142857142855,0.8571428571428571,0.2,0.5891822831399862,1.0,0.5668305167929424,0.9418192212862188,1
712,89,0,0.8809364486558112,0.8305317799438302,159.74065866988838,22,29,1,0.13636363636363635,1,0.13636363636363635,0.045454545454545456,0.0,0.0,0.0,0.45594544791688474,0.8809364486558112,0.3730068492677719,0.8305317799438302,1
713,89,1,0.4405576336959277,0.26753679745186737,42.24277523887085,22,29,1,0.09090909090909091,0,0.6818181818181818,0.045454545454545456,0.0,0.0,0.045454545454545456,0.4151854901831273,0.6880748806085367,0.3080876009627691,0.6533579332520447,0
714,89,2,0.4893605403025696,0.4948514469618751,72.74571503981014,22,29,1,0.18181818181818182,0,0.7727272727272727,0.045454545454545456,0.0,0.0,0.045454545454545456,0.5383353077343549,0.7702676900110608,0.4252086486029482,0.8123784365864717,0
715,89,3,0.4422363383038381,0.44436714130580207,99.09281368372544,22,29,1,0.09090909090909091,0,0.13636363636363635,0.045454545454545456,0.0,0.0,0.045454545454545456,0.3827785828642659,0.7858508906890098,0.28172442838073375,0.8463885595750776,1
716,89,4,0.5195930890334672,0.3411962787200263,80.16907121248742,22,29,1,0.18181818181818182,0,0.4090909090909091,0.045454545454545456,0.0,0.0,0.045454545454545456,0.5890628296068666,0.9763328412940863,0.4950750939700757,1.0,1
717,89,5,0.3719583401253781,0.2594247044299852,57.580715002645235,22,29,1,0.13636363636363635,0,0.13636363636363635,0.045454545454545456,0.0,0.0,0.0,0.3911354706040678,0.6106727096995467,0.29485460465703855,0.7148244367300005,0
718,89,6,0.41734944397729284,0.2495234202864031,81.25616698676336,22,29,1,0.045454545454545456,1,0.8636363636363636,0.045454545454545456,1.0,1.0,0.045454545454545456,0.44990944994636545,0.68133183193042,0.347212364539643,0.7804014755853804,0
719,89,7,0.7067370173469552,0.679290761057115,169.17638686978995,22,29,1,0.4090909090909091,1,0.9090909090909091,0.045454545454545456,1.0,1.0,0.045454545454545456,0.5614802689332806,0.9193482893434102,0.5311761493033124,0.9715646836205181,1
720,90,0,0.8358969137734864,0.7722590661443682,161.50895738496425,25,34,2,0.32,1,1.0,0.04,1.0,1.0,0.08,0.590110061278453,0.9840515094568647,0.5153905731602325,0.8716076174064025,0
721,90,1,0.31802549676542063,0.6320699372950607,128.06362998100036,25,34,2,0.12,1,0.64,0.04,0.0,0.0,0.04,0.3815717175915994,0.7610355459755822,0.28904000162401217,0.7082472995707445,0
722,90,2,0.6829629943728691,0.7162988182570832,169.81656835608507,25,34,2,0.32,1,0.76,0.04,0.0,0.0,0.04,0.591784843028875,0.8856517223377665,0.5340489451114326,0.9380255109445443,1
723,90,3,0.5353635635307463,0.2596536179427898,63.72451687896401,25,34,2,0.16,0,0.2,0.04,0.0,0.0,0.0,0.5267624655982356,0.7335349860415091,0.4723686823522381,0.799485267260434,1
724,90,4,0.6665384977872385,0.3805042671754318,121.90995276275383,25,34,2,0.16,0,0.48,0.04,0.0,0.0,0.0,0.5418019020881583,0.758216921423876,0.44875626135686303,0.791518462832412,0
725,90,5,0.5621667065813769,0.37040347608270774,111.10835540418724,25,34,2,0.24,0,0.52,0.04,0.0,0.0,0.0,0.5798423895481857,0.8609722269819523,0.5167287771914723,0.8576599628066425,1
726,90,6,0.5367136535451429,0.30691318264816103,79.09355696353163,25,34,2,0.16,0,0.64,0.04,0.0,0.0,0.04,0.4891280331889448,0.8021084869886022,0.35211208053826804,0.7910833789673754,0
727,90,7,0.23948740360137313,0.18342290465174735,46.37421631473172,25,34,2,0.12,0,0.44,0.04,0.0,0.0,0.0,0.498616350365529,0.9057879674118828,0.3981642998931445,0.8722242138999399,1
728,91,0,0.7822181144616306,0.5117361516325813,118.97702114399935,22,29,4,0.13636363636363635,1,0.8636363636363636,0.5,0.18181818181818182,0.8181818181818182,0.13636363636363635,0.5323972287700591,0.940255070113272,0.4365497806333195,0.8994779593607976,1
729,91,1,0.4661632773756694,0.3869500044398137,78.41352440705138,22,29,4,0.045454545454545456,1,0.5454545454545454,0.5,0.09090909090909091,0.6363636363636364,0.13636363636363635,0.42880190184418204,0.5803864865911378,0.3539958803297373,0.7134071283490298,0
730,91,2,0.4783208090655858,0.4347764472902975,89.97283183867027,22,29,4,0.22727272727272727,1,0.9090909090909091,0.5,0.2727272727272727,0.9090909090909091,0.18181818181818182,0.5085737094276762,0.9558720999611343,0.4359469909569201,1.0,0
731,91,3,0.673087358231226,0.463672435855736,87.76685389052217,22,29,4,0.18181818181818182,1,0.8636363636363636,0.5,0.18181818181818182,0.8181818181818182,0.13636363636363635,0.577099479415901,0.8811031899722274,0.5191035399866524,1.0,1
732,91,4,0.3144649530927208,0.11812236521725547,27.2968880180276,22,29,4,0.2727272727272727,1,0.7272727272727273,0.5,0.36363636363636365,0.8181818181818182,0.18181818181818182,0.4434819603610068,0.7539853150351734,0.33918645844026785,0.7118030350433542,1
733,91,5,0.5074036002262833,0.04710346583305072,52.56836549236918,22,29,4,0.09090909090909091,0,0.09090909090909091,0.5,0.0,0.0,0.0,0.4970367457647313,0.8429894873370424,0.3689613668572383,0.7917378564988434,0
734,91,6,0.465439247249804,0.5125783824615959,120.78623625306224,22,29,4,0.22727272727272727,1,0.6363636363636364,0.5,0.36363636363636365,0.7272727272727273,0.13636363636363635,0.474592005153224,0.7947324570115978,0.4029400117286111,0.7797633507264782,1
735,91,7,0.6190453435753577,0.6940361306126442,153.7796717600256,22,29,4,0.18181818181818182,1,0.2727272727272727,0.5,0.0,0.0,0.045454545454545456,0.5356459224944048,0.7637220314962524,0.43796289765581914,0.7687587545682627,0
736,92,0,0.471664951968833,0.4079785058164471,88.79289713497836,22,24,5,0.2727272727272727,0,0.4090909090909091,0.3181818181818182,0.14285714285714285,0.2857142857142857,0.09090909090909091,0.5444434775115549,0.8007196748282629,0.5073710554306333,0.723193148833165,0
737,92,1,0.3488236679133295,0.4390871377266539,115.49956833830151,22,24,5,0.13636363636363635,0,0.5,0.3181818181818182,0.2857142857142857,0.42857142857142855,0.18181818181818182,0.41750586634592857,0.7605901648780009,0.3971131986561551,0.7157957064221399,0
738,92,2,0.4212438926052923,0.24897520838353154,62.017416852725844,22,24,5,0.0,0,0.0,0.3181818181818182,0.0,0.0,0.0,0.3353848012178088,0.5742305532264909,0.19677108672747076,0.4717445203687205,0
739,92,3,0.359923856775776,0.4340762389329702,73.59400251411522,22,24,5,0.18181818181818182,1,0.7727272727272727,0.3181818181818182,0.42857142857142855,0.7142857142857143,0.22727272727272727,0.40487189805517615,0.7343014760200224,0.29196204491985334,0.6818376291495237,1
740,92,4,0.6290415871304947,0.8097363795852477,171.93856368174986,22,24,5,0.2727272727272727,1,0.45454545454545453,0.3181818181818182,0.14285714285714285,0.2857142857142857,0.13636363636363635,0.5595504349131887,0.9236140477879854,0.5102655366795908,1.0,1
741,92,5,0.298836261472478,0.17114204137000164,85.26790330615839,22,24,5,0.13636363636363635,0,0.2727272727272727,0.3181818181818182,0.0,0.0,0.0,0.5239383516939483,0.8204049883512947,0.42003694001992303,0.8854095928490805,0
742,92,6,0.1557104170843832,0.29588303958735124,65.22299321271785,22,24,5,0.3181818181818182,1,0.7727272727272727,0.3181818181818182,0.42857142857142855,0.5714285714285714,0.22727272727272727,0.4889234749975025,0.7381128919734682,0.43637016178200483,0.7343870682071412,1
743,92,7,0.3842114032831232,0.5936814150727815,114.3439974327062,22,24,5,0.3181818181818182,1,0.45454545454545453,0.3181818181818182,0.2857142857142857,0.2857142857142857,0.13636363636363635,0.5488337977494736,0.9980319613296564,0.5108797834246768,0.9195003570151975,1
744,93,0,0.4488070415960483,0.3620339077360051,89.07597422642975,29,41,3,0.3103448275862069,0,0.6896551724137931,0.13793103448275862,0.0,0.0,0.034482758620689655,0.5564973771870543,0.7793201711350982,0.47742767668655633,0.7269915540896066,0
745,93,1,0.34183824176019756,0.2498266818862874,66.5724777141089,29,41,3,0.1724137931034483,0,0.3793103448275862,0.13793103448275862,0.25,0.25,0.06896551724137931,0.5207576720316278,0.7936897227354685,0.4382374679446105,0.877393742234483,1
746,93,2,0.47981114151173704,0.28130167566342346,89.60454988306016,29,41,3,0.034482758620689655,0,0.034482758620689655,0.13793103448275862,0.0,0.0,0.0,0.4158204435994733,0.6453932743493145,0.2838199725723254,0.6331863976163056,0
747,93,3,0.6427069639422976,0.4732105102958131,90.2013709974776,29,41,3,0.1724137931034483,0,0.6896551724137931,0.13793103448275862,0.25,0.5,0.10344827586206896,0.5013490085701571,0.766629528447627,0.4497162245965893,0.9210221081270565,0
748,93,4,0.29663375741244186,0.15350742887369054,63.25950846328525,29,41,3,0.034482758620689655,0,0.034482758620689655,0.13793103448275862,0.0,0.0,0.0,0.4185622118711584,0.721728999836666,0.3107649188984258,0.8293061581966499,1
749,93,5,0.4643774704582742,0.2992955537159067,66.7615677331463,29,41,3,0.06896551724137931,0,0.10344827586206896,0.13793103448275862,0.0,0.0,0.0,0.4069612256321344,0.6978512422999971,0.2945007851064902,0.6601939622649788,0
750,93,6,0.3289339534111762,0.19200114505550334,77.23544659426095,29,41,3,0.20689655172413793,0,0.8275862068965517,0.13793103448275862,0.25,0.5,0.10344827586206896,0.47785048157216975,0.8882590191441269,0.39641367372348013,0.814429868849914,0
751,93,7,0.37216566497385123,0.3303816912590384,41.89074840363603,29,41,3,0.06896551724137931,0,0.3448275862068966,0.13793103448275862,0.0,0.0,0.0,0.4202028393223929,0.6771950036059324,0.2799262329040562,0.7205979617478414,0
752,94,0,0.5456396072482895,0.23853743261101887,70.1267162552121,30,36,5,0.26666666666666666,0,0.4,0.1,0.0,0.0,0.06666666666666667,0.5296128329022426,0.9150260301926889,0.48457982462677723,0.9731620029110222,0
753,94,1,0.5157013234616558,0.23871527557219074,51.8820412640083,30,36,5,0.03333333333333333,0,0.3,0.1,0.0,0.0,0.13333333333333333,0.40269044989658054,0.7778562691303733,0.29838396217091784,0.7290497215127041,1
754,94,2,0.5694494843777348,0.6121678988791306,111.06083804208727,30,36,5,0.13333333333333333,1,0.13333333333333333,0.1,0.0,0.0,0.03333333333333333,0.38193111055347323,0.6605436867028056,0.2740214253122499,0.7700941607267291,0
755,94,3,0.8366643992015876,0.7196962876103662,152.81919830818762,30,36,5,0.3333333333333333,1,0.7666666666666667,0.1,0.0,0.0,0.13333333333333333,0.6000912145566477,0.8890793743901576,0.5411491691379928,0.8971888911503061,1
756,94,4,0.7509235833594058,0.708985882498544,186.45617284742048,30,36,5,0.2,1,0.43333333333333335,0.1,0.0,0.0,0.1,0.5429598304307228,0.7969625563168176,0.46277100981941277,0.8231247549666276,1
757,94,5,0.5966522955431042,0.50086878479181,119.47538834535305,30,36,5,0.1,1,0.6333333333333333,0.1,0.3333333333333333,0.6666666666666666,0.13333333333333333,0.4407047726249837,0.7147124493581702,0.36070605635837605,0.9805954531796575,1
758,94,6,0.7655044375604059,0.5539162739026909,171.9164151293981,30,36,5,0.2,1,0.6666666666666666,0.1,0.6666666666666666,0.6666666666666666,0.13333333333333333,0.5362743031985213,0.8366167606864224,0.4594719436001022,0.7195671518613402,1
759,94,7,0.5507741825941449,0.3911189924915327,108.04123247880906,30,36,5,0.1,0,0.13333333333333333,0.1,0.0,0.0,0.0,0.5496556845582454,0.8695474534097464,0.46575879037117474,1.0,0
760,95,0,0.47946404164001755,0.4821058242800138,87.87773766081537,26,37,3,0.07692307692307693,0,0.11538461538461539,0.3076923076923077,0.0,0.0,0.0,0.4551866635130922,0.7634528510771937,0.3923022170275083,0.7507739661391626,1
761,95,1,0.3719893041379793,0.3441284364786232,103.53277753961613,26,37,3,0.0,0,0.0,0.3076923076923077,0.0,0.0,0.0,0.41565311729302346,0.7625454394212826,0.28518637715869977,0.5723304268986034,0
762,95,2,0.7862497216522724,0.5697192504138646,131.9264999458354,26,37,3,0.2692307692307692,1,0.6153846153846154,0.3076923076923077,0.125,0.25,0.07692307692307693,0.5704934556725699,0.8841677192128425,0.48179916234090336,0.8833225350798021,0
763,95,3,0.483338743189334,0.36414361032681675,81.49580438239404,26,37,3,0.038461538461538464,0,0.07692307692307693,0.3076923076923077,0.0,0.0,0.0,0.40772381337418084,0.7220729631190974,0.3067388095330974,0.8360112092679983,1
764,95,4,0.25331743396167394,0.034205638153772894,67.09578636746355,26,37,3,0.15384615384615385,1,0.3076923076923077,0.3076923076923077,0.125,0.25,0.038461538461538464,0.49615882572323194,0.8077411803783269,0.4139290134092145,0.7551395599289679,1
765,95,5,0.2569781220599996,0.13215879562807437,58.42522230422824,26,37,3,0.15384615384615385,0,0.19230769230769232,0.3076923076923077,0.0,0.0,0.0,0.4777524922417856,0.8289157197311081,0.36038396018700875,0.6947850651668627,1
766,95,6,0.5927083772431289,0.8181358501343822,157.61616795725624,26,37,3,0.4230769230769231,1,0.7307692307692307,0.3076923076923077,0.25,0.375,0.11538461538461539,0.5878163711917499,0.8666172827301309,0.545763120189984,1.0,1
767,95,7,0.7011650521910968,0.8067399181180946,158.5069842868574,26,37,3,0.3076923076923077,1,0.8846153846153846,0.3076923076923077,0.375,0.75,0.11538461538461539,0.5454008402001589,1.0,0.48907486546054646,0.9694971094934779,1
768,96,0,0.3892655044708961,0.08594717763938764,91.21270798914892,21,30,2,0.0,0,0.0,0.47619047619047616,0.0,0.0,0.0,0.3650666320357755,0.4906660811900152,0.19487067359395763,0.5862754411249719,1
769,96,1,0.41202220091805186,0.17149046576954077,53.064599192692924,21,30,2,0.23809523809523808,1,0.8095238095238095,0.47619047619047616,0.2,0.8,0.09523809523809523,0.5088591546696579,0.8466456113812342,0.3891095663016071,0.7942964112658909,1
770,96,2,0.6615630720889384,0.5303716581664338,109.10817078496989,21,30,2,0.09523809523809523,0,0.23809523809523808,0.47619047619047616,0.1,0.1,0.047619047619047616,0.5071539091505461,0.8120212307228866,0.42514982354065073,0.8400358718244495,1
771,96,3,0.6592989787413047,0.6309161448997744,151.45476417377063,21,30,2,0.2857142857142857,1,0.6190476190476191,0.47619047619047616,0.3,0.5,0.047619047619047616,0.5677612491314135,0.9296093904146151,0.48616909109021805,0.9211172891420899,1
772,96,4,0.24391964001458602,0.021945594028210946,35.74050941363852,21,30,2,0.09523809523809523,0,0.09523809523809523,0.47619047619047616,0.0,0.0,0.0,0.4465226118394125,0.6714157054444574,0.2938096978320496,0.6945547742549473,1
773,96,5,0.4730638698299201,0.39736409723289856,114.1636017684582,21,30,2,0.09523809523809523,1,0.38095238095238093,0.47619047619047616,0.1,0.3,0.047619047619047616,0.5080370646326835,0.8424205881002795,0.45217035626037894,0.752411212915495,0
774,96,6,0.3689481001723198,0.033654753538364196,57.91229735252942,21,30,2,0.047619047619047616,0,0.047619047619047616,0.47619047619047616,0.0,0.0,0.0,0.4393666015554736,0.7069885987266428,0.263164621382568,0.7346715003704314,1
775,96,7,0.44813501074009365,0.4391077895509822,112.86345118440936,21,30,2,0.14285714285714285,1,0.6190476190476191,0.47619047619047616,0.2,0.4,0.09523809523809523,0.5370249730443932,0.8561522165909448,0.4765863718188804,0.8726151569991939,1
776,97,0,0.5150772365105292,0.4260056889091769,88.80675710077875,22,24,4,0.22727272727272727,0,0.36363636363636365,0.09090909090909091,0.0,0.0,0.09090909090909091,0.46963462724610755,0.7924009136518052,0.3719806426751093,0.7660831224474977,0
777,97,1,0.399031509075831,0.172302908323761,69.72499235722631,22,24,4,0.09090909090909091,0,0.2727272727272727,0.09090909090909091,0.0,0.0,0.045454545454545456,0.44876959496683405,0.7558555399996393,0.36129584794182085,0.9107192759003009,0
778,97,2,0.586638805778279,0.31787037230976906,33.12797814830826,22,24,4,0.0,0,0.0,0.09090909090909091,0.0,0.0,0.0,0.37740280327774745,0.586638805778279,0.221574406141845,0.43222323237675986,1
779,97,3,0.2694467951777092,0.10382263260901933,43.16556064090179,22,24,4,0.09090909090909091,0,0.2727272727272727,0.09090909090909091,0.0,0.0,0.045454545454545456,0.4412026562548661,0.6840378556968199,0.3171590082953874,0.7581867886236962,0
780,97,4,0.24927275035483282,0.312044927821521,68.20980663764635,22,24,4,0.13636363636363635,0,0.45454545454545453,0.09090909090909091,0.0,0.0,0.13636363636363635,0.5220837823371135,0.7994632346650073,0.43022741683084703,0.8064498842327124,0
781,97,5,0.30072436671087327,0.2675959620608914,70.38447325426702,22,24,4,0.22727272727272727,1,0.9545454545454546,0.09090909090909091,0.5,1.0,0.18181818181818182,0.5224267278565685,0.8831263387110115,0.4509994264210188,0.7850684989018538,0
782,97,6,0.5144550105998305,0.4761632515498176,146.98562115087336,22,24,4,0.36363636363636365,0,0.6818181818181818,0.09090909090909091,0.0,0.0,0.13636363636363635,0.6086831794794848,0.8847109720151275,0.541929400724883,0.8306807093454489,0
783,97,7,0.30280989670199693,0.23598590521962265,62.94134769752683,22,24,4,0.18181818181818182,1,0.4090909090909091,0.09090909090909091,0.5,0.5,0.09090909090909091,0.5330421857650248,0.902056997063097,0.41719295258431294,0.9383579458038562,0
784,98,0,0.2752568934431596,0.39036340342185066,59.31611993310685,23,26,5,0.08695652173913043,0,0.43478260869565216,0.043478260869565216,0.0,0.0,0.13043478260869565,0.39524498679397074,0.7210632162578219,0.32597621965794676,0.6677654327683066,0
785,98,1,0.5363479584724626,0.5682923760790114,95.4914967511661,23,26,5,0.13043478260869565,0,0.21739130434782608,0.043478260869565216,0.0,0.0,0.08695652173913043,0.5397131587286281,0.7721278265827753,0.446257932267708,0.7770951709538451,0
786,98,2,0.49277513126227557,0.6265030651447278,104.63139194060936,23,26,5,0.13043478260869565,1,0.21739130434782608,0.043478260869565216,0.0,0.0,0.08695652173913043,0.45180813589113017,0.6552226764122061,0.3869692552389495,0.7011094479978482,1
787,98,3,0.5253255655974376,0.1319724609188253,45.38615462116074,23,26,5,0.13043478260869565,0,0.2608695652173913,0.043478260869565216,0.0,0.0,0.08695652173913043,0.47789593447060374,0.7998222046155907,0.3485240905698713,0.736302971163353,0
788,98,4,0.40356011420628507,0.24462370078678009,80.90377656025828,23,26,5,0.08695652173913043,0,0.08695652173913043,0.043478260869565216,0.0,0.0,0.0,0.5026984126853882,0.9252756998197427,0.40143614221581475,0.7198744976391444,0
789,98,5,0.6950782728008424,0.5099411001783354,139.01439640360155,23,26,5,0.391304347826087,0,0.8260869565217391,0.043478260869565216,0.0,0.0,0.21739130434782608,0.5757327638100808,0.9005092488545064,0.5351007607923741,0.9617233502071254,0
790,98,6,0.6406294139024316,0.49634110383931695,120.92024072307773,23,26,5,0.08695652173913043,0,0.13043478260869565,0.043478260869565216,0.0,0.0,0.0,0.5658347786912075,0.8558501258334965,0.4409294885427334,0.9394822860247152,0
791,98,7,0.5021598556116948,0.42422402506367024,78.74735123602571,23,26,5,0.17391304347826086,1,0.8260869565217391,0.043478260869565216,1.0,1.0,0.21739130434782608,0.45664544408132235,0.751271123871461,0.3547479952518233,0.7219976375995467,1
792,99,0,0.4815629205439151,0.4355831271415055,114.92846730676736,24,34,2,0.4166666666666667,1,0.9166666666666666,0.4583333333333333,0.2727272727272727,0.8181818181818182,0.08333333333333333,0.5651790585551829,0.9550699430424336,0.526571195420546,0.8338207351413537,1
793,99,1,0.18957311886333783,0.05899958759961428,32.098758319248745,24,34,2,0.08333333333333333,1,0.9583333333333334,0.4583333333333333,0.18181818181818182,0.9090909090909091,0.08333333333333333,0.3805507440213587,0.6521876458955282,0.3317207687697467,0.7125039441555879,1
794,99,2,0.42845769101168635,0.2348417639218904,66.408010541568,24,34,2,0.2916666666666667,1,0.9166666666666666,0.4583333333333333,0.2727272727272727,0.8181818181818182,0.08333333333333333,0.5410758211172794,0.9621956952518204,0.4500286187509661,0.9225703117681202,1
795,99,3,0.685375865797107,0.9835426931216258,157.541562497185,24,34,2,0.2916666666666667,1,0.875,0.4583333333333333,0.18181818181818182,0.9090909090909091,0.08333333333333333,0.5402521008083219,0.7861819816449072,0.5196113207258942,0.9835426931216258,0
796,99,4,0.2561864894279855,0.32660767109312056,57.216427839228835,24,34,2,0.25,1,0.875,0.4583333333333333,0.2727272727272727,0.8181818181818182,0.08333333333333333,0.4825703017743724,0.7619387337063034,0.38585600707471207,0.6845919787073613,1
797,99,5,0.2913078710789206,0.21066823779061417,79.39424153294213,24,34,2,0.0,0,0.0,0.4583333333333333,0.0,0.0,0.0,0.3165133019388297,0.4922833950332185,0.2086154690024332,0.4694211889457357,0
798,99,6,0.2863545060542485,0.22079795160133936,67.12940888332301,24,34,2,0.041666666666666664,0,0.041666666666666664,0.4583333333333333,0.0,0.0,0.0,0.3964855141048748,0.7365089868904224,0.2930229693889317,0.7894810000987327,0
799,99,7,0.3460771525924302,0.2629220431937124,80.99300259331974,24,34,2,0.0,0,0.0,0.4583333333333333,0.0,0.0,0.0,0.4031220593471759,0.6499024599197291,0.31150514850045924,0.5982699806487571,0
800,100,0,0.6034439109725629,0.2051399242932628,64.06456054057543,20,25,1,0.05,0,0.1,0.25,0.0,0.0,0.0,0.3962913647838831,0.7681251459826043,0.22997034518993295,0.7361064491261121,0
801,100,1,0.8236608981169606,0.7031185472392119,129.08771796482586,20,25,1,0.25,1,0.5,0.25,0.0,0.0,0.0,0.5427591026671607,0.8236608981169606,0.46835626776984796,1.0,0
802,100,2,0.26335773630076437,0.14660036079729435,66.15156019605624,20,25,1,0.15,1,0.7,0.25,0.2,0.4,0.05,0.41647365303024503,0.8065829151283276,0.36263093409811414,0.8298826637638695,1
803,100,3,0.6002746997090832,0.5092314238170758,112.22384043763256,20,25,1,0.05,0,0.05,0.25,0.0,0.0,0.0,0.40701520288117654,0.7026560320174353,0.28028070896264523,0.7083506397605315,0
804,100,4,0.4509654948800498,0.26697217082137903,64.68858711200131,20,25,1,0.2,1,0.5,0.25,0.4,0.6,0.05,0.5053362796876849,0.8201924187272818,0.4010596425831244,0.7978101792533963,1
805,100,5,0.2740164174321496,0.38227903549468084,82.01705888385332,20,25,1,0.15,1,0.45,0.25,0.2,0.4,0.05,0.45772285773099197,0.7903714751156737,0.37870485123372305,0.8825612860073772,0
806,100,6,0.44916234799967003,0.21871597202009818,71.34030009953625,20,25,1,0.0,0,0.0,0.25,0.0,0.0,0.0,0.3643439900685633,0.7098705267300198,0.24059186587203252,0.49377525131903716,0
807,100,7,0.5278206863343333,0.4522091994281443,107.84926620423253,20,25,1,0.2,1,1.0,0.25,0.6,1.0,0.05,0.4975132928459334,0.9236976724661938,0.3926506463779988,0.6925132296317253,1
808,101,0,0.7164411359448221,0.6181234089818599,124.7190869974668,26,37,2,0.15384615384615385,1,0.6923076923076923,0.46153846153846156,0.16666666666666666,0.6666666666666666,0.07692307692307693,0.5280201048179397,0.8095470243761573,0.46649529735394185,1.0,1
809,101,1,0.38324518107722766,0.4530979996550654,97.0229511378998,26,37,2,0.2692307692307692,1,0.5,0.46153846153846156,0.16666666666666666,0.3333333333333333,0.038461538461538464,0.574773803020927,0.9408422406208283,0.5337214763302873,1.0,1
810,101,2,0.40114449454120604,0.22338178893501426,65.61460599810991,26,37,2,0.038461538461538464,0,0.038461538461538464,0.46153846153846156,0.0,0.0,0.0,0.39809161204454974,0.6687891449811713,0.2733861555854494,0.603845288931348,0
811,101,3,0.514744530645734,0.1198640866309226,48.594437294795924,26,37,2,0.19230769230769232,1,0.8461538461538461,0.46153846153846156,0.25,0.75,0.07692307692307693,0.5036156893236072,0.8450281739055732,0.3786717637415989,0.7745479167456888,1
812,101,4,0.3778747289341707,0.16398489547848077,45.712948372090416,26,37,2,0.15384615384615385,1,0.8846153846153846,0.46153846153846156,0.25,0.8333333333333334,0.07692307692307693,0.4659626701333657,0.9158988662427685,0.3693534314492306,1.0,1
813,101,5,0.2914752745248579,0.4245837491340429,85.97222952627286,26,37,2,0.11538461538461539,1,0.2692307692307692,0.46153846153846156,0.16666666666666666,0.25,0.038461538461538464,0.4340959325532543,0.8986993298611818,0.3394632683062126,0.90980934612993,0
814,101,6,0.6119956248228776,0.35559634265853857,93.41741793528321,26,37,2,0.23076923076923078,1,0.9230769230769231,0.46153846153846156,0.25,0.8333333333333334,0.07692307692307693,0.5868093475011671,0.9100637509278321,0.47308928347058543,0.9062198619430925,1
815,101,7,0.7681708533112064,0.5884806154539568,155.53629851064926,26,37,2,0.15384615384615385,0,0.3076923076923077,0.46153846153846156,0.0,0.0,0.0,0.477932608365276,0.8080626837549125,0.41515176141186944,0.8022339264954824,1
816,102,0,0.30423713880746905,0.4027784523143306,91.69324467242262,28,32,6,0.17857142857142858,1,0.6428571428571429,0.17857142857142858,0.4,0.6,0.17857142857142858,0.4420689790280797,0.7986502602414405,0.3784288627742612,0.7652463187432165,1
817,102,1,0.4864739514051284,0.3602428113871171,103.89199003180528,28,32,6,0.32142857142857145,1,0.9642857142857143,0.17857142857142858,0.6,1.0,0.21428571428571427,0.6024036828686743,0.8702148293346925,0.544699998089601,0.9791391630980311,0
818,102,2,0.2827152144761566,0.18767566900136273,58.73002218000574,28,32,6,0.03571428571428571,0,0.10714285714285714,0.17857142857142858,0.0,0.0,0.0,0.36319118258714544,0.7434918586966061,0.20181233622770348,0.6549023750474976,0
819,102,3,0.4729219559145586,0.09959604261406707,58.18195316043349,28,32,6,0.03571428571428571,0,0.17857142857142858,0.17857142857142858,0.0,0.0,0.0,0.3751927181722282,0.7489228378691282,0.20959070645908665,0.67282275024244,0
820,102,4,0.24717503122693396,0.3028491936483915,46.57210180776811,28,32,6,0.0,0,0.0,0.17857142857142858,0.0,0.0,0.0,0.3769900180032698,0.7291276226781428,0.26598340920200436,0.5746446026867457,0
821,102,5,0.8219130603112873,0.8697425411332578,182.8606396257941,28,32,6,0.21428571428571427,1,0.2857142857142857,0.17857142857142858,0.0,0.0,0.03571428571428571,0.5116123750475967,0.8724296103054648,0.4096576824808734,0.902897139215714,0
822,102,6,0.30331662351741284,0.010573468231149352,66.44590778107694,28,32,6,0.21428571428571427,1,0.5357142857142857,0.17857142857142858,0.4,0.6,0.14285714285714285,0.49234371866978355,0.9191090828077871,0.4054441038869573,0.9093638414248569,0
823,102,7,0.3994534803010201,0.47849740188430623,114.05643846102697,28,32,6,0.03571428571428571,0,0.17857142857142858,0.17857142857142858,0.2,0.2,0.10714285714285714,0.3898458014778941,0.6548648384836377,0.2548435353087296,0.9063274557139074,0
824,103,0,0.4069656963766035,0.2066026338700906,61.04778537488023,20,24,3,0.15,1,0.85,0.25,0.2,0.4,0.15,0.5152061750182408,0.707199358145662,0.4085442020135976,0.7606726939416241,0
825,103,1,0.5442750222405859,0.5377775135017842,93.79965753591037,20,24,3,0.05,0,0.05,0.25,0.0,0.0,0.0,0.512969340786845,0.8253536134812228,0.3749914012126495,0.6621252383149372,1
826,103,2,0.2856899236188757,0.06413418312265917,47.81398548122202,20,24,3,0.15,0,0.25,0.25,0.0,0.0,0.05,0.43319538370948346,0.7819158687565438,0.365274044045181,0.7038526575069516,0
827,103,3,0.4370321491383805,0.3010860992317499,101.86202751229983,20,24,3,0.05,0,0.05,0.25,0.0,0.0,0.05,0.40947983622704937,0.8629580444740059,0.30154368816034893,0.7428981241850073,1
828,103,4,0.6242082068994986,0.393507709838463,107.96512283976101,20,24,3,0.25,1,0.9,0.25,0.2,0.6,0.15,0.5452780096168478,0.9955723077037214,0.4624235770964507,0.931491097157926,0
829,103,5,0.7148399246978102,0.5216663633744445,131.63608520421693,20,24,3,0.2,1,0.75,0.25,0.2,0.6,0.15,0.48039411888950767,0.7148399246978102,0.38934024832423575,0.9987390944433974,1
830,103,6,0.6357894249962703,0.4975271663151631,131.25912720850596,20,24,3,0.15,0,0.25,0.25,0.0,0.0,0.1,0.4854866710836821,0.7863685730375779,0.4224857944180041,0.9199134651710235,0
831,103,7,0.5750086619379013,0.4855858579548792,91.93322543866194,20,24,3,0.05,0,0.05,0.25,0.0,0.0,0.05,0.44406995575608865,0.7212660178863269,0.3548410933033209,0.7053100082899969,0
832,104,0,0.54658770465148,0.36905776856339284,105.26949955199308,30,47,1,0.13333333333333333,0,0.3,0.23333333333333334,0.0,0.0,0.0,0.532348821286938,0.865744656231413,0.4322692906923187,0.9263756378887168,1
833,104,1,0.8623211464001965,0.6931030752679858,191.35741477371317,30,47,1,0.3,1,0.9666666666666667,0.23333333333333334,0.42857142857142855,0.8571428571428571,0.03333333333333333,0.6061667350967949,0.9988956279021589,0.5166618456985772,0.8763058919592974,1
834,104,2,0.3864912963812693,0.34179138067643255,78.50433784408906,30,47,1,0.23333333333333334,1,0.9,0.23333333333333334,0.42857142857142855,0.7142857142857143,0.03333333333333333,0.4768646918799154,0.8804426926418799,0.3670524874702678,0.7706890585924446,1
835,104,3,0.3771607936639601,0.30594989690468455,67.00620190905535,30,47,1,0.03333333333333333,0,0.03333333333333333,0.23333333333333334,0.0,0.0,0.0,0.374769594058994,0.6247236596752839,0.24491220194122224,0.6084855420907321,1
836,104,4,0.41309129658818977,0.3354853073364517,86.32554261943363,30,47,1,0.0,0,0.0,0.23333333333333334,0.0,0.0,0.0,0.44715111006779745,0.7901158138432346,0.32399959200541384,0.5488456407029771,0
837,104,5,0.5795864606545807,0.5585539734445886,116.9824954575962,30,47,1,0.43333333333333335,1,0.9333333333333333,0.23333333333333334,0.14285714285714285,0.7142857142857143,0.03333333333333333,0.5946021835353902,0.828084000632695,0.5407326839662598,0.9976493989050709,1
838,104,6,0.5537404288218707,0.3474435632907265,71.79043717881451,30,47,1,0.23333333333333334,0,0.36666666666666664,0.23333333333333334,0.0,0.0,0.0,0.5567058805887621,0.9677820142009945,0.45802395472651997,0.8983608800575802,1
839,104,7,0.5385237690379477,0.3166717790775987,116.86436158440952,30,47,1,0.1,1,0.6666666666666666,0.23333333333333334,0.14285714285714285,0.42857142857142855,0.03333333333333333,0.46968458032769717,0.8868923111050535,0.3930660906117121,0.8564850417610499,1
840,105,0,0.6380340659426954,0.7106909975780148,164.93421243257578,21,27,4,0.47619047619047616,1,0.8571428571428571,0.23809523809523808,0.4,0.4,0.14285714285714285,0.5972167213335999,0.9669574040459297,0.5647648497049406,1.0,1
841,105,1,0.4072405643892382,0.39697819968772013,99.95731760924774,21,27,4,0.19047619047619047,0,0.2857142857142857,0.23809523809523808,0.2,0.2,0.09523809523809523,0.5647394339373729,0.7728159316790713,0.48740515319280353,0.9897463348915614,0
842,105,2,0.28628180993117447,0.19392081173351683,78.00308684893199,21,27,4,0.09523809523809523,0,0.6190476190476191,0.23809523809523808,0.2,0.4,0.19047619047619047,0.3535065128120918,0.6475693868058675,0.27090348084235016,0.6542555572306793,1
843,105,3,0.6934237909682505,0.7283541835096664,127.31046992680879,21,27,4,0.2857142857142857,1,0.5238095238095238,0.23809523809523808,0.0,0.0,0.09523809523809523,0.5437192833459719,0.8769312869258686,0.4645190549592391,0.8087085037121563,0
844,105,4,0.595079538395023,0.5082248196206287,121.89292625887217,21,27,4,0.09523809523809523,1,0.6190476190476191,0.23809523809523808,0.2,0.4,0.19047619047619047,0.3926212472447321,0.6860366610450774,0.2778151114768477,0.6552240292075467,0
845,105,5,0.4139365846857824,0.3017982401942743,64.40650875502483,21,27,4,0.09523809523809523,1,0.6666666666666666,0.23809523809523808,0.4,0.6,0.14285714285714285,0.38769754100082465,0.7521782332619878,0.29573667601385895,0.6233338011256335,0
846,105,6,0.44732317573568586,0.3448323030248274,76.44522957387467,21,27,4,0.047619047619047616,0,0.047619047619047616,0.23809523809523808,0.2,0.2,0.047619047619047616,0.46753648452853724,0.7090926361315015,0.30416414915440243,0.6243978017902134,0
847,105,7,0.4848505382599207,0.2677195932409697,70.30170870138505,21,27,4,0.047619047619047616,0,0.047619047619047616,0.23809523809523808,0.0,0.0,0.0,0.4414370789530127,0.7802609959757564,0.34984642071729816,0.7904224255847545,1
848,106,0,0.9021388948514589,0.8569692637378801,198.51323771215786,29,40,4,0.27586206896551724,1,0.7931034482758621,0.06896551724137931,1.0,1.0,0.13793103448275862,0.5768056516868632,0.9256042567663801,0.49550447773147255,0.8989361675229446,0
849,106,1,0.6177167501991484,0.1880138905424392,90.83608073998583,29,40,4,0.1724137931034483,0,0.7931034482758621,0.06896551724137931,0.0,0.0,0.10344827586206896,0.47477723860446003,0.7152439406661396,0.3784275592695195,0.7793385882461427,0
850,106,2,0.43984110191000736,0.3844644527586132,74.97493994364423,29,40,4,0.0,0,0.0,0.06896551724137931,0.0,0.0,0.0,0.404862822894448,0.6377132665081138,0.32348091223326675,0.5770903353186856,0
851,106,3,0.3315840407724908,0.3193965221183566,49.19761901748698,29,40,4,0.06896551724137931,0,0.06896551724137931,0.06896551724137931,0.0,0.0,0.0,0.4144394197364329,0.7288848716107247,0.293637800985445,0.7096759024459612,0
852,106,4,0.3112630428261839,0.36727868429154914,56.82034370652575,29,40,4,0.034482758620689655,0,0.06896551724137931,0.06896551724137931,0.0,0.0,0.0,0.3980578266049408,0.7594585818659434,0.2793412593573076,0.7811157423010034,0
853,106,5,0.5046000422622683,0.446037640929763,118.4392539282324,29,40,4,0.13793103448275862,0,0.27586206896551724,0.06896551724137931,0.0,0.0,0.034482758620689655,0.4510611126245021,0.9027969356303998,0.35029043207382393,0.913747287699864,0
854,106,6,0.5870343953209722,0.5410941072337743,116.01939344328422,29,40,4,0.27586206896551724,0,0.8275862068965517,0.06896551724137931,0.0,0.0,0.10344827586206896,0.554645368625549,0.8636732296346248,0.506864961944851,0.8699175622793375,1
855,106,7,0.4080726545632329,0.2343973064149927,21.498229306932462,29,40,4,0.034482758620689655,0,0.034482758620689655,0.06896551724137931,0.0,0.0,0.0,0.42497912811468963,0.6814205067159553,0.2956724583540997,0.77948195629463,1
856,107,0,0.5139273183204104,0.34569517195692423,58.05767802412368,27,36,3,0.14814814814814814,0,0.5925925925925926,0.037037037037037035,0.0,0.0,0.037037037037037035,0.5096282861925169,0.7988050017624854,0.4276306861554982,0.759665601353283,1
857,107,1,0.517744685536022,0.5508686170935052,76.6573033056658,27,36,3,0.037037037037037035,0,0.037037037037037035,0.037037037037037035,0.0,0.0,0.0,0.3323755145084103,0.5601192682845305,0.22818851110525568,0.7531692402868191,0
858,107,2,0.6435944113648022,0.3471021063854534,93.76450720043164,27,36,3,0.1111111111111111,0,0.6296296296296297,0.037037037037037035,0.0,0.0,0.1111111111111111,0.5229287150415538,0.7037758274067478,0.43448416005166196,0.7232787322771322,0
859,107,3,0.12046387833788902,0.0037091213977984705,43.80640777591398,27,36,3,0.0,0,0.0,0.037037037037037035,0.0,0.0,0.0,0.40396625188885243,0.7205344425054442,0.30347363639676567,0.5444429351870899,0
860,107,4,0.29521559882923454,0.09267090106495111,54.22566538046297,27,36,3,0.14814814814814814,1,0.5555555555555556,0.037037037037037035,1.0,1.0,0.07407407407407407,0.4624142748880765,0.7328200249326378,0.3438543269292498,0.7999306080681495,0
861,107,5,0.44018346963416893,0.3037028615054783,80.93133824960483,27,36,3,0.18518518518518517,0,0.5185185185185185,0.037037037037037035,0.0,0.0,0.037037037037037035,0.5477421959354933,0.7431733435307736,0.4266388599576755,0.7465216402972799,0
862,107,6,0.4279605282136714,0.5186473471307944,94.05132247221114,27,36,3,0.07407407407407407,0,0.2222222222222222,0.037037037037037035,0.0,0.0,0.0,0.48708506740180535,0.9083192069821762,0.3795850167879156,0.7037802862432438,0
863,107,7,0.41803984914472525,0.2625521494440584,52.76782134216869,27,36,3,0.0,0,0.0,0.037037037037037035,0.0,0.0,0.0,0.39173271073097193,0.5913233944628088,0.28357398946520324,0.5766722512796645,0
864,108,0,0.28637437068904986,0.32690680539823164,76.66484695821347,28,33,7,0.10714285714285714,0,0.6785714285714286,0.03571428571428571,0.0,0.0,0.25,0.43790690790815445,0.8002181014376968,0.35387797103944746,0.6694193100496869,0
865,108,1,0.2913168599249005,0.32045770643538296,56.92177712256216,28,33,7,0.0,0,0.0,0.03571428571428571,0.0,0.0,0.0,0.3743332454189752,0.6418261690335971,0.22635469210113826,0.5763561993807482,0
866,108,2,0.39102666916775797,0.05958537641170564,40.248312993505635,28,33,7,0.03571428571428571,0,0.07142857142857142,0.03571428571428571,0.0,0.0,0.0,0.38098826251035395,0.5727909751435787,0.23215802931271393,0.7440821006269236,0
867,108,3,0.7694866597538482,0.8297269038083436,175.21104385710026,28,33,7,0.42857142857142855,1,0.6071428571428571,0.03571428571428571,0.0,0.0,0.14285714285714285,0.6111906531392843,0.9001468229245417,0.5658309633402575,0.9382522300742062,1
868,108,4,0.411486696863782,0.24605049393235362,83.4426993392313,28,33,7,0.14285714285714285,0,0.21428571428571427,0.03571428571428571,0.0,0.0,0.0,0.5058875504168491,0.9161703412439492,0.41405190494927274,1.0,0
869,108,5,0.1594363497630472,0.14479827713075266,50.19123730770274,28,33,7,0.03571428571428571,0,0.10714285714285714,0.03571428571428571,0.0,0.0,0.14285714285714285,0.3834205150812199,0.6346238718824598,0.2523905917392176,0.7904743361551315,0
870,108,6,0.49688502509579663,0.38495173630163565,102.04885565850124,28,33,7,0.21428571428571427,0,0.7142857142857143,0.03571428571428571,0.0,0.0,0.17857142857142858,0.49503254932741575,0.830457622947809,0.43755667479748855,0.8672551811081571,0
871,108,7,0.3707890644344981,0.1069116260113069,56.90226432531149,28,33,7,0.07142857142857142,0,0.75,0.03571428571428571,0.0,0.0,0.25,0.4556093525466868,0.7667308411123873,0.30887952427697446,0.7256699307885769,0
872,109,0,0.6454258451372662,0.5977676546529674,127.73055772670301,27,40,2,0.2222222222222222,0,0.5925925925925926,0.037037037037037035,0.0,0.0,0.07407407407407407,0.5367402317798233,0.7827057847156327,0.4761884247917299,0.9135044989402297,0
873,109,1,0.5483770329273913,0.4878260976249562,116.21323080694984,27,40,2,0.1111111111111111,0,0.2962962962962963,0.037037037037037035,0.0,0.0,0.0,0.524304297584956,0.8247369164338996,0.41830223589885135,0.8220495342646693,0
874,109,2,0.337114575477213,0.1458971503745077,34.36546762776418,27,40,2,0.07407407407407407,0,0.2222222222222222,0.037037037037037035,0.0,0.0,0.037037037037037035,0.4034522114524307,0.7745920823577588,0.23623940854356948,0.8577718583407307,0
875,109,3,0.4144536143882348,0.5647292610943522,104.14959309719691,27,40,2,0.2222222222222222,0,0.6666666666666666,0.037037037037037035,0.0,0.0,0.0,0.5509259261169512,0.9377268388696636,0.4913931441629381,0.83465891511588,0
876,109,4,0.5032034853707886,0.4509248925772469,95.69367537406954,27,40,2,0.1111111111111111,0,0.5185185185185185,0.037037037037037035,0.0,0.0,0.07407407407407407,0.4564876582522676,0.7013351615038252,0.3918466343595495,0.6751256728032724,1
877,109,5,0.6044314290880474,0.5628866545803792,129.84958449599196,27,40,2,0.2962962962962963,0,0.8148148148148148,0.037037037037037035,0.0,0.0,0.07407407407407407,0.5440091320154341,0.8596569787191347,0.47195918728995534,0.8655068881060834,1
878,109,6,0.5539956766747831,0.20177047533072717,95.2687687604319,27,40,2,0.14814814814814814,0,0.2222222222222222,0.037037037037037035,0.0,0.0,0.0,0.5153027284441404,0.8258265958800474,0.437097432248031,0.9776532219798592,0
879,109,7,0.44752218821389333,0.4380504213653367,93.70334075630089,27,40,2,0.07407407407407407,1,0.8888888888888888,0.037037037037037035,1.0,1.0,0.07407407407407407,0.43271092782531084,0.7262288667361461,0.3880419862831516,0.6174260025062734,1
880,110,0,0.5530579409068821,0.4371138976730467,89.10217881746624,24,27,6,0.4583333333333333,1,0.8333333333333334,0.5416666666666666,0.38461538461538464,0.7692307692307693,0.20833333333333334,0.6524960815287156,1.0,0.5818265893147797,0.9811238176105729,0
881,110,1,0.49403278482903246,0.49360687596382496,102.60041505367735,24,27,6,0.125,1,0.5833333333333334,0.5416666666666666,0.23076923076923078,0.46153846153846156,0.20833333333333334,0.4668571429806967,0.9553077635082963,0.3802084294585339,0.9693676468154758,1
882,110,2,0.2593363728287925,0.13806950217812067,92.05223193222712,24,27,6,0.20833333333333334,1,0.5833333333333334,0.5416666666666666,0.15384615384615385,0.46153846153846156,0.125,0.5673895828577968,0.9176194219923424,0.4809849714584055,0.7539255083858591,0
883,110,3,0.5635456905812223,0.48833384876527436,115.96347323428921,24,27,6,0.08333333333333333,0,0.4583333333333333,0.5416666666666666,0.15384615384615385,0.3076923076923077,0.16666666666666666,0.4949425017543985,0.7693647874418263,0.3840820511099472,0.7117308046979154,0
884,110,4,0.571966810059056,0.6238051038653202,121.01667164079498,24,27,6,0.25,1,0.5833333333333334,0.5416666666666666,0.23076923076923078,0.5384615384615384,0.16666666666666666,0.5207054591177784,0.7803915571491036,0.4409575947266761,0.808198642769711,0
885,110,5,0.7030778246309242,0.643882710071772,147.21654518002228,24,27,6,0.25,1,0.6666666666666666,0.5416666666666666,0.23076923076923078,0.5384615384615384,0.16666666666666666,0.5311516128157066,0.954583885512738,0.47463402968952767,1.0,0
886,110,6,0.3381596333189667,0.38844609999483865,107.9604682987831,24,27,6,0.08333333333333333,0,0.125,0.5416666666666666,0.0,0.0,0.0,0.45906775965007496,0.7124671955165026,0.3546571255242957,0.8678563877275363,1
887,110,7,0.38764219966576685,0.4837968396071207,106.83294738355337,24,27,6,0.3333333333333333,1,0.75,0.5416666666666666,0.3076923076923077,0.6923076923076923,0.25,0.5636078271381009,0.8821586402331127,0.4838409199804772,0.7860561996325237,1
888,111,0,0.6882580461817287,0.6997788300666127,166.01244781527365,28,36,4,0.03571428571428571,1,0.03571428571428571,0.2857142857142857,0.0,0.0,0.0,0.35632293818298305,0.6882580461817287,0.20915789956943032,0.6997788300666127,1
889,111,1,0.6883077310974416,0.8559201170949747,161.97532283812885,28,36,4,0.17857142857142858,1,0.8571428571428571,0.2857142857142857,0.125,0.625,0.07142857142857142,0.4996268141168868,0.7417238547257163,0.45317844608586544,0.8732286995762528,1
890,111,2,0.6875088657404043,0.6491231878954645,116.17347490176684,28,36,4,0.21428571428571427,1,0.8571428571428571,0.2857142857142857,0.375,0.625,0.07142857142857142,0.4721719814155037,0.9531044071854035,0.3847316373979049,0.803397904377128,1
891,111,3,0.45263124100590596,0.188360473120538,84.73422004105598,28,36,4,0.07142857142857142,0,0.07142857142857142,0.2857142857142857,0.0,0.0,0.0,0.4937363985832221,0.8629140741842781,0.417868647454309,0.7445438523710788,0
892,111,4,0.34869464179017967,0.0,88.85520810983132,28,36,4,0.0,0,0.0,0.2857142857142857,0.0,0.0,0.0,0.3360128316936551,0.5778009248564607,0.20043446578902507,0.5807388944615559,0
893,111,5,0.5550712950947022,0.26687809676800894,105.56570720325092,28,36,4,0.07142857142857142,0,0.10714285714285714,0.2857142857142857,0.0,0.0,0.0,0.389226569240875,0.7437745629765145,0.3061086523888274,0.7675895814661302,1
894,111,6,0.524170250390107,0.3897387323895599,104.16501343351811,28,36,4,0.25,1,0.8214285714285714,0.2857142857142857,0.125,0.5,0.07142857142857142,0.5496429298350665,0.7911300620256354,0.48740766806384656,0.8434300306551227,1
895,111,7,0.6079303895806649,0.5191548967638775,124.75193781268473,28,36,4,0.10714285714285714,1,0.5,0.2857142857142857,0.25,0.5,0.07142857142857142,0.46386739743612443,0.7040482430270912,0.3924196719210814,1.0,1
896,112,0,0.5171100367766784,0.2946901951596446,97.54619933918929,28,36,5,0.42857142857142855,1,0.6785714285714286,0.39285714285714285,0.7272727272727273,0.7272727272727273,0.10714285714285714,0.5741691509215385,0.9374413796473594,0.5752681366164075,0.8748614173219262,1
897,112,1,0.33389460595086723,0.2029060134819884,53.49889359904553,28,36,5,0.14285714285714285,1,0.5,0.39285714285714285,0.2727272727272727,0.5454545454545454,0.07142857142857142,0.43333955564473925,0.8782535488870546,0.3348061278549054,0.8402763788666398,1
898,112,2,0.5310208047103194,0.31046764046523967,69.97831367806057,28,36,5,0.21428571428571427,1,0.4642857142857143,0.39285714285714285,0.2727272727272727,0.5454545454545454,0.10714285714285714,0.5532496198265553,0.9319169069577715,0.47934922404944563,1.0,1
899,112,3,0.25033055079443944,0.16516725466514176,37.292589837242886,28,36,5,0.03571428571428571,0,0.03571428571428571,0.39285714285714285,0.0,0.0,0.0,0.4145324721618072,0.7256964883677042,0.21867741695786538,0.6237203142579115,1
900,112,4,0.3244162290793642,0.10557935503122917,56.42605927446312,28,36,5,0.0,0,0.0,0.39285714285714285,0.0,0.0,0.0,0.3621873141100383,0.630100620392767,0.24703254135072128,0.5091847284723993,0
901,112,5,0.4683176918100306,0.38682348700685476,79.42096452290203,28,36,5,0.14285714285714285,1,0.7142857142857143,0.39285714285714285,0.18181818181818182,0.8181818181818182,0.14285714285714285,0.4838480881069059,0.8519353178485828,0.41881352103199143,0.8045177454757658,1
902,112,6,0.22871229037570306,0.07420528254276122,58.43994917449381,28,36,5,0.03571428571428571,1,0.39285714285714285,0.39285714285714285,0.09090909090909091,0.45454545454545453,0.07142857142857142,0.45006083079258047,0.6936269665460267,0.3328574280597546,0.6434497306889582,0
903,112,7,0.3497429417741876,0.0740015202304388,75.40704618562697,28,36,5,0.03571428571428571,1,0.35714285714285715,0.39285714285714285,0.09090909090909091,0.45454545454545453,0.10714285714285714,0.3668425237777666,0.8175802339164081,0.20829980200860979,0.7895475494662313,1
904,113,0,0.4941320140090335,0.2343486345175857,89.67672202838374,28,34,5,0.10714285714285714,0,0.17857142857142858,0.10714285714285714,0.0,0.0,0.03571428571428571,0.45265111789487883,0.8196369245442734,0.3093515803428068,0.632447251973805,0
905,113,1,0.4852061327213807,0.3597265852833301,62.91363998830904,28,34,5,0.2857142857142857,0,0.5714285714285714,0.10714285714285714,0.0,0.0,0.14285714285714285,0.5134000370748684,0.8250496864044782,0.4877521459931632,0.9179976413826696,0
906,113,2,0.18682854027256413,0.3850820766504969,65.17064449393627,28,34,5,0.17857142857142858,1,0.8214285714285714,0.10714285714285714,0.3333333333333333,0.6666666666666666,0.17857142857142858,0.4112310147157296,0.9083028232522641,0.34705300522451016,0.7317839697472345,1
907,113,3,0.34270523657859886,0.5301623063563605,115.30162022537493,28,34,5,0.03571428571428571,0,0.03571428571428571,0.10714285714285714,0.0,0.0,0.0,0.3968629083462531,0.8446148282573592,0.2241823184687964,0.7285760596860739,0
908,113,4,0.8306570591271941,0.7795191762557497,150.61778240542145,28,34,5,0.10714285714285714,1,0.10714285714285714,0.10714285714285714,0.0,0.0,0.0,0.49083944453394646,0.8306570591271941,0.38940547717977225,0.7795191762557497,1
909,113,5,0.44065099958673726,0.553552640310646,114.41558412730893,28,34,5,0.14285714285714285,1,0.8214285714285714,0.10714285714285714,0.6666666666666666,0.6666666666666666,0.17857142857142858,0.4120013739259768,0.962450783293295,0.3182564437366501,0.7800506496972068,0
910,113,6,0.5643630298567317,0.3992819943465243,91.97484740036354,28,34,5,0.07142857142857142,0,0.14285714285714285,0.10714285714285714,0.0,0.0,0.03571428571428571,0.4521034390973057,0.7785917795363254,0.35805643248843966,1.0,0
911,113,7,0.4629906643731974,0.30354948797164455,108.0286211234993,28,34,5,0.2857142857142857,0,0.5714285714285714,0.10714285714285714,0.0,0.0,0.17857142857142858,0.5462812849480271,0.8793601056408599,0.4533733100470762,0.8278809256426682,1
912,114,0,0.21041623195823375,0.14350761432631592,54.00342843022745,25,33,4,0.04,0,0.12,0.2,0.0,0.0,0.0,0.4274686974394441,0.6529279336595295,0.2916181151288372,0.6226531935971881,1
913,114,1,0.6243142093282812,0.2648657174364943,91.06366071548145,25,33,4,0.32,0,0.76,0.2,0.4,0.4,0.16,0.5703450776922107,0.950958549211515,0.5283936336906515,1.0,1
914,114,2,0.38326956572440374,0.4394854252414553,93.5099846086267,25,33,4,0.4,0,0.84,0.2,0.4,0.4,0.16,0.5622098175330033,0.8598677095324477,0.5248823596007797,0.9757309719591853,0
915,114,3,0.8490699149091454,0.8032824202091883,168.60860648996905,25,33,4,0.12,1,0.52,0.2,0.2,0.2,0.08,0.48362047082915827,0.8490699149091454,0.4302575257596563,0.8096860392160444,0
916,114,4,0.30165581454715984,0.13040419053787788,75.59586972743972,25,33,4,0.16,0,0.44,0.2,0.2,0.2,0.12,0.49505227602158963,0.7706513090188574,0.4430082384258816,0.7098599878939665,1
917,114,5,0.5964651889686068,0.6305393429917202,115.9952670649232,25,33,4,0.44,1,0.84,0.2,0.4,0.4,0.12,0.5865450784030108,0.9375406337103038,0.5492344743551265,0.9822143085300645,1
918,114,6,0.4714976848533791,0.266967980233894,97.03572047544458,25,33,4,0.12,0,0.48,0.2,0.2,0.2,0.12,0.48097170643868054,0.7812917841368368,0.4467216239409644,1.0,1
919,114,7,0.25204220961062,0.005618494212224545,43.260242212829695,25,33,4,0.16,1,0.52,0.2,0.2,0.2,0.0,0.43433411451392506,0.8609103652501513,0.31254555151584557,0.8003597986402563,0
920,115,0,0.3265881148104379,0.11368029865504849,42.031722354857756,27,35,3,0.037037037037037035,1,0.4444444444444444,0.37037037037037035,0.1,0.3,0.037037037037037035,0.4276674463706182,0.7747038084515043,0.2996357970892146,0.641072268171171,1
921,115,1,0.6646443873725842,0.5584848120449927,138.7887428155344,27,35,3,0.14814814814814814,1,0.6296296296296297,0.37037037037037035,0.3,0.6,0.1111111111111111,0.5434980750636069,0.8304712011844522,0.5165820553397013,0.8556524139085623,1
922,115,2,0.6759337603272846,0.8390767777417694,168.01470924489564,27,35,3,0.18518518518518517,1,0.2962962962962963,0.37037037037037035,0.1,0.2,0.07407407407407407,0.4716168525681958,0.8002889016255654,0.4053698068600113,0.9453882379153578,1
923,115,3,0.5745813663526887,0.5068573567628474,124.33293314507833,27,35,3,0.2222222222222222,1,0.4444444444444444,0.37037037037037035,0.1,0.1,0.037037037037037035,0.5792932489145322,0.9298975503015288,0.5194450746629349,0.9555506799198731,0
924,115,4,0.2502320765781696,0.11385544381679785,60.75205978179551,27,35,3,0.14814814814814814,1,0.4074074074074074,0.37037037037037035,0.1,0.2,0.037037037037037035,0.3818708697859379,0.6318797708875705,0.31053310305319276,0.7267123099838262,1
925,115,5,0.578673553552128,0.5251227308982376,93.09254966537424,27,35,3,0.37037037037037035,1,0.8888888888888888,0.37037037037037035,0.4,0.8,0.1111111111111111,0.5912745523470817,0.960076616144165,0.5487471173756375,1.0,1
926,115,6,0.7526868742320556,0.7691719072260357,149.30751574414492,27,35,3,0.14814814814814814,1,0.18518518518518517,0.37037037037037035,0.1,0.1,0.037037037037037035,0.457769310996085,0.7526868742320556,0.37896882573773916,0.7691719072260357,1
927,115,7,0.5970549747156468,0.3663458767328731,107.2553676520328,27,35,3,0.18518518518518517,1,0.7407407407407407,0.37037037037037035,0.3,0.5,0.07407407407407407,0.5297188073033575,0.8778327165351566,0.4435157865454886,0.8687377295036621,0
928,116,0,0.37772340459577236,0.2569935877402397,51.5514550952936,24,27,5,0.125,1,0.5833333333333334,0.25,0.16666666666666666,0.6666666666666666,0.16666666666666666,0.4503107570647966,0.7569055082896188,0.3318309828896773,0.6871893423151177,0
929,116,1,0.37234217898291067,0.0,13.537361146944527,24,27,5,0.0,0,0.0,0.25,0.0,0.0,0.0,0.3331094989865828,0.7018970075485175,0.170250072704923,0.5336894482441548,0
930,116,2,0.5504949225103152,0.5386172345134523,148.191079667905,24,27,5,0.08333333333333333,1,0.5416666666666666,0.25,0.16666666666666666,0.5,0.16666666666666666,0.4426297250967501,0.9242448172336083,0.324485681276157,0.8291532966773154,1
931,116,3,0.33460097602717614,0.2352793844750463,72.76438760881541,24,27,5,0.08333333333333333,1,0.3333333333333333,0.25,0.16666666666666666,0.3333333333333333,0.16666666666666666,0.41010485919307205,0.7499031906901399,0.3115126534146369,0.6062774967041996,1
932,116,4,0.3303175651545893,0.24469198815564752,72.30901699125084,24,27,5,0.25,1,0.9166666666666666,0.25,0.5,0.8333333333333334,0.20833333333333334,0.47096041373939984,0.7781692150474661,0.40031681206804076,0.9032120417617426,0
933,116,5,0.38688268433176,0.2028507243805906,105.58991199635605,24,27,5,0.125,1,0.5833333333333334,0.25,0.16666666666666666,0.3333333333333333,0.20833333333333334,0.4203701814191166,0.7564081193666949,0.30756921125961917,0.7072867115827617,0
934,116,6,0.6672642698341015,0.7082836843741024,123.73754698286707,24,27,5,0.25,1,0.9166666666666666,0.25,0.3333333333333333,0.6666666666666666,0.20833333333333334,0.5493622122670262,0.9399238541626337,0.4793781098242305,0.9345726196920473,0
935,116,7,0.4340037478236839,0.38721809964813536,80.65548349235712,24,27,5,0.08333333333333333,1,0.75,0.25,0.3333333333333333,0.6666666666666666,0.20833333333333334,0.49490377717758943,0.7452531142121888,0.35655855789008034,0.7460750591417814,0
936,117,0,0.29418252433230413,0.2656503260542555,60.70162738438136,21,27,2,0.047619047619047616,0,0.047619047619047616,0.42857142857142855,0.0,0.0,0.0,0.3535463209812586,0.6932715760320202,0.26972640399381037,0.669333028494573,0
937,117,1,0.4264957854920213,0.24927360638725035,104.50503203921922,21,27,2,0.19047619047619047,1,0.8571428571428571,0.42857142857142855,0.2222222222222222,0.7777777777777778,0.09523809523809523,0.4987647623792454,0.6642427892447209,0.4419699821487319,0.8326823091302711,1
938,117,2,0.7501049080643318,0.868136825896925,155.72936872682553,21,27,2,0.23809523809523808,1,0.2857142857142857,0.42857142857142855,0.2222222222222222,0.3333333333333333,0.0,0.5995758846555503,0.8243936641211143,0.5298136913261307,0.868136825896925,0
939,117,3,0.32682371318155334,0.39440378544695576,71.11077726932395,21,27,2,0.3333333333333333,1,0.8571428571428571,0.42857142857142855,0.2222222222222222,0.7777777777777778,0.09523809523809523,0.5702211320355675,0.9214906559693165,0.5330366548895359,1.0,0
940,117,4,0.414727768302365,0.25109888591861906,61.13826842390954,21,27,2,0.0,0,0.0,0.42857142857142855,0.0,0.0,0.0,0.4880956459407876,0.6387181116950078,0.32910753395689635,0.527799327907508,1
941,117,5,0.34645360170960837,0.2032584610736867,54.2990551226165,21,27,2,0.14285714285714285,1,0.47619047619047616,0.42857142857142855,0.1111111111111111,0.1111111111111111,0.0,0.39813659423666886,0.7448357907258889,0.2676447380668688,0.6882008678368562,1
942,117,6,0.280680537778654,0.19119379364177025,33.91478930679108,21,27,2,0.0,0,0.0,0.42857142857142855,0.0,0.0,0.0,0.48131178277187914,0.7685570055831721,0.362971527371822,0.5991834773082962,1
943,117,7,0.7199377772008341,0.6056941197094703,127.85602025723051,21,27,2,0.2857142857142857,1,0.6190476190476191,0.42857142857142855,0.1111111111111111,0.2222222222222222,0.09523809523809523,0.58254493303848,0.8611085488408107,0.48648307402068736,0.753436000102338,1
944,118,0,0.45038563369899093,0.17045576607113427,54.22881891061854,28,39,2,0.07142857142857142,1,0.2857142857142857,0.39285714285714285,0.09090909090909091,0.45454545454545453,0.0,0.43408464974433086,0.8438338627601666,0.27781531690311717,0.7673641757741184,1
945,118,1,0.8225141922030685,0.4475926668364092,115.22570179235282,28,39,2,0.2857142857142857,1,0.8571428571428571,0.39285714285714285,0.36363636363636365,0.8181818181818182,0.07142857142857142,0.6040141285746099,0.8767940982845609,0.5452290198306246,0.8450547436232537,1
946,118,2,0.4306054968561215,0.20062202784457397,69.48763569342896,28,39,2,0.07142857142857142,1,0.8928571428571429,0.39285714285714285,0.09090909090909091,0.9090909090909091,0.07142857142857142,0.39410375362966804,0.7747127311262021,0.24645313121788112,0.6342800159260473,1
947,118,3,0.26601797400995114,0.23484956942104723,55.86518746966613,28,39,2,0.07142857142857142,1,0.10714285714285714,0.39285714285714285,0.09090909090909091,0.09090909090909091,0.0,0.4142148789727202,0.8051345204655095,0.28519247795624264,0.766040880181801,1
948,118,4,0.46563627275805136,0.29367201352127703,50.4366343724552,28,39,2,0.10714285714285714,1,0.2857142857142857,0.39285714285714285,0.18181818181818182,0.2727272727272727,0.03571428571428571,0.45495294221073795,0.7520572920767309,0.3456800575442405,0.778558779307919,1
949,118,5,0.3957709722815233,0.19112547580246397,47.71801019583816,28,39,2,0.07142857142857142,1,0.21428571428571427,0.39285714285714285,0.09090909090909091,0.2727272727272727,0.0,0.4120109145797337,0.8406980362862445,0.2999311998233178,0.7080358754837668,1
950,118,6,0.15297201985758974,0.07241779796486363,55.205810494884226,28,39,2,0.03571428571428571,1,0.25,0.39285714285714285,0.09090909090909091,0.45454545454545453,0.0,0.324908862287738,0.6344516864925227,0.21174520587836412,0.6023855521234862,1
951,118,7,0.5388866101768831,0.5009966479519992,141.578226743923,28,39,2,0.4642857142857143,1,1.0,0.39285714285714285,0.5454545454545454,1.0,0.07142857142857142,0.6219122884137013,0.9674694398253791,0.5969494507371357,0.992048561169044,1
952,119,0,0.46123912846137816,0.4496563513606141,113.94088804992636,26,33,4,0.07692307692307693,0,0.11538461538461539,0.38461538461538464,0.0,0.0,0.0,0.4864389643432213,0.8268084851431557,0.4226701912218142,0.7511583990075519,1
953,119,1,0.22070784397181173,0.1565720503263916,71.8499722538142,26,33,4,0.19230769230769232,1,0.38461538461538464,0.38461538461538464,0.3,0.4,0.0,0.5391305217111714,0.958496638001165,0.449866441570577,0.8045516990110382,1
954,119,2,0.6572564678042363,0.3030725480086427,119.65030827198487,26,33,4,0.19230769230769232,1,0.5384615384615384,0.38461538461538464,0.2,0.5,0.038461538461538464,0.5406922671594083,0.9298843808867907,0.45580514038765885,0.9065490544568717,1
955,119,3,0.5082323732545164,0.5373917374980428,119.73056776618814,26,33,4,0.07692307692307693,1,0.38461538461538464,0.38461538461538464,0.1,0.4,0.0,0.4229094193274975,0.7681371928654669,0.3335902957248349,0.7200570399176653,1
956,119,4,0.6120391096602034,0.41766159813740145,123.35237629692165,26,33,4,0.0,0,0.0,0.38461538461538464,0.0,0.0,0.0,0.3062564842570803,0.6120391096602034,0.18240123566942293,0.548841132759387,1
957,119,5,0.8300679357983798,0.8639866848652987,161.8481909026001,26,33,4,0.46153846153846156,1,0.6153846153846154,0.38461538461538464,0.2,0.3,0.07692307692307693,0.6199785424096772,0.9160064033455506,0.5863756791808388,0.9669343344232203,1
958,119,6,0.4510993990385902,0.27940169670394255,94.24143071965004,26,33,4,0.19230769230769232,1,0.5,0.38461538461538464,0.2,0.4,0.11538461538461539,0.47604382967438,0.8904668231850802,0.4052305322641826,0.8295508235063663,0
959,119,7,0.2681275722331127,0.06686288745094465,43.14573940614142,26,33,4,0.11538461538461539,1,0.4230769230769231,0.38461538461538464,0.1,0.4,0.038461538461538464,0.38786791859978054,0.6806039847692733,0.2558726312859707,0.7778943717004244,1
