repeat,fold,method,sample_id,alarms,prediction,target
0,0,FixedThreshold,40,[],0,1
0,0,FixedThreshold,41,"[""n13""]",0,0
0,0,FixedThreshold,42,"[""n11"", ""n20"", ""n22""]",1,1
0,0,FixedThreshold,43,[],0,0
0,0,FixedThreshold,44,"[""n05""]",0,0
0,0,FixedThreshold,45,"[""n21""]",0,1
0,0,FixedThreshold,46,"[""n00"", ""n10"", ""n12"", ""n13"", ""n19""]",0,0
0,0,FixedThreshold,47,"[""n03"", ""n05"", ""n08""]",0,0
0,0,FixedThreshold,72,[],0,1
0,0,FixedThreshold,73,"[""n00""]",1,1
0,0,FixedThreshold,74,[],0,0
0,0,FixedThreshold,75,[],0,1
0,0,FixedThreshold,76,"[""n01""]",1,1
0,0,FixedThreshold,77,"[""n03"", ""n09""]",1,1
0,0,FixedThreshold,78,"[""n06"", ""n10""]",1,1
0,0,FixedThreshold,79,[],0,0
0,0,FixedThreshold,80,[],0,0
0,0,FixedThreshold,81,[],0,0
0,0,FixedThreshold,82,[],0,1
0,0,FixedThreshold,83,"[""n02""]",1,1
0,0,FixedThreshold,84,[],0,1
0,0,FixedThreshold,85,[],0,1
0,0,FixedThreshold,86,[],0,0
0,0,FixedThreshold,87,[],0,0
0,0,FixedThreshold,112,"[""n01"", ""n02""]",1,1
0,0,FixedThreshold,113,[],0,0
0,0,FixedThreshold,114,"[""n22""]",1,1
0,0,FixedThreshold,115,"[""n18""]",0,0
0,0,FixedThreshold,116,[],0,0
0,0,FixedThreshold,117,"[""n18""]",0,0
0,0,FixedThreshold,118,[],0,0
0,0,FixedThreshold,119,"[""n12""]",1,1
0,0,FixedThreshold,136,[],0,0
0,0,FixedThreshold,137,"[""n00"", ""n16"", ""n17""]",1,1
0,0,FixedThreshold,138,"[""n04"", ""n15""]",0,1
0,0,FixedThreshold,139,"[""n21""]",0,1
0,0,FixedThreshold,140,"[""n04"", ""n18"", ""n26""]",1,1
0,0,FixedThreshold,141,"[""n11"", ""n15""]",0,0
0,0,FixedThreshold,142,"[""n07""]",1,1
0,0,FixedThreshold,143,"[""n00"", ""n03""]",1,1
0,0,FixedThreshold,160,"[""n23""]",0,0
0,0,FixedThreshold,161,"[""n03"", ""n14"", ""n16""]",0,0
0,0,FixedThreshold,162,[],0,1
0,0,FixedThreshold,163,[],0,0
0,0,FixedThreshold,164,[],0,0
0,0,FixedThreshold,165,[],0,0
0,0,FixedThreshold,166,"[""n03"", ""n08"", ""n17"", ""n27""]",0,0
0,0,FixedThreshold,167,[],0,1
0,0,FixedThreshold,264,[],0,0
0,0,FixedThreshold,265,[],0,1
0,0,FixedThreshold,266,[],0,0
0,0,FixedThreshold,267,[],0,1
0,0,FixedThreshold,268,[],0,0
0,0,FixedThreshold,269,[],0,1
0,0,FixedThreshold,270,"[""n06"", ""n22""]",1,1
0,0,FixedThreshold,271,"[""n14""]",1,1
0,0,FixedThreshold,288,"[""n22"", ""n25""]",0,1
0,0,FixedThreshold,289,"[""n03"", ""n07"", ""n12""]",0,0
0,0,FixedThreshold,290,[],0,1
0,0,FixedThreshold,291,[],0,0
0,0,FixedThreshold,292,"[""n08"", ""n09""]",0,0
0,0,FixedThreshold,293,[],0,0
0,0,FixedThreshold,294,"[""n07"", ""n18""]",0,0
0,0,FixedThreshold,295,"[""n13""]",1,0
0,0,FixedThreshold,296,[],0,0
0,0,FixedThreshold,297,"[""n03"", ""n20""]",1,1
0,0,FixedThreshold,298,"[""n16""]",0,0
0,0,FixedThreshold,299,[],0,0
0,0,FixedThreshold,300,[],0,0
0,0,FixedThreshold,301,"[""n01"", ""n06"", ""n07""]",0,0
0,0,FixedThreshold,302,[],0,0
0,0,FixedThreshold,303,[],0,1
0,0,FixedThreshold,320,"[""n00"", ""n09"", ""n19""]",1,1
0,0,FixedThreshold,321,"[""n11"", ""n12"", ""n20""]",0,0
0,0,FixedThreshold,322,"[""n05"", ""n07""]",1,1
0,0,FixedThreshold,323,[],0,0
0,0,FixedThreshold,324,[],0,1
0,0,FixedThreshold,325,[],0,1
0,0,FixedThreshold,326,[],0,1
0,0,FixedThreshold,327,[],0,0
0,0,FixedThreshold,344,[],0,0
0,0,FixedThreshold,345,[],0,0
0,0,FixedThreshold,346,"[""n09""]",0,1
0,0,FixedThreshold,347,[],0,0
0,0,FixedThreshold,348,"[""n15""]",0,0
0,0,FixedThreshold,349,"[""n18"", ""n19""]",0,0
0,0,FixedThreshold,350,"[""n27""]",0,1
0,0,FixedThreshold,351,[],0,1
0,0,FixedThreshold,352,[],0,0
0,0,FixedThreshold,353,[],0,0
0,0,FixedThreshold,354,"[""n04"", ""n05""]",0,0
0,0,FixedThreshold,355,[],0,0
0,0,FixedThreshold,356,"[""n03"", ""n22""]",0,1
0,0,FixedThreshold,357,[],0,0
0,0,FixedThreshold,358,"[""n06"", ""n11"", ""n12"", ""n18"", ""n21"", ""n25"", ""n26""]",0,0
0,0,FixedThreshold,359,"[""n13"", ""n18""]",0,0
0,0,FixedThreshold,376,[],0,1
0,0,FixedThreshold,377,[],0,0
0,0,FixedThreshold,378,"[""n03"", ""n09""]",1,1
0,0,FixedThreshold,379,[],0,0
0,0,FixedThreshold,380,"[""n06"", ""n19""]",1,1
0,0,FixedThreshold,381,"[""n06""]",1,1
0,0,FixedThreshold,382,"[""n02"", ""n09"", ""n13""]",1,1
0,0,FixedThreshold,383,"[""n08"", ""n17""]",1,1
0,0,FixedThreshold,416,"[""n14""]",0,0
0,0,FixedThreshold,417,"[""n11"", ""n13""]",0,0
0,0,FixedThreshold,418,[],0,0
0,0,FixedThreshold,419,"[""n08"", ""n28""]",1,1
0,0,FixedThreshold,420,[],0,0
0,0,FixedThreshold,421,[],0,0
0,0,FixedThreshold,422,"[""n24""]",0,0
0,0,FixedThreshold,423,[],0,1
0,0,FixedThreshold,472,[],0,1
0,0,FixedThreshold,473,[],0,0
0,0,FixedThreshold,474,[],0,0
0,0,FixedThreshold,475,[],0,1
0,0,FixedThreshold,476,"[""n06""]",1,1
0,0,FixedThreshold,477,"[""n12"", ""n21""]",0,0
0,0,FixedThreshold,478,[],0,0
0,0,FixedThreshold,479,[],0,1
0,0,FixedThreshold,552,[],0,1
0,0,FixedThreshold,553,[],0,0
0,0,FixedThreshold,554,"[""n05"", ""n16""]",0,0
0,0,FixedThreshold,555,[],0,1
0,0,FixedThreshold,556,[],0,1
0,0,FixedThreshold,557,"[""n17"", ""n21"", ""n25""]",0,1
0,0,FixedThreshold,558,[],0,1
0,0,FixedThreshold,559,"[""n18""]",0,0
0,0,FixedThreshold,592,"[""n00""]",1,1
0,0,FixedThreshold,593,"[""n02"", ""n07""]",0,0
0,0,FixedThreshold,594,[],0,0
0,0,FixedThreshold,595,[],0,0
0,0,FixedThreshold,596,"[""n01"", ""n03"", ""n17"", ""n23""]",1,1
0,0,FixedThreshold,597,[],0,1
0,0,FixedThreshold,598,[],0,0
0,0,FixedThreshold,599,[],0,1
0,0,FixedThreshold,648,[],0,0
0,0,FixedThreshold,649,[],0,1
0,0,FixedThreshold,650,"[""n06""]",0,1
0,0,FixedThreshold,651,[],0,1
0,0,FixedThreshold,652,"[""n18""]",0,0
0,0,FixedThreshold,653,[],0,0
0,0,FixedThreshold,654,[],0,0
0,0,FixedThreshold,655,"[""n08""]",0,0
0,0,FixedThreshold,688,"[""n21""]",0,0
0,0,FixedThreshold,689,[],0,1
0,0,FixedThreshold,690,"[""n06"", ""n15""]",1,1
0,0,FixedThreshold,691,[],0,0
0,0,FixedThreshold,692,"[""n06""]",1,1
0,0,FixedThreshold,693,"[""n09""]",0,0
0,0,FixedThreshold,694,"[""n04""]",0,0
0,0,FixedThreshold,695,"[""n17""]",0,0
0,0,FixedThreshold,832,[],0,1
0,0,FixedThreshold,833,"[""n17"", ""n28""]",0,0
0,0,FixedThreshold,834,[],0,0
0,0,FixedThreshold,835,[],0,1
0,0,FixedThreshold,836,"[""n11""]",0,0
0,0,FixedThreshold,837,[],0,1
0,0,FixedThreshold,838,[],0,0
0,0,FixedThreshold,839,[],0,0
0,0,FixedThreshold,864,[],0,0
0,0,FixedThreshold,865,[],0,0
0,0,FixedThreshold,866,[],0,0
0,0,FixedThreshold,867,[],0,0
0,0,FixedThreshold,868,[],0,0
0,0,FixedThreshold,869,[],0,0
0,0,FixedThreshold,870,"[""n24""]",0,0
0,0,FixedThreshold,871,[],0,0
0,0,FixedThreshold,896,[],0,0
0,0,FixedThreshold,897,[],0,1
0,0,FixedThreshold,898,[],0,1
0,0,FixedThreshold,899,[],0,0
0,0,FixedThreshold,900,"[""n17""]",0,0
0,0,FixedThreshold,901,"[""n00"", ""n27""]",1,1
0,0,FixedThreshold,902,"[""n05""]",0,0
0,0,FixedThreshold,903,[],0,1
0,0,FixedThreshold,912,[],0,1
0,0,FixedThreshold,913,[],0,0
0,0,FixedThreshold,914,[],0,0
0,0,FixedThreshold,915,"[""n10"", ""n16""]",0,0
0,0,FixedThreshold,916,[],0,0
0,0,FixedThreshold,917,[],0,0
0,0,FixedThreshold,918,[],0,0
0,0,FixedThreshold,919,[],0,0
0,0,FixedThreshold,944,"[""n09"", ""n26""]",0,0
0,0,FixedThreshold,945,"[""n19"", ""n23""]",0,0
0,0,FixedThreshold,946,"[""n26""]",0,0
0,0,FixedThreshold,947,[],0,1
0,0,FixedThreshold,948,[],0,1
0,0,FixedThreshold,949,"[""n17""]",0,0
0,0,FixedThreshold,950,[],0,0
0,0,FixedThreshold,951,"[""n14"", ""n21""]",0,0
0,0,SingleCenter,40,"[""n08"", ""n10"", ""n11"", ""n12"", ""n22""]",1,1
0,0,SingleCenter,41,"[""n12"", ""n13"", ""n22""]",1,0
0,0,SingleCenter,42,"[""n00"", ""n05"", ""n11"", ""n20"", ""n22""]",1,1
0,0,SingleCenter,43,"[""n13"", ""n19""]",0,0
0,0,SingleCenter,44,"[""n02"", ""n05"", ""n07"", ""n09"", ""n16""]",1,0
0,0,SingleCenter,45,"[""n09"", ""n21"", ""n22""]",1,1
0,0,SingleCenter,46,"[""n00"", ""n07"", ""n10"", ""n12"", ""n13"", ""n19"", ""n20""]",0,0
0,0,SingleCenter,47,"[""n02"", ""n03"", ""n05"", ""n08"", ""n09""]",1,0
0,0,SingleCenter,72,"[""n02"", ""n09"", ""n10"", ""n12"", ""n20"", ""n21""]",1,1
0,0,SingleCenter,73,"[""n00"", ""n10"", ""n12"", ""n17"", ""n22""]",1,1
0,0,SingleCenter,74,"[""n16"", ""n20"", ""n23""]",0,0
0,0,SingleCenter,75,"[""n06"", ""n08"", ""n10""]",1,1
0,0,SingleCenter,76,"[""n00"", ""n01"", ""n02"", ""n05"", ""n08"", ""n11""]",1,1
0,0,SingleCenter,77,"[""n03"", ""n09"", ""n19"", ""n23""]",1,1
0,0,SingleCenter,78,"[""n06"", ""n09"", ""n10"", ""n17""]",1,1
0,0,SingleCenter,79,"[""n05"", ""n17"", ""n26""]",1,0
0,0,SingleCenter,80,"[""n12"", ""n18"", ""n19""]",0,0
0,0,SingleCenter,81,[],0,0
0,0,SingleCenter,82,"[""n02"", ""n08"", ""n24""]",1,1
0,0,SingleCenter,83,"[""n02"", ""n04"", ""n12"", ""n16"", ""n17"", ""n23""]",1,1
0,0,SingleCenter,84,"[""n12"", ""n15"", ""n18""]",1,1
0,0,SingleCenter,85,"[""n14"", ""n17"", ""n21""]",1,1
0,0,SingleCenter,86,"[""n11"", ""n12"", ""n17""]",0,0
0,0,SingleCenter,87,[],0,0
0,0,SingleCenter,112,"[""n01"", ""n02"", ""n03"", ""n06"", ""n13""]",1,1
0,0,SingleCenter,113,"[""n01"", ""n21""]",0,0
0,0,SingleCenter,114,"[""n14"", ""n18"", ""n22""]",1,1
0,0,SingleCenter,115,"[""n04"", ""n08"", ""n18""]",1,0
0,0,SingleCenter,116,"[""n14"", ""n21""]",0,0
0,0,SingleCenter,117,"[""n05"", ""n10"", ""n11"", ""n16"", ""n18""]",0,0
0,0,SingleCenter,118,"[""n14"", ""n18"", ""n21""]",0,0
0,0,SingleCenter,119,"[""n07"", ""n12"", ""n18""]",1,1
0,0,SingleCenter,136,[],0,0
0,0,SingleCenter,137,"[""n00"", ""n03"", ""n16"", ""n17""]",1,1
0,0,SingleCenter,138,"[""n01"", ""n02"", ""n09"", ""n11"", ""n15"", ""n25"", ""n29""]",1,1
0,0,SingleCenter,139,"[""n10"", ""n21"", ""n24""]",1,1
0,0,SingleCenter,140,"[""n04"", ""n15"", ""n18"", ""n26""]",1,1
0,0,SingleCenter,141,"[""n11"", ""n15"", ""n22""]",0,0
0,0,SingleCenter,142,"[""n07"", ""n15"", ""n17"", ""n26"", ""n28""]",1,1
0,0,SingleCenter,143,"[""n00"", ""n01"", ""n03""]",1,1
0,0,SingleCenter,160,"[""n03"", ""n11"", ""n23""]",0,0
0,0,SingleCenter,161,"[""n03"", ""n04"", ""n14"", ""n16""]",0,0
0,0,SingleCenter,162,"[""n00"", ""n04"", ""n06"", ""n07"", ""n09"", ""n24""]",1,1
0,0,SingleCenter,163,"[""n19""]",0,0
0,0,SingleCenter,164,"[""n08"", ""n28""]",0,0
0,0,SingleCenter,165,[],0,0
0,0,SingleCenter,166,"[""n02"", ""n03"", ""n08"", ""n15"", ""n17"", ""n27""]",0,0
0,0,SingleCenter,167,"[""n05"", ""n29""]",1,1
0,0,SingleCenter,264,"[""n19""]",1,0
0,0,SingleCenter,265,"[""n14""]",1,1
0,0,SingleCenter,266,[],0,0
0,0,SingleCenter,267,"[""n03"", ""n17""]",1,1
0,0,SingleCenter,268,"[""n01"", ""n03""]",1,0
0,0,SingleCenter,269,"[""n22""]",1,1
0,0,SingleCenter,270,"[""n06"", ""n07"", ""n08"", ""n09"", ""n21"", ""n22""]",1,1
0,0,SingleCenter,271,"[""n03"", ""n04"", ""n05"", ""n08"", ""n10"", ""n12"", ""n14"", ""n17"", ""n21""]",1,1
0,0,SingleCenter,288,"[""n14"", ""n22"", ""n25"", ""n26""]",1,1
0,0,SingleCenter,289,"[""n03"", ""n07"", ""n12"", ""n17"", ""n25""]",0,0
0,0,SingleCenter,290,"[""n01"", ""n07""]",1,1
0,0,SingleCenter,291,"[""n16""]",0,0
0,0,SingleCenter,292,"[""n08"", ""n09"", ""n17""]",0,0
0,0,SingleCenter,293,"[""n03"", ""n08"", ""n16"", ""n20"", ""n21"", ""n24""]",0,0
0,0,SingleCenter,294,"[""n07"", ""n11"", ""n18""]",0,0
0,0,SingleCenter,295,"[""n12""]",0,0
0,0,SingleCenter,296,[],0,0
0,0,SingleCenter,297,"[""n00"", ""n02"", ""n03"", ""n10"", ""n15"", ""n16"", ""n20""]",1,1
0,0,SingleCenter,298,"[""n09"", ""n16""]",1,0
0,0,SingleCenter,299,"[""n11""]",0,0
0,0,SingleCenter,300,[],0,0
0,0,SingleCenter,301,"[""n01"", ""n06"", ""n07"", ""n13""]",1,0
0,0,SingleCenter,302,"[""n01""]",0,0
0,0,SingleCenter,303,"[""n02"", ""n17""]",1,1
0,0,SingleCenter,320,"[""n00"", ""n04"", ""n08"", ""n09"", ""n13"", ""n19"", ""n20""]",1,1
0,0,SingleCenter,321,"[""n11"", ""n12"", ""n20""]",0,0
0,0,SingleCenter,322,"[""n03"", ""n05"", ""n07"", ""n12"", ""n17""]",1,1
0,0,SingleCenter,323,"[""n09"", ""n17""]",0,0
0,0,SingleCenter,324,"[""n11"", ""n16"", ""n21""]",1,1
0,0,SingleCenter,325,"[""n14"", ""n21""]",1,1
0,0,SingleCenter,326,"[""n02"", ""n16""]",1,1
0,0,SingleCenter,327,"[""n01"", ""n04"", ""n18""]",1,0
0,0,SingleCenter,344,"[""n06"", ""n19"", ""n27""]",0,0
0,0,SingleCenter,345,"[""n11"", ""n19""]",0,0
0,0,SingleCenter,346,"[""n09"", ""n14"", ""n16"", ""n21"", ""n25"", ""n28""]",1,1
0,0,SingleCenter,347,"[""n26""]",0,0
0,0,SingleCenter,348,"[""n02"", ""n09"", ""n12"", ""n15"", ""n26""]",1,0
0,0,SingleCenter,349,"[""n01"", ""n02"", ""n05"", ""n08"", ""n09"", ""n13"", ""n15"", ""n18"", ""n19""]",1,0
0,0,SingleCenter,350,"[""n00"", ""n09"", ""n27""]",1,1
0,0,SingleCenter,351,"[""n00"", ""n05"", ""n28""]",1,1
0,0,SingleCenter,352,"[""n12""]",0,0
0,0,SingleCenter,353,"[""n09"", ""n12"", ""n13"", ""n15"", ""n18""]",0,0
0,0,SingleCenter,354,"[""n04"", ""n05"", ""n10"", ""n23""]",0,0
0,0,SingleCenter,355,[],0,0
0,0,SingleCenter,356,"[""n01"", ""n02"", ""n03"", ""n07"", ""n13"", ""n16"", ""n22""]",1,1
0,0,SingleCenter,357,"[""n16"", ""n21"", ""n26""]",0,0
0,0,SingleCenter,358,"[""n03"", ""n06"", ""n11"", ""n12"", ""n18"", ""n20"", ""n21"", ""n25"", ""n26""]",0,0
0,0,SingleCenter,359,"[""n08"", ""n13"", ""n18""]",0,0
0,0,SingleCenter,376,"[""n00"", ""n09"", ""n12""]",1,1
0,0,SingleCenter,377,"[""n15""]",0,0
0,0,SingleCenter,378,"[""n03"", ""n08"", ""n09""]",1,1
0,0,SingleCenter,379,[],0,0
0,0,SingleCenter,380,"[""n01"", ""n06"", ""n19""]",1,1
0,0,SingleCenter,381,"[""n06"", ""n08"", ""n12""]",1,1
0,0,SingleCenter,382,"[""n02"", ""n09"", ""n13""]",1,1
0,0,SingleCenter,383,"[""n02"", ""n06"", ""n08"", ""n12"", ""n15"", ""n17""]",1,1
0,0,SingleCenter,416,"[""n02"", ""n11"", ""n13"", ""n14"", ""n18"", ""n22"", ""n27""]",0,0
0,0,SingleCenter,417,"[""n11"", ""n13""]",0,0
0,0,SingleCenter,418,"[""n05"", ""n19"", ""n25""]",0,0
0,0,SingleCenter,419,"[""n01"", ""n08"", ""n28""]",1,1
0,0,SingleCenter,420,"[""n03"", ""n18"", ""n22""]",0,0
0,0,SingleCenter,421,[],0,0
0,0,SingleCenter,422,"[""n02"", ""n06"", ""n07"", ""n15"", ""n24""]",0,0
0,0,SingleCenter,423,"[""n01"", ""n10"", ""n13"", ""n17"", ""n26""]",1,1
0,0,SingleCenter,472,"[""n04"", ""n10"", ""n16"", ""n21""]",1,1
0,0,SingleCenter,473,"[""n09"", ""n12""]",0,0
0,0,SingleCenter,474,"[""n09"", ""n14"", ""n16""]",0,0
0,0,SingleCenter,475,"[""n02"", ""n14"", ""n20""]",1,1
0,0,SingleCenter,476,"[""n00"", ""n06"", ""n23""]",1,1
0,0,SingleCenter,477,"[""n02"", ""n12"", ""n13"", ""n16"", ""n21""]",1,0
0,0,SingleCenter,478,"[""n14"", ""n19""]",0,0
0,0,SingleCenter,479,"[""n04"", ""n10"", ""n16""]",1,1
0,0,SingleCenter,552,"[""n00"", ""n04"", ""n05"", ""n26""]",1,1
0,0,SingleCenter,553,"[""n20""]",0,0
0,0,SingleCenter,554,"[""n02"", ""n05"", ""n13"", ""n16"", ""n22"", ""n27""]",1,0
0,0,SingleCenter,555,"[""n04"", ""n09"", ""n20"", ""n22"", ""n26""]",1,1
0,0,SingleCenter,556,"[""n02"", ""n06"", ""n13"", ""n19""]",1,1
0,0,SingleCenter,557,"[""n17"", ""n21"", ""n25"", ""n27"", ""n29""]",1,1
0,0,SingleCenter,558,"[""n07"", ""n21"", ""n26""]",1,1
0,0,SingleCenter,559,"[""n00"", ""n01"", ""n13"", ""n14"", ""n18"", ""n19"", ""n23"", ""n26""]",1,0
0,0,SingleCenter,592,"[""n00"", ""n15"", ""n22""]",1,1
0,0,SingleCenter,593,"[""n02"", ""n07"", ""n11"", ""n23""]",1,0
0,0,SingleCenter,594,"[""n01""]",1,0
0,0,SingleCenter,595,"[""n23""]",0,0
0,0,SingleCenter,596,"[""n01"", ""n03"", ""n13"", ""n17"", ""n19"", ""n21"", ""n23""]",1,1
0,0,SingleCenter,597,"[""n05""]",1,1
0,0,SingleCenter,598,"[""n10"", ""n20"", ""n25""]",0,0
0,0,SingleCenter,599,"[""n11"", ""n13"", ""n17"", ""n27""]",1,1
0,0,SingleCenter,648,[],0,0
0,0,SingleCenter,649,"[""n04"", ""n08"", ""n15""]",1,1
0,0,SingleCenter,650,"[""n03"", ""n04"", ""n06"", ""n11"", ""n12""]",1,1
0,0,SingleCenter,651,"[""n02"", ""n08"", ""n18""]",1,1
0,0,SingleCenter,652,"[""n00"", ""n09"", ""n16"", ""n18"", ""n19""]",1,0
0,0,SingleCenter,653,"[""n13"", ""n16""]",0,0
0,0,SingleCenter,654,"[""n00"", ""n10""]",0,0
0,0,SingleCenter,655,"[""n05"", ""n08"", ""n19""]",1,0
0,0,SingleCenter,688,"[""n02"", ""n10"", ""n14"", ""n21""]",1,0
0,0,SingleCenter,689,"[""n13"", ""n15"", ""n17""]",1,1
0,0,SingleCenter,690,"[""n06"", ""n15""]",1,1
0,0,SingleCenter,691,"[""n04"", ""n16"", ""n19""]",0,0
0,0,SingleCenter,692,"[""n06"", ""n15""]",1,1
0,0,SingleCenter,693,"[""n04"", ""n05"", ""n09"", ""n11"", ""n13""]",1,0
0,0,SingleCenter,694,"[""n00"", ""n05"", ""n10"", ""n17""]",1,0
0,0,SingleCenter,695,"[""n00"", ""n12"", ""n17"", ""n20""]",1,0
0,0,SingleCenter,832,"[""n00"", ""n07"", ""n08"", ""n12"", ""n16"", ""n24""]",1,1
0,0,SingleCenter,833,"[""n01"", ""n11"", ""n17"", ""n22"", ""n23"", ""n28""]",1,0
0,0,SingleCenter,834,"[""n20"", ""n28""]",0,0
0,0,SingleCenter,835,"[""n03"", ""n15"", ""n17""]",1,1
0,0,SingleCenter,836,"[""n08"", ""n11"", ""n13"", ""n14""]",1,0
0,0,SingleCenter,837,"[""n00"", ""n03"", ""n07"", ""n09""]",1,1
0,0,SingleCenter,838,"[""n02"", ""n10"", ""n15"", ""n18"", ""n19"", ""n25""]",1,0
0,0,SingleCenter,839,"[""n17""]",0,0
0,0,SingleCenter,864,"[""n03"", ""n05"", ""n22""]",0,0
0,0,SingleCenter,865,"[""n02"", ""n16"", ""n18"", ""n19"", ""n25""]",1,0
0,0,SingleCenter,866,"[""n00"", ""n09"", ""n13"", ""n17"", ""n18""]",0,0
0,0,SingleCenter,867,"[""n08""]",0,0
0,0,SingleCenter,868,"[""n01"", ""n03"", ""n20""]",0,0
0,0,SingleCenter,869,"[""n03"", ""n07"", ""n08""]",0,0
0,0,SingleCenter,870,"[""n11"", ""n13"", ""n24""]",0,0
0,0,SingleCenter,871,"[""n03"", ""n12""]",0,0
0,0,SingleCenter,896,"[""n05"", ""n10"", ""n14""]",0,0
0,0,SingleCenter,897,"[""n01"", ""n03"", ""n07"", ""n21"", ""n22"", ""n26""]",1,1
0,0,SingleCenter,898,"[""n13"", ""n19"", ""n24""]",1,1
0,0,SingleCenter,899,[],0,0
0,0,SingleCenter,900,"[""n06"", ""n09"", ""n17"", ""n20"", ""n21""]",1,0
0,0,SingleCenter,901,"[""n00"", ""n08"", ""n12"", ""n27""]",1,1
0,0,SingleCenter,902,"[""n05""]",0,0
0,0,SingleCenter,903,"[""n06"", ""n13"", ""n16"", ""n20"", ""n22""]",1,1
0,0,SingleCenter,912,"[""n15"", ""n24""]",1,1
0,0,SingleCenter,913,"[""n15"", ""n23""]",0,0
0,0,SingleCenter,914,"[""n04"", ""n09"", ""n22""]",1,0
0,0,SingleCenter,915,"[""n10"", ""n15"", ""n16""]",0,0
0,0,SingleCenter,916,"[""n02"", ""n07""]",0,0
0,0,SingleCenter,917,"[""n15""]",0,0
0,0,SingleCenter,918,[],0,0
0,0,SingleCenter,919,"[""n08"", ""n21"", ""n22""]",0,0
0,0,SingleCenter,944,"[""n03"", ""n09"", ""n26""]",1,0
0,0,SingleCenter,945,"[""n08"", ""n13"", ""n19"", ""n23""]",1,0
0,0,SingleCenter,946,"[""n04"", ""n05"", ""n06"", ""n17"", ""n26""]",1,0
0,0,SingleCenter,947,"[""n03"", ""n18""]",1,1
0,0,SingleCenter,948,"[""n01"", ""n03"", ""n05"", ""n18""]",1,1
0,0,SingleCenter,949,"[""n09"", ""n11"", ""n12"", ""n17""]",0,0
0,0,SingleCenter,950,"[""n06"", ""n16"", ""n17"", ""n21""]",1,0
0,0,SingleCenter,951,"[""n05"", ""n14"", ""n21""]",1,0
0,0,KMeans,40,"[""n08"", ""n10"", ""n11"", ""n12"", ""n22""]",1,1
0,0,KMeans,41,"[""n13""]",0,0
0,0,KMeans,42,"[""n00"", ""n11"", ""n20"", ""n22""]",1,1
0,0,KMeans,43,"[""n13"", ""n19"", ""n22""]",1,0
0,0,KMeans,44,"[""n05"", ""n15""]",0,0
0,0,KMeans,45,"[""n09"", ""n21"", ""n22""]",1,1
0,0,KMeans,46,"[""n00"", ""n10"", ""n12"", ""n13"", ""n17"", ""n19""]",0,0
0,0,KMeans,47,"[""n03"", ""n05"", ""n08"", ""n09""]",0,0
0,0,KMeans,72,"[""n02"", ""n09"", ""n10"", ""n12"", ""n14"", ""n16"", ""n20"", ""n21""]",1,1
0,0,KMeans,73,"[""n00"", ""n17"", ""n23""]",1,1
0,0,KMeans,74,"[""n13"", ""n16"", ""n20"", ""n23""]",0,0
0,0,KMeans,75,"[""n02"", ""n06"", ""n08"", ""n10"", ""n14""]",1,1
0,0,KMeans,76,"[""n01"", ""n02"", ""n05""]",1,1
0,0,KMeans,77,"[""n03"", ""n09""]",1,1
0,0,KMeans,78,"[""n06"", ""n09"", ""n10""]",1,1
0,0,KMeans,79,"[""n05"", ""n17"", ""n26""]",1,0
0,0,KMeans,80,"[""n19""]",0,0
0,0,KMeans,81,[],0,0
0,0,KMeans,82,"[""n02"", ""n08"", ""n24""]",1,1
0,0,KMeans,83,"[""n02"", ""n12""]",1,1
0,0,KMeans,84,"[""n07"", ""n12"", ""n15"", ""n17"", ""n18""]",1,1
0,0,KMeans,85,"[""n03"", ""n14"", ""n17"", ""n21""]",1,1
0,0,KMeans,86,"[""n10"", ""n11"", ""n12""]",1,0
0,0,KMeans,87,"[""n06"", ""n16""]",1,0
0,0,KMeans,112,"[""n01"", ""n02"", ""n13""]",1,1
0,0,KMeans,113,"[""n08"", ""n21""]",0,0
0,0,KMeans,114,"[""n18"", ""n22""]",1,1
0,0,KMeans,115,"[""n18""]",0,0
0,0,KMeans,116,"[""n14"", ""n21""]",0,0
0,0,KMeans,117,"[""n18""]",0,0
0,0,KMeans,118,"[""n05"", ""n18""]",0,0
0,0,KMeans,119,"[""n07"", ""n12""]",1,1
0,0,KMeans,136,[],0,0
0,0,KMeans,137,"[""n00"", ""n03"", ""n12"", ""n16"", ""n17"", ""n26""]",1,1
0,0,KMeans,138,"[""n01"", ""n02"", ""n03"", ""n15"", ""n25""]",1,1
0,0,KMeans,139,"[""n03"", ""n10"", ""n18"", ""n21""]",1,1
0,0,KMeans,140,"[""n04"", ""n09"", ""n18"", ""n26""]",1,1
0,0,KMeans,141,"[""n10"", ""n11"", ""n15""]",1,0
0,0,KMeans,142,"[""n00"", ""n07"", ""n26""]",1,1
0,0,KMeans,143,"[""n00"", ""n01"", ""n03"", ""n23""]",1,1
0,0,KMeans,160,"[""n11"", ""n16"", ""n23""]",0,0
0,0,KMeans,161,"[""n03"", ""n04"", ""n14"", ""n16""]",0,0
0,0,KMeans,162,"[""n00"", ""n04"", ""n05"", ""n06"", ""n07"", ""n09"", ""n15"", ""n24"", ""n25""]",1,1
0,0,KMeans,163,"[""n19"", ""n25""]",0,0
0,0,KMeans,164,"[""n02"", ""n11""]",0,0
0,0,KMeans,165,[],0,0
0,0,KMeans,166,"[""n03"", ""n08"", ""n17"", ""n27""]",0,0
0,0,KMeans,167,"[""n05"", ""n25"", ""n29""]",1,1
0,0,KMeans,264,"[""n19""]",1,0
0,0,KMeans,265,"[""n13"", ""n14""]",1,1
0,0,KMeans,266,"[""n12""]",1,0
0,0,KMeans,267,"[""n03"", ""n17""]",1,1
0,0,KMeans,268,[],0,0
0,0,KMeans,269,"[""n16"", ""n22""]",1,1
0,0,KMeans,270,"[""n06"", ""n22""]",1,1
0,0,KMeans,271,"[""n03"", ""n05"", ""n14"", ""n21""]",1,1
0,0,KMeans,288,"[""n02"", ""n16"", ""n22"", ""n25"", ""n26""]",1,1
0,0,KMeans,289,"[""n03"", ""n07"", ""n12""]",0,0
0,0,KMeans,290,"[""n01"", ""n07""]",1,1
0,0,KMeans,291,"[""n11"", ""n16""]",0,0
0,0,KMeans,292,"[""n08"", ""n09""]",0,0
0,0,KMeans,293,"[""n20""]",0,0
0,0,KMeans,294,"[""n07"", ""n18""]",0,0
0,0,KMeans,295,"[""n12""]",0,0
0,0,KMeans,296,"[""n02"", ""n10""]",0,0
0,0,KMeans,297,"[""n02"", ""n03"", ""n10"", ""n16"", ""n20""]",1,1
0,0,KMeans,298,"[""n16""]",0,0
0,0,KMeans,299,"[""n11""]",0,0
0,0,KMeans,300,[],0,0
0,0,KMeans,301,"[""n01"", ""n06"", ""n07"", ""n17""]",1,0
0,0,KMeans,302,"[""n01""]",0,0
0,0,KMeans,303,"[""n02"", ""n09"", ""n17"", ""n19""]",1,1
0,0,KMeans,320,"[""n00"", ""n09"", ""n11"", ""n12"", ""n19"", ""n20""]",1,1
0,0,KMeans,321,"[""n11"", ""n12"", ""n20""]",0,0
0,0,KMeans,322,"[""n05"", ""n07""]",1,1
0,0,KMeans,323,"[""n09"", ""n17""]",0,0
0,0,KMeans,324,"[""n11"", ""n16"", ""n21""]",1,1
0,0,KMeans,325,"[""n11"", ""n14"", ""n21""]",1,1
0,0,KMeans,326,"[""n02"", ""n16"", ""n18"", ""n22""]",1,1
0,0,KMeans,327,"[""n01"", ""n04"", ""n16"", ""n18""]",1,0
0,0,KMeans,344,"[""n06"", ""n19"", ""n27""]",0,0
0,0,KMeans,345,"[""n11"", ""n19""]",0,0
0,0,KMeans,346,"[""n02"", ""n09"", ""n14"", ""n16"", ""n21"", ""n28""]",1,1
0,0,KMeans,347,"[""n05"", ""n11"", ""n12"", ""n26""]",1,0
0,0,KMeans,348,"[""n02"", ""n11"", ""n15"", ""n24""]",1,0
0,0,KMeans,349,"[""n09"", ""n15"", ""n18"", ""n19""]",0,0
0,0,KMeans,350,"[""n00"", ""n09"", ""n27""]",1,1
0,0,KMeans,351,"[""n00"", ""n05"", ""n28""]",1,1
0,0,KMeans,352,"[""n22""]",0,0
0,0,KMeans,353,"[""n03"", ""n09"", ""n11"", ""n12"", ""n13"", ""n15"", ""n18"", ""n21""]",0,0
0,0,KMeans,354,"[""n04"", ""n05"", ""n26""]",0,0
0,0,KMeans,355,[],0,0
0,0,KMeans,356,"[""n01"", ""n03"", ""n07"", ""n16"", ""n17"", ""n22""]",1,1
0,0,KMeans,357,"[""n04"", ""n06"", ""n08"", ""n10"", ""n15"", ""n16"", ""n21"", ""n26""]",0,0
0,0,KMeans,358,"[""n03"", ""n06"", ""n11"", ""n12"", ""n18"", ""n21"", ""n25"", ""n26""]",0,0
0,0,KMeans,359,"[""n08"", ""n13"", ""n18""]",0,0
0,0,KMeans,376,"[""n00"", ""n09"", ""n12"", ""n15""]",1,1
0,0,KMeans,377,"[""n15""]",0,0
0,0,KMeans,378,"[""n03"", ""n09""]",1,1
0,0,KMeans,379,"[""n02""]",1,0
0,0,KMeans,380,"[""n01"", ""n06"", ""n19""]",1,1
0,0,KMeans,381,"[""n06""]",1,1
0,0,KMeans,382,"[""n02"", ""n09"", ""n13""]",1,1
0,0,KMeans,383,"[""n06"", ""n07"", ""n08"", ""n15"", ""n17""]",1,1
0,0,KMeans,416,"[""n02"", ""n10"", ""n14"", ""n18"", ""n27""]",1,0
0,0,KMeans,417,"[""n11"", ""n13""]",0,0
0,0,KMeans,418,"[""n00"", ""n05"", ""n14"", ""n19"", ""n25"", ""n26""]",1,0
0,0,KMeans,419,"[""n08"", ""n19"", ""n28""]",1,1
0,0,KMeans,420,"[""n03"", ""n18"", ""n22"", ""n23""]",0,0
0,0,KMeans,421,"[""n05"", ""n24""]",0,0
0,0,KMeans,422,"[""n02"", ""n07"", ""n15"", ""n24""]",0,0
0,0,KMeans,423,"[""n01"", ""n10"", ""n13"", ""n17"", ""n26""]",1,1
0,0,KMeans,472,"[""n04"", ""n10"", ""n16"", ""n18"", ""n21""]",1,1
0,0,KMeans,473,"[""n05"", ""n09"", ""n12""]",1,0
0,0,KMeans,474,"[""n09"", ""n14"", ""n16""]",0,0
0,0,KMeans,475,"[""n02"", ""n14"", ""n19"", ""n20""]",1,1
0,0,KMeans,476,"[""n00"", ""n06"", ""n23""]",1,1
0,0,KMeans,477,"[""n00"", ""n06"", ""n12"", ""n16"", ""n17"", ""n21""]",1,0
0,0,KMeans,478,"[""n00"", ""n11"", ""n14"", ""n19""]",1,0
0,0,KMeans,479,"[""n04"", ""n10"", ""n16""]",1,1
0,0,KMeans,552,"[""n00"", ""n04"", ""n05"", ""n10"", ""n26""]",1,1
0,0,KMeans,553,[],0,0
0,0,KMeans,554,"[""n05"", ""n15"", ""n16"", ""n18"", ""n22""]",0,0
0,0,KMeans,555,"[""n04"", ""n09"", ""n17"", ""n19"", ""n20"", ""n22"", ""n26"", ""n28""]",1,1
0,0,KMeans,556,"[""n02"", ""n05"", ""n06"", ""n13"", ""n17"", ""n19""]",1,1
0,0,KMeans,557,"[""n17"", ""n21"", ""n25"", ""n27""]",1,1
0,0,KMeans,558,"[""n07"", ""n21"", ""n26""]",1,1
0,0,KMeans,559,"[""n00"", ""n14"", ""n18"", ""n19"", ""n23"", ""n26""]",1,0
0,0,KMeans,592,"[""n00"", ""n25""]",1,1
0,0,KMeans,593,"[""n02"", ""n07"", ""n20"", ""n23""]",0,0
0,0,KMeans,594,"[""n01""]",1,0
0,0,KMeans,595,"[""n04"", ""n23"", ""n25""]",0,0
0,0,KMeans,596,"[""n01"", ""n03"", ""n13"", ""n17"", ""n21"", ""n23""]",1,1
0,0,KMeans,597,"[""n05""]",1,1
0,0,KMeans,598,"[""n05"", ""n10"", ""n20"", ""n25""]",1,0
0,0,KMeans,599,"[""n11"", ""n13"", ""n17"", ""n27""]",1,1
0,0,KMeans,648,[],0,0
0,0,KMeans,649,"[""n04"", ""n08"", ""n15""]",1,1
0,0,KMeans,650,"[""n03"", ""n04"", ""n06"", ""n11""]",1,1
0,0,KMeans,651,"[""n02"", ""n08"", ""n18""]",1,1
0,0,KMeans,652,"[""n00"", ""n09"", ""n18""]",0,0
0,0,KMeans,653,"[""n13"", ""n16""]",0,0
0,0,KMeans,654,"[""n00"", ""n01"", ""n15""]",1,0
0,0,KMeans,655,"[""n08"", ""n19""]",1,0
0,0,KMeans,688,"[""n02"", ""n10"", ""n21""]",1,0
0,0,KMeans,689,"[""n13"", ""n15"", ""n17""]",1,1
0,0,KMeans,690,"[""n06"", ""n13"", ""n15""]",1,1
0,0,KMeans,691,"[""n04"", ""n14"", ""n16"", ""n19"", ""n21""]",0,0
0,0,KMeans,692,"[""n06""]",1,1
0,0,KMeans,693,"[""n04"", ""n09""]",0,0
0,0,KMeans,694,[],0,0
0,0,KMeans,695,"[""n01"", ""n17""]",0,0
0,0,KMeans,832,"[""n00"", ""n08"", ""n12"", ""n16"", ""n24"", ""n28""]",1,1
0,0,KMeans,833,"[""n11"", ""n17"", ""n18"", ""n22"", ""n23"", ""n28""]",0,0
0,0,KMeans,834,"[""n10"", ""n20"", ""n21"", ""n28""]",0,0
0,0,KMeans,835,"[""n03"", ""n15"", ""n17""]",1,1
0,0,KMeans,836,"[""n11"", ""n13"", ""n14"", ""n24""]",0,0
0,0,KMeans,837,"[""n00"", ""n03"", ""n07"", ""n09""]",1,1
0,0,KMeans,838,"[""n10"", ""n24"", ""n25""]",0,0
0,0,KMeans,839,"[""n17""]",0,0
0,0,KMeans,864,"[""n03"", ""n05"", ""n22"", ""n25"", ""n26""]",0,0
0,0,KMeans,865,"[""n16"", ""n18"", ""n19"", ""n25""]",0,0
0,0,KMeans,866,"[""n00"", ""n09"", ""n13"", ""n17"", ""n18"", ""n25""]",0,0
0,0,KMeans,867,"[""n08""]",0,0
0,0,KMeans,868,"[""n01"", ""n03"", ""n20""]",0,0
0,0,KMeans,869,"[""n03"", ""n07"", ""n08"", ""n22"", ""n24"", ""n26""]",0,0
0,0,KMeans,870,"[""n13"", ""n24""]",0,0
0,0,KMeans,871,"[""n03"", ""n10"", ""n12"", ""n26""]",0,0
0,0,KMeans,896,"[""n05"", ""n10"", ""n14""]",0,0
0,0,KMeans,897,"[""n01"", ""n03"", ""n07"", ""n11"", ""n21"", ""n22"", ""n26""]",1,1
0,0,KMeans,898,"[""n13"", ""n19"", ""n24""]",1,1
0,0,KMeans,899,"[""n17"", ""n24""]",0,0
0,0,KMeans,900,"[""n06"", ""n17""]",1,0
0,0,KMeans,901,"[""n00"", ""n08"", ""n25"", ""n27""]",1,1
0,0,KMeans,902,"[""n05""]",0,0
0,0,KMeans,903,"[""n06"", ""n11"", ""n13"", ""n20"", ""n22""]",1,1
0,0,KMeans,912,"[""n15"", ""n24""]",1,1
0,0,KMeans,913,"[""n15"", ""n23""]",0,0
0,0,KMeans,914,"[""n04"", ""n09""]",1,0
0,0,KMeans,915,"[""n10"", ""n11"", ""n16""]",0,0
0,0,KMeans,916,"[""n02"", ""n07""]",0,0
0,0,KMeans,917,"[""n15""]",0,0
0,0,KMeans,918,[],0,0
0,0,KMeans,919,"[""n08"", ""n18"", ""n21"", ""n22""]",0,0
0,0,KMeans,944,"[""n02"", ""n09"", ""n15"", ""n26""]",0,0
0,0,KMeans,945,"[""n08"", ""n19"", ""n23""]",0,0
0,0,KMeans,946,"[""n16"", ""n26""]",1,0
0,0,KMeans,947,"[""n03"", ""n18""]",1,1
0,0,KMeans,948,"[""n01"", ""n03"", ""n05"", ""n18""]",1,1
0,0,KMeans,949,"[""n17""]",0,0
0,0,KMeans,950,"[""n06"", ""n16"", ""n17"", ""n21""]",1,0
0,0,KMeans,951,"[""n14"", ""n19"", ""n21"", ""n26""]",0,0
0,1,FixedThreshold,0,"[""n07""]",1,1
0,1,FixedThreshold,1,"[""n11"", ""n15"", ""n19""]",1,1
0,1,FixedThreshold,2,"[""n11"", ""n19""]",1,1
0,1,FixedThreshold,3,[],0,1
0,1,FixedThreshold,4,"[""n01"", ""n12""]",1,1
0,1,FixedThreshold,5,"[""n06""]",0,0
0,1,FixedThreshold,6,[],0,1
0,1,FixedThreshold,7,"[""n01"", ""n14""]",1,1
0,1,FixedThreshold,16,"[""n10""]",0,0
0,1,FixedThreshold,17,"[""n00"", ""n01"", ""n04"", ""n05"", ""n07""]",1,1
0,1,FixedThreshold,18,"[""n07"", ""n19""]",1,1
0,1,FixedThreshold,19,[],0,0
0,1,FixedThreshold,20,"[""n03"", ""n08"", ""n12""]",0,0
0,1,FixedThreshold,21,[],0,0
0,1,FixedThreshold,22,"[""n09"", ""n11""]",0,0
0,1,FixedThreshold,23,[],0,0
0,1,FixedThreshold,56,[],0,1
0,1,FixedThreshold,57,[],0,1
0,1,FixedThreshold,58,[],0,0
0,1,FixedThreshold,59,"[""n08"", ""n09"", ""n14""]",1,1
0,1,FixedThreshold,60,[],0,0
0,1,FixedThreshold,61,[],0,0
0,1,FixedThreshold,62,"[""n02""]",1,1
0,1,FixedThreshold,63,[],0,1
0,1,FixedThreshold,64,"[""n11"", ""n15"", ""n23"", ""n28""]",1,1
0,1,FixedThreshold,65,[],0,1
0,1,FixedThreshold,66,"[""n07""]",0,0
0,1,FixedThreshold,67,"[""n15"", ""n27""]",1,1
0,1,FixedThreshold,68,[],0,1
0,1,FixedThreshold,69,[],0,0
0,1,FixedThreshold,70,[],0,0
0,1,FixedThreshold,71,[],0,0
0,1,FixedThreshold,144,"[""n23"", ""n26""]",0,0
0,1,FixedThreshold,145,[],0,1
0,1,FixedThreshold,146,[],0,0
0,1,FixedThreshold,147,[],0,1
0,1,FixedThreshold,148,[],0,0
0,1,FixedThreshold,149,[],0,1
0,1,FixedThreshold,150,"[""n04"", ""n05"", ""n12"", ""n27""]",1,1
0,1,FixedThreshold,151,"[""n08""]",1,1
0,1,FixedThreshold,152,"[""n10""]",0,0
0,1,FixedThreshold,153,[],0,1
0,1,FixedThreshold,154,"[""n10""]",0,0
0,1,FixedThreshold,155,[],0,0
0,1,FixedThreshold,156,[],0,1
0,1,FixedThreshold,157,[],0,1
0,1,FixedThreshold,158,[],0,0
0,1,FixedThreshold,159,"[""n01"", ""n06""]",1,1
0,1,FixedThreshold,176,"[""n11"", ""n16""]",1,1
0,1,FixedThreshold,177,[],0,1
0,1,FixedThreshold,178,[],0,1
0,1,FixedThreshold,179,[],0,0
0,1,FixedThreshold,180,[],0,1
0,1,FixedThreshold,181,"[""n08""]",0,0
0,1,FixedThreshold,182,"[""n01""]",1,1
0,1,FixedThreshold,183,[],0,1
0,1,FixedThreshold,240,[],0,1
0,1,FixedThreshold,241,[],0,1
0,1,FixedThreshold,242,[],0,0
0,1,FixedThreshold,243,[],0,0
0,1,FixedThreshold,244,[],0,0
0,1,FixedThreshold,245,[],0,0
0,1,FixedThreshold,246,"[""n01"", ""n06"", ""n10""]",0,0
0,1,FixedThreshold,247,[],0,1
0,1,FixedThreshold,248,[],0,0
0,1,FixedThreshold,249,[],0,0
0,1,FixedThreshold,250,[],0,0
0,1,FixedThreshold,251,"[""n07""]",1,1
0,1,FixedThreshold,252,[],0,0
0,1,FixedThreshold,253,[],0,0
0,1,FixedThreshold,254,"[""n07"", ""n11"", ""n13"", ""n22""]",1,1
0,1,FixedThreshold,255,"[""n00"", ""n13""]",0,0
0,1,FixedThreshold,256,[],0,0
0,1,FixedThreshold,257,[],0,0
0,1,FixedThreshold,258,[],0,1
0,1,FixedThreshold,259,[],0,1
0,1,FixedThreshold,260,"[""n00"", ""n07"", ""n12""]",1,1
0,1,FixedThreshold,261,"[""n03"", ""n23""]",1,1
0,1,FixedThreshold,262,[],0,0
0,1,FixedThreshold,263,"[""n14"", ""n16""]",1,1
0,1,FixedThreshold,272,[],0,0
0,1,FixedThreshold,273,"[""n02"", ""n05"", ""n12"", ""n20"", ""n22""]",1,1
0,1,FixedThreshold,274,[],0,0
0,1,FixedThreshold,275,[],0,1
0,1,FixedThreshold,276,[],0,1
0,1,FixedThreshold,277,[],0,1
0,1,FixedThreshold,278,"[""n09""]",0,0
0,1,FixedThreshold,279,"[""n06"", ""n21"", ""n22""]",1,1
0,1,FixedThreshold,384,"[""n09"", ""n23""]",0,0
0,1,FixedThreshold,385,"[""n04"", ""n17""]",0,0
0,1,FixedThreshold,386,[],0,0
0,1,FixedThreshold,387,"[""n04"", ""n14"", ""n16""]",0,0
0,1,FixedThreshold,388,[],0,0
0,1,FixedThreshold,389,[],0,0
0,1,FixedThreshold,390,"[""n18""]",0,0
0,1,FixedThreshold,391,"[""n25""]",1,1
0,1,FixedThreshold,392,[],0,1
0,1,FixedThreshold,393,[],0,1
0,1,FixedThreshold,394,"[""n13"", ""n23"", ""n27""]",0,0
0,1,FixedThreshold,395,[],0,1
0,1,FixedThreshold,396,"[""n10"", ""n17""]",1,1
0,1,FixedThreshold,397,"[""n04"", ""n18"", ""n24""]",1,1
0,1,FixedThreshold,398,[],0,1
0,1,FixedThreshold,399,[],0,1
0,1,FixedThreshold,400,[],0,1
0,1,FixedThreshold,401,"[""n04"", ""n12"", ""n14""]",0,0
0,1,FixedThreshold,402,[],0,1
0,1,FixedThreshold,403,"[""n16""]",0,0
0,1,FixedThreshold,404,"[""n00"", ""n03"", ""n13"", ""n22""]",1,1
0,1,FixedThreshold,405,[],0,0
0,1,FixedThreshold,406,[],0,0
0,1,FixedThreshold,407,[],0,1
0,1,FixedThreshold,456,[],0,0
0,1,FixedThreshold,457,[],0,0
0,1,FixedThreshold,458,[],0,0
0,1,FixedThreshold,459,[],0,0
0,1,FixedThreshold,460,"[""n08""]",0,0
0,1,FixedThreshold,461,[],0,0
0,1,FixedThreshold,462,"[""n12""]",0,1
0,1,FixedThreshold,463,"[""n00"", ""n15""]",1,1
0,1,FixedThreshold,464,[],0,0
0,1,FixedThreshold,465,[],0,0
0,1,FixedThreshold,466,"[""n03""]",0,0
0,1,FixedThreshold,467,"[""n17"", ""n21""]",0,1
0,1,FixedThreshold,468,"[""n19""]",0,0
0,1,FixedThreshold,469,[],0,0
0,1,FixedThreshold,470,"[""n17""]",0,0
0,1,FixedThreshold,471,[],0,0
0,1,FixedThreshold,480,[],0,1
0,1,FixedThreshold,481,[],0,1
0,1,FixedThreshold,482,[],0,0
0,1,FixedThreshold,483,[],0,0
0,1,FixedThreshold,484,[],0,0
0,1,FixedThreshold,485,[],0,1
0,1,FixedThreshold,486,[],0,0
0,1,FixedThreshold,487,[],0,1
0,1,FixedThreshold,512,[],0,0
0,1,FixedThreshold,513,"[""n21""]",0,0
0,1,FixedThreshold,514,[],0,1
0,1,FixedThreshold,515,[],0,1
0,1,FixedThreshold,516,[],0,1
0,1,FixedThreshold,517,[],0,0
0,1,FixedThreshold,518,"[""n08"", ""n20"", ""n21""]",1,1
0,1,FixedThreshold,519,"[""n13""]",0,0
0,1,FixedThreshold,536,"[""n15"", ""n24""]",0,0
0,1,FixedThreshold,537,"[""n07"", ""n11"", ""n26""]",1,1
0,1,FixedThreshold,538,[],0,0
0,1,FixedThreshold,539,[],0,1
0,1,FixedThreshold,540,[],0,0
0,1,FixedThreshold,541,[],0,0
0,1,FixedThreshold,542,[],0,1
0,1,FixedThreshold,543,"[""n02"", ""n18""]",1,1
0,1,FixedThreshold,568,"[""n07""]",1,1
0,1,FixedThreshold,569,[],0,0
0,1,FixedThreshold,570,"[""n07"", ""n19""]",1,1
0,1,FixedThreshold,571,"[""n14""]",0,0
0,1,FixedThreshold,572,"[""n08"", ""n26""]",1,1
0,1,FixedThreshold,573,"[""n00"", ""n17""]",1,1
0,1,FixedThreshold,574,[],0,1
0,1,FixedThreshold,575,"[""n10"", ""n24""]",0,1
0,1,FixedThreshold,640,"[""n07"", ""n09"", ""n15""]",1,1
0,1,FixedThreshold,641,[],0,0
0,1,FixedThreshold,642,[],0,1
0,1,FixedThreshold,643,[],0,0
0,1,FixedThreshold,644,[],0,1
0,1,FixedThreshold,645,[],0,1
0,1,FixedThreshold,646,[],0,1
0,1,FixedThreshold,647,"[""n12"", ""n18"", ""n21""]",1,1
0,1,FixedThreshold,680,[],0,1
0,1,FixedThreshold,681,[],0,0
0,1,FixedThreshold,682,"[""n00"", ""n25""]",1,1
0,1,FixedThreshold,683,[],0,1
0,1,FixedThreshold,684,[],0,1
0,1,FixedThreshold,685,[],0,1
0,1,FixedThreshold,686,"[""n00"", ""n07"", ""n09"", ""n16""]",1,1
0,1,FixedThreshold,687,[],0,0
0,1,FixedThreshold,712,[],0,0
0,1,FixedThreshold,713,"[""n00"", ""n12""]",0,0
0,1,FixedThreshold,714,"[""n04"", ""n13""]",0,0
0,1,FixedThreshold,715,"[""n15"", ""n21""]",1,1
0,1,FixedThreshold,716,[],0,0
0,1,FixedThreshold,717,"[""n06"", ""n18""]",0,0
0,1,FixedThreshold,718,[],0,0
0,1,FixedThreshold,719,[],0,0
0,1,FixedThreshold,824,[],0,0
0,1,FixedThreshold,825,"[""n04"", ""n06"", ""n07"", ""n16""]",0,0
0,1,FixedThreshold,826,"[""n15""]",0,0
0,1,FixedThreshold,827,[],0,0
0,1,FixedThreshold,828,[],0,0
0,1,FixedThreshold,829,[],0,1
0,1,FixedThreshold,830,[],0,0
0,1,FixedThreshold,831,[],0,0
0,1,SingleCenter,0,"[""n00"", ""n07"", ""n12"", ""n16""]",1,1
0,1,SingleCenter,1,"[""n02"", ""n07"", ""n11"", ""n15"", ""n19""]",1,1
0,1,SingleCenter,2,"[""n11"", ""n15"", ""n17"", ""n19""]",1,1
0,1,SingleCenter,3,"[""n00"", ""n16"", ""n17"", ""n22""]",1,1
0,1,SingleCenter,4,"[""n01"", ""n07"", ""n10"", ""n12"", ""n19""]",1,1
0,1,SingleCenter,5,"[""n00"", ""n06"", ""n13""]",1,0
0,1,SingleCenter,6,"[""n04"", ""n19""]",1,1
0,1,SingleCenter,7,"[""n01"", ""n03"", ""n11"", ""n14""]",1,1
0,1,SingleCenter,16,"[""n10"", ""n13""]",0,0
0,1,SingleCenter,17,"[""n00"", ""n01"", ""n04"", ""n05"", ""n07"", ""n16"", ""n19""]",1,1
0,1,SingleCenter,18,"[""n03"", ""n07"", ""n10"", ""n19""]",1,1
0,1,SingleCenter,19,"[""n13""]",0,0
0,1,SingleCenter,20,"[""n00"", ""n03"", ""n08"", ""n12""]",0,0
0,1,SingleCenter,21,"[""n01"", ""n11""]",0,0
0,1,SingleCenter,22,"[""n08"", ""n09"", ""n10"", ""n11"", ""n17""]",0,0
0,1,SingleCenter,23,"[""n09""]",0,0
0,1,SingleCenter,56,"[""n00"", ""n03"", ""n06"", ""n11"", ""n13"", ""n15"", ""n19""]",1,1
0,1,SingleCenter,57,"[""n04""]",1,1
0,1,SingleCenter,58,"[""n00""]",1,0
0,1,SingleCenter,59,"[""n08"", ""n09"", ""n14"", ""n17"", ""n18""]",1,1
0,1,SingleCenter,60,"[""n03"", ""n05"", ""n11"", ""n14""]",1,0
0,1,SingleCenter,61,"[""n05""]",1,0
0,1,SingleCenter,62,"[""n02"", ""n18""]",1,1
0,1,SingleCenter,63,"[""n00"", ""n13"", ""n16"", ""n17""]",1,1
0,1,SingleCenter,64,"[""n05"", ""n11"", ""n13"", ""n15"", ""n19"", ""n23"", ""n28""]",1,1
0,1,SingleCenter,65,"[""n01"", ""n16"", ""n22"", ""n28""]",1,1
0,1,SingleCenter,66,"[""n07"", ""n17"", ""n23""]",0,0
0,1,SingleCenter,67,"[""n14"", ""n15"", ""n27""]",1,1
0,1,SingleCenter,68,"[""n00"", ""n01"", ""n16"", ""n27"", ""n28""]",1,1
0,1,SingleCenter,69,[],0,0
0,1,SingleCenter,70,"[""n23"", ""n26""]",0,0
0,1,SingleCenter,71,"[""n02"", ""n04"", ""n08""]",1,0
0,1,SingleCenter,144,"[""n04"", ""n14"", ""n15"", ""n23"", ""n26"", ""n28"", ""n29""]",1,0
0,1,SingleCenter,145,"[""n01"", ""n06"", ""n09"", ""n12"", ""n13"", ""n16"", ""n29""]",1,1
0,1,SingleCenter,146,"[""n15"", ""n20"", ""n22""]",0,0
0,1,SingleCenter,147,"[""n00"", ""n05"", ""n06"", ""n18""]",1,1
0,1,SingleCenter,148,"[""n15""]",0,0
0,1,SingleCenter,149,"[""n03"", ""n11"", ""n20"", ""n22"", ""n29""]",1,1
0,1,SingleCenter,150,"[""n04"", ""n05"", ""n12"", ""n15"", ""n17"", ""n23"", ""n27""]",1,1
0,1,SingleCenter,151,"[""n04"", ""n08"", ""n09"", ""n11""]",1,1
0,1,SingleCenter,152,"[""n10""]",0,0
0,1,SingleCenter,153,"[""n01"", ""n20""]",1,1
0,1,SingleCenter,154,"[""n10"", ""n15"", ""n16""]",0,0
0,1,SingleCenter,155,"[""n17""]",0,0
0,1,SingleCenter,156,"[""n01"", ""n17""]",1,1
0,1,SingleCenter,157,"[""n08"", ""n09"", ""n10"", ""n14"", ""n18"", ""n20""]",1,1
0,1,SingleCenter,158,"[""n05""]",0,0
0,1,SingleCenter,159,"[""n01"", ""n06"", ""n15""]",1,1
0,1,SingleCenter,176,"[""n04"", ""n11"", ""n16""]",1,1
0,1,SingleCenter,177,"[""n03"", ""n04"", ""n13"", ""n26""]",1,1
0,1,SingleCenter,178,"[""n07"", ""n16""]",1,1
0,1,SingleCenter,179,[],0,0
0,1,SingleCenter,180,"[""n17"", ""n20""]",1,1
0,1,SingleCenter,181,"[""n08"", ""n10"", ""n13"", ""n16""]",1,0
0,1,SingleCenter,182,"[""n01"", ""n25""]",1,1
0,1,SingleCenter,183,"[""n01"", ""n02""]",1,1
0,1,SingleCenter,240,"[""n11"", ""n14"", ""n23""]",1,1
0,1,SingleCenter,241,"[""n00"", ""n01"", ""n03"", ""n16""]",1,1
0,1,SingleCenter,242,"[""n02"", ""n20""]",0,0
0,1,SingleCenter,243,"[""n00"", ""n11"", ""n17"", ""n21""]",0,0
0,1,SingleCenter,244,"[""n04"", ""n07"", ""n14"", ""n21""]",0,0
0,1,SingleCenter,245,"[""n01"", ""n11"", ""n15"", ""n18""]",0,0
0,1,SingleCenter,246,"[""n01"", ""n10""]",0,0
0,1,SingleCenter,247,"[""n23""]",1,1
0,1,SingleCenter,248,"[""n03"", ""n08"", ""n20"", ""n27""]",0,0
0,1,SingleCenter,249,"[""n04"", ""n12"", ""n15"", ""n16"", ""n20"", ""n24"", ""n26""]",0,0
0,1,SingleCenter,250,"[""n02"", ""n10"", ""n12""]",0,0
0,1,SingleCenter,251,"[""n07"", ""n22""]",1,1
0,1,SingleCenter,252,"[""n08"", ""n15""]",0,0
0,1,SingleCenter,253,"[""n11"", ""n22""]",0,0
0,1,SingleCenter,254,"[""n07"", ""n10"", ""n11"", ""n13"", ""n22""]",1,1
0,1,SingleCenter,255,"[""n00"", ""n05"", ""n13"", ""n21"", ""n26""]",1,0
0,1,SingleCenter,256,"[""n15""]",0,0
0,1,SingleCenter,257,"[""n06"", ""n19""]",1,0
0,1,SingleCenter,258,"[""n06"", ""n10"", ""n13"", ""n15""]",1,1
0,1,SingleCenter,259,"[""n00"", ""n10"", ""n13"", ""n19""]",1,1
0,1,SingleCenter,260,"[""n00"", ""n05"", ""n07"", ""n10"", ""n12"", ""n18""]",1,1
0,1,SingleCenter,261,"[""n03"", ""n06"", ""n21"", ""n23""]",1,1
0,1,SingleCenter,262,"[""n05"", ""n13"", ""n18"", ""n20""]",0,0
0,1,SingleCenter,263,"[""n11"", ""n14"", ""n16""]",1,1
0,1,SingleCenter,272,"[""n27""]",1,0
0,1,SingleCenter,273,"[""n02"", ""n05"", ""n12"", ""n18"", ""n20"", ""n22""]",1,1
0,1,SingleCenter,274,"[""n04"", ""n07"", ""n12"", ""n21"", ""n23"", ""n24""]",1,0
0,1,SingleCenter,275,"[""n00"", ""n16"", ""n28""]",1,1
0,1,SingleCenter,276,"[""n19""]",1,1
0,1,SingleCenter,277,"[""n00"", ""n08"", ""n15""]",1,1
0,1,SingleCenter,278,"[""n09"", ""n17""]",0,0
0,1,SingleCenter,279,"[""n00"", ""n01"", ""n04"", ""n06"", ""n11"", ""n21"", ""n22""]",1,1
0,1,SingleCenter,384,"[""n04"", ""n09"", ""n23""]",0,0
0,1,SingleCenter,385,"[""n03"", ""n04"", ""n10"", ""n17"", ""n18"", ""n23"", ""n25""]",1,0
0,1,SingleCenter,386,"[""n13"", ""n15"", ""n23"", ""n24""]",0,0
0,1,SingleCenter,387,"[""n04"", ""n14"", ""n16"", ""n17"", ""n23"", ""n24"", ""n25""]",1,0
0,1,SingleCenter,388,"[""n05"", ""n08"", ""n10"", ""n18"", ""n22""]",0,0
0,1,SingleCenter,389,"[""n02"", ""n06"", ""n08"", ""n14""]",1,0
0,1,SingleCenter,390,"[""n18"", ""n23"", ""n25""]",1,0
0,1,SingleCenter,391,"[""n10"", ""n25""]",1,1
0,1,SingleCenter,392,"[""n08"", ""n10"", ""n11"", ""n17"", ""n26"", ""n29""]",1,1
0,1,SingleCenter,393,"[""n07"", ""n08"", ""n18""]",1,1
0,1,SingleCenter,394,"[""n06"", ""n09"", ""n11"", ""n13"", ""n23"", ""n27""]",1,0
0,1,SingleCenter,395,"[""n06"", ""n07"", ""n28""]",1,1
0,1,SingleCenter,396,"[""n10"", ""n14"", ""n17"", ""n22""]",1,1
0,1,SingleCenter,397,"[""n03"", ""n04"", ""n10"", ""n11"", ""n15"", ""n18"", ""n24"", ""n27""]",1,1
0,1,SingleCenter,398,"[""n14"", ""n19"", ""n20""]",1,1
0,1,SingleCenter,399,"[""n03"", ""n10"", ""n14"", ""n24""]",1,1
0,1,SingleCenter,400,"[""n25""]",1,1
0,1,SingleCenter,401,"[""n04"", ""n06"", ""n07"", ""n12"", ""n14"", ""n23""]",0,0
0,1,SingleCenter,402,"[""n00"", ""n07"", ""n09"", ""n23""]",1,1
0,1,SingleCenter,403,"[""n09"", ""n11"", ""n16"", ""n22""]",0,0
0,1,SingleCenter,404,"[""n00"", ""n03"", ""n13"", ""n17"", ""n19"", ""n20"", ""n22"", ""n24""]",1,1
0,1,SingleCenter,405,"[""n09"", ""n14"", ""n22"", ""n24""]",0,0
0,1,SingleCenter,406,"[""n13"", ""n21"", ""n23"", ""n24""]",0,0
0,1,SingleCenter,407,"[""n00"", ""n01"", ""n06"", ""n14"", ""n25""]",1,1
0,1,SingleCenter,456,"[""n20"", ""n23"", ""n25""]",1,0
0,1,SingleCenter,457,"[""n04"", ""n07"", ""n13"", ""n22"", ""n23""]",1,0
0,1,SingleCenter,458,"[""n11""]",0,0
0,1,SingleCenter,459,"[""n14""]",0,0
0,1,SingleCenter,460,"[""n00"", ""n01"", ""n08"", ""n11"", ""n16"", ""n21""]",1,0
0,1,SingleCenter,461,"[""n07"", ""n14"", ""n17"", ""n23""]",1,0
0,1,SingleCenter,462,"[""n04"", ""n07"", ""n12"", ""n19""]",1,1
0,1,SingleCenter,463,"[""n00"", ""n11"", ""n15"", ""n25""]",1,1
0,1,SingleCenter,464,"[""n02"", ""n03"", ""n11"", ""n12"", ""n13"", ""n19""]",1,0
0,1,SingleCenter,465,[],0,0
0,1,SingleCenter,466,"[""n00"", ""n02"", ""n03"", ""n14"", ""n16"", ""n20""]",1,0
0,1,SingleCenter,467,"[""n02"", ""n04"", ""n06"", ""n17"", ""n21""]",1,1
0,1,SingleCenter,468,"[""n10"", ""n11"", ""n13"", ""n19""]",0,0
0,1,SingleCenter,469,"[""n00""]",0,0
0,1,SingleCenter,470,"[""n00"", ""n15"", ""n17""]",0,0
0,1,SingleCenter,471,"[""n04"", ""n15"", ""n18"", ""n19"", ""n20""]",0,0
0,1,SingleCenter,480,"[""n02"", ""n06"", ""n12"", ""n18"", ""n22""]",1,1
0,1,SingleCenter,481,"[""n06"", ""n07""]",1,1
0,1,SingleCenter,482,"[""n13""]",0,0
0,1,SingleCenter,483,[],0,0
0,1,SingleCenter,484,"[""n08"", ""n21""]",0,0
0,1,SingleCenter,485,"[""n03""]",1,1
0,1,SingleCenter,486,"[""n09"", ""n16""]",1,0
0,1,SingleCenter,487,"[""n03"", ""n20""]",1,1
0,1,SingleCenter,512,"[""n19""]",1,0
0,1,SingleCenter,513,"[""n02"", ""n05"", ""n21""]",1,0
0,1,SingleCenter,514,"[""n18"", ""n19"", ""n21""]",1,1
0,1,SingleCenter,515,"[""n00"", ""n12"", ""n20""]",1,1
0,1,SingleCenter,516,"[""n15"", ""n21""]",1,1
0,1,SingleCenter,517,"[""n01"", ""n06"", ""n07""]",1,0
0,1,SingleCenter,518,"[""n03"", ""n04"", ""n06"", ""n07"", ""n08"", ""n13"", ""n16"", ""n20"", ""n21""]",1,1
0,1,SingleCenter,519,"[""n05"", ""n13"", ""n17""]",0,0
0,1,SingleCenter,536,"[""n15"", ""n18"", ""n24"", ""n26""]",0,0
0,1,SingleCenter,537,"[""n07"", ""n11"", ""n18"", ""n19"", ""n22"", ""n26""]",1,1
0,1,SingleCenter,538,"[""n11"", ""n22""]",0,0
0,1,SingleCenter,539,"[""n03"", ""n12"", ""n29""]",1,1
0,1,SingleCenter,540,"[""n22""]",0,0
0,1,SingleCenter,541,"[""n04""]",1,0
0,1,SingleCenter,542,"[""n00"", ""n08"", ""n23""]",1,1
0,1,SingleCenter,543,"[""n02"", ""n10"", ""n17"", ""n18"", ""n20""]",1,1
0,1,SingleCenter,568,"[""n07"", ""n10"", ""n17"", ""n26""]",1,1
0,1,SingleCenter,569,"[""n05""]",0,0
0,1,SingleCenter,570,"[""n07"", ""n13"", ""n19"", ""n25""]",1,1
0,1,SingleCenter,571,"[""n14"", ""n15"", ""n16"", ""n21""]",0,0
0,1,SingleCenter,572,"[""n06"", ""n08"", ""n15"", ""n26""]",1,1
0,1,SingleCenter,573,"[""n00"", ""n17""]",1,1
0,1,SingleCenter,574,"[""n00"", ""n01"", ""n02"", ""n05"", ""n10"", ""n17"", ""n18"", ""n21""]",1,1
0,1,SingleCenter,575,"[""n02"", ""n05"", ""n10"", ""n13"", ""n22"", ""n24""]",1,1
0,1,SingleCenter,640,"[""n02"", ""n07"", ""n09"", ""n14"", ""n15""]",1,1
0,1,SingleCenter,641,"[""n13""]",0,0
0,1,SingleCenter,642,"[""n01"", ""n04"", ""n06"", ""n21""]",1,1
0,1,SingleCenter,643,"[""n13""]",0,0
0,1,SingleCenter,644,"[""n08"", ""n09"", ""n16""]",1,1
0,1,SingleCenter,645,"[""n03"", ""n04"", ""n07"", ""n11""]",1,1
0,1,SingleCenter,646,"[""n02""]",1,1
0,1,SingleCenter,647,"[""n08"", ""n12"", ""n17"", ""n18"", ""n21""]",1,1
0,1,SingleCenter,680,"[""n12"", ""n17"", ""n20"", ""n21""]",1,1
0,1,SingleCenter,681,"[""n04"", ""n11""]",1,0
0,1,SingleCenter,682,"[""n00"", ""n05"", ""n09"", ""n22"", ""n25""]",1,1
0,1,SingleCenter,683,"[""n09"", ""n13"", ""n24""]",1,1
0,1,SingleCenter,684,"[""n03"", ""n12"", ""n25""]",1,1
0,1,SingleCenter,685,"[""n00"", ""n12"", ""n16"", ""n22""]",1,1
0,1,SingleCenter,686,"[""n00"", ""n07"", ""n09"", ""n16""]",1,1
0,1,SingleCenter,687,"[""n22""]",0,0
0,1,SingleCenter,712,"[""n02"", ""n20""]",0,0
0,1,SingleCenter,713,"[""n00"", ""n12"", ""n18""]",0,0
0,1,SingleCenter,714,"[""n02"", ""n04"", ""n06"", ""n13""]",0,0
0,1,SingleCenter,715,"[""n12"", ""n14"", ""n15"", ""n17"", ""n21""]",1,1
0,1,SingleCenter,716,"[""n07"", ""n09"", ""n16""]",0,0
0,1,SingleCenter,717,"[""n04"", ""n06"", ""n18""]",0,0
0,1,SingleCenter,718,[],0,0
0,1,SingleCenter,719,"[""n02"", ""n04"", ""n10""]",0,0
0,1,SingleCenter,824,"[""n03"", ""n05"", ""n16""]",1,0
0,1,SingleCenter,825,"[""n04"", ""n06"", ""n07"", ""n16"", ""n18""]",0,0
0,1,SingleCenter,826,"[""n15""]",0,0
0,1,SingleCenter,827,"[""n04"", ""n13""]",0,0
0,1,SingleCenter,828,[],0,0
0,1,SingleCenter,829,"[""n08"", ""n17""]",1,1
0,1,SingleCenter,830,"[""n03""]",1,0
0,1,SingleCenter,831,"[""n15""]",0,0
0,1,KMeans,0,"[""n04"", ""n07"", ""n16"", ""n19""]",1,1
0,1,KMeans,1,"[""n01"", ""n07"", ""n15"", ""n19"", ""n21""]",1,1
0,1,KMeans,2,"[""n02"", ""n11"", ""n19""]",1,1
0,1,KMeans,3,"[""n00"", ""n16"", ""n17"", ""n22""]",1,1
0,1,KMeans,4,"[""n01"", ""n03"", ""n12""]",1,1
0,1,KMeans,5,"[""n06"", ""n13""]",0,0
0,1,KMeans,6,"[""n04"", ""n19""]",1,1
0,1,KMeans,7,"[""n00"", ""n01"", ""n14"", ""n19""]",1,1
0,1,KMeans,16,"[""n02"", ""n06"", ""n10""]",0,0
0,1,KMeans,17,"[""n00"", ""n01"", ""n04"", ""n05"", ""n07"", ""n11"", ""n14"", ""n16""]",1,1
0,1,KMeans,18,"[""n07"", ""n10"", ""n19""]",1,1
0,1,KMeans,19,"[""n13"", ""n18""]",0,0
0,1,KMeans,20,"[""n00"", ""n03"", ""n08"", ""n12""]",0,0
0,1,KMeans,21,"[""n01"", ""n16""]",0,0
0,1,KMeans,22,"[""n03"", ""n08"", ""n09"", ""n10"", ""n11""]",0,0
0,1,KMeans,23,"[""n09""]",0,0
0,1,KMeans,56,"[""n03"", ""n04"", ""n06"", ""n11"", ""n12"", ""n13"", ""n15"", ""n19""]",1,1
0,1,KMeans,57,"[""n04"", ""n16""]",1,1
0,1,KMeans,58,"[""n00""]",1,0
0,1,KMeans,59,"[""n08"", ""n09"", ""n14""]",1,1
0,1,KMeans,60,"[""n13"", ""n14""]",0,0
0,1,KMeans,61,"[""n05""]",1,0
0,1,KMeans,62,"[""n02""]",1,1
0,1,KMeans,63,"[""n00"", ""n05"", ""n13"", ""n16""]",1,1
0,1,KMeans,64,"[""n05"", ""n07"", ""n11"", ""n15"", ""n23"", ""n28""]",1,1
0,1,KMeans,65,"[""n01"", ""n16"", ""n22"", ""n28""]",1,1
0,1,KMeans,66,"[""n07"", ""n17"", ""n23""]",0,0
0,1,KMeans,67,"[""n15"", ""n18"", ""n27""]",1,1
0,1,KMeans,68,"[""n00"", ""n01"", ""n08"", ""n12"", ""n16"", ""n27"", ""n28""]",1,1
0,1,KMeans,69,[],0,0
0,1,KMeans,70,"[""n11"", ""n23"", ""n26""]",0,0
0,1,KMeans,71,"[""n04""]",0,0
0,1,KMeans,144,"[""n04"", ""n14"", ""n23"", ""n26""]",0,0
0,1,KMeans,145,"[""n01"", ""n06"", ""n09"", ""n13"", ""n16"", ""n29""]",1,1
0,1,KMeans,146,"[""n04""]",0,0
0,1,KMeans,147,"[""n05"", ""n06"", ""n18""]",1,1
0,1,KMeans,148,"[""n15"", ""n18"", ""n25""]",0,0
0,1,KMeans,149,"[""n03"", ""n09"", ""n11"", ""n20"", ""n22"", ""n28"", ""n29""]",1,1
0,1,KMeans,150,"[""n04"", ""n05"", ""n12"", ""n23"", ""n27""]",1,1
0,1,KMeans,151,"[""n08"", ""n09"", ""n11""]",1,1
0,1,KMeans,152,"[""n10"", ""n13""]",0,0
0,1,KMeans,153,"[""n09"", ""n20""]",1,1
0,1,KMeans,154,"[""n10"", ""n19""]",0,0
0,1,KMeans,155,"[""n00"", ""n17""]",0,0
0,1,KMeans,156,"[""n01"", ""n14"", ""n17""]",1,1
0,1,KMeans,157,"[""n09"", ""n10"", ""n14"", ""n18"", ""n20""]",1,1
0,1,KMeans,158,"[""n05"", ""n07""]",0,0
0,1,KMeans,159,"[""n01"", ""n06"", ""n15""]",1,1
0,1,KMeans,176,"[""n07"", ""n11"", ""n16""]",1,1
0,1,KMeans,177,"[""n03"", ""n04"", ""n13"", ""n17"", ""n26""]",1,1
0,1,KMeans,178,"[""n04"", ""n07"", ""n10"", ""n15"", ""n16"", ""n26""]",1,1
0,1,KMeans,179,"[""n04"", ""n22""]",1,0
0,1,KMeans,180,"[""n02"", ""n08"", ""n17"", ""n20""]",1,1
0,1,KMeans,181,"[""n08"", ""n10"", ""n13"", ""n16""]",1,0
0,1,KMeans,182,"[""n01"", ""n21""]",1,1
0,1,KMeans,183,"[""n02"", ""n10"", ""n16""]",1,1
0,1,KMeans,240,"[""n11"", ""n14"", ""n23""]",1,1
0,1,KMeans,241,"[""n00"", ""n01"", ""n16""]",1,1
0,1,KMeans,242,"[""n02"", ""n03"", ""n12"", ""n20""]",0,0
0,1,KMeans,243,"[""n08"", ""n12"", ""n20"", ""n21""]",0,0
0,1,KMeans,244,"[""n04"", ""n07"", ""n10"", ""n11"", ""n14"", ""n17"", ""n22""]",0,0
0,1,KMeans,245,"[""n01"", ""n03"", ""n11"", ""n14"", ""n18""]",1,0
0,1,KMeans,246,"[""n01"", ""n09"", ""n10""]",0,0
0,1,KMeans,247,"[""n00"", ""n15"", ""n23""]",1,1
0,1,KMeans,248,"[""n03"", ""n08"", ""n20"", ""n27""]",0,0
0,1,KMeans,249,"[""n03"", ""n04"", ""n15"", ""n16"", ""n20"", ""n23"", ""n24"", ""n26"", ""n28""]",1,0
0,1,KMeans,250,"[""n02"", ""n09"", ""n10"", ""n12"", ""n23""]",0,0
0,1,KMeans,251,"[""n02"", ""n05"", ""n07"", ""n12"", ""n22""]",1,1
0,1,KMeans,252,"[""n05"", ""n08"", ""n12"", ""n15""]",1,0
0,1,KMeans,253,"[""n11"", ""n14""]",0,0
0,1,KMeans,254,"[""n03"", ""n07"", ""n10"", ""n11"", ""n13"", ""n22""]",1,1
0,1,KMeans,255,"[""n00"", ""n13"", ""n26""]",0,0
0,1,KMeans,256,[],0,0
0,1,KMeans,257,"[""n16"", ""n17"", ""n19""]",1,0
0,1,KMeans,258,"[""n02"", ""n06"", ""n13"", ""n15"", ""n23""]",1,1
0,1,KMeans,259,"[""n00"", ""n10"", ""n13"", ""n15"", ""n19""]",1,1
0,1,KMeans,260,"[""n00"", ""n01"", ""n07"", ""n10"", ""n12"", ""n15"", ""n18""]",1,1
0,1,KMeans,261,"[""n03"", ""n21"", ""n23""]",1,1
0,1,KMeans,262,"[""n05"", ""n13"", ""n18"", ""n19""]",0,0
0,1,KMeans,263,"[""n07"", ""n10"", ""n11"", ""n13"", ""n14"", ""n16""]",1,1
0,1,KMeans,272,"[""n27""]",1,0
0,1,KMeans,273,"[""n02"", ""n05"", ""n12"", ""n15"", ""n18"", ""n20"", ""n22""]",1,1
0,1,KMeans,274,"[""n07"", ""n12"", ""n21"", ""n23"", ""n24"", ""n27""]",1,0
0,1,KMeans,275,"[""n00"", ""n16""]",1,1
0,1,KMeans,276,"[""n19""]",1,1
0,1,KMeans,277,"[""n00"", ""n08"", ""n15"", ""n22""]",1,1
0,1,KMeans,278,"[""n08"", ""n09"", ""n17""]",0,0
0,1,KMeans,279,"[""n00"", ""n01"", ""n03"", ""n06"", ""n21"", ""n22""]",1,1
0,1,KMeans,384,"[""n08"", ""n09"", ""n14"", ""n23""]",0,0
0,1,KMeans,385,"[""n04"", ""n16"", ""n17"", ""n21"", ""n23""]",0,0
0,1,KMeans,386,"[""n01"", ""n13"", ""n15"", ""n23""]",0,0
0,1,KMeans,387,"[""n04"", ""n14"", ""n16"", ""n17"", ""n20""]",0,0
0,1,KMeans,388,"[""n01"", ""n05"", ""n08"", ""n10"", ""n18"", ""n22"", ""n24""]",0,0
0,1,KMeans,389,"[""n02"", ""n06"", ""n08"", ""n18""]",1,0
0,1,KMeans,390,"[""n06"", ""n10"", ""n18""]",1,0
0,1,KMeans,391,"[""n07"", ""n25""]",1,1
0,1,KMeans,392,"[""n08"", ""n10"", ""n17"", ""n28""]",1,1
0,1,KMeans,393,"[""n07"", ""n08"", ""n14""]",1,1
0,1,KMeans,394,"[""n03"", ""n13"", ""n15"", ""n23"", ""n27""]",1,0
0,1,KMeans,395,"[""n06"", ""n07"", ""n21"", ""n27"", ""n28""]",1,1
0,1,KMeans,396,"[""n08"", ""n10"", ""n14"", ""n17"", ""n21"", ""n22""]",1,1
0,1,KMeans,397,"[""n04"", ""n18"", ""n24"", ""n26"", ""n27""]",1,1
0,1,KMeans,398,"[""n01"", ""n11"", ""n14"", ""n19"", ""n20""]",1,1
0,1,KMeans,399,"[""n02"", ""n03"", ""n12"", ""n14"", ""n24""]",1,1
0,1,KMeans,400,"[""n11"", ""n25""]",1,1
0,1,KMeans,401,"[""n04"", ""n07"", ""n12"", ""n14"", ""n18"", ""n23""]",0,0
0,1,KMeans,402,"[""n00"", ""n07"", ""n09"", ""n11"", ""n23""]",1,1
0,1,KMeans,403,"[""n06"", ""n09"", ""n14"", ""n16"", ""n19""]",0,0
0,1,KMeans,404,"[""n00"", ""n02"", ""n03"", ""n13"", ""n19"", ""n22""]",1,1
0,1,KMeans,405,"[""n09"", ""n14"", ""n22"", ""n24""]",0,0
0,1,KMeans,406,"[""n06"", ""n13"", ""n21"", ""n23"", ""n24""]",0,0
0,1,KMeans,407,"[""n01"", ""n06"", ""n14""]",1,1
0,1,KMeans,456,"[""n05"", ""n20"", ""n23""]",1,0
0,1,KMeans,457,"[""n04"", ""n13"", ""n22"", ""n23""]",1,0
0,1,KMeans,458,"[""n11"", ""n22"", ""n26""]",1,0
0,1,KMeans,459,"[""n09"", ""n14""]",0,0
0,1,KMeans,460,"[""n08"", ""n11""]",0,0
0,1,KMeans,461,"[""n07"", ""n14"", ""n17"", ""n23"", ""n26""]",1,0
0,1,KMeans,462,"[""n00"", ""n04"", ""n07"", ""n12"", ""n19""]",1,1
0,1,KMeans,463,"[""n00"", ""n15"", ""n25""]",1,1
0,1,KMeans,464,"[""n03"", ""n06"", ""n12"", ""n13""]",0,0
0,1,KMeans,465,"[""n05""]",0,0
0,1,KMeans,466,"[""n00"", ""n03"", ""n14"", ""n16"", ""n18""]",0,0
0,1,KMeans,467,"[""n02"", ""n05"", ""n17"", ""n21""]",1,1
0,1,KMeans,468,"[""n10"", ""n11"", ""n13"", ""n16"", ""n19""]",0,0
0,1,KMeans,469,"[""n00"", ""n01"", ""n12""]",0,0
0,1,KMeans,470,"[""n00"", ""n05"", ""n15"", ""n17""]",1,0
0,1,KMeans,471,"[""n07"", ""n15"", ""n18"", ""n19"", ""n20""]",0,0
0,1,KMeans,480,"[""n02"", ""n05"", ""n06"", ""n12"", ""n18"", ""n22""]",1,1
0,1,KMeans,481,"[""n06"", ""n07"", ""n17""]",1,1
0,1,KMeans,482,"[""n05"", ""n13""]",1,0
0,1,KMeans,483,"[""n02"", ""n05""]",1,0
0,1,KMeans,484,"[""n08"", ""n21""]",0,0
0,1,KMeans,485,"[""n03""]",1,1
0,1,KMeans,486,"[""n05"", ""n07"", ""n16""]",1,0
0,1,KMeans,487,"[""n03"", ""n04"", ""n12"", ""n20""]",1,1
0,1,KMeans,512,"[""n19""]",1,0
0,1,KMeans,513,"[""n02"", ""n05"", ""n13"", ""n21"", ""n22""]",1,0
0,1,KMeans,514,"[""n18"", ""n19"", ""n21""]",1,1
0,1,KMeans,515,"[""n00"", ""n09"", ""n10"", ""n20""]",1,1
0,1,KMeans,516,"[""n15""]",1,1
0,1,KMeans,517,"[""n01"", ""n06"", ""n07""]",1,0
0,1,KMeans,518,"[""n03"", ""n07"", ""n08"", ""n13"", ""n20"", ""n21""]",1,1
0,1,KMeans,519,"[""n13"", ""n17""]",0,0
0,1,KMeans,536,"[""n00"", ""n06"", ""n15"", ""n16"", ""n21"", ""n24"", ""n26""]",1,0
0,1,KMeans,537,"[""n06"", ""n07"", ""n11"", ""n18"", ""n19"", ""n22"", ""n26""]",1,1
0,1,KMeans,538,"[""n11"", ""n17"", ""n22"", ""n28""]",0,0
0,1,KMeans,539,"[""n03"", ""n12"", ""n23"", ""n29""]",1,1
0,1,KMeans,540,[],0,0
0,1,KMeans,541,"[""n23""]",0,0
0,1,KMeans,542,"[""n00"", ""n08"", ""n23""]",1,1
0,1,KMeans,543,"[""n02"", ""n05"", ""n10"", ""n17"", ""n18"", ""n20""]",1,1
0,1,KMeans,568,"[""n07"", ""n10"", ""n14"", ""n17"", ""n26""]",1,1
0,1,KMeans,569,"[""n05"", ""n06""]",0,0
0,1,KMeans,570,"[""n07"", ""n09"", ""n19""]",1,1
0,1,KMeans,571,"[""n00"", ""n13"", ""n14"", ""n15""]",1,0
0,1,KMeans,572,"[""n08"", ""n26""]",1,1
0,1,KMeans,573,"[""n00"", ""n17""]",1,1
0,1,KMeans,574,"[""n00"", ""n01"", ""n02"", ""n05"", ""n10"", ""n13"", ""n17"", ""n18"", ""n21""]",1,1
0,1,KMeans,575,"[""n02"", ""n05"", ""n10"", ""n22"", ""n24""]",1,1
0,1,KMeans,640,"[""n07"", ""n09"", ""n15""]",1,1
0,1,KMeans,641,"[""n13""]",0,0
0,1,KMeans,642,"[""n04"", ""n06"", ""n14"", ""n21""]",1,1
0,1,KMeans,643,"[""n13""]",0,0
0,1,KMeans,644,"[""n09"", ""n14""]",1,1
0,1,KMeans,645,"[""n03"", ""n07"", ""n11""]",1,1
0,1,KMeans,646,"[""n02"", ""n18""]",1,1
0,1,KMeans,647,"[""n03"", ""n08"", ""n12"", ""n18"", ""n21""]",1,1
0,1,KMeans,680,"[""n12"", ""n20"", ""n21""]",1,1
0,1,KMeans,681,"[""n04"", ""n24""]",1,0
0,1,KMeans,682,"[""n00"", ""n09"", ""n25""]",1,1
0,1,KMeans,683,"[""n09"", ""n23"", ""n24""]",1,1
0,1,KMeans,684,"[""n03"", ""n12"", ""n25""]",1,1
0,1,KMeans,685,"[""n00"", ""n12"", ""n16"", ""n22""]",1,1
0,1,KMeans,686,"[""n00"", ""n07"", ""n09"", ""n16""]",1,1
0,1,KMeans,687,"[""n00"", ""n03"", ""n22""]",1,0
0,1,KMeans,712,"[""n02"", ""n17"", ""n20""]",0,0
0,1,KMeans,713,"[""n00"", ""n07"", ""n12"", ""n16"", ""n18""]",0,0
0,1,KMeans,714,"[""n04"", ""n06"", ""n13""]",0,0
0,1,KMeans,715,"[""n12"", ""n14"", ""n15"", ""n17"", ""n21""]",1,1
0,1,KMeans,716,"[""n07"", ""n16""]",0,0
0,1,KMeans,717,"[""n03"", ""n04"", ""n06"", ""n18""]",0,0
0,1,KMeans,718,"[""n03""]",0,0
0,1,KMeans,719,"[""n02"", ""n04"", ""n10"", ""n14""]",0,0
0,1,KMeans,824,"[""n08""]",1,0
0,1,KMeans,825,"[""n04"", ""n06"", ""n07"", ""n16"", ""n18""]",0,0
0,1,KMeans,826,"[""n09"", ""n15""]",0,0
0,1,KMeans,827,"[""n04"", ""n08"", ""n09"", ""n13"", ""n19""]",1,0
0,1,KMeans,828,[],0,0
0,1,KMeans,829,"[""n08"", ""n17""]",1,1
0,1,KMeans,830,"[""n03""]",1,0
0,1,KMeans,831,"[""n15""]",0,0
0,2,FixedThreshold,88,[],0,1
0,2,FixedThreshold,89,[],0,1
0,2,FixedThreshold,90,"[""n10""]",0,0
0,2,FixedThreshold,91,[],0,0
0,2,FixedThreshold,92,[],0,0
0,2,FixedThreshold,93,"[""n12""]",0,1
0,2,FixedThreshold,94,[],0,0
0,2,FixedThreshold,95,[],0,0
0,2,FixedThreshold,96,[],0,1
0,2,FixedThreshold,97,"[""n13""]",1,1
0,2,FixedThreshold,98,"[""n02"", ""n06""]",1,1
0,2,FixedThreshold,99,"[""n03"", ""n04""]",1,1
0,2,FixedThreshold,100,[],0,0
0,2,FixedThreshold,101,[],0,0
0,2,FixedThreshold,102,"[""n09"", ""n16"", ""n24""]",0,0
0,2,FixedThreshold,103,"[""n05"", ""n15""]",0,0
0,2,FixedThreshold,192,[],0,0
0,2,FixedThreshold,193,[],0,0
0,2,FixedThreshold,194,[],0,1
0,2,FixedThreshold,195,"[""n16""]",0,0
0,2,FixedThreshold,196,[],0,0
0,2,FixedThreshold,197,[],0,0
0,2,FixedThreshold,198,[],0,0
0,2,FixedThreshold,199,[],0,0
0,2,FixedThreshold,280,[],0,0
0,2,FixedThreshold,281,[],0,0
0,2,FixedThreshold,282,[],0,0
0,2,FixedThreshold,283,[],0,0
0,2,FixedThreshold,284,"[""n24""]",0,0
0,2,FixedThreshold,285,[],0,0
0,2,FixedThreshold,286,"[""n09""]",0,0
0,2,FixedThreshold,287,[],0,1
0,2,FixedThreshold,304,[],0,0
0,2,FixedThreshold,305,[],0,1
0,2,FixedThreshold,306,[],0,0
0,2,FixedThreshold,307,[],0,1
0,2,FixedThreshold,308,[],0,0
0,2,FixedThreshold,309,[],0,1
0,2,FixedThreshold,310,"[""n07""]",1,1
0,2,FixedThreshold,311,[],0,0
0,2,FixedThreshold,360,"[""n05"", ""n07"", ""n15""]",0,0
0,2,FixedThreshold,361,[],0,0
0,2,FixedThreshold,362,[],0,0
0,2,FixedThreshold,363,"[""n05"", ""n20""]",0,0
0,2,FixedThreshold,364,"[""n16""]",0,0
0,2,FixedThreshold,365,"[""n02"", ""n03"", ""n05"", ""n13"", ""n21""]",1,1
0,2,FixedThreshold,366,"[""n00"", ""n17""]",0,0
0,2,FixedThreshold,367,[],0,0
0,2,FixedThreshold,368,[],0,0
0,2,FixedThreshold,369,"[""n18""]",0,0
0,2,FixedThreshold,370,[],0,0
0,2,FixedThreshold,371,"[""n01""]",1,1
0,2,FixedThreshold,372,[],0,1
0,2,FixedThreshold,373,"[""n08""]",0,0
0,2,FixedThreshold,374,[],0,0
0,2,FixedThreshold,375,"[""n10"", ""n11""]",1,1
0,2,FixedThreshold,424,[],0,1
0,2,FixedThreshold,425,[],0,1
0,2,FixedThreshold,426,[],0,1
0,2,FixedThreshold,427,[],0,0
0,2,FixedThreshold,428,"[""n09"", ""n25""]",0,0
0,2,FixedThreshold,429,[],0,1
0,2,FixedThreshold,430,[],0,1
0,2,FixedThreshold,431,"[""n19""]",0,0
0,2,FixedThreshold,432,[],0,1
0,2,FixedThreshold,433,"[""n01"", ""n05"", ""n07"", ""n09"", ""n26""]",1,1
0,2,FixedThreshold,434,"[""n16"", ""n18"", ""n24"", ""n27""]",0,0
0,2,FixedThreshold,435,"[""n17""]",0,0
0,2,FixedThreshold,436,[],0,0
0,2,FixedThreshold,437,"[""n21"", ""n22""]",0,0
0,2,FixedThreshold,438,[],0,0
0,2,FixedThreshold,439,"[""n25""]",0,1
0,2,FixedThreshold,440,[],0,0
0,2,FixedThreshold,441,[],0,0
0,2,FixedThreshold,442,[],0,1
0,2,FixedThreshold,443,[],0,0
0,2,FixedThreshold,444,[],0,0
0,2,FixedThreshold,445,[],0,0
0,2,FixedThreshold,446,[],0,0
0,2,FixedThreshold,447,"[""n02""]",0,0
0,2,FixedThreshold,520,[],0,1
0,2,FixedThreshold,521,"[""n02"", ""n06"", ""n12"", ""n27""]",1,1
0,2,FixedThreshold,522,[],0,0
0,2,FixedThreshold,523,[],0,1
0,2,FixedThreshold,524,[],0,1
0,2,FixedThreshold,525,"[""n06"", ""n25""]",0,0
0,2,FixedThreshold,526,"[""n20"", ""n22""]",0,1
0,2,FixedThreshold,527,[],0,1
0,2,FixedThreshold,528,"[""n01"", ""n05"", ""n06""]",1,1
0,2,FixedThreshold,529,[],0,1
0,2,FixedThreshold,530,[],0,1
0,2,FixedThreshold,531,[],0,1
0,2,FixedThreshold,532,"[""n03"", ""n15""]",1,1
0,2,FixedThreshold,533,"[""n09""]",1,1
0,2,FixedThreshold,534,[],0,0
0,2,FixedThreshold,535,"[""n03"", ""n16""]",1,1
0,2,FixedThreshold,584,[],0,1
0,2,FixedThreshold,585,"[""n26""]",1,1
0,2,FixedThreshold,586,"[""n19""]",0,1
0,2,FixedThreshold,587,[],0,1
0,2,FixedThreshold,588,"[""n09"", ""n15"", ""n18"", ""n22""]",1,1
0,2,FixedThreshold,589,[],0,0
0,2,FixedThreshold,590,"[""n00""]",0,1
0,2,FixedThreshold,591,"[""n22""]",0,0
0,2,FixedThreshold,608,[],0,1
0,2,FixedThreshold,609,[],0,0
0,2,FixedThreshold,610,[],0,0
0,2,FixedThreshold,611,[],0,0
0,2,FixedThreshold,612,"[""n04""]",0,0
0,2,FixedThreshold,613,[],0,0
0,2,FixedThreshold,614,[],0,0
0,2,FixedThreshold,615,"[""n05"", ""n11""]",0,0
0,2,FixedThreshold,624,"[""n10"", ""n14"", ""n18""]",0,0
0,2,FixedThreshold,625,"[""n08""]",0,0
0,2,FixedThreshold,626,[],0,0
0,2,FixedThreshold,627,[],0,0
0,2,FixedThreshold,628,[],0,0
0,2,FixedThreshold,629,"[""n00"", ""n07""]",1,1
0,2,FixedThreshold,630,"[""n00"", ""n19"", ""n20""]",0,0
0,2,FixedThreshold,631,[],0,0
0,2,FixedThreshold,720,[],0,0
0,2,FixedThreshold,721,"[""n24""]",1,1
0,2,FixedThreshold,722,"[""n11"", ""n21""]",0,0
0,2,FixedThreshold,723,[],0,0
0,2,FixedThreshold,724,"[""n03"", ""n13""]",0,0
0,2,FixedThreshold,725,"[""n02""]",1,1
0,2,FixedThreshold,726,"[""n24""]",1,1
0,2,FixedThreshold,727,[],0,0
0,2,FixedThreshold,744,"[""n20"", ""n24""]",0,0
0,2,FixedThreshold,745,[],0,1
0,2,FixedThreshold,746,[],0,0
0,2,FixedThreshold,747,"[""n11"", ""n15""]",0,0
0,2,FixedThreshold,748,"[""n15""]",0,0
0,2,FixedThreshold,749,[],0,1
0,2,FixedThreshold,750,"[""n05"", ""n06"", ""n25""]",0,0
0,2,FixedThreshold,751,[],0,1
0,2,FixedThreshold,752,[],0,1
0,2,FixedThreshold,753,[],0,0
0,2,FixedThreshold,754,"[""n24""]",0,0
0,2,FixedThreshold,755,[],0,0
0,2,FixedThreshold,756,[],0,1
0,2,FixedThreshold,757,[],0,0
0,2,FixedThreshold,758,"[""n07"", ""n23"", ""n25""]",0,1
0,2,FixedThreshold,759,[],0,0
0,2,FixedThreshold,776,[],0,1
0,2,FixedThreshold,777,"[""n08""]",0,0
0,2,FixedThreshold,778,"[""n11""]",0,1
0,2,FixedThreshold,779,[],0,0
0,2,FixedThreshold,780,[],0,0
0,2,FixedThreshold,781,[],0,0
0,2,FixedThreshold,782,"[""n12""]",0,0
0,2,FixedThreshold,783,"[""n02"", ""n04""]",0,0
0,2,FixedThreshold,800,"[""n03"", ""n06"", ""n12""]",1,1
0,2,FixedThreshold,801,[],0,1
0,2,FixedThreshold,802,"[""n06""]",0,0
0,2,FixedThreshold,803,[],0,1
0,2,FixedThreshold,804,"[""n14""]",0,0
0,2,FixedThreshold,805,"[""n02"", ""n07"", ""n17""]",1,1
0,2,FixedThreshold,806,[],0,1
0,2,FixedThreshold,807,[],0,0
0,2,FixedThreshold,840,"[""n19"", ""n20""]",1,1
0,2,FixedThreshold,841,"[""n02"", ""n09""]",0,0
0,2,FixedThreshold,842,"[""n13"", ""n15""]",0,0
0,2,FixedThreshold,843,"[""n15"", ""n16""]",0,0
0,2,FixedThreshold,844,[],0,0
0,2,FixedThreshold,845,"[""n04"", ""n11""]",0,0
0,2,FixedThreshold,846,"[""n13""]",0,0
0,2,FixedThreshold,847,[],0,1
0,2,FixedThreshold,904,[],0,0
0,2,FixedThreshold,905,[],0,1
0,2,FixedThreshold,906,"[""n02"", ""n03"", ""n11"", ""n14""]",1,1
0,2,FixedThreshold,907,"[""n00""]",1,1
0,2,FixedThreshold,908,[],0,0
0,2,FixedThreshold,909,"[""n06"", ""n07"", ""n24""]",1,1
0,2,FixedThreshold,910,[],0,0
0,2,FixedThreshold,911,[],0,1
0,2,FixedThreshold,920,"[""n04""]",1,0
0,2,FixedThreshold,921,"[""n10"", ""n15"", ""n22""]",0,0
0,2,FixedThreshold,922,"[""n02""]",1,1
0,2,FixedThreshold,923,[],0,0
0,2,FixedThreshold,924,"[""n14"", ""n20""]",0,0
0,2,FixedThreshold,925,[],0,0
0,2,FixedThreshold,926,[],0,0
0,2,FixedThreshold,927,[],0,1
0,2,FixedThreshold,928,"[""n04"", ""n13""]",0,0
0,2,FixedThreshold,929,[],0,0
0,2,FixedThreshold,930,[],0,1
0,2,FixedThreshold,931,"[""n04"", ""n16""]",0,1
0,2,FixedThreshold,932,"[""n06"", ""n12""]",0,1
0,2,FixedThreshold,933,"[""n00"", ""n09"", ""n11"", ""n13""]",1,1
0,2,FixedThreshold,934,[],0,0
0,2,FixedThreshold,935,[],0,0
0,2,SingleCenter,88,"[""n02"", ""n09"", ""n25""]",1,1
0,2,SingleCenter,89,"[""n01"", ""n06"", ""n14""]",1,1
0,2,SingleCenter,90,"[""n10"", ""n12"", ""n14"", ""n21""]",0,0
0,2,SingleCenter,91,"[""n05"", ""n06"", ""n07"", ""n10"", ""n26""]",0,0
0,2,SingleCenter,92,[],0,0
0,2,SingleCenter,93,"[""n01"", ""n12"", ""n16""]",1,1
0,2,SingleCenter,94,"[""n00"", ""n01"", ""n19"", ""n25"", ""n27""]",1,0
0,2,SingleCenter,95,"[""n11"", ""n21""]",0,0
0,2,SingleCenter,96,"[""n02""]",1,1
0,2,SingleCenter,97,"[""n13"", ""n23""]",1,1
0,2,SingleCenter,98,"[""n02"", ""n06"", ""n09"", ""n16"", ""n24""]",1,1
0,2,SingleCenter,99,"[""n03"", ""n04"", ""n22""]",1,1
0,2,SingleCenter,100,"[""n16""]",0,0
0,2,SingleCenter,101,"[""n06"", ""n09"", ""n10"", ""n14""]",1,0
0,2,SingleCenter,102,"[""n09"", ""n15"", ""n16"", ""n24""]",0,0
0,2,SingleCenter,103,"[""n03"", ""n05"", ""n07"", ""n09"", ""n15"", ""n26""]",1,0
0,2,SingleCenter,192,[],0,0
0,2,SingleCenter,193,[],0,0
0,2,SingleCenter,194,"[""n11"", ""n21""]",1,1
0,2,SingleCenter,195,"[""n04"", ""n16"", ""n20"", ""n21""]",0,0
0,2,SingleCenter,196,"[""n13"", ""n20"", ""n21""]",0,0
0,2,SingleCenter,197,"[""n05"", ""n07"", ""n12"", ""n19""]",0,0
0,2,SingleCenter,198,"[""n02"", ""n03"", ""n13"", ""n19""]",0,0
0,2,SingleCenter,199,[],0,0
0,2,SingleCenter,280,"[""n02"", ""n08"", ""n12"", ""n17"", ""n18"", ""n19"", ""n22""]",0,0
0,2,SingleCenter,281,"[""n07"", ""n15"", ""n20"", ""n21""]",0,0
0,2,SingleCenter,282,"[""n08"", ""n22""]",0,0
0,2,SingleCenter,283,"[""n16"", ""n22"", ""n23""]",0,0
0,2,SingleCenter,284,"[""n24""]",0,0
0,2,SingleCenter,285,"[""n16"", ""n23""]",0,0
0,2,SingleCenter,286,"[""n01"", ""n04"", ""n09"", ""n10"", ""n20""]",1,0
0,2,SingleCenter,287,"[""n00"", ""n01""]",1,1
0,2,SingleCenter,304,"[""n12"", ""n20""]",0,0
0,2,SingleCenter,305,"[""n02"", ""n04"", ""n08"", ""n14"", ""n16""]",1,1
0,2,SingleCenter,306,"[""n11"", ""n17""]",0,0
0,2,SingleCenter,307,"[""n04"", ""n08"", ""n21"", ""n25""]",1,1
0,2,SingleCenter,308,"[""n19"", ""n24""]",0,0
0,2,SingleCenter,309,"[""n02""]",1,1
0,2,SingleCenter,310,"[""n07""]",1,1
0,2,SingleCenter,311,"[""n15"", ""n23""]",0,0
0,2,SingleCenter,360,"[""n03"", ""n04"", ""n05"", ""n06"", ""n07"", ""n15"", ""n19""]",0,0
0,2,SingleCenter,361,"[""n10"", ""n15"", ""n18""]",0,0
0,2,SingleCenter,362,"[""n11""]",1,0
0,2,SingleCenter,363,"[""n05"", ""n09"", ""n20""]",0,0
0,2,SingleCenter,364,"[""n16"", ""n18""]",0,0
0,2,SingleCenter,365,"[""n03"", ""n05"", ""n13"", ""n16"", ""n20"", ""n21""]",1,1
0,2,SingleCenter,366,"[""n00"", ""n08"", ""n14"", ""n17""]",0,0
0,2,SingleCenter,367,"[""n04"", ""n08""]",0,0
0,2,SingleCenter,368,[],0,0
0,2,SingleCenter,369,"[""n05"", ""n06"", ""n14"", ""n18""]",1,0
0,2,SingleCenter,370,"[""n08"", ""n18"", ""n22""]",0,0
0,2,SingleCenter,371,"[""n01"", ""n14"", ""n23""]",1,1
0,2,SingleCenter,372,"[""n05"", ""n16"", ""n20""]",1,1
0,2,SingleCenter,373,"[""n08""]",0,0
0,2,SingleCenter,374,"[""n03""]",1,0
0,2,SingleCenter,375,"[""n00"", ""n02"", ""n10"", ""n11"", ""n12"", ""n14""]",1,1
0,2,SingleCenter,424,"[""n01"", ""n03"", ""n10"", ""n19"", ""n26""]",1,1
0,2,SingleCenter,425,"[""n27""]",1,1
0,2,SingleCenter,426,"[""n07"", ""n08"", ""n12"", ""n23""]",1,1
0,2,SingleCenter,427,"[""n15"", ""n16""]",0,0
0,2,SingleCenter,428,"[""n09"", ""n20"", ""n25"", ""n27""]",1,0
0,2,SingleCenter,429,"[""n01""]",1,1
0,2,SingleCenter,430,"[""n00"", ""n21""]",1,1
0,2,SingleCenter,431,"[""n01"", ""n02"", ""n03"", ""n19"", ""n21"", ""n23""]",1,0
0,2,SingleCenter,432,"[""n03"", ""n07"", ""n10"", ""n11"", ""n29""]",1,1
0,2,SingleCenter,433,"[""n01"", ""n04"", ""n05"", ""n07"", ""n09"", ""n24"", ""n26""]",1,1
0,2,SingleCenter,434,"[""n16"", ""n18"", ""n24"", ""n27""]",0,0
0,2,SingleCenter,435,"[""n10"", ""n17"", ""n19""]",0,0
0,2,SingleCenter,436,"[""n09"", ""n10"", ""n13"", ""n25""]",0,0
0,2,SingleCenter,437,"[""n03"", ""n21"", ""n22"", ""n25"", ""n29""]",1,0
0,2,SingleCenter,438,"[""n14"", ""n19"", ""n21"", ""n25""]",0,0
0,2,SingleCenter,439,"[""n02"", ""n03"", ""n06"", ""n13"", ""n14"", ""n16"", ""n25"", ""n28"", ""n29""]",1,1
0,2,SingleCenter,440,"[""n10"", ""n20""]",0,0
0,2,SingleCenter,441,"[""n03"", ""n11"", ""n12"", ""n22""]",0,0
0,2,SingleCenter,442,"[""n05"", ""n09"", ""n17"", ""n21"", ""n24"", ""n25""]",1,1
0,2,SingleCenter,443,"[""n03"", ""n09"", ""n14"", ""n18"", ""n20""]",0,0
0,2,SingleCenter,444,[],0,0
0,2,SingleCenter,445,"[""n14""]",0,0
0,2,SingleCenter,446,"[""n05"", ""n10"", ""n12"", ""n13"", ""n21""]",0,0
0,2,SingleCenter,447,"[""n02"", ""n08""]",0,0
0,2,SingleCenter,520,"[""n11"", ""n28""]",1,1
0,2,SingleCenter,521,"[""n02"", ""n06"", ""n12"", ""n27""]",1,1
0,2,SingleCenter,522,"[""n16""]",0,0
0,2,SingleCenter,523,"[""n28""]",1,1
0,2,SingleCenter,524,"[""n01"", ""n10""]",1,1
0,2,SingleCenter,525,"[""n06"", ""n16"", ""n25""]",0,0
0,2,SingleCenter,526,"[""n06"", ""n12"", ""n13"", ""n15"", ""n16"", ""n20"", ""n22"", ""n26""]",1,1
0,2,SingleCenter,527,"[""n03"", ""n10"", ""n11""]",1,1
0,2,SingleCenter,528,"[""n01"", ""n05"", ""n06"", ""n21""]",1,1
0,2,SingleCenter,529,"[""n05"", ""n08"", ""n10"", ""n25""]",1,1
0,2,SingleCenter,530,"[""n01"", ""n09"", ""n23""]",1,1
0,2,SingleCenter,531,"[""n00"", ""n05"", ""n08"", ""n10"", ""n11"", ""n12"", ""n16"", ""n25""]",1,1
0,2,SingleCenter,532,"[""n03"", ""n10"", ""n15"", ""n17""]",1,1
0,2,SingleCenter,533,"[""n09"", ""n18"", ""n27""]",1,1
0,2,SingleCenter,534,"[""n03"", ""n14"", ""n18""]",1,0
0,2,SingleCenter,535,"[""n03"", ""n16""]",1,1
0,2,SingleCenter,584,"[""n05"", ""n15"", ""n16"", ""n21"", ""n23""]",1,1
0,2,SingleCenter,585,"[""n01"", ""n23"", ""n25"", ""n26""]",1,1
0,2,SingleCenter,586,"[""n00"", ""n12"", ""n13"", ""n14"", ""n18"", ""n19""]",1,1
0,2,SingleCenter,587,"[""n03"", ""n04"", ""n15"", ""n18""]",1,1
0,2,SingleCenter,588,"[""n08"", ""n09"", ""n15"", ""n16"", ""n17"", ""n18"", ""n22"", ""n23""]",1,1
0,2,SingleCenter,589,[],0,0
0,2,SingleCenter,590,"[""n00"", ""n06"", ""n13"", ""n26""]",1,1
0,2,SingleCenter,591,"[""n00"", ""n10"", ""n20"", ""n21"", ""n22""]",0,0
0,2,SingleCenter,608,"[""n09"", ""n10"", ""n11"", ""n23""]",1,1
0,2,SingleCenter,609,"[""n04"", ""n08""]",0,0
0,2,SingleCenter,610,"[""n00"", ""n08"", ""n09"", ""n16""]",1,0
0,2,SingleCenter,611,"[""n18""]",0,0
0,2,SingleCenter,612,"[""n02"", ""n04"", ""n07"", ""n14""]",1,0
0,2,SingleCenter,613,"[""n19"", ""n20""]",0,0
0,2,SingleCenter,614,[],0,0
0,2,SingleCenter,615,"[""n01"", ""n03"", ""n05"", ""n11"", ""n22""]",1,0
0,2,SingleCenter,624,"[""n03"", ""n05"", ""n06"", ""n10"", ""n14"", ""n18"", ""n20"", ""n22"", ""n25""]",0,0
0,2,SingleCenter,625,"[""n06"", ""n07"", ""n08"", ""n20""]",0,0
0,2,SingleCenter,626,"[""n07"", ""n08"", ""n13"", ""n18""]",0,0
0,2,SingleCenter,627,"[""n06"", ""n18""]",0,0
0,2,SingleCenter,628,"[""n07"", ""n10"", ""n22"", ""n24""]",0,0
0,2,SingleCenter,629,"[""n00"", ""n07"", ""n08"", ""n11"", ""n22""]",1,1
0,2,SingleCenter,630,"[""n00"", ""n01"", ""n19"", ""n20"", ""n23""]",1,0
0,2,SingleCenter,631,"[""n26""]",0,0
0,2,SingleCenter,720,[],0,0
0,2,SingleCenter,721,"[""n18"", ""n24""]",1,1
0,2,SingleCenter,722,"[""n07"", ""n08"", ""n11"", ""n18"", ""n21""]",0,0
0,2,SingleCenter,723,"[""n13"", ""n14"", ""n22""]",0,0
0,2,SingleCenter,724,"[""n03"", ""n13"", ""n16"", ""n19""]",0,0
0,2,SingleCenter,725,"[""n00"", ""n02"", ""n11"", ""n22""]",1,1
0,2,SingleCenter,726,"[""n12"", ""n20"", ""n24""]",1,1
0,2,SingleCenter,727,[],0,0
0,2,SingleCenter,744,"[""n04"", ""n07"", ""n20"", ""n24""]",0,0
0,2,SingleCenter,745,"[""n01"", ""n05"", ""n10"", ""n16""]",1,1
0,2,SingleCenter,746,"[""n11"", ""n12"", ""n20"", ""n21""]",0,0
0,2,SingleCenter,747,"[""n01"", ""n11"", ""n15""]",1,0
0,2,SingleCenter,748,"[""n15""]",0,0
0,2,SingleCenter,749,"[""n28""]",1,1
0,2,SingleCenter,750,"[""n05"", ""n06"", ""n12"", ""n25""]",0,0
0,2,SingleCenter,751,"[""n02"", ""n20"", ""n28""]",1,1
0,2,SingleCenter,752,"[""n01"", ""n02"", ""n04"", ""n29""]",1,1
0,2,SingleCenter,753,"[""n06"", ""n09"", ""n11"", ""n13"", ""n25""]",0,0
0,2,SingleCenter,754,"[""n17"", ""n24""]",0,0
0,2,SingleCenter,755,"[""n12"", ""n23""]",0,0
0,2,SingleCenter,756,"[""n04"", ""n10"", ""n18"", ""n19""]",1,1
0,2,SingleCenter,757,"[""n02"", ""n04"", ""n27"", ""n29""]",1,0
0,2,SingleCenter,758,"[""n07"", ""n13"", ""n23"", ""n25"", ""n29""]",1,1
0,2,SingleCenter,759,"[""n12"", ""n19"", ""n29""]",1,0
0,2,SingleCenter,776,"[""n01"", ""n10""]",1,1
0,2,SingleCenter,777,"[""n08"", ""n13"", ""n19""]",0,0
0,2,SingleCenter,778,"[""n11"", ""n17"", ""n21""]",1,1
0,2,SingleCenter,779,"[""n11""]",0,0
0,2,SingleCenter,780,"[""n06"", ""n10"", ""n13""]",1,0
0,2,SingleCenter,781,"[""n01"", ""n05"", ""n12"", ""n21""]",1,0
0,2,SingleCenter,782,"[""n01"", ""n07"", ""n11"", ""n12"", ""n14"", ""n18""]",1,0
0,2,SingleCenter,783,"[""n02"", ""n04""]",0,0
0,2,SingleCenter,800,"[""n03"", ""n06"", ""n08"", ""n12"", ""n18"", ""n19""]",1,1
0,2,SingleCenter,801,"[""n08"", ""n10"", ""n15""]",1,1
0,2,SingleCenter,802,"[""n00"", ""n02"", ""n06"", ""n12""]",1,0
0,2,SingleCenter,803,"[""n04"", ""n08""]",1,1
0,2,SingleCenter,804,"[""n09"", ""n14"", ""n19""]",1,0
0,2,SingleCenter,805,"[""n02"", ""n07"", ""n17""]",1,1
0,2,SingleCenter,806,"[""n02"", ""n09"", ""n15"", ""n19""]",1,1
0,2,SingleCenter,807,"[""n15""]",0,0
0,2,SingleCenter,840,"[""n00"", ""n09"", ""n15"", ""n19"", ""n20""]",1,1
0,2,SingleCenter,841,"[""n02"", ""n08"", ""n09""]",0,0
0,2,SingleCenter,842,"[""n10"", ""n12"", ""n13"", ""n15""]",0,0
0,2,SingleCenter,843,"[""n01"", ""n07"", ""n09"", ""n12"", ""n15"", ""n16""]",1,0
0,2,SingleCenter,844,"[""n10"", ""n18""]",0,0
0,2,SingleCenter,845,"[""n04"", ""n11"", ""n13""]",0,0
0,2,SingleCenter,846,"[""n03"", ""n08"", ""n13"", ""n17"", ""n18""]",0,0
0,2,SingleCenter,847,"[""n02"", ""n14"", ""n17"", ""n19"", ""n20""]",1,1
0,2,SingleCenter,904,"[""n11""]",0,0
0,2,SingleCenter,905,"[""n27""]",1,1
0,2,SingleCenter,906,"[""n00"", ""n02"", ""n03"", ""n11"", ""n12"", ""n14"", ""n18"", ""n20"", ""n21""]",1,1
0,2,SingleCenter,907,"[""n00"", ""n06""]",1,1
0,2,SingleCenter,908,"[""n04"", ""n09"", ""n15"", ""n17"", ""n25"", ""n26""]",0,0
0,2,SingleCenter,909,"[""n06"", ""n07"", ""n14"", ""n17"", ""n19"", ""n21"", ""n24""]",1,1
0,2,SingleCenter,910,"[""n01"", ""n15""]",0,0
0,2,SingleCenter,911,"[""n02"", ""n15""]",1,1
0,2,SingleCenter,920,"[""n02"", ""n07"", ""n10""]",1,0
0,2,SingleCenter,921,"[""n09"", ""n10"", ""n15"", ""n22"", ""n23""]",1,0
0,2,SingleCenter,922,"[""n02"", ""n10"", ""n18""]",1,1
0,2,SingleCenter,923,"[""n03"", ""n15"", ""n21""]",0,0
0,2,SingleCenter,924,"[""n09"", ""n14"", ""n20"", ""n26""]",1,0
0,2,SingleCenter,925,"[""n06"", ""n15""]",0,0
0,2,SingleCenter,926,[],0,0
0,2,SingleCenter,927,"[""n03"", ""n04"", ""n13"", ""n16"", ""n24""]",1,1
0,2,SingleCenter,928,"[""n04"", ""n05"", ""n11"", ""n13""]",0,0
0,2,SingleCenter,929,"[""n12""]",0,0
0,2,SingleCenter,930,"[""n19"", ""n23""]",1,1
0,2,SingleCenter,931,"[""n04"", ""n10"", ""n16"", ""n20""]",1,1
0,2,SingleCenter,932,"[""n06"", ""n08"", ""n10"", ""n12"", ""n13"", ""n20"", ""n23""]",1,1
0,2,SingleCenter,933,"[""n00"", ""n07"", ""n09"", ""n11"", ""n13"", ""n14""]",1,1
0,2,SingleCenter,934,[],0,0
0,2,SingleCenter,935,"[""n08"", ""n21"", ""n22""]",0,0
0,2,KMeans,88,"[""n02"", ""n09"", ""n25""]",1,1
0,2,KMeans,89,"[""n01"", ""n06"", ""n14"", ""n19"", ""n21""]",1,1
0,2,KMeans,90,"[""n10"", ""n12"", ""n18"", ""n23""]",0,0
0,2,KMeans,91,"[""n02"", ""n04"", ""n06"", ""n08""]",0,0
0,2,KMeans,92,"[""n01"", ""n24""]",1,0
0,2,KMeans,93,"[""n01"", ""n12"", ""n18"", ""n22""]",1,1
0,2,KMeans,94,"[""n19"", ""n25""]",0,0
0,2,KMeans,95,"[""n11"", ""n21"", ""n27""]",0,0
0,2,KMeans,96,"[""n02"", ""n20""]",1,1
0,2,KMeans,97,"[""n10"", ""n13"", ""n14"", ""n23""]",1,1
0,2,KMeans,98,"[""n02"", ""n06"", ""n24""]",1,1
0,2,KMeans,99,"[""n03"", ""n04"", ""n14"", ""n22""]",1,1
0,2,KMeans,100,"[""n02"", ""n16""]",1,0
0,2,KMeans,101,"[""n06"", ""n09"", ""n14""]",0,0
0,2,KMeans,102,"[""n08"", ""n09"", ""n15"", ""n16"", ""n19"", ""n24""]",0,0
0,2,KMeans,103,"[""n03"", ""n05"", ""n14"", ""n15"", ""n17"", ""n26""]",1,0
0,2,KMeans,192,"[""n02"", ""n14""]",0,0
0,2,KMeans,193,[],0,0
0,2,KMeans,194,"[""n11"", ""n14"", ""n21""]",1,1
0,2,KMeans,195,"[""n04"", ""n16"", ""n20""]",0,0
0,2,KMeans,196,"[""n07"", ""n13"", ""n16"", ""n19"", ""n20"", ""n21""]",0,0
0,2,KMeans,197,"[""n03"", ""n05"", ""n07"", ""n12"", ""n19""]",0,0
0,2,KMeans,198,"[""n00"", ""n02"", ""n03"", ""n12"", ""n13"", ""n19""]",1,0
0,2,KMeans,199,"[""n20""]",0,0
0,2,KMeans,280,"[""n02"", ""n08"", ""n12"", ""n17"", ""n18"", ""n19"", ""n22""]",0,0
0,2,KMeans,281,"[""n07"", ""n12"", ""n15"", ""n20"", ""n21"", ""n25""]",1,0
0,2,KMeans,282,"[""n08"", ""n22""]",0,0
0,2,KMeans,283,"[""n22"", ""n23"", ""n25""]",1,0
0,2,KMeans,284,"[""n24""]",0,0
0,2,KMeans,285,"[""n16"", ""n23""]",0,0
0,2,KMeans,286,"[""n01"", ""n04"", ""n05"", ""n09"", ""n20""]",1,0
0,2,KMeans,287,"[""n00"", ""n01"", ""n15"", ""n16"", ""n23""]",1,1
0,2,KMeans,304,"[""n12"", ""n20""]",0,0
0,2,KMeans,305,"[""n02"", ""n04"", ""n08"", ""n14"", ""n16""]",1,1
0,2,KMeans,306,"[""n01"", ""n11"", ""n17""]",0,0
0,2,KMeans,307,"[""n04"", ""n08"", ""n21"", ""n25""]",1,1
0,2,KMeans,308,"[""n18"", ""n19"", ""n24""]",0,0
0,2,KMeans,309,"[""n02"", ""n08""]",1,1
0,2,KMeans,310,"[""n06"", ""n07"", ""n09""]",1,1
0,2,KMeans,311,"[""n14"", ""n15"", ""n17"", ""n23""]",1,0
0,2,KMeans,360,"[""n04"", ""n05"", ""n06"", ""n07"", ""n15""]",0,0
0,2,KMeans,361,"[""n18""]",0,0
0,2,KMeans,362,[],0,0
0,2,KMeans,363,"[""n05"", ""n09"", ""n18"", ""n20""]",0,0
0,2,KMeans,364,"[""n00"", ""n12"", ""n13"", ""n16""]",0,0
0,2,KMeans,365,"[""n03"", ""n05"", ""n13"", ""n16"", ""n21""]",1,1
0,2,KMeans,366,"[""n00"", ""n03"", ""n17""]",0,0
0,2,KMeans,367,"[""n04"", ""n08"", ""n10""]",0,0
0,2,KMeans,368,"[""n05"", ""n07"", ""n16""]",1,0
0,2,KMeans,369,"[""n15"", ""n18""]",0,0
0,2,KMeans,370,"[""n08"", ""n16"", ""n18""]",0,0
0,2,KMeans,371,"[""n01"", ""n14"", ""n23""]",1,1
0,2,KMeans,372,"[""n05"", ""n09"", ""n16"", ""n20""]",1,1
0,2,KMeans,373,"[""n08"", ""n13"", ""n23""]",1,0
0,2,KMeans,374,"[""n03""]",1,0
0,2,KMeans,375,"[""n10"", ""n11"", ""n18""]",1,1
0,2,KMeans,424,"[""n01"", ""n03"", ""n10"", ""n19"", ""n26""]",1,1
0,2,KMeans,425,"[""n14"", ""n27""]",1,1
0,2,KMeans,426,"[""n07"", ""n08"", ""n12"", ""n23""]",1,1
0,2,KMeans,427,"[""n15"", ""n16"", ""n27""]",1,0
0,2,KMeans,428,"[""n09"", ""n25""]",0,0
0,2,KMeans,429,"[""n01"", ""n03"", ""n27""]",1,1
0,2,KMeans,430,"[""n00"", ""n08"", ""n10"", ""n21"", ""n24""]",1,1
0,2,KMeans,431,"[""n19"", ""n23""]",0,0
0,2,KMeans,432,"[""n00"", ""n03"", ""n07"", ""n10"", ""n11"", ""n29""]",1,1
0,2,KMeans,433,"[""n01"", ""n05"", ""n07"", ""n09"", ""n24"", ""n26""]",1,1
0,2,KMeans,434,"[""n01"", ""n16"", ""n18"", ""n19"", ""n24"", ""n27""]",1,0
0,2,KMeans,435,"[""n10"", ""n17"", ""n19""]",0,0
0,2,KMeans,436,"[""n09"", ""n21"", ""n23"", ""n25""]",0,0
0,2,KMeans,437,"[""n21"", ""n22"", ""n23"", ""n25"", ""n29""]",1,0
0,2,KMeans,438,"[""n14"", ""n19"", ""n21"", ""n25""]",0,0
0,2,KMeans,439,"[""n02"", ""n03"", ""n06"", ""n12"", ""n14"", ""n25"", ""n29""]",1,1
0,2,KMeans,440,"[""n08"", ""n10"", ""n20""]",0,0
0,2,KMeans,441,"[""n03"", ""n04"", ""n11"", ""n12"", ""n14"", ""n16"", ""n19"", ""n22""]",0,0
0,2,KMeans,442,"[""n05"", ""n09"", ""n17"", ""n21"", ""n24"", ""n25""]",1,1
0,2,KMeans,443,"[""n03"", ""n04"", ""n09"", ""n14"", ""n18"", ""n20""]",0,0
0,2,KMeans,444,[],0,0
0,2,KMeans,445,"[""n14"", ""n18"", ""n19""]",0,0
0,2,KMeans,446,"[""n07"", ""n10"", ""n12"", ""n13"", ""n21""]",0,0
0,2,KMeans,447,"[""n02""]",0,0
0,2,KMeans,520,"[""n11"", ""n12"", ""n15"", ""n28""]",1,1
0,2,KMeans,521,"[""n02"", ""n06"", ""n12"", ""n27""]",1,1
0,2,KMeans,522,"[""n07"", ""n14"", ""n16""]",0,0
0,2,KMeans,523,"[""n10"", ""n14"", ""n28""]",1,1
0,2,KMeans,524,"[""n01"", ""n10""]",1,1
0,2,KMeans,525,"[""n06"", ""n16"", ""n25""]",0,0
0,2,KMeans,526,"[""n20"", ""n22"", ""n26"", ""n28""]",1,1
0,2,KMeans,527,"[""n03"", ""n10"", ""n11"", ""n12"", ""n16""]",1,1
0,2,KMeans,528,"[""n01"", ""n05"", ""n06"", ""n08"", ""n17"", ""n21"", ""n24""]",1,1
0,2,KMeans,529,"[""n05"", ""n08"", ""n10"", ""n19"", ""n25""]",1,1
0,2,KMeans,530,"[""n01"", ""n09"", ""n23""]",1,1
0,2,KMeans,531,"[""n00"", ""n05"", ""n08"", ""n10"", ""n11"", ""n16"", ""n25""]",1,1
0,2,KMeans,532,"[""n01"", ""n03"", ""n08"", ""n10"", ""n15"", ""n17""]",1,1
0,2,KMeans,533,"[""n07"", ""n09"", ""n10"", ""n18"", ""n27""]",1,1
0,2,KMeans,534,"[""n03"", ""n07"", ""n14"", ""n18""]",1,0
0,2,KMeans,535,"[""n03"", ""n16""]",1,1
0,2,KMeans,584,"[""n05"", ""n12"", ""n15"", ""n16"", ""n21"", ""n23""]",1,1
0,2,KMeans,585,"[""n02"", ""n11"", ""n23"", ""n25"", ""n26""]",1,1
0,2,KMeans,586,"[""n12"", ""n13"", ""n14"", ""n18"", ""n19""]",1,1
0,2,KMeans,587,"[""n03"", ""n04"", ""n05"", ""n15"", ""n18""]",1,1
0,2,KMeans,588,"[""n07"", ""n09"", ""n15"", ""n16"", ""n17"", ""n18"", ""n22""]",1,1
0,2,KMeans,589,"[""n17"", ""n20""]",0,0
0,2,KMeans,590,"[""n00"", ""n04"", ""n13"", ""n26""]",1,1
0,2,KMeans,591,"[""n00"", ""n10"", ""n20"", ""n21"", ""n22""]",0,0
0,2,KMeans,608,"[""n09"", ""n10"", ""n11"", ""n23""]",1,1
0,2,KMeans,609,"[""n04"", ""n22""]",1,0
0,2,KMeans,610,"[""n21""]",0,0
0,2,KMeans,611,"[""n18""]",0,0
0,2,KMeans,612,"[""n04"", ""n07""]",0,0
0,2,KMeans,613,"[""n13"", ""n19"", ""n20""]",0,0
0,2,KMeans,614,[],0,0
0,2,KMeans,615,"[""n03"", ""n05"", ""n11""]",1,0
0,2,KMeans,624,"[""n03"", ""n04"", ""n05"", ""n06"", ""n10"", ""n14"", ""n18"", ""n20""]",0,0
0,2,KMeans,625,"[""n07"", ""n08"", ""n20""]",0,0
0,2,KMeans,626,"[""n07"", ""n08"", ""n13"", ""n18""]",0,0
0,2,KMeans,627,"[""n06"", ""n18""]",0,0
0,2,KMeans,628,"[""n07"", ""n10"", ""n13"", ""n16"", ""n22"", ""n24""]",0,0
0,2,KMeans,629,"[""n00"", ""n07"", ""n17"", ""n26""]",1,1
0,2,KMeans,630,"[""n00"", ""n01"", ""n19"", ""n20"", ""n23"", ""n24""]",1,0
0,2,KMeans,631,"[""n26""]",0,0
0,2,KMeans,720,"[""n12"", ""n16""]",0,0
0,2,KMeans,721,"[""n02"", ""n24""]",1,1
0,2,KMeans,722,"[""n08"", ""n11"", ""n21""]",0,0
0,2,KMeans,723,"[""n13"", ""n14"", ""n22""]",0,0
0,2,KMeans,724,"[""n03"", ""n13"", ""n18"", ""n19""]",0,0
0,2,KMeans,725,"[""n02"", ""n20""]",1,1
0,2,KMeans,726,"[""n24""]",1,1
0,2,KMeans,727,[],0,0
0,2,KMeans,744,"[""n04"", ""n20"", ""n24""]",0,0
0,2,KMeans,745,"[""n01"", ""n05"", ""n08"", ""n10"", ""n16""]",1,1
0,2,KMeans,746,"[""n06"", ""n11"", ""n12"", ""n20"", ""n21""]",0,0
0,2,KMeans,747,"[""n11"", ""n15""]",0,0
0,2,KMeans,748,"[""n15"", ""n24""]",0,0
0,2,KMeans,749,"[""n28""]",1,1
0,2,KMeans,750,"[""n05"", ""n06"", ""n12"", ""n24"", ""n25""]",0,0
0,2,KMeans,751,"[""n02"", ""n12"", ""n20"", ""n28""]",1,1
0,2,KMeans,752,"[""n01"", ""n02"", ""n04"", ""n19"", ""n29""]",1,1
0,2,KMeans,753,"[""n06"", ""n09"", ""n11"", ""n13"", ""n24""]",0,0
0,2,KMeans,754,"[""n08"", ""n12"", ""n24""]",0,0
0,2,KMeans,755,"[""n12"", ""n19"", ""n20"", ""n23""]",0,0
0,2,KMeans,756,"[""n04"", ""n10"", ""n13"", ""n15"", ""n18"", ""n19"", ""n20"", ""n21""]",1,1
0,2,KMeans,757,"[""n02"", ""n03"", ""n04"", ""n27"", ""n29""]",1,0
0,2,KMeans,758,"[""n07"", ""n16"", ""n23"", ""n25"", ""n29""]",1,1
0,2,KMeans,759,"[""n05"", ""n12"", ""n19"", ""n29""]",1,0
0,2,KMeans,776,"[""n01"", ""n10""]",1,1
0,2,KMeans,777,"[""n06"", ""n08"", ""n13""]",1,0
0,2,KMeans,778,"[""n11"", ""n17"", ""n21""]",1,1
0,2,KMeans,779,"[""n13""]",0,0
0,2,KMeans,780,"[""n00"", ""n05"", ""n10"", ""n13""]",0,0
0,2,KMeans,781,"[""n05"", ""n12"", ""n21""]",1,0
0,2,KMeans,782,"[""n12"", ""n19"", ""n21""]",1,0
0,2,KMeans,783,"[""n02"", ""n04""]",0,0
0,2,KMeans,800,"[""n03"", ""n06"", ""n08"", ""n12""]",1,1
0,2,KMeans,801,"[""n08"", ""n10"", ""n15""]",1,1
0,2,KMeans,802,"[""n00"", ""n02"", ""n06"", ""n13"", ""n15"", ""n16""]",1,0
0,2,KMeans,803,"[""n04"", ""n08""]",1,1
0,2,KMeans,804,"[""n09"", ""n14"", ""n19""]",1,0
0,2,KMeans,805,"[""n02"", ""n04"", ""n07"", ""n17""]",1,1
0,2,KMeans,806,"[""n02"", ""n07"", ""n09"", ""n15"", ""n19""]",1,1
0,2,KMeans,807,"[""n01"", ""n07"", ""n15""]",1,0
0,2,KMeans,840,"[""n19"", ""n20""]",1,1
0,2,KMeans,841,"[""n02"", ""n09""]",0,0
0,2,KMeans,842,"[""n10"", ""n13"", ""n15""]",0,0
0,2,KMeans,843,"[""n01"", ""n07"", ""n11"", ""n12"", ""n15"", ""n16""]",0,0
0,2,KMeans,844,"[""n10"", ""n18""]",0,0
0,2,KMeans,845,"[""n04"", ""n09"", ""n11""]",0,0
0,2,KMeans,846,"[""n03"", ""n13""]",0,0
0,2,KMeans,847,"[""n04"", ""n13"", ""n14"", ""n17"", ""n19"", ""n20""]",1,1
0,2,KMeans,904,"[""n04"", ""n11""]",0,0
0,2,KMeans,905,"[""n14"", ""n22"", ""n27""]",1,1
0,2,KMeans,906,"[""n02"", ""n03"", ""n11"", ""n14"", ""n18"", ""n20""]",1,1
0,2,KMeans,907,"[""n00""]",1,1
0,2,KMeans,908,"[""n04"", ""n09"", ""n15"", ""n17"", ""n25"", ""n26""]",0,0
0,2,KMeans,909,"[""n06"", ""n07"", ""n14"", ""n19"", ""n24""]",1,1
0,2,KMeans,910,"[""n01"", ""n15""]",0,0
0,2,KMeans,911,"[""n02"", ""n03"", ""n15"", ""n25""]",1,1
0,2,KMeans,920,"[""n04"", ""n10"", ""n14""]",1,0
0,2,KMeans,921,"[""n06"", ""n10"", ""n13"", ""n15"", ""n22"", ""n23"", ""n24""]",0,0
0,2,KMeans,922,"[""n02"", ""n10"", ""n18""]",1,1
0,2,KMeans,923,"[""n03"", ""n15""]",0,0
0,2,KMeans,924,"[""n09"", ""n14"", ""n20"", ""n22""]",1,0
0,2,KMeans,925,"[""n06"", ""n07"", ""n13"", ""n15""]",0,0
0,2,KMeans,926,"[""n22""]",0,0
0,2,KMeans,927,"[""n04"", ""n13"", ""n16"", ""n24""]",1,1
0,2,KMeans,928,"[""n04"", ""n13""]",0,0
0,2,KMeans,929,"[""n12""]",0,0
0,2,KMeans,930,"[""n19"", ""n23""]",1,1
0,2,KMeans,931,"[""n04"", ""n10"", ""n16"", ""n20""]",1,1
0,2,KMeans,932,"[""n04"", ""n06"", ""n10"", ""n12"", ""n23""]",1,1
0,2,KMeans,933,"[""n00"", ""n07"", ""n09"", ""n11"", ""n13"", ""n14""]",1,1
0,2,KMeans,934,[],0,0
0,2,KMeans,935,"[""n08"", ""n21"", ""n22"", ""n23""]",1,0
0,3,FixedThreshold,8,[],0,1
0,3,FixedThreshold,9,[],0,1
0,3,FixedThreshold,10,[],0,0
0,3,FixedThreshold,11,"[""n00"", ""n02""]",1,0
0,3,FixedThreshold,12,"[""n09""]",0,0
0,3,FixedThreshold,13,"[""n13"", ""n21"", ""n26""]",1,1
0,3,FixedThreshold,14,[],0,0
0,3,FixedThreshold,15,[],0,0
0,3,FixedThreshold,120,[],0,1
0,3,FixedThreshold,121,[],0,0
0,3,FixedThreshold,122,[],0,1
0,3,FixedThreshold,123,[],0,1
0,3,FixedThreshold,124,"[""n02"", ""n04"", ""n09""]",1,1
0,3,FixedThreshold,125,[],0,0
0,3,FixedThreshold,126,[],0,1
0,3,FixedThreshold,127,[],0,1
0,3,FixedThreshold,168,"[""n13"", ""n16""]",0,0
0,3,FixedThreshold,169,"[""n20""]",1,1
0,3,FixedThreshold,170,[],0,0
0,3,FixedThreshold,171,[],0,0
0,3,FixedThreshold,172,[],0,0
0,3,FixedThreshold,173,[],0,0
0,3,FixedThreshold,174,[],0,0
0,3,FixedThreshold,175,[],0,0
0,3,FixedThreshold,184,[],0,1
0,3,FixedThreshold,185,[],0,0
0,3,FixedThreshold,186,[],0,0
0,3,FixedThreshold,187,"[""n03"", ""n19""]",1,1
0,3,FixedThreshold,188,"[""n12"", ""n15""]",1,1
0,3,FixedThreshold,189,[],0,0
0,3,FixedThreshold,190,"[""n18""]",0,0
0,3,FixedThreshold,191,"[""n00"", ""n01"", ""n05"", ""n09"", ""n17""]",1,1
0,3,FixedThreshold,200,[],0,0
0,3,FixedThreshold,201,[],0,0
0,3,FixedThreshold,202,"[""n00""]",1,1
0,3,FixedThreshold,203,[],0,0
0,3,FixedThreshold,204,[],0,0
0,3,FixedThreshold,205,"[""n02"", ""n06"", ""n23""]",0,0
0,3,FixedThreshold,206,[],0,1
0,3,FixedThreshold,207,"[""n12"", ""n16""]",0,0
0,3,FixedThreshold,224,[],0,0
0,3,FixedThreshold,225,"[""n00"", ""n09""]",1,1
0,3,FixedThreshold,226,[],0,1
0,3,FixedThreshold,227,"[""n19""]",0,1
0,3,FixedThreshold,228,"[""n00""]",1,1
0,3,FixedThreshold,229,[],0,0
0,3,FixedThreshold,230,[],0,0
0,3,FixedThreshold,231,[],0,1
0,3,FixedThreshold,328,[],0,0
0,3,FixedThreshold,329,"[""n12"", ""n13"", ""n16""]",1,1
0,3,FixedThreshold,330,"[""n02"", ""n05"", ""n15""]",1,1
0,3,FixedThreshold,331,[],0,1
0,3,FixedThreshold,332,[],0,1
0,3,FixedThreshold,333,"[""n27""]",1,1
0,3,FixedThreshold,334,[],0,0
0,3,FixedThreshold,335,[],0,1
0,3,FixedThreshold,336,[],0,0
0,3,FixedThreshold,337,[],0,0
0,3,FixedThreshold,338,"[""n20"", ""n21""]",0,0
0,3,FixedThreshold,339,[],0,0
0,3,FixedThreshold,340,[],0,0
0,3,FixedThreshold,341,[],0,1
0,3,FixedThreshold,342,"[""n10""]",0,0
0,3,FixedThreshold,343,"[""n16"", ""n24"", ""n25""]",0,0
0,3,FixedThreshold,408,[],0,0
0,3,FixedThreshold,409,[],0,0
0,3,FixedThreshold,410,[],0,0
0,3,FixedThreshold,411,[],0,0
0,3,FixedThreshold,412,[],0,0
0,3,FixedThreshold,413,[],0,1
0,3,FixedThreshold,414,"[""n01"", ""n03""]",1,1
0,3,FixedThreshold,415,[],0,0
0,3,FixedThreshold,496,[],0,1
0,3,FixedThreshold,497,[],0,1
0,3,FixedThreshold,498,"[""n17"", ""n23""]",0,0
0,3,FixedThreshold,499,"[""n09""]",0,0
0,3,FixedThreshold,500,[],0,1
0,3,FixedThreshold,501,"[""n10"", ""n25"", ""n26""]",0,0
0,3,FixedThreshold,502,[],0,1
0,3,FixedThreshold,503,[],0,1
0,3,FixedThreshold,504,[],0,0
0,3,FixedThreshold,505,"[""n01"", ""n17""]",1,1
0,3,FixedThreshold,506,"[""n02"", ""n06""]",1,1
0,3,FixedThreshold,507,[],0,0
0,3,FixedThreshold,508,"[""n10"", ""n18""]",1,1
0,3,FixedThreshold,509,[],0,0
0,3,FixedThreshold,510,[],0,1
0,3,FixedThreshold,511,[],0,1
0,3,FixedThreshold,544,[],0,0
0,3,FixedThreshold,545,[],0,1
0,3,FixedThreshold,546,[],0,0
0,3,FixedThreshold,547,[],0,0
0,3,FixedThreshold,548,"[""n17""]",1,1
0,3,FixedThreshold,549,"[""n04"", ""n09"", ""n20""]",1,1
0,3,FixedThreshold,550,"[""n27""]",1,1
0,3,FixedThreshold,551,[],0,1
0,3,FixedThreshold,560,[],0,1
0,3,FixedThreshold,561,[],0,1
0,3,FixedThreshold,562,[],0,0
0,3,FixedThreshold,563,[],0,0
0,3,FixedThreshold,564,"[""n13"", ""n14"", ""n28""]",0,0
0,3,FixedThreshold,565,"[""n01"", ""n25""]",1,1
0,3,FixedThreshold,566,[],0,0
0,3,FixedThreshold,567,"[""n18""]",0,0
0,3,FixedThreshold,576,[],0,1
0,3,FixedThreshold,577,"[""n01"", ""n09""]",1,1
0,3,FixedThreshold,578,"[""n01"", ""n06"", ""n09""]",1,1
0,3,FixedThreshold,579,[],0,1
0,3,FixedThreshold,580,"[""n21""]",0,0
0,3,FixedThreshold,581,[],0,0
0,3,FixedThreshold,582,"[""n02"", ""n04""]",0,0
0,3,FixedThreshold,583,[],0,1
0,3,FixedThreshold,616,"[""n02"", ""n17""]",1,1
0,3,FixedThreshold,617,[],0,1
0,3,FixedThreshold,618,[],0,1
0,3,FixedThreshold,619,"[""n04"", ""n14"", ""n16"", ""n22"", ""n26""]",1,1
0,3,FixedThreshold,620,[],0,0
0,3,FixedThreshold,621,[],0,1
0,3,FixedThreshold,622,[],0,0
0,3,FixedThreshold,623,[],0,0
0,3,FixedThreshold,632,[],0,0
0,3,FixedThreshold,633,[],0,0
0,3,FixedThreshold,634,"[""n10""]",0,0
0,3,FixedThreshold,635,[],0,0
0,3,FixedThreshold,636,"[""n10"", ""n17"", ""n23""]",0,0
0,3,FixedThreshold,637,[],0,0
0,3,FixedThreshold,638,"[""n00"", ""n13""]",1,1
0,3,FixedThreshold,639,[],0,0
0,3,FixedThreshold,656,"[""n05""]",0,0
0,3,FixedThreshold,657,[],0,0
0,3,FixedThreshold,658,[],0,0
0,3,FixedThreshold,659,[],0,1
0,3,FixedThreshold,660,[],0,1
0,3,FixedThreshold,661,[],0,0
0,3,FixedThreshold,662,[],0,0
0,3,FixedThreshold,663,[],0,0
0,3,FixedThreshold,728,"[""n00"", ""n19""]",1,1
0,3,FixedThreshold,729,[],0,0
0,3,FixedThreshold,730,"[""n07""]",1,1
0,3,FixedThreshold,731,[],0,1
0,3,FixedThreshold,732,[],0,0
0,3,FixedThreshold,733,[],0,1
0,3,FixedThreshold,734,[],0,0
0,3,FixedThreshold,735,[],0,1
0,3,FixedThreshold,736,[],0,0
0,3,FixedThreshold,737,"[""n02""]",0,0
0,3,FixedThreshold,738,[],0,0
0,3,FixedThreshold,739,[],0,0
0,3,FixedThreshold,740,"[""n02"", ""n05"", ""n06""]",0,0
0,3,FixedThreshold,741,"[""n05"", ""n20""]",0,0
0,3,FixedThreshold,742,[],0,0
0,3,FixedThreshold,743,[],0,0
0,3,FixedThreshold,768,[],0,1
0,3,FixedThreshold,769,[],0,0
0,3,FixedThreshold,770,"[""n06"", ""n19""]",1,1
0,3,FixedThreshold,771,[],0,0
0,3,FixedThreshold,772,"[""n13"", ""n17""]",1,1
0,3,FixedThreshold,773,[],0,1
0,3,FixedThreshold,774,"[""n14""]",0,0
0,3,FixedThreshold,775,[],0,0
0,3,FixedThreshold,784,"[""n09""]",0,0
0,3,FixedThreshold,785,[],0,0
0,3,FixedThreshold,786,[],0,0
0,3,FixedThreshold,787,[],0,0
0,3,FixedThreshold,788,"[""n01"", ""n07"", ""n14"", ""n22""]",1,1
0,3,FixedThreshold,789,"[""n10"", ""n13""]",0,0
0,3,FixedThreshold,790,"[""n01""]",1,1
0,3,FixedThreshold,791,[],0,0
0,3,FixedThreshold,816,"[""n27""]",1,1
0,3,FixedThreshold,817,[],0,0
0,3,FixedThreshold,818,"[""n09""]",0,0
0,3,FixedThreshold,819,[],0,0
0,3,FixedThreshold,820,"[""n04"", ""n13"", ""n22"", ""n27""]",1,1
0,3,FixedThreshold,821,[],0,1
0,3,FixedThreshold,822,[],0,0
0,3,FixedThreshold,823,"[""n25"", ""n26"", ""n27""]",1,1
0,3,FixedThreshold,856,[],0,0
0,3,FixedThreshold,857,[],0,0
0,3,FixedThreshold,858,[],0,0
0,3,FixedThreshold,859,"[""n26""]",1,1
0,3,FixedThreshold,860,"[""n01"", ""n05"", ""n08"", ""n21""]",1,1
0,3,FixedThreshold,861,[],0,0
0,3,FixedThreshold,862,[],0,0
0,3,FixedThreshold,863,[],0,0
0,3,FixedThreshold,880,[],0,0
0,3,FixedThreshold,881,"[""n13""]",0,0
0,3,FixedThreshold,882,[],0,0
0,3,FixedThreshold,883,"[""n14""]",0,1
0,3,FixedThreshold,884,[],0,1
0,3,FixedThreshold,885,[],0,0
0,3,FixedThreshold,886,"[""n06"", ""n23""]",1,1
0,3,FixedThreshold,887,[],0,0
0,3,SingleCenter,8,"[""n02"", ""n10"", ""n21"", ""n26""]",1,1
0,3,SingleCenter,9,"[""n00"", ""n07"", ""n12""]",1,1
0,3,SingleCenter,10,"[""n00"", ""n08"", ""n17"", ""n22""]",0,0
0,3,SingleCenter,11,"[""n00"", ""n11"", ""n18""]",0,0
0,3,SingleCenter,12,"[""n09""]",0,0
0,3,SingleCenter,13,"[""n13"", ""n21"", ""n23"", ""n25"", ""n26""]",1,1
0,3,SingleCenter,14,"[""n14""]",0,0
0,3,SingleCenter,15,"[""n13"", ""n17"", ""n18""]",0,0
0,3,SingleCenter,120,"[""n02"", ""n03""]",1,1
0,3,SingleCenter,121,"[""n05"", ""n13""]",0,0
0,3,SingleCenter,122,"[""n04"", ""n08"", ""n17""]",1,1
0,3,SingleCenter,123,"[""n03"", ""n09"", ""n13"", ""n14""]",1,1
0,3,SingleCenter,124,"[""n02"", ""n04"", ""n05"", ""n09"", ""n19""]",1,1
0,3,SingleCenter,125,[],0,0
0,3,SingleCenter,126,"[""n04"", ""n12""]",1,1
0,3,SingleCenter,127,"[""n00"", ""n09"", ""n13"", ""n17""]",1,1
0,3,SingleCenter,168,"[""n06"", ""n13"", ""n14"", ""n16"", ""n23"", ""n26""]",1,0
0,3,SingleCenter,169,"[""n04"", ""n06"", ""n11"", ""n14"", ""n16"", ""n20""]",1,1
0,3,SingleCenter,170,"[""n17"", ""n22""]",0,0
0,3,SingleCenter,171,"[""n04"", ""n10"", ""n13""]",0,0
0,3,SingleCenter,172,"[""n05"", ""n21""]",0,0
0,3,SingleCenter,173,[],0,0
0,3,SingleCenter,174,[],0,0
0,3,SingleCenter,175,"[""n06"", ""n19""]",0,0
0,3,SingleCenter,184,"[""n06"", ""n14"", ""n16"", ""n18""]",1,1
0,3,SingleCenter,185,"[""n07"", ""n10"", ""n12""]",1,0
0,3,SingleCenter,186,"[""n10"", ""n14""]",0,0
0,3,SingleCenter,187,"[""n03"", ""n14"", ""n19"", ""n21""]",1,1
0,3,SingleCenter,188,"[""n12"", ""n15"", ""n16""]",1,1
0,3,SingleCenter,189,"[""n11"", ""n12"", ""n15"", ""n21""]",1,0
0,3,SingleCenter,190,"[""n00"", ""n14"", ""n18""]",1,0
0,3,SingleCenter,191,"[""n00"", ""n01"", ""n03"", ""n05"", ""n08"", ""n09"", ""n17"", ""n18""]",1,1
0,3,SingleCenter,200,"[""n05"", ""n14"", ""n21"", ""n25""]",0,0
0,3,SingleCenter,201,[],0,0
0,3,SingleCenter,202,"[""n00"", ""n12""]",1,1
0,3,SingleCenter,203,"[""n18""]",0,0
0,3,SingleCenter,204,"[""n25""]",0,0
0,3,SingleCenter,205,"[""n02"", ""n06"", ""n22"", ""n23""]",0,0
0,3,SingleCenter,206,"[""n03"", ""n05"", ""n06"", ""n09"", ""n23""]",1,1
0,3,SingleCenter,207,"[""n01"", ""n10"", ""n12"", ""n16"", ""n27""]",1,0
0,3,SingleCenter,224,"[""n13""]",0,0
0,3,SingleCenter,225,"[""n00"", ""n08"", ""n09"", ""n10""]",1,1
0,3,SingleCenter,226,"[""n02"", ""n05"", ""n13""]",1,1
0,3,SingleCenter,227,"[""n02"", ""n15"", ""n19"", ""n20""]",1,1
0,3,SingleCenter,228,"[""n00"", ""n11"", ""n14""]",1,1
0,3,SingleCenter,229,[],0,0
0,3,SingleCenter,230,"[""n06"", ""n19""]",1,0
0,3,SingleCenter,231,"[""n09"", ""n13""]",1,1
0,3,SingleCenter,328,"[""n02"", ""n06"", ""n07""]",1,0
0,3,SingleCenter,329,"[""n12"", ""n13"", ""n16"", ""n20"", ""n21"", ""n23"", ""n28""]",1,1
0,3,SingleCenter,330,"[""n02"", ""n05"", ""n13"", ""n15"", ""n17"", ""n23"", ""n27""]",1,1
0,3,SingleCenter,331,"[""n03"", ""n18""]",1,1
0,3,SingleCenter,332,"[""n01"", ""n02"", ""n04"", ""n09"", ""n19""]",1,1
0,3,SingleCenter,333,"[""n01"", ""n14"", ""n27""]",1,1
0,3,SingleCenter,334,[],0,0
0,3,SingleCenter,335,"[""n09"", ""n10"", ""n13"", ""n18""]",1,1
0,3,SingleCenter,336,"[""n02"", ""n04"", ""n11"", ""n18"", ""n24""]",0,0
0,3,SingleCenter,337,"[""n13"", ""n17"", ""n23""]",0,0
0,3,SingleCenter,338,"[""n03"", ""n04"", ""n20"", ""n21""]",0,0
0,3,SingleCenter,339,"[""n15"", ""n17""]",0,0
0,3,SingleCenter,340,[],0,0
0,3,SingleCenter,341,"[""n01"", ""n02"", ""n11""]",1,1
0,3,SingleCenter,342,"[""n10"", ""n17"", ""n19"", ""n24""]",0,0
0,3,SingleCenter,343,"[""n06"", ""n08"", ""n13"", ""n16"", ""n24"", ""n25""]",0,0
0,3,SingleCenter,408,"[""n06"", ""n18""]",0,0
0,3,SingleCenter,409,"[""n00"", ""n05"", ""n21"", ""n25""]",1,0
0,3,SingleCenter,410,"[""n05"", ""n08"", ""n21""]",0,0
0,3,SingleCenter,411,"[""n16""]",0,0
0,3,SingleCenter,412,"[""n06"", ""n15"", ""n17"", ""n24""]",0,0
0,3,SingleCenter,413,"[""n02"", ""n09"", ""n19""]",1,1
0,3,SingleCenter,414,"[""n01"", ""n03"", ""n07"", ""n12"", ""n21""]",1,1
0,3,SingleCenter,415,"[""n23""]",0,0
0,3,SingleCenter,496,"[""n03"", ""n15"", ""n20"", ""n23"", ""n28""]",1,1
0,3,SingleCenter,497,"[""n07"", ""n08"", ""n24""]",1,1
0,3,SingleCenter,498,"[""n00"", ""n12"", ""n14"", ""n17"", ""n23""]",1,0
0,3,SingleCenter,499,"[""n09"", ""n12""]",0,0
0,3,SingleCenter,500,"[""n09"", ""n24"", ""n27"", ""n29""]",1,1
0,3,SingleCenter,501,"[""n10"", ""n15"", ""n16"", ""n18"", ""n23"", ""n25"", ""n26""]",0,0
0,3,SingleCenter,502,"[""n02"", ""n13"", ""n14"", ""n18"", ""n21"", ""n27""]",1,1
0,3,SingleCenter,503,"[""n03"", ""n10"", ""n13"", ""n24"", ""n26"", ""n29""]",1,1
0,3,SingleCenter,504,"[""n03"", ""n09"", ""n12""]",1,0
0,3,SingleCenter,505,"[""n01"", ""n08"", ""n14"", ""n17""]",1,1
0,3,SingleCenter,506,"[""n02"", ""n04"", ""n06"", ""n09""]",1,1
0,3,SingleCenter,507,"[""n03"", ""n05""]",1,0
0,3,SingleCenter,508,"[""n03"", ""n04"", ""n10"", ""n13"", ""n18""]",1,1
0,3,SingleCenter,509,"[""n22""]",0,0
0,3,SingleCenter,510,"[""n18""]",1,1
0,3,SingleCenter,511,"[""n01"", ""n03"", ""n12"", ""n17"", ""n22""]",1,1
0,3,SingleCenter,544,"[""n01"", ""n09"", ""n12"", ""n24""]",1,0
0,3,SingleCenter,545,"[""n05"", ""n07"", ""n08"", ""n14"", ""n16"", ""n20"", ""n21"", ""n26""]",1,1
0,3,SingleCenter,546,"[""n02"", ""n13"", ""n16"", ""n18""]",0,0
0,3,SingleCenter,547,"[""n05"", ""n19"", ""n24""]",0,0
0,3,SingleCenter,548,"[""n05"", ""n17"", ""n25""]",1,1
0,3,SingleCenter,549,"[""n03"", ""n04"", ""n09"", ""n17"", ""n20""]",1,1
0,3,SingleCenter,550,"[""n27""]",1,1
0,3,SingleCenter,551,"[""n01"", ""n02"", ""n11"", ""n19"", ""n25"", ""n26"", ""n28""]",1,1
0,3,SingleCenter,560,"[""n04"", ""n10"", ""n21"", ""n27""]",1,1
0,3,SingleCenter,561,"[""n18"", ""n23"", ""n29""]",1,1
0,3,SingleCenter,562,"[""n02"", ""n06"", ""n09"", ""n16""]",0,0
0,3,SingleCenter,563,"[""n10"", ""n14"", ""n23"", ""n25""]",1,0
0,3,SingleCenter,564,"[""n01"", ""n06"", ""n13"", ""n14"", ""n16"", ""n24"", ""n28"", ""n29""]",1,0
0,3,SingleCenter,565,"[""n01"", ""n05"", ""n18"", ""n25"", ""n27"", ""n29""]",1,1
0,3,SingleCenter,566,"[""n01"", ""n03"", ""n06"", ""n26""]",1,0
0,3,SingleCenter,567,"[""n03"", ""n12"", ""n18"", ""n21"", ""n23"", ""n25""]",0,0
0,3,SingleCenter,576,"[""n15"", ""n18"", ""n21"", ""n25""]",1,1
0,3,SingleCenter,577,"[""n01"", ""n03"", ""n09""]",1,1
0,3,SingleCenter,578,"[""n01"", ""n04"", ""n06"", ""n09"", ""n17"", ""n23""]",1,1
0,3,SingleCenter,579,"[""n03"", ""n11"", ""n17"", ""n18""]",1,1
0,3,SingleCenter,580,"[""n02"", ""n05"", ""n06"", ""n21""]",0,0
0,3,SingleCenter,581,"[""n27""]",0,0
0,3,SingleCenter,582,"[""n02"", ""n03"", ""n04"", ""n26""]",1,0
0,3,SingleCenter,583,"[""n03"", ""n19"", ""n26""]",1,1
0,3,SingleCenter,616,"[""n02"", ""n17""]",1,1
0,3,SingleCenter,617,"[""n01"", ""n08"", ""n09"", ""n10"", ""n14""]",1,1
0,3,SingleCenter,618,"[""n06"", ""n10"", ""n17"", ""n18"", ""n27""]",1,1
0,3,SingleCenter,619,"[""n03"", ""n04"", ""n10"", ""n11"", ""n14"", ""n16"", ""n22"", ""n26"", ""n27""]",1,1
0,3,SingleCenter,620,"[""n06"", ""n10"", ""n16"", ""n18"", ""n23"", ""n25""]",0,0
0,3,SingleCenter,621,"[""n08"", ""n10"", ""n14"", ""n20""]",1,1
0,3,SingleCenter,622,"[""n05"", ""n09"", ""n18"", ""n20"", ""n24""]",0,0
0,3,SingleCenter,623,"[""n13"", ""n24""]",0,0
0,3,SingleCenter,632,"[""n20"", ""n24""]",1,0
0,3,SingleCenter,633,"[""n01"", ""n08"", ""n17""]",1,0
0,3,SingleCenter,634,"[""n10""]",0,0
0,3,SingleCenter,635,"[""n19""]",1,0
0,3,SingleCenter,636,"[""n10"", ""n15"", ""n17"", ""n20"", ""n23"", ""n24""]",1,0
0,3,SingleCenter,637,"[""n09""]",0,0
0,3,SingleCenter,638,"[""n00"", ""n02"", ""n13"", ""n22""]",1,1
0,3,SingleCenter,639,"[""n10""]",0,0
0,3,SingleCenter,656,"[""n05"", ""n07"", ""n13"", ""n21""]",0,0
0,3,SingleCenter,657,"[""n02"", ""n05"", ""n17""]",1,0
0,3,SingleCenter,658,"[""n10"", ""n15"", ""n19""]",0,0
0,3,SingleCenter,659,"[""n01"", ""n12"", ""n13"", ""n18"", ""n21"", ""n22""]",1,1
0,3,SingleCenter,660,"[""n04"", ""n05"", ""n07"", ""n22""]",1,1
0,3,SingleCenter,661,"[""n00"", ""n10"", ""n16"", ""n20""]",0,0
0,3,SingleCenter,662,"[""n11"", ""n13"", ""n21""]",0,0
0,3,SingleCenter,663,"[""n00"", ""n08"", ""n16"", ""n19""]",0,0
0,3,SingleCenter,728,"[""n00"", ""n18"", ""n19"", ""n20""]",1,1
0,3,SingleCenter,729,"[""n02"", ""n08"", ""n11""]",0,0
0,3,SingleCenter,730,"[""n07"", ""n13""]",1,1
0,3,SingleCenter,731,"[""n00"", ""n01"", ""n05"", ""n13""]",1,1
0,3,SingleCenter,732,"[""n03"", ""n12"", ""n16""]",0,0
0,3,SingleCenter,733,"[""n02"", ""n05"", ""n14"", ""n16"", ""n21""]",1,1
0,3,SingleCenter,734,"[""n08"", ""n13""]",0,0
0,3,SingleCenter,735,"[""n08"", ""n21""]",1,1
0,3,SingleCenter,736,[],0,0
0,3,SingleCenter,737,"[""n02""]",0,0
0,3,SingleCenter,738,"[""n02"", ""n10""]",0,0
0,3,SingleCenter,739,"[""n20""]",0,0
0,3,SingleCenter,740,"[""n00"", ""n02"", ""n05"", ""n06"", ""n10"", ""n17"", ""n19""]",0,0
0,3,SingleCenter,741,"[""n05"", ""n17"", ""n20""]",0,0
0,3,SingleCenter,742,"[""n02"", ""n04"", ""n16""]",1,0
0,3,SingleCenter,743,"[""n08"", ""n10""]",0,0
0,3,SingleCenter,768,"[""n01"", ""n06"", ""n09"", ""n12""]",1,1
0,3,SingleCenter,769,[],0,0
0,3,SingleCenter,770,"[""n03"", ""n06"", ""n19""]",1,1
0,3,SingleCenter,771,"[""n01""]",1,0
0,3,SingleCenter,772,"[""n13"", ""n17""]",1,1
0,3,SingleCenter,773,"[""n02"", ""n08"", ""n11"", ""n14""]",1,1
0,3,SingleCenter,774,"[""n09"", ""n14""]",0,0
0,3,SingleCenter,775,"[""n09"", ""n19"", ""n20""]",1,0
0,3,SingleCenter,784,"[""n05"", ""n09""]",0,0
0,3,SingleCenter,785,"[""n02"", ""n14"", ""n20""]",0,0
0,3,SingleCenter,786,[],0,0
0,3,SingleCenter,787,"[""n01"", ""n03"", ""n04"", ""n07"", ""n18""]",1,0
0,3,SingleCenter,788,"[""n01"", ""n03"", ""n06"", ""n07"", ""n11"", ""n14"", ""n16"", ""n22""]",1,1
0,3,SingleCenter,789,"[""n10"", ""n12"", ""n13"", ""n15"", ""n16"", ""n17"", ""n20""]",0,0
0,3,SingleCenter,790,"[""n00"", ""n01"", ""n05"", ""n10"", ""n14"", ""n20"", ""n22""]",1,1
0,3,SingleCenter,791,"[""n10"", ""n14"", ""n18"", ""n20"", ""n21""]",0,0
0,3,SingleCenter,816,"[""n24"", ""n27""]",1,1
0,3,SingleCenter,817,"[""n05"", ""n08"", ""n10"", ""n12"", ""n20""]",0,0
0,3,SingleCenter,818,"[""n07"", ""n09"", ""n12"", ""n20""]",0,0
0,3,SingleCenter,819,"[""n06"", ""n27""]",1,0
0,3,SingleCenter,820,"[""n04"", ""n13"", ""n22"", ""n27""]",1,1
0,3,SingleCenter,821,"[""n07"", ""n15"", ""n27""]",1,1
0,3,SingleCenter,822,"[""n15"", ""n16"", ""n25"", ""n26""]",0,0
0,3,SingleCenter,823,"[""n01"", ""n08"", ""n10"", ""n25"", ""n26"", ""n27""]",1,1
0,3,SingleCenter,856,"[""n07"", ""n10"", ""n17"", ""n21"", ""n23""]",0,0
0,3,SingleCenter,857,"[""n08"", ""n14"", ""n15""]",0,0
0,3,SingleCenter,858,"[""n13""]",0,0
0,3,SingleCenter,859,"[""n26""]",1,1
0,3,SingleCenter,860,"[""n01"", ""n05"", ""n08"", ""n16"", ""n17"", ""n21""]",1,1
0,3,SingleCenter,861,"[""n14"", ""n18""]",0,0
0,3,SingleCenter,862,"[""n00"", ""n06""]",0,0
0,3,SingleCenter,863,"[""n03"", ""n04"", ""n06"", ""n10"", ""n18""]",0,0
0,3,SingleCenter,880,"[""n14"", ""n22""]",0,0
0,3,SingleCenter,881,"[""n12"", ""n13""]",0,0
0,3,SingleCenter,882,"[""n03"", ""n08"", ""n12"", ""n15""]",1,0
0,3,SingleCenter,883,"[""n02"", ""n05"", ""n14"", ""n16""]",1,1
0,3,SingleCenter,884,"[""n23""]",1,1
0,3,SingleCenter,885,"[""n02"", ""n04"", ""n14"", ""n16""]",1,0
0,3,SingleCenter,886,"[""n06"", ""n19"", ""n23""]",1,1
0,3,SingleCenter,887,"[""n09""]",0,0
0,3,KMeans,8,"[""n02"", ""n21"", ""n26""]",1,1
0,3,KMeans,9,"[""n00"", ""n07"", ""n12""]",1,1
0,3,KMeans,10,"[""n00"", ""n03"", ""n07"", ""n08"", ""n17"", ""n22""]",1,0
0,3,KMeans,11,"[""n00"", ""n02"", ""n11"", ""n18"", ""n19""]",1,0
0,3,KMeans,12,"[""n07"", ""n09""]",1,0
0,3,KMeans,13,"[""n09"", ""n13"", ""n17"", ""n21"", ""n26""]",1,1
0,3,KMeans,14,"[""n13"", ""n14"", ""n19""]",0,0
0,3,KMeans,15,"[""n07"", ""n09"", ""n12"", ""n13"", ""n17"", ""n18""]",1,0
0,3,KMeans,120,"[""n02"", ""n03""]",1,1
0,3,KMeans,121,"[""n05"", ""n13"", ""n14""]",0,0
0,3,KMeans,122,"[""n04"", ""n08"", ""n15""]",1,1
0,3,KMeans,123,"[""n03"", ""n05"", ""n09"", ""n13"", ""n19""]",1,1
0,3,KMeans,124,"[""n02"", ""n04"", ""n09"", ""n19""]",1,1
0,3,KMeans,125,"[""n14""]",0,0
0,3,KMeans,126,"[""n12""]",1,1
0,3,KMeans,127,"[""n00"", ""n13"", ""n17""]",1,1
0,3,KMeans,168,"[""n11"", ""n13"", ""n16"", ""n23"", ""n26""]",1,0
0,3,KMeans,169,"[""n04"", ""n06"", ""n14"", ""n16"", ""n20""]",1,1
0,3,KMeans,170,"[""n01"", ""n17"", ""n19""]",1,0
0,3,KMeans,171,"[""n04"", ""n08"", ""n10"", ""n13""]",1,0
0,3,KMeans,172,"[""n05"", ""n21""]",0,0
0,3,KMeans,173,"[""n11""]",0,0
0,3,KMeans,174,"[""n20"", ""n21""]",1,0
0,3,KMeans,175,"[""n06"", ""n19""]",0,0
0,3,KMeans,184,"[""n12"", ""n14"", ""n15"", ""n16"", ""n18"", ""n20""]",1,1
0,3,KMeans,185,"[""n07"", ""n10"", ""n16""]",1,0
0,3,KMeans,186,"[""n10"", ""n14""]",0,0
0,3,KMeans,187,"[""n01"", ""n03"", ""n19""]",1,1
0,3,KMeans,188,"[""n01"", ""n12"", ""n15"", ""n16""]",1,1
0,3,KMeans,189,"[""n03"", ""n11"", ""n15""]",1,0
0,3,KMeans,190,"[""n00"", ""n14"", ""n18""]",1,0
0,3,KMeans,191,"[""n01"", ""n02"", ""n03"", ""n05"", ""n07"", ""n09"", ""n17"", ""n18""]",1,1
0,3,KMeans,200,"[""n14"", ""n21"", ""n23"", ""n25""]",0,0
0,3,KMeans,201,"[""n24""]",0,0
0,3,KMeans,202,"[""n00"", ""n12"", ""n22"", ""n24""]",1,1
0,3,KMeans,203,"[""n05"", ""n06"", ""n18""]",0,0
0,3,KMeans,204,"[""n25""]",0,0
0,3,KMeans,205,"[""n02"", ""n06"", ""n23""]",0,0
0,3,KMeans,206,"[""n03"", ""n05"", ""n06"", ""n09"", ""n23""]",1,1
0,3,KMeans,207,"[""n01"", ""n10"", ""n12"", ""n16""]",1,0
0,3,KMeans,224,"[""n09""]",1,0
0,3,KMeans,225,"[""n00"", ""n07"", ""n09"", ""n10"", ""n12""]",1,1
0,3,KMeans,226,"[""n02"", ""n05"", ""n13""]",1,1
0,3,KMeans,227,"[""n02"", ""n13"", ""n18"", ""n19"", ""n20""]",1,1
0,3,KMeans,228,"[""n00"", ""n03""]",1,1
0,3,KMeans,229,"[""n15""]",0,0
0,3,KMeans,230,"[""n02"", ""n19""]",1,0
0,3,KMeans,231,"[""n09"", ""n13""]",1,1
0,3,KMeans,328,"[""n06"", ""n18"", ""n27""]",1,0
0,3,KMeans,329,"[""n12"", ""n13"", ""n15"", ""n16"", ""n28""]",1,1
0,3,KMeans,330,"[""n02"", ""n05"", ""n07"", ""n15"", ""n27""]",1,1
0,3,KMeans,331,"[""n03"", ""n18""]",1,1
0,3,KMeans,332,"[""n02"", ""n04"", ""n09"", ""n10"", ""n19""]",1,1
0,3,KMeans,333,"[""n00"", ""n10"", ""n14"", ""n27""]",1,1
0,3,KMeans,334,"[""n00"", ""n16"", ""n18"", ""n23""]",1,0
0,3,KMeans,335,"[""n01"", ""n09"", ""n10"", ""n13"", ""n18"", ""n27""]",1,1
0,3,KMeans,336,"[""n02"", ""n04"", ""n11"", ""n18"", ""n22"", ""n24""]",1,0
0,3,KMeans,337,"[""n08"", ""n13"", ""n17"", ""n23""]",0,0
0,3,KMeans,338,"[""n00"", ""n03"", ""n20"", ""n21""]",1,0
0,3,KMeans,339,"[""n03"", ""n15"", ""n17""]",0,0
0,3,KMeans,340,"[""n01"", ""n22""]",1,0
0,3,KMeans,341,"[""n01"", ""n02"", ""n03"", ""n10"", ""n11""]",1,1
0,3,KMeans,342,"[""n10"", ""n17""]",0,0
0,3,KMeans,343,"[""n06"", ""n16"", ""n24"", ""n25""]",0,0
0,3,KMeans,408,"[""n00"", ""n06"", ""n18""]",1,0
0,3,KMeans,409,"[""n00"", ""n05"", ""n11"", ""n12"", ""n21"", ""n25""]",1,0
0,3,KMeans,410,"[""n06""]",0,0
0,3,KMeans,411,"[""n02"", ""n21"", ""n25""]",1,0
0,3,KMeans,412,"[""n05"", ""n06"", ""n12"", ""n13"", ""n15"", ""n17"", ""n21""]",0,0
0,3,KMeans,413,"[""n02"", ""n03"", ""n19""]",1,1
0,3,KMeans,414,"[""n01"", ""n03"", ""n06"", ""n21""]",1,1
0,3,KMeans,415,[],0,0
0,3,KMeans,496,"[""n03"", ""n15"", ""n20"", ""n23"", ""n28""]",1,1
0,3,KMeans,497,"[""n07"", ""n08"", ""n24""]",1,1
0,3,KMeans,498,"[""n00"", ""n13"", ""n17"", ""n20"", ""n23""]",1,0
0,3,KMeans,499,"[""n09"", ""n12""]",0,0
0,3,KMeans,500,"[""n05"", ""n08"", ""n09"", ""n15"", ""n23"", ""n24"", ""n27"", ""n29""]",1,1
0,3,KMeans,501,"[""n05"", ""n10"", ""n13"", ""n16"", ""n18"", ""n23"", ""n25"", ""n26""]",1,0
0,3,KMeans,502,"[""n13"", ""n14"", ""n21"", ""n27""]",1,1
0,3,KMeans,503,"[""n10"", ""n17"", ""n24"", ""n26"", ""n29""]",1,1
0,3,KMeans,504,"[""n09"", ""n12""]",1,0
0,3,KMeans,505,"[""n01"", ""n17""]",1,1
0,3,KMeans,506,"[""n02"", ""n08"", ""n09""]",1,1
0,3,KMeans,507,"[""n03"", ""n05"", ""n11""]",1,0
0,3,KMeans,508,"[""n03"", ""n10"", ""n18"", ""n20""]",1,1
0,3,KMeans,509,"[""n22"", ""n23"", ""n24""]",1,0
0,3,KMeans,510,"[""n18""]",1,1
0,3,KMeans,511,"[""n03"", ""n12"", ""n17"", ""n22""]",1,1
0,3,KMeans,544,"[""n01"", ""n09"", ""n12"", ""n24""]",1,0
0,3,KMeans,545,"[""n05"", ""n07"", ""n08"", ""n14"", ""n16"", ""n20"", ""n21"", ""n26""]",1,1
0,3,KMeans,546,"[""n00"", ""n02"", ""n13"", ""n16"", ""n18"", ""n20"", ""n28""]",1,0
0,3,KMeans,547,"[""n19"", ""n24""]",0,0
0,3,KMeans,548,"[""n17""]",1,1
0,3,KMeans,549,"[""n04"", ""n09"", ""n10"", ""n20"", ""n24""]",1,1
0,3,KMeans,550,"[""n27""]",1,1
0,3,KMeans,551,"[""n01"", ""n02"", ""n11"", ""n19"", ""n25"", ""n26"", ""n28""]",1,1
0,3,KMeans,560,"[""n04"", ""n10"", ""n18"", ""n20"", ""n21"", ""n27""]",1,1
0,3,KMeans,561,"[""n18"", ""n29""]",1,1
0,3,KMeans,562,"[""n02"", ""n03"", ""n06"", ""n09"", ""n16"", ""n17"", ""n22""]",0,0
0,3,KMeans,563,"[""n10"", ""n14"", ""n23"", ""n25""]",1,0
0,3,KMeans,564,"[""n01"", ""n06"", ""n13"", ""n14"", ""n16"", ""n20"", ""n24"", ""n28"", ""n29""]",1,0
0,3,KMeans,565,"[""n01"", ""n05"", ""n18"", ""n25""]",1,1
0,3,KMeans,566,"[""n01"", ""n03"", ""n06"", ""n26""]",1,0
0,3,KMeans,567,"[""n18""]",0,0
0,3,KMeans,576,"[""n15"", ""n16"", ""n18"", ""n21"", ""n25""]",1,1
0,3,KMeans,577,"[""n01"", ""n09"", ""n15""]",1,1
0,3,KMeans,578,"[""n01"", ""n04"", ""n06"", ""n09"", ""n17"", ""n18"", ""n20"", ""n23""]",1,1
0,3,KMeans,579,"[""n03"", ""n11"", ""n17"", ""n18""]",1,1
0,3,KMeans,580,"[""n02"", ""n05"", ""n06"", ""n21"", ""n27""]",0,0
0,3,KMeans,581,"[""n01"", ""n27""]",1,0
0,3,KMeans,582,"[""n01"", ""n02"", ""n03"", ""n04"", ""n17"", ""n22"", ""n26""]",1,0
0,3,KMeans,583,"[""n03"", ""n09"", ""n19"", ""n22""]",1,1
0,3,KMeans,616,"[""n02"", ""n17""]",1,1
0,3,KMeans,617,"[""n01"", ""n05"", ""n08"", ""n09"", ""n10"", ""n14""]",1,1
0,3,KMeans,618,"[""n06"", ""n10"", ""n17"", ""n20"", ""n27""]",1,1
0,3,KMeans,619,"[""n04"", ""n14"", ""n16"", ""n22"", ""n26"", ""n27""]",1,1
0,3,KMeans,620,"[""n06"", ""n10"", ""n16"", ""n18"", ""n23"", ""n25""]",0,0
0,3,KMeans,621,"[""n08"", ""n10"", ""n14"", ""n20""]",1,1
0,3,KMeans,622,"[""n05"", ""n07"", ""n09"", ""n18"", ""n20""]",0,0
0,3,KMeans,623,"[""n13"", ""n14""]",1,0
0,3,KMeans,632,"[""n00"", ""n16"", ""n17"", ""n20""]",1,0
0,3,KMeans,633,"[""n08""]",0,0
0,3,KMeans,634,"[""n05"", ""n10""]",1,0
0,3,KMeans,635,"[""n15"", ""n19"", ""n23""]",1,0
0,3,KMeans,636,"[""n10"", ""n15"", ""n17"", ""n23"", ""n24""]",1,0
0,3,KMeans,637,"[""n03"", ""n09"", ""n12"", ""n24""]",1,0
0,3,KMeans,638,"[""n00"", ""n08"", ""n13"", ""n22""]",1,1
0,3,KMeans,639,"[""n10""]",0,0
0,3,KMeans,656,"[""n05"", ""n06"", ""n13""]",0,0
0,3,KMeans,657,"[""n02"", ""n09""]",1,0
0,3,KMeans,658,"[""n10"", ""n13"", ""n15"", ""n19"", ""n21""]",0,0
0,3,KMeans,659,"[""n01"", ""n04"", ""n11"", ""n12"", ""n13"", ""n18"", ""n21"", ""n22""]",1,1
0,3,KMeans,660,"[""n02"", ""n04"", ""n05"", ""n07"", ""n22""]",1,1
0,3,KMeans,661,"[""n00"", ""n05"", ""n10"", ""n16"", ""n20""]",0,0
0,3,KMeans,662,"[""n21""]",0,0
0,3,KMeans,663,"[""n16"", ""n19""]",0,0
0,3,KMeans,728,"[""n00"", ""n19"", ""n20""]",1,1
0,3,KMeans,729,"[""n02"", ""n08"", ""n11""]",0,0
0,3,KMeans,730,"[""n07"", ""n09""]",1,1
0,3,KMeans,731,"[""n00"", ""n01"", ""n05"", ""n13""]",1,1
0,3,KMeans,732,"[""n01"", ""n03"", ""n11"", ""n12"", ""n16"", ""n17""]",1,0
0,3,KMeans,733,"[""n02"", ""n05"", ""n14"", ""n15"", ""n16"", ""n21""]",1,1
0,3,KMeans,734,"[""n08"", ""n13"", ""n18""]",0,0
0,3,KMeans,735,"[""n08"", ""n21""]",1,1
0,3,KMeans,736,"[""n06"", ""n21""]",1,0
0,3,KMeans,737,"[""n02""]",0,0
0,3,KMeans,738,"[""n10"", ""n14""]",0,0
0,3,KMeans,739,"[""n06"", ""n20""]",0,0
0,3,KMeans,740,"[""n00"", ""n02"", ""n05"", ""n06"", ""n10"", ""n17""]",0,0
0,3,KMeans,741,"[""n00"", ""n05"", ""n20""]",0,0
0,3,KMeans,742,"[""n04"", ""n16""]",0,0
0,3,KMeans,743,"[""n08"", ""n10""]",0,0
0,3,KMeans,768,"[""n01"", ""n03"", ""n06"", ""n09"", ""n11"", ""n12"", ""n19""]",1,1
0,3,KMeans,769,"[""n04""]",1,0
0,3,KMeans,770,"[""n06"", ""n15"", ""n19""]",1,1
0,3,KMeans,771,"[""n00"", ""n01""]",1,0
0,3,KMeans,772,"[""n13"", ""n17""]",1,1
0,3,KMeans,773,"[""n08"", ""n14""]",1,1
0,3,KMeans,774,"[""n09"", ""n11"", ""n14""]",0,0
0,3,KMeans,775,"[""n04"", ""n09"", ""n19"", ""n20""]",1,0
0,3,KMeans,784,"[""n09""]",0,0
0,3,KMeans,785,"[""n10""]",0,0
0,3,KMeans,786,[],0,0
0,3,KMeans,787,"[""n03"", ""n04"", ""n07"", ""n18""]",0,0
0,3,KMeans,788,"[""n01"", ""n07"", ""n14"", ""n16"", ""n22""]",1,1
0,3,KMeans,789,"[""n10"", ""n13"", ""n14"", ""n16"", ""n17"", ""n20""]",0,0
0,3,KMeans,790,"[""n01"", ""n05"", ""n20""]",1,1
0,3,KMeans,791,"[""n03"", ""n07"", ""n10"", ""n14"", ""n18"", ""n20"", ""n21""]",0,0
0,3,KMeans,816,"[""n10"", ""n24"", ""n27""]",1,1
0,3,KMeans,817,"[""n05"", ""n08"", ""n10"", ""n12"", ""n20"", ""n27""]",1,0
0,3,KMeans,818,"[""n01"", ""n09"", ""n12""]",0,0
0,3,KMeans,819,"[""n06"", ""n20"", ""n27""]",1,0
0,3,KMeans,820,"[""n04"", ""n13"", ""n22"", ""n27""]",1,1
0,3,KMeans,821,"[""n04"", ""n07"", ""n15"", ""n18"", ""n27""]",1,1
0,3,KMeans,822,"[""n00"", ""n07"", ""n10"", ""n15"", ""n16"", ""n21"", ""n25"", ""n26""]",0,0
0,3,KMeans,823,"[""n01"", ""n03"", ""n10"", ""n12"", ""n23"", ""n24"", ""n25"", ""n26"", ""n27""]",1,1
0,3,KMeans,856,"[""n07"", ""n10"", ""n17"", ""n21"", ""n23""]",0,0
0,3,KMeans,857,"[""n07"", ""n08"", ""n09"", ""n11"", ""n14"", ""n15""]",0,0
0,3,KMeans,858,"[""n13"", ""n23""]",0,0
0,3,KMeans,859,"[""n00"", ""n05"", ""n26""]",1,1
0,3,KMeans,860,"[""n01"", ""n05"", ""n06"", ""n08"", ""n16"", ""n21""]",1,1
0,3,KMeans,861,"[""n14"", ""n18"", ""n24""]",0,0
0,3,KMeans,862,"[""n00"", ""n06""]",0,0
0,3,KMeans,863,"[""n09"", ""n10""]",0,0
0,3,KMeans,880,"[""n14"", ""n22""]",0,0
0,3,KMeans,881,"[""n12"", ""n13""]",0,0
0,3,KMeans,882,"[""n03"", ""n08"", ""n12"", ""n14"", ""n19""]",1,0
0,3,KMeans,883,"[""n02"", ""n05"", ""n14"", ""n16"", ""n19""]",1,1
0,3,KMeans,884,"[""n04"", ""n12"", ""n23""]",1,1
0,3,KMeans,885,"[""n12"", ""n14"", ""n16""]",0,0
0,3,KMeans,886,"[""n06"", ""n19"", ""n23""]",1,1
0,3,KMeans,887,"[""n09""]",0,0
0,4,FixedThreshold,24,[],0,0
0,4,FixedThreshold,25,[],0,0
0,4,FixedThreshold,26,"[""n03"", ""n06"", ""n16"", ""n21""]",1,1
0,4,FixedThreshold,27,[],0,1
0,4,FixedThreshold,28,[],0,1
0,4,FixedThreshold,29,"[""n00"", ""n19""]",1,1
0,4,FixedThreshold,30,"[""n05"", ""n18""]",1,1
0,4,FixedThreshold,31,"[""n17""]",0,0
0,4,FixedThreshold,32,[],0,1
0,4,FixedThreshold,33,[],0,1
0,4,FixedThreshold,34,"[""n02"", ""n23""]",1,1
0,4,FixedThreshold,35,"[""n27"", ""n29""]",1,1
0,4,FixedThreshold,36,[],0,0
0,4,FixedThreshold,37,[],0,0
0,4,FixedThreshold,38,[],0,1
0,4,FixedThreshold,39,[],0,1
0,4,FixedThreshold,48,[],0,0
0,4,FixedThreshold,49,[],0,0
0,4,FixedThreshold,50,"[""n09""]",0,0
0,4,FixedThreshold,51,[],0,0
0,4,FixedThreshold,52,"[""n13"", ""n15""]",0,0
0,4,FixedThreshold,53,[],0,0
0,4,FixedThreshold,54,[],0,0
0,4,FixedThreshold,55,"[""n02"", ""n05""]",1,1
0,4,FixedThreshold,104,[],0,1
0,4,FixedThreshold,105,"[""n08""]",0,0
0,4,FixedThreshold,106,[],0,1
0,4,FixedThreshold,107,[],0,1
0,4,FixedThreshold,108,[],0,1
0,4,FixedThreshold,109,[],0,1
0,4,FixedThreshold,110,[],0,1
0,4,FixedThreshold,111,"[""n12""]",0,0
0,4,FixedThreshold,128,[],0,1
0,4,FixedThreshold,129,"[""n08"", ""n09"", ""n22""]",1,1
0,4,FixedThreshold,130,[],0,0
0,4,FixedThreshold,131,[],0,1
0,4,FixedThreshold,132,[],0,0
0,4,FixedThreshold,133,[],0,1
0,4,FixedThreshold,134,[],0,0
0,4,FixedThreshold,135,[],0,1
0,4,FixedThreshold,208,"[""n28""]",1,1
0,4,FixedThreshold,209,[],0,0
0,4,FixedThreshold,210,"[""n08"", ""n25""]",1,1
0,4,FixedThreshold,211,[],0,0
0,4,FixedThreshold,212,[],0,0
0,4,FixedThreshold,213,[],0,1
0,4,FixedThreshold,214,[],0,0
0,4,FixedThreshold,215,[],0,0
0,4,FixedThreshold,216,"[""n07""]",1,1
0,4,FixedThreshold,217,"[""n00""]",1,1
0,4,FixedThreshold,218,[],0,0
0,4,FixedThreshold,219,"[""n18""]",0,0
0,4,FixedThreshold,220,[],0,0
0,4,FixedThreshold,221,[],0,1
0,4,FixedThreshold,222,[],0,1
0,4,FixedThreshold,223,[],0,1
0,4,FixedThreshold,232,[],0,1
0,4,FixedThreshold,233,[],0,0
0,4,FixedThreshold,234,"[""n16"", ""n24""]",1,1
0,4,FixedThreshold,235,[],0,1
0,4,FixedThreshold,236,"[""n05"", ""n08"", ""n10""]",1,1
0,4,FixedThreshold,237,[],0,0
0,4,FixedThreshold,238,"[""n07"", ""n14""]",1,1
0,4,FixedThreshold,239,"[""n00"", ""n05"", ""n14""]",1,1
0,4,FixedThreshold,312,"[""n11"", ""n13"", ""n18""]",0,0
0,4,FixedThreshold,313,"[""n14"", ""n18"", ""n19""]",0,0
0,4,FixedThreshold,314,[],0,1
0,4,FixedThreshold,315,[],0,0
0,4,FixedThreshold,316,"[""n01""]",1,1
0,4,FixedThreshold,317,[],0,0
0,4,FixedThreshold,318,[],0,0
0,4,FixedThreshold,319,[],0,0
0,4,FixedThreshold,448,"[""n23""]",1,1
0,4,FixedThreshold,449,[],0,1
0,4,FixedThreshold,450,[],0,0
0,4,FixedThreshold,451,[],0,1
0,4,FixedThreshold,452,[],0,0
0,4,FixedThreshold,453,[],0,1
0,4,FixedThreshold,454,"[""n00""]",1,1
0,4,FixedThreshold,455,"[""n09"", ""n18"", ""n19""]",0,0
0,4,FixedThreshold,488,[],0,0
0,4,FixedThreshold,489,[],0,0
0,4,FixedThreshold,490,[],0,0
0,4,FixedThreshold,491,"[""n03"", ""n07"", ""n08""]",1,1
0,4,FixedThreshold,492,[],0,0
0,4,FixedThreshold,493,"[""n00""]",1,1
0,4,FixedThreshold,494,[],0,0
0,4,FixedThreshold,495,"[""n09"", ""n19""]",0,0
0,4,FixedThreshold,600,"[""n10"", ""n27""]",1,1
0,4,FixedThreshold,601,[],0,0
0,4,FixedThreshold,602,[],0,0
0,4,FixedThreshold,603,[],0,1
0,4,FixedThreshold,604,[],0,1
0,4,FixedThreshold,605,"[""n01"", ""n22""]",0,0
0,4,FixedThreshold,606,[],0,0
0,4,FixedThreshold,607,[],0,1
0,4,FixedThreshold,664,[],0,0
0,4,FixedThreshold,665,[],0,0
0,4,FixedThreshold,666,"[""n06""]",0,1
0,4,FixedThreshold,667,[],0,0
0,4,FixedThreshold,668,"[""n10"", ""n12""]",0,0
0,4,FixedThreshold,669,[],0,0
0,4,FixedThreshold,670,"[""n14"", ""n22""]",0,0
0,4,FixedThreshold,671,"[""n07""]",1,1
0,4,FixedThreshold,672,[],0,1
0,4,FixedThreshold,673,[],0,1
0,4,FixedThreshold,674,[],0,0
0,4,FixedThreshold,675,[],0,1
0,4,FixedThreshold,676,"[""n14"", ""n26""]",0,0
0,4,FixedThreshold,677,[],0,0
0,4,FixedThreshold,678,"[""n01"", ""n12""]",1,1
0,4,FixedThreshold,679,"[""n16""]",0,0
0,4,FixedThreshold,696,[],0,1
0,4,FixedThreshold,697,[],0,1
0,4,FixedThreshold,698,[],0,0
0,4,FixedThreshold,699,[],0,0
0,4,FixedThreshold,700,[],0,0
0,4,FixedThreshold,701,[],0,0
0,4,FixedThreshold,702,"[""n10""]",0,0
0,4,FixedThreshold,703,[],0,0
0,4,FixedThreshold,704,[],0,0
0,4,FixedThreshold,705,"[""n02"", ""n08"", ""n10"", ""n15""]",0,0
0,4,FixedThreshold,706,[],0,0
0,4,FixedThreshold,707,[],0,0
0,4,FixedThreshold,708,[],0,0
0,4,FixedThreshold,709,[],0,1
0,4,FixedThreshold,710,[],0,1
0,4,FixedThreshold,711,[],0,0
0,4,FixedThreshold,760,[],0,0
0,4,FixedThreshold,761,"[""n07""]",1,1
0,4,FixedThreshold,762,[],0,1
0,4,FixedThreshold,763,"[""n09"", ""n13"", ""n20"", ""n23""]",0,0
0,4,FixedThreshold,764,"[""n08""]",0,0
0,4,FixedThreshold,765,[],0,0
0,4,FixedThreshold,766,[],0,1
0,4,FixedThreshold,767,[],0,0
0,4,FixedThreshold,792,"[""n09""]",1,1
0,4,FixedThreshold,793,[],0,1
0,4,FixedThreshold,794,"[""n22""]",0,0
0,4,FixedThreshold,795,[],0,0
0,4,FixedThreshold,796,"[""n00"", ""n06"", ""n12"", ""n15""]",1,1
0,4,FixedThreshold,797,"[""n04""]",1,1
0,4,FixedThreshold,798,[],0,0
0,4,FixedThreshold,799,[],0,1
0,4,FixedThreshold,808,[],0,0
0,4,FixedThreshold,809,[],0,1
0,4,FixedThreshold,810,"[""n03"", ""n21""]",0,0
0,4,FixedThreshold,811,"[""n02"", ""n03""]",1,1
0,4,FixedThreshold,812,[],0,0
0,4,FixedThreshold,813,"[""n00"", ""n11""]",1,1
0,4,FixedThreshold,814,[],0,1
0,4,FixedThreshold,815,[],0,0
0,4,FixedThreshold,848,[],0,0
0,4,FixedThreshold,849,"[""n21"", ""n26""]",0,0
0,4,FixedThreshold,850,[],0,0
0,4,FixedThreshold,851,[],0,1
0,4,FixedThreshold,852,[],0,0
0,4,FixedThreshold,853,"[""n12"", ""n24"", ""n28""]",1,1
0,4,FixedThreshold,854,[],0,0
0,4,FixedThreshold,855,[],0,1
0,4,FixedThreshold,872,[],0,0
0,4,FixedThreshold,873,[],0,0
0,4,FixedThreshold,874,[],0,0
0,4,FixedThreshold,875,[],0,0
0,4,FixedThreshold,876,"[""n21""]",0,0
0,4,FixedThreshold,877,[],0,0
0,4,FixedThreshold,878,[],0,0
0,4,FixedThreshold,879,"[""n07"", ""n22""]",0,0
0,4,FixedThreshold,888,[],0,1
0,4,FixedThreshold,889,[],0,1
0,4,FixedThreshold,890,[],0,0
0,4,FixedThreshold,891,"[""n00"", ""n05"", ""n15"", ""n18""]",0,0
0,4,FixedThreshold,892,[],0,0
0,4,FixedThreshold,893,"[""n22"", ""n25""]",0,0
0,4,FixedThreshold,894,"[""n00"", ""n11"", ""n24""]",0,0
0,4,FixedThreshold,895,"[""n18""]",0,0
0,4,FixedThreshold,936,[],0,1
0,4,FixedThreshold,937,"[""n12"", ""n13""]",0,0
0,4,FixedThreshold,938,[],0,0
0,4,FixedThreshold,939,[],0,0
0,4,FixedThreshold,940,"[""n05"", ""n19""]",0,0
0,4,FixedThreshold,941,"[""n00""]",1,1
0,4,FixedThreshold,942,"[""n05""]",0,0
0,4,FixedThreshold,943,[],0,1
0,4,FixedThreshold,952,[],0,1
0,4,FixedThreshold,953,[],0,1
0,4,FixedThreshold,954,[],0,0
0,4,FixedThreshold,955,"[""n05"", ""n07"", ""n21""]",0,0
0,4,FixedThreshold,956,[],0,0
0,4,FixedThreshold,957,[],0,1
0,4,FixedThreshold,958,"[""n14"", ""n23""]",1,0
0,4,FixedThreshold,959,"[""n10"", ""n15"", ""n20""]",0,0
0,4,SingleCenter,24,[],0,0
0,4,SingleCenter,25,"[""n18"", ""n20""]",0,0
0,4,SingleCenter,26,"[""n01"", ""n03"", ""n06"", ""n16"", ""n21""]",1,1
0,4,SingleCenter,27,"[""n01"", ""n03"", ""n16"", ""n17"", ""n19""]",1,1
0,4,SingleCenter,28,"[""n01"", ""n20"", ""n21""]",1,1
0,4,SingleCenter,29,"[""n00"", ""n07"", ""n12"", ""n19""]",1,1
0,4,SingleCenter,30,"[""n05"", ""n10"", ""n18"", ""n20""]",1,1
0,4,SingleCenter,31,"[""n04"", ""n13"", ""n17""]",0,0
0,4,SingleCenter,32,"[""n01"", ""n05"", ""n19"", ""n20""]",1,1
0,4,SingleCenter,33,"[""n10""]",1,1
0,4,SingleCenter,34,"[""n02"", ""n22"", ""n23"", ""n24""]",1,1
0,4,SingleCenter,35,"[""n00"", ""n16"", ""n27"", ""n29""]",1,1
0,4,SingleCenter,36,"[""n00"", ""n05"", ""n12"", ""n18"", ""n27""]",1,0
0,4,SingleCenter,37,"[""n26"", ""n28""]",0,0
0,4,SingleCenter,38,"[""n09"", ""n10"", ""n12"", ""n14"", ""n20""]",1,1
0,4,SingleCenter,39,"[""n18""]",1,1
0,4,SingleCenter,48,"[""n04"", ""n09""]",0,0
0,4,SingleCenter,49,"[""n14""]",0,0
0,4,SingleCenter,50,"[""n01"", ""n03"", ""n09"", ""n10"", ""n16""]",1,0
0,4,SingleCenter,51,"[""n00"", ""n03"", ""n05"", ""n10"", ""n18""]",0,0
0,4,SingleCenter,52,"[""n00"", ""n07"", ""n12"", ""n13"", ""n15""]",0,0
0,4,SingleCenter,53,"[""n03"", ""n11"", ""n15""]",0,0
0,4,SingleCenter,54,[],0,0
0,4,SingleCenter,55,"[""n02"", ""n05""]",1,1
0,4,SingleCenter,104,"[""n23""]",1,1
0,4,SingleCenter,105,"[""n08""]",0,0
0,4,SingleCenter,106,"[""n00"", ""n02"", ""n10"", ""n15""]",1,1
0,4,SingleCenter,107,"[""n01""]",1,1
0,4,SingleCenter,108,"[""n00"", ""n01"", ""n03"", ""n08"", ""n13"", ""n20"", ""n22""]",1,1
0,4,SingleCenter,109,"[""n11"", ""n15""]",1,1
0,4,SingleCenter,110,"[""n09"", ""n10"", ""n14"", ""n15"", ""n16""]",1,1
0,4,SingleCenter,111,"[""n12""]",0,0
0,4,SingleCenter,128,"[""n03"", ""n13""]",1,1
0,4,SingleCenter,129,"[""n08"", ""n09"", ""n18"", ""n22""]",1,1
0,4,SingleCenter,130,"[""n04""]",0,0
0,4,SingleCenter,131,"[""n03"", ""n09"", ""n10"", ""n26""]",1,1
0,4,SingleCenter,132,"[""n02""]",0,0
0,4,SingleCenter,133,"[""n08""]",1,1
0,4,SingleCenter,134,[],0,0
0,4,SingleCenter,135,"[""n03"", ""n18"", ""n26""]",1,1
0,4,SingleCenter,208,"[""n02"", ""n04"", ""n18"", ""n28""]",1,1
0,4,SingleCenter,209,"[""n25""]",0,0
0,4,SingleCenter,210,"[""n05"", ""n08"", ""n09"", ""n25"", ""n27""]",1,1
0,4,SingleCenter,211,"[""n06"", ""n11"", ""n16"", ""n27""]",0,0
0,4,SingleCenter,212,"[""n11"", ""n18"", ""n19"", ""n26""]",0,0
0,4,SingleCenter,213,"[""n00"", ""n02"", ""n11"", ""n19"", ""n20"", ""n25""]",1,1
0,4,SingleCenter,214,"[""n02"", ""n06"", ""n09"", ""n15"", ""n16"", ""n27""]",0,0
0,4,SingleCenter,215,"[""n14"", ""n21"", ""n25"", ""n26"", ""n28""]",1,0
0,4,SingleCenter,216,"[""n07"", ""n08""]",1,1
0,4,SingleCenter,217,"[""n00"", ""n16""]",1,1
0,4,SingleCenter,218,"[""n06"", ""n08"", ""n21""]",0,0
0,4,SingleCenter,219,"[""n00"", ""n02"", ""n05"", ""n08"", ""n12"", ""n18"", ""n19"", ""n22""]",1,0
0,4,SingleCenter,220,[],0,0
0,4,SingleCenter,221,"[""n02"", ""n07"", ""n15""]",1,1
0,4,SingleCenter,222,"[""n20"", ""n24""]",1,1
0,4,SingleCenter,223,"[""n00"", ""n05"", ""n09"", ""n20""]",1,1
0,4,SingleCenter,232,"[""n02"", ""n09"", ""n10"", ""n12"", ""n17"", ""n24""]",1,1
0,4,SingleCenter,233,"[""n16""]",1,0
0,4,SingleCenter,234,"[""n05"", ""n08"", ""n16"", ""n19"", ""n24""]",1,1
0,4,SingleCenter,235,"[""n03"", ""n06"", ""n12""]",1,1
0,4,SingleCenter,236,"[""n00"", ""n01"", ""n05"", ""n08"", ""n10"", ""n11"", ""n16""]",1,1
0,4,SingleCenter,237,"[""n00"", ""n10"", ""n13""]",1,0
0,4,SingleCenter,238,"[""n03"", ""n07"", ""n14"", ""n21""]",1,1
0,4,SingleCenter,239,"[""n00"", ""n03"", ""n04"", ""n05"", ""n12"", ""n14"", ""n18""]",1,1
0,4,SingleCenter,312,"[""n05"", ""n11"", ""n13"", ""n16"", ""n17"", ""n18"", ""n24"", ""n25"", ""n26""]",0,0
0,4,SingleCenter,313,"[""n02"", ""n03"", ""n14"", ""n18"", ""n19"", ""n22"", ""n27""]",0,0
0,4,SingleCenter,314,"[""n04"", ""n07"", ""n13"", ""n27""]",1,1
0,4,SingleCenter,315,"[""n07"", ""n08"", ""n10"", ""n21"", ""n22"", ""n24""]",0,0
0,4,SingleCenter,316,"[""n00"", ""n01"", ""n05"", ""n06"", ""n13"", ""n17""]",1,1
0,4,SingleCenter,317,"[""n13"", ""n23""]",0,0
0,4,SingleCenter,318,"[""n09"", ""n24""]",0,0
0,4,SingleCenter,319,"[""n02"", ""n19"", ""n20"", ""n23"", ""n25""]",0,0
0,4,SingleCenter,448,"[""n06"", ""n16"", ""n17"", ""n23""]",1,1
0,4,SingleCenter,449,"[""n00"", ""n03"", ""n10""]",1,1
0,4,SingleCenter,450,"[""n01"", ""n09"", ""n12"", ""n18"", ""n25""]",1,0
0,4,SingleCenter,451,"[""n08"", ""n10""]",1,1
0,4,SingleCenter,452,"[""n13"", ""n16"", ""n20""]",0,0
0,4,SingleCenter,453,"[""n00"", ""n10""]",1,1
0,4,SingleCenter,454,"[""n00"", ""n19""]",1,1
0,4,SingleCenter,455,"[""n07"", ""n09"", ""n16"", ""n18"", ""n19"", ""n23""]",1,0
0,4,SingleCenter,488,"[""n10""]",0,0
0,4,SingleCenter,489,"[""n07"", ""n11"", ""n13"", ""n16""]",0,0
0,4,SingleCenter,490,"[""n03"", ""n08"", ""n15"", ""n17""]",1,0
0,4,SingleCenter,491,"[""n03"", ""n07"", ""n08""]",1,1
0,4,SingleCenter,492,"[""n01"", ""n10""]",0,0
0,4,SingleCenter,493,"[""n00"", ""n02"", ""n07""]",1,1
0,4,SingleCenter,494,"[""n07"", ""n09""]",0,0
0,4,SingleCenter,495,"[""n09"", ""n16"", ""n19"", ""n21""]",0,0
0,4,SingleCenter,600,"[""n10"", ""n17"", ""n22"", ""n27""]",1,1
0,4,SingleCenter,601,"[""n15"", ""n18"", ""n20""]",0,0
0,4,SingleCenter,602,"[""n03"", ""n06"", ""n12"", ""n14""]",0,0
0,4,SingleCenter,603,"[""n01"", ""n02"", ""n05"", ""n15"", ""n20"", ""n22"", ""n27""]",1,1
0,4,SingleCenter,604,"[""n02"", ""n03"", ""n09"", ""n23"", ""n26""]",1,1
0,4,SingleCenter,605,"[""n01"", ""n11"", ""n18"", ""n22""]",0,0
0,4,SingleCenter,606,"[""n02"", ""n08"", ""n16""]",1,0
0,4,SingleCenter,607,"[""n09"", ""n20"", ""n27""]",1,1
0,4,SingleCenter,664,"[""n05"", ""n18""]",1,0
0,4,SingleCenter,665,"[""n01"", ""n09"", ""n21"", ""n23""]",1,0
0,4,SingleCenter,666,"[""n00"", ""n03"", ""n06"", ""n11"", ""n12""]",1,1
0,4,SingleCenter,667,"[""n06"", ""n08"", ""n15"", ""n16"", ""n21""]",1,0
0,4,SingleCenter,668,"[""n10"", ""n12"", ""n17""]",0,0
0,4,SingleCenter,669,"[""n02"", ""n03"", ""n15"", ""n28""]",1,0
0,4,SingleCenter,670,"[""n07"", ""n09"", ""n12"", ""n14"", ""n22"", ""n25""]",1,0
0,4,SingleCenter,671,"[""n01"", ""n07"", ""n10"", ""n23""]",1,1
0,4,SingleCenter,672,"[""n00"", ""n09"", ""n10"", ""n16"", ""n17"", ""n21""]",1,1
0,4,SingleCenter,673,"[""n07"", ""n18"", ""n19"", ""n27""]",1,1
0,4,SingleCenter,674,"[""n18"", ""n24""]",0,0
0,4,SingleCenter,675,"[""n00"", ""n19"", ""n20"", ""n21"", ""n26""]",1,1
0,4,SingleCenter,676,"[""n01"", ""n14"", ""n22"", ""n26""]",1,0
0,4,SingleCenter,677,"[""n13"", ""n18"", ""n22"", ""n26""]",0,0
0,4,SingleCenter,678,"[""n01"", ""n12"", ""n15"", ""n20""]",1,1
0,4,SingleCenter,679,"[""n04"", ""n16"", ""n20""]",0,0
0,4,SingleCenter,696,"[""n01"", ""n23""]",1,1
0,4,SingleCenter,697,"[""n16""]",1,1
0,4,SingleCenter,698,"[""n18""]",0,0
0,4,SingleCenter,699,"[""n02"", ""n11"", ""n21""]",0,0
0,4,SingleCenter,700,"[""n03"", ""n09"", ""n10"", ""n18"", ""n19""]",0,0
0,4,SingleCenter,701,"[""n03"", ""n08"", ""n11"", ""n12"", ""n20"", ""n23""]",1,0
0,4,SingleCenter,702,"[""n00"", ""n02"", ""n04"", ""n09"", ""n10"", ""n13"", ""n15"", ""n17"", ""n20""]",1,0
0,4,SingleCenter,703,"[""n06"", ""n09"", ""n14"", ""n18""]",0,0
0,4,SingleCenter,704,"[""n03"", ""n11"", ""n15""]",0,0
0,4,SingleCenter,705,"[""n02"", ""n08"", ""n10"", ""n15""]",0,0
0,4,SingleCenter,706,"[""n07""]",0,0
0,4,SingleCenter,707,[],0,0
0,4,SingleCenter,708,"[""n00"", ""n09"", ""n10""]",1,0
0,4,SingleCenter,709,"[""n05"", ""n19""]",1,1
0,4,SingleCenter,710,"[""n01"", ""n05""]",1,1
0,4,SingleCenter,711,"[""n03"", ""n13""]",0,0
0,4,SingleCenter,760,"[""n00"", ""n18"", ""n21""]",1,0
0,4,SingleCenter,761,"[""n07"", ""n08"", ""n09"", ""n16"", ""n25""]",1,1
0,4,SingleCenter,762,"[""n00"", ""n03"", ""n12"", ""n25""]",1,1
0,4,SingleCenter,763,"[""n09"", ""n12"", ""n13"", ""n15"", ""n20"", ""n21"", ""n23"", ""n24""]",1,0
0,4,SingleCenter,764,"[""n08"", ""n21""]",0,0
0,4,SingleCenter,765,"[""n08"", ""n24""]",0,0
0,4,SingleCenter,766,"[""n02"", ""n04"", ""n05"", ""n14"", ""n23""]",1,1
0,4,SingleCenter,767,"[""n22""]",0,0
0,4,SingleCenter,792,"[""n09"", ""n23""]",1,1
0,4,SingleCenter,793,"[""n05"", ""n06"", ""n07"", ""n15"", ""n21""]",1,1
0,4,SingleCenter,794,"[""n13"", ""n22""]",0,0
0,4,SingleCenter,795,"[""n06"", ""n14"", ""n23""]",1,0
0,4,SingleCenter,796,"[""n00"", ""n06"", ""n12"", ""n15""]",1,1
0,4,SingleCenter,797,"[""n04"", ""n09"", ""n17"", ""n21""]",1,1
0,4,SingleCenter,798,"[""n21""]",0,0
0,4,SingleCenter,799,"[""n01"", ""n13"", ""n16"", ""n21""]",1,1
0,4,SingleCenter,808,"[""n05"", ""n06""]",0,0
0,4,SingleCenter,809,"[""n00"", ""n08"", ""n11"", ""n19"", ""n22""]",1,1
0,4,SingleCenter,810,"[""n03"", ""n04"", ""n09"", ""n10"", ""n21"", ""n22"", ""n24""]",1,0
0,4,SingleCenter,811,"[""n02"", ""n03""]",1,1
0,4,SingleCenter,812,"[""n07"", ""n14"", ""n15"", ""n16"", ""n22""]",1,0
0,4,SingleCenter,813,"[""n00"", ""n07"", ""n09"", ""n11"", ""n17""]",1,1
0,4,SingleCenter,814,"[""n02"", ""n03"", ""n13"", ""n14""]",1,1
0,4,SingleCenter,815,[],0,0
0,4,SingleCenter,848,"[""n08"", ""n28""]",1,0
0,4,SingleCenter,849,"[""n12"", ""n21"", ""n22"", ""n26""]",0,0
0,4,SingleCenter,850,"[""n03"", ""n05"", ""n16"", ""n21"", ""n24"", ""n27""]",0,0
0,4,SingleCenter,851,"[""n07"", ""n09"", ""n10"", ""n11"", ""n28""]",1,1
0,4,SingleCenter,852,"[""n07"", ""n10"", ""n12"", ""n26"", ""n28""]",1,0
0,4,SingleCenter,853,"[""n13"", ""n24"", ""n26"", ""n28""]",1,1
0,4,SingleCenter,854,"[""n07"", ""n10"", ""n12"", ""n21""]",0,0
0,4,SingleCenter,855,"[""n09"", ""n12"", ""n19"", ""n21""]",1,1
0,4,SingleCenter,872,"[""n01""]",0,0
0,4,SingleCenter,873,"[""n05"", ""n08"", ""n12"", ""n15"", ""n21""]",0,0
0,4,SingleCenter,874,"[""n12""]",0,0
0,4,SingleCenter,875,"[""n06"", ""n21""]",0,0
0,4,SingleCenter,876,"[""n04"", ""n21""]",0,0
0,4,SingleCenter,877,"[""n05"", ""n11"", ""n25""]",0,0
0,4,SingleCenter,878,"[""n02""]",1,0
0,4,SingleCenter,879,"[""n07"", ""n18"", ""n22"", ""n25""]",0,0
0,4,SingleCenter,888,"[""n08"", ""n24"", ""n27""]",1,1
0,4,SingleCenter,889,"[""n01"", ""n04"", ""n05"", ""n08"", ""n17"", ""n23"", ""n24"", ""n26""]",1,1
0,4,SingleCenter,890,"[""n00"", ""n14"", ""n20"", ""n21""]",0,0
0,4,SingleCenter,891,"[""n00"", ""n12"", ""n15"", ""n18""]",0,0
0,4,SingleCenter,892,"[""n14"", ""n15"", ""n22"", ""n24""]",0,0
0,4,SingleCenter,893,"[""n13"", ""n18"", ""n22"", ""n24"", ""n25""]",0,0
0,4,SingleCenter,894,"[""n00"", ""n03"", ""n11"", ""n12"", ""n20"", ""n24"", ""n27""]",1,0
0,4,SingleCenter,895,"[""n14"", ""n17"", ""n18""]",0,0
0,4,SingleCenter,936,"[""n06"", ""n07"", ""n08"", ""n11"", ""n13"", ""n18"", ""n19""]",1,1
0,4,SingleCenter,937,"[""n02"", ""n12"", ""n13""]",0,0
0,4,SingleCenter,938,"[""n11"", ""n16""]",1,0
0,4,SingleCenter,939,"[""n05"", ""n14"", ""n16"", ""n20""]",1,0
0,4,SingleCenter,940,"[""n05"", ""n09"", ""n10"", ""n19""]",1,0
0,4,SingleCenter,941,"[""n00"", ""n02"", ""n03""]",1,1
0,4,SingleCenter,942,"[""n05""]",0,0
0,4,SingleCenter,943,"[""n10"", ""n16""]",1,1
0,4,SingleCenter,952,"[""n04"", ""n12""]",1,1
0,4,SingleCenter,953,"[""n07"", ""n18""]",1,1
0,4,SingleCenter,954,"[""n04"", ""n20"", ""n24""]",1,0
0,4,SingleCenter,955,"[""n05"", ""n07"", ""n11"", ""n21"", ""n24""]",0,0
0,4,SingleCenter,956,"[""n04"", ""n17""]",1,0
0,4,SingleCenter,957,"[""n12"", ""n19"", ""n21"", ""n23""]",1,1
0,4,SingleCenter,958,"[""n04"", ""n19"", ""n23""]",1,0
0,4,SingleCenter,959,"[""n02"", ""n10"", ""n15"", ""n20"", ""n24""]",0,0
0,4,KMeans,24,"[""n18""]",0,0
0,4,KMeans,25,"[""n18"", ""n20""]",0,0
0,4,KMeans,26,"[""n01"", ""n03"", ""n06"", ""n13"", ""n16"", ""n21""]",1,1
0,4,KMeans,27,"[""n00"", ""n01"", ""n03"", ""n16"", ""n18"", ""n19""]",1,1
0,4,KMeans,28,"[""n01"", ""n21""]",1,1
0,4,KMeans,29,"[""n00"", ""n07"", ""n12"", ""n14"", ""n19""]",1,1
0,4,KMeans,30,"[""n01"", ""n05"", ""n09"", ""n10"", ""n18""]",1,1
0,4,KMeans,31,"[""n04"", ""n17""]",0,0
0,4,KMeans,32,"[""n01"", ""n05"", ""n19"", ""n20""]",1,1
0,4,KMeans,33,"[""n10"", ""n24"", ""n27""]",1,1
0,4,KMeans,34,"[""n02"", ""n08"", ""n18"", ""n23"", ""n24""]",1,1
0,4,KMeans,35,"[""n00"", ""n01"", ""n03"", ""n16"", ""n27"", ""n29""]",1,1
0,4,KMeans,36,"[""n05"", ""n07"", ""n18""]",1,0
0,4,KMeans,37,"[""n28""]",0,0
0,4,KMeans,38,"[""n06"", ""n07"", ""n09"", ""n10"", ""n12"", ""n14"", ""n20"", ""n24""]",1,1
0,4,KMeans,39,"[""n05"", ""n18"", ""n29""]",1,1
0,4,KMeans,48,"[""n09""]",0,0
0,4,KMeans,49,"[""n03"", ""n11"", ""n14""]",0,0
0,4,KMeans,50,"[""n03"", ""n09"", ""n16""]",0,0
0,4,KMeans,51,"[""n00"", ""n03"", ""n05"", ""n06"", ""n10"", ""n18""]",0,0
0,4,KMeans,52,"[""n07"", ""n12"", ""n13"", ""n15"", ""n16"", ""n21""]",1,0
0,4,KMeans,53,"[""n03"", ""n05"", ""n11""]",0,0
0,4,KMeans,54,"[""n02"", ""n08"", ""n12"", ""n15"", ""n16""]",1,0
0,4,KMeans,55,"[""n02"", ""n05"", ""n17""]",1,1
0,4,KMeans,104,"[""n00"", ""n23""]",1,1
0,4,KMeans,105,"[""n08"", ""n17""]",1,0
0,4,KMeans,106,"[""n00"", ""n02"", ""n10"", ""n15"", ""n18""]",1,1
0,4,KMeans,107,"[""n01""]",1,1
0,4,KMeans,108,"[""n00"", ""n08"", ""n13"", ""n20"", ""n22""]",1,1
0,4,KMeans,109,"[""n15""]",1,1
0,4,KMeans,110,"[""n03"", ""n07"", ""n09"", ""n10"", ""n14"", ""n15"", ""n16""]",1,1
0,4,KMeans,111,"[""n12""]",0,0
0,4,KMeans,128,"[""n03"", ""n13"", ""n16"", ""n20""]",1,1
0,4,KMeans,129,"[""n08"", ""n09"", ""n18"", ""n22""]",1,1
0,4,KMeans,130,[],0,0
0,4,KMeans,131,"[""n02"", ""n03"", ""n09"", ""n10"", ""n12""]",1,1
0,4,KMeans,132,[],0,0
0,4,KMeans,133,"[""n08""]",1,1
0,4,KMeans,134,"[""n18""]",0,0
0,4,KMeans,135,"[""n03"", ""n18"", ""n26""]",1,1
0,4,KMeans,208,"[""n06"", ""n28""]",1,1
0,4,KMeans,209,"[""n10"", ""n25""]",0,0
0,4,KMeans,210,"[""n01"", ""n05"", ""n08"", ""n12"", ""n25"", ""n27""]",1,1
0,4,KMeans,211,"[""n01"", ""n06"", ""n16""]",1,0
0,4,KMeans,212,"[""n09"", ""n18"", ""n19"", ""n24"", ""n25"", ""n26""]",0,0
0,4,KMeans,213,"[""n00"", ""n02"", ""n11"", ""n19"", ""n20"", ""n25""]",1,1
0,4,KMeans,214,"[""n02"", ""n06"", ""n09"", ""n11"", ""n16"", ""n22"", ""n23"", ""n27""]",0,0
0,4,KMeans,215,"[""n14"", ""n15"", ""n21"", ""n26"", ""n28""]",1,0
0,4,KMeans,216,"[""n07""]",1,1
0,4,KMeans,217,"[""n00"", ""n16""]",1,1
0,4,KMeans,218,"[""n06"", ""n08"", ""n21""]",0,0
0,4,KMeans,219,"[""n02"", ""n05"", ""n12"", ""n18"", ""n22"", ""n24""]",1,0
0,4,KMeans,220,"[""n20""]",1,0
0,4,KMeans,221,"[""n02"", ""n06"", ""n07"", ""n15""]",1,1
0,4,KMeans,222,"[""n06"", ""n20""]",1,1
0,4,KMeans,223,"[""n05"", ""n09"", ""n12"", ""n20""]",1,1
0,4,KMeans,232,"[""n02"", ""n05"", ""n08"", ""n09"", ""n10"", ""n12"", ""n24""]",1,1
0,4,KMeans,233,"[""n02"", ""n03""]",1,0
0,4,KMeans,234,"[""n02"", ""n08"", ""n16"", ""n19"", ""n24""]",1,1
0,4,KMeans,235,"[""n03"", ""n12""]",1,1
0,4,KMeans,236,"[""n00"", ""n01"", ""n05"", ""n08"", ""n10"", ""n11"", ""n12"", ""n14"", ""n19""]",1,1
0,4,KMeans,237,"[""n00"", ""n01"", ""n15""]",1,0
0,4,KMeans,238,"[""n07"", ""n14"", ""n21""]",1,1
0,4,KMeans,239,"[""n00"", ""n05"", ""n14""]",1,1
0,4,KMeans,312,"[""n05"", ""n11"", ""n13"", ""n17"", ""n18"", ""n25""]",0,0
0,4,KMeans,313,"[""n01"", ""n02"", ""n07"", ""n14"", ""n18"", ""n19"", ""n21"", ""n22"", ""n23"", ""n27""]",1,0
0,4,KMeans,314,"[""n04"", ""n07"", ""n13"", ""n18"", ""n27""]",1,1
0,4,KMeans,315,"[""n01"", ""n07"", ""n08"", ""n09"", ""n10"", ""n19"", ""n21"", ""n22"", ""n24""]",1,0
0,4,KMeans,316,"[""n00"", ""n01"", ""n06"", ""n13"", ""n17""]",1,1
0,4,KMeans,317,"[""n13""]",0,0
0,4,KMeans,318,"[""n01"", ""n09"", ""n24"", ""n27""]",1,0
0,4,KMeans,319,"[""n09"", ""n19"", ""n20"", ""n25""]",0,0
0,4,KMeans,448,"[""n06"", ""n16"", ""n23""]",1,1
0,4,KMeans,449,"[""n00"", ""n03"", ""n10"", ""n14""]",1,1
0,4,KMeans,450,"[""n00"", ""n01"", ""n04"", ""n09"", ""n12"", ""n13"", ""n18"", ""n25""]",1,0
0,4,KMeans,451,"[""n08"", ""n10"", ""n17""]",1,1
0,4,KMeans,452,"[""n16"", ""n19""]",0,0
0,4,KMeans,453,"[""n10"", ""n22""]",1,1
0,4,KMeans,454,"[""n00"", ""n14"", ""n19""]",1,1
0,4,KMeans,455,"[""n09"", ""n11"", ""n18"", ""n19""]",1,0
0,4,KMeans,488,"[""n10""]",0,0
0,4,KMeans,489,"[""n07"", ""n11"", ""n16""]",0,0
0,4,KMeans,490,"[""n08"", ""n15"", ""n17""]",0,0
0,4,KMeans,491,"[""n03"", ""n07"", ""n08"", ""n12""]",1,1
0,4,KMeans,492,"[""n01"", ""n09"", ""n10"", ""n22""]",0,0
0,4,KMeans,493,"[""n00"", ""n07""]",1,1
0,4,KMeans,494,"[""n07"", ""n09"", ""n20""]",1,0
0,4,KMeans,495,"[""n09"", ""n16"", ""n19""]",0,0
0,4,KMeans,600,"[""n10"", ""n17"", ""n27""]",1,1
0,4,KMeans,601,"[""n15"", ""n18"", ""n20""]",0,0
0,4,KMeans,602,"[""n03"", ""n04"", ""n06"", ""n14""]",0,0
0,4,KMeans,603,"[""n01"", ""n05"", ""n20"", ""n22""]",1,1
0,4,KMeans,604,"[""n02"", ""n03"", ""n09"", ""n23"", ""n26""]",1,1
0,4,KMeans,605,"[""n01"", ""n11"", ""n18"", ""n22"", ""n25""]",0,0
0,4,KMeans,606,"[""n08"", ""n16""]",0,0
0,4,KMeans,607,"[""n20"", ""n27""]",1,1
0,4,KMeans,664,"[""n05"", ""n09"", ""n18""]",1,0
0,4,KMeans,665,"[""n00"", ""n09"", ""n11"", ""n23""]",1,0
0,4,KMeans,666,"[""n03"", ""n06"", ""n12""]",1,1
0,4,KMeans,667,"[""n06"", ""n15"", ""n16"", ""n21""]",0,0
0,4,KMeans,668,"[""n08"", ""n10"", ""n12"", ""n17""]",1,0
0,4,KMeans,669,"[""n02"", ""n03"", ""n14"", ""n15"", ""n28""]",1,0
0,4,KMeans,670,"[""n00"", ""n14"", ""n17"", ""n22"", ""n25""]",1,0
0,4,KMeans,671,"[""n07"", ""n10"", ""n23""]",1,1
0,4,KMeans,672,"[""n00"", ""n06"", ""n09"", ""n16"", ""n17"", ""n21""]",1,1
0,4,KMeans,673,"[""n04"", ""n18"", ""n19"", ""n27""]",1,1
0,4,KMeans,674,"[""n02"", ""n24""]",0,0
0,4,KMeans,675,"[""n00"", ""n11"", ""n15"", ""n20"", ""n21""]",1,1
0,4,KMeans,676,"[""n01"", ""n14"", ""n22"", ""n26""]",1,0
0,4,KMeans,677,"[""n10"", ""n13"", ""n18"", ""n22"", ""n26""]",0,0
0,4,KMeans,678,"[""n01"", ""n12"", ""n15""]",1,1
0,4,KMeans,679,"[""n14"", ""n16"", ""n20""]",0,0
0,4,KMeans,696,"[""n01"", ""n23""]",1,1
0,4,KMeans,697,"[""n00"", ""n16"", ""n23""]",1,1
0,4,KMeans,698,"[""n18""]",0,0
0,4,KMeans,699,"[""n01"", ""n02"", ""n11"", ""n21""]",0,0
0,4,KMeans,700,"[""n03"", ""n18""]",0,0
0,4,KMeans,701,"[""n03"", ""n11"", ""n23""]",1,0
0,4,KMeans,702,"[""n10"", ""n17"", ""n20""]",0,0
0,4,KMeans,703,"[""n06"", ""n09"", ""n10"", ""n14"", ""n18""]",0,0
0,4,KMeans,704,"[""n03"", ""n05"", ""n11"", ""n12""]",1,0
0,4,KMeans,705,"[""n02"", ""n05"", ""n08"", ""n10"", ""n15""]",1,0
0,4,KMeans,706,"[""n07"", ""n10"", ""n17""]",0,0
0,4,KMeans,707,"[""n15""]",0,0
0,4,KMeans,708,"[""n00"", ""n09"", ""n10""]",1,0
0,4,KMeans,709,"[""n05"", ""n19""]",1,1
0,4,KMeans,710,"[""n01"", ""n05"", ""n10""]",1,1
0,4,KMeans,711,"[""n03"", ""n09"", ""n13"", ""n14""]",0,0
0,4,KMeans,760,"[""n18"", ""n21""]",0,0
0,4,KMeans,761,"[""n07"", ""n16""]",1,1
0,4,KMeans,762,"[""n00"", ""n03"", ""n12"", ""n25""]",1,1
0,4,KMeans,763,"[""n09"", ""n13"", ""n20"", ""n23"", ""n24""]",0,0
0,4,KMeans,764,"[""n06"", ""n08"", ""n21""]",0,0
0,4,KMeans,765,"[""n08"", ""n24"", ""n25""]",1,0
0,4,KMeans,766,"[""n02"", ""n04"", ""n05"", ""n23""]",1,1
0,4,KMeans,767,"[""n10"", ""n25""]",1,0
0,4,KMeans,792,"[""n09"", ""n23""]",1,1
0,4,KMeans,793,"[""n03"", ""n05"", ""n06"", ""n07"", ""n15"", ""n21""]",1,1
0,4,KMeans,794,"[""n08"", ""n15"", ""n22""]",1,0
0,4,KMeans,795,"[""n04"", ""n06"", ""n11"", ""n13"", ""n14""]",1,0
0,4,KMeans,796,"[""n00"", ""n06"", ""n12"", ""n15""]",1,1
0,4,KMeans,797,"[""n04"", ""n06"", ""n09"", ""n16"", ""n17""]",1,1
0,4,KMeans,798,[],0,0
0,4,KMeans,799,"[""n01"", ""n10"", ""n13"", ""n16"", ""n21""]",1,1
0,4,KMeans,808,"[""n05""]",0,0
0,4,KMeans,809,"[""n00"", ""n11"", ""n19"", ""n22""]",1,1
0,4,KMeans,810,"[""n03"", ""n09"", ""n10"", ""n21"", ""n23""]",1,0
0,4,KMeans,811,"[""n02"", ""n03"", ""n18""]",1,1
0,4,KMeans,812,"[""n04"", ""n07"", ""n10"", ""n16"", ""n18"", ""n21"", ""n22"", ""n24""]",1,0
0,4,KMeans,813,"[""n00"", ""n07"", ""n09"", ""n22""]",1,1
0,4,KMeans,814,"[""n02"", ""n03"", ""n13""]",1,1
0,4,KMeans,815,[],0,0
0,4,KMeans,848,"[""n00"", ""n08"", ""n13"", ""n24"", ""n28""]",1,0
0,4,KMeans,849,"[""n03"", ""n12"", ""n21"", ""n22"", ""n26""]",0,0
0,4,KMeans,850,"[""n03"", ""n05"", ""n16"", ""n24"", ""n27""]",0,0
0,4,KMeans,851,"[""n10"", ""n11"", ""n19"", ""n28""]",1,1
0,4,KMeans,852,"[""n06"", ""n10"", ""n11"", ""n12"", ""n28""]",1,0
0,4,KMeans,853,"[""n12"", ""n24"", ""n28""]",1,1
0,4,KMeans,854,"[""n07"", ""n10"", ""n21""]",0,0
0,4,KMeans,855,"[""n09"", ""n12"", ""n21""]",1,1
0,4,KMeans,872,"[""n01"", ""n20""]",0,0
0,4,KMeans,873,"[""n05"", ""n08"", ""n12"", ""n15"", ""n18""]",0,0
0,4,KMeans,874,"[""n12""]",0,0
0,4,KMeans,875,"[""n15"", ""n19""]",0,0
0,4,KMeans,876,"[""n04"", ""n21"", ""n23""]",0,0
0,4,KMeans,877,"[""n05""]",0,0
0,4,KMeans,878,[],0,0
0,4,KMeans,879,"[""n07"", ""n18"", ""n22"", ""n25""]",0,0
0,4,KMeans,888,"[""n04"", ""n08"", ""n24"", ""n27""]",1,1
0,4,KMeans,889,"[""n01"", ""n04"", ""n05"", ""n08"", ""n24"", ""n26""]",1,1
0,4,KMeans,890,"[""n00"", ""n14"", ""n20""]",0,0
0,4,KMeans,891,"[""n00"", ""n12"", ""n15"", ""n18""]",0,0
0,4,KMeans,892,"[""n15"", ""n24""]",0,0
0,4,KMeans,893,"[""n13"", ""n18"", ""n22"", ""n24"", ""n25""]",0,0
0,4,KMeans,894,"[""n00"", ""n11"", ""n15"", ""n24""]",0,0
0,4,KMeans,895,"[""n03"", ""n05"", ""n14"", ""n18""]",0,0
0,4,KMeans,936,"[""n06"", ""n07"", ""n08"", ""n11"", ""n13"", ""n18"", ""n19""]",1,1
0,4,KMeans,937,"[""n03"", ""n09"", ""n12"", ""n13""]",0,0
0,4,KMeans,938,"[""n11"", ""n16""]",1,0
0,4,KMeans,939,"[""n05"", ""n14"", ""n16"", ""n20""]",1,0
0,4,KMeans,940,"[""n05"", ""n10"", ""n19""]",1,0
0,4,KMeans,941,"[""n00"", ""n04"", ""n19""]",1,1
0,4,KMeans,942,"[""n05""]",0,0
0,4,KMeans,943,"[""n10"", ""n19""]",1,1
0,4,KMeans,952,"[""n04"", ""n06"", ""n12"", ""n22""]",1,1
0,4,KMeans,953,"[""n07"", ""n18""]",1,1
0,4,KMeans,954,"[""n04"", ""n20"", ""n24""]",1,0
0,4,KMeans,955,"[""n05"", ""n07"", ""n17"", ""n21"", ""n24""]",0,0
0,4,KMeans,956,"[""n17""]",0,0
0,4,KMeans,957,"[""n06"", ""n12"", ""n19"", ""n21"", ""n23""]",1,1
0,4,KMeans,958,"[""n23""]",0,0
0,4,KMeans,959,"[""n02"", ""n10"", ""n15"", ""n20"", ""n24""]",0,0
1,0,FixedThreshold,32,[],0,1
1,0,FixedThreshold,33,[],0,1
1,0,FixedThreshold,34,"[""n02"", ""n23""]",1,1
1,0,FixedThreshold,35,"[""n27"", ""n29""]",1,1
1,0,FixedThreshold,36,[],0,0
1,0,FixedThreshold,37,[],0,0
1,0,FixedThreshold,38,[],0,1
1,0,FixedThreshold,39,[],0,1
1,0,FixedThreshold,48,[],0,0
1,0,FixedThreshold,49,[],0,0
1,0,FixedThreshold,50,"[""n09""]",0,0
1,0,FixedThreshold,51,[],0,0
1,0,FixedThreshold,52,"[""n13"", ""n15""]",0,0
1,0,FixedThreshold,53,[],0,0
1,0,FixedThreshold,54,[],0,0
1,0,FixedThreshold,55,"[""n02"", ""n05""]",1,1
1,0,FixedThreshold,72,[],0,1
1,0,FixedThreshold,73,"[""n00""]",1,1
1,0,FixedThreshold,74,[],0,0
1,0,FixedThreshold,75,[],0,1
1,0,FixedThreshold,76,"[""n01""]",1,1
1,0,FixedThreshold,77,"[""n03"", ""n09""]",1,1
1,0,FixedThreshold,78,"[""n06"", ""n10""]",1,1
1,0,FixedThreshold,79,[],0,0
1,0,FixedThreshold,112,"[""n01"", ""n02""]",1,1
1,0,FixedThreshold,113,[],0,0
1,0,FixedThreshold,114,"[""n22""]",1,1
1,0,FixedThreshold,115,"[""n18""]",0,0
1,0,FixedThreshold,116,[],0,0
1,0,FixedThreshold,117,"[""n18""]",0,0
1,0,FixedThreshold,118,[],0,0
1,0,FixedThreshold,119,"[""n12""]",1,1
1,0,FixedThreshold,128,[],0,1
1,0,FixedThreshold,129,"[""n08"", ""n09"", ""n22""]",1,1
1,0,FixedThreshold,130,[],0,0
1,0,FixedThreshold,131,[],0,1
1,0,FixedThreshold,132,[],0,0
1,0,FixedThreshold,133,[],0,1
1,0,FixedThreshold,134,[],0,0
1,0,FixedThreshold,135,[],0,1
1,0,FixedThreshold,216,"[""n07""]",1,1
1,0,FixedThreshold,217,"[""n00""]",1,1
1,0,FixedThreshold,218,[],0,0
1,0,FixedThreshold,219,"[""n18""]",0,0
1,0,FixedThreshold,220,[],0,0
1,0,FixedThreshold,221,[],0,1
1,0,FixedThreshold,222,[],0,1
1,0,FixedThreshold,223,[],0,1
1,0,FixedThreshold,272,[],0,0
1,0,FixedThreshold,273,"[""n02"", ""n05"", ""n12"", ""n20"", ""n22""]",1,1
1,0,FixedThreshold,274,[],0,0
1,0,FixedThreshold,275,[],0,1
1,0,FixedThreshold,276,[],0,1
1,0,FixedThreshold,277,[],0,1
1,0,FixedThreshold,278,"[""n09""]",0,0
1,0,FixedThreshold,279,"[""n06"", ""n21"", ""n22""]",1,1
1,0,FixedThreshold,344,[],0,0
1,0,FixedThreshold,345,[],0,0
1,0,FixedThreshold,346,"[""n09""]",0,1
1,0,FixedThreshold,347,[],0,0
1,0,FixedThreshold,348,"[""n15""]",0,0
1,0,FixedThreshold,349,"[""n18"", ""n19""]",0,0
1,0,FixedThreshold,350,"[""n27""]",0,1
1,0,FixedThreshold,351,[],0,1
1,0,FixedThreshold,352,[],0,0
1,0,FixedThreshold,353,[],0,0
1,0,FixedThreshold,354,"[""n04"", ""n05""]",0,0
1,0,FixedThreshold,355,[],0,0
1,0,FixedThreshold,356,"[""n03"", ""n22""]",0,1
1,0,FixedThreshold,357,[],0,0
1,0,FixedThreshold,358,"[""n06"", ""n11"", ""n12"", ""n18"", ""n21"", ""n25"", ""n26""]",0,0
1,0,FixedThreshold,359,"[""n13"", ""n18""]",0,0
1,0,FixedThreshold,384,"[""n09"", ""n23""]",0,0
1,0,FixedThreshold,385,"[""n04"", ""n17""]",0,0
1,0,FixedThreshold,386,[],0,0
1,0,FixedThreshold,387,"[""n04"", ""n14"", ""n16""]",0,0
1,0,FixedThreshold,388,[],0,0
1,0,FixedThreshold,389,[],0,0
1,0,FixedThreshold,390,"[""n18""]",0,0
1,0,FixedThreshold,391,"[""n25""]",1,1
1,0,FixedThreshold,392,[],0,1
1,0,FixedThreshold,393,[],0,1
1,0,FixedThreshold,394,"[""n13"", ""n23"", ""n27""]",0,0
1,0,FixedThreshold,395,[],0,1
1,0,FixedThreshold,396,"[""n10"", ""n17""]",1,1
1,0,FixedThreshold,397,"[""n04"", ""n18"", ""n24""]",1,1
1,0,FixedThreshold,398,[],0,1
1,0,FixedThreshold,399,[],0,1
1,0,FixedThreshold,424,[],0,1
1,0,FixedThreshold,425,[],0,1
1,0,FixedThreshold,426,[],0,1
1,0,FixedThreshold,427,[],0,0
1,0,FixedThreshold,428,"[""n09"", ""n25""]",0,0
1,0,FixedThreshold,429,[],0,1
1,0,FixedThreshold,430,[],0,1
1,0,FixedThreshold,431,"[""n19""]",0,0
1,0,FixedThreshold,488,[],0,0
1,0,FixedThreshold,489,[],0,0
1,0,FixedThreshold,490,[],0,0
1,0,FixedThreshold,491,"[""n03"", ""n07"", ""n08""]",1,1
1,0,FixedThreshold,492,[],0,0
1,0,FixedThreshold,493,"[""n00""]",1,1
1,0,FixedThreshold,494,[],0,0
1,0,FixedThreshold,495,"[""n09"", ""n19""]",0,0
1,0,FixedThreshold,528,"[""n01"", ""n05"", ""n06""]",1,1
1,0,FixedThreshold,529,[],0,1
1,0,FixedThreshold,530,[],0,1
1,0,FixedThreshold,531,[],0,1
1,0,FixedThreshold,532,"[""n03"", ""n15""]",1,1
1,0,FixedThreshold,533,"[""n09""]",1,1
1,0,FixedThreshold,534,[],0,0
1,0,FixedThreshold,535,"[""n03"", ""n16""]",1,1
1,0,FixedThreshold,592,"[""n00""]",1,1
1,0,FixedThreshold,593,"[""n02"", ""n07""]",0,0
1,0,FixedThreshold,594,[],0,0
1,0,FixedThreshold,595,[],0,0
1,0,FixedThreshold,596,"[""n01"", ""n03"", ""n17"", ""n23""]",1,1
1,0,FixedThreshold,597,[],0,1
1,0,FixedThreshold,598,[],0,0
1,0,FixedThreshold,599,[],0,1
1,0,FixedThreshold,608,[],0,1
1,0,FixedThreshold,609,[],0,0
1,0,FixedThreshold,610,[],0,0
1,0,FixedThreshold,611,[],0,0
1,0,FixedThreshold,612,"[""n04""]",0,0
1,0,FixedThreshold,613,[],0,0
1,0,FixedThreshold,614,[],0,0
1,0,FixedThreshold,615,"[""n05"", ""n11""]",0,0
1,0,FixedThreshold,648,[],0,0
1,0,FixedThreshold,649,[],0,1
1,0,FixedThreshold,650,"[""n06""]",0,1
1,0,FixedThreshold,651,[],0,1
1,0,FixedThreshold,652,"[""n18""]",0,0
1,0,FixedThreshold,653,[],0,0
1,0,FixedThreshold,654,[],0,0
1,0,FixedThreshold,655,"[""n08""]",0,0
1,0,FixedThreshold,680,[],0,1
1,0,FixedThreshold,681,[],0,0
1,0,FixedThreshold,682,"[""n00"", ""n25""]",1,1
1,0,FixedThreshold,683,[],0,1
1,0,FixedThreshold,684,[],0,1
1,0,FixedThreshold,685,[],0,1
1,0,FixedThreshold,686,"[""n00"", ""n07"", ""n09"", ""n16""]",1,1
1,0,FixedThreshold,687,[],0,0
1,0,FixedThreshold,768,[],0,1
1,0,FixedThreshold,769,[],0,0
1,0,FixedThreshold,770,"[""n06"", ""n19""]",1,1
1,0,FixedThreshold,771,[],0,0
1,0,FixedThreshold,772,"[""n13"", ""n17""]",1,1
1,0,FixedThreshold,773,[],0,1
1,0,FixedThreshold,774,"[""n14""]",0,0
1,0,FixedThreshold,775,[],0,0
1,0,FixedThreshold,776,[],0,1
1,0,FixedThreshold,777,"[""n08""]",0,0
1,0,FixedThreshold,778,"[""n11""]",0,1
1,0,FixedThreshold,779,[],0,0
1,0,FixedThreshold,780,[],0,0
1,0,FixedThreshold,781,[],0,0
1,0,FixedThreshold,782,"[""n12""]",0,0
1,0,FixedThreshold,783,"[""n02"", ""n04""]",0,0
1,0,FixedThreshold,784,"[""n09""]",0,0
1,0,FixedThreshold,785,[],0,0
1,0,FixedThreshold,786,[],0,0
1,0,FixedThreshold,787,[],0,0
1,0,FixedThreshold,788,"[""n01"", ""n07"", ""n14"", ""n22""]",1,1
1,0,FixedThreshold,789,"[""n10"", ""n13""]",0,0
1,0,FixedThreshold,790,"[""n01""]",1,1
1,0,FixedThreshold,791,[],0,0
1,0,FixedThreshold,848,[],0,0
1,0,FixedThreshold,849,"[""n21"", ""n26""]",0,0
1,0,FixedThreshold,850,[],0,0
1,0,FixedThreshold,851,[],0,1
1,0,FixedThreshold,852,[],0,0
1,0,FixedThreshold,853,"[""n12"", ""n24"", ""n28""]",1,1
1,0,FixedThreshold,854,[],0,0
1,0,FixedThreshold,855,[],0,1
1,0,FixedThreshold,880,[],0,0
1,0,FixedThreshold,881,"[""n13""]",0,0
1,0,FixedThreshold,882,[],0,0
1,0,FixedThreshold,883,"[""n14""]",0,1
1,0,FixedThreshold,884,[],0,1
1,0,FixedThreshold,885,[],0,0
1,0,FixedThreshold,886,"[""n06"", ""n23""]",1,1
1,0,FixedThreshold,887,[],0,0
1,0,FixedThreshold,904,[],0,0
1,0,FixedThreshold,905,[],0,1
1,0,FixedThreshold,906,"[""n02"", ""n03"", ""n11"", ""n14""]",1,1
1,0,FixedThreshold,907,"[""n00""]",1,1
1,0,FixedThreshold,908,[],0,0
1,0,FixedThreshold,909,"[""n06"", ""n07"", ""n24""]",1,1
1,0,FixedThreshold,910,[],0,0
1,0,FixedThreshold,911,[],0,1
1,0,SingleCenter,32,"[""n01"", ""n05"", ""n19"", ""n20""]",1,1
1,0,SingleCenter,33,"[""n10""]",1,1
1,0,SingleCenter,34,"[""n02"", ""n22"", ""n23"", ""n24""]",1,1
1,0,SingleCenter,35,"[""n00"", ""n16"", ""n27"", ""n29""]",1,1
1,0,SingleCenter,36,"[""n00"", ""n05"", ""n12"", ""n27""]",1,0
1,0,SingleCenter,37,"[""n26"", ""n28""]",0,0
1,0,SingleCenter,38,"[""n09"", ""n10"", ""n12"", ""n14"", ""n20""]",1,1
1,0,SingleCenter,39,"[""n18"", ""n29""]",1,1
1,0,SingleCenter,48,"[""n04"", ""n07"", ""n09""]",0,0
1,0,SingleCenter,49,"[""n14""]",0,0
1,0,SingleCenter,50,"[""n01"", ""n03"", ""n09"", ""n10"", ""n16""]",1,0
1,0,SingleCenter,51,"[""n00"", ""n03"", ""n05"", ""n10"", ""n18""]",0,0
1,0,SingleCenter,52,"[""n00"", ""n07"", ""n12"", ""n13"", ""n15""]",0,0
1,0,SingleCenter,53,"[""n03"", ""n11"", ""n15"", ""n18""]",0,0
1,0,SingleCenter,54,[],0,0
1,0,SingleCenter,55,"[""n02"", ""n05""]",1,1
1,0,SingleCenter,72,"[""n02"", ""n09"", ""n10"", ""n12"", ""n16"", ""n20"", ""n21""]",1,1
1,0,SingleCenter,73,"[""n00"", ""n10"", ""n17""]",1,1
1,0,SingleCenter,74,"[""n16"", ""n17"", ""n20"", ""n23""]",0,0
1,0,SingleCenter,75,"[""n06"", ""n08"", ""n10"", ""n14""]",1,1
1,0,SingleCenter,76,"[""n00"", ""n01"", ""n02"", ""n05"", ""n08""]",1,1
1,0,SingleCenter,77,"[""n03"", ""n09"", ""n19"", ""n23""]",1,1
1,0,SingleCenter,78,"[""n06"", ""n09"", ""n10""]",1,1
1,0,SingleCenter,79,"[""n05"", ""n17"", ""n26""]",1,0
1,0,SingleCenter,112,"[""n01"", ""n02"", ""n06"", ""n13""]",1,1
1,0,SingleCenter,113,"[""n21""]",0,0
1,0,SingleCenter,114,"[""n18"", ""n22""]",1,1
1,0,SingleCenter,115,"[""n18""]",0,0
1,0,SingleCenter,116,"[""n14"", ""n21""]",0,0
1,0,SingleCenter,117,"[""n10"", ""n11"", ""n16"", ""n18""]",0,0
1,0,SingleCenter,118,[],0,0
1,0,SingleCenter,119,"[""n07"", ""n12"", ""n18""]",1,1
1,0,SingleCenter,128,"[""n03"", ""n13""]",1,1
1,0,SingleCenter,129,"[""n08"", ""n09"", ""n18"", ""n22""]",1,1
1,0,SingleCenter,130,"[""n04""]",0,0
1,0,SingleCenter,131,"[""n03"", ""n09"", ""n10"", ""n26""]",1,1
1,0,SingleCenter,132,"[""n02""]",0,0
1,0,SingleCenter,133,"[""n08""]",1,1
1,0,SingleCenter,134,[],0,0
1,0,SingleCenter,135,"[""n03"", ""n18"", ""n26""]",1,1
1,0,SingleCenter,216,"[""n07"", ""n08""]",1,1
1,0,SingleCenter,217,"[""n00"", ""n16""]",1,1
1,0,SingleCenter,218,"[""n06"", ""n08"", ""n21""]",0,0
1,0,SingleCenter,219,"[""n02"", ""n05"", ""n08"", ""n12"", ""n18"", ""n19"", ""n22""]",1,0
1,0,SingleCenter,220,[],0,0
1,0,SingleCenter,221,"[""n02"", ""n07"", ""n15""]",1,1
1,0,SingleCenter,222,"[""n07"", ""n20"", ""n24""]",1,1
1,0,SingleCenter,223,"[""n00"", ""n05"", ""n09"", ""n20""]",1,1
1,0,SingleCenter,272,"[""n27""]",1,0
1,0,SingleCenter,273,"[""n02"", ""n05"", ""n12"", ""n18"", ""n20"", ""n22""]",1,1
1,0,SingleCenter,274,"[""n04"", ""n07"", ""n12"", ""n21"", ""n23"", ""n24""]",1,0
1,0,SingleCenter,275,"[""n00"", ""n08"", ""n16"", ""n28""]",1,1
1,0,SingleCenter,276,"[""n19""]",1,1
1,0,SingleCenter,277,"[""n00"", ""n08"", ""n15""]",1,1
1,0,SingleCenter,278,"[""n09"", ""n17""]",0,0
1,0,SingleCenter,279,"[""n00"", ""n01"", ""n04"", ""n06"", ""n11"", ""n21"", ""n22""]",1,1
1,0,SingleCenter,344,"[""n06"", ""n19"", ""n27""]",0,0
1,0,SingleCenter,345,"[""n11"", ""n19""]",0,0
1,0,SingleCenter,346,"[""n09"", ""n14"", ""n16"", ""n21"", ""n28""]",1,1
1,0,SingleCenter,347,"[""n26""]",0,0
1,0,SingleCenter,348,"[""n02"", ""n15""]",1,0
1,0,SingleCenter,349,"[""n01"", ""n02"", ""n05"", ""n08"", ""n09"", ""n15"", ""n18"", ""n19""]",1,0
1,0,SingleCenter,350,"[""n00"", ""n09"", ""n27""]",1,1
1,0,SingleCenter,351,"[""n00"", ""n04"", ""n05"", ""n28""]",1,1
1,0,SingleCenter,352,[],0,0
1,0,SingleCenter,353,"[""n00"", ""n07"", ""n09"", ""n11"", ""n12"", ""n13"", ""n15"", ""n18""]",1,0
1,0,SingleCenter,354,"[""n04"", ""n05""]",0,0
1,0,SingleCenter,355,"[""n03"", ""n10"", ""n12"", ""n13""]",0,0
1,0,SingleCenter,356,"[""n01"", ""n02"", ""n03"", ""n07"", ""n13"", ""n16"", ""n22""]",1,1
1,0,SingleCenter,357,"[""n06"", ""n16"", ""n17"", ""n21"", ""n26""]",0,0
1,0,SingleCenter,358,"[""n03"", ""n06"", ""n11"", ""n12"", ""n18"", ""n21"", ""n25"", ""n26""]",0,0
1,0,SingleCenter,359,"[""n08"", ""n13"", ""n18""]",0,0
1,0,SingleCenter,384,"[""n04"", ""n09"", ""n23""]",0,0
1,0,SingleCenter,385,"[""n03"", ""n04"", ""n17"", ""n18"", ""n23""]",0,0
1,0,SingleCenter,386,"[""n07"", ""n13"", ""n14"", ""n15"", ""n23"", ""n24""]",0,0
1,0,SingleCenter,387,"[""n04"", ""n14"", ""n16"", ""n23"", ""n25""]",1,0
1,0,SingleCenter,388,"[""n05"", ""n08"", ""n10"", ""n18"", ""n22""]",0,0
1,0,SingleCenter,389,"[""n02"", ""n06"", ""n08"", ""n14""]",1,0
1,0,SingleCenter,390,"[""n18"", ""n23""]",0,0
1,0,SingleCenter,391,"[""n25""]",1,1
1,0,SingleCenter,392,"[""n08"", ""n10"", ""n11"", ""n17"", ""n26"", ""n29""]",1,1
1,0,SingleCenter,393,"[""n07"", ""n08"", ""n18""]",1,1
1,0,SingleCenter,394,"[""n06"", ""n11"", ""n13"", ""n23"", ""n27""]",1,0
1,0,SingleCenter,395,"[""n06"", ""n07"", ""n28""]",1,1
1,0,SingleCenter,396,"[""n10"", ""n14"", ""n17"", ""n22""]",1,1
1,0,SingleCenter,397,"[""n04"", ""n10"", ""n15"", ""n18"", ""n24"", ""n27""]",1,1
1,0,SingleCenter,398,"[""n14"", ""n19"", ""n20""]",1,1
1,0,SingleCenter,399,"[""n03"", ""n10"", ""n14"", ""n24""]",1,1
1,0,SingleCenter,424,"[""n01"", ""n03"", ""n07"", ""n10"", ""n19"", ""n26""]",1,1
1,0,SingleCenter,425,"[""n27""]",1,1
1,0,SingleCenter,426,"[""n07"", ""n08"", ""n12"", ""n23""]",1,1
1,0,SingleCenter,427,"[""n09"", ""n15"", ""n16""]",0,0
1,0,SingleCenter,428,"[""n09"", ""n25""]",0,0
1,0,SingleCenter,429,"[""n01"", ""n09""]",1,1
1,0,SingleCenter,430,"[""n00"", ""n12"", ""n21""]",1,1
1,0,SingleCenter,431,"[""n01"", ""n02"", ""n19"", ""n23""]",1,0
1,0,SingleCenter,488,"[""n10"", ""n24""]",1,0
1,0,SingleCenter,489,"[""n07"", ""n11"", ""n13"", ""n16"", ""n21""]",0,0
1,0,SingleCenter,490,"[""n03"", ""n08"", ""n15"", ""n17""]",1,0
1,0,SingleCenter,491,"[""n03"", ""n07"", ""n08""]",1,1
1,0,SingleCenter,492,"[""n01"", ""n10""]",0,0
1,0,SingleCenter,493,"[""n00"", ""n02"", ""n07""]",1,1
1,0,SingleCenter,494,"[""n07"", ""n09""]",0,0
1,0,SingleCenter,495,"[""n09"", ""n16"", ""n19"", ""n21""]",0,0
1,0,SingleCenter,528,"[""n01"", ""n05"", ""n06"", ""n21""]",1,1
1,0,SingleCenter,529,"[""n05"", ""n08"", ""n10"", ""n25""]",1,1
1,0,SingleCenter,530,"[""n01"", ""n09"", ""n23""]",1,1
1,0,SingleCenter,531,"[""n00"", ""n05"", ""n08"", ""n10"", ""n11"", ""n12"", ""n16"", ""n25""]",1,1
1,0,SingleCenter,532,"[""n03"", ""n10"", ""n15"", ""n17""]",1,1
1,0,SingleCenter,533,"[""n09"", ""n18"", ""n27""]",1,1
1,0,SingleCenter,534,"[""n03"", ""n07"", ""n14"", ""n18""]",1,0
1,0,SingleCenter,535,"[""n03"", ""n16""]",1,1
1,0,SingleCenter,592,"[""n00""]",1,1
1,0,SingleCenter,593,"[""n02"", ""n07"", ""n11"", ""n23""]",1,0
1,0,SingleCenter,594,"[""n01"", ""n04"", ""n05""]",1,0
1,0,SingleCenter,595,"[""n09"", ""n23"", ""n25""]",0,0
1,0,SingleCenter,596,"[""n01"", ""n03"", ""n13"", ""n17"", ""n21"", ""n23""]",1,1
1,0,SingleCenter,597,"[""n05""]",1,1
1,0,SingleCenter,598,"[""n05"", ""n10"", ""n20"", ""n25""]",1,0
1,0,SingleCenter,599,"[""n11"", ""n13"", ""n17"", ""n27""]",1,1
1,0,SingleCenter,608,"[""n09"", ""n10"", ""n11"", ""n23""]",1,1
1,0,SingleCenter,609,"[""n04"", ""n08"", ""n11"", ""n22""]",1,0
1,0,SingleCenter,610,"[""n09"", ""n16""]",0,0
1,0,SingleCenter,611,"[""n18""]",0,0
1,0,SingleCenter,612,"[""n04"", ""n07"", ""n14""]",1,0
1,0,SingleCenter,613,"[""n19"", ""n20""]",0,0
1,0,SingleCenter,614,[],0,0
1,0,SingleCenter,615,"[""n01"", ""n05"", ""n11"", ""n22""]",1,0
1,0,SingleCenter,648,[],0,0
1,0,SingleCenter,649,"[""n04"", ""n08"", ""n15""]",1,1
1,0,SingleCenter,650,"[""n03"", ""n04"", ""n06""]",1,1
1,0,SingleCenter,651,"[""n02"", ""n08"", ""n18""]",1,1
1,0,SingleCenter,652,"[""n18""]",0,0
1,0,SingleCenter,653,"[""n13"", ""n16""]",0,0
1,0,SingleCenter,654,"[""n00""]",0,0
1,0,SingleCenter,655,"[""n08"", ""n19""]",1,0
1,0,SingleCenter,680,"[""n12"", ""n17"", ""n20"", ""n21""]",1,1
1,0,SingleCenter,681,"[""n04"", ""n11""]",1,0
1,0,SingleCenter,682,"[""n00"", ""n05"", ""n09"", ""n25""]",1,1
1,0,SingleCenter,683,"[""n09"", ""n13"", ""n24""]",1,1
1,0,SingleCenter,684,"[""n03"", ""n12"", ""n16"", ""n25""]",1,1
1,0,SingleCenter,685,"[""n00"", ""n12"", ""n16"", ""n22""]",1,1
1,0,SingleCenter,686,"[""n00"", ""n07"", ""n09"", ""n16""]",1,1
1,0,SingleCenter,687,"[""n22"", ""n25""]",1,0
1,0,SingleCenter,768,"[""n01"", ""n06"", ""n09"", ""n12""]",1,1
1,0,SingleCenter,769,[],0,0
1,0,SingleCenter,770,"[""n03"", ""n06"", ""n19""]",1,1
1,0,SingleCenter,771,"[""n01"", ""n17""]",1,0
1,0,SingleCenter,772,"[""n13"", ""n17""]",1,1
1,0,SingleCenter,773,"[""n02"", ""n08"", ""n11"", ""n14""]",1,1
1,0,SingleCenter,774,"[""n09"", ""n14""]",0,0
1,0,SingleCenter,775,"[""n09"", ""n19"", ""n20""]",1,0
1,0,SingleCenter,776,"[""n01"", ""n10"", ""n17""]",1,1
1,0,SingleCenter,777,"[""n08"", ""n13""]",0,0
1,0,SingleCenter,778,"[""n11"", ""n17"", ""n21""]",1,1
1,0,SingleCenter,779,"[""n11""]",0,0
1,0,SingleCenter,780,"[""n10"", ""n13""]",0,0
1,0,SingleCenter,781,"[""n01"", ""n05"", ""n12"", ""n21""]",1,0
1,0,SingleCenter,782,"[""n01"", ""n07"", ""n12"", ""n18""]",1,0
1,0,SingleCenter,783,"[""n02"", ""n04""]",0,0
1,0,SingleCenter,784,"[""n05"", ""n09""]",0,0
1,0,SingleCenter,785,"[""n02"", ""n14"", ""n20""]",0,0
1,0,SingleCenter,786,[],0,0
1,0,SingleCenter,787,"[""n01"", ""n03"", ""n04"", ""n07"", ""n18""]",1,0
1,0,SingleCenter,788,"[""n01"", ""n03"", ""n06"", ""n07"", ""n11"", ""n14"", ""n16"", ""n22""]",1,1
1,0,SingleCenter,789,"[""n10"", ""n12"", ""n13"", ""n15"", ""n16"", ""n17""]",0,0
1,0,SingleCenter,790,"[""n00"", ""n01"", ""n05"", ""n10"", ""n14"", ""n20"", ""n22""]",1,1
1,0,SingleCenter,791,"[""n07"", ""n10"", ""n14"", ""n18"", ""n20"", ""n21""]",0,0
1,0,SingleCenter,848,"[""n08"", ""n13"", ""n28""]",1,0
1,0,SingleCenter,849,"[""n21"", ""n22"", ""n26""]",0,0
1,0,SingleCenter,850,"[""n03"", ""n05"", ""n16"", ""n21"", ""n24"", ""n27""]",0,0
1,0,SingleCenter,851,"[""n07"", ""n09"", ""n10"", ""n11"", ""n28""]",1,1
1,0,SingleCenter,852,"[""n06"", ""n07"", ""n10"", ""n12"", ""n26"", ""n28""]",1,0
1,0,SingleCenter,853,"[""n13"", ""n24"", ""n26"", ""n28""]",1,1
1,0,SingleCenter,854,"[""n07"", ""n10"", ""n12"", ""n21""]",0,0
1,0,SingleCenter,855,"[""n09"", ""n12"", ""n19"", ""n21""]",1,1
1,0,SingleCenter,880,"[""n14"", ""n22""]",0,0
1,0,SingleCenter,881,"[""n12"", ""n13""]",0,0
1,0,SingleCenter,882,"[""n03"", ""n08"", ""n09"", ""n11"", ""n12"", ""n15""]",1,0
1,0,SingleCenter,883,"[""n02"", ""n05"", ""n14"", ""n16""]",1,1
1,0,SingleCenter,884,"[""n23""]",1,1
1,0,SingleCenter,885,"[""n14"", ""n16""]",0,0
1,0,SingleCenter,886,"[""n06"", ""n19"", ""n23""]",1,1
1,0,SingleCenter,887,"[""n09"", ""n23""]",1,0
1,0,SingleCenter,904,"[""n04"", ""n11""]",0,0
1,0,SingleCenter,905,"[""n21"", ""n27""]",1,1
1,0,SingleCenter,906,"[""n00"", ""n02"", ""n03"", ""n11"", ""n12"", ""n14"", ""n18"", ""n20""]",1,1
1,0,SingleCenter,907,"[""n00"", ""n06""]",1,1
1,0,SingleCenter,908,"[""n01"", ""n04"", ""n09"", ""n15"", ""n17"", ""n25"", ""n26""]",0,0
1,0,SingleCenter,909,"[""n06"", ""n07"", ""n14"", ""n17"", ""n19"", ""n21"", ""n24""]",1,1
1,0,SingleCenter,910,"[""n01"", ""n15""]",0,0
1,0,SingleCenter,911,"[""n02"", ""n07"", ""n10"", ""n15""]",1,1
1,0,KMeans,32,"[""n01"", ""n05"", ""n19"", ""n20""]",1,1
1,0,KMeans,33,"[""n10"", ""n27""]",1,1
1,0,KMeans,34,"[""n02"", ""n08"", ""n18"", ""n23"", ""n24""]",1,1
1,0,KMeans,35,"[""n00"", ""n01"", ""n03"", ""n16"", ""n27"", ""n29""]",1,1
1,0,KMeans,36,"[""n05"", ""n07"", ""n18""]",1,0
1,0,KMeans,37,"[""n28""]",0,0
1,0,KMeans,38,"[""n06"", ""n07"", ""n09"", ""n10"", ""n12"", ""n14"", ""n20"", ""n24""]",1,1
1,0,KMeans,39,"[""n05"", ""n18"", ""n29""]",1,1
1,0,KMeans,48,"[""n09""]",0,0
1,0,KMeans,49,"[""n03"", ""n11"", ""n14""]",0,0
1,0,KMeans,50,"[""n03"", ""n09"", ""n16""]",0,0
1,0,KMeans,51,"[""n00"", ""n05"", ""n06"", ""n10"", ""n18""]",0,0
1,0,KMeans,52,"[""n07"", ""n12"", ""n13"", ""n15"", ""n16"", ""n21""]",1,0
1,0,KMeans,53,"[""n03"", ""n11""]",0,0
1,0,KMeans,54,"[""n02"", ""n08"", ""n12"", ""n15"", ""n16""]",1,0
1,0,KMeans,55,"[""n02"", ""n05"", ""n17""]",1,1
1,0,KMeans,72,"[""n02"", ""n09"", ""n10"", ""n12"", ""n14"", ""n16"", ""n20"", ""n21""]",1,1
1,0,KMeans,73,"[""n00"", ""n17"", ""n23""]",1,1
1,0,KMeans,74,"[""n13"", ""n16"", ""n20"", ""n23""]",0,0
1,0,KMeans,75,"[""n02"", ""n06"", ""n08"", ""n10"", ""n14""]",1,1
1,0,KMeans,76,"[""n01"", ""n02"", ""n05""]",1,1
1,0,KMeans,77,"[""n03"", ""n09""]",1,1
1,0,KMeans,78,"[""n06"", ""n09"", ""n10""]",1,1
1,0,KMeans,79,"[""n05"", ""n17"", ""n26""]",1,0
1,0,KMeans,112,"[""n01"", ""n02"", ""n13""]",1,1
1,0,KMeans,113,"[""n08"", ""n21""]",0,0
1,0,KMeans,114,"[""n18"", ""n22""]",1,1
1,0,KMeans,115,"[""n18""]",0,0
1,0,KMeans,116,"[""n14"", ""n21""]",0,0
1,0,KMeans,117,"[""n18""]",0,0
1,0,KMeans,118,"[""n05"", ""n18""]",0,0
1,0,KMeans,119,"[""n07"", ""n12""]",1,1
1,0,KMeans,128,"[""n03"", ""n13""]",1,1
1,0,KMeans,129,"[""n08"", ""n09"", ""n18"", ""n22""]",1,1
1,0,KMeans,130,[],0,0
1,0,KMeans,131,"[""n02"", ""n03"", ""n09"", ""n10"", ""n12""]",1,1
1,0,KMeans,132,[],0,0
1,0,KMeans,133,"[""n08""]",1,1
1,0,KMeans,134,"[""n18""]",0,0
1,0,KMeans,135,"[""n03"", ""n18"", ""n26""]",1,1
1,0,KMeans,216,"[""n07""]",1,1
1,0,KMeans,217,"[""n00"", ""n16""]",1,1
1,0,KMeans,218,"[""n06"", ""n08"", ""n21""]",0,0
1,0,KMeans,219,"[""n02"", ""n05"", ""n12"", ""n18"", ""n22"", ""n24""]",1,0
1,0,KMeans,220,[],0,0
1,0,KMeans,221,"[""n02"", ""n06"", ""n07"", ""n15""]",1,1
1,0,KMeans,222,"[""n06"", ""n20""]",1,1
1,0,KMeans,223,"[""n05"", ""n09"", ""n12"", ""n20""]",1,1
1,0,KMeans,272,"[""n27""]",1,0
1,0,KMeans,273,"[""n02"", ""n05"", ""n12"", ""n15"", ""n18"", ""n20"", ""n22""]",1,1
1,0,KMeans,274,"[""n07"", ""n12"", ""n21"", ""n23"", ""n24"", ""n27""]",1,0
1,0,KMeans,275,"[""n00"", ""n16""]",1,1
1,0,KMeans,276,"[""n19""]",1,1
1,0,KMeans,277,"[""n00"", ""n08"", ""n15"", ""n22""]",1,1
1,0,KMeans,278,"[""n08"", ""n09"", ""n17""]",0,0
1,0,KMeans,279,"[""n00"", ""n01"", ""n03"", ""n06"", ""n21"", ""n22""]",1,1
1,0,KMeans,344,"[""n06"", ""n19"", ""n27""]",0,0
1,0,KMeans,345,"[""n11"", ""n19""]",0,0
1,0,KMeans,346,"[""n02"", ""n09"", ""n14"", ""n16"", ""n21"", ""n28""]",1,1
1,0,KMeans,347,"[""n05"", ""n11"", ""n12"", ""n26""]",1,0
1,0,KMeans,348,"[""n02"", ""n11"", ""n15"", ""n24""]",1,0
1,0,KMeans,349,"[""n09"", ""n15"", ""n18"", ""n19""]",0,0
1,0,KMeans,350,"[""n00"", ""n09"", ""n27""]",1,1
1,0,KMeans,351,"[""n00"", ""n05"", ""n28""]",1,1
1,0,KMeans,352,"[""n22""]",0,0
1,0,KMeans,353,"[""n03"", ""n09"", ""n11"", ""n12"", ""n13"", ""n15"", ""n18"", ""n21""]",0,0
1,0,KMeans,354,"[""n04"", ""n05"", ""n26""]",0,0
1,0,KMeans,355,[],0,0
1,0,KMeans,356,"[""n01"", ""n03"", ""n07"", ""n16"", ""n17"", ""n22""]",1,1
1,0,KMeans,357,"[""n04"", ""n06"", ""n08"", ""n10"", ""n15"", ""n16"", ""n21"", ""n26""]",0,0
1,0,KMeans,358,"[""n03"", ""n06"", ""n11"", ""n12"", ""n18"", ""n21"", ""n25"", ""n26""]",0,0
1,0,KMeans,359,"[""n08"", ""n13"", ""n18""]",0,0
1,0,KMeans,384,"[""n08"", ""n09"", ""n14"", ""n23""]",0,0
1,0,KMeans,385,"[""n04"", ""n16"", ""n17"", ""n21"", ""n23""]",0,0
1,0,KMeans,386,"[""n01"", ""n13"", ""n15"", ""n23""]",0,0
1,0,KMeans,387,"[""n04"", ""n14"", ""n16"", ""n20""]",0,0
1,0,KMeans,388,"[""n01"", ""n05"", ""n08"", ""n10"", ""n18"", ""n22"", ""n24""]",0,0
1,0,KMeans,389,"[""n02"", ""n06"", ""n08"", ""n18""]",1,0
1,0,KMeans,390,"[""n06"", ""n10"", ""n18""]",1,0
1,0,KMeans,391,"[""n07"", ""n25""]",1,1
1,0,KMeans,392,"[""n08"", ""n10"", ""n17""]",1,1
1,0,KMeans,393,"[""n07"", ""n08"", ""n14""]",1,1
1,0,KMeans,394,"[""n03"", ""n13"", ""n15"", ""n23"", ""n27""]",1,0
1,0,KMeans,395,"[""n06"", ""n07"", ""n27"", ""n28""]",1,1
1,0,KMeans,396,"[""n08"", ""n10"", ""n14"", ""n17"", ""n21"", ""n22""]",1,1
1,0,KMeans,397,"[""n04"", ""n18"", ""n24"", ""n27""]",1,1
1,0,KMeans,398,"[""n01"", ""n11"", ""n14"", ""n19"", ""n20""]",1,1
1,0,KMeans,399,"[""n02"", ""n03"", ""n12"", ""n14"", ""n24""]",1,1
1,0,KMeans,424,"[""n01"", ""n03"", ""n10"", ""n19"", ""n26""]",1,1
1,0,KMeans,425,"[""n14"", ""n27""]",1,1
1,0,KMeans,426,"[""n07"", ""n08"", ""n12"", ""n23""]",1,1
1,0,KMeans,427,"[""n15"", ""n16"", ""n27""]",1,0
1,0,KMeans,428,"[""n09"", ""n25""]",0,0
1,0,KMeans,429,"[""n01"", ""n03"", ""n27""]",1,1
1,0,KMeans,430,"[""n00"", ""n10"", ""n21"", ""n24""]",1,1
1,0,KMeans,431,"[""n19"", ""n23""]",0,0
1,0,KMeans,488,"[""n10""]",0,0
1,0,KMeans,489,"[""n07"", ""n11"", ""n16"", ""n23""]",0,0
1,0,KMeans,490,"[""n08"", ""n15"", ""n17""]",0,0
1,0,KMeans,491,"[""n03"", ""n07"", ""n08"", ""n12""]",1,1
1,0,KMeans,492,"[""n01"", ""n09"", ""n10"", ""n22""]",0,0
1,0,KMeans,493,"[""n00"", ""n07""]",1,1
1,0,KMeans,494,"[""n07"", ""n09"", ""n20""]",1,0
1,0,KMeans,495,"[""n09"", ""n16"", ""n19""]",0,0
1,0,KMeans,528,"[""n01"", ""n05"", ""n06"", ""n17"", ""n21"", ""n24""]",1,1
1,0,KMeans,529,"[""n05"", ""n08"", ""n10"", ""n25""]",1,1
1,0,KMeans,530,"[""n01"", ""n09"", ""n23""]",1,1
1,0,KMeans,531,"[""n00"", ""n05"", ""n08"", ""n10"", ""n11"", ""n16"", ""n25""]",1,1
1,0,KMeans,532,"[""n03"", ""n08"", ""n10"", ""n15"", ""n17""]",1,1
1,0,KMeans,533,"[""n07"", ""n09"", ""n10"", ""n18""]",1,1
1,0,KMeans,534,"[""n03"", ""n14"", ""n18""]",1,0
1,0,KMeans,535,"[""n03"", ""n16""]",1,1
1,0,KMeans,592,"[""n00"", ""n25""]",1,1
1,0,KMeans,593,"[""n02"", ""n07"", ""n20"", ""n23""]",0,0
1,0,KMeans,594,"[""n01""]",1,0
1,0,KMeans,595,"[""n04"", ""n23"", ""n25""]",0,0
1,0,KMeans,596,"[""n01"", ""n03"", ""n13"", ""n17"", ""n21"", ""n23""]",1,1
1,0,KMeans,597,"[""n05""]",1,1
1,0,KMeans,598,"[""n05"", ""n10"", ""n20"", ""n25""]",1,0
1,0,KMeans,599,"[""n11"", ""n13"", ""n17"", ""n27""]",1,1
1,0,KMeans,608,"[""n09"", ""n10"", ""n11"", ""n23""]",1,1
1,0,KMeans,609,"[""n04"", ""n22""]",1,0
1,0,KMeans,610,"[""n21""]",0,0
1,0,KMeans,611,"[""n18""]",0,0
1,0,KMeans,612,"[""n04"", ""n07""]",0,0
1,0,KMeans,613,"[""n13"", ""n19"", ""n20""]",0,0
1,0,KMeans,614,[],0,0
1,0,KMeans,615,"[""n03"", ""n05"", ""n11""]",1,0
1,0,KMeans,648,[],0,0
1,0,KMeans,649,"[""n04"", ""n08"", ""n15""]",1,1
1,0,KMeans,650,"[""n03"", ""n04"", ""n06"", ""n11""]",1,1
1,0,KMeans,651,"[""n02"", ""n08"", ""n18""]",1,1
1,0,KMeans,652,"[""n09"", ""n18""]",0,0
1,0,KMeans,653,"[""n13"", ""n16""]",0,0
1,0,KMeans,654,"[""n00"", ""n01"", ""n15""]",1,0
1,0,KMeans,655,"[""n08"", ""n19""]",1,0
1,0,KMeans,680,"[""n12"", ""n20"", ""n21""]",1,1
1,0,KMeans,681,"[""n04""]",1,0
1,0,KMeans,682,"[""n00"", ""n09"", ""n25""]",1,1
1,0,KMeans,683,"[""n09"", ""n24""]",1,1
1,0,KMeans,684,"[""n03"", ""n12"", ""n25""]",1,1
1,0,KMeans,685,"[""n00"", ""n12"", ""n16"", ""n22""]",1,1
1,0,KMeans,686,"[""n00"", ""n07"", ""n09"", ""n16""]",1,1
1,0,KMeans,687,"[""n03"", ""n22""]",0,0
1,0,KMeans,768,"[""n01"", ""n03"", ""n06"", ""n09"", ""n11"", ""n12""]",1,1
1,0,KMeans,769,"[""n04""]",1,0
1,0,KMeans,770,"[""n06"", ""n15"", ""n19""]",1,1
1,0,KMeans,771,"[""n00"", ""n01""]",1,0
1,0,KMeans,772,"[""n13"", ""n17""]",1,1
1,0,KMeans,773,"[""n08"", ""n14""]",1,1
1,0,KMeans,774,"[""n09"", ""n11"", ""n14""]",0,0
1,0,KMeans,775,"[""n04"", ""n09"", ""n19"", ""n20""]",1,0
1,0,KMeans,776,"[""n01"", ""n10""]",1,1
1,0,KMeans,777,"[""n06"", ""n08"", ""n13""]",1,0
1,0,KMeans,778,"[""n11"", ""n17"", ""n21""]",1,1
1,0,KMeans,779,"[""n13""]",0,0
1,0,KMeans,780,"[""n00"", ""n05"", ""n10"", ""n13""]",0,0
1,0,KMeans,781,"[""n05"", ""n12"", ""n21""]",1,0
1,0,KMeans,782,"[""n12"", ""n19"", ""n21""]",1,0
1,0,KMeans,783,"[""n02"", ""n04""]",0,0
1,0,KMeans,784,"[""n09""]",0,0
1,0,KMeans,785,"[""n10""]",0,0
1,0,KMeans,786,[],0,0
1,0,KMeans,787,"[""n03"", ""n04"", ""n07"", ""n18""]",0,0
1,0,KMeans,788,"[""n01"", ""n07"", ""n14"", ""n22""]",1,1
1,0,KMeans,789,"[""n10"", ""n13"", ""n14"", ""n16"", ""n17"", ""n20""]",0,0
1,0,KMeans,790,"[""n01"", ""n05"", ""n20""]",1,1
1,0,KMeans,791,"[""n03"", ""n07"", ""n10"", ""n14"", ""n18"", ""n20"", ""n21""]",0,0
1,0,KMeans,848,"[""n00"", ""n08"", ""n13"", ""n24"", ""n26"", ""n28""]",1,0
1,0,KMeans,849,"[""n03"", ""n12"", ""n21"", ""n22"", ""n26""]",0,0
1,0,KMeans,850,"[""n03"", ""n05"", ""n16"", ""n24"", ""n27""]",0,0
1,0,KMeans,851,"[""n10"", ""n11"", ""n19"", ""n28""]",1,1
1,0,KMeans,852,"[""n06"", ""n10"", ""n11"", ""n12"", ""n26"", ""n28""]",1,0
1,0,KMeans,853,"[""n12"", ""n24"", ""n28""]",1,1
1,0,KMeans,854,"[""n07"", ""n10"", ""n21""]",0,0
1,0,KMeans,855,"[""n09"", ""n12"", ""n21""]",1,1
1,0,KMeans,880,"[""n14"", ""n22""]",0,0
1,0,KMeans,881,"[""n12"", ""n13""]",0,0
1,0,KMeans,882,"[""n03"", ""n08"", ""n12"", ""n14"", ""n19""]",1,0
1,0,KMeans,883,"[""n02"", ""n05"", ""n14""]",1,1
1,0,KMeans,884,"[""n12"", ""n23""]",1,1
1,0,KMeans,885,"[""n12"", ""n16""]",0,0
1,0,KMeans,886,"[""n06"", ""n19"", ""n23""]",1,1
1,0,KMeans,887,"[""n09""]",0,0
1,0,KMeans,904,"[""n04"", ""n11""]",0,0
1,0,KMeans,905,"[""n14"", ""n27""]",1,1
1,0,KMeans,906,"[""n02"", ""n03"", ""n11"", ""n14"", ""n18"", ""n20""]",1,1
1,0,KMeans,907,"[""n00""]",1,1
1,0,KMeans,908,"[""n04"", ""n09"", ""n15"", ""n17"", ""n25"", ""n26""]",0,0
1,0,KMeans,909,"[""n06"", ""n07"", ""n14"", ""n24""]",1,1
1,0,KMeans,910,"[""n01"", ""n15""]",0,0
1,0,KMeans,911,"[""n02"", ""n03"", ""n15"", ""n25""]",1,1
1,1,FixedThreshold,8,[],0,1
1,1,FixedThreshold,9,[],0,1
1,1,FixedThreshold,10,[],0,0
1,1,FixedThreshold,11,"[""n00"", ""n02""]",1,0
1,1,FixedThreshold,12,"[""n09""]",0,0
1,1,FixedThreshold,13,"[""n13"", ""n21"", ""n26""]",1,1
1,1,FixedThreshold,14,[],0,0
1,1,FixedThreshold,15,[],0,0
1,1,FixedThreshold,24,[],0,0
1,1,FixedThreshold,25,[],0,0
1,1,FixedThreshold,26,"[""n03"", ""n06"", ""n16"", ""n21""]",1,1
1,1,FixedThreshold,27,[],0,1
1,1,FixedThreshold,28,[],0,1
1,1,FixedThreshold,29,"[""n00"", ""n19""]",1,1
1,1,FixedThreshold,30,"[""n05"", ""n18""]",1,1
1,1,FixedThreshold,31,"[""n17""]",0,0
1,1,FixedThreshold,64,"[""n11"", ""n15"", ""n23"", ""n28""]",1,1
1,1,FixedThreshold,65,[],0,1
1,1,FixedThreshold,66,"[""n07""]",0,0
1,1,FixedThreshold,67,"[""n15"", ""n27""]",1,1
1,1,FixedThreshold,68,[],0,1
1,1,FixedThreshold,69,[],0,0
1,1,FixedThreshold,70,[],0,0
1,1,FixedThreshold,71,[],0,0
1,1,FixedThreshold,104,[],0,1
1,1,FixedThreshold,105,"[""n08""]",0,0
1,1,FixedThreshold,106,[],0,1
1,1,FixedThreshold,107,[],0,1
1,1,FixedThreshold,108,[],0,1
1,1,FixedThreshold,109,[],0,1
1,1,FixedThreshold,110,[],0,1
1,1,FixedThreshold,111,"[""n12""]",0,0
1,1,FixedThreshold,136,[],0,0
1,1,FixedThreshold,137,"[""n00"", ""n16"", ""n17""]",1,1
1,1,FixedThreshold,138,"[""n04"", ""n15""]",0,1
1,1,FixedThreshold,139,"[""n21""]",0,1
1,1,FixedThreshold,140,"[""n04"", ""n18"", ""n26""]",1,1
1,1,FixedThreshold,141,"[""n11"", ""n15""]",0,0
1,1,FixedThreshold,142,"[""n07""]",1,1
1,1,FixedThreshold,143,"[""n00"", ""n03""]",1,1
1,1,FixedThreshold,144,"[""n23"", ""n26""]",0,0
1,1,FixedThreshold,145,[],0,1
1,1,FixedThreshold,146,[],0,0
1,1,FixedThreshold,147,[],0,1
1,1,FixedThreshold,148,[],0,0
1,1,FixedThreshold,149,[],0,1
1,1,FixedThreshold,150,"[""n04"", ""n05"", ""n12"", ""n27""]",1,1
1,1,FixedThreshold,151,"[""n08""]",1,1
1,1,FixedThreshold,176,"[""n11"", ""n16""]",1,1
1,1,FixedThreshold,177,[],0,1
1,1,FixedThreshold,178,[],0,1
1,1,FixedThreshold,179,[],0,0
1,1,FixedThreshold,180,[],0,1
1,1,FixedThreshold,181,"[""n08""]",0,0
1,1,FixedThreshold,182,"[""n01""]",1,1
1,1,FixedThreshold,183,[],0,1
1,1,FixedThreshold,224,[],0,0
1,1,FixedThreshold,225,"[""n00"", ""n09""]",1,1
1,1,FixedThreshold,226,[],0,1
1,1,FixedThreshold,227,"[""n19""]",0,1
1,1,FixedThreshold,228,"[""n00""]",1,1
1,1,FixedThreshold,229,[],0,0
1,1,FixedThreshold,230,[],0,0
1,1,FixedThreshold,231,[],0,1
1,1,FixedThreshold,256,[],0,0
1,1,FixedThreshold,257,[],0,0
1,1,FixedThreshold,258,[],0,1
1,1,FixedThreshold,259,[],0,1
1,1,FixedThreshold,260,"[""n00"", ""n07"", ""n12""]",1,1
1,1,FixedThreshold,261,"[""n03"", ""n23""]",1,1
1,1,FixedThreshold,262,[],0,0
1,1,FixedThreshold,263,"[""n14"", ""n16""]",1,1
1,1,FixedThreshold,288,"[""n22"", ""n25""]",0,1
1,1,FixedThreshold,289,"[""n03"", ""n07"", ""n12""]",0,0
1,1,FixedThreshold,290,[],0,1
1,1,FixedThreshold,291,[],0,0
1,1,FixedThreshold,292,"[""n08"", ""n09""]",0,0
1,1,FixedThreshold,293,[],0,0
1,1,FixedThreshold,294,"[""n07"", ""n18""]",0,0
1,1,FixedThreshold,295,"[""n13""]",1,0
1,1,FixedThreshold,328,[],0,0
1,1,FixedThreshold,329,"[""n12"", ""n13"", ""n16""]",1,1
1,1,FixedThreshold,330,"[""n02"", ""n05"", ""n15""]",1,1
1,1,FixedThreshold,331,[],0,1
1,1,FixedThreshold,332,[],0,1
1,1,FixedThreshold,333,"[""n27""]",1,1
1,1,FixedThreshold,334,[],0,0
1,1,FixedThreshold,335,[],0,1
1,1,FixedThreshold,336,[],0,0
1,1,FixedThreshold,337,[],0,0
1,1,FixedThreshold,338,"[""n20"", ""n21""]",0,0
1,1,FixedThreshold,339,[],0,0
1,1,FixedThreshold,340,[],0,0
1,1,FixedThreshold,341,[],0,1
1,1,FixedThreshold,342,"[""n10""]",0,0
1,1,FixedThreshold,343,"[""n16"", ""n24"", ""n25""]",0,0
1,1,FixedThreshold,368,[],0,0
1,1,FixedThreshold,369,"[""n18""]",0,0
1,1,FixedThreshold,370,[],0,0
1,1,FixedThreshold,371,"[""n01""]",1,1
1,1,FixedThreshold,372,[],0,1
1,1,FixedThreshold,373,"[""n08""]",0,0
1,1,FixedThreshold,374,[],0,0
1,1,FixedThreshold,375,"[""n10"", ""n11""]",1,1
1,1,FixedThreshold,408,[],0,0
1,1,FixedThreshold,409,[],0,0
1,1,FixedThreshold,410,[],0,0
1,1,FixedThreshold,411,[],0,0
1,1,FixedThreshold,412,[],0,0
1,1,FixedThreshold,413,[],0,1
1,1,FixedThreshold,414,"[""n01"", ""n03""]",1,1
1,1,FixedThreshold,415,[],0,0
1,1,FixedThreshold,464,[],0,0
1,1,FixedThreshold,465,[],0,0
1,1,FixedThreshold,466,"[""n03""]",0,0
1,1,FixedThreshold,467,"[""n17"", ""n21""]",0,1
1,1,FixedThreshold,468,"[""n19""]",0,0
1,1,FixedThreshold,469,[],0,0
1,1,FixedThreshold,470,"[""n17""]",0,0
1,1,FixedThreshold,471,[],0,0
1,1,FixedThreshold,496,[],0,1
1,1,FixedThreshold,497,[],0,1
1,1,FixedThreshold,498,"[""n17"", ""n23""]",0,0
1,1,FixedThreshold,499,"[""n09""]",0,0
1,1,FixedThreshold,500,[],0,1
1,1,FixedThreshold,501,"[""n10"", ""n25"", ""n26""]",0,0
1,1,FixedThreshold,502,[],0,1
1,1,FixedThreshold,503,[],0,1
1,1,FixedThreshold,512,[],0,0
1,1,FixedThreshold,513,"[""n21""]",0,0
1,1,FixedThreshold,514,[],0,1
1,1,FixedThreshold,515,[],0,1
1,1,FixedThreshold,516,[],0,1
1,1,FixedThreshold,517,[],0,0
1,1,FixedThreshold,518,"[""n08"", ""n20"", ""n21""]",1,1
1,1,FixedThreshold,519,"[""n13""]",0,0
1,1,FixedThreshold,536,"[""n15"", ""n24""]",0,0
1,1,FixedThreshold,537,"[""n07"", ""n11"", ""n26""]",1,1
1,1,FixedThreshold,538,[],0,0
1,1,FixedThreshold,539,[],0,1
1,1,FixedThreshold,540,[],0,0
1,1,FixedThreshold,541,[],0,0
1,1,FixedThreshold,542,[],0,1
1,1,FixedThreshold,543,"[""n02"", ""n18""]",1,1
1,1,FixedThreshold,616,"[""n02"", ""n17""]",1,1
1,1,FixedThreshold,617,[],0,1
1,1,FixedThreshold,618,[],0,1
1,1,FixedThreshold,619,"[""n04"", ""n14"", ""n16"", ""n22"", ""n26""]",1,1
1,1,FixedThreshold,620,[],0,0
1,1,FixedThreshold,621,[],0,1
1,1,FixedThreshold,622,[],0,0
1,1,FixedThreshold,623,[],0,0
1,1,FixedThreshold,712,[],0,0
1,1,FixedThreshold,713,"[""n00"", ""n12""]",0,0
1,1,FixedThreshold,714,"[""n04"", ""n13""]",0,0
1,1,FixedThreshold,715,"[""n15"", ""n21""]",1,1
1,1,FixedThreshold,716,[],0,0
1,1,FixedThreshold,717,"[""n06"", ""n18""]",0,0
1,1,FixedThreshold,718,[],0,0
1,1,FixedThreshold,719,[],0,0
1,1,FixedThreshold,736,[],0,0
1,1,FixedThreshold,737,"[""n02""]",0,0
1,1,FixedThreshold,738,[],0,0
1,1,FixedThreshold,739,[],0,0
1,1,FixedThreshold,740,"[""n02"", ""n05"", ""n06""]",0,0
1,1,FixedThreshold,741,"[""n05"", ""n20""]",0,0
1,1,FixedThreshold,742,[],0,0
1,1,FixedThreshold,743,[],0,0
1,1,FixedThreshold,744,"[""n20"", ""n24""]",0,0
1,1,FixedThreshold,745,[],0,1
1,1,FixedThreshold,746,[],0,0
1,1,FixedThreshold,747,"[""n11"", ""n15""]",0,0
1,1,FixedThreshold,748,"[""n15""]",0,0
1,1,FixedThreshold,749,[],0,1
1,1,FixedThreshold,750,"[""n05"", ""n06"", ""n25""]",0,0
1,1,FixedThreshold,751,[],0,1
1,1,FixedThreshold,816,"[""n27""]",1,1
1,1,FixedThreshold,817,[],0,0
1,1,FixedThreshold,818,"[""n09""]",0,0
1,1,FixedThreshold,819,[],0,0
1,1,FixedThreshold,820,"[""n04"", ""n13"", ""n22"", ""n27""]",1,1
1,1,FixedThreshold,821,[],0,1
1,1,FixedThreshold,822,[],0,0
1,1,FixedThreshold,823,"[""n25"", ""n26"", ""n27""]",1,1
1,1,FixedThreshold,944,"[""n09"", ""n26""]",0,0
1,1,FixedThreshold,945,"[""n19"", ""n23""]",0,0
1,1,FixedThreshold,946,"[""n26""]",0,0
1,1,FixedThreshold,947,[],0,1
1,1,FixedThreshold,948,[],0,1
1,1,FixedThreshold,949,"[""n17""]",0,0
1,1,FixedThreshold,950,[],0,0
1,1,FixedThreshold,951,"[""n14"", ""n21""]",0,0
1,1,SingleCenter,8,"[""n21"", ""n26""]",1,1
1,1,SingleCenter,9,"[""n00"", ""n07"", ""n12""]",1,1
1,1,SingleCenter,10,"[""n00"", ""n08"", ""n17""]",0,0
1,1,SingleCenter,11,"[""n00"", ""n11"", ""n18""]",0,0
1,1,SingleCenter,12,"[""n09""]",0,0
1,1,SingleCenter,13,"[""n13"", ""n21"", ""n23"", ""n25"", ""n26""]",1,1
1,1,SingleCenter,14,"[""n14""]",0,0
1,1,SingleCenter,15,"[""n13"", ""n17"", ""n18""]",0,0
1,1,SingleCenter,24,[],0,0
1,1,SingleCenter,25,"[""n18"", ""n20""]",0,0
1,1,SingleCenter,26,"[""n01"", ""n03"", ""n06"", ""n16"", ""n21""]",1,1
1,1,SingleCenter,27,"[""n01"", ""n03"", ""n16"", ""n19""]",1,1
1,1,SingleCenter,28,"[""n01"", ""n21""]",1,1
1,1,SingleCenter,29,"[""n00"", ""n05"", ""n07"", ""n08"", ""n12"", ""n19""]",1,1
1,1,SingleCenter,30,"[""n05"", ""n10"", ""n18"", ""n20""]",1,1
1,1,SingleCenter,31,"[""n04"", ""n13"", ""n17""]",0,0
1,1,SingleCenter,64,"[""n05"", ""n11"", ""n13"", ""n15"", ""n19"", ""n23"", ""n28""]",1,1
1,1,SingleCenter,65,"[""n01"", ""n16"", ""n22""]",1,1
1,1,SingleCenter,66,"[""n07"", ""n17"", ""n23"", ""n28""]",1,0
1,1,SingleCenter,67,"[""n14"", ""n15"", ""n27""]",1,1
1,1,SingleCenter,68,"[""n00"", ""n01"", ""n27"", ""n28""]",1,1
1,1,SingleCenter,69,[],0,0
1,1,SingleCenter,70,"[""n23"", ""n26""]",0,0
1,1,SingleCenter,71,"[""n02"", ""n04"", ""n08""]",1,0
1,1,SingleCenter,104,"[""n23""]",1,1
1,1,SingleCenter,105,"[""n08"", ""n21""]",0,0
1,1,SingleCenter,106,"[""n00"", ""n02"", ""n10"", ""n15""]",1,1
1,1,SingleCenter,107,"[""n01""]",1,1
1,1,SingleCenter,108,"[""n00"", ""n08"", ""n13"", ""n20"", ""n22""]",1,1
1,1,SingleCenter,109,"[""n15""]",1,1
1,1,SingleCenter,110,"[""n09"", ""n14"", ""n15""]",1,1
1,1,SingleCenter,111,"[""n12"", ""n19""]",1,0
1,1,SingleCenter,136,[],0,0
1,1,SingleCenter,137,"[""n00"", ""n03"", ""n16"", ""n17""]",1,1
1,1,SingleCenter,138,"[""n01"", ""n02"", ""n09"", ""n11"", ""n15"", ""n25"", ""n29""]",1,1
1,1,SingleCenter,139,"[""n10"", ""n21"", ""n24""]",1,1
1,1,SingleCenter,140,"[""n04"", ""n15"", ""n18"", ""n26""]",1,1
1,1,SingleCenter,141,"[""n11"", ""n15"", ""n22""]",0,0
1,1,SingleCenter,142,"[""n07"", ""n15"", ""n17"", ""n26"", ""n28""]",1,1
1,1,SingleCenter,143,"[""n00"", ""n01"", ""n03""]",1,1
1,1,SingleCenter,144,"[""n04"", ""n14"", ""n15"", ""n23"", ""n26"", ""n28"", ""n29""]",1,0
1,1,SingleCenter,145,"[""n01"", ""n06"", ""n09"", ""n13"", ""n16"", ""n29""]",1,1
1,1,SingleCenter,146,"[""n15"", ""n20"", ""n22""]",0,0
1,1,SingleCenter,147,"[""n05"", ""n06"", ""n18""]",1,1
1,1,SingleCenter,148,"[""n15""]",0,0
1,1,SingleCenter,149,"[""n03"", ""n11"", ""n20"", ""n22""]",1,1
1,1,SingleCenter,150,"[""n04"", ""n05"", ""n12"", ""n15"", ""n17"", ""n23"", ""n27""]",1,1
1,1,SingleCenter,151,"[""n04"", ""n08"", ""n09"", ""n11""]",1,1
1,1,SingleCenter,176,"[""n04"", ""n11"", ""n16""]",1,1
1,1,SingleCenter,177,"[""n03"", ""n04"", ""n13"", ""n26""]",1,1
1,1,SingleCenter,178,"[""n07"", ""n16""]",1,1
1,1,SingleCenter,179,[],0,0
1,1,SingleCenter,180,"[""n17"", ""n20""]",1,1
1,1,SingleCenter,181,"[""n08"", ""n10"", ""n13"", ""n16""]",1,0
1,1,SingleCenter,182,"[""n01"", ""n25""]",1,1
1,1,SingleCenter,183,"[""n01"", ""n02""]",1,1
1,1,SingleCenter,224,[],0,0
1,1,SingleCenter,225,"[""n00"", ""n08"", ""n09"", ""n10""]",1,1
1,1,SingleCenter,226,"[""n02"", ""n05"", ""n13""]",1,1
1,1,SingleCenter,227,"[""n02"", ""n15"", ""n19"", ""n20""]",1,1
1,1,SingleCenter,228,"[""n00"", ""n11"", ""n14""]",1,1
1,1,SingleCenter,229,[],0,0
1,1,SingleCenter,230,[],0,0
1,1,SingleCenter,231,"[""n09"", ""n13""]",1,1
1,1,SingleCenter,256,"[""n15""]",0,0
1,1,SingleCenter,257,[],0,0
1,1,SingleCenter,258,"[""n06"", ""n13"", ""n15""]",1,1
1,1,SingleCenter,259,"[""n00"", ""n10"", ""n13"", ""n19""]",1,1
1,1,SingleCenter,260,"[""n00"", ""n05"", ""n07"", ""n10"", ""n12"", ""n18""]",1,1
1,1,SingleCenter,261,"[""n03"", ""n06"", ""n21"", ""n23""]",1,1
1,1,SingleCenter,262,"[""n05"", ""n13"", ""n18""]",0,0
1,1,SingleCenter,263,"[""n11"", ""n14"", ""n16""]",1,1
1,1,SingleCenter,288,"[""n14"", ""n22"", ""n25"", ""n26""]",1,1
1,1,SingleCenter,289,"[""n03"", ""n07"", ""n12"", ""n17"", ""n25""]",0,0
1,1,SingleCenter,290,"[""n01"", ""n07""]",1,1
1,1,SingleCenter,291,"[""n16""]",0,0
1,1,SingleCenter,292,"[""n08"", ""n09""]",0,0
1,1,SingleCenter,293,"[""n08"", ""n16"", ""n20"", ""n21"", ""n24""]",0,0
1,1,SingleCenter,294,"[""n07"", ""n11"", ""n18""]",0,0
1,1,SingleCenter,295,"[""n12""]",0,0
1,1,SingleCenter,328,"[""n06"", ""n07""]",1,0
1,1,SingleCenter,329,"[""n12"", ""n13"", ""n16"", ""n20"", ""n21"", ""n23"", ""n28""]",1,1
1,1,SingleCenter,330,"[""n02"", ""n05"", ""n13"", ""n15"", ""n17"", ""n23"", ""n27""]",1,1
1,1,SingleCenter,331,"[""n03"", ""n18""]",1,1
1,1,SingleCenter,332,"[""n02"", ""n04"", ""n09"", ""n19""]",1,1
1,1,SingleCenter,333,"[""n01"", ""n14"", ""n27""]",1,1
1,1,SingleCenter,334,[],0,0
1,1,SingleCenter,335,"[""n09"", ""n10"", ""n13"", ""n18""]",1,1
1,1,SingleCenter,336,"[""n02"", ""n04"", ""n11"", ""n18"", ""n24""]",0,0
1,1,SingleCenter,337,"[""n13"", ""n17"", ""n23""]",0,0
1,1,SingleCenter,338,"[""n01"", ""n03"", ""n04"", ""n20"", ""n21""]",1,0
1,1,SingleCenter,339,"[""n15"", ""n17""]",0,0
1,1,SingleCenter,340,[],0,0
1,1,SingleCenter,341,"[""n01"", ""n02"", ""n11""]",1,1
1,1,SingleCenter,342,"[""n10"", ""n17"", ""n19"", ""n24""]",0,0
1,1,SingleCenter,343,"[""n06"", ""n08"", ""n13"", ""n16"", ""n24"", ""n25""]",0,0
1,1,SingleCenter,368,[],0,0
1,1,SingleCenter,369,"[""n05"", ""n06"", ""n14"", ""n18""]",1,0
1,1,SingleCenter,370,"[""n08"", ""n18""]",0,0
1,1,SingleCenter,371,"[""n01"", ""n14"", ""n23""]",1,1
1,1,SingleCenter,372,"[""n05"", ""n16"", ""n20""]",1,1
1,1,SingleCenter,373,"[""n08""]",0,0
1,1,SingleCenter,374,[],0,0
1,1,SingleCenter,375,"[""n00"", ""n02"", ""n10"", ""n11"", ""n12"", ""n14""]",1,1
1,1,SingleCenter,408,"[""n06"", ""n18""]",0,0
1,1,SingleCenter,409,"[""n05"", ""n21"", ""n25""]",1,0
1,1,SingleCenter,410,"[""n05"", ""n08"", ""n21""]",0,0
1,1,SingleCenter,411,"[""n16""]",0,0
1,1,SingleCenter,412,"[""n06"", ""n15"", ""n17"", ""n24""]",0,0
1,1,SingleCenter,413,"[""n02"", ""n19""]",1,1
1,1,SingleCenter,414,"[""n01"", ""n03"", ""n07"", ""n12"", ""n21""]",1,1
1,1,SingleCenter,415,"[""n23""]",0,0
1,1,SingleCenter,464,"[""n02"", ""n03"", ""n11"", ""n12"", ""n13"", ""n19""]",1,0
1,1,SingleCenter,465,[],0,0
1,1,SingleCenter,466,"[""n00"", ""n02"", ""n03"", ""n14"", ""n16"", ""n20""]",1,0
1,1,SingleCenter,467,"[""n02"", ""n04"", ""n06"", ""n17"", ""n21""]",1,1
1,1,SingleCenter,468,"[""n10"", ""n11"", ""n13"", ""n19""]",0,0
1,1,SingleCenter,469,[],0,0
1,1,SingleCenter,470,"[""n00"", ""n15"", ""n17"", ""n22""]",1,0
1,1,SingleCenter,471,"[""n15"", ""n18"", ""n19"", ""n20""]",0,0
1,1,SingleCenter,496,"[""n03"", ""n15"", ""n20""]",1,1
1,1,SingleCenter,497,"[""n07"", ""n08"", ""n24""]",1,1
1,1,SingleCenter,498,"[""n00"", ""n12"", ""n14"", ""n17"", ""n23""]",1,0
1,1,SingleCenter,499,"[""n09"", ""n12""]",0,0
1,1,SingleCenter,500,"[""n09"", ""n24"", ""n29""]",1,1
1,1,SingleCenter,501,"[""n10"", ""n15"", ""n16"", ""n18"", ""n23"", ""n25"", ""n26""]",0,0
1,1,SingleCenter,502,"[""n13"", ""n14"", ""n21"", ""n27""]",1,1
1,1,SingleCenter,503,"[""n10"", ""n24"", ""n26"", ""n29""]",1,1
1,1,SingleCenter,512,"[""n19""]",1,0
1,1,SingleCenter,513,"[""n02"", ""n05"", ""n21""]",1,0
1,1,SingleCenter,514,"[""n18"", ""n19"", ""n21""]",1,1
1,1,SingleCenter,515,"[""n00"", ""n20""]",1,1
1,1,SingleCenter,516,"[""n15"", ""n21""]",1,1
1,1,SingleCenter,517,"[""n01"", ""n06"", ""n07""]",1,0
1,1,SingleCenter,518,"[""n03"", ""n04"", ""n06"", ""n07"", ""n08"", ""n13"", ""n16"", ""n20"", ""n21""]",1,1
1,1,SingleCenter,519,"[""n05"", ""n13"", ""n15"", ""n17"", ""n20""]",1,0
1,1,SingleCenter,536,"[""n15"", ""n18"", ""n24"", ""n26""]",0,0
1,1,SingleCenter,537,"[""n07"", ""n11"", ""n18"", ""n19"", ""n22"", ""n26""]",1,1
1,1,SingleCenter,538,"[""n11"", ""n22""]",0,0
1,1,SingleCenter,539,"[""n03"", ""n12"", ""n29""]",1,1
1,1,SingleCenter,540,[],0,0
1,1,SingleCenter,541,[],0,0
1,1,SingleCenter,542,"[""n00"", ""n08"", ""n23""]",1,1
1,1,SingleCenter,543,"[""n01"", ""n02"", ""n10"", ""n17"", ""n18"", ""n20""]",1,1
1,1,SingleCenter,616,"[""n02"", ""n17""]",1,1
1,1,SingleCenter,617,"[""n08"", ""n09"", ""n10"", ""n14""]",1,1
1,1,SingleCenter,618,"[""n06"", ""n17"", ""n27""]",1,1
1,1,SingleCenter,619,"[""n03"", ""n04"", ""n10"", ""n11"", ""n14"", ""n16"", ""n22"", ""n26"", ""n27""]",1,1
1,1,SingleCenter,620,"[""n06"", ""n10"", ""n16"", ""n18"", ""n23"", ""n25""]",0,0
1,1,SingleCenter,621,"[""n08"", ""n10"", ""n14"", ""n20""]",1,1
1,1,SingleCenter,622,"[""n05"", ""n09"", ""n18"", ""n20"", ""n24""]",0,0
1,1,SingleCenter,623,"[""n13""]",0,0
1,1,SingleCenter,712,"[""n02"", ""n20""]",0,0
1,1,SingleCenter,713,"[""n00"", ""n12"", ""n18""]",0,0
1,1,SingleCenter,714,"[""n02"", ""n04"", ""n06"", ""n13""]",0,0
1,1,SingleCenter,715,"[""n12"", ""n14"", ""n15"", ""n17"", ""n21""]",1,1
1,1,SingleCenter,716,"[""n07"", ""n09"", ""n16""]",0,0
1,1,SingleCenter,717,"[""n04"", ""n06"", ""n18""]",0,0
1,1,SingleCenter,718,[],0,0
1,1,SingleCenter,719,"[""n02"", ""n04"", ""n10""]",0,0
1,1,SingleCenter,736,[],0,0
1,1,SingleCenter,737,"[""n02""]",0,0
1,1,SingleCenter,738,"[""n10""]",0,0
1,1,SingleCenter,739,"[""n20""]",0,0
1,1,SingleCenter,740,"[""n00"", ""n02"", ""n05"", ""n06"", ""n10"", ""n17"", ""n19""]",0,0
1,1,SingleCenter,741,"[""n05"", ""n17"", ""n18"", ""n20""]",0,0
1,1,SingleCenter,742,"[""n02"", ""n04"", ""n16""]",1,0
1,1,SingleCenter,743,"[""n10""]",0,0
1,1,SingleCenter,744,"[""n04"", ""n20"", ""n24""]",0,0
1,1,SingleCenter,745,"[""n01"", ""n05"", ""n10"", ""n16""]",1,1
1,1,SingleCenter,746,"[""n11"", ""n12"", ""n20"", ""n21""]",0,0
1,1,SingleCenter,747,"[""n01"", ""n11"", ""n15""]",1,0
1,1,SingleCenter,748,"[""n15""]",0,0
1,1,SingleCenter,749,"[""n28""]",1,1
1,1,SingleCenter,750,"[""n05"", ""n06"", ""n12"", ""n25""]",0,0
1,1,SingleCenter,751,"[""n02"", ""n20"", ""n28""]",1,1
1,1,SingleCenter,816,"[""n24"", ""n27""]",1,1
1,1,SingleCenter,817,"[""n05"", ""n08"", ""n10"", ""n12"", ""n20""]",0,0
1,1,SingleCenter,818,"[""n07"", ""n09"", ""n12"", ""n20""]",0,0
1,1,SingleCenter,819,"[""n06""]",0,0
1,1,SingleCenter,820,"[""n04"", ""n13"", ""n22"", ""n27""]",1,1
1,1,SingleCenter,821,"[""n07"", ""n15"", ""n27""]",1,1
1,1,SingleCenter,822,"[""n16"", ""n25"", ""n26""]",0,0
1,1,SingleCenter,823,"[""n01"", ""n08"", ""n10"", ""n25"", ""n26"", ""n27""]",1,1
1,1,SingleCenter,944,"[""n03"", ""n09"", ""n26""]",1,0
1,1,SingleCenter,945,"[""n08"", ""n13"", ""n19"", ""n23""]",1,0
1,1,SingleCenter,946,"[""n04"", ""n05"", ""n06"", ""n17"", ""n26""]",1,0
1,1,SingleCenter,947,"[""n03"", ""n18""]",1,1
1,1,SingleCenter,948,"[""n01"", ""n03"", ""n05"", ""n18""]",1,1
1,1,SingleCenter,949,"[""n09"", ""n11"", ""n12"", ""n17""]",0,0
1,1,SingleCenter,950,"[""n06"", ""n16"", ""n17"", ""n21""]",1,0
1,1,SingleCenter,951,"[""n05"", ""n14"", ""n21""]",1,0
1,1,KMeans,8,"[""n02"", ""n21"", ""n26""]",1,1
1,1,KMeans,9,"[""n00"", ""n07"", ""n12""]",1,1
1,1,KMeans,10,"[""n00"", ""n03"", ""n08"", ""n17"", ""n22""]",0,0
1,1,KMeans,11,"[""n00"", ""n11"", ""n18"", ""n19""]",0,0
1,1,KMeans,12,"[""n07"", ""n09""]",1,0
1,1,KMeans,13,"[""n09"", ""n13"", ""n17"", ""n21"", ""n26""]",1,1
1,1,KMeans,14,"[""n13"", ""n14""]",0,0
1,1,KMeans,15,"[""n07"", ""n09"", ""n12"", ""n13"", ""n17"", ""n18""]",1,0
1,1,KMeans,24,"[""n18""]",0,0
1,1,KMeans,25,"[""n18"", ""n20""]",0,0
1,1,KMeans,26,"[""n01"", ""n03"", ""n06"", ""n13"", ""n16"", ""n21""]",1,1
1,1,KMeans,27,"[""n01"", ""n03"", ""n16"", ""n18"", ""n19""]",1,1
1,1,KMeans,28,"[""n01"", ""n21""]",1,1
1,1,KMeans,29,"[""n00"", ""n07"", ""n12"", ""n14"", ""n19""]",1,1
1,1,KMeans,30,"[""n01"", ""n05"", ""n09"", ""n10"", ""n18""]",1,1
1,1,KMeans,31,"[""n04"", ""n17""]",0,0
1,1,KMeans,64,"[""n05"", ""n07"", ""n11"", ""n15"", ""n23"", ""n28""]",1,1
1,1,KMeans,65,"[""n01"", ""n16"", ""n22"", ""n28""]",1,1
1,1,KMeans,66,"[""n07"", ""n17"", ""n23""]",0,0
1,1,KMeans,67,"[""n15"", ""n18"", ""n27""]",1,1
1,1,KMeans,68,"[""n00"", ""n01"", ""n08"", ""n12"", ""n16"", ""n27"", ""n28""]",1,1
1,1,KMeans,69,[],0,0
1,1,KMeans,70,"[""n11"", ""n23"", ""n26""]",0,0
1,1,KMeans,71,"[""n04""]",0,0
1,1,KMeans,104,"[""n23""]",1,1
1,1,KMeans,105,"[""n08"", ""n17""]",1,0
1,1,KMeans,106,"[""n00"", ""n02"", ""n10"", ""n15"", ""n18""]",1,1
1,1,KMeans,107,"[""n01""]",1,1
1,1,KMeans,108,"[""n00"", ""n08"", ""n13"", ""n20"", ""n22""]",1,1
1,1,KMeans,109,"[""n15""]",1,1
1,1,KMeans,110,"[""n03"", ""n07"", ""n09"", ""n14"", ""n15"", ""n16""]",1,1
1,1,KMeans,111,"[""n12""]",0,0
1,1,KMeans,136,[],0,0
1,1,KMeans,137,"[""n00"", ""n03"", ""n12"", ""n16"", ""n17"", ""n26""]",1,1
1,1,KMeans,138,"[""n01"", ""n02"", ""n03"", ""n15"", ""n25""]",1,1
1,1,KMeans,139,"[""n03"", ""n10"", ""n18"", ""n21""]",1,1
1,1,KMeans,140,"[""n04"", ""n18"", ""n26""]",1,1
1,1,KMeans,141,"[""n10"", ""n11"", ""n15"", ""n26""]",1,0
1,1,KMeans,142,"[""n00"", ""n07"", ""n26""]",1,1
1,1,KMeans,143,"[""n00"", ""n01"", ""n03"", ""n23""]",1,1
1,1,KMeans,144,"[""n04"", ""n14"", ""n23"", ""n26""]",0,0
1,1,KMeans,145,"[""n01"", ""n06"", ""n09"", ""n13"", ""n16"", ""n29""]",1,1
1,1,KMeans,146,"[""n04""]",0,0
1,1,KMeans,147,"[""n05"", ""n06"", ""n18""]",1,1
1,1,KMeans,148,"[""n15"", ""n18"", ""n25""]",0,0
1,1,KMeans,149,"[""n03"", ""n09"", ""n11"", ""n20"", ""n22"", ""n28"", ""n29""]",1,1
1,1,KMeans,150,"[""n04"", ""n05"", ""n12"", ""n23"", ""n27""]",1,1
1,1,KMeans,151,"[""n08"", ""n09"", ""n11""]",1,1
1,1,KMeans,176,"[""n07"", ""n11"", ""n16""]",1,1
1,1,KMeans,177,"[""n03"", ""n04"", ""n13"", ""n17"", ""n26""]",1,1
1,1,KMeans,178,"[""n04"", ""n07"", ""n10"", ""n15"", ""n16"", ""n26""]",1,1
1,1,KMeans,179,"[""n04""]",1,0
1,1,KMeans,180,"[""n02"", ""n08"", ""n17"", ""n20""]",1,1
1,1,KMeans,181,"[""n08"", ""n10"", ""n13"", ""n16""]",1,0
1,1,KMeans,182,"[""n01""]",1,1
1,1,KMeans,183,"[""n02"", ""n10"", ""n16""]",1,1
1,1,KMeans,224,"[""n09""]",1,0
1,1,KMeans,225,"[""n00"", ""n07"", ""n09"", ""n10"", ""n12""]",1,1
1,1,KMeans,226,"[""n02"", ""n05"", ""n13""]",1,1
1,1,KMeans,227,"[""n02"", ""n13"", ""n18"", ""n19"", ""n20""]",1,1
1,1,KMeans,228,"[""n00"", ""n03""]",1,1
1,1,KMeans,229,"[""n15""]",0,0
1,1,KMeans,230,"[""n02"", ""n19""]",1,0
1,1,KMeans,231,"[""n09"", ""n13""]",1,1
1,1,KMeans,256,[],0,0
1,1,KMeans,257,"[""n16"", ""n17"", ""n19""]",1,0
1,1,KMeans,258,"[""n02"", ""n06"", ""n13"", ""n15""]",1,1
1,1,KMeans,259,"[""n00"", ""n10"", ""n13"", ""n15"", ""n19""]",1,1
1,1,KMeans,260,"[""n00"", ""n07"", ""n10"", ""n12"", ""n18""]",1,1
1,1,KMeans,261,"[""n03"", ""n21"", ""n23""]",1,1
1,1,KMeans,262,"[""n05"", ""n13"", ""n18"", ""n19""]",0,0
1,1,KMeans,263,"[""n07"", ""n11"", ""n14"", ""n16""]",1,1
1,1,KMeans,288,"[""n02"", ""n16"", ""n22"", ""n25"", ""n26""]",1,1
1,1,KMeans,289,"[""n03"", ""n07"", ""n12""]",0,0
1,1,KMeans,290,"[""n01"", ""n07""]",1,1
1,1,KMeans,291,"[""n11"", ""n16""]",0,0
1,1,KMeans,292,"[""n08"", ""n09""]",0,0
1,1,KMeans,293,"[""n20""]",0,0
1,1,KMeans,294,"[""n07"", ""n18""]",0,0
1,1,KMeans,295,"[""n12""]",0,0
1,1,KMeans,328,"[""n06"", ""n18"", ""n27""]",1,0
1,1,KMeans,329,"[""n12"", ""n13"", ""n15"", ""n16"", ""n28""]",1,1
1,1,KMeans,330,"[""n02"", ""n05"", ""n15"", ""n27""]",1,1
1,1,KMeans,331,"[""n03"", ""n18""]",1,1
1,1,KMeans,332,"[""n02"", ""n04"", ""n09"", ""n10"", ""n19""]",1,1
1,1,KMeans,333,"[""n10"", ""n14"", ""n27""]",1,1
1,1,KMeans,334,"[""n00"", ""n16"", ""n18"", ""n23""]",1,0
1,1,KMeans,335,"[""n09"", ""n10"", ""n13"", ""n18"", ""n27""]",1,1
1,1,KMeans,336,"[""n02"", ""n04"", ""n11"", ""n18"", ""n22"", ""n24""]",1,0
1,1,KMeans,337,"[""n08"", ""n13"", ""n17"", ""n23""]",0,0
1,1,KMeans,338,"[""n00"", ""n03"", ""n20"", ""n21""]",1,0
1,1,KMeans,339,"[""n03"", ""n15"", ""n17""]",0,0
1,1,KMeans,340,"[""n01"", ""n22""]",1,0
1,1,KMeans,341,"[""n01"", ""n02"", ""n03"", ""n10"", ""n11""]",1,1
1,1,KMeans,342,"[""n10"", ""n17""]",0,0
1,1,KMeans,343,"[""n06"", ""n16"", ""n24"", ""n25""]",0,0
1,1,KMeans,368,"[""n05"", ""n07""]",1,0
1,1,KMeans,369,"[""n01"", ""n15"", ""n18""]",1,0
1,1,KMeans,370,"[""n08"", ""n16"", ""n18""]",0,0
1,1,KMeans,371,"[""n01"", ""n14"", ""n23""]",1,1
1,1,KMeans,372,"[""n05"", ""n09"", ""n16"", ""n20""]",1,1
1,1,KMeans,373,"[""n08"", ""n23""]",1,0
1,1,KMeans,374,"[""n03""]",1,0
1,1,KMeans,375,"[""n10"", ""n11""]",1,1
1,1,KMeans,408,"[""n00"", ""n06"", ""n18""]",1,0
1,1,KMeans,409,"[""n00"", ""n05"", ""n11"", ""n12"", ""n21""]",1,0
1,1,KMeans,410,"[""n06""]",0,0
1,1,KMeans,411,"[""n02"", ""n21"", ""n25""]",1,0
1,1,KMeans,412,"[""n05"", ""n06"", ""n12"", ""n13"", ""n15"", ""n17"", ""n21""]",0,0
1,1,KMeans,413,"[""n02"", ""n03"", ""n19""]",1,1
1,1,KMeans,414,"[""n01"", ""n03"", ""n06"", ""n21""]",1,1
1,1,KMeans,415,[],0,0
1,1,KMeans,464,"[""n03"", ""n06"", ""n12"", ""n13""]",0,0
1,1,KMeans,465,"[""n05""]",0,0
1,1,KMeans,466,"[""n00"", ""n03"", ""n14"", ""n16""]",0,0
1,1,KMeans,467,"[""n02"", ""n05"", ""n17"", ""n21""]",1,1
1,1,KMeans,468,"[""n10"", ""n11"", ""n13"", ""n16"", ""n19""]",0,0
1,1,KMeans,469,"[""n00"", ""n01"", ""n12""]",0,0
1,1,KMeans,470,"[""n00"", ""n05"", ""n15"", ""n17""]",1,0
1,1,KMeans,471,"[""n07"", ""n15"", ""n18"", ""n19"", ""n20""]",0,0
1,1,KMeans,496,"[""n03"", ""n15"", ""n20"", ""n23"", ""n28""]",1,1
1,1,KMeans,497,"[""n07"", ""n08"", ""n24""]",1,1
1,1,KMeans,498,"[""n00"", ""n13"", ""n17"", ""n20"", ""n23""]",1,0
1,1,KMeans,499,"[""n09"", ""n12""]",0,0
1,1,KMeans,500,"[""n05"", ""n08"", ""n09"", ""n15"", ""n23"", ""n24"", ""n27"", ""n29""]",1,1
1,1,KMeans,501,"[""n05"", ""n10"", ""n13"", ""n18"", ""n23"", ""n25"", ""n26""]",1,0
1,1,KMeans,502,"[""n13"", ""n14"", ""n21"", ""n27""]",1,1
1,1,KMeans,503,"[""n10"", ""n17"", ""n24"", ""n26"", ""n29""]",1,1
1,1,KMeans,512,"[""n19""]",1,0
1,1,KMeans,513,"[""n02"", ""n05"", ""n21"", ""n22""]",1,0
1,1,KMeans,514,"[""n18"", ""n19"", ""n21""]",1,1
1,1,KMeans,515,"[""n00"", ""n09"", ""n10"", ""n20""]",1,1
1,1,KMeans,516,"[""n15""]",1,1
1,1,KMeans,517,"[""n01"", ""n06"", ""n07""]",1,0
1,1,KMeans,518,"[""n03"", ""n07"", ""n08"", ""n13"", ""n20"", ""n21""]",1,1
1,1,KMeans,519,"[""n13"", ""n17""]",0,0
1,1,KMeans,536,"[""n15"", ""n16"", ""n21"", ""n24"", ""n26""]",1,0
1,1,KMeans,537,"[""n07"", ""n11"", ""n18"", ""n19"", ""n22"", ""n26""]",1,1
1,1,KMeans,538,"[""n11"", ""n17"", ""n22"", ""n28""]",0,0
1,1,KMeans,539,"[""n03"", ""n12"", ""n23"", ""n29""]",1,1
1,1,KMeans,540,[],0,0
1,1,KMeans,541,[],0,0
1,1,KMeans,542,"[""n00"", ""n08"", ""n23""]",1,1
1,1,KMeans,543,"[""n02"", ""n10"", ""n17"", ""n18"", ""n20""]",1,1
1,1,KMeans,616,"[""n02"", ""n17""]",1,1
1,1,KMeans,617,"[""n01"", ""n05"", ""n08"", ""n09"", ""n10"", ""n14""]",1,1
1,1,KMeans,618,"[""n06"", ""n10"", ""n17"", ""n20"", ""n27""]",1,1
1,1,KMeans,619,"[""n04"", ""n14"", ""n16"", ""n22"", ""n26"", ""n27""]",1,1
1,1,KMeans,620,"[""n06"", ""n10"", ""n16"", ""n18"", ""n23"", ""n25""]",0,0
1,1,KMeans,621,"[""n08"", ""n10"", ""n14"", ""n20""]",1,1
1,1,KMeans,622,"[""n05"", ""n07"", ""n09"", ""n18"", ""n20""]",0,0
1,1,KMeans,623,"[""n13"", ""n14""]",1,0
1,1,KMeans,712,"[""n02"", ""n17"", ""n20""]",0,0
1,1,KMeans,713,"[""n00"", ""n12"", ""n16"", ""n18""]",0,0
1,1,KMeans,714,"[""n04"", ""n06"", ""n13""]",0,0
1,1,KMeans,715,"[""n12"", ""n14"", ""n15"", ""n17"", ""n21""]",1,1
1,1,KMeans,716,"[""n07"", ""n12"", ""n16""]",0,0
1,1,KMeans,717,"[""n04"", ""n06"", ""n18""]",0,0
1,1,KMeans,718,[],0,0
1,1,KMeans,719,"[""n02"", ""n04"", ""n10"", ""n14""]",0,0
1,1,KMeans,736,"[""n06""]",0,0
1,1,KMeans,737,"[""n02""]",0,0
1,1,KMeans,738,"[""n10"", ""n14""]",0,0
1,1,KMeans,739,"[""n06"", ""n20""]",0,0
1,1,KMeans,740,"[""n00"", ""n02"", ""n05"", ""n06"", ""n10"", ""n17""]",0,0
1,1,KMeans,741,"[""n00"", ""n05"", ""n20""]",0,0
1,1,KMeans,742,"[""n04"", ""n16""]",0,0
1,1,KMeans,743,"[""n01"", ""n08"", ""n10""]",0,0
1,1,KMeans,744,"[""n04"", ""n20"", ""n24""]",0,0
1,1,KMeans,745,"[""n01"", ""n05"", ""n08"", ""n10"", ""n16""]",1,1
1,1,KMeans,746,"[""n06"", ""n11"", ""n12"", ""n20"", ""n21""]",0,0
1,1,KMeans,747,"[""n11"", ""n15""]",0,0
1,1,KMeans,748,"[""n15""]",0,0
1,1,KMeans,749,"[""n28""]",1,1
1,1,KMeans,750,"[""n05"", ""n06"", ""n12"", ""n24"", ""n25""]",0,0
1,1,KMeans,751,"[""n02"", ""n20"", ""n28""]",1,1
1,1,KMeans,816,"[""n24"", ""n27""]",1,1
1,1,KMeans,817,"[""n05"", ""n08"", ""n10"", ""n12"", ""n20"", ""n27""]",1,0
1,1,KMeans,818,"[""n01"", ""n09"", ""n12""]",0,0
1,1,KMeans,819,"[""n06""]",0,0
1,1,KMeans,820,"[""n04"", ""n13"", ""n22"", ""n27""]",1,1
1,1,KMeans,821,"[""n04"", ""n07"", ""n15"", ""n18"", ""n27""]",1,1
1,1,KMeans,822,"[""n07"", ""n10"", ""n16"", ""n21"", ""n25"", ""n26""]",0,0
1,1,KMeans,823,"[""n01"", ""n03"", ""n10"", ""n12"", ""n23"", ""n25"", ""n26"", ""n27""]",1,1
1,1,KMeans,944,"[""n02"", ""n09"", ""n15"", ""n26""]",0,0
1,1,KMeans,945,"[""n08"", ""n11"", ""n19"", ""n23""]",0,0
1,1,KMeans,946,"[""n16"", ""n26""]",1,0
1,1,KMeans,947,"[""n03"", ""n18""]",1,1
1,1,KMeans,948,"[""n01"", ""n03"", ""n05"", ""n18""]",1,1
1,1,KMeans,949,"[""n17""]",0,0
1,1,KMeans,950,"[""n06"", ""n16"", ""n17"", ""n21""]",1,0
1,1,KMeans,951,"[""n14"", ""n19"", ""n21"", ""n26""]",0,0
1,2,FixedThreshold,0,"[""n07""]",1,1
1,2,FixedThreshold,1,"[""n11"", ""n15"", ""n19""]",1,1
1,2,FixedThreshold,2,"[""n11"", ""n19""]",1,1
1,2,FixedThreshold,3,[],0,1
1,2,FixedThreshold,4,"[""n01"", ""n12""]",1,1
1,2,FixedThreshold,5,"[""n06""]",0,0
1,2,FixedThreshold,6,[],0,1
1,2,FixedThreshold,7,"[""n01"", ""n14""]",1,1
1,2,FixedThreshold,16,"[""n10""]",0,0
1,2,FixedThreshold,17,"[""n00"", ""n01"", ""n04"", ""n05"", ""n07""]",1,1
1,2,FixedThreshold,18,"[""n07"", ""n19""]",1,1
1,2,FixedThreshold,19,[],0,0
1,2,FixedThreshold,20,"[""n03"", ""n08"", ""n12""]",0,0
1,2,FixedThreshold,21,[],0,0
1,2,FixedThreshold,22,"[""n09"", ""n11""]",0,0
1,2,FixedThreshold,23,[],0,0
1,2,FixedThreshold,56,[],0,1
1,2,FixedThreshold,57,[],0,1
1,2,FixedThreshold,58,[],0,0
1,2,FixedThreshold,59,"[""n08"", ""n09"", ""n14""]",1,1
1,2,FixedThreshold,60,[],0,0
1,2,FixedThreshold,61,[],0,0
1,2,FixedThreshold,62,"[""n02""]",1,1
1,2,FixedThreshold,63,[],0,1
1,2,FixedThreshold,80,[],0,0
1,2,FixedThreshold,81,[],0,0
1,2,FixedThreshold,82,[],0,1
1,2,FixedThreshold,83,"[""n02""]",1,1
1,2,FixedThreshold,84,[],0,1
1,2,FixedThreshold,85,[],0,1
1,2,FixedThreshold,86,[],0,0
1,2,FixedThreshold,87,[],0,0
1,2,FixedThreshold,88,[],0,1
1,2,FixedThreshold,89,[],0,1
1,2,FixedThreshold,90,"[""n10""]",0,0
1,2,FixedThreshold,91,[],0,0
1,2,FixedThreshold,92,[],0,0
1,2,FixedThreshold,93,"[""n12""]",0,1
1,2,FixedThreshold,94,[],0,0
1,2,FixedThreshold,95,[],0,0
1,2,FixedThreshold,280,[],0,0
1,2,FixedThreshold,281,[],0,0
1,2,FixedThreshold,282,[],0,0
1,2,FixedThreshold,283,[],0,0
1,2,FixedThreshold,284,"[""n24""]",0,0
1,2,FixedThreshold,285,[],0,0
1,2,FixedThreshold,286,"[""n09""]",0,0
1,2,FixedThreshold,287,[],0,1
1,2,FixedThreshold,304,[],0,0
1,2,FixedThreshold,305,[],0,1
1,2,FixedThreshold,306,[],0,0
1,2,FixedThreshold,307,[],0,1
1,2,FixedThreshold,308,[],0,0
1,2,FixedThreshold,309,[],0,1
1,2,FixedThreshold,310,"[""n07""]",1,1
1,2,FixedThreshold,311,[],0,0
1,2,FixedThreshold,312,"[""n11"", ""n13"", ""n18""]",0,0
1,2,FixedThreshold,313,"[""n14"", ""n18"", ""n19""]",0,0
1,2,FixedThreshold,314,[],0,1
1,2,FixedThreshold,315,[],0,0
1,2,FixedThreshold,316,"[""n01""]",1,1
1,2,FixedThreshold,317,[],0,0
1,2,FixedThreshold,318,[],0,0
1,2,FixedThreshold,319,[],0,0
1,2,FixedThreshold,376,[],0,1
1,2,FixedThreshold,377,[],0,0
1,2,FixedThreshold,378,"[""n03"", ""n09""]",1,1
1,2,FixedThreshold,379,[],0,0
1,2,FixedThreshold,380,"[""n06"", ""n19""]",1,1
1,2,FixedThreshold,381,"[""n06""]",1,1
1,2,FixedThreshold,382,"[""n02"", ""n09"", ""n13""]",1,1
1,2,FixedThreshold,383,"[""n08"", ""n17""]",1,1
1,2,FixedThreshold,400,[],0,1
1,2,FixedThreshold,401,"[""n04"", ""n12"", ""n14""]",0,0
1,2,FixedThreshold,402,[],0,1
1,2,FixedThreshold,403,"[""n16""]",0,0
1,2,FixedThreshold,404,"[""n00"", ""n03"", ""n13"", ""n22""]",1,1
1,2,FixedThreshold,405,[],0,0
1,2,FixedThreshold,406,[],0,0
1,2,FixedThreshold,407,[],0,1
1,2,FixedThreshold,472,[],0,1
1,2,FixedThreshold,473,[],0,0
1,2,FixedThreshold,474,[],0,0
1,2,FixedThreshold,475,[],0,1
1,2,FixedThreshold,476,"[""n06""]",1,1
1,2,FixedThreshold,477,"[""n12"", ""n21""]",0,0
1,2,FixedThreshold,478,[],0,0
1,2,FixedThreshold,479,[],0,1
1,2,FixedThreshold,504,[],0,0
1,2,FixedThreshold,505,"[""n01"", ""n17""]",1,1
1,2,FixedThreshold,506,"[""n02"", ""n06""]",1,1
1,2,FixedThreshold,507,[],0,0
1,2,FixedThreshold,508,"[""n10"", ""n18""]",1,1
1,2,FixedThreshold,509,[],0,0
1,2,FixedThreshold,510,[],0,1
1,2,FixedThreshold,511,[],0,1
1,2,FixedThreshold,544,[],0,0
1,2,FixedThreshold,545,[],0,1
1,2,FixedThreshold,546,[],0,0
1,2,FixedThreshold,547,[],0,0
1,2,FixedThreshold,548,"[""n17""]",1,1
1,2,FixedThreshold,549,"[""n04"", ""n09"", ""n20""]",1,1
1,2,FixedThreshold,550,"[""n27""]",1,1
1,2,FixedThreshold,551,[],0,1
1,2,FixedThreshold,568,"[""n07""]",1,1
1,2,FixedThreshold,569,[],0,0
1,2,FixedThreshold,570,"[""n07"", ""n19""]",1,1
1,2,FixedThreshold,571,"[""n14""]",0,0
1,2,FixedThreshold,572,"[""n08"", ""n26""]",1,1
1,2,FixedThreshold,573,"[""n00"", ""n17""]",1,1
1,2,FixedThreshold,574,[],0,1
1,2,FixedThreshold,575,"[""n10"", ""n24""]",0,1
1,2,FixedThreshold,600,"[""n10"", ""n27""]",1,1
1,2,FixedThreshold,601,[],0,0
1,2,FixedThreshold,602,[],0,0
1,2,FixedThreshold,603,[],0,1
1,2,FixedThreshold,604,[],0,1
1,2,FixedThreshold,605,"[""n01"", ""n22""]",0,0
1,2,FixedThreshold,606,[],0,0
1,2,FixedThreshold,607,[],0,1
1,2,FixedThreshold,632,[],0,0
1,2,FixedThreshold,633,[],0,0
1,2,FixedThreshold,634,"[""n10""]",0,0
1,2,FixedThreshold,635,[],0,0
1,2,FixedThreshold,636,"[""n10"", ""n17"", ""n23""]",0,0
1,2,FixedThreshold,637,[],0,0
1,2,FixedThreshold,638,"[""n00"", ""n13""]",1,1
1,2,FixedThreshold,639,[],0,0
1,2,FixedThreshold,704,[],0,0
1,2,FixedThreshold,705,"[""n02"", ""n08"", ""n10"", ""n15""]",0,0
1,2,FixedThreshold,706,[],0,0
1,2,FixedThreshold,707,[],0,0
1,2,FixedThreshold,708,[],0,0
1,2,FixedThreshold,709,[],0,1
1,2,FixedThreshold,710,[],0,1
1,2,FixedThreshold,711,[],0,0
1,2,FixedThreshold,728,"[""n00"", ""n19""]",1,1
1,2,FixedThreshold,729,[],0,0
1,2,FixedThreshold,730,"[""n07""]",1,1
1,2,FixedThreshold,731,[],0,1
1,2,FixedThreshold,732,[],0,0
1,2,FixedThreshold,733,[],0,1
1,2,FixedThreshold,734,[],0,0
1,2,FixedThreshold,735,[],0,1
1,2,FixedThreshold,752,[],0,1
1,2,FixedThreshold,753,[],0,0
1,2,FixedThreshold,754,"[""n24""]",0,0
1,2,FixedThreshold,755,[],0,0
1,2,FixedThreshold,756,[],0,1
1,2,FixedThreshold,757,[],0,0
1,2,FixedThreshold,758,"[""n07"", ""n23"", ""n25""]",0,1
1,2,FixedThreshold,759,[],0,0
1,2,FixedThreshold,792,"[""n09""]",1,1
1,2,FixedThreshold,793,[],0,1
1,2,FixedThreshold,794,"[""n22""]",0,0
1,2,FixedThreshold,795,[],0,0
1,2,FixedThreshold,796,"[""n00"", ""n06"", ""n12"", ""n15""]",1,1
1,2,FixedThreshold,797,"[""n04""]",1,1
1,2,FixedThreshold,798,[],0,0
1,2,FixedThreshold,799,[],0,1
1,2,FixedThreshold,864,[],0,0
1,2,FixedThreshold,865,[],0,0
1,2,FixedThreshold,866,[],0,0
1,2,FixedThreshold,867,[],0,0
1,2,FixedThreshold,868,[],0,0
1,2,FixedThreshold,869,[],0,0
1,2,FixedThreshold,870,"[""n24""]",0,0
1,2,FixedThreshold,871,[],0,0
1,2,FixedThreshold,872,[],0,0
1,2,FixedThreshold,873,[],0,0
1,2,FixedThreshold,874,[],0,0
1,2,FixedThreshold,875,[],0,0
1,2,FixedThreshold,876,"[""n21""]",0,0
1,2,FixedThreshold,877,[],0,0
1,2,FixedThreshold,878,[],0,0
1,2,FixedThreshold,879,"[""n07"", ""n22""]",0,0
1,2,FixedThreshold,888,[],0,1
1,2,FixedThreshold,889,[],0,1
1,2,FixedThreshold,890,[],0,0
1,2,FixedThreshold,891,"[""n00"", ""n05"", ""n15"", ""n18""]",0,0
1,2,FixedThreshold,892,[],0,0
1,2,FixedThreshold,893,"[""n22"", ""n25""]",0,0
1,2,FixedThreshold,894,"[""n00"", ""n11"", ""n24""]",0,0
1,2,FixedThreshold,895,"[""n18""]",0,0
1,2,FixedThreshold,920,"[""n04""]",1,0
1,2,FixedThreshold,921,"[""n10"", ""n15"", ""n22""]",0,0
1,2,FixedThreshold,922,"[""n02""]",1,1
1,2,FixedThreshold,923,[],0,0
1,2,FixedThreshold,924,"[""n14"", ""n20""]",0,0
1,2,FixedThreshold,925,[],0,0
1,2,FixedThreshold,926,[],0,0
1,2,FixedThreshold,927,[],0,1
1,2,SingleCenter,0,"[""n00"", ""n07"", ""n12"", ""n16""]",1,1
1,2,SingleCenter,1,"[""n02"", ""n07"", ""n11"", ""n15"", ""n19""]",1,1
1,2,SingleCenter,2,"[""n11"", ""n15"", ""n17"", ""n19""]",1,1
1,2,SingleCenter,3,"[""n00"", ""n16"", ""n17"", ""n22""]",1,1
1,2,SingleCenter,4,"[""n01"", ""n07"", ""n10"", ""n12"", ""n19""]",1,1
1,2,SingleCenter,5,"[""n00"", ""n06"", ""n13""]",1,0
1,2,SingleCenter,6,"[""n04"", ""n19""]",1,1
1,2,SingleCenter,7,"[""n01"", ""n11"", ""n14""]",1,1
1,2,SingleCenter,16,"[""n10"", ""n13""]",0,0
1,2,SingleCenter,17,"[""n00"", ""n01"", ""n04"", ""n05"", ""n07"", ""n16"", ""n19""]",1,1
1,2,SingleCenter,18,"[""n03"", ""n07"", ""n10"", ""n19""]",1,1
1,2,SingleCenter,19,"[""n13""]",0,0
1,2,SingleCenter,20,"[""n00"", ""n03"", ""n08"", ""n12""]",0,0
1,2,SingleCenter,21,"[""n01"", ""n11""]",0,0
1,2,SingleCenter,22,"[""n08"", ""n09"", ""n10"", ""n11"", ""n17""]",0,0
1,2,SingleCenter,23,"[""n09""]",0,0
1,2,SingleCenter,56,"[""n03"", ""n06"", ""n11"", ""n13"", ""n15"", ""n19""]",1,1
1,2,SingleCenter,57,"[""n04""]",1,1
1,2,SingleCenter,58,"[""n00""]",1,0
1,2,SingleCenter,59,"[""n08"", ""n09"", ""n14"", ""n17"", ""n18""]",1,1
1,2,SingleCenter,60,"[""n05"", ""n11"", ""n14""]",1,0
1,2,SingleCenter,61,"[""n05""]",1,0
1,2,SingleCenter,62,"[""n02"", ""n18""]",1,1
1,2,SingleCenter,63,"[""n00"", ""n13"", ""n16"", ""n17""]",1,1
1,2,SingleCenter,80,"[""n18"", ""n19""]",0,0
1,2,SingleCenter,81,[],0,0
1,2,SingleCenter,82,"[""n02"", ""n08"", ""n24""]",1,1
1,2,SingleCenter,83,"[""n02"", ""n04"", ""n12"", ""n16"", ""n23""]",1,1
1,2,SingleCenter,84,"[""n12"", ""n15"", ""n18""]",1,1
1,2,SingleCenter,85,"[""n14"", ""n17"", ""n21""]",1,1
1,2,SingleCenter,86,"[""n11"", ""n12"", ""n17""]",0,0
1,2,SingleCenter,87,[],0,0
1,2,SingleCenter,88,"[""n02"", ""n09"", ""n25""]",1,1
1,2,SingleCenter,89,"[""n01"", ""n06"", ""n14"", ""n19"", ""n21""]",1,1
1,2,SingleCenter,90,"[""n10"", ""n12"", ""n14"", ""n21""]",0,0
1,2,SingleCenter,91,"[""n05"", ""n06"", ""n07"", ""n26""]",0,0
1,2,SingleCenter,92,"[""n04""]",0,0
1,2,SingleCenter,93,"[""n01"", ""n12""]",1,1
1,2,SingleCenter,94,"[""n19"", ""n25"", ""n27""]",0,0
1,2,SingleCenter,95,"[""n11"", ""n19"", ""n21""]",0,0
1,2,SingleCenter,280,"[""n02"", ""n08"", ""n12"", ""n17"", ""n18"", ""n19"", ""n22""]",0,0
1,2,SingleCenter,281,"[""n07"", ""n15"", ""n20"", ""n21""]",0,0
1,2,SingleCenter,282,"[""n08"", ""n22""]",0,0
1,2,SingleCenter,283,"[""n16"", ""n22"", ""n23""]",0,0
1,2,SingleCenter,284,"[""n24""]",0,0
1,2,SingleCenter,285,"[""n03"", ""n16"", ""n23""]",1,0
1,2,SingleCenter,286,"[""n01"", ""n09"", ""n10"", ""n20""]",1,0
1,2,SingleCenter,287,"[""n00"", ""n01""]",1,1
1,2,SingleCenter,304,"[""n10"", ""n12"", ""n20""]",0,0
1,2,SingleCenter,305,"[""n02"", ""n04"", ""n08"", ""n14"", ""n16""]",1,1
1,2,SingleCenter,306,"[""n11"", ""n17"", ""n25""]",0,0
1,2,SingleCenter,307,"[""n04"", ""n06"", ""n08"", ""n21"", ""n25""]",1,1
1,2,SingleCenter,308,"[""n18"", ""n19"", ""n24""]",0,0
1,2,SingleCenter,309,"[""n02"", ""n06""]",1,1
1,2,SingleCenter,310,"[""n07""]",1,1
1,2,SingleCenter,311,"[""n15"", ""n23""]",0,0
1,2,SingleCenter,312,"[""n05"", ""n11"", ""n13"", ""n16"", ""n17"", ""n18"", ""n24"", ""n25"", ""n26""]",0,0
1,2,SingleCenter,313,"[""n02"", ""n03"", ""n14"", ""n18"", ""n19"", ""n22"", ""n27"", ""n28""]",0,0
1,2,SingleCenter,314,"[""n04"", ""n07"", ""n13"", ""n27""]",1,1
1,2,SingleCenter,315,"[""n07"", ""n08"", ""n10"", ""n21"", ""n22"", ""n24""]",0,0
1,2,SingleCenter,316,"[""n00"", ""n01"", ""n05"", ""n06"", ""n13"", ""n17""]",1,1
1,2,SingleCenter,317,"[""n13"", ""n23""]",0,0
1,2,SingleCenter,318,"[""n09"", ""n24""]",0,0
1,2,SingleCenter,319,"[""n02"", ""n19"", ""n25""]",0,0
1,2,SingleCenter,376,"[""n00"", ""n09"", ""n12""]",1,1
1,2,SingleCenter,377,"[""n15""]",0,0
1,2,SingleCenter,378,"[""n03"", ""n08"", ""n09""]",1,1
1,2,SingleCenter,379,[],0,0
1,2,SingleCenter,380,"[""n01"", ""n06"", ""n19""]",1,1
1,2,SingleCenter,381,"[""n06"", ""n08"", ""n12""]",1,1
1,2,SingleCenter,382,"[""n02"", ""n09"", ""n13""]",1,1
1,2,SingleCenter,383,"[""n06"", ""n08"", ""n12"", ""n15"", ""n17""]",1,1
1,2,SingleCenter,400,"[""n25""]",1,1
1,2,SingleCenter,401,"[""n04"", ""n06"", ""n07"", ""n12"", ""n14"", ""n23""]",0,0
1,2,SingleCenter,402,"[""n00"", ""n07"", ""n09"", ""n23""]",1,1
1,2,SingleCenter,403,"[""n09"", ""n11"", ""n16"", ""n22""]",0,0
1,2,SingleCenter,404,"[""n00"", ""n03"", ""n13"", ""n17"", ""n19"", ""n20"", ""n22"", ""n24""]",1,1
1,2,SingleCenter,405,"[""n09"", ""n14"", ""n22"", ""n24""]",0,0
1,2,SingleCenter,406,"[""n13"", ""n21"", ""n23"", ""n24""]",0,0
1,2,SingleCenter,407,"[""n00"", ""n01"", ""n06"", ""n14""]",1,1
1,2,SingleCenter,472,"[""n04"", ""n10"", ""n16"", ""n18"", ""n21""]",1,1
1,2,SingleCenter,473,"[""n09"", ""n12""]",0,0
1,2,SingleCenter,474,"[""n09"", ""n14"", ""n16""]",0,0
1,2,SingleCenter,475,"[""n02"", ""n14"", ""n20""]",1,1
1,2,SingleCenter,476,"[""n06"", ""n23""]",1,1
1,2,SingleCenter,477,"[""n02"", ""n12"", ""n13"", ""n16"", ""n21""]",1,0
1,2,SingleCenter,478,"[""n14"", ""n19""]",0,0
1,2,SingleCenter,479,"[""n04"", ""n10"", ""n16""]",1,1
1,2,SingleCenter,504,"[""n09"", ""n12""]",1,0
1,2,SingleCenter,505,"[""n01"", ""n14"", ""n17""]",1,1
1,2,SingleCenter,506,"[""n02"", ""n04"", ""n06"", ""n09""]",1,1
1,2,SingleCenter,507,"[""n03"", ""n05""]",1,0
1,2,SingleCenter,508,"[""n03"", ""n04"", ""n10"", ""n13"", ""n18""]",1,1
1,2,SingleCenter,509,"[""n22""]",0,0
1,2,SingleCenter,510,"[""n18""]",1,1
1,2,SingleCenter,511,"[""n01"", ""n03"", ""n12"", ""n17"", ""n22""]",1,1
1,2,SingleCenter,544,"[""n01"", ""n09"", ""n12"", ""n24""]",1,0
1,2,SingleCenter,545,"[""n05"", ""n07"", ""n08"", ""n14"", ""n16"", ""n20"", ""n21"", ""n26""]",1,1
1,2,SingleCenter,546,"[""n02"", ""n13"", ""n16"", ""n18""]",0,0
1,2,SingleCenter,547,"[""n05"", ""n19"", ""n24""]",0,0
1,2,SingleCenter,548,"[""n05"", ""n17"", ""n25""]",1,1
1,2,SingleCenter,549,"[""n03"", ""n04"", ""n09"", ""n17"", ""n20""]",1,1
1,2,SingleCenter,550,"[""n27""]",1,1
1,2,SingleCenter,551,"[""n01"", ""n02"", ""n11"", ""n19"", ""n25"", ""n26"", ""n28""]",1,1
1,2,SingleCenter,568,"[""n07"", ""n10"", ""n17"", ""n26""]",1,1
1,2,SingleCenter,569,"[""n05""]",0,0
1,2,SingleCenter,570,"[""n07"", ""n13"", ""n19"", ""n25""]",1,1
1,2,SingleCenter,571,"[""n14"", ""n15"", ""n16"", ""n21""]",0,0
1,2,SingleCenter,572,"[""n06"", ""n08"", ""n15"", ""n26""]",1,1
1,2,SingleCenter,573,"[""n00"", ""n17""]",1,1
1,2,SingleCenter,574,"[""n01"", ""n02"", ""n05"", ""n10"", ""n17"", ""n18"", ""n21""]",1,1
1,2,SingleCenter,575,"[""n02"", ""n05"", ""n10"", ""n13"", ""n22"", ""n24""]",1,1
1,2,SingleCenter,600,"[""n10"", ""n17"", ""n22"", ""n27""]",1,1
1,2,SingleCenter,601,"[""n15"", ""n18"", ""n20""]",0,0
1,2,SingleCenter,602,"[""n03"", ""n06"", ""n14""]",0,0
1,2,SingleCenter,603,"[""n01"", ""n05"", ""n15"", ""n20"", ""n22""]",1,1
1,2,SingleCenter,604,"[""n02"", ""n03"", ""n09"", ""n23"", ""n26""]",1,1
1,2,SingleCenter,605,"[""n01"", ""n11"", ""n18"", ""n22""]",0,0
1,2,SingleCenter,606,"[""n02"", ""n08"", ""n16""]",1,0
1,2,SingleCenter,607,"[""n09"", ""n20"", ""n27""]",1,1
1,2,SingleCenter,632,"[""n20"", ""n24""]",1,0
1,2,SingleCenter,633,"[""n08"", ""n17""]",0,0
1,2,SingleCenter,634,"[""n10""]",0,0
1,2,SingleCenter,635,"[""n19""]",1,0
1,2,SingleCenter,636,"[""n10"", ""n15"", ""n17"", ""n20"", ""n23"", ""n24""]",1,0
1,2,SingleCenter,637,"[""n09""]",0,0
1,2,SingleCenter,638,"[""n00"", ""n02"", ""n13"", ""n22""]",1,1
1,2,SingleCenter,639,"[""n10""]",0,0
1,2,SingleCenter,704,"[""n03"", ""n11"", ""n15""]",0,0
1,2,SingleCenter,705,"[""n02"", ""n08"", ""n10"", ""n15""]",0,0
1,2,SingleCenter,706,"[""n07""]",0,0
1,2,SingleCenter,707,[],0,0
1,2,SingleCenter,708,"[""n09"", ""n10""]",0,0
1,2,SingleCenter,709,"[""n05"", ""n19""]",1,1
1,2,SingleCenter,710,"[""n01"", ""n05""]",1,1
1,2,SingleCenter,711,"[""n03"", ""n13""]",0,0
1,2,SingleCenter,728,"[""n00"", ""n18"", ""n19"", ""n20""]",1,1
1,2,SingleCenter,729,"[""n02"", ""n08"", ""n11""]",0,0
1,2,SingleCenter,730,"[""n07"", ""n13""]",1,1
1,2,SingleCenter,731,"[""n00"", ""n01"", ""n05"", ""n13""]",1,1
1,2,SingleCenter,732,"[""n03"", ""n12"", ""n16""]",0,0
1,2,SingleCenter,733,"[""n02"", ""n05"", ""n14"", ""n21""]",1,1
1,2,SingleCenter,734,"[""n08"", ""n13""]",0,0
1,2,SingleCenter,735,"[""n08"", ""n21""]",1,1
1,2,SingleCenter,752,"[""n01"", ""n02"", ""n04"", ""n29""]",1,1
1,2,SingleCenter,753,"[""n06"", ""n09"", ""n11"", ""n13"", ""n25""]",0,0
1,2,SingleCenter,754,"[""n17"", ""n24""]",0,0
1,2,SingleCenter,755,"[""n12"", ""n23""]",0,0
1,2,SingleCenter,756,"[""n04"", ""n10"", ""n18"", ""n19""]",1,1
1,2,SingleCenter,757,"[""n02"", ""n04"", ""n27"", ""n29""]",1,0
1,2,SingleCenter,758,"[""n07"", ""n23"", ""n25"", ""n29""]",1,1
1,2,SingleCenter,759,"[""n12"", ""n19"", ""n29""]",1,0
1,2,SingleCenter,792,"[""n09"", ""n23""]",1,1
1,2,SingleCenter,793,"[""n05"", ""n06"", ""n07"", ""n15"", ""n21""]",1,1
1,2,SingleCenter,794,"[""n13"", ""n22""]",0,0
1,2,SingleCenter,795,"[""n06"", ""n14"", ""n23""]",1,0
1,2,SingleCenter,796,"[""n00"", ""n06"", ""n12"", ""n15""]",1,1
1,2,SingleCenter,797,"[""n04"", ""n09"", ""n17"", ""n21""]",1,1
1,2,SingleCenter,798,"[""n21""]",0,0
1,2,SingleCenter,799,"[""n01"", ""n13"", ""n16"", ""n21""]",1,1
1,2,SingleCenter,864,"[""n03"", ""n05"", ""n22""]",0,0
1,2,SingleCenter,865,"[""n02"", ""n16"", ""n18"", ""n19"", ""n25""]",1,0
1,2,SingleCenter,866,"[""n00"", ""n09"", ""n13"", ""n17"", ""n18""]",0,0
1,2,SingleCenter,867,"[""n08""]",0,0
1,2,SingleCenter,868,"[""n00"", ""n01"", ""n03"", ""n20""]",0,0
1,2,SingleCenter,869,"[""n03"", ""n07"", ""n08""]",0,0
1,2,SingleCenter,870,"[""n11"", ""n13"", ""n24""]",0,0
1,2,SingleCenter,871,"[""n03"", ""n10"", ""n12""]",0,0
1,2,SingleCenter,872,"[""n01""]",0,0
1,2,SingleCenter,873,"[""n05"", ""n08"", ""n12"", ""n15""]",0,0
1,2,SingleCenter,874,"[""n12""]",0,0
1,2,SingleCenter,875,[],0,0
1,2,SingleCenter,876,"[""n04"", ""n21""]",0,0
1,2,SingleCenter,877,"[""n05"", ""n11"", ""n25""]",0,0
1,2,SingleCenter,878,"[""n02""]",1,0
1,2,SingleCenter,879,"[""n07"", ""n18"", ""n22"", ""n25""]",0,0
1,2,SingleCenter,888,"[""n08"", ""n24"", ""n27""]",1,1
1,2,SingleCenter,889,"[""n01"", ""n04"", ""n05"", ""n08"", ""n17"", ""n23"", ""n24"", ""n26""]",1,1
1,2,SingleCenter,890,"[""n00"", ""n14"", ""n20"", ""n21""]",0,0
1,2,SingleCenter,891,"[""n00"", ""n12"", ""n15"", ""n18""]",0,0
1,2,SingleCenter,892,"[""n14"", ""n15"", ""n22"", ""n24""]",0,0
1,2,SingleCenter,893,"[""n13"", ""n18"", ""n22"", ""n24"", ""n25""]",0,0
1,2,SingleCenter,894,"[""n00"", ""n11"", ""n12"", ""n20"", ""n24"", ""n27""]",1,0
1,2,SingleCenter,895,"[""n14"", ""n17"", ""n18""]",0,0
1,2,SingleCenter,920,"[""n02"", ""n07"", ""n10""]",1,0
1,2,SingleCenter,921,"[""n09"", ""n10"", ""n15"", ""n22"", ""n23""]",1,0
1,2,SingleCenter,922,"[""n02"", ""n10"", ""n18""]",1,1
1,2,SingleCenter,923,"[""n03"", ""n15"", ""n21""]",0,0
1,2,SingleCenter,924,"[""n14"", ""n20"", ""n26""]",1,0
1,2,SingleCenter,925,"[""n06"", ""n15""]",0,0
1,2,SingleCenter,926,[],0,0
1,2,SingleCenter,927,"[""n03"", ""n04"", ""n13"", ""n16"", ""n24""]",1,1
1,2,KMeans,0,"[""n04"", ""n07"", ""n16"", ""n19""]",1,1
1,2,KMeans,1,"[""n01"", ""n07"", ""n15"", ""n19"", ""n21""]",1,1
1,2,KMeans,2,"[""n11"", ""n19""]",1,1
1,2,KMeans,3,"[""n00"", ""n16"", ""n17"", ""n22""]",1,1
1,2,KMeans,4,"[""n01"", ""n03"", ""n12""]",1,1
1,2,KMeans,5,"[""n06"", ""n13""]",0,0
1,2,KMeans,6,"[""n04"", ""n19""]",1,1
1,2,KMeans,7,"[""n00"", ""n01"", ""n14"", ""n19""]",1,1
1,2,KMeans,16,"[""n02"", ""n06"", ""n10""]",0,0
1,2,KMeans,17,"[""n00"", ""n01"", ""n04"", ""n05"", ""n07"", ""n11"", ""n14"", ""n16""]",1,1
1,2,KMeans,18,"[""n07"", ""n10"", ""n19""]",1,1
1,2,KMeans,19,"[""n13"", ""n18""]",0,0
1,2,KMeans,20,"[""n00"", ""n03"", ""n08"", ""n12""]",0,0
1,2,KMeans,21,"[""n01"", ""n16""]",0,0
1,2,KMeans,22,"[""n03"", ""n08"", ""n09"", ""n10"", ""n11""]",0,0
1,2,KMeans,23,"[""n09""]",0,0
1,2,KMeans,56,"[""n03"", ""n04"", ""n06"", ""n11"", ""n12"", ""n13"", ""n15"", ""n19""]",1,1
1,2,KMeans,57,"[""n04"", ""n16""]",1,1
1,2,KMeans,58,"[""n00""]",1,0
1,2,KMeans,59,"[""n08"", ""n09"", ""n14""]",1,1
1,2,KMeans,60,"[""n14""]",0,0
1,2,KMeans,61,"[""n05""]",1,0
1,2,KMeans,62,"[""n02""]",1,1
1,2,KMeans,63,"[""n00"", ""n05"", ""n13"", ""n16""]",1,1
1,2,KMeans,80,"[""n19""]",0,0
1,2,KMeans,81,[],0,0
1,2,KMeans,82,"[""n02"", ""n08"", ""n24""]",1,1
1,2,KMeans,83,"[""n02"", ""n12""]",1,1
1,2,KMeans,84,"[""n07"", ""n12"", ""n15"", ""n17"", ""n18""]",1,1
1,2,KMeans,85,"[""n03"", ""n14"", ""n17"", ""n21""]",1,1
1,2,KMeans,86,"[""n10"", ""n11"", ""n12"", ""n21""]",1,0
1,2,KMeans,87,"[""n06"", ""n16""]",1,0
1,2,KMeans,88,"[""n02"", ""n09"", ""n25""]",1,1
1,2,KMeans,89,"[""n01"", ""n06"", ""n14"", ""n19"", ""n21""]",1,1
1,2,KMeans,90,"[""n10"", ""n12"", ""n18"", ""n23""]",0,0
1,2,KMeans,91,"[""n02"", ""n04"", ""n06"", ""n08""]",0,0
1,2,KMeans,92,"[""n01"", ""n24""]",1,0
1,2,KMeans,93,"[""n01"", ""n12"", ""n18"", ""n22""]",1,1
1,2,KMeans,94,"[""n19""]",0,0
1,2,KMeans,95,"[""n11"", ""n21"", ""n27""]",0,0
1,2,KMeans,280,"[""n02"", ""n08"", ""n12"", ""n17"", ""n18"", ""n19"", ""n22""]",0,0
1,2,KMeans,281,"[""n07"", ""n12"", ""n15"", ""n20"", ""n21"", ""n25""]",1,0
1,2,KMeans,282,"[""n08"", ""n22""]",0,0
1,2,KMeans,283,"[""n22"", ""n23"", ""n25""]",1,0
1,2,KMeans,284,"[""n24""]",0,0
1,2,KMeans,285,"[""n16"", ""n23""]",0,0
1,2,KMeans,286,"[""n01"", ""n04"", ""n05"", ""n09"", ""n20""]",1,0
1,2,KMeans,287,"[""n00"", ""n01"", ""n16"", ""n23""]",1,1
1,2,KMeans,304,"[""n12"", ""n20""]",0,0
1,2,KMeans,305,"[""n02"", ""n04"", ""n08"", ""n14"", ""n16""]",1,1
1,2,KMeans,306,"[""n01"", ""n11"", ""n17""]",0,0
1,2,KMeans,307,"[""n04"", ""n08"", ""n21"", ""n25""]",1,1
1,2,KMeans,308,"[""n18"", ""n19"", ""n24""]",0,0
1,2,KMeans,309,"[""n02"", ""n08""]",1,1
1,2,KMeans,310,"[""n06"", ""n07"", ""n09""]",1,1
1,2,KMeans,311,"[""n14"", ""n15"", ""n17"", ""n23""]",1,0
1,2,KMeans,312,"[""n05"", ""n11"", ""n13"", ""n17"", ""n18"", ""n25""]",0,0
1,2,KMeans,313,"[""n01"", ""n02"", ""n07"", ""n14"", ""n18"", ""n19"", ""n21"", ""n22"", ""n23"", ""n27""]",1,0
1,2,KMeans,314,"[""n04"", ""n07"", ""n13"", ""n18"", ""n27""]",1,1
1,2,KMeans,315,"[""n01"", ""n07"", ""n08"", ""n09"", ""n10"", ""n19"", ""n21"", ""n22"", ""n24""]",1,0
1,2,KMeans,316,"[""n00"", ""n01"", ""n13"", ""n17""]",1,1
1,2,KMeans,317,"[""n13""]",0,0
1,2,KMeans,318,"[""n01"", ""n09"", ""n24"", ""n27""]",1,0
1,2,KMeans,319,"[""n19"", ""n20"", ""n25""]",0,0
1,2,KMeans,376,"[""n00"", ""n09"", ""n12"", ""n15""]",1,1
1,2,KMeans,377,"[""n15""]",0,0
1,2,KMeans,378,"[""n03"", ""n09""]",1,1
1,2,KMeans,379,"[""n02""]",1,0
1,2,KMeans,380,"[""n01"", ""n06"", ""n19""]",1,1
1,2,KMeans,381,"[""n06""]",1,1
1,2,KMeans,382,"[""n02"", ""n09"", ""n13""]",1,1
1,2,KMeans,383,"[""n06"", ""n07"", ""n08"", ""n15"", ""n17""]",1,1
1,2,KMeans,400,"[""n11"", ""n25""]",1,1
1,2,KMeans,401,"[""n04"", ""n12"", ""n14"", ""n18"", ""n23""]",0,0
1,2,KMeans,402,"[""n00"", ""n07"", ""n09"", ""n11"", ""n23""]",1,1
1,2,KMeans,403,"[""n06"", ""n09"", ""n14"", ""n16"", ""n19""]",0,0
1,2,KMeans,404,"[""n00"", ""n03"", ""n13"", ""n19"", ""n22""]",1,1
1,2,KMeans,405,"[""n09"", ""n14"", ""n22"", ""n24""]",0,0
1,2,KMeans,406,"[""n06"", ""n13"", ""n21"", ""n23"", ""n24""]",0,0
1,2,KMeans,407,"[""n01"", ""n06"", ""n14"", ""n24""]",1,1
1,2,KMeans,472,"[""n04"", ""n10"", ""n16"", ""n18"", ""n21""]",1,1
1,2,KMeans,473,"[""n05"", ""n09"", ""n12""]",1,0
1,2,KMeans,474,"[""n09"", ""n14"", ""n16""]",0,0
1,2,KMeans,475,"[""n02"", ""n14"", ""n19"", ""n20""]",1,1
1,2,KMeans,476,"[""n00"", ""n02"", ""n06"", ""n23""]",1,1
1,2,KMeans,477,"[""n00"", ""n06"", ""n12"", ""n16"", ""n17"", ""n21""]",1,0
1,2,KMeans,478,"[""n00"", ""n11"", ""n14"", ""n19""]",1,0
1,2,KMeans,479,"[""n04"", ""n10"", ""n16""]",1,1
1,2,KMeans,504,"[""n12""]",0,0
1,2,KMeans,505,"[""n01"", ""n17""]",1,1
1,2,KMeans,506,"[""n02"", ""n08"", ""n09""]",1,1
1,2,KMeans,507,"[""n03"", ""n05"", ""n11""]",1,0
1,2,KMeans,508,"[""n03"", ""n10"", ""n18"", ""n20""]",1,1
1,2,KMeans,509,"[""n22"", ""n23"", ""n24""]",1,0
1,2,KMeans,510,"[""n18""]",1,1
1,2,KMeans,511,"[""n03"", ""n12"", ""n17""]",1,1
1,2,KMeans,544,"[""n01"", ""n09"", ""n12"", ""n24""]",1,0
1,2,KMeans,545,"[""n05"", ""n07"", ""n08"", ""n14"", ""n16"", ""n20"", ""n21"", ""n26""]",1,1
1,2,KMeans,546,"[""n02"", ""n13"", ""n16"", ""n18"", ""n20"", ""n28""]",1,0
1,2,KMeans,547,"[""n19"", ""n24""]",0,0
1,2,KMeans,548,"[""n17""]",1,1
1,2,KMeans,549,"[""n04"", ""n09"", ""n10"", ""n20"", ""n24""]",1,1
1,2,KMeans,550,"[""n27""]",1,1
1,2,KMeans,551,"[""n01"", ""n02"", ""n11"", ""n19"", ""n25"", ""n26"", ""n28""]",1,1
1,2,KMeans,568,"[""n07"", ""n14"", ""n17"", ""n26""]",1,1
1,2,KMeans,569,"[""n05"", ""n06""]",0,0
1,2,KMeans,570,"[""n07"", ""n19""]",1,1
1,2,KMeans,571,"[""n00"", ""n13"", ""n14"", ""n15""]",1,0
1,2,KMeans,572,"[""n08"", ""n26""]",1,1
1,2,KMeans,573,"[""n00"", ""n17""]",1,1
1,2,KMeans,574,"[""n00"", ""n01"", ""n02"", ""n05"", ""n10"", ""n13"", ""n17"", ""n18"", ""n21""]",1,1
1,2,KMeans,575,"[""n02"", ""n05"", ""n10"", ""n22"", ""n24""]",1,1
1,2,KMeans,600,"[""n10"", ""n17"", ""n27""]",1,1
1,2,KMeans,601,"[""n15"", ""n18"", ""n20""]",0,0
1,2,KMeans,602,"[""n03"", ""n04"", ""n06"", ""n14""]",0,0
1,2,KMeans,603,"[""n01"", ""n05"", ""n20"", ""n22""]",1,1
1,2,KMeans,604,"[""n02"", ""n03"", ""n09"", ""n23"", ""n26""]",1,1
1,2,KMeans,605,"[""n01"", ""n11"", ""n18"", ""n22""]",0,0
1,2,KMeans,606,"[""n08"", ""n16""]",0,0
1,2,KMeans,607,"[""n20"", ""n27""]",1,1
1,2,KMeans,632,"[""n00"", ""n16"", ""n17"", ""n20""]",1,0
1,2,KMeans,633,"[""n08""]",0,0
1,2,KMeans,634,"[""n05"", ""n10""]",1,0
1,2,KMeans,635,"[""n15"", ""n23""]",0,0
1,2,KMeans,636,"[""n10"", ""n15"", ""n17"", ""n23"", ""n24""]",1,0
1,2,KMeans,637,"[""n03"", ""n09"", ""n12"", ""n24""]",1,0
1,2,KMeans,638,"[""n00"", ""n08"", ""n13""]",1,1
1,2,KMeans,639,"[""n10""]",0,0
1,2,KMeans,704,"[""n03"", ""n05"", ""n11"", ""n12"", ""n15""]",1,0
1,2,KMeans,705,"[""n02"", ""n05"", ""n08"", ""n10"", ""n15""]",1,0
1,2,KMeans,706,"[""n07"", ""n10""]",0,0
1,2,KMeans,707,[],0,0
1,2,KMeans,708,"[""n00"", ""n09"", ""n10""]",1,0
1,2,KMeans,709,"[""n05"", ""n19""]",1,1
1,2,KMeans,710,"[""n01"", ""n05"", ""n10""]",1,1
1,2,KMeans,711,"[""n03"", ""n09"", ""n13"", ""n14""]",0,0
1,2,KMeans,728,"[""n00"", ""n19"", ""n20""]",1,1
1,2,KMeans,729,"[""n02"", ""n08"", ""n11""]",0,0
1,2,KMeans,730,"[""n07"", ""n09""]",1,1
1,2,KMeans,731,"[""n00"", ""n01"", ""n05"", ""n13""]",1,1
1,2,KMeans,732,"[""n01"", ""n03"", ""n12"", ""n16"", ""n17""]",1,0
1,2,KMeans,733,"[""n02"", ""n05"", ""n14"", ""n15"", ""n16"", ""n21""]",1,1
1,2,KMeans,734,"[""n08"", ""n13"", ""n18""]",0,0
1,2,KMeans,735,"[""n08"", ""n21""]",1,1
1,2,KMeans,752,"[""n01"", ""n02"", ""n04"", ""n19"", ""n29""]",1,1
1,2,KMeans,753,"[""n06"", ""n09"", ""n11"", ""n13"", ""n24""]",0,0
1,2,KMeans,754,"[""n08"", ""n12"", ""n24""]",0,0
1,2,KMeans,755,"[""n12"", ""n19"", ""n20"", ""n23""]",0,0
1,2,KMeans,756,"[""n04"", ""n10"", ""n15"", ""n18"", ""n19"", ""n20"", ""n21""]",1,1
1,2,KMeans,757,"[""n03"", ""n04"", ""n27"", ""n29""]",1,0
1,2,KMeans,758,"[""n07"", ""n16"", ""n23"", ""n25"", ""n29""]",1,1
1,2,KMeans,759,"[""n05"", ""n12"", ""n19"", ""n29""]",1,0
1,2,KMeans,792,"[""n09"", ""n23""]",1,1
1,2,KMeans,793,"[""n03"", ""n05"", ""n06"", ""n07"", ""n15"", ""n21""]",1,1
1,2,KMeans,794,"[""n08"", ""n15"", ""n22""]",1,0
1,2,KMeans,795,"[""n04"", ""n06"", ""n11"", ""n13"", ""n14""]",1,0
1,2,KMeans,796,"[""n00"", ""n06"", ""n12"", ""n15""]",1,1
1,2,KMeans,797,"[""n04"", ""n09"", ""n16"", ""n17""]",1,1
1,2,KMeans,798,[],0,0
1,2,KMeans,799,"[""n01"", ""n10"", ""n13"", ""n16"", ""n21""]",1,1
1,2,KMeans,864,"[""n03"", ""n05"", ""n22"", ""n25"", ""n26""]",0,0
1,2,KMeans,865,"[""n16"", ""n18"", ""n19"", ""n25""]",0,0
1,2,KMeans,866,"[""n00"", ""n09"", ""n13"", ""n17"", ""n18"", ""n25""]",0,0
1,2,KMeans,867,"[""n08""]",0,0
1,2,KMeans,868,"[""n01"", ""n03"", ""n20""]",0,0
1,2,KMeans,869,"[""n03"", ""n07"", ""n08"", ""n22"", ""n24"", ""n26""]",0,0
1,2,KMeans,870,"[""n24""]",0,0
1,2,KMeans,871,"[""n03"", ""n10"", ""n12"", ""n26""]",0,0
1,2,KMeans,872,"[""n01"", ""n20""]",0,0
1,2,KMeans,873,"[""n05"", ""n08"", ""n12"", ""n15""]",0,0
1,2,KMeans,874,"[""n12""]",0,0
1,2,KMeans,875,"[""n15"", ""n19""]",0,0
1,2,KMeans,876,"[""n04"", ""n21"", ""n23""]",0,0
1,2,KMeans,877,"[""n05""]",0,0
1,2,KMeans,878,[],0,0
1,2,KMeans,879,"[""n07"", ""n22""]",0,0
1,2,KMeans,888,"[""n04"", ""n08"", ""n24"", ""n27""]",1,1
1,2,KMeans,889,"[""n01"", ""n04"", ""n05"", ""n08"", ""n24"", ""n26""]",1,1
1,2,KMeans,890,"[""n00"", ""n14"", ""n20""]",0,0
1,2,KMeans,891,"[""n00"", ""n12"", ""n15"", ""n18""]",0,0
1,2,KMeans,892,"[""n15"", ""n24""]",0,0
1,2,KMeans,893,"[""n13"", ""n18"", ""n22"", ""n24"", ""n25""]",0,0
1,2,KMeans,894,"[""n00"", ""n11"", ""n24""]",0,0
1,2,KMeans,895,"[""n03"", ""n05"", ""n14"", ""n18""]",0,0
1,2,KMeans,920,"[""n04"", ""n14""]",1,0
1,2,KMeans,921,"[""n06"", ""n10"", ""n13"", ""n15"", ""n22"", ""n23"", ""n24""]",0,0
1,2,KMeans,922,"[""n02"", ""n10"", ""n18""]",1,1
1,2,KMeans,923,"[""n03"", ""n15""]",0,0
1,2,KMeans,924,"[""n09"", ""n14"", ""n20"", ""n22""]",1,0
1,2,KMeans,925,"[""n06"", ""n13"", ""n15""]",0,0
1,2,KMeans,926,"[""n22""]",0,0
1,2,KMeans,927,"[""n04"", ""n13"", ""n16"", ""n24""]",1,1
1,3,FixedThreshold,40,[],0,1
1,3,FixedThreshold,41,"[""n13""]",0,0
1,3,FixedThreshold,42,"[""n11"", ""n20"", ""n22""]",1,1
1,3,FixedThreshold,43,[],0,0
1,3,FixedThreshold,44,"[""n05""]",0,0
1,3,FixedThreshold,45,"[""n21""]",0,1
1,3,FixedThreshold,46,"[""n00"", ""n10"", ""n12"", ""n13"", ""n19""]",0,0
1,3,FixedThreshold,47,"[""n03"", ""n05"", ""n08""]",0,0
1,3,FixedThreshold,96,[],0,1
1,3,FixedThreshold,97,"[""n13""]",1,1
1,3,FixedThreshold,98,"[""n02"", ""n06""]",1,1
1,3,FixedThreshold,99,"[""n03"", ""n04""]",1,1
1,3,FixedThreshold,100,[],0,0
1,3,FixedThreshold,101,[],0,0
1,3,FixedThreshold,102,"[""n09"", ""n16"", ""n24""]",0,0
1,3,FixedThreshold,103,"[""n05"", ""n15""]",0,0
1,3,FixedThreshold,120,[],0,1
1,3,FixedThreshold,121,[],0,0
1,3,FixedThreshold,122,[],0,1
1,3,FixedThreshold,123,[],0,1
1,3,FixedThreshold,124,"[""n02"", ""n04"", ""n09""]",1,1
1,3,FixedThreshold,125,[],0,0
1,3,FixedThreshold,126,[],0,1
1,3,FixedThreshold,127,[],0,1
1,3,FixedThreshold,152,"[""n10""]",0,0
1,3,FixedThreshold,153,[],0,1
1,3,FixedThreshold,154,"[""n10""]",0,0
1,3,FixedThreshold,155,[],0,0
1,3,FixedThreshold,156,[],0,1
1,3,FixedThreshold,157,[],0,1
1,3,FixedThreshold,158,[],0,0
1,3,FixedThreshold,159,"[""n01"", ""n06""]",1,1
1,3,FixedThreshold,168,"[""n13"", ""n16""]",0,0
1,3,FixedThreshold,169,"[""n20""]",1,1
1,3,FixedThreshold,170,[],0,0
1,3,FixedThreshold,171,[],0,0
1,3,FixedThreshold,172,[],0,0
1,3,FixedThreshold,173,[],0,0
1,3,FixedThreshold,174,[],0,0
1,3,FixedThreshold,175,[],0,0
1,3,FixedThreshold,232,[],0,1
1,3,FixedThreshold,233,[],0,0
1,3,FixedThreshold,234,"[""n16"", ""n24""]",1,1
1,3,FixedThreshold,235,[],0,1
1,3,FixedThreshold,236,"[""n05"", ""n08"", ""n10""]",1,1
1,3,FixedThreshold,237,[],0,0
1,3,FixedThreshold,238,"[""n07"", ""n14""]",1,1
1,3,FixedThreshold,239,"[""n00"", ""n05"", ""n14""]",1,1
1,3,FixedThreshold,240,[],0,1
1,3,FixedThreshold,241,[],0,1
1,3,FixedThreshold,242,[],0,0
1,3,FixedThreshold,243,[],0,0
1,3,FixedThreshold,244,[],0,0
1,3,FixedThreshold,245,[],0,0
1,3,FixedThreshold,246,"[""n01"", ""n06"", ""n10""]",0,0
1,3,FixedThreshold,247,[],0,1
1,3,FixedThreshold,360,"[""n05"", ""n07"", ""n15""]",0,0
1,3,FixedThreshold,361,[],0,0
1,3,FixedThreshold,362,[],0,0
1,3,FixedThreshold,363,"[""n05"", ""n20""]",0,0
1,3,FixedThreshold,364,"[""n16""]",0,0
1,3,FixedThreshold,365,"[""n02"", ""n03"", ""n05"", ""n13"", ""n21""]",1,1
1,3,FixedThreshold,366,"[""n00"", ""n17""]",0,0
1,3,FixedThreshold,367,[],0,0
1,3,FixedThreshold,432,[],0,1
1,3,FixedThreshold,433,"[""n01"", ""n05"", ""n07"", ""n09"", ""n26""]",1,1
1,3,FixedThreshold,434,"[""n16"", ""n18"", ""n24"", ""n27""]",0,0
1,3,FixedThreshold,435,"[""n17""]",0,0
1,3,FixedThreshold,436,[],0,0
1,3,FixedThreshold,437,"[""n21"", ""n22""]",0,0
1,3,FixedThreshold,438,[],0,0
1,3,FixedThreshold,439,"[""n25""]",0,1
1,3,FixedThreshold,440,[],0,0
1,3,FixedThreshold,441,[],0,0
1,3,FixedThreshold,442,[],0,1
1,3,FixedThreshold,443,[],0,0
1,3,FixedThreshold,444,[],0,0
1,3,FixedThreshold,445,[],0,0
1,3,FixedThreshold,446,[],0,0
1,3,FixedThreshold,447,"[""n02""]",0,0
1,3,FixedThreshold,480,[],0,1
1,3,FixedThreshold,481,[],0,1
1,3,FixedThreshold,482,[],0,0
1,3,FixedThreshold,483,[],0,0
1,3,FixedThreshold,484,[],0,0
1,3,FixedThreshold,485,[],0,1
1,3,FixedThreshold,486,[],0,0
1,3,FixedThreshold,487,[],0,1
1,3,FixedThreshold,520,[],0,1
1,3,FixedThreshold,521,"[""n02"", ""n06"", ""n12"", ""n27""]",1,1
1,3,FixedThreshold,522,[],0,0
1,3,FixedThreshold,523,[],0,1
1,3,FixedThreshold,524,[],0,1
1,3,FixedThreshold,525,"[""n06"", ""n25""]",0,0
1,3,FixedThreshold,526,"[""n20"", ""n22""]",0,1
1,3,FixedThreshold,527,[],0,1
1,3,FixedThreshold,552,[],0,1
1,3,FixedThreshold,553,[],0,0
1,3,FixedThreshold,554,"[""n05"", ""n16""]",0,0
1,3,FixedThreshold,555,[],0,1
1,3,FixedThreshold,556,[],0,1
1,3,FixedThreshold,557,"[""n17"", ""n21"", ""n25""]",0,1
1,3,FixedThreshold,558,[],0,1
1,3,FixedThreshold,559,"[""n18""]",0,0
1,3,FixedThreshold,576,[],0,1
1,3,FixedThreshold,577,"[""n01"", ""n09""]",1,1
1,3,FixedThreshold,578,"[""n01"", ""n06"", ""n09""]",1,1
1,3,FixedThreshold,579,[],0,1
1,3,FixedThreshold,580,"[""n21""]",0,0
1,3,FixedThreshold,581,[],0,0
1,3,FixedThreshold,582,"[""n02"", ""n04""]",0,0
1,3,FixedThreshold,583,[],0,1
1,3,FixedThreshold,624,"[""n10"", ""n14"", ""n18""]",0,0
1,3,FixedThreshold,625,"[""n08""]",0,0
1,3,FixedThreshold,626,[],0,0
1,3,FixedThreshold,627,[],0,0
1,3,FixedThreshold,628,[],0,0
1,3,FixedThreshold,629,"[""n00"", ""n07""]",1,1
1,3,FixedThreshold,630,"[""n00"", ""n19"", ""n20""]",0,0
1,3,FixedThreshold,631,[],0,0
1,3,FixedThreshold,640,"[""n07"", ""n09"", ""n15""]",1,1
1,3,FixedThreshold,641,[],0,0
1,3,FixedThreshold,642,[],0,1
1,3,FixedThreshold,643,[],0,0
1,3,FixedThreshold,644,[],0,1
1,3,FixedThreshold,645,[],0,1
1,3,FixedThreshold,646,[],0,1
1,3,FixedThreshold,647,"[""n12"", ""n18"", ""n21""]",1,1
1,3,FixedThreshold,664,[],0,0
1,3,FixedThreshold,665,[],0,0
1,3,FixedThreshold,666,"[""n06""]",0,1
1,3,FixedThreshold,667,[],0,0
1,3,FixedThreshold,668,"[""n10"", ""n12""]",0,0
1,3,FixedThreshold,669,[],0,0
1,3,FixedThreshold,670,"[""n14"", ""n22""]",0,0
1,3,FixedThreshold,671,"[""n07""]",1,1
1,3,FixedThreshold,688,"[""n21""]",0,0
1,3,FixedThreshold,689,[],0,1
1,3,FixedThreshold,690,"[""n06"", ""n15""]",1,1
1,3,FixedThreshold,691,[],0,0
1,3,FixedThreshold,692,"[""n06""]",1,1
1,3,FixedThreshold,693,"[""n09""]",0,0
1,3,FixedThreshold,694,"[""n04""]",0,0
1,3,FixedThreshold,695,"[""n17""]",0,0
1,3,FixedThreshold,696,[],0,1
1,3,FixedThreshold,697,[],0,1
1,3,FixedThreshold,698,[],0,0
1,3,FixedThreshold,699,[],0,0
1,3,FixedThreshold,700,[],0,0
1,3,FixedThreshold,701,[],0,0
1,3,FixedThreshold,702,"[""n10""]",0,0
1,3,FixedThreshold,703,[],0,0
1,3,FixedThreshold,760,[],0,0
1,3,FixedThreshold,761,"[""n07""]",1,1
1,3,FixedThreshold,762,[],0,1
1,3,FixedThreshold,763,"[""n09"", ""n13"", ""n20"", ""n23""]",0,0
1,3,FixedThreshold,764,"[""n08""]",0,0
1,3,FixedThreshold,765,[],0,0
1,3,FixedThreshold,766,[],0,1
1,3,FixedThreshold,767,[],0,0
1,3,FixedThreshold,800,"[""n03"", ""n06"", ""n12""]",1,1
1,3,FixedThreshold,801,[],0,1
1,3,FixedThreshold,802,"[""n06""]",0,0
1,3,FixedThreshold,803,[],0,1
1,3,FixedThreshold,804,"[""n14""]",0,0
1,3,FixedThreshold,805,"[""n02"", ""n07"", ""n17""]",1,1
1,3,FixedThreshold,806,[],0,1
1,3,FixedThreshold,807,[],0,0
1,3,FixedThreshold,824,[],0,0
1,3,FixedThreshold,825,"[""n04"", ""n06"", ""n07"", ""n16""]",0,0
1,3,FixedThreshold,826,"[""n15""]",0,0
1,3,FixedThreshold,827,[],0,0
1,3,FixedThreshold,828,[],0,0
1,3,FixedThreshold,829,[],0,1
1,3,FixedThreshold,830,[],0,0
1,3,FixedThreshold,831,[],0,0
1,3,FixedThreshold,912,[],0,1
1,3,FixedThreshold,913,[],0,0
1,3,FixedThreshold,914,[],0,0
1,3,FixedThreshold,915,"[""n10"", ""n16""]",0,0
1,3,FixedThreshold,916,[],0,0
1,3,FixedThreshold,917,[],0,0
1,3,FixedThreshold,918,[],0,0
1,3,FixedThreshold,919,[],0,0
1,3,FixedThreshold,936,[],0,1
1,3,FixedThreshold,937,"[""n12"", ""n13""]",0,0
1,3,FixedThreshold,938,[],0,0
1,3,FixedThreshold,939,[],0,0
1,3,FixedThreshold,940,"[""n05"", ""n19""]",0,0
1,3,FixedThreshold,941,"[""n00""]",1,1
1,3,FixedThreshold,942,"[""n05""]",0,0
1,3,FixedThreshold,943,[],0,1
1,3,SingleCenter,40,"[""n08"", ""n10"", ""n11"", ""n12"", ""n22""]",1,1
1,3,SingleCenter,41,"[""n13"", ""n22""]",1,0
1,3,SingleCenter,42,"[""n00"", ""n05"", ""n11"", ""n20"", ""n22""]",1,1
1,3,SingleCenter,43,"[""n13"", ""n19""]",0,0
1,3,SingleCenter,44,"[""n05"", ""n07"", ""n09"", ""n16""]",1,0
1,3,SingleCenter,45,"[""n09"", ""n21"", ""n22""]",1,1
1,3,SingleCenter,46,"[""n00"", ""n07"", ""n10"", ""n12"", ""n13"", ""n19"", ""n20""]",0,0
1,3,SingleCenter,47,"[""n02"", ""n03"", ""n05"", ""n08"", ""n09""]",1,0
1,3,SingleCenter,96,"[""n02""]",1,1
1,3,SingleCenter,97,"[""n13"", ""n23""]",1,1
1,3,SingleCenter,98,"[""n02"", ""n06"", ""n09"", ""n24""]",1,1
1,3,SingleCenter,99,"[""n03"", ""n04"", ""n22""]",1,1
1,3,SingleCenter,100,"[""n16""]",0,0
1,3,SingleCenter,101,"[""n06"", ""n09"", ""n10"", ""n14""]",1,0
1,3,SingleCenter,102,"[""n09"", ""n15"", ""n16"", ""n24""]",0,0
1,3,SingleCenter,103,"[""n03"", ""n05"", ""n09"", ""n15"", ""n26""]",1,0
1,3,SingleCenter,120,"[""n02"", ""n03""]",1,1
1,3,SingleCenter,121,"[""n05"", ""n13""]",0,0
1,3,SingleCenter,122,"[""n04"", ""n08"", ""n11"", ""n17""]",1,1
1,3,SingleCenter,123,"[""n03"", ""n09"", ""n13""]",1,1
1,3,SingleCenter,124,"[""n02"", ""n04"", ""n05"", ""n09"", ""n19""]",1,1
1,3,SingleCenter,125,[],0,0
1,3,SingleCenter,126,"[""n12""]",1,1
1,3,SingleCenter,127,"[""n00"", ""n13"", ""n17""]",1,1
1,3,SingleCenter,152,"[""n10""]",0,0
1,3,SingleCenter,153,"[""n20""]",1,1
1,3,SingleCenter,154,"[""n10"", ""n15"", ""n16""]",0,0
1,3,SingleCenter,155,"[""n17""]",0,0
1,3,SingleCenter,156,"[""n01"", ""n17""]",1,1
1,3,SingleCenter,157,"[""n09"", ""n10"", ""n14"", ""n18"", ""n20""]",1,1
1,3,SingleCenter,158,"[""n05""]",0,0
1,3,SingleCenter,159,"[""n01"", ""n06"", ""n15""]",1,1
1,3,SingleCenter,168,"[""n06"", ""n13"", ""n14"", ""n16"", ""n23"", ""n26""]",1,0
1,3,SingleCenter,169,"[""n04"", ""n06"", ""n11"", ""n14"", ""n16"", ""n20""]",1,1
1,3,SingleCenter,170,"[""n17"", ""n22""]",0,0
1,3,SingleCenter,171,"[""n04"", ""n10"", ""n13""]",0,0
1,3,SingleCenter,172,"[""n05"", ""n21""]",0,0
1,3,SingleCenter,173,[],0,0
1,3,SingleCenter,174,[],0,0
1,3,SingleCenter,175,"[""n06"", ""n19""]",0,0
1,3,SingleCenter,232,"[""n09"", ""n10"", ""n12"", ""n17"", ""n24""]",1,1
1,3,SingleCenter,233,"[""n16""]",1,0
1,3,SingleCenter,234,"[""n05"", ""n08"", ""n16"", ""n19"", ""n20"", ""n24""]",1,1
1,3,SingleCenter,235,"[""n03"", ""n12""]",1,1
1,3,SingleCenter,236,"[""n00"", ""n01"", ""n05"", ""n08"", ""n10"", ""n11"", ""n16"", ""n23""]",1,1
1,3,SingleCenter,237,"[""n00"", ""n10"", ""n13""]",1,0
1,3,SingleCenter,238,"[""n03"", ""n07"", ""n14"", ""n21""]",1,1
1,3,SingleCenter,239,"[""n00"", ""n03"", ""n04"", ""n05"", ""n07"", ""n12"", ""n14"", ""n18""]",1,1
1,3,SingleCenter,240,"[""n11"", ""n23""]",1,1
1,3,SingleCenter,241,"[""n00"", ""n01"", ""n03"", ""n16""]",1,1
1,3,SingleCenter,242,"[""n02"", ""n20""]",0,0
1,3,SingleCenter,243,"[""n21""]",0,0
1,3,SingleCenter,244,"[""n04"", ""n07"", ""n14""]",0,0
1,3,SingleCenter,245,"[""n11"", ""n18""]",0,0
1,3,SingleCenter,246,"[""n01"", ""n10""]",0,0
1,3,SingleCenter,247,"[""n23""]",1,1
1,3,SingleCenter,360,"[""n03"", ""n04"", ""n05"", ""n06"", ""n07"", ""n15"", ""n19""]",0,0
1,3,SingleCenter,361,"[""n10"", ""n15"", ""n18""]",0,0
1,3,SingleCenter,362,"[""n11""]",1,0
1,3,SingleCenter,363,"[""n05"", ""n09"", ""n20""]",0,0
1,3,SingleCenter,364,"[""n16"", ""n18""]",0,0
1,3,SingleCenter,365,"[""n03"", ""n05"", ""n13"", ""n16"", ""n20"", ""n21""]",1,1
1,3,SingleCenter,366,"[""n00"", ""n08"", ""n14"", ""n17""]",0,0
1,3,SingleCenter,367,"[""n04"", ""n08""]",0,0
1,3,SingleCenter,432,"[""n03"", ""n07"", ""n10"", ""n11"", ""n29""]",1,1
1,3,SingleCenter,433,"[""n01"", ""n04"", ""n05"", ""n07"", ""n09"", ""n24"", ""n26""]",1,1
1,3,SingleCenter,434,"[""n16"", ""n18"", ""n24"", ""n27""]",0,0
1,3,SingleCenter,435,"[""n10"", ""n17"", ""n19""]",0,0
1,3,SingleCenter,436,"[""n09"", ""n10"", ""n13"", ""n25""]",0,0
1,3,SingleCenter,437,"[""n03"", ""n21"", ""n22"", ""n25"", ""n29""]",1,0
1,3,SingleCenter,438,"[""n14"", ""n19"", ""n21"", ""n25""]",0,0
1,3,SingleCenter,439,"[""n02"", ""n03"", ""n06"", ""n13"", ""n14"", ""n16"", ""n25"", ""n28"", ""n29""]",1,1
1,3,SingleCenter,440,"[""n10"", ""n20""]",0,0
1,3,SingleCenter,441,"[""n03"", ""n11"", ""n12"", ""n22""]",0,0
1,3,SingleCenter,442,"[""n05"", ""n09"", ""n17"", ""n21"", ""n24"", ""n25""]",1,1
1,3,SingleCenter,443,"[""n03"", ""n09"", ""n14"", ""n18"", ""n20""]",0,0
1,3,SingleCenter,444,[],0,0
1,3,SingleCenter,445,"[""n14""]",0,0
1,3,SingleCenter,446,"[""n05"", ""n10"", ""n12"", ""n13"", ""n21""]",0,0
1,3,SingleCenter,447,"[""n02""]",0,0
1,3,SingleCenter,480,"[""n02"", ""n06"", ""n12"", ""n22""]",1,1
1,3,SingleCenter,481,"[""n06"", ""n07""]",1,1
1,3,SingleCenter,482,"[""n13""]",0,0
1,3,SingleCenter,483,[],0,0
1,3,SingleCenter,484,"[""n08"", ""n21""]",0,0
1,3,SingleCenter,485,"[""n03""]",1,1
1,3,SingleCenter,486,"[""n16""]",0,0
1,3,SingleCenter,487,"[""n03"", ""n20""]",1,1
1,3,SingleCenter,520,"[""n11"", ""n28""]",1,1
1,3,SingleCenter,521,"[""n02"", ""n06"", ""n12"", ""n27""]",1,1
1,3,SingleCenter,522,"[""n16""]",0,0
1,3,SingleCenter,523,"[""n28""]",1,1
1,3,SingleCenter,524,"[""n01"", ""n10""]",1,1
1,3,SingleCenter,525,"[""n06"", ""n16"", ""n25""]",0,0
1,3,SingleCenter,526,"[""n06"", ""n12"", ""n13"", ""n15"", ""n16"", ""n20"", ""n22"", ""n26""]",1,1
1,3,SingleCenter,527,"[""n03"", ""n10"", ""n11""]",1,1
1,3,SingleCenter,552,"[""n00"", ""n04"", ""n05"", ""n26""]",1,1
1,3,SingleCenter,553,[],0,0
1,3,SingleCenter,554,"[""n02"", ""n05"", ""n13"", ""n16"", ""n22""]",1,0
1,3,SingleCenter,555,"[""n04"", ""n09"", ""n20"", ""n22"", ""n26""]",1,1
1,3,SingleCenter,556,"[""n02"", ""n06"", ""n13"", ""n19""]",1,1
1,3,SingleCenter,557,"[""n17"", ""n21"", ""n25"", ""n27"", ""n29""]",1,1
1,3,SingleCenter,558,"[""n07"", ""n21"", ""n26""]",1,1
1,3,SingleCenter,559,"[""n00"", ""n01"", ""n13"", ""n14"", ""n18"", ""n19"", ""n23"", ""n26""]",1,0
1,3,SingleCenter,576,"[""n15"", ""n18"", ""n21"", ""n25""]",1,1
1,3,SingleCenter,577,"[""n01"", ""n03"", ""n09""]",1,1
1,3,SingleCenter,578,"[""n01"", ""n04"", ""n06"", ""n09"", ""n17"", ""n23""]",1,1
1,3,SingleCenter,579,"[""n03"", ""n11""]",1,1
1,3,SingleCenter,580,"[""n02"", ""n05"", ""n06"", ""n21""]",0,0
1,3,SingleCenter,581,"[""n27""]",0,0
1,3,SingleCenter,582,"[""n02"", ""n03"", ""n04"", ""n26""]",1,0
1,3,SingleCenter,583,"[""n03"", ""n19""]",1,1
1,3,SingleCenter,624,"[""n03"", ""n05"", ""n06"", ""n10"", ""n14"", ""n18"", ""n20""]",0,0
1,3,SingleCenter,625,"[""n06"", ""n07"", ""n08"", ""n20""]",0,0
1,3,SingleCenter,626,"[""n07"", ""n08"", ""n13"", ""n18""]",0,0
1,3,SingleCenter,627,"[""n06"", ""n18""]",0,0
1,3,SingleCenter,628,"[""n07"", ""n10"", ""n22"", ""n24""]",0,0
1,3,SingleCenter,629,"[""n00"", ""n07"", ""n08"", ""n11"", ""n22""]",1,1
1,3,SingleCenter,630,"[""n00"", ""n01"", ""n19"", ""n20"", ""n23""]",1,0
1,3,SingleCenter,631,"[""n26""]",0,0
1,3,SingleCenter,640,"[""n02"", ""n07"", ""n09"", ""n14"", ""n15""]",1,1
1,3,SingleCenter,641,"[""n13""]",0,0
1,3,SingleCenter,642,"[""n01"", ""n04"", ""n06"", ""n21""]",1,1
1,3,SingleCenter,643,"[""n13""]",0,0
1,3,SingleCenter,644,"[""n09""]",1,1
1,3,SingleCenter,645,"[""n03"", ""n04"", ""n07"", ""n11""]",1,1
1,3,SingleCenter,646,"[""n02""]",1,1
1,3,SingleCenter,647,"[""n08"", ""n12"", ""n17"", ""n18"", ""n21""]",1,1
1,3,SingleCenter,664,"[""n18""]",0,0
1,3,SingleCenter,665,"[""n01"", ""n09"", ""n21"", ""n23""]",1,0
1,3,SingleCenter,666,"[""n00"", ""n03"", ""n06"", ""n11"", ""n12""]",1,1
1,3,SingleCenter,667,"[""n06"", ""n08"", ""n15"", ""n16"", ""n21""]",1,0
1,3,SingleCenter,668,"[""n10"", ""n12"", ""n17""]",0,0
1,3,SingleCenter,669,"[""n02"", ""n03"", ""n15"", ""n28""]",1,0
1,3,SingleCenter,670,"[""n04"", ""n07"", ""n09"", ""n12"", ""n14"", ""n22"", ""n25""]",1,0
1,3,SingleCenter,671,"[""n01"", ""n07"", ""n10"", ""n23"", ""n25""]",1,1
1,3,SingleCenter,688,"[""n02"", ""n10"", ""n14"", ""n21""]",1,0
1,3,SingleCenter,689,"[""n13"", ""n15"", ""n17""]",1,1
1,3,SingleCenter,690,"[""n06"", ""n15""]",1,1
1,3,SingleCenter,691,"[""n04"", ""n16"", ""n19""]",0,0
1,3,SingleCenter,692,"[""n06"", ""n15""]",1,1
1,3,SingleCenter,693,"[""n05"", ""n09"", ""n11"", ""n13""]",1,0
1,3,SingleCenter,694,"[""n00"", ""n05"", ""n10"", ""n17""]",1,0
1,3,SingleCenter,695,"[""n00"", ""n12"", ""n17""]",1,0
1,3,SingleCenter,696,"[""n23""]",1,1
1,3,SingleCenter,697,"[""n16""]",1,1
1,3,SingleCenter,698,"[""n18""]",0,0
1,3,SingleCenter,699,"[""n02"", ""n11"", ""n21""]",0,0
1,3,SingleCenter,700,"[""n03"", ""n18""]",0,0
1,3,SingleCenter,701,"[""n03"", ""n11"", ""n12"", ""n23""]",1,0
1,3,SingleCenter,702,"[""n00"", ""n02"", ""n04"", ""n09"", ""n10"", ""n13"", ""n15"", ""n17"", ""n20""]",1,0
1,3,SingleCenter,703,"[""n06"", ""n09"", ""n14"", ""n18""]",0,0
1,3,SingleCenter,760,"[""n18"", ""n21""]",0,0
1,3,SingleCenter,761,"[""n07"", ""n08"", ""n09"", ""n16"", ""n19"", ""n25""]",1,1
1,3,SingleCenter,762,"[""n00"", ""n03"", ""n12"", ""n25""]",1,1
1,3,SingleCenter,763,"[""n09"", ""n12"", ""n13"", ""n15"", ""n20"", ""n21"", ""n23"", ""n24""]",1,0
1,3,SingleCenter,764,"[""n06"", ""n08"", ""n21""]",0,0
1,3,SingleCenter,765,"[""n08"", ""n24""]",0,0
1,3,SingleCenter,766,"[""n02"", ""n04"", ""n05"", ""n23""]",1,1
1,3,SingleCenter,767,"[""n22""]",0,0
1,3,SingleCenter,800,"[""n03"", ""n06"", ""n08"", ""n12"", ""n18"", ""n19""]",1,1
1,3,SingleCenter,801,"[""n08"", ""n10"", ""n15""]",1,1
1,3,SingleCenter,802,"[""n00"", ""n02"", ""n06"", ""n12""]",1,0
1,3,SingleCenter,803,"[""n04"", ""n08""]",1,1
1,3,SingleCenter,804,"[""n09"", ""n14"", ""n19""]",1,0
1,3,SingleCenter,805,"[""n02"", ""n07"", ""n17""]",1,1
1,3,SingleCenter,806,"[""n02"", ""n09"", ""n15"", ""n19""]",1,1
1,3,SingleCenter,807,"[""n15""]",0,0
1,3,SingleCenter,824,"[""n03"", ""n05"", ""n16""]",1,0
1,3,SingleCenter,825,"[""n04"", ""n06"", ""n07"", ""n16"", ""n18""]",0,0
1,3,SingleCenter,826,"[""n15""]",0,0
1,3,SingleCenter,827,"[""n04"", ""n13""]",0,0
1,3,SingleCenter,828,[],0,0
1,3,SingleCenter,829,"[""n08"", ""n17""]",1,1
1,3,SingleCenter,830,"[""n03""]",1,0
1,3,SingleCenter,831,"[""n15""]",0,0
1,3,SingleCenter,912,"[""n15"", ""n24""]",1,1
1,3,SingleCenter,913,"[""n15"", ""n23""]",0,0
1,3,SingleCenter,914,"[""n04"", ""n09"", ""n11"", ""n22""]",1,0
1,3,SingleCenter,915,"[""n10"", ""n15"", ""n16""]",0,0
1,3,SingleCenter,916,"[""n02"", ""n07""]",0,0
1,3,SingleCenter,917,"[""n15""]",0,0
1,3,SingleCenter,918,[],0,0
1,3,SingleCenter,919,"[""n08"", ""n21"", ""n22""]",0,0
1,3,SingleCenter,936,"[""n06"", ""n07"", ""n08"", ""n11"", ""n13"", ""n18"", ""n19""]",1,1
1,3,SingleCenter,937,"[""n02"", ""n12"", ""n13""]",0,0
1,3,SingleCenter,938,"[""n11"", ""n16""]",1,0
1,3,SingleCenter,939,"[""n05"", ""n14"", ""n16"", ""n20""]",1,0
1,3,SingleCenter,940,"[""n05"", ""n09"", ""n10"", ""n19""]",1,0
1,3,SingleCenter,941,"[""n00"", ""n02"", ""n03""]",1,1
1,3,SingleCenter,942,"[""n05""]",0,0
1,3,SingleCenter,943,"[""n10""]",1,1
1,3,KMeans,40,"[""n08"", ""n10"", ""n11"", ""n12"", ""n22""]",1,1
1,3,KMeans,41,"[""n13""]",0,0
1,3,KMeans,42,"[""n00"", ""n11"", ""n20"", ""n22""]",1,1
1,3,KMeans,43,"[""n13"", ""n19"", ""n22""]",1,0
1,3,KMeans,44,"[""n05"", ""n15""]",0,0
1,3,KMeans,45,"[""n09"", ""n21"", ""n22""]",1,1
1,3,KMeans,46,"[""n00"", ""n10"", ""n12"", ""n13"", ""n17"", ""n19""]",0,0
1,3,KMeans,47,"[""n03"", ""n05"", ""n08"", ""n09""]",0,0
1,3,KMeans,96,"[""n02"", ""n20""]",1,1
1,3,KMeans,97,"[""n10"", ""n13"", ""n14"", ""n23""]",1,1
1,3,KMeans,98,"[""n02"", ""n06"", ""n24""]",1,1
1,3,KMeans,99,"[""n03"", ""n04"", ""n14"", ""n22""]",1,1
1,3,KMeans,100,"[""n16""]",0,0
1,3,KMeans,101,"[""n09"", ""n14""]",0,0
1,3,KMeans,102,"[""n08"", ""n09"", ""n15"", ""n16"", ""n19"", ""n24""]",0,0
1,3,KMeans,103,"[""n03"", ""n05"", ""n14"", ""n15"", ""n26""]",1,0
1,3,KMeans,120,"[""n02"", ""n03""]",1,1
1,3,KMeans,121,"[""n05"", ""n13"", ""n14""]",0,0
1,3,KMeans,122,"[""n04"", ""n08"", ""n15""]",1,1
1,3,KMeans,123,"[""n03"", ""n05"", ""n09"", ""n13"", ""n19""]",1,1
1,3,KMeans,124,"[""n02"", ""n04"", ""n09"", ""n19""]",1,1
1,3,KMeans,125,"[""n14""]",0,0
1,3,KMeans,126,"[""n12""]",1,1
1,3,KMeans,127,"[""n00"", ""n13"", ""n17""]",1,1
1,3,KMeans,152,"[""n10"", ""n13""]",0,0
1,3,KMeans,153,"[""n09"", ""n20""]",1,1
1,3,KMeans,154,"[""n10""]",0,0
1,3,KMeans,155,"[""n00"", ""n17""]",0,0
1,3,KMeans,156,"[""n01"", ""n14"", ""n17""]",1,1
1,3,KMeans,157,"[""n09"", ""n10"", ""n14"", ""n18"", ""n20""]",1,1
1,3,KMeans,158,"[""n05"", ""n07""]",0,0
1,3,KMeans,159,"[""n01"", ""n06"", ""n15""]",1,1
1,3,KMeans,168,"[""n11"", ""n13"", ""n16"", ""n23"", ""n26""]",1,0
1,3,KMeans,169,"[""n04"", ""n06"", ""n14"", ""n16"", ""n20""]",1,1
1,3,KMeans,170,"[""n01"", ""n19""]",1,0
1,3,KMeans,171,"[""n04"", ""n08"", ""n10"", ""n13""]",1,0
1,3,KMeans,172,"[""n05"", ""n21""]",0,0
1,3,KMeans,173,"[""n11""]",0,0
1,3,KMeans,174,"[""n20"", ""n21""]",1,0
1,3,KMeans,175,"[""n06"", ""n19""]",0,0
1,3,KMeans,232,"[""n02"", ""n05"", ""n08"", ""n09"", ""n10"", ""n12"", ""n24""]",1,1
1,3,KMeans,233,"[""n02"", ""n03""]",1,0
1,3,KMeans,234,"[""n02"", ""n08"", ""n16"", ""n19"", ""n24""]",1,1
1,3,KMeans,235,"[""n03"", ""n12""]",1,1
1,3,KMeans,236,"[""n00"", ""n01"", ""n05"", ""n08"", ""n10"", ""n11"", ""n14"", ""n19""]",1,1
1,3,KMeans,237,"[""n00"", ""n01""]",1,0
1,3,KMeans,238,"[""n07"", ""n14""]",1,1
1,3,KMeans,239,"[""n00"", ""n05"", ""n14""]",1,1
1,3,KMeans,240,"[""n11"", ""n14"", ""n23""]",1,1
1,3,KMeans,241,"[""n00"", ""n01"", ""n16""]",1,1
1,3,KMeans,242,"[""n02"", ""n03"", ""n12"", ""n20""]",0,0
1,3,KMeans,243,"[""n08"", ""n12"", ""n20"", ""n21""]",0,0
1,3,KMeans,244,"[""n04"", ""n07"", ""n10"", ""n11"", ""n14"", ""n17"", ""n22""]",0,0
1,3,KMeans,245,"[""n01"", ""n03"", ""n11"", ""n14"", ""n18""]",1,0
1,3,KMeans,246,"[""n01"", ""n10""]",0,0
1,3,KMeans,247,"[""n15"", ""n23""]",1,1
1,3,KMeans,360,"[""n04"", ""n05"", ""n06"", ""n07"", ""n15""]",0,0
1,3,KMeans,361,"[""n18""]",0,0
1,3,KMeans,362,[],0,0
1,3,KMeans,363,"[""n05"", ""n09"", ""n18"", ""n20""]",0,0
1,3,KMeans,364,"[""n00"", ""n12"", ""n16""]",0,0
1,3,KMeans,365,"[""n03"", ""n05"", ""n13"", ""n16"", ""n21""]",1,1
1,3,KMeans,366,"[""n00"", ""n03"", ""n17""]",0,0
1,3,KMeans,367,"[""n04"", ""n08"", ""n10""]",0,0
1,3,KMeans,432,"[""n00"", ""n03"", ""n07"", ""n10"", ""n11"", ""n29""]",1,1
1,3,KMeans,433,"[""n01"", ""n05"", ""n07"", ""n09"", ""n24"", ""n26""]",1,1
1,3,KMeans,434,"[""n01"", ""n16"", ""n18"", ""n19"", ""n24"", ""n27""]",1,0
1,3,KMeans,435,"[""n10"", ""n17"", ""n19""]",0,0
1,3,KMeans,436,"[""n09"", ""n21"", ""n25""]",0,0
1,3,KMeans,437,"[""n21"", ""n22"", ""n23"", ""n25"", ""n29""]",1,0
1,3,KMeans,438,"[""n14"", ""n19"", ""n21""]",0,0
1,3,KMeans,439,"[""n02"", ""n03"", ""n06"", ""n12"", ""n14"", ""n25"", ""n29""]",1,1
1,3,KMeans,440,"[""n08"", ""n10"", ""n20""]",0,0
1,3,KMeans,441,"[""n03"", ""n04"", ""n11"", ""n12"", ""n16"", ""n19"", ""n22""]",0,0
1,3,KMeans,442,"[""n05"", ""n09"", ""n17"", ""n21"", ""n24"", ""n25""]",1,1
1,3,KMeans,443,"[""n03"", ""n04"", ""n09"", ""n14"", ""n18"", ""n20""]",0,0
1,3,KMeans,444,[],0,0
1,3,KMeans,445,"[""n14"", ""n18"", ""n19""]",0,0
1,3,KMeans,446,"[""n07"", ""n10"", ""n12"", ""n13"", ""n21""]",0,0
1,3,KMeans,447,"[""n02""]",0,0
1,3,KMeans,480,"[""n02"", ""n05"", ""n06"", ""n12"", ""n18"", ""n22""]",1,1
1,3,KMeans,481,"[""n06"", ""n07"", ""n17""]",1,1
1,3,KMeans,482,"[""n05"", ""n13""]",1,0
1,3,KMeans,483,"[""n02"", ""n05""]",1,0
1,3,KMeans,484,"[""n08"", ""n21""]",0,0
1,3,KMeans,485,"[""n03""]",1,1
1,3,KMeans,486,"[""n05"", ""n07"", ""n16""]",1,0
1,3,KMeans,487,"[""n03"", ""n20""]",1,1
1,3,KMeans,520,"[""n11"", ""n12"", ""n15"", ""n28""]",1,1
1,3,KMeans,521,"[""n02"", ""n06"", ""n12"", ""n27""]",1,1
1,3,KMeans,522,"[""n07"", ""n14"", ""n16""]",0,0
1,3,KMeans,523,"[""n10"", ""n14"", ""n28""]",1,1
1,3,KMeans,524,"[""n01"", ""n10""]",1,1
1,3,KMeans,525,"[""n06"", ""n16"", ""n25""]",0,0
1,3,KMeans,526,"[""n20"", ""n22"", ""n26"", ""n28""]",1,1
1,3,KMeans,527,"[""n03"", ""n10"", ""n11"", ""n12""]",1,1
1,3,KMeans,552,"[""n00"", ""n04"", ""n05"", ""n10"", ""n26""]",1,1
1,3,KMeans,553,[],0,0
1,3,KMeans,554,"[""n05"", ""n15"", ""n16"", ""n18"", ""n22""]",0,0
1,3,KMeans,555,"[""n04"", ""n09"", ""n17"", ""n19"", ""n20"", ""n22"", ""n26"", ""n28""]",1,1
1,3,KMeans,556,"[""n02"", ""n05"", ""n06"", ""n13"", ""n17"", ""n19""]",1,1
1,3,KMeans,557,"[""n17"", ""n21"", ""n25"", ""n27""]",1,1
1,3,KMeans,558,"[""n07"", ""n11"", ""n21"", ""n26""]",1,1
1,3,KMeans,559,"[""n00"", ""n13"", ""n14"", ""n18"", ""n19"", ""n23"", ""n26""]",1,0
1,3,KMeans,576,"[""n15"", ""n16"", ""n18"", ""n21"", ""n25""]",1,1
1,3,KMeans,577,"[""n01"", ""n09"", ""n15""]",1,1
1,3,KMeans,578,"[""n01"", ""n04"", ""n06"", ""n09"", ""n17"", ""n18"", ""n20"", ""n23""]",1,1
1,3,KMeans,579,"[""n03"", ""n11"", ""n17""]",1,1
1,3,KMeans,580,"[""n02"", ""n05"", ""n06"", ""n21"", ""n27""]",0,0
1,3,KMeans,581,"[""n01"", ""n27""]",1,0
1,3,KMeans,582,"[""n01"", ""n02"", ""n03"", ""n04"", ""n17"", ""n22"", ""n26""]",1,0
1,3,KMeans,583,"[""n03"", ""n09"", ""n19"", ""n22""]",1,1
1,3,KMeans,624,"[""n03"", ""n04"", ""n05"", ""n06"", ""n10"", ""n14"", ""n18"", ""n20""]",0,0
1,3,KMeans,625,"[""n07"", ""n08"", ""n20""]",0,0
1,3,KMeans,626,"[""n07"", ""n08"", ""n13"", ""n18""]",0,0
1,3,KMeans,627,"[""n06"", ""n18""]",0,0
1,3,KMeans,628,"[""n07"", ""n10"", ""n13"", ""n16"", ""n22"", ""n24""]",0,0
1,3,KMeans,629,"[""n00"", ""n07"", ""n26""]",1,1
1,3,KMeans,630,"[""n00"", ""n01"", ""n19"", ""n20"", ""n23"", ""n24""]",1,0
1,3,KMeans,631,"[""n26""]",0,0
1,3,KMeans,640,"[""n07"", ""n09"", ""n15""]",1,1
1,3,KMeans,641,"[""n13""]",0,0
1,3,KMeans,642,"[""n04"", ""n06"", ""n14"", ""n21""]",1,1
1,3,KMeans,643,"[""n13""]",0,0
1,3,KMeans,644,"[""n09"", ""n14""]",1,1
1,3,KMeans,645,"[""n03"", ""n07"", ""n11""]",1,1
1,3,KMeans,646,"[""n02""]",1,1
1,3,KMeans,647,"[""n03"", ""n08"", ""n12"", ""n18"", ""n21""]",1,1
1,3,KMeans,664,"[""n05"", ""n09"", ""n18""]",1,0
1,3,KMeans,665,"[""n09"", ""n11"", ""n23""]",0,0
1,3,KMeans,666,"[""n03"", ""n06"", ""n12""]",1,1
1,3,KMeans,667,"[""n06"", ""n15"", ""n16"", ""n21""]",0,0
1,3,KMeans,668,"[""n08"", ""n10"", ""n12"", ""n17""]",1,0
1,3,KMeans,669,"[""n02"", ""n03"", ""n15"", ""n28""]",1,0
1,3,KMeans,670,"[""n00"", ""n14"", ""n22"", ""n25""]",1,0
1,3,KMeans,671,"[""n07"", ""n10"", ""n23""]",1,1
1,3,KMeans,688,"[""n02"", ""n10"", ""n21""]",1,0
1,3,KMeans,689,"[""n13"", ""n15"", ""n17""]",1,1
1,3,KMeans,690,"[""n06"", ""n13"", ""n15""]",1,1
1,3,KMeans,691,"[""n04"", ""n14"", ""n16"", ""n19"", ""n21""]",0,0
1,3,KMeans,692,"[""n06""]",1,1
1,3,KMeans,693,"[""n04"", ""n09""]",0,0
1,3,KMeans,694,[],0,0
1,3,KMeans,695,"[""n01"", ""n17""]",0,0
1,3,KMeans,696,"[""n01"", ""n23""]",1,1
1,3,KMeans,697,"[""n00"", ""n16""]",1,1
1,3,KMeans,698,"[""n18""]",0,0
1,3,KMeans,699,"[""n01"", ""n02"", ""n11"", ""n21""]",0,0
1,3,KMeans,700,"[""n03"", ""n18""]",0,0
1,3,KMeans,701,"[""n03"", ""n11"", ""n23""]",1,0
1,3,KMeans,702,"[""n10"", ""n17"", ""n20""]",0,0
1,3,KMeans,703,"[""n06"", ""n09"", ""n10"", ""n14"", ""n18""]",0,0
1,3,KMeans,760,"[""n18"", ""n21""]",0,0
1,3,KMeans,761,"[""n07"", ""n16""]",1,1
1,3,KMeans,762,"[""n00"", ""n03"", ""n12"", ""n25""]",1,1
1,3,KMeans,763,"[""n09"", ""n13"", ""n20"", ""n23"", ""n24""]",0,0
1,3,KMeans,764,"[""n08"", ""n21""]",0,0
1,3,KMeans,765,"[""n08"", ""n24"", ""n25""]",1,0
1,3,KMeans,766,"[""n04"", ""n05"", ""n23""]",1,1
1,3,KMeans,767,"[""n10""]",0,0
1,3,KMeans,800,"[""n03"", ""n06"", ""n08"", ""n12""]",1,1
1,3,KMeans,801,"[""n08"", ""n10"", ""n15""]",1,1
1,3,KMeans,802,"[""n00"", ""n02"", ""n06"", ""n13"", ""n15""]",1,0
1,3,KMeans,803,"[""n04"", ""n08""]",1,1
1,3,KMeans,804,"[""n09"", ""n14"", ""n19""]",1,0
1,3,KMeans,805,"[""n02"", ""n04"", ""n07"", ""n17""]",1,1
1,3,KMeans,806,"[""n02"", ""n07"", ""n09"", ""n15"", ""n19""]",1,1
1,3,KMeans,807,"[""n01"", ""n07"", ""n15""]",1,0
1,3,KMeans,824,"[""n08""]",1,0
1,3,KMeans,825,"[""n04"", ""n06"", ""n07"", ""n16""]",0,0
1,3,KMeans,826,"[""n15""]",0,0
1,3,KMeans,827,"[""n04"", ""n08"", ""n13""]",1,0
1,3,KMeans,828,[],0,0
1,3,KMeans,829,"[""n08"", ""n17""]",1,1
1,3,KMeans,830,"[""n03""]",1,0
1,3,KMeans,831,"[""n15""]",0,0
1,3,KMeans,912,"[""n03"", ""n15"", ""n24""]",1,1
1,3,KMeans,913,"[""n15"", ""n23""]",0,0
1,3,KMeans,914,"[""n04"", ""n09""]",1,0
1,3,KMeans,915,"[""n10"", ""n11"", ""n16""]",0,0
1,3,KMeans,916,"[""n02"", ""n07""]",0,0
1,3,KMeans,917,"[""n15""]",0,0
1,3,KMeans,918,[],0,0
1,3,KMeans,919,"[""n08"", ""n18"", ""n21"", ""n22""]",0,0
1,3,KMeans,936,"[""n06"", ""n07"", ""n08"", ""n11"", ""n13"", ""n18"", ""n19""]",1,1
1,3,KMeans,937,"[""n09"", ""n12"", ""n13""]",0,0
1,3,KMeans,938,"[""n11"", ""n16""]",1,0
1,3,KMeans,939,"[""n05"", ""n14"", ""n16"", ""n20""]",1,0
1,3,KMeans,940,"[""n05"", ""n10"", ""n19""]",1,0
1,3,KMeans,941,"[""n00"", ""n04"", ""n19""]",1,1
1,3,KMeans,942,"[""n05""]",0,0
1,3,KMeans,943,"[""n10"", ""n19""]",1,1
1,4,FixedThreshold,160,"[""n23""]",0,0
1,4,FixedThreshold,161,"[""n03"", ""n14"", ""n16""]",0,0
1,4,FixedThreshold,162,[],0,1
1,4,FixedThreshold,163,[],0,0
1,4,FixedThreshold,164,[],0,0
1,4,FixedThreshold,165,[],0,0
1,4,FixedThreshold,166,"[""n03"", ""n08"", ""n17"", ""n27""]",0,0
1,4,FixedThreshold,167,[],0,1
1,4,FixedThreshold,184,[],0,1
1,4,FixedThreshold,185,[],0,0
1,4,FixedThreshold,186,[],0,0
1,4,FixedThreshold,187,"[""n03"", ""n19""]",1,1
1,4,FixedThreshold,188,"[""n12"", ""n15""]",1,1
1,4,FixedThreshold,189,[],0,0
1,4,FixedThreshold,190,"[""n18""]",0,0
1,4,FixedThreshold,191,"[""n00"", ""n01"", ""n05"", ""n09"", ""n17""]",1,1
1,4,FixedThreshold,192,[],0,0
1,4,FixedThreshold,193,[],0,0
1,4,FixedThreshold,194,[],0,1
1,4,FixedThreshold,195,"[""n16""]",0,0
1,4,FixedThreshold,196,[],0,0
1,4,FixedThreshold,197,[],0,0
1,4,FixedThreshold,198,[],0,0
1,4,FixedThreshold,199,[],0,0
1,4,FixedThreshold,200,[],0,0
1,4,FixedThreshold,201,[],0,0
1,4,FixedThreshold,202,"[""n00""]",1,1
1,4,FixedThreshold,203,[],0,0
1,4,FixedThreshold,204,[],0,0
1,4,FixedThreshold,205,"[""n02"", ""n06"", ""n23""]",0,0
1,4,FixedThreshold,206,[],0,1
1,4,FixedThreshold,207,"[""n12"", ""n16""]",0,0
1,4,FixedThreshold,208,"[""n28""]",1,1
1,4,FixedThreshold,209,[],0,0
1,4,FixedThreshold,210,"[""n08"", ""n25""]",1,1
1,4,FixedThreshold,211,[],0,0
1,4,FixedThreshold,212,[],0,0
1,4,FixedThreshold,213,[],0,1
1,4,FixedThreshold,214,[],0,0
1,4,FixedThreshold,215,[],0,0
1,4,FixedThreshold,248,[],0,0
1,4,FixedThreshold,249,[],0,0
1,4,FixedThreshold,250,[],0,0
1,4,FixedThreshold,251,"[""n07""]",1,1
1,4,FixedThreshold,252,[],0,0
1,4,FixedThreshold,253,[],0,0
1,4,FixedThreshold,254,"[""n07"", ""n11"", ""n13"", ""n22""]",1,1
1,4,FixedThreshold,255,"[""n00"", ""n13""]",0,0
1,4,FixedThreshold,264,[],0,0
1,4,FixedThreshold,265,[],0,1
1,4,FixedThreshold,266,[],0,0
1,4,FixedThreshold,267,[],0,1
1,4,FixedThreshold,268,[],0,0
1,4,FixedThreshold,269,[],0,1
1,4,FixedThreshold,270,"[""n06"", ""n22""]",1,1
1,4,FixedThreshold,271,"[""n14""]",1,1
1,4,FixedThreshold,296,[],0,0
1,4,FixedThreshold,297,"[""n03"", ""n20""]",1,1
1,4,FixedThreshold,298,"[""n16""]",0,0
1,4,FixedThreshold,299,[],0,0
1,4,FixedThreshold,300,[],0,0
1,4,FixedThreshold,301,"[""n01"", ""n06"", ""n07""]",0,0
1,4,FixedThreshold,302,[],0,0
1,4,FixedThreshold,303,[],0,1
1,4,FixedThreshold,320,"[""n00"", ""n09"", ""n19""]",1,1
1,4,FixedThreshold,321,"[""n11"", ""n12"", ""n20""]",0,0
1,4,FixedThreshold,322,"[""n05"", ""n07""]",1,1
1,4,FixedThreshold,323,[],0,0
1,4,FixedThreshold,324,[],0,1
1,4,FixedThreshold,325,[],0,1
1,4,FixedThreshold,326,[],0,1
1,4,FixedThreshold,327,[],0,0
1,4,FixedThreshold,416,"[""n14""]",0,0
1,4,FixedThreshold,417,"[""n11"", ""n13""]",0,0
1,4,FixedThreshold,418,[],0,0
1,4,FixedThreshold,419,"[""n08"", ""n28""]",1,1
1,4,FixedThreshold,420,[],0,0
1,4,FixedThreshold,421,[],0,0
1,4,FixedThreshold,422,"[""n24""]",0,0
1,4,FixedThreshold,423,[],0,1
1,4,FixedThreshold,448,"[""n23""]",1,1
1,4,FixedThreshold,449,[],0,1
1,4,FixedThreshold,450,[],0,0
1,4,FixedThreshold,451,[],0,1
1,4,FixedThreshold,452,[],0,0
1,4,FixedThreshold,453,[],0,1
1,4,FixedThreshold,454,"[""n00""]",1,1
1,4,FixedThreshold,455,"[""n09"", ""n18"", ""n19""]",0,0
1,4,FixedThreshold,456,[],0,0
1,4,FixedThreshold,457,[],0,0
1,4,FixedThreshold,458,[],0,0
1,4,FixedThreshold,459,[],0,0
1,4,FixedThreshold,460,"[""n08""]",0,0
1,4,FixedThreshold,461,[],0,0
1,4,FixedThreshold,462,"[""n12""]",0,1
1,4,FixedThreshold,463,"[""n00"", ""n15""]",1,1
1,4,FixedThreshold,560,[],0,1
1,4,FixedThreshold,561,[],0,1
1,4,FixedThreshold,562,[],0,0
1,4,FixedThreshold,563,[],0,0
1,4,FixedThreshold,564,"[""n13"", ""n14"", ""n28""]",0,0
1,4,FixedThreshold,565,"[""n01"", ""n25""]",1,1
1,4,FixedThreshold,566,[],0,0
1,4,FixedThreshold,567,"[""n18""]",0,0
1,4,FixedThreshold,584,[],0,1
1,4,FixedThreshold,585,"[""n26""]",1,1
1,4,FixedThreshold,586,"[""n19""]",0,1
1,4,FixedThreshold,587,[],0,1
1,4,FixedThreshold,588,"[""n09"", ""n15"", ""n18"", ""n22""]",1,1
1,4,FixedThreshold,589,[],0,0
1,4,FixedThreshold,590,"[""n00""]",0,1
1,4,FixedThreshold,591,"[""n22""]",0,0
1,4,FixedThreshold,656,"[""n05""]",0,0
1,4,FixedThreshold,657,[],0,0
1,4,FixedThreshold,658,[],0,0
1,4,FixedThreshold,659,[],0,1
1,4,FixedThreshold,660,[],0,1
1,4,FixedThreshold,661,[],0,0
1,4,FixedThreshold,662,[],0,0
1,4,FixedThreshold,663,[],0,0
1,4,FixedThreshold,672,[],0,1
1,4,FixedThreshold,673,[],0,1
1,4,FixedThreshold,674,[],0,0
1,4,FixedThreshold,675,[],0,1
1,4,FixedThreshold,676,"[""n14"", ""n26""]",0,0
1,4,FixedThreshold,677,[],0,0
1,4,FixedThreshold,678,"[""n01"", ""n12""]",1,1
1,4,FixedThreshold,679,"[""n16""]",0,0
1,4,FixedThreshold,720,[],0,0
1,4,FixedThreshold,721,"[""n24""]",1,1
1,4,FixedThreshold,722,"[""n11"", ""n21""]",0,0
1,4,FixedThreshold,723,[],0,0
1,4,FixedThreshold,724,"[""n03"", ""n13""]",0,0
1,4,FixedThreshold,725,"[""n02""]",1,1
1,4,FixedThreshold,726,"[""n24""]",1,1
1,4,FixedThreshold,727,[],0,0
1,4,FixedThreshold,808,[],0,0
1,4,FixedThreshold,809,[],0,1
1,4,FixedThreshold,810,"[""n03"", ""n21""]",0,0
1,4,FixedThreshold,811,"[""n02"", ""n03""]",1,1
1,4,FixedThreshold,812,[],0,0
1,4,FixedThreshold,813,"[""n00"", ""n11""]",1,1
1,4,FixedThreshold,814,[],0,1
1,4,FixedThreshold,815,[],0,0
1,4,FixedThreshold,832,[],0,1
1,4,FixedThreshold,833,"[""n17"", ""n28""]",0,0
1,4,FixedThreshold,834,[],0,0
1,4,FixedThreshold,835,[],0,1
1,4,FixedThreshold,836,"[""n11""]",0,0
1,4,FixedThreshold,837,[],0,1
1,4,FixedThreshold,838,[],0,0
1,4,FixedThreshold,839,[],0,0
1,4,FixedThreshold,840,"[""n19"", ""n20""]",1,1
1,4,FixedThreshold,841,"[""n02"", ""n09""]",0,0
1,4,FixedThreshold,842,"[""n13"", ""n15""]",0,0
1,4,FixedThreshold,843,"[""n15"", ""n16""]",0,0
1,4,FixedThreshold,844,[],0,0
1,4,FixedThreshold,845,"[""n04"", ""n11""]",0,0
1,4,FixedThreshold,846,"[""n13""]",0,0
1,4,FixedThreshold,847,[],0,1
1,4,FixedThreshold,856,[],0,0
1,4,FixedThreshold,857,[],0,0
1,4,FixedThreshold,858,[],0,0
1,4,FixedThreshold,859,"[""n26""]",1,1
1,4,FixedThreshold,860,"[""n01"", ""n05"", ""n08"", ""n21""]",1,1
1,4,FixedThreshold,861,[],0,0
1,4,FixedThreshold,862,[],0,0
1,4,FixedThreshold,863,[],0,0
1,4,FixedThreshold,896,[],0,0
1,4,FixedThreshold,897,[],0,1
1,4,FixedThreshold,898,[],0,1
1,4,FixedThreshold,899,[],0,0
1,4,FixedThreshold,900,"[""n17""]",0,0
1,4,FixedThreshold,901,"[""n00"", ""n27""]",1,1
1,4,FixedThreshold,902,"[""n05""]",0,0
1,4,FixedThreshold,903,[],0,1
1,4,FixedThreshold,928,"[""n04"", ""n13""]",0,0
1,4,FixedThreshold,929,[],0,0
1,4,FixedThreshold,930,[],0,1
1,4,FixedThreshold,931,"[""n04"", ""n16""]",0,1
1,4,FixedThreshold,932,"[""n06"", ""n12""]",0,1
1,4,FixedThreshold,933,"[""n00"", ""n09"", ""n11"", ""n13""]",1,1
1,4,FixedThreshold,934,[],0,0
1,4,FixedThreshold,935,[],0,0
1,4,FixedThreshold,952,[],0,1
1,4,FixedThreshold,953,[],0,1
1,4,FixedThreshold,954,[],0,0
1,4,FixedThreshold,955,"[""n05"", ""n07"", ""n21""]",0,0
1,4,FixedThreshold,956,[],0,0
1,4,FixedThreshold,957,[],0,1
1,4,FixedThreshold,958,"[""n14"", ""n23""]",1,0
1,4,FixedThreshold,959,"[""n10"", ""n15"", ""n20""]",0,0
1,4,SingleCenter,160,"[""n03"", ""n11"", ""n23""]",0,0
1,4,SingleCenter,161,"[""n03"", ""n04"", ""n14"", ""n16""]",0,0
1,4,SingleCenter,162,"[""n00"", ""n04"", ""n05"", ""n06"", ""n07"", ""n09"", ""n13"", ""n24""]",1,1
1,4,SingleCenter,163,"[""n01"", ""n19""]",1,0
1,4,SingleCenter,164,"[""n08"", ""n28""]",0,0
1,4,SingleCenter,165,"[""n16"", ""n17""]",0,0
1,4,SingleCenter,166,"[""n03"", ""n08"", ""n17"", ""n27""]",0,0
1,4,SingleCenter,167,"[""n05"", ""n29""]",1,1
1,4,SingleCenter,184,"[""n06"", ""n14"", ""n16"", ""n18""]",1,1
1,4,SingleCenter,185,"[""n07"", ""n10"", ""n12""]",1,0
1,4,SingleCenter,186,"[""n10"", ""n14""]",0,0
1,4,SingleCenter,187,"[""n03"", ""n14"", ""n19"", ""n21""]",1,1
1,4,SingleCenter,188,"[""n12"", ""n15"", ""n16""]",1,1
1,4,SingleCenter,189,"[""n11"", ""n12"", ""n15"", ""n21""]",1,0
1,4,SingleCenter,190,"[""n00"", ""n14"", ""n18""]",1,0
1,4,SingleCenter,191,"[""n00"", ""n01"", ""n03"", ""n05"", ""n08"", ""n09"", ""n17"", ""n18""]",1,1
1,4,SingleCenter,192,[],0,0
1,4,SingleCenter,193,[],0,0
1,4,SingleCenter,194,"[""n11"", ""n21""]",1,1
1,4,SingleCenter,195,"[""n04"", ""n16"", ""n20"", ""n21""]",0,0
1,4,SingleCenter,196,"[""n13"", ""n20"", ""n21""]",0,0
1,4,SingleCenter,197,"[""n05"", ""n07"", ""n12"", ""n19""]",0,0
1,4,SingleCenter,198,"[""n02"", ""n03"", ""n13"", ""n19""]",0,0
1,4,SingleCenter,199,[],0,0
1,4,SingleCenter,200,"[""n05"", ""n14"", ""n21"", ""n25""]",0,0
1,4,SingleCenter,201,[],0,0
1,4,SingleCenter,202,"[""n00"", ""n12""]",1,1
1,4,SingleCenter,203,"[""n18""]",0,0
1,4,SingleCenter,204,"[""n25""]",0,0
1,4,SingleCenter,205,"[""n02"", ""n06"", ""n22"", ""n23""]",0,0
1,4,SingleCenter,206,"[""n03"", ""n05"", ""n06"", ""n09"", ""n23""]",1,1
1,4,SingleCenter,207,"[""n01"", ""n10"", ""n12"", ""n16"", ""n27""]",1,0
1,4,SingleCenter,208,"[""n02"", ""n04"", ""n18"", ""n28""]",1,1
1,4,SingleCenter,209,"[""n25""]",0,0
1,4,SingleCenter,210,"[""n05"", ""n08"", ""n09"", ""n25"", ""n27""]",1,1
1,4,SingleCenter,211,"[""n06"", ""n16"", ""n27""]",0,0
1,4,SingleCenter,212,"[""n18"", ""n19"", ""n26""]",0,0
1,4,SingleCenter,213,"[""n00"", ""n02"", ""n11"", ""n19"", ""n20"", ""n25""]",1,1
1,4,SingleCenter,214,"[""n02"", ""n06"", ""n09"", ""n15"", ""n16"", ""n27""]",0,0
1,4,SingleCenter,215,"[""n14"", ""n21"", ""n25"", ""n26"", ""n28""]",1,0
1,4,SingleCenter,248,"[""n03"", ""n08"", ""n20"", ""n27""]",0,0
1,4,SingleCenter,249,"[""n12"", ""n15"", ""n16"", ""n20"", ""n24"", ""n26""]",0,0
1,4,SingleCenter,250,"[""n02"", ""n10"", ""n12""]",0,0
1,4,SingleCenter,251,"[""n07""]",1,1
1,4,SingleCenter,252,"[""n08"", ""n15""]",0,0
1,4,SingleCenter,253,"[""n11"", ""n22""]",0,0
1,4,SingleCenter,254,"[""n07"", ""n10"", ""n11"", ""n13"", ""n22""]",1,1
1,4,SingleCenter,255,"[""n00"", ""n05"", ""n13"", ""n21"", ""n26""]",1,0
1,4,SingleCenter,264,"[""n19""]",1,0
1,4,SingleCenter,265,"[""n14""]",1,1
1,4,SingleCenter,266,[],0,0
1,4,SingleCenter,267,"[""n03"", ""n17""]",1,1
1,4,SingleCenter,268,"[""n01"", ""n03""]",1,0
1,4,SingleCenter,269,"[""n06"", ""n16"", ""n22""]",1,1
1,4,SingleCenter,270,"[""n06"", ""n07"", ""n09"", ""n21"", ""n22""]",1,1
1,4,SingleCenter,271,"[""n03"", ""n05"", ""n12"", ""n14"", ""n17"", ""n21""]",1,1
1,4,SingleCenter,296,"[""n10""]",0,0
1,4,SingleCenter,297,"[""n00"", ""n02"", ""n03"", ""n10"", ""n16"", ""n20""]",1,1
1,4,SingleCenter,298,"[""n16""]",0,0
1,4,SingleCenter,299,"[""n11""]",0,0
1,4,SingleCenter,300,[],0,0
1,4,SingleCenter,301,"[""n01"", ""n06"", ""n07""]",0,0
1,4,SingleCenter,302,"[""n01""]",0,0
1,4,SingleCenter,303,"[""n02"", ""n17""]",1,1
1,4,SingleCenter,320,"[""n00"", ""n04"", ""n09"", ""n13"", ""n19"", ""n20""]",1,1
1,4,SingleCenter,321,"[""n11"", ""n12"", ""n20""]",0,0
1,4,SingleCenter,322,"[""n05"", ""n07"", ""n12"", ""n17""]",1,1
1,4,SingleCenter,323,"[""n09"", ""n17""]",0,0
1,4,SingleCenter,324,"[""n11"", ""n16"", ""n21""]",1,1
1,4,SingleCenter,325,"[""n14"", ""n21""]",1,1
1,4,SingleCenter,326,"[""n02"", ""n16""]",1,1
1,4,SingleCenter,327,"[""n01"", ""n04"", ""n18""]",1,0
1,4,SingleCenter,416,"[""n02"", ""n11"", ""n13"", ""n14"", ""n18"", ""n22"", ""n27""]",0,0
1,4,SingleCenter,417,"[""n11"", ""n13""]",0,0
1,4,SingleCenter,418,"[""n00"", ""n05"", ""n19"", ""n25""]",1,0
1,4,SingleCenter,419,"[""n01"", ""n08"", ""n28""]",1,1
1,4,SingleCenter,420,"[""n03"", ""n04"", ""n18"", ""n22""]",1,0
1,4,SingleCenter,421,[],0,0
1,4,SingleCenter,422,"[""n02"", ""n06"", ""n07"", ""n15"", ""n24""]",0,0
1,4,SingleCenter,423,"[""n01"", ""n10"", ""n13"", ""n17"", ""n26""]",1,1
1,4,SingleCenter,448,"[""n06"", ""n16"", ""n17"", ""n23""]",1,1
1,4,SingleCenter,449,"[""n00"", ""n03"", ""n10""]",1,1
1,4,SingleCenter,450,"[""n01"", ""n09"", ""n12"", ""n18"", ""n25""]",1,0
1,4,SingleCenter,451,"[""n08"", ""n10""]",1,1
1,4,SingleCenter,452,"[""n16""]",0,0
1,4,SingleCenter,453,"[""n00"", ""n10""]",1,1
1,4,SingleCenter,454,"[""n00"", ""n19""]",1,1
1,4,SingleCenter,455,"[""n07"", ""n09"", ""n16"", ""n18"", ""n19"", ""n23""]",1,0
1,4,SingleCenter,456,"[""n20"", ""n23"", ""n25""]",1,0
1,4,SingleCenter,457,"[""n04"", ""n07"", ""n13"", ""n22"", ""n23""]",1,0
1,4,SingleCenter,458,"[""n11""]",0,0
1,4,SingleCenter,459,"[""n14""]",0,0
1,4,SingleCenter,460,"[""n00"", ""n01"", ""n08"", ""n11"", ""n16"", ""n21""]",1,0
1,4,SingleCenter,461,"[""n07"", ""n14"", ""n17"", ""n23""]",1,0
1,4,SingleCenter,462,"[""n04"", ""n07"", ""n12"", ""n19""]",1,1
1,4,SingleCenter,463,"[""n00"", ""n11"", ""n15"", ""n25""]",1,1
1,4,SingleCenter,560,"[""n04"", ""n10"", ""n21"", ""n27""]",1,1
1,4,SingleCenter,561,"[""n23"", ""n29""]",1,1
1,4,SingleCenter,562,"[""n02"", ""n06"", ""n09"", ""n16""]",0,0
1,4,SingleCenter,563,"[""n10"", ""n14"", ""n23"", ""n25""]",1,0
1,4,SingleCenter,564,"[""n01"", ""n06"", ""n13"", ""n14"", ""n16"", ""n24"", ""n28"", ""n29""]",1,0
1,4,SingleCenter,565,"[""n01"", ""n05"", ""n18"", ""n25"", ""n27"", ""n29""]",1,1
1,4,SingleCenter,566,"[""n01"", ""n03"", ""n06"", ""n26""]",1,0
1,4,SingleCenter,567,"[""n03"", ""n12"", ""n18"", ""n21""]",0,0
1,4,SingleCenter,584,"[""n05"", ""n12"", ""n15"", ""n16"", ""n21"", ""n23""]",1,1
1,4,SingleCenter,585,"[""n01"", ""n23"", ""n25"", ""n26""]",1,1
1,4,SingleCenter,586,"[""n12"", ""n13"", ""n14"", ""n18"", ""n19""]",1,1
1,4,SingleCenter,587,"[""n03"", ""n04"", ""n15"", ""n18""]",1,1
1,4,SingleCenter,588,"[""n08"", ""n09"", ""n15"", ""n16"", ""n17"", ""n18"", ""n22"", ""n23""]",1,1
1,4,SingleCenter,589,"[""n17""]",0,0
1,4,SingleCenter,590,"[""n00"", ""n06"", ""n13"", ""n26""]",1,1
1,4,SingleCenter,591,"[""n00"", ""n10"", ""n20"", ""n21"", ""n22""]",0,0
1,4,SingleCenter,656,"[""n05"", ""n07"", ""n13"", ""n21""]",0,0
1,4,SingleCenter,657,"[""n02"", ""n05"", ""n17""]",1,0
1,4,SingleCenter,658,"[""n10"", ""n15"", ""n19""]",0,0
1,4,SingleCenter,659,"[""n01"", ""n12"", ""n13"", ""n18"", ""n21"", ""n22""]",1,1
1,4,SingleCenter,660,"[""n04"", ""n05"", ""n07"", ""n22""]",1,1
1,4,SingleCenter,661,"[""n00"", ""n10"", ""n16"", ""n20""]",0,0
1,4,SingleCenter,662,"[""n13"", ""n21""]",0,0
1,4,SingleCenter,663,"[""n00"", ""n08"", ""n16"", ""n19""]",0,0
1,4,SingleCenter,672,"[""n00"", ""n09"", ""n10"", ""n16"", ""n17"", ""n21""]",1,1
1,4,SingleCenter,673,"[""n07"", ""n18"", ""n19"", ""n27""]",1,1
1,4,SingleCenter,674,"[""n18"", ""n24""]",0,0
1,4,SingleCenter,675,"[""n00"", ""n19"", ""n20"", ""n21"", ""n26""]",1,1
1,4,SingleCenter,676,"[""n01"", ""n14"", ""n22"", ""n26""]",1,0
1,4,SingleCenter,677,"[""n13"", ""n18"", ""n22"", ""n26""]",0,0
1,4,SingleCenter,678,"[""n01"", ""n12"", ""n15"", ""n20""]",1,1
1,4,SingleCenter,679,"[""n04"", ""n16"", ""n20""]",0,0
1,4,SingleCenter,720,[],0,0
1,4,SingleCenter,721,"[""n18"", ""n24""]",1,1
1,4,SingleCenter,722,"[""n07"", ""n08"", ""n11"", ""n18"", ""n21""]",0,0
1,4,SingleCenter,723,"[""n13"", ""n14"", ""n22""]",0,0
1,4,SingleCenter,724,"[""n03"", ""n13"", ""n16"", ""n19""]",0,0
1,4,SingleCenter,725,"[""n00"", ""n02"", ""n22""]",1,1
1,4,SingleCenter,726,"[""n12"", ""n20"", ""n24""]",1,1
1,4,SingleCenter,727,[],0,0
1,4,SingleCenter,808,"[""n05"", ""n06""]",0,0
1,4,SingleCenter,809,"[""n00"", ""n08"", ""n11"", ""n19"", ""n22""]",1,1
1,4,SingleCenter,810,"[""n03"", ""n04"", ""n09"", ""n10"", ""n21"", ""n22"", ""n24""]",1,0
1,4,SingleCenter,811,"[""n02"", ""n03""]",1,1
1,4,SingleCenter,812,"[""n07"", ""n16"", ""n22""]",0,0
1,4,SingleCenter,813,"[""n00"", ""n07"", ""n09"", ""n11"", ""n17""]",1,1
1,4,SingleCenter,814,"[""n02"", ""n03"", ""n14""]",1,1
1,4,SingleCenter,815,[],0,0
1,4,SingleCenter,832,"[""n00"", ""n07"", ""n08"", ""n12"", ""n16"", ""n17"", ""n23"", ""n24""]",1,1
1,4,SingleCenter,833,"[""n01"", ""n11"", ""n17"", ""n22"", ""n23"", ""n28""]",1,0
1,4,SingleCenter,834,"[""n20"", ""n28""]",0,0
1,4,SingleCenter,835,"[""n03"", ""n15"", ""n17""]",1,1
1,4,SingleCenter,836,"[""n08"", ""n11"", ""n13"", ""n14""]",1,0
1,4,SingleCenter,837,"[""n00"", ""n03"", ""n07"", ""n09""]",1,1
1,4,SingleCenter,838,"[""n02"", ""n10"", ""n15"", ""n18"", ""n19"", ""n25""]",1,0
1,4,SingleCenter,839,"[""n17""]",0,0
1,4,SingleCenter,840,"[""n09"", ""n15"", ""n19"", ""n20""]",1,1
1,4,SingleCenter,841,"[""n02"", ""n08"", ""n09""]",0,0
1,4,SingleCenter,842,"[""n10"", ""n13"", ""n15""]",0,0
1,4,SingleCenter,843,"[""n01"", ""n07"", ""n09"", ""n12"", ""n15"", ""n16""]",1,0
1,4,SingleCenter,844,"[""n10"", ""n18""]",0,0
1,4,SingleCenter,845,"[""n04"", ""n11""]",0,0
1,4,SingleCenter,846,"[""n03"", ""n08"", ""n13"", ""n18""]",0,0
1,4,SingleCenter,847,"[""n02"", ""n04"", ""n14"", ""n17"", ""n19"", ""n20""]",1,1
1,4,SingleCenter,856,"[""n07"", ""n10"", ""n17"", ""n21"", ""n23""]",0,0
1,4,SingleCenter,857,"[""n08"", ""n14"", ""n15""]",0,0
1,4,SingleCenter,858,"[""n13""]",0,0
1,4,SingleCenter,859,"[""n26""]",1,1
1,4,SingleCenter,860,"[""n01"", ""n05"", ""n08"", ""n16"", ""n21""]",1,1
1,4,SingleCenter,861,"[""n14"", ""n18""]",0,0
1,4,SingleCenter,862,"[""n00"", ""n06""]",0,0
1,4,SingleCenter,863,"[""n03"", ""n06"", ""n10"", ""n18""]",0,0
1,4,SingleCenter,896,"[""n05"", ""n10"", ""n14""]",0,0
1,4,SingleCenter,897,"[""n01"", ""n03"", ""n06"", ""n07"", ""n11"", ""n21"", ""n22"", ""n26""]",1,1
1,4,SingleCenter,898,"[""n13"", ""n19"", ""n24""]",1,1
1,4,SingleCenter,899,"[""n17""]",0,0
1,4,SingleCenter,900,"[""n06"", ""n17""]",1,0
1,4,SingleCenter,901,"[""n00"", ""n08"", ""n12"", ""n27""]",1,1
1,4,SingleCenter,902,"[""n05""]",0,0
1,4,SingleCenter,903,"[""n06"", ""n13"", ""n16"", ""n20"", ""n22""]",1,1
1,4,SingleCenter,928,"[""n04"", ""n05"", ""n11"", ""n13""]",0,0
1,4,SingleCenter,929,"[""n12""]",0,0
1,4,SingleCenter,930,"[""n19"", ""n23""]",1,1
1,4,SingleCenter,931,"[""n04"", ""n10"", ""n16"", ""n20""]",1,1
1,4,SingleCenter,932,"[""n06"", ""n08"", ""n10"", ""n12"", ""n13"", ""n20"", ""n23""]",1,1
1,4,SingleCenter,933,"[""n00"", ""n07"", ""n09"", ""n11"", ""n13"", ""n14""]",1,1
1,4,SingleCenter,934,[],0,0
1,4,SingleCenter,935,"[""n08"", ""n21"", ""n22""]",0,0
1,4,SingleCenter,952,"[""n04"", ""n12""]",1,1
1,4,SingleCenter,953,"[""n07"", ""n18""]",1,1
1,4,SingleCenter,954,"[""n04"", ""n20"", ""n24""]",1,0
1,4,SingleCenter,955,"[""n05"", ""n07"", ""n11"", ""n21"", ""n24""]",0,0
1,4,SingleCenter,956,"[""n04"", ""n17""]",1,0
1,4,SingleCenter,957,"[""n12"", ""n19"", ""n21"", ""n23""]",1,1
1,4,SingleCenter,958,"[""n04"", ""n19"", ""n23""]",1,0
1,4,SingleCenter,959,"[""n02"", ""n10"", ""n15"", ""n20"", ""n24""]",0,0
1,4,KMeans,160,"[""n11"", ""n16"", ""n23""]",0,0
1,4,KMeans,161,"[""n03"", ""n04"", ""n14"", ""n16"", ""n17""]",0,0
1,4,KMeans,162,"[""n00"", ""n04"", ""n05"", ""n06"", ""n07"", ""n09"", ""n15"", ""n24"", ""n25""]",1,1
1,4,KMeans,163,"[""n19"", ""n25""]",0,0
1,4,KMeans,164,"[""n02"", ""n11""]",0,0
1,4,KMeans,165,[],0,0
1,4,KMeans,166,"[""n03"", ""n08"", ""n17"", ""n27""]",0,0
1,4,KMeans,167,"[""n05"", ""n25"", ""n29""]",1,1
1,4,KMeans,184,"[""n14"", ""n15"", ""n16"", ""n18"", ""n20""]",1,1
1,4,KMeans,185,"[""n07"", ""n10"", ""n16""]",1,0
1,4,KMeans,186,"[""n10"", ""n14""]",0,0
1,4,KMeans,187,"[""n01"", ""n03"", ""n19""]",1,1
1,4,KMeans,188,"[""n01"", ""n12"", ""n15"", ""n16""]",1,1
1,4,KMeans,189,"[""n03"", ""n11"", ""n15""]",1,0
1,4,KMeans,190,"[""n00"", ""n14"", ""n18""]",1,0
1,4,KMeans,191,"[""n01"", ""n02"", ""n03"", ""n05"", ""n07"", ""n09"", ""n15"", ""n17"", ""n18""]",1,1
1,4,KMeans,192,"[""n02"", ""n14""]",0,0
1,4,KMeans,193,[],0,0
1,4,KMeans,194,"[""n11"", ""n14"", ""n21""]",1,1
1,4,KMeans,195,"[""n04"", ""n16"", ""n20""]",0,0
1,4,KMeans,196,"[""n07"", ""n13"", ""n16"", ""n20"", ""n21""]",0,0
1,4,KMeans,197,"[""n03"", ""n05"", ""n07"", ""n12"", ""n19""]",0,0
1,4,KMeans,198,"[""n02"", ""n03"", ""n12"", ""n13"", ""n19""]",0,0
1,4,KMeans,199,"[""n20""]",0,0
1,4,KMeans,200,"[""n14"", ""n21"", ""n23"", ""n25""]",0,0
1,4,KMeans,201,"[""n24""]",0,0
1,4,KMeans,202,"[""n00"", ""n12"", ""n22"", ""n24""]",1,1
1,4,KMeans,203,"[""n05"", ""n06"", ""n18""]",0,0
1,4,KMeans,204,"[""n25""]",0,0
1,4,KMeans,205,"[""n02"", ""n06"", ""n23""]",0,0
1,4,KMeans,206,"[""n03"", ""n05"", ""n06"", ""n09"", ""n23""]",1,1
1,4,KMeans,207,"[""n01"", ""n10"", ""n12"", ""n16""]",1,0
1,4,KMeans,208,"[""n06"", ""n28""]",1,1
1,4,KMeans,209,"[""n10"", ""n25""]",0,0
1,4,KMeans,210,"[""n01"", ""n05"", ""n08"", ""n12"", ""n25""]",1,1
1,4,KMeans,211,"[""n06"", ""n16""]",0,0
1,4,KMeans,212,"[""n09"", ""n18"", ""n19"", ""n25"", ""n26""]",0,0
1,4,KMeans,213,"[""n00"", ""n02"", ""n11"", ""n19"", ""n20"", ""n25""]",1,1
1,4,KMeans,214,"[""n02"", ""n06"", ""n09"", ""n16"", ""n22"", ""n23"", ""n27""]",0,0
1,4,KMeans,215,"[""n14"", ""n15"", ""n21"", ""n26"", ""n28""]",1,0
1,4,KMeans,248,"[""n03"", ""n08"", ""n20"", ""n27""]",0,0
1,4,KMeans,249,"[""n03"", ""n04"", ""n15"", ""n16"", ""n20"", ""n23"", ""n24"", ""n26"", ""n28""]",1,0
1,4,KMeans,250,"[""n02"", ""n09"", ""n10"", ""n12"", ""n23""]",0,0
1,4,KMeans,251,"[""n02"", ""n05"", ""n07"", ""n12"", ""n22""]",1,1
1,4,KMeans,252,"[""n05"", ""n08"", ""n12"", ""n15""]",1,0
1,4,KMeans,253,"[""n11"", ""n14""]",0,0
1,4,KMeans,254,"[""n03"", ""n07"", ""n10"", ""n11"", ""n13"", ""n22""]",1,1
1,4,KMeans,255,"[""n00"", ""n13"", ""n26""]",0,0
1,4,KMeans,264,"[""n19""]",1,0
1,4,KMeans,265,"[""n13"", ""n14""]",1,1
1,4,KMeans,266,"[""n12""]",1,0
1,4,KMeans,267,"[""n03"", ""n17""]",1,1
1,4,KMeans,268,[],0,0
1,4,KMeans,269,"[""n16"", ""n22""]",1,1
1,4,KMeans,270,"[""n06"", ""n10"", ""n22""]",1,1
1,4,KMeans,271,"[""n03"", ""n05"", ""n14"", ""n21""]",1,1
1,4,KMeans,296,"[""n02"", ""n10""]",0,0
1,4,KMeans,297,"[""n02"", ""n03"", ""n10"", ""n16"", ""n20""]",1,1
1,4,KMeans,298,"[""n16""]",0,0
1,4,KMeans,299,"[""n11""]",0,0
1,4,KMeans,300,[],0,0
1,4,KMeans,301,"[""n01"", ""n06"", ""n07"", ""n17""]",1,0
1,4,KMeans,302,"[""n01""]",0,0
1,4,KMeans,303,"[""n02"", ""n09"", ""n17"", ""n19""]",1,1
1,4,KMeans,320,"[""n00"", ""n09"", ""n11"", ""n12"", ""n19"", ""n20""]",1,1
1,4,KMeans,321,"[""n11"", ""n12"", ""n20""]",0,0
1,4,KMeans,322,"[""n05"", ""n07""]",1,1
1,4,KMeans,323,"[""n09"", ""n17""]",0,0
1,4,KMeans,324,"[""n11"", ""n16"", ""n21""]",1,1
1,4,KMeans,325,"[""n11"", ""n14"", ""n21""]",1,1
1,4,KMeans,326,"[""n02"", ""n16"", ""n18"", ""n22""]",1,1
1,4,KMeans,327,"[""n01"", ""n04"", ""n14"", ""n16"", ""n18""]",1,0
1,4,KMeans,416,"[""n02"", ""n10"", ""n14"", ""n18"", ""n27""]",1,0
1,4,KMeans,417,"[""n11"", ""n13""]",0,0
1,4,KMeans,418,"[""n00"", ""n05"", ""n14"", ""n19"", ""n25"", ""n26""]",1,0
1,4,KMeans,419,"[""n08"", ""n19"", ""n28""]",1,1
1,4,KMeans,420,"[""n03"", ""n18"", ""n22"", ""n23""]",0,0
1,4,KMeans,421,"[""n05"", ""n24""]",0,0
1,4,KMeans,422,"[""n02"", ""n07"", ""n15"", ""n24""]",0,0
1,4,KMeans,423,"[""n01"", ""n10"", ""n13"", ""n17"", ""n26""]",1,1
1,4,KMeans,448,"[""n06"", ""n16"", ""n23""]",1,1
1,4,KMeans,449,"[""n00"", ""n03"", ""n10"", ""n14""]",1,1
1,4,KMeans,450,"[""n00"", ""n01"", ""n04"", ""n09"", ""n12"", ""n13"", ""n18"", ""n25""]",1,0
1,4,KMeans,451,"[""n08"", ""n10"", ""n17""]",1,1
1,4,KMeans,452,"[""n16"", ""n19""]",0,0
1,4,KMeans,453,"[""n10"", ""n22""]",1,1
1,4,KMeans,454,"[""n00"", ""n14"", ""n19""]",1,1
1,4,KMeans,455,"[""n09"", ""n11"", ""n18"", ""n19""]",1,0
1,4,KMeans,456,"[""n05"", ""n20"", ""n23""]",1,0
1,4,KMeans,457,"[""n04"", ""n13"", ""n22"", ""n23""]",1,0
1,4,KMeans,458,"[""n11"", ""n22"", ""n26""]",1,0
1,4,KMeans,459,"[""n14""]",0,0
1,4,KMeans,460,"[""n08"", ""n11""]",0,0
1,4,KMeans,461,"[""n07"", ""n14"", ""n17"", ""n23"", ""n26""]",1,0
1,4,KMeans,462,"[""n00"", ""n04"", ""n07"", ""n12"", ""n19""]",1,1
1,4,KMeans,463,"[""n00"", ""n15"", ""n25""]",1,1
1,4,KMeans,560,"[""n04"", ""n10"", ""n20"", ""n21"", ""n27""]",1,1
1,4,KMeans,561,"[""n29""]",1,1
1,4,KMeans,562,"[""n02"", ""n03"", ""n06"", ""n09"", ""n16"", ""n17"", ""n22""]",0,0
1,4,KMeans,563,"[""n10"", ""n14"", ""n23"", ""n25""]",1,0
1,4,KMeans,564,"[""n01"", ""n06"", ""n13"", ""n14"", ""n16"", ""n20"", ""n24"", ""n28"", ""n29""]",1,0
1,4,KMeans,565,"[""n01"", ""n05"", ""n18"", ""n25""]",1,1
1,4,KMeans,566,"[""n01"", ""n03"", ""n06"", ""n26""]",1,0
1,4,KMeans,567,"[""n18""]",0,0
1,4,KMeans,584,"[""n05"", ""n12"", ""n15"", ""n16"", ""n21"", ""n23""]",1,1
1,4,KMeans,585,"[""n11"", ""n23"", ""n25"", ""n26""]",1,1
1,4,KMeans,586,"[""n12"", ""n13"", ""n14"", ""n18"", ""n19""]",1,1
1,4,KMeans,587,"[""n03"", ""n04"", ""n05"", ""n15"", ""n18""]",1,1
1,4,KMeans,588,"[""n07"", ""n09"", ""n15"", ""n16"", ""n17"", ""n18"", ""n22""]",1,1
1,4,KMeans,589,"[""n17"", ""n20""]",0,0
1,4,KMeans,590,"[""n00"", ""n13"", ""n26""]",1,1
1,4,KMeans,591,"[""n00"", ""n10"", ""n20"", ""n21"", ""n22""]",0,0
1,4,KMeans,656,"[""n05"", ""n06"", ""n13""]",0,0
1,4,KMeans,657,"[""n02"", ""n09""]",1,0
1,4,KMeans,658,"[""n10"", ""n13"", ""n15"", ""n19"", ""n21""]",0,0
1,4,KMeans,659,"[""n01"", ""n11"", ""n12"", ""n13"", ""n18"", ""n21"", ""n22""]",1,1
1,4,KMeans,660,"[""n02"", ""n04"", ""n05"", ""n07"", ""n22""]",1,1
1,4,KMeans,661,"[""n00"", ""n05"", ""n10"", ""n16"", ""n20""]",0,0
1,4,KMeans,662,"[""n21""]",0,0
1,4,KMeans,663,"[""n19""]",0,0
1,4,KMeans,672,"[""n00"", ""n06"", ""n09"", ""n16"", ""n17"", ""n21""]",1,1
1,4,KMeans,673,"[""n04"", ""n18"", ""n19"", ""n27""]",1,1
1,4,KMeans,674,"[""n02"", ""n24""]",0,0
1,4,KMeans,675,"[""n00"", ""n11"", ""n15"", ""n20"", ""n21""]",1,1
1,4,KMeans,676,"[""n14"", ""n22"", ""n26""]",0,0
1,4,KMeans,677,"[""n10"", ""n13"", ""n18"", ""n22"", ""n26""]",0,0
1,4,KMeans,678,"[""n01"", ""n12"", ""n15""]",1,1
1,4,KMeans,679,"[""n14"", ""n16"", ""n20""]",0,0
1,4,KMeans,720,"[""n12"", ""n16""]",0,0
1,4,KMeans,721,"[""n24""]",1,1
1,4,KMeans,722,"[""n08"", ""n11"", ""n21""]",0,0
1,4,KMeans,723,"[""n13"", ""n14"", ""n22""]",0,0
1,4,KMeans,724,"[""n03"", ""n13"", ""n18""]",0,0
1,4,KMeans,725,"[""n02"", ""n20""]",1,1
1,4,KMeans,726,"[""n24""]",1,1
1,4,KMeans,727,[],0,0
1,4,KMeans,808,"[""n05""]",0,0
1,4,KMeans,809,"[""n00"", ""n11"", ""n19"", ""n22""]",1,1
1,4,KMeans,810,"[""n03"", ""n09"", ""n10"", ""n21"", ""n23""]",1,0
1,4,KMeans,811,"[""n02"", ""n03"", ""n18""]",1,1
1,4,KMeans,812,"[""n04"", ""n07"", ""n10"", ""n16"", ""n18"", ""n21"", ""n22"", ""n24""]",1,0
1,4,KMeans,813,"[""n00"", ""n07"", ""n09"", ""n22""]",1,1
1,4,KMeans,814,"[""n02"", ""n03"", ""n13"", ""n25""]",1,1
1,4,KMeans,815,[],0,0
1,4,KMeans,832,"[""n00"", ""n08"", ""n12"", ""n16"", ""n24"", ""n28""]",1,1
1,4,KMeans,833,"[""n11"", ""n17"", ""n18"", ""n22"", ""n23"", ""n28""]",0,0
1,4,KMeans,834,"[""n10"", ""n20"", ""n21"", ""n28""]",0,0
1,4,KMeans,835,"[""n03"", ""n15"", ""n17""]",1,1
1,4,KMeans,836,"[""n11"", ""n13"", ""n14"", ""n24""]",0,0
1,4,KMeans,837,"[""n00"", ""n03"", ""n07"", ""n09""]",1,1
1,4,KMeans,838,"[""n10"", ""n19"", ""n24"", ""n25""]",0,0
1,4,KMeans,839,"[""n16"", ""n17""]",0,0
1,4,KMeans,840,"[""n19"", ""n20""]",1,1
1,4,KMeans,841,"[""n02"", ""n09""]",0,0
1,4,KMeans,842,"[""n10"", ""n13"", ""n15""]",0,0
1,4,KMeans,843,"[""n01"", ""n07"", ""n11"", ""n12"", ""n15"", ""n16""]",0,0
1,4,KMeans,844,"[""n10"", ""n18""]",0,0
1,4,KMeans,845,"[""n04"", ""n09"", ""n11""]",0,0
1,4,KMeans,846,"[""n03"", ""n13""]",0,0
1,4,KMeans,847,"[""n04"", ""n13"", ""n14"", ""n17"", ""n19"", ""n20""]",1,1
1,4,KMeans,856,"[""n07"", ""n10"", ""n17"", ""n21"", ""n23""]",0,0
1,4,KMeans,857,"[""n07"", ""n08"", ""n09"", ""n11"", ""n14"", ""n15""]",0,0
1,4,KMeans,858,"[""n13"", ""n23""]",0,0
1,4,KMeans,859,"[""n00"", ""n05"", ""n26""]",1,1
1,4,KMeans,860,"[""n01"", ""n05"", ""n06"", ""n08"", ""n16"", ""n21""]",1,1
1,4,KMeans,861,"[""n14"", ""n18"", ""n24""]",0,0
1,4,KMeans,862,"[""n00"", ""n06""]",0,0
1,4,KMeans,863,"[""n09"", ""n10""]",0,0
1,4,KMeans,896,"[""n05"", ""n10"", ""n14""]",0,0
1,4,KMeans,897,"[""n01"", ""n03"", ""n07"", ""n11"", ""n21"", ""n22"", ""n26""]",1,1
1,4,KMeans,898,"[""n13"", ""n19"", ""n24""]",1,1
1,4,KMeans,899,"[""n17"", ""n24""]",0,0
1,4,KMeans,900,"[""n06"", ""n17""]",1,0
1,4,KMeans,901,"[""n00"", ""n08"", ""n25"", ""n27""]",1,1
1,4,KMeans,902,"[""n05""]",0,0
1,4,KMeans,903,"[""n06"", ""n11"", ""n13"", ""n20"", ""n22""]",1,1
1,4,KMeans,928,"[""n04"", ""n13""]",0,0
1,4,KMeans,929,"[""n12""]",0,0
1,4,KMeans,930,"[""n19"", ""n23""]",1,1
1,4,KMeans,931,"[""n04"", ""n10"", ""n16"", ""n20""]",1,1
1,4,KMeans,932,"[""n04"", ""n06"", ""n10"", ""n12""]",1,1
1,4,KMeans,933,"[""n00"", ""n07"", ""n09"", ""n11"", ""n13"", ""n14""]",1,1
1,4,KMeans,934,[],0,0
1,4,KMeans,935,"[""n08"", ""n21"", ""n22"", ""n23""]",1,0
1,4,KMeans,952,"[""n04"", ""n06"", ""n12"", ""n22""]",1,1
1,4,KMeans,953,"[""n07"", ""n18""]",1,1
1,4,KMeans,954,"[""n04"", ""n20"", ""n24""]",1,0
1,4,KMeans,955,"[""n05"", ""n07"", ""n17"", ""n21"", ""n24""]",0,0
1,4,KMeans,956,"[""n17""]",0,0
1,4,KMeans,957,"[""n06"", ""n12"", ""n19"", ""n21"", ""n23""]",1,1
1,4,KMeans,958,"[""n23""]",0,0
1,4,KMeans,959,"[""n02"", ""n10"", ""n15"", ""n20"", ""n24""]",0,0
