sample_id,group,node,cpu,errors,latency
0,0,n00,0.29880526228912274,0.035170940698374537,41.01993694943707
0,0,n01,0.16655277068240293,0.023752876692706967,47.62248815562222
0,0,n02,0.22739700520439998,0.04992255461841491,52.12037956491491
0,0,n03,0.26832703967859256,0.015641899846252784,41.16391136536508
0,0,n04,0.25824739092971166,0.022148732065111,46.66486922270053
0,0,n05,0.1912070697923353,0.03550035827329718,49.11319020868639
0,0,n06,0.2795705220531647,0.031305281976604676,41.71546854120982
0,0,n07,0.1859228420309581,0.058570638778542655,40.112139055960505
0,0,n08,0.21207294253834552,0.05185443046656468,39.10136491681241
0,0,n09,0.24747996486080062,0.04554262767714037,42.41172750274598
1,0,n00,0.6968101668295087,0.07589386304522489,113.88097047089013
1,0,n01,0.7401741172991272,0.05790665757679027,110.36901380713599
1,0,n02,0.6923397465808845,0.08694852962482408,108.68299878277966
1,0,n03,0.7303072037597915,0.08140948209234819,113.90538130205883
1,0,n04,0.6414656673665506,0.08074684002623089,114.39889066127779
1,0,n05,0.6933720141271462,0.09337247344071789,97.12169834628578
1,0,n06,0.6459519455567146,0.07911459104991861,122.43055917298842
1,0,n07,0.7574355400125836,0.0876973896020172,109.366767294767
1,0,n08,0.800550843724922,0.0919753492034934,111.84417581802204
1,0,n09,0.7688204023173334,0.05214860444695056,100.48892066980346
2,0,n00,0.25342885671173926,0.044852289862801764,34.104269651877715
2,0,n01,0.19569273597223366,0.028944897822964166,45.68860911334581
2,0,n02,0.2700098445193214,0.036940047570362046,51.83265481406868
2,0,n03,0.21627593804380388,0.0334723036506471,42.44763688267817
2,0,n04,0.27084623387928514,0.039587864303202144,38.13590756595135
2,0,n05,0.2412026695491635,0.037648066495377656,38.417107319535035
2,0,n06,0.2200453421890342,0.05277911762953276,58.74870696357996
2,0,n07,0.27566862912948975,0.01443148638464321,42.637481429405334
2,0,n08,0.220179597306244,0.013161749339834845,37.17874287137458
2,0,n09,0.24297905851760013,0.033718486187296705,59.222472399978045
3,0,n00,0.7693956474125683,0.07123715484151591,116.04665820644786
3,0,n01,0.6518567194868992,0.0793077296043646,111.10104923228236
3,0,n02,0.6782448600476526,0.06856657339946619,106.74520485884554
3,0,n03,0.7630015341014235,0.06897988180265419,110.10545630399659
3,0,n04,0.7497512362398325,0.07648945915933142,131.30693233407348
3,0,n05,0.6716685036673355,0.0810286287179583,116.14440659565147
3,0,n06,0.6955790097550981,0.08648946481295795,115.6501990823964
3,0,n07,0.6724205355050881,0.10242262307849381,114.28615727678451
3,0,n08,0.7453195225595517,0.07470090343669847,100.728938158508
3,0,n09,0.7570314920129605,0.07711772855752495,108.05540219130596
4,0,n00,0.2356025878112182,0.02460763685859075,41.26691683164956
4,0,n01,0.3063431505394286,0.02826203608408677,43.838465702893025
4,0,n02,0.2607151260867755,0.02353278943557488,53.291256283699404
4,0,n03,0.18360919552544946,0.03161178023699901,45.657656974571886
4,0,n04,0.2344591925621493,0.03596359343299263,47.80347083735954
4,0,n05,0.29441962629080365,0.0217349715826897,51.13497146568759
4,0,n06,0.25034387324157514,0.025708402165300452,42.89683636053858
4,0,n07,0.27771163077773137,0.002590097544635843,36.65542358373869
4,0,n08,0.15999523681362204,0.046638615459102375,32.364918032795444
4,0,n09,0.26032625335321447,0.05372977207508327,48.05439986362902
5,0,n00,0.7409059508438629,0.08039806154507766,118.47048548221666
5,0,n01,0.6966562990561291,0.0872330682731619,103.86189899771146
5,0,n02,0.6693432080578846,0.08306848526442084,110.91488316160502
5,0,n03,0.7247317554954268,0.06986144562806838,105.88667483443871
5,0,n04,0.6806680348049321,0.08067369869931539,121.71254171182605
5,0,n05,0.7366829710197949,0.07103997655038508,109.30219070424732
5,0,n06,0.6447469490698493,0.0887831418660818,108.48992685751519
5,0,n07,0.7686040202035707,0.08232578216995479,112.42337822394396
5,0,n08,0.7556179800350494,0.08883521850921958,110.15415778171135
5,0,n09,0.7105705357652675,0.07897591401133076,110.31773736513497
6,0,n00,0.24395343283432644,0.03917059850017074,40.331060489162475
6,0,n01,0.2598009034517374,0.024381285280430154,56.65487698199925
6,0,n02,0.2770254978046217,0.03511588639509539,45.24536765701063
6,0,n03,0.2353427160855907,0.04997936477656655,46.231365303689685
6,0,n04,0.2760760723689247,0.027516637770504105,46.50662866664476
6,0,n05,0.24211983803984866,0.019807435834578967,44.5385585877177
6,0,n06,0.22244870217003032,0.06204761330912739,33.850695769001696
6,0,n07,0.3189073776081986,0.03914715686006237,52.4649938772507
6,0,n08,0.2822704394574978,0.02761941231757447,33.004368877613324
6,0,n09,0.238440842495608,0.030691535234028084,38.43158804364505
7,0,n00,0.7175701611434665,0.07829646874284521,102.01210013346113
7,0,n01,0.7326318292595849,0.08317976945480347,117.09955834775349
7,0,n02,0.7087398139490894,0.07738971248345711,126.51484564147734
7,0,n03,0.7120324891581287,0.08482482847726985,118.16833776173183
7,0,n04,0.6394870503021395,0.07799901293081596,96.18936728896414
7,0,n05,0.717687723431904,0.09301720573087222,105.05375960165924
7,0,n06,0.753759721902545,0.08051111576348628,110.46065724674028
7,0,n07,0.7162838849133808,0.06521780499383832,114.15595356689586
7,0,n08,0.7011238379150746,0.09184004825794811,100.0853364126159
7,0,n09,0.7389406240442686,0.08372583519901532,101.59769936535267
8,1,n00,0.6706409731253393,0.08051929525611551,107.34368660440755
8,1,n01,0.7519087108294139,0.07359078206253103,103.4870868423838
8,1,n02,0.6549221132008207,0.08463524298617214,100.00364918641719
8,1,n03,0.79697316369056,0.07197446373837244,107.40046740315832
8,1,n04,0.6971138866703588,0.054524323687941606,106.18478158900638
8,1,n05,0.6954042371888697,0.07085373612654779,105.83599073107725
8,1,n06,0.728970595411903,0.060716440379443105,113.19301158334842
8,1,n07,0.7251926083086563,0.09510330934843492,92.63003858959257
8,1,n08,0.7296723378893906,0.09095701173468368,113.0399488223489
8,1,n09,0.8287590692860053,0.09927635531438343,99.86356929709775
8,1,n10,0.8282136461819343,0.08397834532422631,89.48966836117545
8,1,n11,0.7204520191730892,0.08257867046991135,110.34854027573402
8,1,n12,0.6812817574040569,0.08438463685807635,115.83095092393324
8,1,n13,0.7414571365439954,0.06410262382211626,106.33685663934666
8,1,n14,0.7717423968470115,0.07765006898567171,103.26555695381677
8,1,n15,0.7506382090662358,0.09227825970577401,100.36671108622909
8,1,n16,0.728179851186052,0.08439236017059312,125.71048634175435
9,1,n00,0.17082651209534808,0.03607327132338087,49.83780166347096
9,1,n01,0.4038983212392382,0.04301599725428067,47.599589426489395
9,1,n02,0.24121576389621138,0.017546998695261804,38.19266663058424
9,1,n03,0.29656417616288516,0.025321357442183404,35.62695445464678
9,1,n04,0.2907932280964162,0.03693304904630454,55.32261302909949
9,1,n05,0.31433565198171864,0.03156214549078262,42.220072492919144
9,1,n06,0.2366866954211389,0.04412307760622971,35.03618382878925
9,1,n07,0.33144537280775843,0.024864554773162104,54.235932173044176
9,1,n08,0.33427370858737393,0.04180106686034789,46.18085561468087
9,1,n09,0.2495044820572821,0.021003994539250136,50.80709378958561
9,1,n10,0.2080760281154455,0.023652677419928166,48.284618470935214
9,1,n11,0.2428580378276661,0.03512166008049391,44.70114534396546
9,1,n12,0.29049581725923707,0.035556628184827674,39.09781816661158
9,1,n13,0.2533631001564471,0.016744318045849794,36.75202236228341
9,1,n14,0.3179184740378807,0.015036622831102521,42.08160789055732
9,1,n15,0.20854828334185394,0.03697175301823978,42.62482640232229
9,1,n16,0.30465981716337237,0.02149005748589313,31.68297842245598
10,1,n00,0.1834461492578233,0.017978591957051135,35.75262542804718
10,1,n01,0.18739191744558986,0.042983177532410335,58.77030290118729
10,1,n02,0.24311079675232822,0.029392432791386442,51.93360777892157
10,1,n03,0.2726474506988414,0.01807970365315861,46.693451066027094
10,1,n04,0.23397443335677043,0.03318437866826071,47.165400039972056
10,1,n05,0.22665487215059368,0.041558006669601515,45.98551118687605
10,1,n06,0.31987303814707235,0.016517702196102456,41.42278769478105
10,1,n07,0.3148248069572619,0.021951762935843264,45.04558016214355
10,1,n08,0.19831523194342546,0.03254085908602965,50.17145739919783
10,1,n09,0.22871354667701815,0.03362187918451874,51.06301618748057
10,1,n10,0.26600241213269576,0.0327289888821481,36.99575318132749
10,1,n11,0.16687635078397803,0.04036188090363653,42.77321746602107
10,1,n12,0.30500478925460545,0.02440041513648468,37.212861452499354
10,1,n13,0.31077175738937096,0.025902323105617634,35.53632565254449
10,1,n14,0.3290667047215547,0.03756424463480273,49.606815141885505
10,1,n15,0.27403942252323266,0.0093956882355937,51.27987383137645
10,1,n16,0.199868614412371,0.025401209018407814,41.532672188776864
11,1,n00,0.2492381374991419,0.02925014454624406,36.190066129422355
11,1,n01,0.24768740449650256,0.015978727015749046,50.453669305300316
11,1,n02,0.3288949061231848,0.03230945950567526,53.62633761319714
11,1,n03,0.25914887564732625,0.019643402451802874,37.12698853864072
11,1,n04,0.2569871838889858,0.019801501553819593,40.870582948504726
11,1,n05,0.2284415794477245,0.04198521122729533,53.7067287269688
11,1,n06,0.23168840557858333,0.039332877231283606,42.95372942847683
11,1,n07,0.2596502525032358,0.03819821261080517,44.45953630392731
11,1,n08,0.2823656505646729,0.03592945512368938,43.870125077438644
11,1,n09,0.30051835988207476,0.026955284027819944,53.38603449940881
11,1,n10,0.22861848160840514,0.02677472873754534,42.36127207661389
11,1,n11,0.22356043808263262,0.04409608141720351,35.45085664431413
11,1,n12,0.33047753047549144,0.024609735636728802,61.004116261560405
11,1,n13,0.18788434918664554,0.019385621810020924,45.8728190747901
11,1,n14,0.17777941725358987,0.03135917382194031,35.78464172657573
11,1,n15,0.2805219452485936,0.04629239237397775,39.76505547896248
11,1,n16,0.22725199690578166,0.04686025107215276,43.98490703507401
12,1,n00,0.7444210203058033,0.07080052676105363,105.6448542379571
12,1,n01,0.6802990567915526,0.06547616282725052,112.78690803867308
12,1,n02,0.6982559985615191,0.08915094902670095,108.54219076763489
12,1,n03,0.6865000658357651,0.07082375515739486,106.35930190664526
12,1,n04,0.7732329334916067,0.08407579767197958,127.73735954327361
12,1,n05,0.7683704586574955,0.07098030652129024,108.6114283860434
12,1,n06,0.7675218019692972,0.09022108695235301,111.68977149894131
12,1,n07,0.708646054972489,0.08292905710311584,103.81298344435437
12,1,n08,0.7557044066764527,0.06813795588364294,100.2967902794087
12,1,n09,0.6897297567989032,0.07567205193118544,98.14760793531154
12,1,n10,0.6630650698364575,0.08177967689051756,126.69918493869685
12,1,n11,0.7481310311682261,0.07725149720359693,109.22326980925722
12,1,n12,0.7745851830645128,0.08161948500815228,119.05097482057354
12,1,n13,0.7485401206069232,0.09440882346927544,101.21786807157518
12,1,n14,0.704437151569335,0.06620486565908258,109.65011036816537
12,1,n15,0.6585101825815334,0.07027891862018538,110.1722811956617
12,1,n16,0.7041554412092367,0.06954307516204536,125.99688801444313
13,1,n00,0.2671955665859101,0.004893834100592857,44.41427978145789
13,1,n01,0.296361030958119,0.02019208181963894,50.431092684872745
13,1,n02,0.22700965837414128,0.021545060906522813,45.287613743932226
13,1,n03,0.30280377766116795,0.02645153401965981,38.405201446513324
13,1,n04,0.2841706487974081,0.03262709399094752,48.296116125452606
13,1,n05,0.2011093772900783,0.044132786188394044,41.622311711448944
13,1,n06,0.23970469895401264,0.012538698511547312,54.449201222666666
13,1,n07,0.17949438824990324,0.03934011099341782,38.77361897157682
13,1,n08,0.2605422908722708,0.06095978659345991,52.40991204608345
13,1,n09,0.19984175675656984,0.01042177444722222,53.43544543704984
13,1,n10,0.2465981190071083,0.044364058398340456,45.23161354313666
13,1,n11,0.25136909452652406,0.022722188771687125,31.46682143763102
13,1,n12,0.2969904761650108,0.0003924211365755152,43.26741185192054
13,1,n13,0.24296696495462305,0.01274466457725329,47.316804305103716
13,1,n14,0.3094680863997845,0.03866074997933722,46.90032543061664
13,1,n15,0.25907814687859815,0.018190111356556106,38.701845728627035
13,1,n16,0.2805875237831173,0.0322644695188682,49.62926891705381
14,1,n00,0.2626069291289771,0.04331165376328051,47.96882043737499
14,1,n01,0.2782429162946668,0.03055259654897033,46.763094305841584
14,1,n02,0.3125874171596779,0.020491755390073065,40.82504692442333
14,1,n03,0.23664467153035706,0.03410294678554825,48.91527848269161
14,1,n04,0.27234849653177867,0.028318839234990244,47.139690320397875
14,1,n05,0.3095755826572061,0.021515187429136544,35.39299618431652
14,1,n06,0.33236096360904915,0.02049917530485785,45.005386685906124
14,1,n07,0.3672505840555141,0.03425917287435036,43.437386105328926
14,1,n08,0.2035771601943704,0.03110538334384557,45.817993714116795
14,1,n09,0.2931332787842721,0.04526232209214355,44.30164486208209
14,1,n10,0.2932301509451571,0.019569313658996,28.8977405260801
14,1,n11,0.20708941836940364,0.040340816652452025,50.21286071642159
14,1,n12,0.2806764171253607,0.029354837878133703,47.39929368836384
14,1,n13,0.27567526793196917,0.019499221398575836,52.97295465040626
14,1,n14,0.2608515465880009,0.05065299145603421,49.553765682224125
14,1,n15,0.2871328410426065,0.02855003955249303,40.206290729336224
14,1,n16,0.28721660713140057,0.013401133261081388,50.529749479445435
15,1,n00,0.23989959144479797,0.03498240931054857,63.8460415491802
15,1,n01,0.27219631183702603,0.04117503023441215,50.64771225690475
15,1,n02,0.19696634976868566,0.01394318306662324,33.220656091476286
15,1,n03,0.2494247138525407,0.03199226523630428,46.01965241985842
15,1,n04,0.25583202610904693,0.0065513930738447836,29.910584069346893
15,1,n05,0.2261947731100446,0.015333504776707037,47.790840740341544
15,1,n06,0.2944750213530307,0.043534458672370324,46.34895175248868
15,1,n07,0.24710088469051186,0.022676495803838098,39.61341632157985
15,1,n08,0.25230484896106364,0.01260467883009821,48.93357964447197
15,1,n09,0.3289666181115498,0.04435994468709062,35.127244190608714
15,1,n10,0.26967297307824667,0.032276080559873965,38.50769537825102
15,1,n11,0.17117854854362724,0.012745647262312768,46.07882439856774
15,1,n12,0.3109898463912734,0.044464158226307234,34.06729928581174
15,1,n13,0.2518850739685599,0.028336327857163314,38.5580779765514
15,1,n14,0.29423668803838005,0.04365592507239851,33.46538990100355
15,1,n15,0.2670691063869941,0.025546662831939855,57.877422755119326
15,1,n16,0.25186752459321793,0.05995607885833876,45.700120159893494
16,2,n00,0.6918439611678407,0.05840991172525297,107.48573320093456
16,2,n01,0.788431827306561,0.06858531431335402,108.78420508150764
16,2,n02,0.6776145018049514,0.08452672532649882,103.58200659936725
16,2,n03,0.704528115117465,0.0632583622044628,126.26622717578766
16,2,n04,0.7870720557878514,0.07682042438762109,98.55048340114884
16,2,n05,0.6501451188857436,0.08115976454391095,120.04319810792117
16,2,n06,0.7545385887337581,0.08863579118827769,99.37875210582636
16,2,n07,0.6971922849147236,0.09218474709579111,116.53691689578976
16,2,n08,0.7479926383228506,0.08374965264835266,122.11349369215783
16,2,n09,0.7206779614965494,0.07458322189942443,115.45239742787712
16,2,n10,0.6098559071817411,0.10202233019591472,112.72097768867098
16,2,n11,0.7414434185491484,0.07365727571189698,98.30004197457511
16,2,n12,0.7211872561768583,0.09187068771639269,100.73429608410055
17,2,n00,0.7359148527797797,0.10270987880132343,107.81472901042125
17,2,n01,0.6976706172117759,0.0794786046501146,109.01388329971364
17,2,n02,0.7173975375384961,0.08377299487070897,91.5059589658981
17,2,n03,0.7460005454415222,0.06815434513852467,105.20156672469737
17,2,n04,0.6918896566787958,0.0706799703756835,106.18981543897172
17,2,n05,0.6973078376031654,0.09040377930079921,112.1723187192269
17,2,n06,0.7347727630339539,0.0951529300317373,123.00974387368183
17,2,n07,0.6363480305821207,0.08280980504719715,115.46557048725926
17,2,n08,0.7716064918734861,0.07269562812695912,107.5563154307373
17,2,n09,0.6340070631819279,0.09173265931391945,118.11338393271957
17,2,n10,0.7290375463265334,0.09514639234920778,104.18735307084957
17,2,n11,0.7111305365742443,0.0915517434146607,127.6026320590353
17,2,n12,0.6893535879983732,0.06910621011656104,101.09354006128859
18,2,n00,0.8235142821214966,0.05957615842456025,110.9249499528945
18,2,n01,0.6441132378621679,0.0698954024274761,103.31426352536687
18,2,n02,0.7387969738615375,0.07458925669213863,101.35038039333224
18,2,n03,0.7038626545059896,0.07762603456589104,106.09272577991841
18,2,n04,0.5795464911469674,0.05877057115423284,113.57456662530763
18,2,n05,0.6768213451556488,0.09291274034080145,121.80064020249739
18,2,n06,0.6791396066262276,0.10256710342827749,106.58936179897277
18,2,n07,0.7353629604651726,0.06942288961293545,115.75708583078332
18,2,n08,0.7270729189892173,0.11812881410609044,117.09695512703155
18,2,n09,0.7035447049632343,0.08676289181134039,97.12980938794625
18,2,n10,0.6740678279818525,0.0950776911548115,109.92232994173028
18,2,n11,0.6968947550105062,0.07323001423057934,119.97447751614752
18,2,n12,0.7793730946468606,0.06881016363289723,121.18660578739888
19,2,n00,0.8164017908758655,0.0898481766561019,103.63095679497712
19,2,n01,0.725859893376278,0.07150301224250538,118.69678926489512
19,2,n02,0.7074528580182323,0.0845690359199931,107.11683257177549
19,2,n03,0.7860920877950062,0.06802297476424357,101.98106317333524
19,2,n04,0.7716363257803812,0.07377001017429541,96.42298483697189
19,2,n05,0.696075224160166,0.07244029211867845,109.01424249349947
19,2,n06,0.7496258216990836,0.057776995889516396,116.48590819250497
19,2,n07,0.7276266533142823,0.09626199682810854,103.39948525964041
19,2,n08,0.7409878008198587,0.08346335621125878,110.88487092208379
19,2,n09,0.7119501593524092,0.07637875959983227,104.36352465076959
19,2,n10,0.7150113781899498,0.09586193747964937,106.99330906172756
19,2,n11,0.720307359565105,0.06421252097319384,108.74722987815024
19,2,n12,0.6969780861184132,0.08104328389426682,115.2641001530403
20,2,n00,0.24165413590272972,0.020618314109062882,49.07684506872857
20,2,n01,0.20553781441147262,0.06109271249565018,49.792278080407485
20,2,n02,0.23186045589919332,0.011874802204311054,48.82748224648785
20,2,n03,0.2366751646409645,0.04378534341585051,55.97248252802743
20,2,n04,0.3317728782939315,0.045450122768368184,41.04512097521769
20,2,n05,0.29040587579742616,0.04817928124574153,41.05669500559759
20,2,n06,0.3209739230493835,0.005248844839427613,59.19657359171285
20,2,n07,0.23921361255690504,0.03728700264046509,36.638987269252816
20,2,n08,0.2935141220738058,0.04928845868630066,33.372999175309616
20,2,n09,0.20608597786987418,0.03686958546228836,50.850060824302226
20,2,n10,0.37612740787846694,0.03966751250935621,37.56011580188409
20,2,n11,0.21868832936956942,0.01623813928110655,40.663562159935694
20,2,n12,0.2725493801280322,0.01151802108336204,43.01685275544248
21,2,n00,0.6589746629847036,0.07132051032629942,98.59937413771152
21,2,n01,0.7749952159640743,0.09139190703999871,118.89825439749352
21,2,n02,0.7757895267324622,0.07997141710365578,111.01936189589334
21,2,n03,0.7085367973366116,0.07537704277722582,107.78533773255525
21,2,n04,0.73425055368581,0.10566076525715051,108.58288397450978
21,2,n05,0.6745047665890848,0.08773119584785971,96.8478289843885
21,2,n06,0.6795253523546704,0.07956329582701055,113.62468594191887
21,2,n07,0.6814726239171551,0.0833216774080935,108.17959406716676
21,2,n08,0.755983938177494,0.06028813908350653,101.63512004753107
21,2,n09,0.66089246667437,0.0696374650719839,108.64915535694392
21,2,n10,0.7171549117865291,0.08563020842929903,108.34238242075007
21,2,n11,0.7615980086810373,0.08398242072166373,111.54472442061966
21,2,n12,0.7195184293414283,0.08161188954940232,127.21140191986088
22,2,n00,0.7266768169219382,0.06936790326449734,111.88511732115548
22,2,n01,0.6805385177023544,0.0746607895790468,108.92578325689063
22,2,n02,0.7236694441537765,0.09408746583995868,112.62582761549154
22,2,n03,0.7042714411664193,0.08829823675656466,88.84972638384716
22,2,n04,0.7844818034700323,0.07262124219695007,109.63664931834695
22,2,n05,0.6917577332517485,0.07630829553106934,124.01559129227795
22,2,n06,0.6851445948497011,0.07387101705969236,104.67758341348146
22,2,n07,0.7900139432901883,0.08200663207414799,112.13970992792667
22,2,n08,0.747966637622135,0.07935856664723526,104.36948928809993
22,2,n09,0.7568446545944962,0.0715423083738338,114.88272640932163
22,2,n10,0.7161913291061651,0.07479754154712889,119.93550875611626
22,2,n11,0.6824477289358705,0.1011199691709102,120.46069489123003
22,2,n12,0.7574482486506396,0.07844164851894316,117.73490959135
23,2,n00,0.751348942010263,0.08932819930719232,107.49539651815562
23,2,n01,0.7813565325132645,0.07570260527650051,112.45699001336443
23,2,n02,0.7623650585576318,0.09829747954250871,106.4673682254573
23,2,n03,0.6780301713663027,0.08152791994895157,113.14200758433746
23,2,n04,0.7533534353954248,0.07978991604032055,117.54524026154398
23,2,n05,0.705381171637714,0.0618852529080426,114.12030515598175
23,2,n06,0.6998435736695074,0.09209874062417366,101.75604681085619
23,2,n07,0.7285200146014886,0.07393361894446028,99.42275471191155
23,2,n08,0.7681914652465889,0.0714982123427443,94.79759184608437
23,2,n09,0.7413982510622641,0.07455925129440492,103.76839756453649
23,2,n10,0.741940087513581,0.08852223403331524,96.99356096733182
23,2,n11,0.6931522099204883,0.06794629110511723,117.57080985655054
23,2,n12,0.74457213322014,0.0892874684169386,107.40508287430595
24,3,n00,0.6816470744110243,0.07522652492990217,108.12952626704042
24,3,n01,0.6699682441030863,0.06855550880021255,104.13442221258786
24,3,n02,0.7684841170653435,0.08398132695019998,116.55785992481287
24,3,n03,0.7437854382316191,0.09025533336770224,98.15249523574884
24,3,n04,0.6623836475950279,0.07943472563312738,112.26802404080875
24,3,n05,0.7830913981215732,0.08952788270294758,114.27786595238796
24,3,n06,0.7422142532404025,0.06503911247967706,115.67578966066726
24,3,n07,0.7657000283766555,0.06851945759754875,96.64910951308185
24,3,n08,0.7087725364505758,0.07187560334804963,113.63944914864071
24,3,n09,0.7439910160232436,0.07308068426637014,112.64560919469191
24,3,n10,0.809991132975894,0.07711597999572502,112.46264383990207
24,3,n11,0.7014706207643477,0.05828351860132329,111.45945330021145
25,3,n00,0.28955869264722706,0.03578144489526165,49.114104106064126
25,3,n01,0.21783005066773642,0.04356862004257798,42.89722520696967
25,3,n02,0.30089891894426624,0.015208632851407227,24.64905365194773
25,3,n03,0.28457221860249876,0.04712154195194608,33.83600252327827
25,3,n04,0.2701926853894783,0.03240780144091248,53.822306313821784
25,3,n05,0.24689615051740416,0.026167006489762307,51.737570883945864
25,3,n06,0.19320239219096372,0.02317660323413923,41.62119823314458
25,3,n07,0.22651957852022986,0.04100500756211465,26.70593307032694
25,3,n08,0.23501092882485455,0.02934849390953072,40.797853647208264
25,3,n09,0.2276786244537871,0.021192422253811856,58.90129803915731
25,3,n10,0.33061266374360637,0.02753365160744251,43.91299115078554
25,3,n11,0.20014151615372208,0.018903461873262216,55.28688740986744
26,3,n00,0.26810840430941885,0.036295420209632515,53.61255064882813
26,3,n01,0.20691286858787475,0.06025276546834048,49.226760117551265
26,3,n02,0.29846916917436406,0.05428113990564132,40.79489290877888
26,3,n03,0.29454011651938766,0.04735652140514092,51.43263656583069
26,3,n04,0.24635673877209702,0.030436701618712286,44.38508966780029
26,3,n05,0.23883392459301897,0.029537484619551947,41.34812446850269
26,3,n06,0.21986596636121222,0.02674614227183877,43.42765390713238
26,3,n07,0.23811341586097048,0.04298372143344903,44.46694404793447
26,3,n08,0.2073739623122247,0.036939878006336725,31.095561658154168
26,3,n09,0.2466158881950733,0.031796845252712216,43.868375610871226
26,3,n10,0.23974572102634956,0.02658168718853887,45.38803974974679
26,3,n11,0.20134062378246526,0.031137851278109207,48.18739629395949
27,3,n00,0.26860290426069877,0.03065114034875135,33.78164632702892
27,3,n01,0.27397738268536215,0.03417535141613504,35.5625725174781
27,3,n02,0.2710006849921211,0.031153358339448482,41.96530188554414
27,3,n03,0.2631715876005353,0.0397223246187601,38.007287249019406
27,3,n04,0.24929206972636617,0.04363542725749117,40.53846045171892
27,3,n05,0.19151608800848696,0.019936022928278868,46.70636233055577
27,3,n06,0.2365744620597678,0.013890785694995678,49.768690391847755
27,3,n07,0.35977387586432,0.02129793966569849,52.6673416276439
27,3,n08,0.2754766762087223,0.043380022417162684,61.57944971159243
27,3,n09,0.2818426262780722,0.02277175785594917,44.230244567080746
27,3,n10,0.2926326271942677,0.02645849461795458,38.00416709167016
27,3,n11,0.2105565851787921,0.03039629228804221,53.13005204562806
28,3,n00,0.27191543069303653,0.01824742718568573,44.40752005000402
28,3,n01,0.2108654341041059,0.05384481689411537,45.110388448118975
28,3,n02,0.21273174532388456,0.033036681540644784,41.77322751059236
28,3,n03,0.18643427610361957,0.04101128291049148,56.751449955257634
28,3,n04,0.25506530545659467,0.02566074617100643,50.470617444890635
28,3,n05,0.24302408180752053,0.026368201763539146,56.30394830426422
28,3,n06,0.08878995778517054,0.03127175815670961,39.68630123069392
28,3,n07,0.27959951506213654,0.025667259932824617,53.38860788036532
28,3,n08,0.2381135183134729,0.0,44.16582235400301
28,3,n09,0.2513534446185683,0.04809922672820316,44.702954576627
28,3,n10,0.3061554333095752,0.015110145029296538,50.38426247944287
28,3,n11,0.23351455388326026,0.034264251819934755,40.37631898879735
29,3,n00,0.29307007717526323,0.03434425177419251,44.49845555213169
29,3,n01,0.19247375118680693,0.024434881370974444,49.96806947656546
29,3,n02,0.24337022435562045,0.0540528940311569,64.28240596052264
29,3,n03,0.22609211514083818,0.020698478803451423,33.327800973622175
29,3,n04,0.27433048081279443,0.015773927357201768,53.35769721150405
29,3,n05,0.2097248183245634,0.028308832909702666,27.225011357631416
29,3,n06,0.1688265977585025,0.014187106975837482,54.352087397856245
29,3,n07,0.19158272213695798,0.02994040677004331,44.26009109410677
29,3,n08,0.23316903712504083,0.03228232300810543,46.60511442179351
29,3,n09,0.34678111291464453,0.012402848808376533,46.095204039901105
29,3,n10,0.19768953915018142,0.029125339102252498,27.861384566172816
29,3,n11,0.2539869429593138,0.021294243041913116,46.90935139123941
30,3,n00,0.7180315935241369,0.06939441429258131,85.00372355632254
30,3,n01,0.7686907936694461,0.07527345045699314,118.5426510408622
30,3,n02,0.7228427791495372,0.06244709279101139,103.1003613823415
30,3,n03,0.7146044197830972,0.09209235896910947,126.04261337608703
30,3,n04,0.7465470972008826,0.07406953822998263,107.64998764501193
30,3,n05,0.7714392187112814,0.066455774748936,115.16608718691553
30,3,n06,0.7817349855767795,0.08405815562215357,104.7079552113737
30,3,n07,0.722678288292534,0.09331694401363368,121.2152641019525
30,3,n08,0.7352501464917952,0.06491225648533443,111.73150207594598
30,3,n09,0.7547489209788603,0.08627984007785802,108.26008060232384
30,3,n10,0.6988007402765394,0.0762740018752336,98.45554530577422
30,3,n11,0.7229595950692744,0.09058798205954974,107.09651416967134
31,3,n00,0.2304591927158461,0.027462439536605845,37.109352764055444
31,3,n01,0.2394990744680034,0.03976998333021163,52.634790897956776
31,3,n02,0.2757620392581323,0.012583011119328837,41.66253838266714
31,3,n03,0.16821941747928992,0.048083758656896174,28.505168443211264
31,3,n04,0.24215515582325653,0.009019409669754234,47.74084831017001
31,3,n05,0.28370309922730974,0.03148197457470243,46.10358984043801
31,3,n06,0.20675963524807492,0.020479047579612747,57.63992747203008
31,3,n07,0.22860955890185816,0.02504755150456512,56.252234594768794
31,3,n08,0.23149293747930103,0.021202242329224914,48.64198867466608
31,3,n09,0.20306047413051204,0.021367779955448536,36.174825246961454
31,3,n10,0.28489568431887635,0.0191789590292765,54.576166727310245
31,3,n11,0.2075260446847274,0.028962295662905115,42.672080913354705
32,4,n00,0.23046901126248998,0.015502192735703661,48.11645971186273
32,4,n01,0.21273390229956393,0.010138663518286028,43.26615050831143
32,4,n02,0.3118716381428018,0.03806727450053747,39.34763508718974
32,4,n03,0.23436673636998967,0.04323596553304705,46.07278771225042
32,4,n04,0.22481264887499172,0.009863451664741053,36.39663384574222
32,4,n05,0.27060000207996915,0.03355620298323354,36.88056063917607
32,4,n06,0.20898923382122211,0.02036450269132909,29.136342352399517
32,4,n07,0.2781747989342333,0.039919927187944106,40.57513106515351
32,4,n08,0.19427960908486872,0.03419946870276266,38.81014321133959
32,4,n09,0.27719300132811003,0.03876118003332052,41.29539588249091
32,4,n10,0.30550808914233474,0.0380345806255238,35.049203248856124
33,4,n00,0.6744303202997985,0.10152031732633558,113.44878739937492
33,4,n01,0.6672607662859811,0.0760160126075647,107.89639673093117
33,4,n02,0.6025181874598113,0.07616520858425449,115.18478766353154
33,4,n03,0.693813887987606,0.08236482923184546,118.11768511234634
33,4,n04,0.6981785740757893,0.06039310531500974,119.54358542581335
33,4,n05,0.700201224921764,0.06872140946100815,115.5526748529415
33,4,n06,0.791754521043925,0.07798077796471373,119.76566130882551
33,4,n07,0.7428992083542196,0.0942072890566837,104.9109768768076
33,4,n08,0.6811360638291122,0.09783107249204893,108.57664668465954
33,4,n09,0.7077494306022123,0.08162887124883787,116.77635319983932
33,4,n10,0.7555253505011217,0.06948922425726735,113.67830147576085
34,4,n00,0.2437719073464219,0.04070656207559558,48.02697613820746
34,4,n01,0.13215209328194305,0.0034685460327828245,43.51087375932193
34,4,n02,0.20355229623007962,0.03650540830545553,42.99922935164032
34,4,n03,0.2666468860280659,0.0009355741121888257,51.944679827625684
34,4,n04,0.27915961513919135,0.010592970494606477,38.60969819560247
34,4,n05,0.2821762421802541,0.030847628285302815,54.77120823217942
34,4,n06,0.26447150235392153,0.018892963093171705,34.94461418581704
34,4,n07,0.20677655186239963,0.02277190722054437,30.47453515551272
34,4,n08,0.27955618775327085,0.0,40.52347411989038
34,4,n09,0.201515983879412,0.034312954410332,49.268858144973635
34,4,n10,0.28314278814914584,0.006981159500898126,45.62345056608094
35,4,n00,0.6282500972014725,0.06942913324117464,108.01007008295478
35,4,n01,0.7854875192624161,0.08325625554246213,124.0724494500581
35,4,n02,0.8135879748232819,0.08131198252082934,110.7681835831861
35,4,n03,0.6753859108691805,0.07290713826716216,105.86352263808956
35,4,n04,0.7362342611383619,0.07874072913132499,109.94110381659894
35,4,n05,0.7211850768582377,0.0633836590864599,113.91400333297446
35,4,n06,0.7477062147561961,0.08323991991694851,111.93825612311834
35,4,n07,0.74794335825851,0.1038656172396385,96.64355227896945
35,4,n08,0.6852075906520492,0.07505572538827096,112.797322143339
35,4,n09,0.6681386925248988,0.0964216277556081,123.12117630436082
35,4,n10,0.7164072566643205,0.07476694293902869,108.3823505807418
36,4,n00,0.2139625330319735,0.022221571512663536,41.06503953232318
36,4,n01,0.34296484214214407,0.015808810021545515,40.36889953457522
36,4,n02,0.27259401919850457,0.03619346838298957,53.203929283606854
36,4,n03,0.2563200039678433,0.009180051260003028,49.648711248546675
36,4,n04,0.1824621367816543,0.019282124208564844,42.53270678897595
36,4,n05,0.31492012504273925,0.019845545864722106,56.28132075970783
36,4,n06,0.281940822188181,0.011280059521864384,60.06569489382699
36,4,n07,0.2860607506970942,0.00313930410087895,39.561938850264966
36,4,n08,0.25695478221057616,0.032069814414574196,38.63366126358767
36,4,n09,0.25088806558196913,0.028408767671729705,43.86239501280084
36,4,n10,0.18717862501171528,0.015489070480865303,45.8959789147747
37,4,n00,0.7738463416495382,0.07368298931943174,106.1978711604636
37,4,n01,0.7690061553440846,0.07374696691073468,102.07985597920695
37,4,n02,0.7101998143180128,0.08353264558570897,112.30914162245439
37,4,n03,0.7199490961174573,0.08176776549752493,105.46684803688092
37,4,n04,0.7248994365859978,0.07836348168113284,99.63735897952937
37,4,n05,0.7674844990784127,0.09577468080049586,111.38832829130621
37,4,n06,0.7052184542266268,0.08592091441537887,118.38870602411599
37,4,n07,0.7387793778494961,0.07987630167126719,112.68359132377186
37,4,n08,0.6305096750505986,0.06907319335207357,122.94223784216865
37,4,n09,0.7261827603082788,0.0826990410145894,105.8629746364862
37,4,n10,0.6617726754404873,0.0773503902892757,110.52781001626755
38,4,n00,0.23460414369781005,0.008752623647058953,48.387348528832206
38,4,n01,0.18954071799529798,0.01671467929654972,33.48130210355741
38,4,n02,0.22024529741643506,0.024226663283023413,47.058771359088816
38,4,n03,0.31081063134870873,0.016058104986152524,41.1455297087389
38,4,n04,0.24054737358268563,0.01426916423422302,39.45800850530592
38,4,n05,0.26503185481543245,0.03588975820113949,51.86254197233765
38,4,n06,0.2338118859994581,0.01765297831408822,46.31444852888729
38,4,n07,0.2602515399229656,0.018760544031536215,29.431788592401166
38,4,n08,0.2792585151524646,0.020574232073045484,71.11134186725485
38,4,n09,0.11910875666977347,0.05614083252480219,47.75265943831261
38,4,n10,0.24029101781169152,0.01796163143228292,51.08070376670107
39,4,n00,0.2515178355108289,0.01670247015713519,34.39847220968953
39,4,n01,0.32306190824144987,0.022974240017297788,46.88942505095451
39,4,n02,0.25065404436217564,0.02814442755065863,51.94921871607939
39,4,n03,0.25893518545596567,0.01614502181007877,44.49294655368732
39,4,n04,0.30783981765918444,0.024672570174153162,36.43224179200947
39,4,n05,0.18208663307945916,0.02532223993864406,49.78396379671645
39,4,n06,0.23011994940160613,0.03826546826439256,45.01214832054317
39,4,n07,0.2196670182230832,0.03430299651522663,30.7694910723958
39,4,n08,0.20888800264912483,0.02257417674699255,37.8188928683725
39,4,n09,0.18274637706486108,0.04391678992193429,42.03163092049202
39,4,n10,0.1773553403067472,0.03357414761045232,62.35779795780401
40,5,n00,0.6957481594377467,0.08007151366468919,106.66363675326416
40,5,n01,0.6537729492890929,0.0930990508091028,118.02871731588067
40,5,n02,0.6962411546591353,0.0858538784968366,102.53978500804881
40,5,n03,0.7392525739428819,0.0837114760960525,112.38467828455548
40,5,n04,0.7684235152581197,0.07827281353113176,112.839879387996
40,5,n05,0.7439943049575449,0.101036281101465,110.66621128750481
40,5,n06,0.7375228544036749,0.08350286258765707,116.16172461963627
40,5,n07,0.7491520817977513,0.08058101451226969,115.9872912968259
40,5,n08,0.7158221453511817,0.060322671238007844,123.26251195252145
40,5,n09,0.7431912253476382,0.10220402153669786,111.39855684688239
40,5,n10,0.7768319288168404,0.06440608657075793,91.53404258175709
40,5,n11,0.7158633169439165,0.0762462039026096,119.46014268609167
40,5,n12,0.7494252663583999,0.06580094357884468,114.42083201465681
40,5,n13,0.7079058422864958,0.0841072482796445,113.60106017153652
40,5,n14,0.7962703335299866,0.09064327473662558,109.42562852117287
40,5,n15,0.7646210878939247,0.09605503019425182,111.02517677506935
41,5,n00,0.6676262342548465,0.07697865986306716,104.2618008675288
41,5,n01,0.6868644933584706,0.05720084137624475,109.30608199418613
41,5,n02,0.7634621020776358,0.09023591863970232,114.25063732994177
41,5,n03,0.7078296844251316,0.09827543966170768,113.55012983473111
41,5,n04,0.6922483448436464,0.06302114115636787,103.1027336221957
41,5,n05,0.7226702296809712,0.07129832355983062,99.56447310132252
41,5,n06,0.7245646340885673,0.08007327404350105,119.03941842622
41,5,n07,0.6452615499378979,0.08253991597096459,107.33024359618236
41,5,n08,0.7361186828603221,0.06510349494197461,107.35476702107354
41,5,n09,0.6311654304922619,0.0836419088565232,114.2553065092857
41,5,n10,0.6834430995619826,0.08689786282117538,105.0367895867834
41,5,n11,0.7051852224997135,0.08944131589494064,101.29996784402415
41,5,n12,0.6706948293438946,0.06874727594531192,116.83629395279324
41,5,n13,0.7063655591772935,0.05970710497540951,107.20509136715694
41,5,n14,0.7313069845931558,0.08475394838966224,103.22735595886708
41,5,n15,0.7106692436341917,0.07790951330819326,107.14317633913912
42,5,n00,0.2742339622865416,0.046031896603562376,49.55048064632617
42,5,n01,0.22987700253147525,0.0352361469021083,52.10075671241518
42,5,n02,0.21135332672370513,0.030270850294056965,45.50511226884867
42,5,n03,0.24136015242051376,0.04281413395391652,39.58926324246768
42,5,n04,0.19330248300258596,0.06708956007166991,54.14501327505123
42,5,n05,0.22715582313091898,0.02186205879254699,45.94758085137558
42,5,n06,0.22506025244006542,0.02025984451146932,52.37786244252047
42,5,n07,0.270523986935285,0.007757347109654745,44.08728673423853
42,5,n08,0.2696182415376829,0.017332990484361918,45.77259646999106
42,5,n09,0.2546214856419062,0.020274887871630513,45.43822720686699
42,5,n10,0.3312999106349618,0.010630834495212016,33.91530218142803
42,5,n11,0.26591928676368354,0.016947731174988535,29.77105202282352
42,5,n12,0.22370713806518713,0.02697198364333804,44.88095348102789
42,5,n13,0.24962538373729565,0.01865943576749686,41.063301364645795
42,5,n14,0.2064731207693471,0.03758767378865905,54.75441704955486
42,5,n15,0.2921088554136368,0.030759067227111917,46.26582803805313
43,5,n00,0.8113695509858697,0.06573915518458416,111.1395257787906
43,5,n01,0.7362853952947167,0.09980692661879939,113.25947031892969
43,5,n02,0.7317753044145807,0.09317070575709416,114.16496410461414
43,5,n03,0.6938170463294493,0.09618973210350461,114.69913826527272
43,5,n04,0.7160657107920516,0.09183076808716364,97.41845664680683
43,5,n05,0.7160749573431808,0.0731229109901496,124.21233168016425
43,5,n06,0.7423443441566835,0.0790429507149514,109.57100108616798
43,5,n07,0.7805053868486387,0.06942643791521849,104.59308237522589
43,5,n08,0.6301451157790561,0.06991670136323877,113.62490754229208
43,5,n09,0.8174891263078399,0.0655367986994861,97.31253961729509
43,5,n10,0.7408172148830251,0.06681962868698692,107.33753778786698
43,5,n11,0.7786272573547786,0.0969933048264305,116.70892629137506
43,5,n12,0.682529108549845,0.08325294844592632,116.61429691472333
43,5,n13,0.741198194085686,0.10507796160447333,111.91587518972052
43,5,n14,0.6221427782868155,0.11004698284388448,102.0952679067233
43,5,n15,0.6922401656838771,0.10321354886146634,106.50740614134986
44,5,n00,0.3135423731102692,0.035143850035578336,39.36879785785237
44,5,n01,0.282923656812032,0.013303178094158999,34.277014024466666
44,5,n02,0.19998067231520233,0.037026712214140826,35.1022131490782
44,5,n03,0.26221315889611974,0.023434425312104167,51.45306176664734
44,5,n04,0.2368650146696998,0.034144052167972616,56.26822135782023
44,5,n05,0.25088262533865424,0.04669258545016039,44.44818581628221
44,5,n06,0.20209306888624254,0.019567156074350618,38.16865769151809
44,5,n07,0.208861828602895,0.02187880834516892,35.6723132946895
44,5,n08,0.17704694838388355,0.03634322991810208,38.865436654297405
44,5,n09,0.23222243468791748,0.040278356853376024,40.1900329532604
44,5,n10,0.23717673271170522,0.030635220936873625,40.507402431528604
44,5,n11,0.24209329249990938,0.030176646179134153,42.21819687551707
44,5,n12,0.29111541984485223,0.028104307716387084,43.24999526609509
44,5,n13,0.27562799335412996,0.020001544317684958,50.74153652764676
44,5,n14,0.20109247547412434,0.014618557285704926,31.012730674285685
44,5,n15,0.2900715201202226,0.04148063891553308,39.57426273311545
45,5,n00,0.7116005595709218,0.0862286185941902,121.0582923612394
45,5,n01,0.7631687741892172,0.07225316164355731,124.26017949309472
45,5,n02,0.7877288059903254,0.09995990001407352,104.32595824733612
45,5,n03,0.7399766368250627,0.07677599853877466,106.81515050799939
45,5,n04,0.7187574585643687,0.07393201532055585,108.03383801086751
45,5,n05,0.6941580423572495,0.0900626367661316,95.41053162554591
45,5,n06,0.8013742284871744,0.06944059013277784,111.70397375052804
45,5,n07,0.750971609628379,0.08417888109643117,97.12536502329283
45,5,n08,0.7643885534165212,0.09486208179765371,111.97290287788933
45,5,n09,0.7269563586774139,0.08349554985772786,107.71102012310803
45,5,n10,0.8424069518789137,0.08801885543340035,95.70577938893871
45,5,n11,0.7802726054602159,0.0769763639015747,98.15980749449098
45,5,n12,0.7342900246694074,0.06838768012904659,107.65835728886026
45,5,n13,0.6969329446845091,0.08253758156752215,98.56499243163971
45,5,n14,0.7188734011024516,0.08480063745542617,101.91705352774682
45,5,n15,0.7403250456711576,0.09778160018028678,112.88114379793882
46,5,n00,0.27771974946423067,0.01088582764331614,42.552020401191356
46,5,n01,0.185719909831582,0.06485271496266427,36.49036282758067
46,5,n02,0.2221157763213164,0.04928569833334959,46.25151972423881
46,5,n03,0.3173609892703336,0.028804752467020363,45.378716689991364
46,5,n04,0.3451271010150398,0.03540798915435288,54.52885769298508
46,5,n05,0.30108940459448025,0.032695914544237044,60.34486795663099
46,5,n06,0.2390476419034947,0.05514482951721169,46.80583974427121
46,5,n07,0.34675063497532854,0.033903790008394434,51.79688600136248
46,5,n08,0.2253805836279227,0.028812267275473435,48.13079987925597
46,5,n09,0.22609410080233133,0.027602775869727023,42.6996959267119
46,5,n10,0.24781472791771553,0.04209624619193844,58.669216327004236
46,5,n11,0.22878595994650344,0.0,35.67047891933355
46,5,n12,0.23754429073632283,0.03270555275324281,38.80191690738506
46,5,n13,0.2618651672066984,0.028361389674276264,28.19502853043354
46,5,n14,0.311229122671796,0.023544978388048907,55.12794258303538
46,5,n15,0.2645637888074872,0.018200170123185054,38.138671953314315
47,5,n00,0.6520398447495892,0.07226582299902418,100.65002596880169
47,5,n01,0.6656359374944384,0.08761560664903038,95.61137014676373
47,5,n02,0.7834243196347364,0.0739310522827242,111.95083604367025
47,5,n03,0.6761453292772212,0.09363498342609651,111.96375460677841
47,5,n04,0.7422324540814208,0.07131300225522916,110.92082898911482
47,5,n05,0.6477034759255075,0.08708247302935643,99.13108445675574
47,5,n06,0.6854997291977447,0.06788090925304052,107.51748956700513
47,5,n07,0.7012628041394463,0.07525872548045008,111.72729064067289
47,5,n08,0.7302025219826451,0.0833481600980299,116.70248214929703
47,5,n09,0.8103221948904074,0.09238423156061158,111.85580473525741
47,5,n10,0.7640115696713382,0.09375081392679348,128.0207195207775
47,5,n11,0.7156653915242313,0.08936146495230338,105.29669502289514
47,5,n12,0.7410542395350799,0.07595354088864913,105.79524572480182
47,5,n13,0.7184317810694187,0.06871037594697937,107.76282623670393
47,5,n14,0.707555871241493,0.07514951778172765,104.26747527268279
47,5,n15,0.792461119619708,0.06836703358846306,96.56203934533062
48,6,n00,0.2964378682008479,0.04013808919172659,46.24479743768968
48,6,n01,0.2483448718937591,0.03802762576778211,32.391231026490324
48,6,n02,0.26601006687381573,0.019987237926862637,37.191417652813364
48,6,n03,0.23585352661241168,0.03240552683922587,36.292311986535076
48,6,n04,0.24864799644063373,0.038208525588171824,40.72826122088947
48,6,n05,0.2282195768662186,0.03589025161846428,51.54619448244242
48,6,n06,0.19692972874738374,0.022479968754606464,57.1179554512751
48,6,n07,0.20887511162935182,0.033526991384126174,39.940018970720466
48,6,n08,0.3228641194731516,0.021635517660671448,31.66089648303573
48,6,n09,0.3091484472437547,0.013967821858873745,55.38243153011844
48,6,n10,0.28236142793333713,0.024453603122024468,31.722984180309815
48,6,n11,0.18015564387115762,0.022159412546554035,47.40272506208605
48,6,n12,0.2981322740878134,0.01954973333701627,39.46961456734476
48,6,n13,0.312943205323711,0.014903687835280144,48.368210543614666
48,6,n14,0.1998824161205492,0.04528031548823711,55.530675078561835
49,6,n00,0.756647075939188,0.08920251864672976,106.91024456084129
49,6,n01,0.698553337310099,0.0844267567177626,111.25636379632553
49,6,n02,0.8208813735099306,0.0660803975552605,103.81173855221829
49,6,n03,0.7132357909728966,0.062320107237432455,110.7556385674722
49,6,n04,0.7388494803121571,0.07617704816827646,115.13236455171116
49,6,n05,0.808615620914593,0.07662721401540895,120.94379332997231
49,6,n06,0.7093974016977354,0.06921119228117809,84.85850381296297
49,6,n07,0.7025108605140101,0.08137678651616762,117.96228547722455
49,6,n08,0.6632087542307173,0.08828600034368973,111.65987019877402
49,6,n09,0.7497773515359818,0.06980268890161516,123.37993243619202
49,6,n10,0.7672020690666824,0.08862825122565052,98.89948484520819
49,6,n11,0.6419340982333702,0.08391941271720821,96.39863417362463
49,6,n12,0.7083705181291683,0.07572608222180911,115.05454058957534
49,6,n13,0.7021038998698107,0.07276549335457348,112.29982191897895
49,6,n14,0.7353227855433814,0.06672009886913917,96.41051550737747
50,6,n00,0.7223885280998628,0.06519176709424526,110.50535695358195
50,6,n01,0.7035164549327232,0.08095467420407503,126.92994719799637
50,6,n02,0.7274940032018108,0.06717324216811911,101.41400854051145
50,6,n03,0.688743193734411,0.08437947062563143,100.85172574327045
50,6,n04,0.7164813054961554,0.09340839620962764,96.9368880094685
50,6,n05,0.7449540757143098,0.07330142957264642,113.70439553411111
50,6,n06,0.7062500440210601,0.05236307800060673,94.48930188725096
50,6,n07,0.7296081605402689,0.06998805527037405,105.14345330050787
50,6,n08,0.7681739259117432,0.09343684043997037,114.48396951917121
50,6,n09,0.7393769574205595,0.10203349356720004,129.76963703005134
50,6,n10,0.6704478079222265,0.06952181879054291,107.62424977627465
50,6,n11,0.7194584125804605,0.0933432044334725,112.30812061670736
50,6,n12,0.755402267168863,0.06658379745697758,98.93116080255157
50,6,n13,0.6551852074207223,0.06544675170886581,108.68690858099598
50,6,n14,0.6801530164125021,0.07170108910411643,103.68999456183943
51,6,n00,0.23163519277590286,0.01674027441433477,43.69533793944412
51,6,n01,0.20967633002889988,0.02180824109022767,49.944190113098806
51,6,n02,0.21475432313822648,0.04450566549123658,46.00592558244323
51,6,n03,0.28941738471197975,0.01341678124459023,53.070336092159735
51,6,n04,0.22117226407347867,0.0,43.5035736846339
51,6,n05,0.25018205962190443,0.032566238279558846,53.15081738440753
51,6,n06,0.28348044352175666,0.04444419681542072,48.33847800190367
51,6,n07,0.21562144880900708,0.036229081272915166,50.634827747140356
51,6,n08,0.18693994948161338,0.02925113829606931,37.74475600740875
51,6,n09,0.24995935662962188,0.04350050930968055,45.27537467534455
51,6,n10,0.2466500047316644,0.02889545621502575,53.35238618784658
51,6,n11,0.2657299118500484,0.034779174935305426,50.74803772000595
51,6,n12,0.17044430478108247,0.025097133319275926,48.71046265616324
51,6,n13,0.26165307030816465,0.022474158824642407,32.98858058009218
51,6,n14,0.20694171349631355,0.03340184951170237,58.762157331529075
52,6,n00,0.34865070552727584,0.02148431146428683,34.47122837903559
52,6,n01,0.21603473137771778,0.020666531571908363,48.52486102280251
52,6,n02,0.2832240469432323,0.01665370373494578,40.239133503688535
52,6,n03,0.2449928974058801,0.01644678586630841,49.91301937193069
52,6,n04,0.28952459660456376,0.037116548801171975,47.53363754778787
52,6,n05,0.19185187866351905,0.029704248786265496,29.666747886844135
52,6,n06,0.34155370464710155,0.020046920799567144,42.531949737344384
52,6,n07,0.2957056733381139,0.023714275692813015,53.7678077806471
52,6,n08,0.24292162954398688,0.01998566600452184,58.75637707430485
52,6,n09,0.2514873521651152,0.0549109843389749,48.11182753420956
52,6,n10,0.3433727102645955,0.018627803850268486,56.32362259024694
52,6,n11,0.20196891882173484,0.05131507547463078,45.0120981210828
52,6,n12,0.14437577369642507,0.03419106225916641,47.008694882634124
52,6,n13,0.19822458062623802,0.03632539973382565,42.53337307157735
52,6,n14,0.2991951945591142,0.01813570559594801,40.192190165238785
53,6,n00,0.6724573039833268,0.08276813091498897,113.65884712231161
53,6,n01,0.6764824653003654,0.07900457534469695,103.33573575327115
53,6,n02,0.7569748858168952,0.07130646089138247,101.48890829024832
53,6,n03,0.7635692285197719,0.07694713692879304,122.39786221976803
53,6,n04,0.7143791179546668,0.08045252072487206,99.01125579474557
53,6,n05,0.7164893370952526,0.06497108013547737,98.6592963533916
53,6,n06,0.7182455162257588,0.06021613150240586,114.56811710406772
53,6,n07,0.7876494194100305,0.08721683328773597,125.14823644224423
53,6,n08,0.7829532047502381,0.07820157747295636,106.66645052018444
53,6,n09,0.7652920345735419,0.08790399294406545,100.51200351103896
53,6,n10,0.7068040064352263,0.0565021285584622,116.37596862658475
53,6,n11,0.6610780671545338,0.07391891900687096,97.81371297644321
53,6,n12,0.6900791669203253,0.07407370141266784,122.70102326166878
53,6,n13,0.7372952535409842,0.04939171981304351,103.51498127483207
53,6,n14,0.6974248843037842,0.08408633725059436,99.23783215438768
54,6,n00,0.27894107084860903,0.04223964202442792,44.89177066006408
54,6,n01,0.2295471598853349,0.02070577073273152,42.992284284371614
54,6,n02,0.2779823330498836,0.04640469420367778,43.33268112279265
54,6,n03,0.2744801348479069,0.0368604012056434,44.99807437369462
54,6,n04,0.2840705389626206,0.024320793948770875,53.20071458447699
54,6,n05,0.273683684646698,0.024235384504946965,41.261736662666245
54,6,n06,0.2958317738175977,0.03652093359364885,57.024358835515685
54,6,n07,0.17670490193962668,0.038637596036774156,60.11279318546816
54,6,n08,0.23310359826901797,0.015584362048865657,32.105447394051154
54,6,n09,0.2970475227902774,0.036875371686633504,57.729683664232006
54,6,n10,0.17220969723822377,0.024045175938729072,39.75568094629019
54,6,n11,0.1911258604286822,0.03506973275520677,33.28411759663784
54,6,n12,0.21856023735273905,0.036721819377847915,44.76843909176103
54,6,n13,0.31234435824067,0.025026461482708023,39.4790080156732
54,6,n14,0.2746832211896607,0.047690844801996826,28.073574525128773
55,6,n00,0.21246694266311897,0.01256718334029492,45.457004682839106
55,6,n01,0.28674331608589154,0.028591347788719673,41.739606410527074
55,6,n02,0.3295631819929879,0.03425145787090797,45.205798779307315
55,6,n03,0.16734717095736795,0.016729345088503926,55.044397222812734
55,6,n04,0.16787645792717842,0.03759080908065637,30.250922062594828
55,6,n05,0.32566451993347073,0.010903747832540674,47.98918599263325
55,6,n06,0.1752855783712641,0.029165012402154526,37.90587358017716
55,6,n07,0.23992038669581722,0.01766167547148074,45.424457637254726
55,6,n08,0.281933220160985,0.04271465943949954,53.90754601444869
55,6,n09,0.2808666962595915,0.02455579266819411,43.71705898619027
55,6,n10,0.2090460186785243,0.04137615657698791,39.51448645550958
55,6,n11,0.2604454668159084,0.01870410265356165,50.7534613305371
55,6,n12,0.2816891336786027,0.027165480109109696,62.586257181083575
55,6,n13,0.2631293407060952,0.024854662151469385,35.0574207093354
55,6,n14,0.26749486429026453,0.01745472122066635,53.89606891835238
56,7,n00,0.7969637051528161,0.07362233079450825,111.69819513924746
56,7,n01,0.704370552982228,0.061463677775630624,117.35621835809917
56,7,n02,0.6980738756837795,0.10572064678174532,109.28240145446173
56,7,n03,0.7166525781864368,0.08637752094858345,111.79320480496031
56,7,n04,0.6763748429568087,0.07847025033218145,113.16503049782999
56,7,n05,0.7433788779732811,0.0706605485568849,109.60551492934891
56,7,n06,0.744273161175139,0.08647234259456925,108.56950349600793
56,7,n07,0.7055823984200411,0.06292849123454863,106.18135510092169
56,7,n08,0.673819331386061,0.08342270477199006,110.02104734890833
56,7,n09,0.7416392122955329,0.07711939842285366,116.08400043460891
56,7,n10,0.7893107661695467,0.09154150110923376,112.7187046897146
56,7,n11,0.7687454870812485,0.08440736867360168,106.58152758138392
56,7,n12,0.723102193436615,0.07986414232923032,107.32647177777449
56,7,n13,0.7292793024216905,0.08701115341063115,121.51283039638628
57,7,n00,0.8093295093655275,0.08928484592832743,115.64816573533942
57,7,n01,0.6873853934020515,0.07144681078503327,114.1437614438497
57,7,n02,0.6910222683916076,0.09235470164940156,100.52516045895946
57,7,n03,0.7311612915764261,0.08110848894617016,113.6164887004746
57,7,n04,0.739409206388236,0.08576933397181834,118.76173872215548
57,7,n05,0.7571205010325687,0.08910327167737885,118.24053060725339
57,7,n06,0.6895898098302086,0.07907167464845898,122.97804623731815
57,7,n07,0.6722982907014432,0.08446239433232954,109.77637856947057
57,7,n08,0.6119439051429734,0.0758959866732839,114.28121829693998
57,7,n09,0.6943543484460418,0.08054942912106292,113.44170406332138
57,7,n10,0.7096027391964495,0.0632629366925,108.68275203465237
57,7,n11,0.7574766015323712,0.06847057729397575,106.72075675793803
57,7,n12,0.6683834617481013,0.08273515719226956,112.54503018182604
57,7,n13,0.6365824751136884,0.09003951300198071,115.27159464360756
58,7,n00,0.6993789468688456,0.0717629627472946,117.11413355383561
58,7,n01,0.7450760637611269,0.06967409059680191,119.96606809022953
58,7,n02,0.6592695628821575,0.06510219865718252,110.6361785773772
58,7,n03,0.6380199447199015,0.07747017391422993,92.4644426844205
58,7,n04,0.7105058652799667,0.08499237112820861,100.83308931779189
58,7,n05,0.7329051586729568,0.0645928238281293,91.90561842830682
58,7,n06,0.6369386799709317,0.09693143535606925,110.71374870269474
58,7,n07,0.7581974558798408,0.09141720328716564,104.09132578580413
58,7,n08,0.7393808042589758,0.08515419386010675,109.82694149121323
58,7,n09,0.7506826849817838,0.07463672333500164,113.24348459383073
58,7,n10,0.7597618662577972,0.08627204934670925,110.99572460887376
58,7,n11,0.7138124992596129,0.07750308349541918,110.57240673810917
58,7,n12,0.6769954711792833,0.07832936464916103,122.54050684206253
58,7,n13,0.6625611275576544,0.07803304247405125,103.02893233874431
59,7,n00,0.24459046973797532,0.0240849144277781,52.95846195555832
59,7,n01,0.1834355883059379,0.028703212427737684,48.98417033961978
59,7,n02,0.245213735067776,0.03868207105886613,42.24113878973232
59,7,n03,0.21860925120780017,0.015592982606970729,36.75030038120835
59,7,n04,0.2900063975638218,0.02071354186511059,59.41627778913909
59,7,n05,0.2696375600237729,0.015370490030012824,56.685670028087905
59,7,n06,0.23729847246619448,0.03381652528902144,45.359161049917894
59,7,n07,0.22731646139365672,0.03215380629805176,34.18513526756244
59,7,n08,0.34679739130915954,0.03820876395220762,36.4049194780344
59,7,n09,0.2608278283688373,0.023381057359632914,46.12062485284101
59,7,n10,0.20083081562640395,0.02842317675955964,41.00640454004483
59,7,n11,0.21214007347903874,0.02601009566809497,46.71556010306411
59,7,n12,0.29045367138297834,0.02268313529207592,54.13314443805717
59,7,n13,0.22711401392544195,0.007022407824180069,41.590190531136855
60,7,n00,0.6906927461504486,0.0789486530565265,104.26013716244215
60,7,n01,0.7665842856748524,0.05577666605296805,109.94010535654613
60,7,n02,0.6987819099554636,0.07816498806218361,108.21056740257875
60,7,n03,0.713375924811599,0.06997442622888272,112.2235975966187
60,7,n04,0.7067428183984358,0.08935448781329187,112.90364721486274
60,7,n05,0.6594898170141738,0.07742318350645229,110.18216683309043
60,7,n06,0.7411659364817833,0.08012829403011447,100.2581107441251
60,7,n07,0.7459173521502908,0.07339918267669346,112.57324431601023
60,7,n08,0.7001195857663481,0.07104352314328888,111.90039575546278
60,7,n09,0.6748961577513316,0.0804467495055609,105.40731348514036
60,7,n10,0.6647559030004946,0.08300344127609163,103.32756156625744
60,7,n11,0.7661703242865621,0.09704986615643216,102.24429247809044
60,7,n12,0.7556523281051213,0.07686546618936135,117.39326329551629
60,7,n13,0.721744655625222,0.08510862349160572,115.72450964532769
61,7,n00,0.6851479115959894,0.0763466052019898,127.56395213126743
61,7,n01,0.7327587474965337,0.07971298486022367,109.19445258710846
61,7,n02,0.7648202331831108,0.09204457117965252,120.12413000220394
61,7,n03,0.6817644923188647,0.1030820634394641,114.88388796572464
61,7,n04,0.6136788878147117,0.0673639728038526,106.05331242491305
61,7,n05,0.7033898485817687,0.08731722043251426,114.2845440625136
61,7,n06,0.6421020075431331,0.07959744572696967,111.26006095600106
61,7,n07,0.6854967640042147,0.06361419986624643,113.98291165447934
61,7,n08,0.6685517544557098,0.06690905426821675,105.9280394609251
61,7,n09,0.7160302674190905,0.07962155797580059,114.36968431947645
61,7,n10,0.6736798422398987,0.08713646332132746,106.89244718698802
61,7,n11,0.6523260051134115,0.07666102463585307,96.7409610093208
61,7,n12,0.6502193122929212,0.09376017733134326,97.46656716894384
61,7,n13,0.6569958946879149,0.06582990879007501,117.81549158845698
62,7,n00,0.6741375938664157,0.09722493414161287,116.25305826403438
62,7,n01,0.7732580327848152,0.07274785284112922,96.68072779952577
62,7,n02,0.6832167976283822,0.07956299199681748,121.17162253575731
62,7,n03,0.738251720981758,0.07506870410999807,115.31628650333336
62,7,n04,0.7716051651245397,0.0867582895327769,107.19390068233287
62,7,n05,0.7278099945105158,0.07573339504659274,110.18402154731568
62,7,n06,0.697095872058467,0.04415105334582931,113.49792664459419
62,7,n07,0.762303875542653,0.06295124050889464,102.99079835234907
62,7,n08,0.7404182582848109,0.07850523367960065,105.46104156389012
62,7,n09,0.7021669986288012,0.09372899117392483,107.42125440838981
62,7,n10,0.7141025027494741,0.06331647390679372,119.93410624301052
62,7,n11,0.724504991581592,0.0794099833831882,99.78293746819675
62,7,n12,0.667883033766048,0.07506598681910032,97.91281641883667
62,7,n13,0.7305504563620738,0.07712394334588743,105.015952454951
63,7,n00,0.7442751852977555,0.06725586982491205,102.39168903623684
63,7,n01,0.6331932664755741,0.11090408838977826,91.21409171798797
63,7,n02,0.7530577661813954,0.08693733536433074,99.45088869021414
63,7,n03,0.7776606821905167,0.05840920108281319,102.22746071964072
63,7,n04,0.5855552290217505,0.07913030095640144,105.78893953744513
63,7,n05,0.6678098516523603,0.10132659120575782,128.4401162852165
63,7,n06,0.7850326012493242,0.09242571500888183,102.03148211430643
63,7,n07,0.706358373538693,0.07775291727893582,110.9615345828145
63,7,n08,0.697235745837939,0.06232333654442343,112.30864778363788
63,7,n09,0.7697326949977905,0.08594639178382485,104.64120831626765
63,7,n10,0.782025469798138,0.05732850019872156,116.82062867796081
63,7,n11,0.6757215900445042,0.08789999979282125,122.80620263303135
63,7,n12,0.6299510862092788,0.08585422828689453,112.73618260721983
63,7,n13,0.7513328056590115,0.08037546808848182,115.49549241224543
64,8,n00,0.6833119589103246,0.06258359999061798,108.22029590158472
64,8,n01,0.711322609519218,0.07903614951310271,109.5398158459805
64,8,n02,0.7435159849806727,0.05544961585352845,102.0228268586628
64,8,n03,0.7180188202482157,0.0905279704899995,105.57862415359496
64,8,n04,0.6477310471235997,0.0913913037098077,99.38020558180772
64,8,n05,0.6862282975944453,0.08743003119091536,106.81864446081603
64,8,n06,0.7146216725584986,0.08337662379826152,102.85117427788836
64,8,n07,0.6575986033618737,0.07773277357578316,119.25240313381241
64,8,n08,0.6945649854101241,0.07765971060971934,104.233920106174
64,8,n09,0.716081308452863,0.05816985653678902,116.19356770400366
64,8,n10,0.7562752346187945,0.09451603225547721,124.17468556130943
64,8,n11,0.726621771509354,0.07644181118474024,118.72158250883051
64,8,n12,0.6887476770216073,0.09559358719320915,118.80546579656222
64,8,n13,0.7911231249391713,0.08382391765373143,109.71493185084182
65,8,n00,0.7063265249673493,0.10303391172727763,99.9867264706632
65,8,n01,0.6273206235097549,0.08719269932077141,120.66256219667207
65,8,n02,0.6722338665760623,0.0862800052364374,108.62462641628736
65,8,n03,0.7026902789460204,0.09153755258559326,104.49355344966663
65,8,n04,0.8168736814886424,0.09111194562680587,109.71712855639753
65,8,n05,0.6423766801545099,0.08224488192774072,103.42280466781963
65,8,n06,0.7009342645463434,0.0688385036522351,103.55218810319029
65,8,n07,0.720942033740037,0.07230295636946565,102.75403936269777
65,8,n08,0.7182053809630334,0.10047720057316853,107.85081725517628
65,8,n09,0.721020637587282,0.08787339296333119,110.49930579814873
65,8,n10,0.677565943980124,0.08588732040525285,107.24336969088753
65,8,n11,0.8066566860068384,0.0798904586713648,105.06504840523061
65,8,n12,0.714679391349645,0.075460021303134,103.0567366105776
65,8,n13,0.7178338229376846,0.08147037691260292,106.5417002324918
66,8,n00,0.2936626999723536,0.01645343843313641,37.078312712233846
66,8,n01,0.23117446904812913,0.05313627208235429,48.46248789107133
66,8,n02,0.19819899923129525,0.025174527372316326,36.373209911552166
66,8,n03,0.28986400074166185,0.03757958341991433,46.95109245888791
66,8,n04,0.21247468551320106,0.028121097666370127,54.253601533014105
66,8,n05,0.23970414186144157,0.021014839396855875,45.442657037989974
66,8,n06,0.26125170664982306,0.029979583791122193,55.302146069933315
66,8,n07,0.25762730687677127,0.01529737711145671,50.028034418249916
66,8,n08,0.2736014245582569,0.016992202213069383,33.44821058537969
66,8,n09,0.2570671815134259,0.024529846663921464,46.07715809232539
66,8,n10,0.25787505555565887,0.036085713177219536,50.33125479106232
66,8,n11,0.2426181816852084,0.013938174114619423,45.37377209882354
66,8,n12,0.30119671252342384,0.03368347665595401,40.414755496795244
66,8,n13,0.20187398222118352,0.04304169601373329,46.04780510721718
67,8,n00,0.216276179424427,0.008321642135381346,46.63689798008683
67,8,n01,0.27125049538369406,0.05553931437322568,43.29474126422178
67,8,n02,0.21063421551321435,0.011999649911741773,44.75415775535695
67,8,n03,0.33837405414594257,0.026862372031546844,22.39432205516788
67,8,n04,0.27835208403397926,0.018634178561904528,18.958203182517938
67,8,n05,0.30327808484491325,0.024289668259822365,47.95838044790634
67,8,n06,0.15438798845539126,0.027085274233058128,59.675539898197705
67,8,n07,0.21774761763260533,0.019957296285782408,49.72464293212322
67,8,n08,0.20819800379603476,0.017922537276679452,60.51185596563269
67,8,n09,0.2427869586491917,0.03299915007805916,40.55348789585118
67,8,n10,0.20393088560638156,0.01227635020580015,58.293448334897235
67,8,n11,0.26386262425638174,0.018060060201876352,39.28402775351401
67,8,n12,0.29490074823999074,0.03195969826528828,48.91279612242127
67,8,n13,0.2688648482456334,0.011711728689685577,58.23031090065474
68,8,n00,0.6745681083709133,0.09405927514092222,109.58356889644513
68,8,n01,0.7140567213250729,0.08104040524203114,106.31053514709174
68,8,n02,0.7653406318313518,0.09291595171204065,118.82603375641017
68,8,n03,0.6958007648159661,0.07430705455651848,109.10628815382134
68,8,n04,0.774551237569349,0.06695296942629297,104.2338647458694
68,8,n05,0.7279983112353062,0.07411941214009213,108.35426805863723
68,8,n06,0.7353438404963897,0.08009003471909838,110.17733237843008
68,8,n07,0.7052142537382027,0.07024835695006659,113.01603218095184
68,8,n08,0.7046333151805173,0.08806938636844762,116.81775133348546
68,8,n09,0.7074830812312243,0.07988408117872124,105.68994061914677
68,8,n10,0.7196691303448527,0.0701512618495477,101.92504994089269
68,8,n11,0.7502642571444138,0.08132595631593857,116.32150820859206
68,8,n12,0.6807983188283984,0.07234655225933809,106.97277487606992
68,8,n13,0.696988494926155,0.0667678597806945,109.38507293332724
69,8,n00,0.23585668525686598,0.04604455859705672,32.637867694994895
69,8,n01,0.2585997985003576,0.017076946691259372,33.42681806577728
69,8,n02,0.22820683539360087,0.03382919891678798,44.224338671301574
69,8,n03,0.2004503691889849,0.004657564888642975,56.131652815195686
69,8,n04,0.14841212253531927,0.023892354209118227,53.103337471265235
69,8,n05,0.29243350469712137,0.033265929080242375,53.02672570391486
69,8,n06,0.29905914764620317,0.049991350974328067,47.495963912301974
69,8,n07,0.2902932752947367,0.02705567172193185,53.63583401440638
69,8,n08,0.1689050131791121,0.016343104501806413,35.75690455130912
69,8,n09,0.3041860626548434,0.02807625590325633,43.026507086865585
69,8,n10,0.2292873201849477,0.02399736987932114,39.56236407719809
69,8,n11,0.24707283227353627,0.02656656899278037,51.09921449019653
69,8,n12,0.2737263696368248,0.04404466180071739,38.43933817908266
69,8,n13,0.32063335005738236,0.04523429496987248,26.906106839066474
70,8,n00,0.35373252510169967,0.02871193748751949,36.19588726815148
70,8,n01,0.27184850936836125,0.04866512441440951,35.76112458225003
70,8,n02,0.26477131080948385,0.03415777960429037,49.21115198611433
70,8,n03,0.2453870909030217,0.03725483837064471,34.247590596205015
70,8,n04,0.2792673992743606,0.05363339618522885,54.7834776739805
70,8,n05,0.3204998517652259,0.04353508282019805,42.24087194048384
70,8,n06,0.2242468488795995,0.02974474803124842,41.23276947778801
70,8,n07,0.33446448990592514,0.012304643947886832,28.35019157685494
70,8,n08,0.23065066292970962,0.007504430614573111,39.872161562811655
70,8,n09,0.23954167384357652,0.056523283722432066,54.58570668397837
70,8,n10,0.1916546440743369,0.01992796981399478,50.20838036849273
70,8,n11,0.26524353275382817,0.002645569825235009,50.37855912067437
70,8,n12,0.2047490675050713,0.02837269824005267,41.42584109274402
70,8,n13,0.20217301268870408,0.035568326504147915,56.65866409629602
71,8,n00,0.3262968726772193,0.03650212171031656,38.27367125436292
71,8,n01,0.23901834718336704,0.031965537301288746,44.57935792121994
71,8,n02,0.30891493084891164,0.04186837401089623,66.14790203261816
71,8,n03,0.2620388443047604,0.03927237045452707,34.539801988668586
71,8,n04,0.2365743874675789,0.04770929706735748,52.05886732846071
71,8,n05,0.22467918013873756,0.012786779383021522,45.172370468046935
71,8,n06,0.20857713790211702,0.019876395356215465,45.63595045332417
71,8,n07,0.24389696270427508,0.03644879996187488,41.7772910711239
71,8,n08,0.2918753444214904,0.019278123073895363,49.34846736790777
71,8,n09,0.2825097926094902,0.03495421321166438,31.37268359802843
71,8,n10,0.23710918122198282,0.004013369566416902,31.43116895527921
71,8,n11,0.17667203370966572,0.037336838480050656,44.73276837918236
71,8,n12,0.2584260827199148,0.03235504754533229,58.12367001058611
71,8,n13,0.1982471705787415,0.01736242009874685,43.05019840902201
72,9,n00,0.7308834296601812,0.05660811074572915,119.38784812404168
72,9,n01,0.7399241611932682,0.09376213135147705,119.98862030783548
72,9,n02,0.6900213775418595,0.08817012479716302,107.57712066490666
72,9,n03,0.7134822535124329,0.0695649494507028,111.77147598641767
72,9,n04,0.7539452732845384,0.06149104909683864,124.11228018616266
72,9,n05,0.7214264262925674,0.08922650117932501,112.15337484051896
72,9,n06,0.7124798364009836,0.07949912170027221,111.49269453252015
72,9,n07,0.752811876292388,0.06940971592029668,116.10292923924638
72,9,n08,0.7088773847445158,0.06573715133892676,112.76318801579605
72,9,n09,0.7197736323213081,0.09291390320975816,112.71413401433692
72,9,n10,0.752264706387585,0.08908955176070285,109.97910230495582
72,9,n11,0.6764541675087882,0.07550220362685729,106.26824297002348
73,9,n00,0.23664661394329495,0.03353150704674922,40.58805245943892
73,9,n01,0.2254317496041193,0.021934503662612584,49.79896239970292
73,9,n02,0.27137003982254804,0.028986960165515874,37.974536697519824
73,9,n03,0.2662983504388121,0.024260765359331648,46.24392575479315
73,9,n04,0.28152957203396567,0.024387626634857613,56.76221658396161
73,9,n05,0.22848741819420595,0.03461277685432139,48.18575831226169
73,9,n06,0.18472470443600209,0.024947265604002976,43.65660394849223
73,9,n07,0.25560610830258607,0.027726697689743257,45.390106834173466
73,9,n08,0.2772877616900311,0.013364165223660976,51.187377292476825
73,9,n09,0.16829342612598264,0.03208305285881896,43.15203370869914
73,9,n10,0.2785005652039632,0.03211715647874086,34.349927233451396
73,9,n11,0.31655295414576573,0.0361859829408075,32.13091812956577
74,9,n00,0.2527234695554869,0.05282985658097862,47.272390240244576
74,9,n01,0.19258119885172476,0.04210707136856913,36.07974228921806
74,9,n02,0.19764477410329254,0.019560102722614253,42.11390052881376
74,9,n03,0.22524930824080547,0.030430123381445445,39.19255125763133
74,9,n04,0.2954865707137266,0.06139620401578568,54.98129535279679
74,9,n05,0.17342751152975872,0.018555116397148286,55.13494623815797
74,9,n06,0.2468344525251714,0.035283764073099515,45.02326213953324
74,9,n07,0.16868105863966742,0.03855382558855321,45.25216107292891
74,9,n08,0.16083325509550994,0.013773066341944161,36.43924274568513
74,9,n09,0.19127960696323332,0.009329898095526128,46.762957519714604
74,9,n10,0.22937447282778808,0.03878469615918477,41.87548287292295
74,9,n11,0.2817220742012475,0.02814628884562678,39.333638741544185
75,9,n00,0.682769553604479,0.08034479909951432,100.23432471219682
75,9,n01,0.6794591610538366,0.07779491781994857,114.59579568704146
75,9,n02,0.7616150088914685,0.09540401824777221,106.78947679683709
75,9,n03,0.7045225638567527,0.08487522738408454,112.30038083461608
75,9,n04,0.7405349674146342,0.09424637151861949,125.1198014739571
75,9,n05,0.664145112968126,0.0807054260823831,108.68206635017033
75,9,n06,0.7477066352724512,0.07414740379215135,101.60850261430693
75,9,n07,0.7392727244856102,0.0788259100278662,109.40002268899158
75,9,n08,0.7832381928825147,0.08431218402485752,113.4870471425229
75,9,n09,0.5783578645104777,0.08230204659860045,110.4372325360491
75,9,n10,0.7597152976045861,0.06027209950177133,125.15391340383346
75,9,n11,0.7712428363968142,0.06897928831287467,110.48637350790742
76,9,n00,0.18212816873013038,0.0312993349232694,45.32544171148084
76,9,n01,0.14931185425379184,0.03262003089771569,52.895623571668786
76,9,n02,0.2268267860990633,0.02314452586317606,41.10401222474998
76,9,n03,0.275268992263339,0.035849985254473894,37.96207621340245
76,9,n04,0.3177456622479135,0.04107486649944657,50.404144989928895
76,9,n05,0.23555039776651301,0.04940759201841889,44.716870916820476
76,9,n06,0.22746337245502374,0.0076327212090872044,46.87835557452483
76,9,n07,0.32290305421936794,0.024624291136488115,32.452403690945275
76,9,n08,0.18865789642760603,0.03741920783354113,57.75194459794106
76,9,n09,0.29620805019989194,0.048587895031582534,47.39209062260435
76,9,n10,0.27961523566802976,0.027210063225410187,63.11257354090369
76,9,n11,0.26519509174874767,0.05997548831547435,44.84846024550772
77,9,n00,0.740068240984229,0.10631489210792527,102.87581700371997
77,9,n01,0.7125640826272513,0.08176221489642789,98.45719781009598
77,9,n02,0.6756110762558305,0.09222273297621865,107.48405390349743
77,9,n03,0.6741148642075996,0.07926566575774403,115.05113331034448
77,9,n04,0.8244168640725466,0.08248551788223864,125.31763491301025
77,9,n05,0.7106003124887759,0.08882787273663256,107.06887996056699
77,9,n06,0.7542832744668646,0.10071919710869576,127.43448678984787
77,9,n07,0.681446939889208,0.0839121980710105,91.50832447956408
77,9,n08,0.7265269204314738,0.0808744467538404,105.17009404257253
77,9,n09,0.7618004079023388,0.06771808555022332,116.83827835875759
77,9,n10,0.7927219034476224,0.07914529318758644,112.38412425719659
77,9,n11,0.6723847006186122,0.10051174391659783,119.18688541673312
78,9,n00,0.19929025883007268,0.03671531108355994,33.95720676208384
78,9,n01,0.18904761406464862,0.027175005604716092,40.14756510352976
78,9,n02,0.27193063019174474,0.029431397741051125,47.43811371262275
78,9,n03,0.31168564154204365,0.03219134464464546,60.983003098747574
78,9,n04,0.2189204905220105,0.006647228946539609,42.172268428794816
78,9,n05,0.19259524085730362,0.02411234469980413,48.39457777530228
78,9,n06,0.2639611457271128,0.047538475606598636,56.52723062028397
78,9,n07,0.22617182805069877,0.052703497802452925,33.436380315448474
78,9,n08,0.3025035360905637,0.03258745571473886,39.76122283502751
78,9,n09,0.18954930679344964,0.015103996201446089,55.41599254309023
78,9,n10,0.2653217480152479,0.03717366596912686,38.143047564217895
78,9,n11,0.29519007836990035,0.024587145063024788,48.15300238037118
79,9,n00,0.21086834583882233,0.013947749160237013,50.35765627732469
79,9,n01,0.2577199559799397,0.02865381430122321,36.979631692986004
79,9,n02,0.2927253311910255,0.03522449691060085,46.82199497386672
79,9,n03,0.2946550231889494,0.028332027491279478,51.10064976873637
79,9,n04,0.26127843215356106,0.034063295112311966,47.499529748792924
79,9,n05,0.2052778894763854,0.031913703888540985,55.17430375991757
79,9,n06,0.3466955068474419,0.01849967876798834,44.153865360327586
79,9,n07,0.24715997501117826,0.03505303053480996,55.56745767126809
79,9,n08,0.3437781790885497,0.04298880324661128,50.21826904436992
79,9,n09,0.32948211183368104,0.024641942035785576,44.68868072517926
79,9,n10,0.21371103594915491,0.023862876563376975,44.193956296256005
79,9,n11,0.213071735111487,0.050576060125893704,44.36358814192535
80,10,n00,0.27754711130631016,0.0313150082779882,44.31155426336678
80,10,n01,0.20615814912386135,0.048449433384346624,41.63380237304911
80,10,n02,0.2760681667930217,0.05410184908001464,43.19365856002124
80,10,n03,0.30951589358722703,0.023867167057194345,42.14285516066675
80,10,n04,0.18185848874502428,0.035922029299574366,40.28938738226318
80,10,n05,0.278677120766711,0.02413167363061821,45.371033754719434
80,10,n06,0.2384302929777946,0.03423190953671621,53.79997291891626
80,10,n07,0.28164188157463627,0.02833761680760668,53.97716347310359
80,10,n08,0.2949907162894804,0.052334329648808395,44.98238321302311
80,10,n09,0.19612800514603526,0.038006806902178,54.028232251326344
80,10,n10,0.246073223990229,0.025895858046647503,35.62780152737011
81,10,n00,0.7068116865819084,0.07420072254452328,101.91192862941047
81,10,n01,0.7023958302601787,0.06750106310965762,100.03767547293224
81,10,n02,0.6974774520207836,0.08549036691718338,107.00129741527421
81,10,n03,0.7138731494302152,0.10212838569518468,115.81306082478862
81,10,n04,0.6750734373627815,0.0735211338200285,113.42813843758235
81,10,n05,0.7008803363402925,0.09929241292289784,117.09992682903778
81,10,n06,0.6812059474764117,0.08550239961069925,113.24518035530642
81,10,n07,0.7007191575850591,0.06123480883866485,115.4981457639241
81,10,n08,0.742217149596934,0.08051923322536161,103.65524014366166
81,10,n09,0.7093243726792325,0.08006680876671657,107.67437198987336
81,10,n10,0.7791608875736347,0.10200272296004609,113.54426495716332
82,10,n00,0.25292692474818784,0.02819973199356136,44.17120000633013
82,10,n01,0.22865482450311964,0.034918012927438326,54.04317084023761
82,10,n02,0.26947411375776215,0.024184719859428022,42.427918292010304
82,10,n03,0.2841108985473215,0.034792043315018346,58.35059027789606
82,10,n04,0.2877199288129133,0.04676414805590437,42.46020118651293
82,10,n05,0.2391563497226204,0.0086445092083457,37.96956068525505
82,10,n06,0.32350512717276914,0.037803063322091636,35.270682241344176
82,10,n07,0.3370107847919297,0.028025270656440657,40.547626843300705
82,10,n08,0.299655556827472,0.03655735743102966,41.84575389188581
82,10,n09,0.2423805366378051,0.013302486738466103,35.22330668274811
82,10,n10,0.24007586388995555,0.027228555406668003,46.480888579749454
83,10,n00,0.2214415720344431,0.027036377045158884,45.299867327823534
83,10,n01,0.2189562716120559,0.035252570461012704,20.5377353809966
83,10,n02,0.31628794801391774,0.028032251537452375,30.868290502949314
83,10,n03,0.20513536423247034,0.004950845003223035,55.82125299111213
83,10,n04,0.19713756454163522,0.04333851462302911,50.906984500750035
83,10,n05,0.18298503590369608,0.007175929453813706,45.538761379996465
83,10,n06,0.22597089757941452,0.04354931040310558,40.341714572754945
83,10,n07,0.22281097176508693,0.04853758597410976,37.26389004073914
83,10,n08,0.22771030349853658,0.04425887612819054,57.276930517888395
83,10,n09,0.24930202863055592,0.04227773645855348,44.307457020334375
83,10,n10,0.20078135335892017,0.007100727183276926,32.65740365913099
84,10,n00,0.6896010800315855,0.07198850889878189,97.01586174899063
84,10,n01,0.7282726122699109,0.07129153096832531,111.67593950953137
84,10,n02,0.6541597442720539,0.07037557355794336,108.87222099047156
84,10,n03,0.6519057849046477,0.07059721887104535,98.94696318451076
84,10,n04,0.7082570784512948,0.08487092999748976,111.76871180062764
84,10,n05,0.7649796280267707,0.08083923012183909,112.77086139703033
84,10,n06,0.7303881450039315,0.08154857370573958,104.98820100929079
84,10,n07,0.785695714013766,0.08997403176531149,100.93817848423754
84,10,n08,0.6833958726924945,0.09194497823386934,107.35488626378178
84,10,n09,0.7521400668828846,0.08475467704451392,91.71813041448107
84,10,n10,0.6624781281507724,0.08436866839525525,114.37262014477724
85,10,n00,0.27893429912118756,0.04938733258677866,47.799754795606695
85,10,n01,0.22804071040065643,0.02682389174192731,51.81093386540334
85,10,n02,0.22922994206789726,0.03939097753547407,31.784656175145827
85,10,n03,0.28282913270244425,0.01751569958731377,42.858501520052705
85,10,n04,0.30749527395072546,0.004953935208572256,31.47948154489139
85,10,n05,0.28619172922534186,0.009537790181218028,33.73199488980415
85,10,n06,0.25056759462507244,0.028814907478314174,51.7356722729338
85,10,n07,0.27682151854554665,0.03067187131430546,33.52088971281808
85,10,n08,0.27727591162684184,0.04493607460142278,34.19397617008538
85,10,n09,0.2294986466084551,0.02720567424932009,34.10438407095024
85,10,n10,0.2462603109700386,0.03199460031125805,47.700641326457976
86,10,n00,0.1598093303138921,0.022724300260417333,41.834709731806214
86,10,n01,0.18962955398693504,0.04210898831376116,41.03586123463292
86,10,n02,0.31650158693685937,0.02315867482189171,47.46117797927146
86,10,n03,0.2480698326035587,0.04176947255103463,43.579972681882495
86,10,n04,0.18336818217761186,0.026484655238758998,42.491740710241004
86,10,n05,0.23168300357402416,0.006474030978397459,50.274921934296465
86,10,n06,0.24512037760609212,0.014446207523270135,50.37663100932971
86,10,n07,0.3357067165161908,0.038138107817511466,46.67599411409607
86,10,n08,0.19545977107836443,0.02296374479125246,43.936511467948804
86,10,n09,0.25776994503598666,0.017013406489407613,54.43763816618669
86,10,n10,0.21704771127757497,0.024540008980001676,56.55000762319642
87,10,n00,0.7699935479104554,0.08199868275990507,108.93873076287063
87,10,n01,0.6894169666731941,0.06896828520914484,110.05967648778945
87,10,n02,0.6566439872314821,0.10095166361964863,114.81586047068228
87,10,n03,0.7052274392294722,0.0915351111675619,113.16897496916533
87,10,n04,0.7842118117020762,0.0832566269890929,117.53414011716288
87,10,n05,0.6052413130089975,0.08648321087957746,114.34931142219331
87,10,n06,0.7458190711067453,0.07527146032853048,115.97351515521026
87,10,n07,0.6999189206009804,0.0802618939236953,101.67629828489449
87,10,n08,0.7208678011119399,0.07921700966637114,115.16954532863632
87,10,n09,0.7561751610687782,0.09231550647566496,116.98402245894748
87,10,n10,0.7206902370665409,0.09205188068888313,116.46714346812841
88,11,n00,0.7294544445335716,0.09448519601129357,114.63524819197235
88,11,n01,0.6872728968126882,0.08772112779377815,121.06746625105988
88,11,n02,0.6843204623478365,0.09881348057695485,104.63104888673821
88,11,n03,0.7654774247160552,0.04346344582653626,99.62390389313741
88,11,n04,0.7902648431526355,0.08370323691501508,116.50016799966502
88,11,n05,0.651526785623941,0.0902030420806763,102.31537141288875
88,11,n06,0.6998308638390918,0.08882704501480959,99.5930191249698
88,11,n07,0.6718062814811008,0.07292822494413222,113.9738403113537
88,11,n08,0.6984425539157841,0.107796607574873,119.75302639709602
88,11,n09,0.7783093479826916,0.0876015869213812,102.53550780030777
88,11,n10,0.768749056195829,0.07284353298083845,113.3385682164094
88,11,n11,0.7664170202489762,0.07882455432535075,111.40541118726846
88,11,n12,0.6859661461356541,0.07239722179529111,114.5791663124457
88,11,n13,0.7297827076506722,0.08872816291558472,105.52526886161189
88,11,n14,0.7507539442971248,0.08590181413846351,114.79431801869242
88,11,n15,0.7237843010821994,0.06728630426997241,100.15595870858932
88,11,n16,0.7843231432149587,0.08559339609863087,115.15100033135597
88,11,n17,0.7557823034582093,0.06961439752841969,109.06939821962048
89,11,n00,0.25195044851538484,0.016000223258626555,53.91491152277022
89,11,n01,0.2695406752259592,0.031683680365609035,54.84139287954537
89,11,n02,0.3030246984814421,0.02228180918979229,50.944502440324726
89,11,n03,0.3017595270178964,0.030577108037423213,38.85933235297291
89,11,n04,0.21050601559971,0.035467514535408376,44.70973080710588
89,11,n05,0.2712577565660183,0.020870853013027692,53.89316533400863
89,11,n06,0.25101927255779566,0.02778652904905609,34.171273907558444
89,11,n07,0.18978452710134794,0.03038271021716921,53.36347769365185
89,11,n08,0.12316394877858938,0.03407702306203973,53.20898404106556
89,11,n09,0.222530912562362,0.024762721451002452,36.211794042827826
89,11,n10,0.24727462700460778,0.023104261453286278,64.40482418391586
89,11,n11,0.21869394098259387,0.03422012531643303,48.97481037125653
89,11,n12,0.2452159734983877,0.036904458298492336,51.553146350068445
89,11,n13,0.26140165011317323,0.02868319448089081,39.78267200292373
89,11,n14,0.1915374573610334,0.03032034353847942,36.49963701457802
89,11,n15,0.2984064227239253,0.025924919737898396,46.69990680582143
89,11,n16,0.18611394884028298,0.06209327638187537,51.387579694597314
89,11,n17,0.19343698179370167,0.01629777670659921,52.480420346157395
90,11,n00,0.709293166173239,0.09123467821525691,115.27118959545915
90,11,n01,0.7178408011584986,0.06767700448104898,114.8292262874819
90,11,n02,0.739536741893845,0.059319024040352296,103.28655488791433
90,11,n03,0.7197281279498735,0.058445061349434266,115.76291186096071
90,11,n04,0.7011273280847966,0.059306681919765,107.46001057478774
90,11,n05,0.7410710358455229,0.0734052377964412,113.01343019344384
90,11,n06,0.6700934132331803,0.07550840113146699,105.02099726070142
90,11,n07,0.6696085867526417,0.10281757443869632,97.80909678531665
90,11,n08,0.7170027431037197,0.08739489625781356,99.09998417030461
90,11,n09,0.7967572057925898,0.07793247371287595,109.27872274254563
90,11,n10,0.7226175022059907,0.07163031384543553,111.23127983491882
90,11,n11,0.7286558186426146,0.06739621662480887,105.88664639444225
90,11,n12,0.6000891950304388,0.07827472187902541,113.29796280491558
90,11,n13,0.7463896299915119,0.07605722363568412,118.35597149425284
90,11,n14,0.7157382387612689,0.0883127462767717,105.56608218265367
90,11,n15,0.6264703629352093,0.06568125548419373,98.76026824078716
90,11,n16,0.6976032338429387,0.07796364470063118,117.01125436460988
90,11,n17,0.7082185850530771,0.07698172971666804,125.13348807915581
91,11,n00,0.27299474987388356,0.02823931267896571,53.32404249670965
91,11,n01,0.2873659725410824,0.025264062739583024,36.56550728143603
91,11,n02,0.27041557841883385,0.014682870475559493,46.86606027509305
91,11,n03,0.25047096670291763,0.019714246094457426,33.625202358855354
91,11,n04,0.24072470110128125,0.011883253216167448,38.85919004850344
91,11,n05,0.2157258751622446,0.02547627054494472,42.798186451697084
91,11,n06,0.28476385279005306,0.047825737523062545,59.188024913982105
91,11,n07,0.25746561422404746,0.038604151050829864,35.43458928693328
91,11,n08,0.2355257164583227,0.005013316937957219,42.233525434287706
91,11,n09,0.2532600496252802,0.02579636810890302,46.5638861941368
91,11,n10,0.28045668502050936,0.013642608354942066,30.542622514966077
91,11,n11,0.31066526996440763,0.048164309594655765,39.86113670502086
91,11,n12,0.3038192537443214,0.03703527683843848,44.01775983331785
91,11,n13,0.2102076037674171,0.05030559897354013,48.97869460110646
91,11,n14,0.25386763981848576,0.021091265048690234,31.13829445758801
91,11,n15,0.40877083996835634,0.041042200895911575,45.72979963528608
91,11,n16,0.2559431677362223,0.021936989593080665,28.763648714439302
91,11,n17,0.303545054940468,0.0356029546286572,46.356843382070316
92,11,n00,0.8102739989039252,0.07608626461004042,101.0811513121641
92,11,n01,0.7294958064795378,0.09085745962875905,109.80201457039364
92,11,n02,0.7247194111532943,0.07327026517660892,115.84319888436734
92,11,n03,0.6796778882625205,0.09001982402789113,105.51090681350315
92,11,n04,0.664040747306525,0.08667963201267224,126.31568320969699
92,11,n05,0.7101724818160083,0.07749807048169113,111.90639628016139
92,11,n06,0.685146169707491,0.11774272356489333,110.58148261557812
92,11,n07,0.6933936468585339,0.09949770658365051,110.32056700739193
92,11,n08,0.7576084458143457,0.08248517500046496,110.83685481274497
92,11,n09,0.6815827559379841,0.06901333533735125,108.86899243308267
92,11,n10,0.7459127470922615,0.08650203704408063,122.44231396557959
92,11,n11,0.7385815645405248,0.09451502647262683,98.71535556528126
92,11,n12,0.6701084633719564,0.08691124756186677,105.31712783808378
92,11,n13,0.7221670641488978,0.09429206649613697,107.2139168225046
92,11,n14,0.6634120248185362,0.07900441473569071,97.20554742658561
92,11,n15,0.7787392895353032,0.08351393414633801,112.61851872841406
92,11,n16,0.7663584214165143,0.10050602240158882,110.33109822237157
92,11,n17,0.7019363910860836,0.09592664706890061,120.8991945631451
93,11,n00,0.7543168681332967,0.07261058008910304,110.98316190296629
93,11,n01,0.7286421097629955,0.09589002136557917,95.04998270833289
93,11,n02,0.7020288335138292,0.07742359818528492,126.6066496668901
93,11,n03,0.7640000225310181,0.06349514609434066,108.61215360205513
93,11,n04,0.7147776616332838,0.06555284304489474,127.89443182799626
93,11,n05,0.6760422174832814,0.06108891251974059,108.57161224420855
93,11,n06,0.7592588411026671,0.07779800947905562,111.6217882875319
93,11,n07,0.778370073433322,0.08516414507598737,114.83068588265158
93,11,n08,0.7496193321187803,0.0742613849226013,117.56409783525032
93,11,n09,0.6471970500570507,0.058383288097326354,115.65810210800552
93,11,n10,0.820786260687946,0.07142297343559113,120.71485216439099
93,11,n11,0.7548053426655722,0.07483677204918703,92.47649473851804
93,11,n12,0.729828006625628,0.09526249451716794,117.5711857094872
93,11,n13,0.7126618512783344,0.06058771044950553,113.3743288412253
93,11,n14,0.6653145325143078,0.0770984850776202,101.43443147240782
93,11,n15,0.6565206278329808,0.07079546913667498,111.27803695116098
93,11,n16,0.7072957570443085,0.08105072272071719,115.10726550929097
93,11,n17,0.6420140164439683,0.08775176659288347,119.71599853033902
94,11,n00,0.15385279262836052,0.024842773690001884,40.82756000504741
94,11,n01,0.20414538955052258,0.033262469536190345,42.0080380214871
94,11,n02,0.2475296867366193,0.05871648010785595,51.65860660392991
94,11,n03,0.31449707690000406,0.019831413314491318,46.805835537623246
94,11,n04,0.2025376328208932,0.021747522103035107,43.22345914957747
94,11,n05,0.27469221753221945,0.02945332448530664,48.561862449324735
94,11,n06,0.24613326786945575,0.01932246028077811,36.930429701175136
94,11,n07,0.2812292546742487,0.04449415917480197,54.87762298110796
94,11,n08,0.21031650875197633,0.02592568770287444,38.74160024559235
94,11,n09,0.32066830808267216,0.02574467540656728,41.85117443559831
94,11,n10,0.22545209608054437,0.037169620690118615,49.86630793217564
94,11,n11,0.25842063128938697,0.02397135719459487,38.072847045645005
94,11,n12,0.23007943131707653,0.017881863396508355,52.4197079880945
94,11,n13,0.23329254039306943,0.04559292769022515,48.659370709791375
94,11,n14,0.28549785400405914,0.02680488498178648,57.02181186304375
94,11,n15,0.3053818668517798,0.021184739837564616,42.024606057803716
94,11,n16,0.26756215950861945,0.04006615975682486,51.16414350470154
94,11,n17,0.23661166712781756,0.02362369970883748,39.57524941263932
95,11,n00,0.2484910908458081,0.051818339368746115,35.20748657114489
95,11,n01,0.30250154784390376,0.019753981738054743,53.07175252629722
95,11,n02,0.22058806387585447,0.03763480436285693,44.20561426007463
95,11,n03,0.22751381992617295,0.03722489887386075,46.94825034323258
95,11,n04,0.22978873856947651,0.05133868777799569,51.701932712279614
95,11,n05,0.15987926839454766,0.028451548705425,39.85652363117099
95,11,n06,0.2849055395866485,0.019081987712343297,36.38910585090627
95,11,n07,0.18706718968250388,0.04234931116574226,39.473757280698905
95,11,n08,0.2364003509883538,0.018698315986118597,58.23363511109199
95,11,n09,0.20342891837742935,0.04303696342554972,53.55542141141159
95,11,n10,0.30691303850533247,0.031508281253158965,36.68813928322349
95,11,n11,0.2683403040824698,0.03174366195948666,39.96123053863137
95,11,n12,0.24428410540134834,0.050531375934365644,43.540519992728164
95,11,n13,0.19634879891282508,0.0227013360094837,38.71150122423273
95,11,n14,0.3033843281507967,0.03512899668315434,37.697296669308884
95,11,n15,0.33636609642567783,0.049855851286422476,38.470471596618125
95,11,n16,0.2505822132422683,0.04130634619850431,48.066561847069806
95,11,n17,0.32440976428016266,0.030580844969971772,45.04208708703232
96,12,n00,0.7069289605199842,0.08185099770425967,100.90046283286294
96,12,n01,0.7524800464708498,0.09816877033912805,115.86393587404108
96,12,n02,0.6737041724465777,0.07822652466291263,98.27721301082924
96,12,n03,0.7084490545257816,0.08944464059763478,113.23411748968195
96,12,n04,0.7030404984154393,0.08901442432440031,104.24423019827283
96,12,n05,0.6719943459182093,0.07398007045095575,106.0852153553318
96,12,n06,0.7042671543397978,0.07089902140919181,95.02732680291363
96,12,n07,0.6675903113398344,0.09597896299120055,109.14912821662205
96,12,n08,0.665886749687459,0.05444577010324239,127.07353914596293
96,12,n09,0.7378577378615659,0.07605242815750536,105.70913283529292
97,12,n00,0.2840300024363783,0.031932141743061616,45.11582255619704
97,12,n01,0.338703402306035,0.01911637903456182,42.179935445118005
97,12,n02,0.2747406340927313,0.02426504079306835,52.73107991789371
97,12,n03,0.188470882108431,0.032650643633481184,36.71956211266869
97,12,n04,0.16107406154834042,0.009911180667912078,46.30309768074191
97,12,n05,0.2826245480474745,0.04362011630215042,50.283328382751655
97,12,n06,0.2844155454604326,0.03287546015214629,43.894838040264396
97,12,n07,0.2840965778358717,0.0187786349251987,45.39286959729579
97,12,n08,0.22062517105990576,0.03609912055553211,46.205324266096106
97,12,n09,0.3378119190101767,0.026938045733644955,34.352209229078674
98,12,n00,0.16921417811926331,0.038693881421034595,51.25641291756967
98,12,n01,0.23769632851247988,0.03277189761662747,56.78338568419207
98,12,n02,0.3336592510676949,0.03126184636046178,56.27500379706825
98,12,n03,0.20889390027530078,0.022941631843837955,43.647934622705094
98,12,n04,0.26567185824377015,0.03623531036942423,27.70891187064609
98,12,n05,0.26004086414304906,0.03463467402445033,53.96816945170034
98,12,n06,0.255985946616745,0.027785380702316724,36.15254543101487
98,12,n07,0.3010003211681802,0.030535084983065612,42.19396963005425
98,12,n08,0.26723818500001284,0.025087492210580063,58.217718337849824
98,12,n09,0.18313946114514293,0.004671181563792107,43.220564824131536
99,12,n00,0.29700068556406667,0.02866914835015562,55.14352226303845
99,12,n01,0.29617155677327894,0.032080911668352634,47.77542065287272
99,12,n02,0.24509482824456952,0.03486391743393746,36.36756661973318
99,12,n03,0.2646595694030445,0.015626822169434867,49.723637141202296
99,12,n04,0.28851901310935807,0.021204073496996288,53.173653817835785
99,12,n05,0.21082236665275617,0.038038846067697536,30.9359371452525
99,12,n06,0.26619473181830466,0.048053770650045555,53.840980056118454
99,12,n07,0.25752754750126505,0.027850664362704267,46.73058934637725
99,12,n08,0.22708892790234386,0.017394944121410797,52.525405708249046
99,12,n09,0.24579656315406065,0.015500684889385505,61.68534335207089
100,12,n00,0.295235808666453,0.04275711256418618,45.41608994892568
100,12,n01,0.2526933523657926,0.03883226671301776,40.15626241596456
100,12,n02,0.30871046023729865,0.03148168260526225,44.42913155491438
100,12,n03,0.18859962005504533,0.005259422825264801,54.95439155083819
100,12,n04,0.25716478253652897,0.02937136866803428,37.64598444957792
100,12,n05,0.2328369852358287,0.041293519698029565,43.746196560032274
100,12,n06,0.19127046446709123,0.01632520084377172,41.52866566462386
100,12,n07,0.2769980730664561,0.03549145898023379,47.486053347016124
100,12,n08,0.1784452859468308,0.015364589024642814,32.742287265075326
100,12,n09,0.21477354761313883,0.04704018769162049,28.25364280619309
101,12,n00,0.2869729788497215,0.028394315238710496,42.08804652434443
101,12,n01,0.21816184195709531,0.031768873938591194,52.522602685468925
101,12,n02,0.2589128293746919,0.02413734059393699,39.383456168645864
101,12,n03,0.2975669410101423,0.05320870318065128,67.45229821387846
101,12,n04,0.274167466184534,0.016892066958892046,36.777895508811866
101,12,n05,0.23980099391337575,0.03479636611036386,40.11495590357701
101,12,n06,0.21419824148919436,0.042721266556123697,49.90633585356509
101,12,n07,0.11332210369592652,0.04336465752363203,34.936749032517454
101,12,n08,0.3084468509051271,0.028379003902751176,37.41835597443777
101,12,n09,0.18349374211923192,0.033964330085449454,52.23384021026955
102,12,n00,0.26346156816625804,0.015107141092504515,64.66290818242312
102,12,n01,0.21987647624582946,0.022792900966865006,36.10266154819423
102,12,n02,0.19643715886398833,0.0454864629421744,47.28500969567248
102,12,n03,0.25557439390610476,0.02320971526605309,51.98548317943387
102,12,n04,0.22759887408744744,0.021985486391568002,52.367651248248954
102,12,n05,0.24388771637505097,0.016566124811578046,38.56792293815372
102,12,n06,0.257516049035679,0.034233664864450154,59.53789581145231
102,12,n07,0.31107494590403745,0.031418751344075284,32.319693469932645
102,12,n08,0.28219245890905736,0.0541082908468047,46.04103910955707
102,12,n09,0.26467678368533715,0.022008792845138188,52.189972218657545
103,12,n00,0.3434866741904181,0.036193012193221685,49.81873036650081
103,12,n01,0.2186128186373782,0.027993989658162466,47.07412862297396
103,12,n02,0.1728884310624528,0.018778245477382775,50.21975473652356
103,12,n03,0.18388770878251198,0.010205318943271688,45.047710737895564
103,12,n04,0.21799012362367182,0.010003894674747518,37.4671316074363
103,12,n05,0.30668340819051193,0.033890974674731636,44.662105870009434
103,12,n06,0.23182687955533762,0.02768980353381422,45.35467029446504
103,12,n07,0.21176914393205565,0.015606203297299164,43.2089852511241
103,12,n08,0.2656492909063727,0.05785424193112283,37.68679305014421
103,12,n09,0.317047112701778,0.03141889594872316,42.57651249576249
104,13,n00,0.3436604847167363,0.05484530586298214,64.0858874210201
104,13,n01,0.2802881836493589,0.013527748978641486,37.404754972549725
104,13,n02,0.2769511407204348,0.04825927532017069,33.1858934404579
104,13,n03,0.2300810187620738,0.04052442570909813,43.35584532682053
104,13,n04,0.20289130942621741,0.015601710785933157,43.86827605602922
104,13,n05,0.2203759552888405,0.019930048310417548,38.44749279507418
104,13,n06,0.2907566009832944,0.0242192714756509,31.12871914520116
104,13,n07,0.2478515480707821,0.04306623162260786,48.69789115287238
104,13,n08,0.13538731273097004,0.036125233397738224,55.07787300571239
104,13,n09,0.3044748719308223,0.039742502145314905,53.18080328928788
104,13,n10,0.1987136532195756,0.04248337739376394,58.41628928009786
104,13,n11,0.20329929130741198,0.0,46.762213939642415
104,13,n12,0.19440115665449637,0.02694589712728981,51.82072380667388
104,13,n13,0.1897382577087433,0.031731820124305615,45.76493040252034
104,13,n14,0.2941593129771988,0.02587868850168832,34.63867113484174
104,13,n15,0.3191650132814732,0.02482350004511235,32.66263400662743
104,13,n16,0.20344115086775788,0.03441345048803356,54.61755402114883
104,13,n17,0.18369878316149096,0.008565030908699558,40.302503794853635
105,13,n00,0.627373457865835,0.07120997806533433,109.91904262591781
105,13,n01,0.755946677245202,0.06848649996155486,103.7562726958648
105,13,n02,0.6714036280704813,0.08605343210828462,133.233879186753
105,13,n03,0.721840844777793,0.09226708545248026,105.56918609626575
105,13,n04,0.7376736592636863,0.07155923451864718,106.07495915836745
105,13,n05,0.6846898385704627,0.07021312306725494,111.67065211412344
105,13,n06,0.6583424814902021,0.09946706454549772,126.00590010729641
105,13,n07,0.7688477729638445,0.07486461283538315,103.52375896920634
105,13,n08,0.7438854740913231,0.09667354618887564,113.98422428397927
105,13,n09,0.7488796947318597,0.07889210815048063,108.4040710858234
105,13,n10,0.6787171350922175,0.08958157190770488,101.78415136406221
105,13,n11,0.7025734149278341,0.09468111453239914,120.8588441180267
105,13,n12,0.7816776297288369,0.06954481062028596,123.98879030427352
105,13,n13,0.7066927127031948,0.09421772975385481,111.70440821796656
105,13,n14,0.7099564028773572,0.06176478008344113,121.9009551705741
105,13,n15,0.6839303003175172,0.07238692680134802,118.43104177306054
105,13,n16,0.7622669262435747,0.0789727887092981,122.12059396863756
105,13,n17,0.7719519880267217,0.08329135813242408,98.57248942592847
106,13,n00,0.7213931219371846,0.0925696132476163,118.9676754386617
106,13,n01,0.7458116845499232,0.09088391223571653,96.85383062646248
106,13,n02,0.6633698004101861,0.08291597492131181,110.50503322265959
106,13,n03,0.682965328599668,0.07959323517615269,109.545033910996
106,13,n04,0.7025854865325255,0.09433701213350551,93.79021765267863
106,13,n05,0.7663215148607959,0.07347144302674116,120.17709028435752
106,13,n06,0.7171802798469128,0.0932562227603007,125.56961470254484
106,13,n07,0.7862412440283018,0.08533100167683014,112.6500907554921
106,13,n08,0.7671684428167078,0.10514179736574965,119.3026090014218
106,13,n09,0.763601861873602,0.07048578022402124,107.56027141428385
106,13,n10,0.7461549545832586,0.08130880897790356,104.37273520896316
106,13,n11,0.7143749206863139,0.07792721738572406,114.68073337728092
106,13,n12,0.7287458749204803,0.08163454343884043,97.32854053702471
106,13,n13,0.7388740614217589,0.08893472342671363,120.21392016399635
106,13,n14,0.6233969583440444,0.07571609932570193,122.28892561109728
106,13,n15,0.675543612644169,0.08627798966819211,104.90644629275985
106,13,n16,0.7396754976872674,0.09887165816337588,101.75098793353173
106,13,n17,0.6956837451674225,0.09332606387194474,119.61500614850098
107,13,n00,0.15037592180887663,0.028557371347970824,47.06164889600712
107,13,n01,0.2996293172169464,0.03238178518339654,52.54386052463316
107,13,n02,0.36821089591257505,0.011853992299180965,71.39300147367447
107,13,n03,0.22792197714466783,0.010593908696201332,41.38298463681115
107,13,n04,0.27687471213623,0.0238765521552028,33.34789250223669
107,13,n05,0.24122071698689693,0.03995965823063088,35.88630691057499
107,13,n06,0.23164995635452962,0.037826558502725906,43.57803917452109
107,13,n07,0.24732964163982615,0.027621419610435825,58.439322269345766
107,13,n08,0.2405425521818397,0.042814273054311666,43.16604451201071
107,13,n09,0.22449781482393608,0.03249550823690655,45.83494980128674
107,13,n10,0.22926699168168674,0.0385029060500547,54.07361067868815
107,13,n11,0.18518927799466725,0.049499422372828075,51.635434711871355
107,13,n12,0.23187112390845296,0.0041612645579753235,55.985557438759045
107,13,n13,0.28083241859276326,0.03596046176219628,37.89803290259783
107,13,n14,0.2379453497553956,0.046550104289876895,39.26710957950576
107,13,n15,0.2861952145763437,0.04785978936494939,33.71823154519515
107,13,n16,0.2445111802868519,0.030778102836034552,46.71723683433794
107,13,n17,0.2807326326554285,0.0229729242699885,57.07786820847605
108,13,n00,0.6397351015025197,0.05802053541224397,119.95227453615715
108,13,n01,0.6471154895628475,0.08812266902244006,107.9399195756227
108,13,n02,0.693460387298251,0.07791806510406529,102.52832877302154
108,13,n03,0.6778336516240792,0.08435806828631202,116.83239604608802
108,13,n04,0.7061241179922015,0.09302023016345477,111.87894108357597
108,13,n05,0.6764719236249113,0.09096457383589965,110.00014500459349
108,13,n06,0.6732917328780444,0.0925152003127355,99.02530138917541
108,13,n07,0.7407098871592139,0.08563015427109621,114.63001149993924
108,13,n08,0.7199329845031545,0.0685128997835145,116.19336034862033
108,13,n09,0.7754352789934996,0.09161631363176449,114.74686457795877
108,13,n10,0.683395268417321,0.10738236051434898,112.29487918102299
108,13,n11,0.7468657833244244,0.09607198800901882,105.91355026153484
108,13,n12,0.6728027637354891,0.08018390238494197,101.34303421289334
108,13,n13,0.7778167009904394,0.07128298133078828,95.75000438104554
108,13,n14,0.6901038046962906,0.08181591882201039,114.39438283598945
108,13,n15,0.757011495121673,0.08763180458786399,124.92964214739469
108,13,n16,0.7301327157077426,0.07870288952913983,104.01538338483141
108,13,n17,0.7482300737366447,0.08516762483399495,84.2280878383292
109,13,n00,0.7205898926270946,0.07216591021642069,113.90026822397368
109,13,n01,0.7596059195562297,0.09282618053214953,102.40388296588077
109,13,n02,0.6490744728102383,0.09396293027281982,103.79802038790002
109,13,n03,0.7232466848102802,0.07468959067960512,114.83338415496989
109,13,n04,0.7022599596163646,0.08709667682351012,111.02425943788853
109,13,n05,0.6784204952124763,0.0889244977154461,112.68544343460326
109,13,n06,0.6651543167672715,0.07476349401035967,99.618475407798
109,13,n07,0.77540575312723,0.08909965318784369,102.91889340428531
109,13,n08,0.6929206217779036,0.1074594202611211,103.75354709101177
109,13,n09,0.7415807225701757,0.04866714108230949,118.09768769399182
109,13,n10,0.7215198966384445,0.07640118366899629,98.57425054307409
109,13,n11,0.7700285308115115,0.0717568462685222,130.20485493628766
109,13,n12,0.7005106475540507,0.1020971255538289,106.78754937308577
109,13,n13,0.7036551575311645,0.06919504073294404,103.72371648401165
109,13,n14,0.6847852398013601,0.06502589251149973,101.654067837443
109,13,n15,0.8019122340611361,0.07784681328972477,120.67073634375369
109,13,n16,0.722121711624845,0.09038653562542628,109.10122557008643
109,13,n17,0.7249792745125002,0.0701035210013422,117.3141889875538
110,13,n00,0.727495568617949,0.07670282248963742,104.51375579332745
110,13,n01,0.7106705534939983,0.08669865772573997,120.87314778467876
110,13,n02,0.6699566156976187,0.09239401779483013,104.72526571000519
110,13,n03,0.6267992430737676,0.07002595897037961,108.37349456431147
110,13,n04,0.6483620811113686,0.09743662286700579,109.15039826364554
110,13,n05,0.8316437780681013,0.08163100476381968,117.36971911695785
110,13,n06,0.7995639914214985,0.0710413469908649,103.81322204773433
110,13,n07,0.7077206557333302,0.06337324280937916,115.57262376038199
110,13,n08,0.8010008441732529,0.09810337718846245,103.59326401837549
110,13,n09,0.6523966272762781,0.06244446739403553,108.62321563646016
110,13,n10,0.6838463884778877,0.09051559277439572,108.6264147332189
110,13,n11,0.6683384226896903,0.0854409946042646,109.95030657832656
110,13,n12,0.7022371249559766,0.05587054462987329,95.91527347871394
110,13,n13,0.6864076472533039,0.08418153058698197,118.22882547232075
110,13,n14,0.7050542182328038,0.07466655350214396,103.43392191376503
110,13,n15,0.7378199523571799,0.09220432996358038,122.10611272573247
110,13,n16,0.7227667982399564,0.07367718266817568,110.69556280602939
110,13,n17,0.7022235177801932,0.07253717951122743,108.29086824944103
111,13,n00,0.18793550341794513,0.04335275738524362,38.5500526100002
111,13,n01,0.2318366049146767,0.05333291789853359,44.58130113383818
111,13,n02,0.28654097398950845,0.033896788743896254,57.247167771898496
111,13,n03,0.2489558978173239,0.016244212437196898,40.70590872184842
111,13,n04,0.27391594617012044,0.020471805078949728,53.54226279929817
111,13,n05,0.23476470305204067,0.05443946236825396,31.94969020368421
111,13,n06,0.22781092080881127,0.05310401043296649,50.16040022567687
111,13,n07,0.2029637317751369,0.034553929035413745,30.050456852966242
111,13,n08,0.20348019438483234,0.03944787603730708,37.20914801181502
111,13,n09,0.19946037946732875,0.045426744610357166,56.674057663627075
111,13,n10,0.21743274519309547,0.021187517546405167,51.124591818291336
111,13,n11,0.2375766257935828,0.04622389330755161,51.08314443008283
111,13,n12,0.23387632166355243,0.030321201563324983,47.81748705948606
111,13,n13,0.25303002483429415,0.022010065006026532,46.44672542904176
111,13,n14,0.16434261085193144,0.03466962213005524,41.66495626296058
111,13,n15,0.19408408359777976,0.02535883560265082,51.42174266059137
111,13,n16,0.2595610896917358,0.028449054238435755,45.731523380326216
111,13,n17,0.28520795511283636,0.027019175766840473,40.93070758672104
112,14,n00,0.2547191833366674,0.03810720903249219,39.57716189908261
112,14,n01,0.1843440969020841,0.027970640739207676,44.02646087468998
112,14,n02,0.151438363736644,0.018053581815563935,41.38804511976927
112,14,n03,0.26817161223959013,0.01881998858854303,38.84620518644655
112,14,n04,0.23265189715684767,0.0272044896620925,46.14670550460088
112,14,n05,0.24789113468754298,0.02054781496103988,39.81187774630768
112,14,n06,0.3163968032577771,0.03291167531072302,56.37667881995053
112,14,n07,0.20788890933335538,0.032446544982246375,53.228408340203025
112,14,n08,0.2629494156274702,0.03282049930907628,34.255022041571614
112,14,n09,0.233454459319508,0.025279393882076735,45.126354716171974
112,14,n10,0.30462646231986723,0.039296834494524154,52.57981894084302
112,14,n11,0.201591654543991,0.0449479941969622,39.48838636106217
112,14,n12,0.17238285071099324,0.0188183626481521,49.40550713054813
112,14,n13,0.21019485767657986,0.04147896460030991,41.677712679331314
112,14,n14,0.18628974674323803,0.040306937354870676,50.4520761442683
112,14,n15,0.2155402999231984,0.04025823376837377,44.717268192148346
112,14,n16,0.27971820584786944,0.018691027763631102,47.97127751865955
112,14,n17,0.24129377411081113,0.03378011948910069,25.809374201481273
113,14,n00,0.7102965852010765,0.09749953488534407,106.04803772717895
113,14,n01,0.7300103645025963,0.08723510186577906,124.189549781189
113,14,n02,0.7650985530900674,0.08500679665816101,103.04002529047277
113,14,n03,0.6448759197495699,0.0808043396807369,112.07362654632557
113,14,n04,0.7095886705513978,0.07472206300832766,109.90331215949278
113,14,n05,0.7688236140807558,0.07801283170200135,103.37491035774354
113,14,n06,0.7491636618046372,0.07662929623848068,99.2315909728623
113,14,n07,0.7393807640969349,0.07892715161188273,106.23108797770392
113,14,n08,0.6571738580617961,0.08461344979399983,111.51717505802132
113,14,n09,0.7578256697593992,0.08671313126816142,114.33257080710227
113,14,n10,0.735636381682432,0.09151045239289005,113.37044604884639
113,14,n11,0.7391372195894295,0.07503267866722313,104.73279011945368
113,14,n12,0.6832440219536536,0.09687446679827798,111.85720680503971
113,14,n13,0.6384289165446284,0.08397902362206205,121.32940133264458
113,14,n14,0.7076467374017952,0.07857709906366477,108.71245406497546
113,14,n15,0.7126542190573382,0.0772471673503546,119.96423738196282
113,14,n16,0.6692963926050761,0.07137136196776371,120.60425407783315
113,14,n17,0.7418588847738459,0.0817464838613861,120.01007040230449
114,14,n00,0.2322392667430707,0.03411910187182351,39.17401088576662
114,14,n01,0.2631930479821461,0.012791109353047954,51.76234449261738
114,14,n02,0.23022220393811216,0.03415815675834278,43.670988894272476
114,14,n03,0.2539330656370893,0.01616322380335978,39.05070231647132
114,14,n04,0.29655924486950014,0.026812579993514024,46.54308048098117
114,14,n05,0.25723126203626867,0.03877085630209515,43.16615751979881
114,14,n06,0.22557420416667853,0.026693926205785874,37.873442305692386
114,14,n07,0.19718293525148448,0.0036039626073518724,49.914725381423125
114,14,n08,0.21941209239172368,0.04358846846508879,48.26936351483699
114,14,n09,0.20575829839321902,0.04972196605040201,53.97701043671145
114,14,n10,0.13149943722262195,0.04248631251437411,41.865146940689954
114,14,n11,0.2446980669409977,0.018900364119208903,49.85088189503667
114,14,n12,0.2701573286197431,0.028360690118321433,49.56944062466144
114,14,n13,0.23646243763794972,0.04178756013895503,44.51830136868798
114,14,n14,0.24523656054630025,0.032134013853480026,53.70309047464629
114,14,n15,0.1839450203985754,0.03977681695183798,39.69635354194094
114,14,n16,0.2560090828415109,0.055556056427865985,60.05605562099227
114,14,n17,0.189558497464106,0.04144745099493683,46.692829574193446
115,14,n00,0.6420822068874776,0.08343041641192658,104.31275084537617
115,14,n01,0.779709147534542,0.09158500762304302,99.0493855904021
115,14,n02,0.6995652145216162,0.08750197201045706,125.19456750161768
115,14,n03,0.7263083512961841,0.08288055551164637,119.69257910626294
115,14,n04,0.7322488815319914,0.06867561992659392,105.67094416989545
115,14,n05,0.7071179088579008,0.07225252751749042,111.17477813373118
115,14,n06,0.7656341857453152,0.07833195101938561,98.42834203573321
115,14,n07,0.6754146924167871,0.09148745036808274,109.87678563813306
115,14,n08,0.6834737149414433,0.07883985788312706,121.58682492641312
115,14,n09,0.6367495481898364,0.06018802230303275,106.28972278214482
115,14,n10,0.6854055122779616,0.07348149294997683,121.48687373255913
115,14,n11,0.7086742315590789,0.06936166099215547,87.74629962796381
115,14,n12,0.6528850732472742,0.09135616330586678,102.16174852301293
115,14,n13,0.7332310910018239,0.09053103085043773,111.60488404686068
115,14,n14,0.7235506801991798,0.0886754748105138,112.28596048728916
115,14,n15,0.7270229895710505,0.08549930429033846,112.10597695804351
115,14,n16,0.6912260007133395,0.07443644117176451,109.35237235326387
115,14,n17,0.75947471973552,0.0921563240901494,120.04331049230584
116,14,n00,0.26248666330770026,0.02885845064065016,41.51604305671817
116,14,n01,0.2370035493587973,0.02242137189839477,43.491086866856584
116,14,n02,0.2185303496538905,0.03307419123263528,50.1489218442362
116,14,n03,0.22860801393325197,0.01806034558305062,47.688909304308055
116,14,n04,0.2868867036913676,0.02964683252499905,34.033799482751185
116,14,n05,0.26122928050375976,0.03955841526707976,43.71302541762294
116,14,n06,0.11034505611702103,0.028334681128578357,44.44893569302429
116,14,n07,0.20333745885616608,0.027924426691872645,51.76041767012133
116,14,n08,0.20161079631895754,0.027682267012375052,39.25529233377407
116,14,n09,0.19710386709178804,0.0246828346731331,53.71692760744955
116,14,n10,0.27381829130306873,0.025331333348205018,40.244991963329966
116,14,n11,0.22810486940298202,0.048241262937421446,34.11687477341078
116,14,n12,0.22785100714323084,0.018153526620131536,32.67530875359945
116,14,n13,0.1653478275563301,0.027918530967193652,36.45115577374733
116,14,n14,0.2536476697366164,0.02083158368719823,36.24026248951214
116,14,n15,0.1850362868423742,0.02878068490136637,64.17807291760218
116,14,n16,0.2792606608338756,0.036791511717825236,39.266063555404976
116,14,n17,0.2909461529320113,0.03931262557225762,36.12206808144015
117,14,n00,0.27082748445538196,0.06545571560989527,47.66707355607314
117,14,n01,0.3086546008754821,0.03849386290540523,47.604360987782094
117,14,n02,0.26087071424526004,0.03519297407530788,52.94623790679212
117,14,n03,0.1945531104452947,0.035663254894747164,48.2207578923998
117,14,n04,0.2351609742892416,0.04367455049813337,37.51918514463823
117,14,n05,0.3281986228382017,0.056455569355969404,38.77346047088463
117,14,n06,0.3919066256747667,0.043924350614945075,35.253261252184956
117,14,n07,0.27233720065848904,0.02884255632155827,33.083377818645204
117,14,n08,0.27001003271321083,0.01543276096674285,29.227319501982606
117,14,n09,0.32061438814033066,0.049441923531111445,54.56604827770643
117,14,n10,0.26885850840084546,0.04471560192117806,45.83969777472199
117,14,n11,0.2513874482374655,0.0408137829190367,45.16041523610254
117,14,n12,0.19743991144420625,0.023372248847338198,40.82498610426981
117,14,n13,0.27804638158855255,0.03700111815241424,53.8892825899115
117,14,n14,0.322389351359733,0.03332001755951047,59.63766667530967
117,14,n15,0.2750610872290544,0.019697287216476893,64.61513056983843
117,14,n16,0.329355987530151,0.029232059988232355,27.264144569365424
117,14,n17,0.24516885336060582,0.030818794650905024,44.554456164316555
118,14,n00,0.280287664117253,0.0319806870856928,45.64751075881878
118,14,n01,0.2050711023720249,0.0317367712099075,48.03411715847726
118,14,n02,0.24059531231051198,0.009235147602888221,48.680729893921836
118,14,n03,0.22875969719733721,0.03582574294067673,40.384373551428844
118,14,n04,0.3004501318747989,0.03752488665798477,54.533492001382264
118,14,n05,0.20812255486010445,0.03891698418421428,47.63087846574505
118,14,n06,0.19419609531800508,0.033115629988886626,46.38841629174346
118,14,n07,0.26294704397892166,0.05289902612906594,46.91081961942569
118,14,n08,0.2836452811000012,0.01530847211452732,48.99139711971082
118,14,n09,0.30127504217341966,0.02473889754707348,42.6785394048493
118,14,n10,0.19750774490101186,0.042462404749779595,45.8226541880631
118,14,n11,0.27742741984017394,0.05526305761796221,62.98596290633708
118,14,n12,0.19124351003541395,0.019681216434346498,32.15237905909421
118,14,n13,0.2724935719818552,0.02691282607158768,63.59830454470441
118,14,n14,0.3188046768834142,0.03154644665471045,50.44721384636821
118,14,n15,0.29275784779630654,0.04757694993122332,36.59740065629968
118,14,n16,0.251136319073827,0.04273626409664458,49.4005599495538
118,14,n17,0.21406254503467706,0.03615147510714259,37.02321898357574
119,14,n00,0.7391760820837896,0.0884190385262919,100.95293207894952
119,14,n01,0.7306053562633822,0.08529475618285758,113.67096765032917
119,14,n02,0.6876230435377284,0.059156833699225406,117.47831622695634
119,14,n03,0.758548155656339,0.09203321530849859,127.36322766721061
119,14,n04,0.6907149291315648,0.07272881320761355,92.33005675925074
119,14,n05,0.6634416866084525,0.08704583609337647,123.83888684289008
119,14,n06,0.7649441523021149,0.07078813221109012,115.57440110175413
119,14,n07,0.7311542599285926,0.08780396266355259,124.20660543961917
119,14,n08,0.7334970108223167,0.0654182773986199,106.92017530478637
119,14,n09,0.722162165143801,0.10139472584201151,101.2074136655384
119,14,n10,0.6025268842893888,0.08117155114509426,103.85737450297329
119,14,n11,0.7966649785235642,0.07270860022685786,112.47434170176129
119,14,n12,0.7309730056664234,0.07116877012661299,93.85807443411194
119,14,n13,0.6646630380871816,0.07902840003283208,102.64841577737728
119,14,n14,0.7413032291744549,0.09878705878110107,103.05444740719457
119,14,n15,0.6899284097767018,0.09961948405146476,119.9507976545768
119,14,n16,0.7319898625839754,0.06502889554715896,107.47367407528017
119,14,n17,0.780334685057148,0.11164024824115723,119.33411675962736
120,15,n00,0.22770174865943207,0.010067905906845524,55.53811682630742
120,15,n01,0.21001270485077808,0.011953522987395548,25.72006953733093
120,15,n02,0.16907192511075322,0.02429576560517914,33.04398557901776
120,15,n03,0.18509470112220472,0.007611981376167743,37.05391398122289
120,15,n04,0.28649524394855524,0.03968954044180253,65.4149001075863
120,15,n05,0.20326540504096868,0.043383020022401964,56.87599355649019
120,15,n06,0.21385877675787415,0.022739463069755692,56.17545907263241
120,15,n07,0.2169475372011631,0.009283515888854895,47.68324360743423
120,15,n08,0.2648652825092171,0.04274876994459406,45.90791995610691
120,15,n09,0.2573831976450627,0.03176193187534651,50.559049109080036
120,15,n10,0.31412567607656283,0.041650621264583854,30.625918878113076
120,15,n11,0.10818144703934401,0.03672390634367577,48.38009760925146
120,15,n12,0.2095262674148235,0.03628009156053416,38.90816469272121
121,15,n00,0.33039261954158977,0.030058350863939133,52.64782722753327
121,15,n01,0.24790784751920286,0.03426149560090361,21.049432715719593
121,15,n02,0.1951998717837817,0.04352400407795816,27.310327310709855
121,15,n03,0.22056371620767462,0.03361757514428561,53.35907832051399
121,15,n04,0.28276614464266436,0.033798895818665096,30.24049133561737
121,15,n05,0.26020989854283894,0.02524748973757142,40.362967885251585
121,15,n06,0.23596040664425316,0.033879316272511326,50.049768247464165
121,15,n07,0.2854106017213354,0.02321132313715003,38.96832512619464
121,15,n08,0.3300802146748712,0.029606978688178152,30.0707660409929
121,15,n09,0.22913437539375622,0.02776552598238291,45.158902539970036
121,15,n10,0.2638078285046267,0.04805226320713651,43.964390416801315
121,15,n11,0.259722129745145,0.010697824911459219,33.87886351485889
121,15,n12,0.204804446633129,0.035486463522113015,28.15992445262897
122,15,n00,0.2949026751088373,0.023869506005012427,39.88366314043527
122,15,n01,0.22740428854058187,0.02602137736337026,32.325601781166725
122,15,n02,0.2919375752947293,0.04042764158546515,51.22604250651454
122,15,n03,0.2734198453409625,0.02201100110777142,54.79812204010618
122,15,n04,0.26341501438451126,0.03583441579373211,28.272387089942786
122,15,n05,0.2893033868631383,0.03159009567562613,43.2746184344973
122,15,n06,0.23959104118148192,0.04163560954064169,36.26982650399013
122,15,n07,0.23017473670183497,0.019409174160575145,41.49796165067638
122,15,n08,0.3391553194639557,0.04416289901448281,56.47315261047288
122,15,n09,0.2729968805950929,0.021698525440286068,47.13837412164959
122,15,n10,0.3081832160114803,0.041680392608938396,42.52163328932791
122,15,n11,0.22409477581775136,0.029535560411893168,38.871257832250855
122,15,n12,0.2109495041224942,0.05153580513588077,54.97025193389942
123,15,n00,0.22141871197121604,0.03009946315517993,39.58152088324441
123,15,n01,0.20240610139153217,0.02072500729743098,51.842071061529595
123,15,n02,0.287238355787258,0.027651428250091033,48.84153654871574
123,15,n03,0.19363057394019875,0.04057651677737448,52.00508541451917
123,15,n04,0.2743385187904277,0.0195652611234587,44.13722009687266
123,15,n05,0.27204488124751036,0.04803927697003831,51.603938635103816
123,15,n06,0.21699280223550316,0.022042370342028376,41.783395639894046
123,15,n07,0.2838214354262798,0.005877104288333379,43.244494607420094
123,15,n08,0.22541857814126773,0.03208278910888726,49.70046008848219
123,15,n09,0.2243188235614677,0.024163512571681495,60.62467576655714
123,15,n10,0.27508564947891917,0.02822875148260995,45.480551253959
123,15,n11,0.20891663905547592,0.06243258233797167,40.626974519280054
123,15,n12,0.25343318687079386,0.03334473946792478,41.587743923125394
124,15,n00,0.6513543494784797,0.08683924178400068,108.26542097224034
124,15,n01,0.6675054186111773,0.05429019855094002,98.39779657824754
124,15,n02,0.6569840451292253,0.07018929954005067,123.02882730521435
124,15,n03,0.7055552063538967,0.06725694707023143,104.0746901231559
124,15,n04,0.6959737019696625,0.0756202740410123,105.02618129974103
124,15,n05,0.7147642575198541,0.08253576780758638,105.72840924615411
124,15,n06,0.7100846888789668,0.06684109632705365,109.7003193043022
124,15,n07,0.6968824697054106,0.07956303610386245,104.47784463462744
124,15,n08,0.708331187176407,0.07923255669027036,110.86519373230094
124,15,n09,0.7180105297206113,0.08662539603616,97.36043080827756
124,15,n10,0.6615113695178615,0.08535342530223108,102.49377047099911
124,15,n11,0.7247158745406066,0.06242174173891763,108.60211349034151
124,15,n12,0.6960830029104621,0.0857987433237976,102.69640912549403
125,15,n00,0.7859473872829469,0.06477620455494153,104.14521917362008
125,15,n01,0.7782568766639596,0.07540891348861302,104.58807973798274
125,15,n02,0.6924810607722589,0.0906134904744442,113.81384498044869
125,15,n03,0.7063420949161752,0.08863599617540385,112.86100550621632
125,15,n04,0.7041733223810438,0.07975142817171593,121.28256846009673
125,15,n05,0.7439727529842383,0.0885197877377509,118.18338824536431
125,15,n06,0.665627633657308,0.08645335306811446,117.00384760169597
125,15,n07,0.6229245496395897,0.06952107093414736,99.31318206829413
125,15,n08,0.7116788712954781,0.062402962847851406,108.17233950755299
125,15,n09,0.7875133381015578,0.052027698184752134,94.36311738176886
125,15,n10,0.7030627791088614,0.08239198425614479,115.55127942740934
125,15,n11,0.675564843582682,0.0731323658211235,117.31913802296936
125,15,n12,0.7846270150705619,0.07822674501374066,110.41438160857025
126,15,n00,0.27284814114071176,0.025868639173250527,34.82261427128292
126,15,n01,0.27209055732169,0.021083037708248487,42.5009967512797
126,15,n02,0.2221973427591651,0.02893512923544657,35.286299386816935
126,15,n03,0.22309351796146187,0.04528546661633527,43.57595431632911
126,15,n04,0.30809036361647973,0.05166629017360862,38.351182654962095
126,15,n05,0.20226237764080007,0.01970766399398838,34.67828952520695
126,15,n06,0.24902858187289323,0.016436354326935947,39.8087414000056
126,15,n07,0.23013336239092202,0.019974684539831748,41.722493590692906
126,15,n08,0.2426441838291007,0.030676065676884804,48.643146850359535
126,15,n09,0.22814189399366241,0.01840123524985863,40.05262498462585
126,15,n10,0.1728220328059228,0.020771291120026056,49.523780030827034
126,15,n11,0.2946137263023103,0.025213967615361085,48.65911864934776
126,15,n12,0.27759080726824503,0.038352832222980075,41.53516109421298
127,15,n00,0.6977280255225714,0.0830334933267722,110.57050589802158
127,15,n01,0.7337436824531842,0.08633351286150744,102.14132493171293
127,15,n02,0.6888428289042395,0.06618236993861555,117.56256772679687
127,15,n03,0.7155544526301909,0.0791657055831528,127.86768785770325
127,15,n04,0.7136046197802947,0.06813837928427319,125.4203379456299
127,15,n05,0.7896973272080953,0.07444317501056301,111.63739147044095
127,15,n06,0.7713972561158945,0.06888169418316423,121.74965142539604
127,15,n07,0.6353411704399354,0.0652191671746568,107.477993752427
127,15,n08,0.7364410987940505,0.0717355764700027,99.78778628373419
127,15,n09,0.7032675601209544,0.07721404530501273,109.40794775216764
127,15,n10,0.6335937868998709,0.07514660390495449,103.84524200904508
127,15,n11,0.7291301900583702,0.10827240929679752,102.04251339407297
127,15,n12,0.6349760361595882,0.07696939944902798,119.06567527141243
128,16,n00,0.3043596210246676,0.03551208367904,29.13717313252748
128,16,n01,0.269321653205779,0.0405097502067363,39.6028656428208
128,16,n02,0.24317483066518805,0.009077908342230049,35.20963161561447
128,16,n03,0.2233106190921741,0.025311207413148264,49.02203357663802
128,16,n04,0.1966998459793951,0.044832394485735276,32.32567625639963
128,16,n05,0.2850296074996746,0.05641694284034145,44.79680853763637
128,16,n06,0.24140862189419784,0.010363052125370448,56.024390056690734
128,16,n07,0.2310825393603195,0.015457691548427632,51.39525332225731
128,16,n08,0.20977068468711677,0.0076513567503138855,56.77561082891533
128,16,n09,0.2537224571412378,0.0406641882294847,33.18845874551188
128,16,n10,0.23717314112871973,0.03285533410797362,50.060109088557894
128,16,n11,0.2630560486611627,0.010858080711237731,29.472330287275845
129,16,n00,0.2542463062174265,0.049026824183173334,49.31048080880114
129,16,n01,0.25141496173122924,0.03500371667736655,55.60236110162094
129,16,n02,0.23878035522796728,0.032540712963867194,46.985875780940816
129,16,n03,0.23183180523247543,0.015806004602880078,55.689177284739614
129,16,n04,0.25291061409499727,0.0,40.45925641438079
129,16,n05,0.18802799136948853,0.04343166458673766,43.32174939500435
129,16,n06,0.27721028320306984,0.0228318525808898,48.76523725477746
129,16,n07,0.2844834438175108,0.026334758744715067,47.91649512489708
129,16,n08,0.318373039426766,0.015944834731114403,49.38599420456592
129,16,n09,0.28094818276973216,0.00705869466477204,35.10955218337865
129,16,n10,0.29273555073497276,0.026252949202924113,40.60270383912494
129,16,n11,0.21481694621554392,0.029060128321217783,53.06372548782422
130,16,n00,0.788276283260089,0.09583366248050648,106.64255710635027
130,16,n01,0.7558057616234258,0.08062141563593751,109.61798592136614
130,16,n02,0.7426015748747417,0.09952728147089199,105.93105148110688
130,16,n03,0.8362324450386903,0.0884510842779793,118.02503000769293
130,16,n04,0.7176139561016097,0.08546240078587904,105.48872432944844
130,16,n05,0.6207919442237325,0.0635870784915645,111.45132116855463
130,16,n06,0.7762246002569394,0.07500512630849193,102.0742606988335
130,16,n07,0.5958252768971275,0.10463568558282163,108.69854450103514
130,16,n08,0.8042175540561546,0.08546422022304852,106.81833866886062
130,16,n09,0.6981779248647081,0.08982160455353266,108.77844384853046
130,16,n10,0.7728218378376648,0.06874646817881226,114.62633403804622
130,16,n11,0.7651555936201606,0.08970655594624219,113.20111559881822
131,16,n00,0.2747451867385986,0.02183284948702504,40.167048845519496
131,16,n01,0.24983594417949154,0.019916013939848244,56.42007476934248
131,16,n02,0.26154562619656596,0.027333387123469974,41.06772938806546
131,16,n03,0.21181525150350136,0.05000788796595476,48.65158028940883
131,16,n04,0.26006011062711004,0.028361207471100252,45.454730435144526
131,16,n05,0.29322476345302084,0.011105104087302631,50.80628971508879
131,16,n06,0.15197922279008108,0.04001012196315794,44.2927025448077
131,16,n07,0.21759012379177906,0.010350522984069702,56.5229285929103
131,16,n08,0.258625255451713,0.026036780963053084,56.24602556857256
131,16,n09,0.3270872716300456,0.031067569005274014,51.084878661970265
131,16,n10,0.28427093568583045,0.02616265372637041,29.544648202786504
131,16,n11,0.25807636383985855,0.036339436601835,45.853259467234615
132,16,n00,0.23270618820325198,0.02187910922795949,54.644111000181866
132,16,n01,0.20731176106953417,0.02146202752870375,37.7502238109449
132,16,n02,0.24575724114342895,0.03481415092968528,46.646245400829095
132,16,n03,0.28867616297776305,0.03614923952964843,41.874577262185326
132,16,n04,0.24614777948550481,0.023291629444731853,44.30005390420308
132,16,n05,0.26262875985898815,0.05048508286181344,43.52782820820159
132,16,n06,0.3308971485909371,0.048679801175528704,47.18372138735195
132,16,n07,0.21682345466432118,0.029847753384397845,61.20060899681649
132,16,n08,0.22385268423778593,0.0,40.45104764224768
132,16,n09,0.2258430682587986,0.03437026453513822,36.85528278527728
132,16,n10,0.26180266572398075,0.020877209797624422,40.294110047995154
132,16,n11,0.25770594620273235,0.03101466677342645,41.45971525830366
133,16,n00,0.6987616713149448,0.07642925865672029,113.76065029916082
133,16,n01,0.7569408882406093,0.08749347519742995,102.02793235704354
133,16,n02,0.6339480957602689,0.08384816566265224,111.35281566929363
133,16,n03,0.701387397963472,0.06082748159136803,114.5207601973945
133,16,n04,0.7746707361775904,0.10056598922871787,112.25029850470874
133,16,n05,0.6508638615586773,0.06947928607535221,110.73259697460495
133,16,n06,0.770472960645584,0.10414748631685002,104.11252403100487
133,16,n07,0.7793475365462517,0.08553170748899057,98.35725534315416
133,16,n08,0.6868307623400044,0.0907171639772028,108.22730993469301
133,16,n09,0.6691973991577231,0.06465513885801154,110.2535901838825
133,16,n10,0.7309926746432422,0.08801861934237462,113.47557762893761
133,16,n11,0.6808869314539405,0.05865820195320829,126.2475581736317
134,16,n00,0.8215099499159779,0.08127271041956646,111.55803024873374
134,16,n01,0.744234334614179,0.070752187933452,111.65865314518065
134,16,n02,0.6583449017524449,0.07048301430412796,104.99005036236117
134,16,n03,0.666865912307739,0.0613110000067191,109.63661669133026
134,16,n04,0.7115980572260139,0.08766953937103855,107.70436167286465
134,16,n05,0.7511456781378494,0.07062886758018488,106.924724268599
134,16,n06,0.7371387654459054,0.07823821832229202,101.60617224670233
134,16,n07,0.6720485139435487,0.07983998107096833,106.37164106043157
134,16,n08,0.7364948487304728,0.08124884846236036,100.75253783543252
134,16,n09,0.7497792482753116,0.08440098383543286,119.64668147200123
134,16,n10,0.690826353361526,0.09364100848609554,108.03003028111617
134,16,n11,0.6800064352249146,0.08407084189329442,114.01787012554288
135,16,n00,0.25797013987007794,0.03485247941202822,50.50744333403461
135,16,n01,0.19297435695669285,0.057427893234225716,39.71283800718166
135,16,n02,0.2621955756111818,0.0213711510674522,40.28981459222518
135,16,n03,0.2778059718495606,0.031106110129130886,48.45111631639421
135,16,n04,0.2719973981625581,0.03611445410160956,47.10530840337409
135,16,n05,0.23367749419165293,0.020982719158594287,40.83406543946389
135,16,n06,0.27033059098777,0.05255190258087826,43.05396319213138
135,16,n07,0.17198875261227276,0.04069823217978594,45.18754996035646
135,16,n08,0.2719759286777235,0.03756553591084736,48.527284608796386
135,16,n09,0.3022180332362052,0.018000835104260794,64.05512691564564
135,16,n10,0.26133406776250595,0.052724246227329616,48.577088533547695
135,16,n11,0.26325543168005167,0.03294799662068725,46.60165685076051
136,17,n00,0.6466961577152496,0.06974261110455951,120.29120936276524
136,17,n01,0.7372085406536495,0.07833458537576478,99.61621389364318
136,17,n02,0.667318125310487,0.07020305093489584,108.93921494067042
136,17,n03,0.6728934645809079,0.061485403781182155,112.33491670176281
136,17,n04,0.6866361503019612,0.07190559325453341,114.44601612083207
136,17,n05,0.7528906819957293,0.06753310264664825,126.19787808087092
136,17,n06,0.7658438073019324,0.10610472632728525,115.55970910175184
136,17,n07,0.7359711458516669,0.07682028046647471,97.72118093430973
136,17,n08,0.7630466905507484,0.07780922324560084,124.93147674147338
136,17,n09,0.6963798679759794,0.0817930060203327,99.79612273731232
136,17,n10,0.6859590573510824,0.07707849309170597,103.19203585620353
136,17,n11,0.750495143842984,0.07638857108878448,113.2746235588957
136,17,n12,0.7911037392070314,0.07262301057793537,108.43860236068392
137,17,n00,0.29449931333964435,0.021138250130741408,37.06592830049743
137,17,n01,0.2423128145291854,0.01831893400388253,54.186899989737284
137,17,n02,0.2717461257158815,0.038697030626631754,52.36278535717924
137,17,n03,0.276020274852174,0.010943998533679142,43.187546959188836
137,17,n04,0.26061956249395896,0.02319526263563986,52.87952306958216
137,17,n05,0.23729463673472226,0.039029338780987584,47.33730398854849
137,17,n06,0.2546540923142755,0.031160606332120887,44.116379691541525
137,17,n07,0.27629963149397546,0.022872185052631906,60.25069635611762
137,17,n08,0.23632844884917006,0.03371920493414988,42.46392610483373
137,17,n09,0.1688849003675792,0.05767073993102635,36.189747316289996
137,17,n10,0.2606804350389156,0.029228154458439314,29.81258844236226
137,17,n11,0.1582964533326153,0.034274396973425436,46.492567159897824
137,17,n12,0.2724169107023985,0.02561732438061447,55.02312881201054
138,17,n00,0.21152664494571194,0.01531883989039793,43.4907678558575
138,17,n01,0.18349969546462508,0.03868084128725549,45.58345685560978
138,17,n02,0.31514783373907973,0.03152569390242689,28.773650303950618
138,17,n03,0.17791457294993562,0.05907636680417419,39.776530133462636
138,17,n04,0.2536678461838272,0.05170824224131605,46.71352482580372
138,17,n05,0.22557086899757778,0.031176023750480335,45.54321470908349
138,17,n06,0.2237790350958458,0.029803184139884746,47.441718257184924
138,17,n07,0.22311653389692873,0.016925398961831505,44.44153256316652
138,17,n08,0.23426077769299508,0.006617009254905756,48.735108661482364
138,17,n09,0.38839831817259285,0.042079591019783466,38.91614707638656
138,17,n10,0.19904161204025236,0.03587407604720699,46.1761760916771
138,17,n11,0.28928669887269143,0.06311182663959186,46.95991235760061
138,17,n12,0.27359406455789204,0.02542313883695217,44.850059623876305
139,17,n00,0.7336200831087047,0.06953194458876769,127.86205846235568
139,17,n01,0.6800535813285811,0.08103854425450718,112.13737362271885
139,17,n02,0.6424248428434629,0.07115810592562077,110.41183840995193
139,17,n03,0.7277524224420773,0.08314060870396055,105.49937493919671
139,17,n04,0.7043576931111041,0.07125181294468329,110.87202911476372
139,17,n05,0.8347362708319837,0.09580533658759614,99.91494734124564
139,17,n06,0.76764667739522,0.0653820529100187,106.70671694183635
139,17,n07,0.7030729692980668,0.089948894729414,109.018183760532
139,17,n08,0.6703331849666834,0.05366869096793433,99.06043608289686
139,17,n09,0.6811370105826849,0.07261418046098822,114.33935513042955
139,17,n10,0.7139893563786894,0.09958648510511615,117.47997472583933
139,17,n11,0.7490151095651164,0.09009908292055187,117.40178139517744
139,17,n12,0.7340358233760673,0.09283556178663033,112.35834770300386
140,17,n00,0.28657499777763207,0.024576666450964547,54.3143457737646
140,17,n01,0.1691111137682132,0.019936084320317328,50.216449542762476
140,17,n02,0.19370329087125793,0.019183039442461372,41.887042872288326
140,17,n03,0.2090256326268436,0.03650571192238016,39.27996097357567
140,17,n04,0.1775054373980199,0.03389216233181897,49.42365117685423
140,17,n05,0.2219597330092862,0.020233017684424284,42.91959085247314
140,17,n06,0.1533641513922296,0.027651745765562823,40.78305882369662
140,17,n07,0.18313257343891995,0.04195050418054593,35.59971753188344
140,17,n08,0.24750276091148452,0.056457234333667755,35.646882092158116
140,17,n09,0.25890391335625984,0.02025476730506265,59.14702571095638
140,17,n10,0.21800930960934436,0.027819677985020483,40.87453331338824
140,17,n11,0.23668945669735184,0.01287914674127956,45.53281747200749
140,17,n12,0.22784501480088154,0.016030465637927576,42.50391886744294
141,17,n00,0.7250775895708429,0.06754948519795086,119.30962117527154
141,17,n01,0.739348535144298,0.08423560752407643,121.80598116667515
141,17,n02,0.6963126281138983,0.07877762516689972,95.21247847319538
141,17,n03,0.733949146481703,0.05230124612406885,109.29740939937324
141,17,n04,0.8165478561647285,0.09748376031053121,109.2040096556514
141,17,n05,0.7731801791125097,0.07744588030780288,107.3082451275724
141,17,n06,0.7435008540272928,0.07901312640710981,109.42854946753152
141,17,n07,0.717222087322939,0.08781638052969287,115.43471641951626
141,17,n08,0.7961987965595472,0.10443650499143811,115.86871282118557
141,17,n09,0.7104730111820741,0.04415990925548678,109.93425471960867
141,17,n10,0.66616479888513,0.09991981053067948,102.18733957609824
141,17,n11,0.7682750697649555,0.08054337931190701,100.23309093704772
141,17,n12,0.7670309167710361,0.09894541833873738,112.21661042286352
142,17,n00,0.27534218293435087,0.04916533051375599,47.550762027182856
142,17,n01,0.21833791813676728,0.04618091379960196,43.81632767578553
142,17,n02,0.22635207326947093,0.015858688908400833,44.52698413809711
142,17,n03,0.2242760952394701,0.007875366545056467,38.16228590509759
142,17,n04,0.22770202064257206,0.018689698180483348,42.2474299289758
142,17,n05,0.2926742387913283,0.03764188709235988,47.120982997327275
142,17,n06,0.29175943657244435,0.0037426541276997932,45.640878794729154
142,17,n07,0.24196185820923582,0.035820444017636004,46.259293974165416
142,17,n08,0.20131555908824905,0.03157960434016572,47.04530538025669
142,17,n09,0.2892569863009463,0.02051037352216612,43.386130077819814
142,17,n10,0.3075033767142917,0.0452322956675355,52.16176037505786
142,17,n11,0.22083735306679947,0.046181188830877684,33.78478200230251
142,17,n12,0.2942131750904757,0.0414059882529393,36.26664261654457
143,17,n00,0.7368255252617495,0.07635495266126838,122.53142681491781
143,17,n01,0.6976710191692372,0.06983423595166464,99.50000602292916
143,17,n02,0.7353520429441532,0.09400325382202282,94.68366157965212
143,17,n03,0.6520538753485631,0.0998876301920947,115.97060771041185
143,17,n04,0.7357373159618026,0.09230612334974056,110.64631646619812
143,17,n05,0.7730687918310127,0.08752826480255584,100.68637488786999
143,17,n06,0.7265101181252854,0.09627787321224152,100.12119244854699
143,17,n07,0.7386560888828014,0.08535788697465764,116.15779154837016
143,17,n08,0.7874359795709068,0.07290550054295498,98.45175852896551
143,17,n09,0.7490561826763824,0.07929311278456412,117.35386858962865
143,17,n10,0.7028784045510976,0.08340274778335595,119.87427560638633
143,17,n11,0.7501633870960503,0.10172703178615695,108.1610625232335
143,17,n12,0.675064173371873,0.07314011584939617,102.67394792987503
144,18,n00,0.25924857977270876,0.0227776979298377,42.75224412384904
144,18,n01,0.3093193002045028,0.020352599301449604,25.928492958591182
144,18,n02,0.14306287898680256,0.045152137947307686,50.626649070631935
144,18,n03,0.30148274295439237,0.02202474449868199,41.079578281558206
144,18,n04,0.2911293376347401,0.03731444136206477,56.1551305788777
144,18,n05,0.2128513270506875,0.03632178195646461,39.619624060719175
144,18,n06,0.28803799651412487,0.028393812958350844,60.11086588501763
144,18,n07,0.24867084486495078,0.026645000611658372,47.174567507692004
144,18,n08,0.21955931784732116,0.012466200690191744,50.4382281150478
144,18,n09,0.2733261246757573,0.032526104290174496,62.57484320149203
144,18,n10,0.24815827942621507,0.03755473658304443,45.25945226476006
144,18,n11,0.20544865701882148,0.013295596879771152,51.273395716177276
144,18,n12,0.25559693245845966,0.03247492915110002,33.36986604014645
144,18,n13,0.18445273149697167,0.01854103391934068,38.530400935254534
144,18,n14,0.2663060731983215,0.0,45.655688059571396
144,18,n15,0.3412729720029701,0.01061237588311048,35.69382815979333
145,18,n00,0.24636111730697674,0.029128389022599913,48.480884099609526
145,18,n01,0.23720098043730387,0.03130785968463942,42.56348535086231
145,18,n02,0.21630113499274217,0.016477906925945203,37.28127459991651
145,18,n03,0.2167935975324588,0.02115755324647322,44.2873688483051
145,18,n04,0.23230324236970573,0.007903386559915512,44.39032762658457
145,18,n05,0.2371156783183899,0.04450675555028622,47.92199051259846
145,18,n06,0.29750153375075705,0.02338496279715585,48.95039931072504
145,18,n07,0.3005727513985246,0.0177174815279742,42.859144475756125
145,18,n08,0.2354001638633685,0.028711999899970524,27.21116936735397
145,18,n09,0.3109334272494907,0.021916714361716126,36.50153678637899
145,18,n10,0.22943467325799585,0.03302543719238528,52.0009409031259
145,18,n11,0.2486229402607823,0.04528314236700014,31.987331399096924
145,18,n12,0.2067436580537113,0.005397779352817787,42.44513306151051
145,18,n13,0.21739480551589926,0.01426179759272381,45.21836404397145
145,18,n14,0.1837842136305996,0.026817575576311693,44.10422033547872
145,18,n15,0.29896668670066,0.045162908873882614,51.34867000138471
146,18,n00,0.25988826652437225,0.04627071744587542,30.708766669743397
146,18,n01,0.269921613334835,0.03295594708308079,37.03388082226505
146,18,n02,0.19440074825733977,0.03277100756402983,56.25362253305871
146,18,n03,0.20199446261009962,0.0408605405422385,56.25260379465463
146,18,n04,0.20371872522430934,0.020325940688613653,41.286259007597266
146,18,n05,0.23209378089277644,0.03653203799858342,41.97938517151396
146,18,n06,0.2738160603183667,0.035961333027041624,50.35274493328208
146,18,n07,0.27666935155455596,0.02916024476188352,38.20011058311469
146,18,n08,0.2459497788426443,0.040398202511335815,55.28355899113581
146,18,n09,0.2318374463908558,0.03175624028863513,53.01993767231501
146,18,n10,0.2620715379124021,0.04605407692317166,53.80663564428415
146,18,n11,0.30179819115816364,0.043807616619076596,51.42847705399858
146,18,n12,0.2740343447322827,0.039986544351883875,45.03433828154194
146,18,n13,0.3132994294495971,0.002431107907375857,39.5690745664885
146,18,n14,0.22511250145253048,0.009039971519139302,36.87469788749796
146,18,n15,0.26462183626162483,0.046053961452690396,38.38009551221112
147,18,n00,0.25252475853110384,0.05306601395953352,54.59410455442014
147,18,n01,0.23174541229334006,0.03323275879677675,43.8761487422407
147,18,n02,0.24795543358545316,0.04723422827119146,47.95547386254147
147,18,n03,0.2826735120658059,0.023400910787445606,45.5674217358986
147,18,n04,0.19729188261327646,0.006308124662381932,43.749376415548376
147,18,n05,0.2350906918064978,0.03646959071224051,50.78745809381968
147,18,n06,0.2804173042049087,0.015522458742650298,37.91872895801395
147,18,n07,0.2026557416954431,0.0044008936745578014,39.44978076004682
147,18,n08,0.18973064711662888,0.025785025240215177,41.736356450535624
147,18,n09,0.17664240548734667,0.02362986864124581,40.008362473292074
147,18,n10,0.331086849775158,0.025528615520720967,44.848180311539366
147,18,n11,0.1778198798251741,0.010308660273484701,34.15417813430662
147,18,n12,0.2733327667055921,0.023042679659647243,43.59196839040662
147,18,n13,0.21584938089531816,0.048138252615422567,55.514270112740135
147,18,n14,0.2951980338056119,0.03725391052921329,40.959136226175055
147,18,n15,0.2178638854530659,0.019280219443365235,43.055605436711296
148,18,n00,0.7162636797783989,0.08289389196730733,122.62804603791639
148,18,n01,0.6942627728675096,0.06840227886732182,114.56993630325563
148,18,n02,0.7278021924042655,0.06487617762813123,96.6423537692378
148,18,n03,0.6963228788996911,0.06787176454571943,109.21628388252
148,18,n04,0.7048298954117536,0.08753570303456379,107.93525026856683
148,18,n05,0.7090294338932619,0.061904401691974045,116.06431639939159
148,18,n06,0.726547635029654,0.06697635492276652,115.99663372053672
148,18,n07,0.687078041543163,0.0904980552541986,109.08179077680646
148,18,n08,0.6818242089325854,0.058770116790351414,110.21666261504318
148,18,n09,0.7211629811497805,0.0980080762254944,116.33880380352667
148,18,n10,0.656199002216109,0.08954262050330253,112.00224607110478
148,18,n11,0.7576351415219882,0.08421035334543482,123.30241325631674
148,18,n12,0.7950693868395506,0.06094822633114139,108.9944148592854
148,18,n13,0.6688055540156619,0.08551386977553557,105.29480536489832
148,18,n14,0.6408124694452813,0.08821901509876821,107.01547034007982
148,18,n15,0.7670966180811386,0.1075536296348708,118.4444575379139
149,18,n00,0.3040902128735316,0.029666093563869095,48.516049480465306
149,18,n01,0.27138396810348187,0.034057741335510316,54.73708718043912
149,18,n02,0.2600925154216472,0.0,43.70691206314957
149,18,n03,0.24350060377336763,0.03567184505111197,41.17135176164087
149,18,n04,0.23514775118742293,0.016922579057673186,50.26451179928833
149,18,n05,0.2467932913413133,0.016739697704564002,58.908030672202095
149,18,n06,0.3545922057168841,0.02935983221652644,53.63758197035317
149,18,n07,0.2690233394694941,0.030571100396942653,36.22527827944429
149,18,n08,0.17009274442553443,0.04404855854786307,37.24512159016328
149,18,n09,0.28943387603643517,0.03072865779983533,31.98695846657696
149,18,n10,0.28705932866638406,0.036551641983166995,34.85988403973758
149,18,n11,0.3067696618602167,0.03511457863279617,42.36655453058556
149,18,n12,0.2643569642092606,0.01459562697449269,41.83613700749901
149,18,n13,0.24605959763933047,0.04913614681712894,46.92625924723096
149,18,n14,0.24013937007050573,0.008462378817599599,45.17970848267196
149,18,n15,0.33569851222786334,0.03184267626860232,36.23595066458084
150,18,n00,0.7948276574753125,0.0697413871769837,115.2311048943808
150,18,n01,0.5929274457461107,0.08918035183879525,119.74409495705227
150,18,n02,0.6960350932036424,0.10114115751341854,115.23659823261728
150,18,n03,0.6960494722578496,0.09767435307605321,105.81570987852865
150,18,n04,0.7252229087487035,0.08196094000070199,116.19458205841116
150,18,n05,0.6717024263251529,0.06921490266518349,119.0483282731404
150,18,n06,0.7472601079895277,0.08032789160090628,123.16911035011661
150,18,n07,0.7298172233570058,0.05531665025317595,120.11104725892518
150,18,n08,0.7301144300503253,0.07424545938121829,117.78801801030731
150,18,n09,0.6799457069332006,0.0827757319352164,116.08229349812329
150,18,n10,0.7257400263960512,0.08896399913557834,121.33589983779169
150,18,n11,0.6570895283169068,0.08890229754156302,114.78130319603761
150,18,n12,0.8183073671871988,0.09007444731903755,108.3180458472771
150,18,n13,0.705930416824851,0.06566936164172088,114.8364707874336
150,18,n14,0.677899500547926,0.08801938468287933,119.73983252568999
150,18,n15,0.7335002159040571,0.07683571768779711,109.42242386424549
151,18,n00,0.7636759504126364,0.0630462509401271,99.85838848981274
151,18,n01,0.6582069159318253,0.07877110536383856,99.79071215483961
151,18,n02,0.7102989811842861,0.07449880566689587,99.00606385098634
151,18,n03,0.6720555221194855,0.07083524590447739,104.78970911588954
151,18,n04,0.8127355808501562,0.08940367375665292,106.96978394254121
151,18,n05,0.7870822456040394,0.08014342119454897,100.37459394475688
151,18,n06,0.6299411412208175,0.08217179142376592,106.92934681851698
151,18,n07,0.7066226340629248,0.09128002924623671,103.85958212426453
151,18,n08,0.7061707618125943,0.0853721023686123,116.85596589609328
151,18,n09,0.6572259360259037,0.06519137606724369,113.02994760437737
151,18,n10,0.7008968176945437,0.07252134552424136,122.7363259620985
151,18,n11,0.7716040764577115,0.06319442714108382,98.65377615414151
151,18,n12,0.6953382930675189,0.08419294653907096,110.87877860984487
151,18,n13,0.7019070501029864,0.08819524540243313,117.74680716921151
151,18,n14,0.6902668580409358,0.10771428160651692,119.33657375315966
151,18,n15,0.6303475929066586,0.09372218661886132,109.22699615875179
152,19,n00,0.3151206110699962,0.04886006983200997,35.634602068018616
152,19,n01,0.2206203390421112,0.05542087767242299,35.29767042963694
152,19,n02,0.29393547412372256,0.02943978408625037,41.03979020706132
152,19,n03,0.2798553463169255,0.03491605313535272,49.03405481053203
152,19,n04,0.20786773202217415,0.018426439106908235,59.052906880689974
152,19,n05,0.2691216026771745,0.02615446757344997,53.761018047666575
152,19,n06,0.3420408127901369,0.039225342100220335,38.22805181232072
152,19,n07,0.2199607504102037,0.05006862097595016,41.79420089840206
152,19,n08,0.29445520437994027,0.031008390184953955,34.12925254294237
152,19,n09,0.3545269561433742,0.019375048766264617,38.22845908689449
152,19,n10,0.22730336241055696,0.023599515467394524,35.09765789065813
152,19,n11,0.24826003391527182,0.03599420152060452,46.47630565060462
152,19,n12,0.17198706727212237,0.020751618850327433,42.02678078072438
152,19,n13,0.2738880581923201,0.025342127900773934,51.738783840330946
152,19,n14,0.213082732882297,0.01951231240655696,42.08975129089914
152,19,n15,0.29782594705481225,0.03309722464126518,57.15395888466506
152,19,n16,0.1902828062997983,0.03848984313410931,46.47430403117826
152,19,n17,0.17171400994260166,0.012542245784428089,56.450725098913544
153,19,n00,0.24757368036885213,0.016198860605842462,49.667553294564975
153,19,n01,0.2678091038382076,0.01871632672432707,39.82824190604528
153,19,n02,0.18982194842969352,0.04429192838811707,60.084303092327936
153,19,n03,0.18710042287305795,0.022623164808146735,56.133526681018495
153,19,n04,0.24449828874029234,0.024984016045986587,44.87216521928294
153,19,n05,0.2968642598340456,0.051822137981440315,57.88284184852165
153,19,n06,0.14407620333402005,0.025742002536905104,49.60773332660207
153,19,n07,0.2092144798001517,0.021001339568769713,18.490723010111452
153,19,n08,0.3054836975137968,0.04104463592440602,51.70116045499904
153,19,n09,0.2548200865931091,0.022568332734139163,50.89764239787816
153,19,n10,0.2795947781165173,0.03272232577432308,25.071687175592462
153,19,n11,0.25529483724663626,0.028984037046046733,51.083210110348666
153,19,n12,0.28668546468852685,0.036726968469663765,53.60106195766153
153,19,n13,0.1812883780424524,0.013995909961394822,39.27241775832242
153,19,n14,0.1861714226053975,0.0338906141166112,42.04738177031472
153,19,n15,0.25106721689908873,0.014918208584422329,51.92218059688439
153,19,n16,0.2132413941218302,0.033720216115919376,45.585693641001654
153,19,n17,0.3270840857168722,0.02649816249358429,40.33759132389867
154,19,n00,0.7731646102815405,0.0829082366460171,118.75262160422781
154,19,n01,0.6414611323849025,0.07257467305556607,107.82193143280684
154,19,n02,0.7013169112882308,0.0866150545191512,112.65426453050462
154,19,n03,0.6284318195711148,0.07088757590607155,101.88985554328701
154,19,n04,0.7628903967640915,0.09101298595033513,119.04464756944773
154,19,n05,0.7067530346111144,0.09347373993055882,98.38914600858917
154,19,n06,0.7285399682181045,0.06917224169946817,107.48106079558437
154,19,n07,0.71300225767302,0.08436952184482228,96.7162660060071
154,19,n08,0.7431950079142697,0.10268580334371,101.70484409130758
154,19,n09,0.6870077805029622,0.10024429395318159,94.42234121335632
154,19,n10,0.6924203765373861,0.06310266923983912,107.93425482823895
154,19,n11,0.7489634271226173,0.07255742340149274,102.13858773699619
154,19,n12,0.742614323392377,0.07365575903321252,104.68407946795728
154,19,n13,0.7267708739015954,0.06408354288356632,120.78313659773613
154,19,n14,0.6335240088314026,0.07585868194748743,113.14822192687916
154,19,n15,0.8023850376816409,0.08117367849075748,109.78211234427579
154,19,n16,0.7966197250700858,0.07101363206827077,116.61282386004206
154,19,n17,0.6888293172384589,0.09251495847952454,117.71122307164757
155,19,n00,0.7654610394016088,0.08394321402768191,99.95904040549958
155,19,n01,0.7177432473483254,0.09631450323298783,114.95230869010003
155,19,n02,0.747086192936889,0.0607853246109131,115.5267121026373
155,19,n03,0.7987332695615732,0.09054745287966365,110.849899742418
155,19,n04,0.7212882054325249,0.06783555838619304,109.77107068608593
155,19,n05,0.722745379806118,0.08117453477575397,115.07601782424054
155,19,n06,0.7293726034758329,0.074551069147282,101.32671349870179
155,19,n07,0.7425820892160789,0.07379928984456367,124.21746454190634
155,19,n08,0.6887571890508568,0.06563124319077752,107.95899849653492
155,19,n09,0.7548664617068892,0.07644697931260933,100.0817295156645
155,19,n10,0.76301032478062,0.08068399091025003,115.9402350763728
155,19,n11,0.6790830803750911,0.07154340783865734,103.63673446791225
155,19,n12,0.6578528201629797,0.07250263835415417,112.8286452035594
155,19,n13,0.6901941219932222,0.09797510957073208,107.41783610574736
155,19,n14,0.6901126501419317,0.08006974242768042,123.04139278724558
155,19,n15,0.7683582945645013,0.09027057213256141,109.24470105158619
155,19,n16,0.7460702159039079,0.075593701221495,109.04540581943175
155,19,n17,0.635223582225812,0.09920381928471195,109.01162681681666
156,19,n00,0.7740630829872819,0.09419112319281968,122.17514270714786
156,19,n01,0.7071564615850806,0.09087970618524166,109.50356433193524
156,19,n02,0.7090932606353444,0.1015476482521509,107.92453593215711
156,19,n03,0.812937483157467,0.062318820353543886,110.08163262870255
156,19,n04,0.7231269787456194,0.07200102625593069,97.66099049018668
156,19,n05,0.7138323331437245,0.09095301579826816,116.43137576777558
156,19,n06,0.6913525615299412,0.07121548162558165,108.53051429996846
156,19,n07,0.67928627596473,0.08006819496252236,107.69353783021471
156,19,n08,0.6547374213352952,0.0659986411505406,111.95230597956007
156,19,n09,0.701471244456415,0.09674424332081427,111.78008212715963
156,19,n10,0.733174443551962,0.07185310771326595,107.3927712434841
156,19,n11,0.7710877322790564,0.0900206465687899,113.31002071726311
156,19,n12,0.7691617282263162,0.08856652934836677,113.43306613012773
156,19,n13,0.697850089925931,0.06799417061989943,117.23041596571996
156,19,n14,0.7674162153092234,0.07768995749209817,123.90482064524562
156,19,n15,0.785029416817655,0.07322547450206587,87.86737336981942
156,19,n16,0.7263428050473126,0.07182532579466315,104.09590706750357
156,19,n17,0.7708014902869098,0.0909612033067042,101.33531827763719
157,19,n00,0.2666740290472346,0.036057503978993634,56.43678725500677
157,19,n01,0.2644985150890528,0.02511043708726578,54.32518751077478
157,19,n02,0.31683662782298827,0.024778169088949087,44.04580096781404
157,19,n03,0.2460864001900287,0.03589353495785368,38.60033097970549
157,19,n04,0.2586620382870236,0.03724409518638975,51.12989598414689
157,19,n05,0.2524564647116971,0.017028031060213757,53.10466521002184
157,19,n06,0.18974918492140902,0.042762853928543794,56.12558956625568
157,19,n07,0.22736303866870622,0.026632075426965506,57.36442258621162
157,19,n08,0.2672694620491233,0.04032714301176478,39.45483470413694
157,19,n09,0.25367883483764525,0.026233359535007314,42.368578154911795
157,19,n10,0.4007946069285079,0.043587960248520685,52.639838193878724
157,19,n11,0.26594119534835137,0.03557222842186971,35.67169774340104
157,19,n12,0.30959106077663195,0.03926882408693111,40.05641894162892
157,19,n13,0.2528957198976474,0.03711537481469568,38.28316815946833
157,19,n14,0.2817863925779554,0.04545332213565238,47.78919331081892
157,19,n15,0.15596828591719292,0.045079669584472064,46.163706405788076
157,19,n16,0.2546291873939139,0.06509675056381288,38.08575521700112
157,19,n17,0.19807947491676037,0.03508592175769465,48.34911878643674
158,19,n00,0.8085001942262674,0.09012549169746505,105.7808543864131
158,19,n01,0.748938003709751,0.0773888894574938,111.73077257976065
158,19,n02,0.7353311972490206,0.0847471817891076,113.71494443370537
158,19,n03,0.7393037021853416,0.06744352734027056,109.64366763232239
158,19,n04,0.6926650827317573,0.06692776419798979,110.40351548920624
158,19,n05,0.7313910951772282,0.06928795704311731,118.46167826468935
158,19,n06,0.6629219769725662,0.06893286536555358,103.30173381508811
158,19,n07,0.7085267278783389,0.075866936972636,121.60604913168861
158,19,n08,0.7364846330432008,0.08561442283589529,108.16025846085901
158,19,n09,0.7042752091492104,0.07504570179096345,122.4549716872649
158,19,n10,0.802873048624823,0.07737505671658232,104.62384761936121
158,19,n11,0.7509428317239305,0.07253491008564093,119.41183214494036
158,19,n12,0.704393742047873,0.09197643668994913,113.14311879185595
158,19,n13,0.694338895432626,0.07732952387206843,109.733897009684
158,19,n14,0.7823537925730568,0.089179160485907,111.80208140686166
158,19,n15,0.6866353118151007,0.086802027385593,121.15387358447865
158,19,n16,0.7462639411193263,0.07374725685797416,104.30471591971407
158,19,n17,0.7170264469472046,0.08147172835727301,108.35256074709011
159,19,n00,0.29212909957723815,0.02436368648392114,49.279472077590185
159,19,n01,0.22625174356181285,0.015621913177935067,45.47504070086307
159,19,n02,0.29190846250211766,0.028456430514721784,45.140715373416825
159,19,n03,0.2777491528356814,0.001339596465517963,29.516327770454964
159,19,n04,0.1639652111124385,0.024867491881690774,26.813304151892474
159,19,n05,0.23335007603224797,0.04336953331085207,49.75302349582737
159,19,n06,0.29572320729609164,0.058861943439733166,55.879004461442435
159,19,n07,0.2603107614435258,0.03866192440857363,38.02220817756984
159,19,n08,0.2643937765440179,0.022681790709137912,34.701562308383906
159,19,n09,0.24209160381245826,0.021846972747318397,40.11608061769951
159,19,n10,0.18231329599509127,0.034945647267016516,44.126740088980576
159,19,n11,0.2365990231383645,0.030295256026052972,53.65983925865281
159,19,n12,0.2208649123257115,0.0266551617825727,79.17176350654083
159,19,n13,0.2674397134394191,0.04115512053272703,51.885190373210314
159,19,n14,0.21152018457184724,0.03905490489844244,51.588894302663576
159,19,n15,0.2719108588420674,0.003239059015141859,49.32471377217327
159,19,n16,0.3222640021001667,0.024617003494965928,43.076912082730225
159,19,n17,0.2325344685111858,0.029274063405003704,50.08654185255632
160,20,n00,0.3604837584190054,0.03552655878998779,39.90280887209935
160,20,n01,0.31761228090623594,0.033169966477570687,49.47905194288878
160,20,n02,0.2255005361156103,0.031145458423370593,44.90199391130937
160,20,n03,0.15313828485352626,0.017835691027579113,47.89983442488665
160,20,n04,0.38414204081386155,0.01814424931625725,43.77090529936699
160,20,n05,0.2567352862871378,0.019322616719626783,38.81742582146791
160,20,n06,0.24146827087876757,0.03472641690530988,26.03808407174661
160,20,n07,0.258188560921786,0.023676787633396975,55.22240620334321
160,20,n08,0.24659627423058414,0.021816452974081746,45.71897159232852
160,20,n09,0.26260241045652827,0.042593953010400504,45.19916016914258
160,20,n10,0.24492424912989863,0.05227043579742439,45.69716169591128
160,20,n11,0.25289196465461183,0.01476021222793018,36.65760403529607
160,20,n12,0.17108983506709086,0.04387465518443417,39.074976872442484
160,20,n13,0.3347432267777578,0.04245144807535737,52.997054845657985
160,20,n14,0.27380320262610536,0.03661021152857236,56.92204981835524
161,20,n00,0.6734295800172789,0.10204537026298066,109.12077600336492
161,20,n01,0.6532586697174032,0.06803331140103593,106.80375685729908
161,20,n02,0.5860481133856138,0.08112229719711543,104.57878887067362
161,20,n03,0.6962088645997286,0.08673206523699897,111.64774200637424
161,20,n04,0.7084185264468158,0.07867184403653658,108.09156019678116
161,20,n05,0.6895722809343561,0.08751253434029374,101.92093164069448
161,20,n06,0.7012524535976205,0.08934466302011501,114.48080233573121
161,20,n07,0.6706561865937578,0.06628175594886601,97.68344740483516
161,20,n08,0.6787668049277318,0.08520286946199594,127.82616914772206
161,20,n09,0.6890696273856225,0.09736342474295583,111.85672905712994
161,20,n10,0.7370123243945521,0.07629118004572824,111.87262798169836
161,20,n11,0.7964629021960122,0.08666108680097646,101.39945925736954
161,20,n12,0.7342473227694184,0.10323282778313217,106.29583229901276
161,20,n13,0.76868518938185,0.09602264543057307,119.30295602215025
161,20,n14,0.7035999905588045,0.07533857173610342,104.84359764702401
162,20,n00,0.2420595413626994,0.0,44.73805955575267
162,20,n01,0.21188245714200604,0.003988969043174823,58.421108629452895
162,20,n02,0.19048954164292975,0.013007669605209358,36.90259277181033
162,20,n03,0.2327894656469976,0.03492704137262813,47.37729011384268
162,20,n04,0.28363504465829736,0.01724184047355541,39.53719382621338
162,20,n05,0.18736964953901458,0.023814235903741463,43.242738025352516
162,20,n06,0.17507601719613453,0.03311192003231535,27.61472767224089
162,20,n07,0.28639865697769595,0.045284159264851256,42.25315003691346
162,20,n08,0.17050756902185238,0.020335259499991966,39.60876056277765
162,20,n09,0.2639584268294808,0.013380507110735324,44.831205444761416
162,20,n10,0.2103534867798439,0.04132150064982033,41.36656162390006
162,20,n11,0.29121465026053756,0.028021534029540017,42.66815453339938
162,20,n12,0.22369219433311244,0.01818185774399131,41.01684431105796
162,20,n13,0.1241080088798221,0.03632907849910652,45.943504579662445
162,20,n14,0.24282712751096802,0.035488619070621105,50.65496935868706
163,20,n00,0.6717520814249951,0.0864798636442198,116.5495161725743
163,20,n01,0.8019561463858778,0.08298764685004588,105.44737503825462
163,20,n02,0.7379237959548568,0.07311595353821561,113.26052328540639
163,20,n03,0.7476249723116262,0.08629232880199617,96.24286765359489
163,20,n04,0.8657453398635262,0.08296707222945872,127.72956136102802
163,20,n05,0.7063578620159499,0.06279511640249738,97.38711571382339
163,20,n06,0.779872736199427,0.08539406790577311,102.10584834124418
163,20,n07,0.6663316450194818,0.09021265284408514,113.85860176023645
163,20,n08,0.7650959369426427,0.09031866805834668,104.5657507353602
163,20,n09,0.7086585637586217,0.08563333805707163,116.4437890026754
163,20,n10,0.7177635021992576,0.09754781590054769,119.00087137023098
163,20,n11,0.6672114641900709,0.07772992871394473,106.24982887562777
163,20,n12,0.6939092907000907,0.08446871681139319,125.6685538867771
163,20,n13,0.7422941064182693,0.09643645557994833,109.05367624577978
163,20,n14,0.797360582445086,0.10115619534470101,122.44192595051592
164,20,n00,0.737458499520074,0.09123020370918787,123.85878909325324
164,20,n01,0.786687331342325,0.09618022439948598,93.63505081558382
164,20,n02,0.704299981370804,0.09109710496426796,102.45643087440692
164,20,n03,0.7631652113161675,0.0555416703495702,111.98578439210229
164,20,n04,0.7670423918053495,0.07904970615615402,108.2321133566831
164,20,n05,0.7459500807913633,0.06762010924393597,122.48091490412769
164,20,n06,0.7339966955802817,0.08854495076559846,109.5523104964915
164,20,n07,0.7429052913748798,0.06323127850106189,113.96512192368397
164,20,n08,0.6884385565973805,0.0667017215175137,117.03023784828031
164,20,n09,0.7251868513509655,0.09560415437838082,118.1288290512907
164,20,n10,0.6534934792080783,0.07321466450290116,101.51403293293944
164,20,n11,0.6022694861150617,0.08821047251433257,113.67067447234628
164,20,n12,0.7012285996661214,0.09422133032872483,105.2062502341871
164,20,n13,0.7098746857249243,0.0718196939624839,110.26027770820929
164,20,n14,0.644096773792911,0.09574707650092928,102.66940533789771
165,20,n00,0.26068149170641614,0.01541618961397788,38.50609048163294
165,20,n01,0.26916091522984215,0.04856690490584274,40.672885761400266
165,20,n02,0.2300218237305636,0.053334092244077536,42.335270803137924
165,20,n03,0.2680020768678867,0.030237564324580878,54.72339828292403
165,20,n04,0.31101396231106887,0.03190411870248229,54.01473469572285
165,20,n05,0.28968145358759984,0.03142322510308495,53.13101480563202
165,20,n06,0.27176196419794685,0.010348122875680505,41.29213225531961
165,20,n07,0.244016016352814,0.01979151819053447,50.52591425760623
165,20,n08,0.19544304887870873,0.04274569411484827,52.84708902479459
165,20,n09,0.2796863189923753,0.03428460432916352,48.297217269646104
165,20,n10,0.24748553128456888,0.0230751832567115,29.57312458033083
165,20,n11,0.21031658132658568,0.022191025892849332,49.91312047212653
165,20,n12,0.186347569487409,0.032989497568297575,49.577323734605656
165,20,n13,0.27045096743748875,0.05395901718085371,50.027066219988235
165,20,n14,0.2062582345993315,0.034230697151703904,43.685641586761015
166,20,n00,0.79451877696227,0.06724608940626851,107.9273163729521
166,20,n01,0.6728604500757487,0.09534121064715224,119.49013912305585
166,20,n02,0.7555167210811721,0.0672393399915159,93.15421420307116
166,20,n03,0.7770042180541065,0.06582186067326817,115.5790859711029
166,20,n04,0.6871499032235795,0.06214649705625589,101.18450362714286
166,20,n05,0.7103468991052007,0.09006801678316612,109.96151673414822
166,20,n06,0.6842744787587232,0.07377577261953329,118.92419117436962
166,20,n07,0.6657012351374128,0.07275214837811435,109.04127357344139
166,20,n08,0.7062136294809876,0.07081233573133663,107.27511182695807
166,20,n09,0.6930728922453306,0.06708607071065657,103.44594265921907
166,20,n10,0.7333672718846437,0.10647332997277893,116.17712533639539
166,20,n11,0.6449137390515839,0.08778958789943372,114.27172367946864
166,20,n12,0.6433186147099723,0.06908614370271507,119.82112005674583
166,20,n13,0.767118939658303,0.09482496583542227,102.8582817514058
166,20,n14,0.7534160448656521,0.08676371478883571,104.83928186279876
167,20,n00,0.7124358752195011,0.08734755483319867,116.90080656978006
167,20,n01,0.6771809200445188,0.07487994372789374,114.2387818289335
167,20,n02,0.6959469350328884,0.05872637402692854,103.59439424502604
167,20,n03,0.8393009975993521,0.07266857160737887,103.68432058143846
167,20,n04,0.6540643558330688,0.08340398794606592,103.7675411684459
167,20,n05,0.8080456977814572,0.09188835231601873,118.34605212337188
167,20,n06,0.7090975301946735,0.07017636527328813,100.7341642586456
167,20,n07,0.7261554198669633,0.09557354476359667,109.61544749615314
167,20,n08,0.6127999249882894,0.06288095580133068,106.13691805406197
167,20,n09,0.7176370617921254,0.088462262114173,103.63865316701958
167,20,n10,0.7066639263739004,0.08346916685099319,115.70625988633783
167,20,n11,0.7980278922127066,0.07529341228534041,117.50434369951253
167,20,n12,0.6895365418670463,0.08037824997132491,130.75115532551177
167,20,n13,0.7422471176615826,0.09372707195322928,112.28379779158601
167,20,n14,0.6476292561356054,0.08584522726448864,105.36317493145474
168,21,n00,0.6791605355531446,0.08694949681920598,125.1963999099863
168,21,n01,0.7093801437842149,0.08419158160049008,108.2128778682947
168,21,n02,0.7436311270623305,0.05551153984686934,113.41228898184298
168,21,n03,0.7224014932999093,0.07207563499880525,105.7649245573364
168,21,n04,0.7184451115835534,0.11633898975543465,114.51004827718997
168,21,n05,0.7135355415625315,0.06710048147778404,99.55371354390758
168,21,n06,0.7339035287075026,0.08725951549725039,118.58839844449815
168,21,n07,0.7036549978989578,0.07518156231965689,109.37936730474952
168,21,n08,0.6923211469762983,0.07814208871366211,105.91020878193959
168,21,n09,0.69395913613885,0.09446103802378213,109.81262510122582
168,21,n10,0.7841021352740295,0.06583252042723511,108.61987305902247
168,21,n11,0.7480105252037761,0.07716707063476229,105.17405886423222
168,21,n12,0.689889891838331,0.06604001704410271,120.81409420973219
168,21,n13,0.6978368157791119,0.07371812338706821,118.82682867886422
168,21,n14,0.7262788511853638,0.0920793289054991,111.13838480952694
168,21,n15,0.7910337755503445,0.0925854104479698,95.15136800779572
168,21,n16,0.6648151412145732,0.0985206806680353,89.6981919588658
168,21,n17,0.7372648797224126,0.06755622399210415,114.34010178707453
169,21,n00,0.8093626588670986,0.06297643744876444,111.58133498261208
169,21,n01,0.7802641371294003,0.06910172255435527,99.53964084423215
169,21,n02,0.684615039274337,0.10009781390665683,111.696900891184
169,21,n03,0.755037578610858,0.08837596636291156,124.14356182635746
169,21,n04,0.618343995941975,0.06416224287762909,110.9254868876602
169,21,n05,0.7194846209694022,0.09931769784875716,115.55315476507599
169,21,n06,0.7598835298476516,0.08779802394350175,95.64052018160075
169,21,n07,0.7747396816833019,0.07654617284749712,118.0585343364777
169,21,n08,0.7120881720458784,0.07922821697286926,117.58579149833595
169,21,n09,0.7934352673216614,0.09091202647231444,91.49973401316848
169,21,n10,0.7322535867621331,0.09319065482863895,97.47996972012784
169,21,n11,0.6745584401203869,0.06762592401669283,114.22914423441324
169,21,n12,0.7293466856644482,0.07073145242222925,113.13203914801511
169,21,n13,0.7561967912554185,0.0834672806678088,101.91113504033514
169,21,n14,0.8175468606027243,0.08637377834901802,108.62178602431203
169,21,n15,0.7664159879892493,0.060999322517580085,123.64165589958968
169,21,n16,0.6162228944610588,0.08663519923320168,113.45970964379529
169,21,n17,0.6800108105687039,0.07904399675210902,106.20393655114694
170,21,n00,0.1745124289919655,0.0,38.62805590246236
170,21,n01,0.19531177746003894,0.002959360857708041,37.208131226883616
170,21,n02,0.21298833140830326,0.02300107321955456,36.03528845753612
170,21,n03,0.31208258428948554,0.025660024010565545,45.256529995437496
170,21,n04,0.2887356163026284,0.02958251771393458,39.68047010256384
170,21,n05,0.16738180256035154,0.04237552912622877,40.699323089915985
170,21,n06,0.3256220537283422,0.03330924824649196,40.92359139680105
170,21,n07,0.24617207480170367,0.016768629176884015,50.19127835800058
170,21,n08,0.2631702314879017,0.030094878130544032,36.78672696345202
170,21,n09,0.30148947361704825,0.01929085978244762,51.34872170858538
170,21,n10,0.3242064862009929,0.02597512341649849,49.02011315757452
170,21,n11,0.23125920715477497,0.023327110919849868,47.19881976547518
170,21,n12,0.1788659253176993,0.039649363528923905,50.32840782812199
170,21,n13,0.19355865172728368,0.018987465900016116,54.450586625986105
170,21,n14,0.23475679478558073,0.01609403410593297,47.43639487584966
170,21,n15,0.22967767869577518,0.02335858039945581,37.98819545766803
170,21,n16,0.19453214167223293,0.01816557578596079,51.58437768674105
170,21,n17,0.19394117913604422,0.02475661767064309,44.983944561627276
171,21,n00,0.2513290650973481,0.03006002975619433,37.26222778830052
171,21,n01,0.2652533555956777,0.03541098771868857,56.29771248246962
171,21,n02,0.23168276303766955,0.015236528451881703,49.465671261683944
171,21,n03,0.24774708419995442,0.027308094907240447,45.789978585207855
171,21,n04,0.24804558400490576,0.030124530262395754,51.03790821057867
171,21,n05,0.31869748924129504,0.04123769406486599,34.261290575730804
171,21,n06,0.23221791305789907,0.023695353372132806,31.23305379670416
171,21,n07,0.19921702935485353,0.011368413718202745,47.44594842498584
171,21,n08,0.28547153982828166,0.03908811545524406,43.17657921231999
171,21,n09,0.26347500958686476,0.045540040125313715,50.7243963597373
171,21,n10,0.22069494942395784,0.03593998101998744,41.54325012339941
171,21,n11,0.3023209662905304,0.019867877221683122,48.19280093156644
171,21,n12,0.2881771142812918,0.024637703777663188,49.032159562649106
171,21,n13,0.34061031892071697,0.032849739094358475,64.54852040416586
171,21,n14,0.18234231687469826,0.031100010341149096,31.186413296307236
171,21,n15,0.32397977616672446,0.04577115976558352,47.82589242937853
171,21,n16,0.17890150957235784,0.012876117457705335,29.88454685600754
171,21,n17,0.3063595048030664,0.03692152323097373,35.71329134996037
172,21,n00,0.31062140712152203,0.03884066770329303,48.88256418465323
172,21,n01,0.24426550353131363,0.021732885386816336,52.87277674423337
172,21,n02,0.23337464726326707,0.015389360866573564,46.89434721181007
172,21,n03,0.1926801703816518,0.041047167865928255,49.805536216538485
172,21,n04,0.2524061200354965,0.027847395410520975,35.45605995249165
172,21,n05,0.25520177330219773,0.026056794064739243,48.258983645394075
172,21,n06,0.2699789531094148,0.029155215599936425,47.202899889981005
172,21,n07,0.33515044360391627,0.01718197087462399,43.972338415281385
172,21,n08,0.31765392646922275,0.028304788457482438,48.817343519638314
172,21,n09,0.2609127410405831,0.02013741938890366,41.25711332599027
172,21,n10,0.24337061996172407,0.03927448780800837,41.9901761107982
172,21,n11,0.272400894687326,0.01998774219118476,38.14656114589593
172,21,n12,0.2782932590242973,0.03383339883275359,36.60924256206458
172,21,n13,0.32311233322859395,0.02421477263212366,42.689288617556784
172,21,n14,0.25094512516346523,0.024345504517411527,49.267957194686126
172,21,n15,0.24506325037696086,0.007631046654478578,34.08425141527948
172,21,n16,0.29625814976740417,0.020013811346581676,43.19046410324416
172,21,n17,0.2665410701212556,0.0374905013903604,50.936358066102066
173,21,n00,0.21773305263842674,0.025508192679913146,47.38452088207418
173,21,n01,0.2127224248153549,0.03218352527258919,58.80316565042517
173,21,n02,0.2060158115185851,0.023563770099207744,55.58160180246257
173,21,n03,0.1901674898810516,0.003460335786162519,41.92903064896784
173,21,n04,0.21973362161945906,0.04113925601580168,38.91823064490892
173,21,n05,0.2854678737644584,0.020672860166176497,42.479800545005155
173,21,n06,0.2969618895596231,0.021760797348627233,37.64848087408593
173,21,n07,0.22202533443835795,0.02951164896692163,54.96713576470521
173,21,n08,0.2471200472606542,0.028548683409788653,47.080986834947915
173,21,n09,0.26091068811525375,0.026613748883918997,23.618902731916805
173,21,n10,0.22637158736241855,0.04863533432765418,52.861347527932544
173,21,n11,0.28659467906582364,0.026718450046333348,49.27286371628826
173,21,n12,0.26247314887904755,0.019372181553198357,67.10236086033278
173,21,n13,0.30300022801453347,0.025725181941630614,34.8234933270134
173,21,n14,0.22552163096228112,0.01835994435896507,42.411295804113934
173,21,n15,0.2565153391696842,0.035721421551750614,50.2373799525157
173,21,n16,0.20413965724116842,0.03730872343406589,49.973336152541236
173,21,n17,0.22985526248900343,0.017331508347086133,61.40439216893725
174,21,n00,0.20782371919469303,0.01927935544484538,42.092488606734015
174,21,n01,0.30675200017073045,0.03299099537549273,47.230009720988626
174,21,n02,0.27514418197730356,0.016073234621003234,48.621979689431924
174,21,n03,0.33096103627492474,0.010640824007256078,59.416050221215365
174,21,n04,0.2607424193068046,0.024731067446486656,50.13162082233373
174,21,n05,0.18632382295101785,0.02869602501910549,45.1657153346824
174,21,n06,0.30094288849684603,0.020809718966386764,46.28718404331686
174,21,n07,0.17915169437798284,0.016692720614700132,39.78883537351754
174,21,n08,0.1737945597123301,0.019360900309265495,59.73945145459092
174,21,n09,0.2393773072452464,0.034351185466317,31.739595699131897
174,21,n10,0.2566818116960322,0.017711133471918016,43.227296203602215
174,21,n11,0.2424192780456744,0.033129664896214196,38.43782683493009
174,21,n12,0.2631109695605323,0.018750276993201937,38.541894923209604
174,21,n13,0.22245241065272467,0.0235193795396322,51.79827539912591
174,21,n14,0.18885592636393755,0.025931454859340432,38.05439144156136
174,21,n15,0.2884402621227369,0.04524406546598706,46.740540044747654
174,21,n16,0.30517574540514525,0.049133277866561326,31.528115794432367
174,21,n17,0.18360468314113415,0.020954293364353265,33.15321783336285
175,21,n00,0.2561528442017487,0.019282374036303906,37.07476890889862
175,21,n01,0.283048127384111,0.02311315368434237,46.38796113118213
175,21,n02,0.30274692622405497,0.029503783739305976,46.87703445004989
175,21,n03,0.21655713650981231,0.018318361356111375,38.361302879045105
175,21,n04,0.2635983110876112,0.05359355912665592,56.98013271170473
175,21,n05,0.19785075207165395,0.031013505405323844,57.80578830704127
175,21,n06,0.297975403230663,0.043888975866441624,45.156951269913364
175,21,n07,0.2812413081534416,0.044292039619697916,37.745532794643374
175,21,n08,0.24960549326950252,0.019989954680466444,52.05823079453381
175,21,n09,0.2723340785689569,0.026519160021549255,46.295389353428305
175,21,n10,0.27737529762095176,0.03187791847630789,43.49033173555683
175,21,n11,0.29552231648820887,0.050076480205657636,56.01757405542516
175,21,n12,0.25383671831754284,0.007387994295768075,51.051348108070556
175,21,n13,0.2156056718110649,0.026689501569195816,38.16532327919674
175,21,n14,0.2562330324125834,0.026547197835970416,54.914682304775546
175,21,n15,0.19579237325116366,0.03025150739784702,37.44405693209906
175,21,n16,0.1834289474527459,0.02576028518265494,64.47582415046793
175,21,n17,0.2379267433040174,0.027913938759622746,41.92859265901176
176,22,n00,0.283176713997721,0.01573414660089098,49.06138844267949
176,22,n01,0.21454121985130206,0.032004277054186445,50.14555782577503
176,22,n02,0.2735822983152368,0.04099305601712221,40.13591168415368
176,22,n03,0.21334610467868775,0.0414212585468316,51.16893324902142
176,22,n04,0.3007886989349393,0.026383115983412506,52.11352619865042
176,22,n05,0.30904163166595155,0.03589837778703339,39.29834533301451
176,22,n06,0.2839782262585554,0.023384959643061604,44.89173768680492
176,22,n07,0.3193890532080057,0.01785545262100474,47.431208664884565
176,22,n08,0.2448720929568987,0.035627373691960076,48.10197194821676
176,22,n09,0.31442458101083776,0.03623121974784244,44.874424287389985
176,22,n10,0.23622277460162455,0.03190806347089645,44.24955172332157
176,22,n11,0.2381240466636276,0.03907242851662188,49.67247200031247
176,22,n12,0.21356560611573608,0.023410942807514767,42.841900132304474
176,22,n13,0.25693190085125134,0.03937400306019848,37.45256908972692
176,22,n14,0.32285658438803205,0.018921662859435803,35.469110453559566
177,22,n00,0.7884774326261218,0.07470042511469206,114.29195202259862
177,22,n01,0.6311645385159153,0.08975751774754821,119.61282369525964
177,22,n02,0.7204823112171425,0.08386999769451352,129.89877927083913
177,22,n03,0.7735726883767823,0.07978788650060112,98.781380689928
177,22,n04,0.7682549439065615,0.07166711866925463,118.99283483026717
177,22,n05,0.7578499908706727,0.0834837070666648,119.55272593843914
177,22,n06,0.7585415603558135,0.07137001284315482,109.09851442076763
177,22,n07,0.6417317294610034,0.07079664296515599,107.51533905518247
177,22,n08,0.7234527641467859,0.08205625378153593,110.70133759283306
177,22,n09,0.7377242383338097,0.09352719041121836,119.63689112948863
177,22,n10,0.6950307004328938,0.06410039585114924,117.03140975213852
177,22,n11,0.7116834020361914,0.07870706570067855,95.48128883383157
177,22,n12,0.7326719951941894,0.07053098742780957,124.54566536402481
177,22,n13,0.731469789705641,0.07015859817185105,109.77694289964346
177,22,n14,0.7375328565863866,0.0598403415602064,114.1231273079451
178,22,n00,0.19397274509609014,0.023193251381032953,49.4224210503791
178,22,n01,0.32820611086818596,0.0410313682094704,51.00404032929848
178,22,n02,0.2748482215522868,0.04074071686655561,50.090353262021544
178,22,n03,0.3002310193439001,0.03487114118683775,45.185837861535454
178,22,n04,0.23606304398563296,0.033520114334284104,44.42183349534423
178,22,n05,0.3027392199383937,0.02610102210163096,43.00157688947534
178,22,n06,0.18670074932302513,0.01589896690399474,46.70964914024693
178,22,n07,0.2780698907116309,0.03608692869542911,28.209226846380144
178,22,n08,0.21098236321493447,0.035713829013416035,46.97688146446448
178,22,n09,0.21703882792130896,0.02811321775569431,51.62472307916171
178,22,n10,0.31185471280292,0.03315719396201295,31.363971905560582
178,22,n11,0.23741668310105093,0.03335879686390077,43.99975862916492
178,22,n12,0.2200800720475764,0.048502693975478156,54.20542580089474
178,22,n13,0.3175176101773625,0.026699014073746634,43.107509210948095
178,22,n14,0.20942834654105702,0.029264481544317374,36.1578976195123
179,22,n00,0.3102666414583813,0.019219753378783483,45.23083991767257
179,22,n01,0.24737955756420227,0.03624912962541209,47.859109095134926
179,22,n02,0.26010542560530875,0.04639502369638608,41.14752069166596
179,22,n03,0.24688090995172052,0.02532134680351743,52.73107364265039
179,22,n04,0.25357884681936954,0.04914268480192484,43.297104674152635
179,22,n05,0.17253946736797077,0.0229630970712519,38.652871800423114
179,22,n06,0.2645771600304095,0.03119764940176366,43.71783389918269
179,22,n07,0.2589511539758226,0.04223852291379951,53.157820451237924
179,22,n08,0.2254147569153885,0.02325158185319433,50.45856764857976
179,22,n09,0.24770059654204532,0.031117703051190267,43.7788194765791
179,22,n10,0.30005036704405635,0.03441541691395069,48.6839738085362
179,22,n11,0.2742441382564569,0.035850178168039606,53.3033790109714
179,22,n12,0.21744736147885702,0.032491457811026546,54.54288530527787
179,22,n13,0.213175101615719,0.03525931178933473,51.639885058276384
179,22,n14,0.16248712926388814,0.03224578659846252,32.73230317190031
180,22,n00,0.2747699648300734,0.0019020750515235836,47.52867869947399
180,22,n01,0.21010124787990192,0.024521009424592427,44.201250193452246
180,22,n02,0.19747736659465645,0.004809118637549504,52.559476750012095
180,22,n03,0.2896686223774752,0.038676244431642894,51.98347525012414
180,22,n04,0.17219400675906532,0.04833669106902033,61.057619245968326
180,22,n05,0.32483169215185514,0.03239410469239148,41.01854838236075
180,22,n06,0.2963518254707365,0.04445770763957045,30.87150614697277
180,22,n07,0.2447410898887135,0.04304217064658492,39.08552181068963
180,22,n08,0.2088732107186077,0.04264692214486074,36.1707583852357
180,22,n09,0.24186209038789422,0.03385274717479454,51.383285123587015
180,22,n10,0.2584556966700229,0.007607376596303329,38.54047378622551
180,22,n11,0.316419220949717,0.01701666250112965,27.790228604427814
180,22,n12,0.17805647272065062,0.03102228839971153,36.81729241749029
180,22,n13,0.3214441107321083,0.0260635200149648,57.66077654527497
180,22,n14,0.29934895339856576,0.03139136778057437,48.64899724461367
181,22,n00,0.7300806174704849,0.08727016159615225,101.47665857176779
181,22,n01,0.7251653335307886,0.09994842610030266,104.96229084213518
181,22,n02,0.7519609373536198,0.08611833541516739,114.30089688421079
181,22,n03,0.7462771888551318,0.08833226416241016,110.48817167004334
181,22,n04,0.7112716427316567,0.09856731694916608,109.5377259343649
181,22,n05,0.7058346394599005,0.09004992280572273,101.18963833129193
181,22,n06,0.6858423548643655,0.06142601411770284,117.14691568653551
181,22,n07,0.6895335362948349,0.08914402891306827,101.44885470828777
181,22,n08,0.7615277305895545,0.08450726356310967,99.10549509390844
181,22,n09,0.6450308489844279,0.0845314434377798,107.88796487302916
181,22,n10,0.7246894436393483,0.05957297491109867,110.98146308813622
181,22,n11,0.7856675704721009,0.09139370234953985,117.36862903110446
181,22,n12,0.7368652114224281,0.09579650007182554,98.39237645960296
181,22,n13,0.7138013401013661,0.06705828834959435,106.32833209746379
181,22,n14,0.7123489126826793,0.07628864834868748,107.5458666766714
182,22,n00,0.7838546887183251,0.08799937886285449,119.98980128515134
182,22,n01,0.7694448465317565,0.0916426812455041,104.3136316905238
182,22,n02,0.7322338545681382,0.07205667562661888,116.28991149568844
182,22,n03,0.7973598927967293,0.09758847373183896,105.70487369431532
182,22,n04,0.7281872687269622,0.06817179668444545,108.45060551628599
182,22,n05,0.82328993702967,0.09263284402009532,125.95851233342573
182,22,n06,0.8090077196900709,0.10171465037980383,114.40836242590973
182,22,n07,0.6964235523853278,0.09055775704388824,118.61547347466923
182,22,n08,0.7397411248307935,0.09445392055180599,96.40971737292541
182,22,n09,0.7520722516196304,0.0887513105868575,118.62853004864537
182,22,n10,0.7505351915248919,0.10399762153429598,104.846699191989
182,22,n11,0.8051556216836669,0.09463978439270133,106.11024223618581
182,22,n12,0.7798343410202982,0.06956969224009021,108.65902778049184
182,22,n13,0.7745537806150451,0.08583176903268461,107.68506429658073
182,22,n14,0.7814243939445962,0.09234736228235672,104.75236751083432
183,22,n00,0.6745672960025997,0.08732302663592334,116.35816307155376
183,22,n01,0.6865918000752854,0.09935725273877598,111.3431910358948
183,22,n02,0.6155586623041089,0.09163513016135685,99.71974970793066
183,22,n03,0.7902636130482945,0.05849236546826524,109.03327514417772
183,22,n04,0.6721534343451875,0.08787748193107536,119.11310225128747
183,22,n05,0.7276799808305437,0.06984474142941184,115.96951563718066
183,22,n06,0.7534746817440884,0.07428690914631911,125.59146404773145
183,22,n07,0.8186278812033851,0.08227571800382616,116.07852730210462
183,22,n08,0.7965520250612046,0.06422647615880948,104.30162807928879
183,22,n09,0.699264132575694,0.08497146522446195,109.90200691289071
183,22,n10,0.6522071871072461,0.08646831259379163,103.73964495065178
183,22,n11,0.7199391032688658,0.07755875568587048,106.23325725540315
183,22,n12,0.7801762411537542,0.07885790005498343,106.50771919637275
183,22,n13,0.7175339781526919,0.06099086373214528,95.58863399731973
183,22,n14,0.6482626513941075,0.07817007959062897,109.78400348967742
184,23,n00,0.7437239530730918,0.059301538385356393,125.2589691674008
184,23,n01,0.693721127013194,0.07721928586409309,113.40744286905287
184,23,n02,0.7294315849473264,0.06512804948264286,100.50114846899642
184,23,n03,0.6732525250328775,0.08734969746653067,114.82186576123655
184,23,n04,0.72082320507907,0.08789013253466367,116.09524830971768
184,23,n05,0.7232540806321497,0.06463976920261853,120.16767357246633
184,23,n06,0.7343209759256067,0.09897960409089024,105.89530061521546
184,23,n07,0.7321528841785302,0.06319626376883042,116.61305466454401
184,23,n08,0.6510248545821196,0.08859442503605132,103.43134464995639
184,23,n09,0.7295751675413018,0.0843301271571081,104.24124228042584
184,23,n10,0.7957397622779039,0.07717369043082596,94.4701937479701
184,23,n11,0.7308540312532132,0.07764484581069338,113.80868831632269
184,23,n12,0.8345681705747686,0.06866621601062328,118.43489472789011
184,23,n13,0.676263065511889,0.08077859147284075,107.52797983860269
184,23,n14,0.7202547427535521,0.07961801598733122,118.22187013981564
184,23,n15,0.7520528199898358,0.058321631584067626,117.11053381336589
184,23,n16,0.7711285452933085,0.09051160606153165,115.8113333561683
184,23,n17,0.6939220041289976,0.07028371300441459,98.31550755630698
185,23,n00,0.7980756043999458,0.0865319928769686,117.76100961737194
185,23,n01,0.7207521295469569,0.06542511169129694,104.1821874082576
185,23,n02,0.7066428336506588,0.08897688524636332,110.51584027148186
185,23,n03,0.7660216361332999,0.0932141411813053,106.27020877970153
185,23,n04,0.6965759043220913,0.08635587522320805,114.78911021214465
185,23,n05,0.7441186282742803,0.08068274753058047,105.63075269088161
185,23,n06,0.6706784909195922,0.09149131603160547,113.16440626648361
185,23,n07,0.6387942193777222,0.06893224271675685,114.00442409327832
185,23,n08,0.7066940392662627,0.09313838001653404,116.08722907092476
185,23,n09,0.6794642690580163,0.08480388498756108,103.74079490465981
185,23,n10,0.707699692899641,0.051970394642630466,94.88663756099953
185,23,n11,0.6940799816869386,0.08619864021693402,104.73465849761538
185,23,n12,0.7044012306853094,0.07350390770650211,118.56392336268249
185,23,n13,0.7489606746004335,0.06203720258213341,105.61472918872153
185,23,n14,0.7368004545810127,0.07828263965740152,110.5266892040865
185,23,n15,0.683527516465379,0.07724452772610739,97.31573415133593
185,23,n16,0.6696833328285909,0.07145898636367942,106.24484716730805
185,23,n17,0.7464304745468164,0.08593050174864576,105.24674960161435
186,23,n00,0.7200269678166726,0.07907828642663715,119.95973449217684
186,23,n01,0.838578337447264,0.07441159808400655,106.13995957395194
186,23,n02,0.724149608741467,0.08530343878257944,114.02020509359015
186,23,n03,0.6733579654005393,0.08709184627084672,111.2111271244222
186,23,n04,0.7018266529715269,0.0802425160604465,117.09160584546851
186,23,n05,0.6521505519063167,0.0977127178918522,103.71165664367092
186,23,n06,0.8017378829692506,0.09774704224355028,105.33235814887364
186,23,n07,0.7034697488950381,0.0759863711651055,113.46678202257547
186,23,n08,0.7277044017204393,0.0844044906782926,112.52094120903418
186,23,n09,0.7428901009033124,0.0765447528862325,107.25303585623247
186,23,n10,0.7346946127772545,0.05978177304158338,111.09989127287693
186,23,n11,0.7795883889439956,0.09065678064506613,113.69308556741011
186,23,n12,0.6923404530648116,0.06760383874202167,113.54244259631677
186,23,n13,0.7129370099515989,0.06647132546443112,117.1186486259945
186,23,n14,0.7577283967321093,0.0846478829767472,108.54437419179997
186,23,n15,0.7142256233284364,0.08500996125450788,120.88003321119221
186,23,n16,0.7901910269554625,0.08010753119801531,103.40143015028227
186,23,n17,0.7052967048057468,0.06799675154905241,100.39139872470956
187,23,n00,0.23450573834157706,0.02430516746357657,45.00463274888754
187,23,n01,0.2482432051413087,0.026922235268575442,34.99466262492872
187,23,n02,0.2105017577891959,0.02654234192878747,39.48435949507864
187,23,n03,0.3162163031545661,0.033309956648627195,34.470289781797426
187,23,n04,0.24235721778256686,0.02667116917344151,37.83868103853806
187,23,n05,0.20036057274393768,0.023309679782285753,41.778264187022
187,23,n06,0.2671918462836439,0.014480774503031976,40.815160312948976
187,23,n07,0.34001686453768926,0.023434084357562363,45.53710198691956
187,23,n08,0.22134062162216203,0.023019439734800622,45.084271166826774
187,23,n09,0.165587123481664,0.03076217182540778,46.3439668086691
187,23,n10,0.18973092919426388,0.024827926705583075,59.32761460036931
187,23,n11,0.20886484216041312,0.05055312205017698,46.9791990224458
187,23,n12,0.2873630666921379,0.06794891514953055,42.325664127027586
187,23,n13,0.32003078629794435,0.033081992657132984,54.83068105499666
187,23,n14,0.21039695618303722,0.051173381021610544,55.57006194797239
187,23,n15,0.2502020141452741,0.019990308668957325,40.76644103434564
187,23,n16,0.29491183109473085,0.014415856309648227,30.90156438903754
187,23,n17,0.22987146168222822,0.02982923001764549,38.405159961949394
188,23,n00,0.7466353122505267,0.08599801898822601,123.13306532379846
188,23,n01,0.7821365097408689,0.07219821515607018,108.12245698936921
188,23,n02,0.7562771199252026,0.0823208054771582,111.23194010674109
188,23,n03,0.7069717511419722,0.10421984432804889,107.89974915245838
188,23,n04,0.8008883455792849,0.0933394854032701,103.52557262308102
188,23,n05,0.6601130903122758,0.0769270788828056,104.4765054052398
188,23,n06,0.6906322191116733,0.0577923872205706,99.49734839979517
188,23,n07,0.7650890818788136,0.07953802403792426,103.01594487616534
188,23,n08,0.690281275089507,0.08117251686659475,113.82995726627063
188,23,n09,0.6757240465392695,0.07085316171150922,124.08599698986069
188,23,n10,0.7171433097870437,0.08789226404589001,122.24526246587774
188,23,n11,0.7058633155795551,0.09033685968919418,131.11830590108318
188,23,n12,0.6789284082631452,0.07662630694501321,110.61212728429135
188,23,n13,0.8175952497322948,0.07103567581538299,108.47049650150235
188,23,n14,0.7070252868600012,0.07597556547178086,113.163467177564
188,23,n15,0.6748370802132562,0.08981781663788387,118.36801862944793
188,23,n16,0.6861086164959463,0.08658482070356423,107.2921027952994
188,23,n17,0.6684009446577515,0.07565628607164301,118.38489199369894
189,23,n00,0.2839553841261207,0.04132287324041688,40.41836406352691
189,23,n01,0.20976434397124338,0.020958609885624393,41.9127849962686
189,23,n02,0.2701622464023653,0.028403177504247243,49.98532399545139
189,23,n03,0.2216421441289629,0.02401053786530819,45.33298478098763
189,23,n04,0.288273059420905,0.02758570733662434,33.44579590408515
189,23,n05,0.25010732994708795,0.04104257718205583,36.55304974633859
189,23,n06,0.31698872601742256,0.02904820183004937,41.94042071093686
189,23,n07,0.16636950847926674,0.031260635927988854,33.727027198972806
189,23,n08,0.29100320315449857,0.03882617567345785,38.51572757118936
189,23,n09,0.21714643034793946,0.03085048153276694,43.104121695313836
189,23,n10,0.1744004464039821,0.020748707522146984,57.05641591847601
189,23,n11,0.20611384761337614,0.034926982493094415,39.266636216782395
189,23,n12,0.2360061816645999,0.03297823887821982,56.32297587418112
189,23,n13,0.33999087878240014,0.037812294203814635,45.037374445275724
189,23,n14,0.29265690706688735,0.022354717105210038,41.93879115300866
189,23,n15,0.3044418622063159,0.029576845682590256,42.57514768021137
189,23,n16,0.20912827787596788,0.024362056591586058,46.41467936207881
189,23,n17,0.17076393602920842,0.0288079698489764,30.407331358435954
190,23,n00,0.24099448363370018,0.042592766993032445,45.85931870583093
190,23,n01,0.23919488087913857,0.02830537997623129,45.22084983844252
190,23,n02,0.20797667999980646,0.03060056211169539,55.26232369396547
190,23,n03,0.24719296270956154,0.03751635466578595,57.82701877273166
190,23,n04,0.2709089255827418,0.021135059742186324,37.65434185916572
190,23,n05,0.2110838481012447,0.04066727969031402,52.95847269378123
190,23,n06,0.20335937288631747,0.051072130394066564,47.290972830868576
190,23,n07,0.248288692091737,0.022554570587595198,46.533212581763806
190,23,n08,0.24738823997148054,0.023665591550885563,25.35248235131761
190,23,n09,0.15284201746714482,0.045464024265280664,44.78846765551927
190,23,n10,0.2677306620314636,0.04684889020149013,34.80057805869106
190,23,n11,0.21548356156017634,0.024590909505123548,49.060004370793166
190,23,n12,0.22461987850701806,0.052382999017505906,37.00748829603438
190,23,n13,0.2067556120068083,0.026863734029490004,52.577614836107344
190,23,n14,0.2805231626754302,0.025243121826226636,37.893786918335316
190,23,n15,0.18776490439345975,0.02386382857118592,45.6076127645138
190,23,n16,0.2339448882493536,0.009988444140043313,42.684999848394035
190,23,n17,0.20340648007671286,0.007147314836564132,47.5449099484991
191,23,n00,0.2541856173402651,0.033326501795605465,33.089075341606886
191,23,n01,0.20497986896351014,0.027906585470732565,54.632320968998975
191,23,n02,0.2564106248720367,0.029884094360924714,51.175289319524126
191,23,n03,0.1727538197948421,0.02727496717227433,49.37032885117643
191,23,n04,0.12102741196370742,0.029680276154660852,44.818548917302856
191,23,n05,0.22734692335173962,0.02626457509012232,47.98109504933111
191,23,n06,0.27026673131540724,0.04052245150172652,55.185181535944714
191,23,n07,0.26859852854722754,0.02941051178584207,52.32801360427851
191,23,n08,0.30027249493473285,0.035110522028258706,37.17321927544034
191,23,n09,0.2076162712165934,0.029546352511973604,46.22978138031813
191,23,n10,0.22645640358689167,0.026993073285983868,53.072507285908564
191,23,n11,0.31444437276967463,0.022419698948981298,55.35617707869411
191,23,n12,0.2609170477953234,0.012336983261545732,42.605401845785586
191,23,n13,0.22333333659852705,0.024070583433946215,46.09713278526655
191,23,n14,0.2260486780150336,0.04986734803794432,48.187261990168025
191,23,n15,0.22722915014619754,0.02435319478534273,32.47101115304026
191,23,n16,0.1494031303573599,0.03201696971482961,33.66091884128356
191,23,n17,0.2078641907151561,0.033531150614269936,46.1264694154715
192,24,n00,0.6973442801392277,0.08833351847525582,110.67595590535433
192,24,n01,0.740122263186781,0.08532027226008665,105.25186756471446
192,24,n02,0.7280986235616156,0.08622871273285967,108.53464601929882
192,24,n03,0.7582002799989807,0.07007367107366543,125.5869179469271
192,24,n04,0.7242199623189622,0.0813053780349647,106.88989902951275
192,24,n05,0.6700909536096489,0.07014356155447014,101.17321780365931
192,24,n06,0.7299676645418354,0.07661315073391067,105.05894430913631
192,24,n07,0.6605648358833378,0.07270362089683527,114.78789657162108
192,24,n08,0.7093600672125049,0.07743093947922988,123.53516696391485
192,24,n09,0.7160452584200642,0.09057305722525041,93.87191778659674
192,24,n10,0.6830972242304856,0.08861126744339928,110.75867154764602
192,24,n11,0.7944829970549667,0.07055104121548779,117.81863079209965
192,24,n12,0.6955682266330748,0.052813115255499456,107.28654167697032
193,24,n00,0.18790957930456775,0.03498728663012849,57.7274499133417
193,24,n01,0.21423883293763823,0.021784732744689013,50.62467167741016
193,24,n02,0.25452781117354994,0.020875304234238255,53.62061245148575
193,24,n03,0.3020183822447869,0.030937385607277202,53.726161527334064
193,24,n04,0.23131800888909296,0.040477629655276556,44.65198804127102
193,24,n05,0.24291403417395468,0.04392535393868227,41.21582585900371
193,24,n06,0.34586938403468004,0.02102381402598808,41.31760156720123
193,24,n07,0.20133920009677164,0.011771049908712111,48.93315984953516
193,24,n08,0.21830740701244772,0.04943555020662727,39.20766180543059
193,24,n09,0.23604410534482656,0.031973707293845195,38.019476839162806
193,24,n10,0.31265980614070954,0.019789522726494133,50.645716811688956
193,24,n11,0.2802414581197729,0.015397399710990082,38.73728758706553
193,24,n12,0.3191754099283194,0.0464614507957001,36.532481674714035
194,24,n00,0.7168820068439828,0.07131944958221165,103.00180833846565
194,24,n01,0.7062936117536005,0.08280907692748138,108.1937778239902
194,24,n02,0.7373438186415469,0.08948355701821874,100.14479373555406
194,24,n03,0.702175860158061,0.06834605449989224,112.31806653463526
194,24,n04,0.7865812427218218,0.08470230115295209,112.74205330272582
194,24,n05,0.764864264588576,0.07491435505700181,108.05456214102117
194,24,n06,0.7444692543647523,0.08266659235202027,105.0576837466553
194,24,n07,0.6789209949373405,0.054658533803706666,125.05694383180624
194,24,n08,0.7419449740161491,0.08560748454679343,109.39008085046967
194,24,n09,0.7088298435041599,0.053897850970942005,109.1668937856841
194,24,n10,0.718579694361363,0.09236363059380243,101.4837477183015
194,24,n11,0.7365578186310545,0.09226896118816798,120.13907794231537
194,24,n12,0.7489263696887699,0.06956899800021708,115.431901502008
195,24,n00,0.7570150317871706,0.07482669574935337,105.42900183156229
195,24,n01,0.7493439480190217,0.06339704078348615,103.85201160750971
195,24,n02,0.6700284722087744,0.06644776392732085,119.70980279029352
195,24,n03,0.611586479431494,0.07231564825432754,107.38343131766382
195,24,n04,0.6565824654506118,0.06367067901703796,108.49859434853653
195,24,n05,0.7725628467294541,0.06418203841283691,102.61064367454802
195,24,n06,0.7165572938379494,0.0917367552848596,108.42231790913159
195,24,n07,0.6640005952805941,0.07318053854562893,120.61876675481159
195,24,n08,0.68377625403068,0.12203818192833066,115.85810985752312
195,24,n09,0.8035115413225693,0.05947802301477451,107.16133436580549
195,24,n10,0.6367911642720576,0.08820776271269573,110.33257943131623
195,24,n11,0.7545776186310086,0.07873279557566937,103.20078313696075
195,24,n12,0.7109801977195935,0.08962686726843308,110.96563386831018
196,24,n00,0.2528670525363354,0.029690296271886726,40.33902279124816
196,24,n01,0.27952105412958445,0.02337235667396601,54.72800097763238
196,24,n02,0.15986485261940236,0.03067487030888683,36.78217347182678
196,24,n03,0.19500245716332926,0.02402702482150962,40.74207415224231
196,24,n04,0.2454971270973094,0.02238953013511184,36.51678102169504
196,24,n05,0.22451407472035653,0.028834784030721247,46.21011518810166
196,24,n06,0.2385463496291523,0.04547066376741622,56.1598539771299
196,24,n07,0.20818608231121574,0.01510795889756111,47.147986242563306
196,24,n08,0.2459325409382279,0.04194583339608285,47.56673279969749
196,24,n09,0.2794833790696051,0.03241508061654029,27.07187050305022
196,24,n10,0.29533941223872073,0.02676799460865289,48.847141236077434
196,24,n11,0.31862039325230496,0.029921069592813786,56.67996604424768
196,24,n12,0.25569018509646224,0.006148229221608681,42.04829655311468
197,24,n00,0.18536064099603772,0.026081877797297266,40.14930736274644
197,24,n01,0.2722725389390262,0.02426176464821834,38.532331995336364
197,24,n02,0.2704776974980674,0.03935122188381897,49.435202145864075
197,24,n03,0.2997917177570601,0.05083021886855576,45.85546839783179
197,24,n04,0.17415548023539085,0.012295311894000228,48.82450471204408
197,24,n05,0.2608028344724156,0.05109645396290764,47.41797026637558
197,24,n06,0.29054400888013043,0.03689458863375258,47.12189044108387
197,24,n07,0.28775465084402735,0.03995966518374837,39.62170757534643
197,24,n08,0.22113523673925836,0.026814959577163486,45.99157572806112
197,24,n09,0.22821826916389462,0.011264504092020958,58.13091005907076
197,24,n10,0.23042110205861233,0.0,42.10517892051549
197,24,n11,0.2417413860994244,0.03407969951494644,47.21115298567802
197,24,n12,0.273602888721392,0.03217820855710885,45.87018530578467
198,24,n00,0.7165292000559162,0.07246322808005771,112.13873301855439
198,24,n01,0.6974090621247622,0.0721827634410971,106.25470845559191
198,24,n02,0.700079536477043,0.1066396764604023,109.87228418970498
198,24,n03,0.7647814135365715,0.08124766783413193,95.18662740734327
198,24,n04,0.7125948802615567,0.06260786792869971,108.01401175835578
198,24,n05,0.7273639153837668,0.06313885952840029,103.14430670384012
198,24,n06,0.7086516297169464,0.07380291788231802,107.59432871553423
198,24,n07,0.7477228480596164,0.06945790800824823,113.20330305649959
198,24,n08,0.721045447637337,0.08501155262986257,103.58875718190059
198,24,n09,0.6723370708705645,0.07844067833299218,111.83310127688326
198,24,n10,0.710529690976394,0.08347099937536255,102.28596754568048
198,24,n11,0.7071725642461206,0.08628532937155908,128.16705791137207
198,24,n12,0.7145507595456637,0.079489027254606,118.37561140902118
199,24,n00,0.25890051627237426,0.029733551421125368,52.22821724144556
199,24,n01,0.2710540855462851,0.05137786118694854,35.78355098991667
199,24,n02,0.24954357721522394,0.021681796033016447,44.379940503106226
199,24,n03,0.2698935603914206,0.03770999791420024,46.46017743148036
199,24,n04,0.30444260115590804,0.03382304821554984,59.28273088167507
199,24,n05,0.28884751500332706,0.004532430983345322,36.66569599307691
199,24,n06,0.22630001164052113,0.021201095149105096,45.589727427196735
199,24,n07,0.27191985103698113,0.05040746605934211,42.029127232681645
199,24,n08,0.2054431100791359,0.018088376728145256,55.49906426656695
199,24,n09,0.20487907856263543,0.040659242606365206,47.79210019043755
199,24,n10,0.23889301948862895,0.02689107555168915,56.54045564944777
199,24,n11,0.32444365395991553,0.025050997026513165,41.31372732651441
199,24,n12,0.2804982975960866,0.028605930817886933,49.02273814612647
200,25,n00,0.2479720439559865,0.023811715113292553,40.72910840397331
200,25,n01,0.19597522969913436,0.01875983554428955,46.965156499227604
200,25,n02,0.22522177931217793,0.03149287055533424,50.47626601070705
200,25,n03,0.26216468248501235,0.030790957623167147,47.73701918260468
200,25,n04,0.2543843998545678,0.033177053428037895,52.709714085040694
200,25,n05,0.20805178881612685,0.044730452902079915,44.498777257681645
200,25,n06,0.27666869186475773,0.03394348336362598,45.997500676122336
200,25,n07,0.26059568177422654,0.02345799761336745,43.393891248159235
200,25,n08,0.2755090020674223,0.036462943844790104,53.632319831196035
200,25,n09,0.2310196713381945,0.039550655628324854,41.68737450695136
200,25,n10,0.23811780568591798,0.048676327530092,54.63851404981524
200,25,n11,0.2228864346978338,0.007147489809990051,40.264775074414466
200,25,n12,0.32567110013494055,0.025598032683512916,48.97382732076514
200,25,n13,0.2683240551382138,0.035196206563310135,44.127167499302885
200,25,n14,0.2821468616094569,0.03174221110133619,50.41111237782846
200,25,n15,0.2511148077804948,0.03357503772049301,47.16964254049195
201,25,n00,0.27524463384499,0.04428906339391459,53.36150359635388
201,25,n01,0.287696778232554,0.035970352300655185,51.784765707019986
201,25,n02,0.2673640833965125,0.008507588716598832,49.87259837085452
201,25,n03,0.27573695878368265,0.029897282310322026,50.05144669340541
201,25,n04,0.26642696108404756,0.033102388398356164,50.685490538893575
201,25,n05,0.30389326360002183,0.025656982697599074,56.205218228103206
201,25,n06,0.2717874129060617,0.028025049966230647,44.102170365996905
201,25,n07,0.1475209834871023,0.029216211440205114,40.1082099888954
201,25,n08,0.31721694221802516,0.028821303078789866,48.59856098571904
201,25,n09,0.242793894502616,0.04184745874255203,40.243829560642126
201,25,n10,0.33777587427468103,0.011540406096112031,51.69219642036425
201,25,n11,0.24849613991082414,0.034817643698806904,57.3905716261337
201,25,n12,0.2645758769765555,0.03134855885163593,62.26015271673447
201,25,n13,0.22248049645417675,0.035324472501981445,48.744543029653194
201,25,n14,0.26995493782352503,0.05128549175883177,39.50983017872065
201,25,n15,0.29836916756123727,0.04074922084346482,46.51539713364933
202,25,n00,0.1795219773498139,0.02456126925618199,44.4224230188886
202,25,n01,0.20230206053326683,0.029556446369551178,45.65335807957482
202,25,n02,0.2735576757889307,0.03824660386079821,46.5024583862548
202,25,n03,0.373375069555826,0.040276735776503175,40.246768761338785
202,25,n04,0.174380344084404,0.028633999809802694,31.307205646059806
202,25,n05,0.3706232720967193,0.00973396057390321,39.12203002451172
202,25,n06,0.2346730352635301,0.033226885110152274,41.52273817482147
202,25,n07,0.18511602758516554,0.04831432568007336,50.3395730332199
202,25,n08,0.15398253486983915,0.04924311079876668,44.60450641895843
202,25,n09,0.2365852588488218,0.03381301693881213,62.69424645326531
202,25,n10,0.2685150128088374,0.030861412140843154,46.10106589039464
202,25,n11,0.20486856877285226,0.0027807781523475524,37.74046543907495
202,25,n12,0.2061152285993783,0.02686279685991072,26.50457573551579
202,25,n13,0.25382713605211,0.011351450042046324,37.58301616230945
202,25,n14,0.2618326482023033,0.02963313107975907,34.04916702055516
202,25,n15,0.19234691939416554,0.03886228045730712,51.259641253361266
203,25,n00,0.7204122191515767,0.08538806351481572,106.76451398002999
203,25,n01,0.7480437463088758,0.07521210570904531,98.79535613680787
203,25,n02,0.6733285503684803,0.05641183675924556,100.01943683914314
203,25,n03,0.749823251320695,0.07250882407076815,103.57507265914921
203,25,n04,0.7598521296739592,0.0966920543410129,125.50463993389673
203,25,n05,0.6473105882840804,0.08385116058402038,113.2392323795188
203,25,n06,0.6737632145498034,0.09146942600570837,108.05832491353068
203,25,n07,0.715939047748381,0.10084843757561507,132.9175066519406
203,25,n08,0.7480821922138833,0.06532283162111101,107.0175210357251
203,25,n09,0.7455081079252407,0.08818655189568987,100.93222478976995
203,25,n10,0.7656555774410727,0.08551061251165497,105.35006852980077
203,25,n11,0.7808151304189341,0.08154530239213359,103.62496832913996
203,25,n12,0.6109619980374983,0.06673438290126003,114.46016482701584
203,25,n13,0.7729183385462606,0.05988445837841753,106.06340308759425
203,25,n14,0.8000968970393023,0.08314514262741038,105.8886219761429
203,25,n15,0.6919329132087979,0.08714445609164707,108.92544731301159
204,25,n00,0.23712908922896314,0.026085695898105648,48.418345296791465
204,25,n01,0.1947436093747729,0.0352791355885303,36.55846241284785
204,25,n02,0.24889222315575424,0.01255145575235414,48.713319559182125
204,25,n03,0.15787325770214253,0.028929265527569806,50.461360930780245
204,25,n04,0.20175551999017982,0.03227143146766044,48.69175685257777
204,25,n05,0.21144020459786741,0.019592940559033385,47.27406000582163
204,25,n06,0.340288036906022,0.03170995584722856,34.873762015851
204,25,n07,0.2886593200742372,0.039746445141079445,59.79730371350223
204,25,n08,0.1354174366870885,0.018809990534946325,23.528222669876815
204,25,n09,0.20770881975276878,0.027017966356456133,40.63312581850699
204,25,n10,0.2830257753084579,0.009484726799137685,41.90704697305466
204,25,n11,0.22384612381307112,0.033152332776889094,71.63955792478464
204,25,n12,0.2037619705683276,0.05048276709641293,35.46843917433595
204,25,n13,0.17372971418506444,0.03816206798629776,39.07142326747871
204,25,n14,0.16272445155147364,0.036310082685558444,44.96472671868983
204,25,n15,0.2707377074432341,0.01753122402404167,38.45923836380985
205,25,n00,0.22366232370397893,0.02741775931800275,54.83466855413043
205,25,n01,0.20613591865454078,0.03255374477546565,45.21692688454314
205,25,n02,0.189833023261264,0.029867430684417468,45.34468206304203
205,25,n03,0.2695613494372314,0.005704845581072,53.743589484481674
205,25,n04,0.20565800144210325,0.02390723185953005,40.91904079063147
205,25,n05,0.16873611850178905,0.03325740933499253,44.393156736736614
205,25,n06,0.3193447889222303,0.029950149142764105,61.67017140102959
205,25,n07,0.25577394786351954,0.020655732327290854,55.14774146082878
205,25,n08,0.2267695269171842,0.02564574404269932,44.91918676539227
205,25,n09,0.23599806511230356,0.0075719988206755795,48.03250068881389
205,25,n10,0.3363015097733506,0.03402476798314398,52.54710463954015
205,25,n11,0.2684371072854046,0.05348657448136087,50.58398650198603
205,25,n12,0.24927952428733344,0.03969260273076801,38.51615157372212
205,25,n13,0.22265924332272785,0.016158174257975354,36.54554865353955
205,25,n14,0.30249763753910114,0.0292163223388351,44.82075088558821
205,25,n15,0.27997310702753586,0.026785213304481432,43.78725997546952
206,25,n00,0.2308553352838934,0.03156959125644982,48.15957755226477
206,25,n01,0.2735965211336835,0.026960587089953792,59.39828147310537
206,25,n02,0.17646814531489907,0.022836894829487742,51.748887603425985
206,25,n03,0.192103650206385,0.03546680416689119,53.52345350467608
206,25,n04,0.18878031096890877,0.032323716126842525,46.196239329049924
206,25,n05,0.25702799109991104,0.02861358690764795,28.08289790627861
206,25,n06,0.26121966108572386,0.03858790287272866,57.451092142560825
206,25,n07,0.2528553987659126,0.015899370683329594,45.03478879109767
206,25,n08,0.16187634150293248,0.027011786367734,43.28040617449286
206,25,n09,0.2740205967032085,0.03741047016847968,48.88341945539873
206,25,n10,0.24655459900615687,0.03307907442242047,35.6219907589667
206,25,n11,0.2744220870731315,0.021285599971866923,42.71766969221066
206,25,n12,0.2613953351130497,0.02609664236629876,57.35522623330551
206,25,n13,0.20874160822042104,0.03946665345421327,29.655822259228085
206,25,n14,0.17518456746454786,0.022190306617650774,63.705844490292804
206,25,n15,0.19497916505276414,0.022868550628819522,45.7356073195062
207,25,n00,0.6799451264696436,0.08893828098443884,113.78897665158692
207,25,n01,0.6802702407098984,0.07608553472717897,105.89953354009992
207,25,n02,0.6425460087192328,0.08210190350007109,114.80430716941693
207,25,n03,0.6803981929554803,0.08592214061342983,112.21249355834101
207,25,n04,0.7457948850270221,0.05749775908241603,118.2549019966126
207,25,n05,0.6558960861996737,0.08008232014708025,87.85838109983084
207,25,n06,0.7326578298544212,0.0827254979362373,107.08047037554635
207,25,n07,0.6952258488492061,0.06778232964521407,107.42531324562407
207,25,n08,0.6936962390673154,0.06481897645608833,115.17897752447608
207,25,n09,0.7625464858979585,0.08484066221444811,109.27260943617344
207,25,n10,0.7139430665406002,0.09255211940063403,111.73554404957086
207,25,n11,0.6822816267840546,0.0691721976098286,101.36327482827106
207,25,n12,0.7140684774549566,0.10149769381856749,118.8600880296257
207,25,n13,0.6657260487342049,0.09692547183873222,106.77423248777805
207,25,n14,0.6997157776896317,0.08951357883182998,118.99164871576241
207,25,n15,0.6286201511524897,0.09158170288597386,106.21984374038821
208,26,n00,0.23671021864946395,0.026606887171321352,46.73150140821391
208,26,n01,0.24685598331466663,0.009558954611518455,40.73214113187266
208,26,n02,0.2738062960075095,0.03711774883124777,38.08161972095883
208,26,n03,0.2439251408050472,0.042448143461101914,49.039842126234156
208,26,n04,0.19876859186685036,0.03588491387554232,32.57725800228675
208,26,n05,0.33208606651425676,0.03622143774148123,30.221031335438926
208,26,n06,0.27252880684825126,0.04636158607604078,44.72063866436258
208,26,n07,0.24063470086647112,0.02312306181251416,51.224321004179146
208,26,n08,0.26131395488430537,0.04679889193192274,53.71567344956315
208,26,n09,0.2704414691503692,0.021554244405205605,60.85430948892751
208,26,n10,0.20337477622328448,0.030850014835223816,35.23316865183432
209,26,n00,0.22883284706213375,0.04040056392424489,49.79323357379595
209,26,n01,0.19974713919424125,0.039208805336999386,38.22480544741791
209,26,n02,0.20443050783109087,0.01858574661418936,54.62408162442979
209,26,n03,0.19771249198906496,0.03680551665809465,48.385890280096
209,26,n04,0.23063450620065284,0.03291118199257736,52.650946570120304
209,26,n05,0.3230571135810821,0.042004614386672814,46.44040189415493
209,26,n06,0.30865803912962697,0.027300988769468876,47.91501063117996
209,26,n07,0.2159457977109437,0.04559621819020905,36.98567736780683
209,26,n08,0.23154639909079028,0.040249719197142,30.34220138296736
209,26,n09,0.29156723276216523,0.03769848994777135,35.52459727700139
209,26,n10,0.26254117423301065,0.04132947676730185,50.40963514762023
210,26,n00,0.20294668714707798,0.01883854230121097,61.93264634957235
210,26,n01,0.18282548077655425,0.026434113483170932,43.15610606612326
210,26,n02,0.2931829812489824,0.032856733974356976,39.45634916994625
210,26,n03,0.21851676428316358,0.035777413847325634,56.42463003657684
210,26,n04,0.22346532832361748,0.040894266507116,56.59171957102646
210,26,n05,0.24810660280775723,0.028224454202003334,51.469027112027575
210,26,n06,0.2843180123638017,0.032364115467684425,46.84265912127248
210,26,n07,0.25888099538214404,0.037013174494084575,35.57858898805008
210,26,n08,0.24155281377753374,0.019081433626183857,47.005730292052014
210,26,n09,0.2044551307905666,0.04832319521665686,41.463580486368336
210,26,n10,0.26823975961105273,0.036035072820252256,56.1249169940357
211,26,n00,0.2664206428565823,0.042410238188130445,49.48146909463722
211,26,n01,0.24300642788198482,0.04248713012046899,48.66085162991494
211,26,n02,0.2508367315734312,0.030953148889377478,44.113040908872456
211,26,n03,0.2763504301367462,0.02637859834696938,40.70904149984206
211,26,n04,0.24580878115682137,0.015468647021670376,35.29289436618404
211,26,n05,0.24905534316240213,0.0231214230736855,27.608442891773652
211,26,n06,0.23418365270176175,0.02642525836265093,46.972484327542595
211,26,n07,0.24410048448734184,0.0538974191301949,48.459664569135576
211,26,n08,0.26987024157770545,0.03290052635796386,42.13955386002489
211,26,n09,0.22375311969645478,0.06595849912678167,29.331614656717996
211,26,n10,0.25910195514361145,0.025260704724949158,45.050046049678315
212,26,n00,0.24295472123354933,0.03459759922327956,41.334827508279055
212,26,n01,0.2334992625782208,0.012067967175189057,17.75722154793977
212,26,n02,0.26752451719972586,0.031403130734609444,58.53505369115658
212,26,n03,0.19428457752319978,0.019846308864252378,54.99122988677639
212,26,n04,0.3312329327355697,0.02676913233530233,39.721477365800766
212,26,n05,0.27599294502002675,0.022822639264380308,49.344193120385576
212,26,n06,0.26425834010826726,0.038677181228798846,48.04810790787433
212,26,n07,0.33956652211533617,0.023225754597765578,36.23841571680897
212,26,n08,0.21855366632766232,0.0188006082318576,47.44868087082605
212,26,n09,0.20519010359957734,0.052571397143527585,33.091926306475315
212,26,n10,0.2184466326925006,0.03032803581530361,52.78333965884996
213,26,n00,0.2152059829804926,0.02931507496737518,41.27554295119425
213,26,n01,0.25026522057383555,0.03498179806691024,43.52966568412518
213,26,n02,0.2950140495470769,0.014537871364398625,36.1094714460296
213,26,n03,0.26276954602080593,0.03731208094402491,31.752566226586644
213,26,n04,0.22332276718228514,0.013395479896391026,52.08737689030392
213,26,n05,0.2879685306248521,0.0262175016859235,43.053583506978086
213,26,n06,0.28758955633870575,0.027845653664760227,50.819203759583104
213,26,n07,0.2318256572674447,0.03826182036418377,39.13037284165137
213,26,n08,0.238999980163585,0.018617825966331186,37.57312399306602
213,26,n09,0.2673568887610539,0.029056310973506493,34.45052000626521
213,26,n10,0.2393839952242387,0.02606144206806505,35.40551836722586
214,26,n00,0.7394138071510967,0.08840176165864855,113.51905890961964
214,26,n01,0.7320412265622225,0.09927546437326205,115.5517924155229
214,26,n02,0.7270579040187365,0.06448958407229993,109.75669933320117
214,26,n03,0.737846278604941,0.0874145633358772,120.48367117512852
214,26,n04,0.7294442236130654,0.08109512106245836,98.52222495984643
214,26,n05,0.6476288500026914,0.07515016717357764,114.04061419661606
214,26,n06,0.7129168847544013,0.08370958764142412,101.01460548384853
214,26,n07,0.7812876280493928,0.07108140215454506,100.10041573609271
214,26,n08,0.7237240571907216,0.06681160451389305,116.30504138268175
214,26,n09,0.6972774382911971,0.0803800148724481,111.23439353604945
214,26,n10,0.6995347538172877,0.09815865728716887,109.46211987643092
215,26,n00,0.6510999194484783,0.1042113661883531,104.0582538008868
215,26,n01,0.7402590045470625,0.06649036565499439,92.76346891567782
215,26,n02,0.7192976045943484,0.08667910119460512,111.707357279852
215,26,n03,0.7242705159681312,0.08044207628557325,109.13596430667567
215,26,n04,0.7162047928793885,0.08411671306721279,104.63112542762465
215,26,n05,0.7338796710608986,0.06621644399623886,116.43877901835664
215,26,n06,0.6941261979969006,0.05936444054361634,111.9308493335526
215,26,n07,0.700161777998981,0.07675005136140148,101.43699020918308
215,26,n08,0.7589864313252587,0.08524030774672949,134.31177720718244
215,26,n09,0.6716646992052014,0.08490847553133425,100.44441168823957
215,26,n10,0.7580534380502654,0.07024389883441674,106.83115766835635
216,27,n00,0.7102074132937324,0.07130441245627403,102.72006469130534
216,27,n01,0.7276103290674424,0.0634427488745064,109.30072150919992
216,27,n02,0.7609150786089824,0.07426709621176192,110.6384938278996
216,27,n03,0.7290258708273444,0.08242929713193159,109.57628293815485
216,27,n04,0.6336573366081864,0.08784184263015889,119.10003540851646
216,27,n05,0.7008524967069663,0.06790169856825781,117.51132722190427
216,27,n06,0.6534933111126058,0.07581449376935233,115.82109502844459
216,27,n07,0.7428172295831921,0.0929504238514825,99.71494706599009
216,27,n08,0.7213642942371787,0.09568421395012035,115.2783207769341
216,27,n09,0.7297032033119082,0.09091469654868374,108.88931795251447
217,27,n00,0.25438185582983747,0.008955622838619316,34.165937573392696
217,27,n01,0.2831592658042508,0.037679448343438955,36.220515863336786
217,27,n02,0.31436712633822783,0.052765725491196486,42.0899123762586
217,27,n03,0.1558684686539881,0.05376262269230034,49.782866579652634
217,27,n04,0.20063835531993587,0.034151710847368594,40.69411861721874
217,27,n05,0.27286837911878903,0.026544594458545158,59.0119024232392
217,27,n06,0.2611171674508751,0.02953562486277181,40.94664772942053
217,27,n07,0.26058536821593536,0.032196097106027846,37.979782111007864
217,27,n08,0.25161411863801325,0.014940537734906747,55.037768847374565
217,27,n09,0.25409708824045857,0.043386189226235994,36.1954040341573
218,27,n00,0.23787971586055004,0.010302601215601937,45.98704072810967
218,27,n01,0.2730635202110564,0.03569009706895898,39.25859775121611
218,27,n02,0.3030880267183298,0.04538681155550644,35.088995451857315
218,27,n03,0.2223434400947184,0.03190891142566464,37.710685741888994
218,27,n04,0.22713179316460722,0.0428544551299683,38.54281407662802
218,27,n05,0.22324444169720029,0.02550013373043867,47.07972097292044
218,27,n06,0.2997432697870034,0.02887520110646012,42.956573866873214
218,27,n07,0.15211451367468082,0.039867025840851916,44.63585698643192
218,27,n08,0.26938517976559484,0.03520858934551998,34.92261329218546
218,27,n09,0.2549646467320628,0.037971730518286756,53.296863141246064
219,27,n00,0.8206917677935708,0.09123753015161717,102.17123841482496
219,27,n01,0.6739741601963875,0.07130670832544501,119.47716783111139
219,27,n02,0.758782662216665,0.06332825230246278,105.58885487772389
219,27,n03,0.6804059223620177,0.1084996955830265,110.12581987695417
219,27,n04,0.7501456820525122,0.09115910909956318,112.64337390103886
219,27,n05,0.7574105331375155,0.08023419289004366,116.57013391941433
219,27,n06,0.8218441174054442,0.07478304406919675,125.75826822093828
219,27,n07,0.7984817360080486,0.08784582476895718,109.32852308544096
219,27,n08,0.7711847169728436,0.08701046943652777,117.94834792593475
219,27,n09,0.697254480041822,0.0698487796680649,117.65469585822636
220,27,n00,0.21704837591447002,0.03682412586782169,33.524600669096436
220,27,n01,0.2692528018059922,0.0403153556751846,51.20995353860826
220,27,n02,0.29917226628079974,0.033650126752106733,32.511401896560905
220,27,n03,0.2228027152787901,0.03278263964152957,37.29812724103745
220,27,n04,0.24446661109432113,0.029458440274777287,33.29859009966549
220,27,n05,0.19168196811726163,0.023777736403039602,29.946746536012014
220,27,n06,0.23073811874986136,0.03662558816784603,43.30102854818992
220,27,n07,0.2643617452322792,0.023880506388698954,44.240988175170564
220,27,n08,0.2987781205726748,0.05699939017815552,56.22352791871595
220,27,n09,0.2676685845952605,0.025594478332821576,40.00733914340109
221,27,n00,0.274956117435761,0.03300083875381837,57.82737340857233
221,27,n01,0.34339461974547286,0.028368840590891457,42.622371429106465
221,27,n02,0.2540268692055843,0.04846975472674896,55.79770355294224
221,27,n03,0.18714199595595954,0.009602600356145064,43.6372831520316
221,27,n04,0.22801989477996265,0.0319469974756822,34.733307987686736
221,27,n05,0.2712030456328467,0.03649590444361346,40.42017335717247
221,27,n06,0.23389385878053967,0.03840833304254993,39.30739019041659
221,27,n07,0.28794483258887216,0.02441064721155771,39.97171041248545
221,27,n08,0.21010927048076194,0.022048905034973643,33.165302911843185
221,27,n09,0.2818909309468022,0.026857252077428874,37.944519722620214
222,27,n00,0.6713316986521094,0.07118143106973202,115.48452714695907
222,27,n01,0.7262965292544619,0.07159737131595478,99.77034213966375
222,27,n02,0.7076510323876023,0.08671569549774376,102.95556044457207
222,27,n03,0.6352265964081465,0.08375978507444291,101.79906705086356
222,27,n04,0.6349547911922242,0.07618456005155293,88.17354803961993
222,27,n05,0.630690284012692,0.09723246882123635,117.68691625847457
222,27,n06,0.7045002751110444,0.07864035445709602,112.34732197227547
222,27,n07,0.7205193093719983,0.09515294859635849,91.26180294058452
222,27,n08,0.73995246029168,0.06848621242270078,117.02514227979479
222,27,n09,0.7421802659758888,0.07970597619203393,107.33462635960343
223,27,n00,0.25083754060426094,0.03367822408075722,52.10909452543507
223,27,n01,0.27885567144131307,0.03961063356032198,53.205627542912964
223,27,n02,0.3016492151132617,0.047362925868966094,45.16138956901455
223,27,n03,0.2693772557479877,0.04095614442871355,44.13428877356088
223,27,n04,0.32980558389471015,0.05127784670787693,46.12573033649773
223,27,n05,0.30107913120385904,0.03449673321150013,33.57303248628679
223,27,n06,0.21304818789677765,0.036184195399564155,39.446199318478236
223,27,n07,0.3341351337457692,0.030841022504580793,40.71029596731578
223,27,n08,0.26296045483898856,0.03703182488933521,38.21825846800671
223,27,n09,0.2856821774403419,0.04663680898088463,44.02675037675379
224,28,n00,0.321240249550142,0.04539966344536958,43.606108872590134
224,28,n01,0.22959038646668062,0.012520384551646616,48.80182354456022
224,28,n02,0.19426228705830112,0.0395159209424292,33.774269363549735
224,28,n03,0.29665186856571424,0.04393027882423066,41.271912182810475
224,28,n04,0.28835715172888354,0.024393773594610445,43.54620844344124
224,28,n05,0.277873548557679,0.042909504669870105,56.85631208475509
224,28,n06,0.18297388111637503,0.015160038082256166,24.57804072032747
224,28,n07,0.24340726213839323,0.017429501899085324,38.76574390285222
224,28,n08,0.30001559347494466,0.0,42.84612361557422
224,28,n09,0.24359965369690545,0.04582722743333319,48.101900482342764
224,28,n10,0.33057661159639107,0.03128306934597923,41.101521431282116
224,28,n11,0.18788844038809305,0.023509334676845746,40.773209482441274
224,28,n12,0.24321192389466598,0.03704572634289852,51.30241419859067
224,28,n13,0.2269493798227283,0.020028011959316663,48.991836598173386
224,28,n14,0.27559478906725526,0.021069870415939544,60.19565497305154
224,28,n15,0.2773921199709549,0.02655105416930138,55.0321312782919
224,28,n16,0.28006394900177783,0.030578283904331607,58.95540905729439
224,28,n17,0.21174483961651883,0.044000007533875896,40.29726185864244
225,28,n00,0.7324822763720236,0.07714591016128403,113.06924519522143
225,28,n01,0.70518576617542,0.10632879717212504,102.85705772250729
225,28,n02,0.7413650125810632,0.0662347468214916,99.23712009880627
225,28,n03,0.6913374321810644,0.08028847379229913,109.67821009839557
225,28,n04,0.684775533297726,0.07372198917463853,118.57763004517936
225,28,n05,0.7543604369227932,0.058883033450463015,102.2439101382773
225,28,n06,0.6353018251316703,0.058284538429419,115.61677703858332
225,28,n07,0.7376835754085713,0.08362379404724382,103.27862617120262
225,28,n08,0.6400911653034672,0.07943722416367084,112.46768202532093
225,28,n09,0.7722877249117494,0.07441747216806259,119.78938034805188
225,28,n10,0.6435849632133244,0.09082807321271227,111.8270785683207
225,28,n11,0.7638979998448083,0.09550406322882865,113.3284794547688
225,28,n12,0.6897153281037613,0.09185930157353242,105.6089112578667
225,28,n13,0.7131124853561178,0.09477532076259756,93.02978627363942
225,28,n14,0.7573732810918866,0.0953022580523992,114.44149858819664
225,28,n15,0.706608523870697,0.07419667595704307,106.90353897947645
225,28,n16,0.7010340672890227,0.09019613607043693,107.65172408637132
225,28,n17,0.6843704626288689,0.09586865089635452,100.94542783033495
226,28,n00,0.27954950096146874,0.023828735125404853,37.02380020601168
226,28,n01,0.253745716772776,0.0052872576157047685,51.32432921540322
226,28,n02,0.22258441668514986,0.047719093971796536,43.1640761306719
226,28,n03,0.2214695876902643,0.024874103547043724,46.083916938371885
226,28,n04,0.35139383642954175,0.03329503114423115,47.07245232208587
226,28,n05,0.1944781632677524,0.047480308179470423,45.5176883983015
226,28,n06,0.270178634314556,0.03560564257178335,48.780936184569775
226,28,n07,0.17760325330286206,0.011902290557556938,50.65983613498298
226,28,n08,0.3219976198607984,0.033967689815484085,64.18853926757308
226,28,n09,0.31865129119493923,0.014011204929815009,38.55016575151726
226,28,n10,0.21927981448173153,0.04615103725921747,53.85071841434104
226,28,n11,0.19686371395243424,0.025869079363133284,52.60473681128229
226,28,n12,0.24067581558267462,0.027454923897532412,38.17638484904859
226,28,n13,0.24804494186498172,0.051464715193403274,51.6230549496397
226,28,n14,0.1772842857760448,0.02915108434006992,42.11140639803254
226,28,n15,0.2762026056046485,0.024848023240155743,50.87726966266613
226,28,n16,0.2728925793198128,0.029095330308957598,35.777051626167264
226,28,n17,0.24857141055087378,0.03998837738632296,43.3786923748405
227,28,n00,0.7399068856154369,0.08544798566957393,113.3442554740306
227,28,n01,0.7211520307506188,0.0888336792352632,118.2106793964547
227,28,n02,0.7227649296939447,0.07376353419452931,100.7370842012059
227,28,n03,0.7393849989073367,0.0766863422101594,110.67064965570832
227,28,n04,0.7449580546646313,0.0924864981602071,114.36920682547321
227,28,n05,0.7579960909895754,0.06915290019998799,103.12349088371832
227,28,n06,0.7441064409281782,0.07126672214693926,111.67589519665047
227,28,n07,0.690236640525586,0.05496711171721455,105.61724427347308
227,28,n08,0.6957015836489321,0.0796030931984219,119.51483736197525
227,28,n09,0.7478618922322656,0.09719573048379694,112.4461400836118
227,28,n10,0.708138009655064,0.05815965247516326,106.39140933250542
227,28,n11,0.7311664304156428,0.06780407126406322,95.71223000606483
227,28,n12,0.677946760417484,0.08856337162865645,108.99806310190176
227,28,n13,0.6674362459740668,0.08361849753852875,105.13651852436558
227,28,n14,0.7306443555689045,0.0703911827057635,101.27556419403614
227,28,n15,0.7043600786038006,0.07521391075589731,83.85150131647691
227,28,n16,0.7155517068264247,0.06929812091205775,124.05800640095885
227,28,n17,0.6801162454740327,0.09173717074287094,109.01398816302547
228,28,n00,0.24492394959525074,0.029682723267693643,30.50602636240214
228,28,n01,0.3019554675240128,0.0306935741364569,40.089563709050154
228,28,n02,0.1868251569340006,0.02180001670056895,35.03790314626784
228,28,n03,0.2570317874706878,0.0353033954163289,40.131417191243116
228,28,n04,0.2622712752708877,0.040985597000937915,49.37619839790559
228,28,n05,0.3021775564896233,0.01980075295307198,43.36350310930642
228,28,n06,0.2384270044590017,0.03823961958880995,40.581695050306486
228,28,n07,0.21271008656717635,0.023630633909333065,46.243851651225604
228,28,n08,0.2883405448224422,0.054706239967656015,49.651970026292915
228,28,n09,0.20918509727101775,0.030146314310186065,45.73547628874429
228,28,n10,0.17483271792384064,0.04968909989848687,47.86693186723157
228,28,n11,0.28959088885550904,0.03845355667782424,45.35235898094965
228,28,n12,0.29117327309561886,0.04164215294211604,45.33669650200671
228,28,n13,0.2518828324157367,0.026458416373473955,46.21686453980436
228,28,n14,0.17135038493027185,0.025580639575268044,32.38074834259821
228,28,n15,0.22909534155631464,0.04751665980363147,50.24713386535621
228,28,n16,0.15848108296933203,0.03930880164182754,44.12856289039388
228,28,n17,0.26379748272982917,0.027449313900648958,45.1491289724405
229,28,n00,0.2910201029426524,0.05674634202499358,49.969317071202596
229,28,n01,0.27310472579155026,0.027254787958342824,39.27536085846513
229,28,n02,0.3053184688060569,0.011209403980853148,47.05177362759315
229,28,n03,0.31350295362865865,0.030403270012498408,47.16277046155021
229,28,n04,0.32642191339920307,0.015792341222692165,45.72576884363007
229,28,n05,0.19517036601429422,0.03017849112784955,55.20027835249171
229,28,n06,0.2006878010725382,0.030352982915127457,53.944490455460624
229,28,n07,0.22678758744028363,0.018638734016196562,49.25169577343361
229,28,n08,0.19481410410059002,0.04089584742717697,38.83042868815237
229,28,n09,0.26676752449767854,0.03425625923417251,42.50260957028988
229,28,n10,0.23870479984469656,0.036863432103123046,34.559877540542004
229,28,n11,0.3268651460994768,0.010728699375545471,47.5218117241165
229,28,n12,0.13892131768429422,0.028157809873537498,40.86329577661499
229,28,n13,0.24695112140492154,0.029186463307084142,43.78351759100828
229,28,n14,0.24357192577559714,0.025334435593050215,36.660188069851365
229,28,n15,0.20872321405870461,0.05031383231921785,52.281061994139925
229,28,n16,0.24153253871836414,0.04137814361222718,49.05044309568278
229,28,n17,0.2411621686415481,0.031106702110770358,52.26009926714201
230,28,n00,0.26238812180578225,0.04191523029686758,46.05383431658891
230,28,n01,0.23963340042058834,0.0,35.68832261397814
230,28,n02,0.26045132833151724,0.010110346886925813,44.03853954678351
230,28,n03,0.2570492525597695,0.032498449401626495,48.56221827777681
230,28,n04,0.22712743519878023,0.024196261399808773,29.26952192126425
230,28,n05,0.3220463915865397,0.05570932510456786,48.15175817940418
230,28,n06,0.27629874053703435,0.017654250849013342,49.606299542955796
230,28,n07,0.18393044357122962,0.029491691186415803,44.14821908625372
230,28,n08,0.2612603465511611,0.04839982299357672,51.59627220614392
230,28,n09,0.19579237576230393,0.03540030370641237,49.73005926445842
230,28,n10,0.2635356443701928,0.022098036386659962,59.06214900769261
230,28,n11,0.2115137837310908,0.0036420272311536023,44.470038945509906
230,28,n12,0.27690974444883404,0.01920697439345545,40.44815703742084
230,28,n13,0.31175005182458887,0.03048836877091762,43.74903280989894
230,28,n14,0.3394564412658468,0.04651756145219818,60.572774842415456
230,28,n15,0.2144591616897172,0.03259320139564218,46.92399898253823
230,28,n16,0.247127420773565,0.045848994867382045,38.7066606238577
230,28,n17,0.32398245352035193,0.05805903985990567,51.69542321706715
231,28,n00,0.2686483411031907,0.04166059685167022,42.79650178842842
231,28,n01,0.1621278019625124,0.031433665180026146,61.1852969188718
231,28,n02,0.29429287177607855,0.031216309227217562,57.77728135308441
231,28,n03,0.325455223692826,0.035037172888830126,59.446719483076734
231,28,n04,0.17953436074957388,0.032353479646771044,30.17697305550585
231,28,n05,0.2850486045009879,0.04276952538891003,41.02711890691024
231,28,n06,0.27223352955120317,0.06191444877234479,48.91837063181668
231,28,n07,0.2596750102805235,0.026403703664765302,38.45761046428088
231,28,n08,0.3190958901019891,0.035574683492130985,35.3483127090625
231,28,n09,0.14237634292142487,0.01294584011357977,35.28426768583574
231,28,n10,0.2389914657251661,0.026065719375573483,45.361562338194865
231,28,n11,0.2742747394313258,0.03084824564477345,38.265092673888226
231,28,n12,0.28377369763432103,0.03790321264768606,54.31431370604537
231,28,n13,0.25212352351769896,0.02348356192397022,43.90976673771449
231,28,n14,0.27042404658482494,0.02548585745268762,37.36849877883067
231,28,n15,0.2625546874418598,0.020697563138280937,53.13271311267841
231,28,n16,0.30013054651300564,0.03379229737324361,48.748174072546384
231,28,n17,0.20699729205297387,0.014488881399532479,44.95850885628348
232,29,n00,0.2630523622966778,0.007684343488317178,39.09758552978773
232,29,n01,0.3036158518225263,0.02156587869403323,50.85620216366665
232,29,n02,0.3146090911102601,0.046092297127497975,47.2966769176956
232,29,n03,0.2568605221847763,0.051691415207999886,59.52341283176666
232,29,n04,0.2286263886156801,0.02231702015517588,34.49771170395553
232,29,n05,0.15296532639975027,0.038877798560322425,35.98598079988078
232,29,n06,0.23505426006767427,0.02470023121233558,58.420065200819344
232,29,n07,0.2277237816390127,0.04684879910774748,42.76493423528783
232,29,n08,0.3052605110332416,0.021222269704160086,62.53913310403901
232,29,n09,0.23663747169430033,0.02616066031682672,47.60382146370861
232,29,n10,0.27534410299578643,0.026054658968716518,43.101918442341514
233,29,n00,0.21545908689519036,0.015021995724983729,47.57098767074244
233,29,n01,0.2592888567985772,0.01566868512076864,40.82881208394757
233,29,n02,0.2606185227556164,0.009699644234968035,57.83570085828945
233,29,n03,0.29971483274140526,0.028499840971031982,35.635193584089485
233,29,n04,0.266385416824723,0.031101641908596638,47.24992949301035
233,29,n05,0.27004344202139957,0.01857221143688224,42.82317144203396
233,29,n06,0.2990736451513235,0.04308685698097466,43.99857765513932
233,29,n07,0.21447244687882205,0.0370150131626956,52.506670366942835
233,29,n08,0.28994941202020863,0.03780866498221651,45.208359495861565
233,29,n09,0.25774302003383603,0.022729209541311413,37.31967051091417
233,29,n10,0.12226785554654215,0.015904265830104684,56.19027953740627
234,29,n00,0.22829870804721342,0.0451139677537527,35.59639397155901
234,29,n01,0.2354078736860992,0.03929500950456686,34.0290381110869
234,29,n02,0.2627469903093367,0.04823140714692924,40.984608597364506
234,29,n03,0.27719319244834884,0.024248658458970902,51.727127836248535
234,29,n04,0.24038135636627786,0.017051835715832034,47.611987899750055
234,29,n05,0.24668744038507834,0.004781980743014062,40.7670733071237
234,29,n06,0.21676727427369755,0.02992235712568014,36.282424931519245
234,29,n07,0.22438560275120606,0.0,45.313724461413386
234,29,n08,0.31184418543961107,0.010750099002322527,49.5058231175577
234,29,n09,0.3629136089054062,0.023034514111479172,45.4890258791381
234,29,n10,0.22224025217213675,0.04407411186914047,39.09688482679
235,29,n00,0.760786347257169,0.0772015610484363,117.92086447670812
235,29,n01,0.7339403301818465,0.07198871077919264,113.42018889544498
235,29,n02,0.7497069604086,0.0709980897073218,105.07023183897111
235,29,n03,0.7747874461448041,0.08672830832727346,105.8665627210597
235,29,n04,0.6957313856925744,0.07762656923579937,102.67914045265987
235,29,n05,0.7344991007498493,0.08090176499147246,99.99689070756972
235,29,n06,0.7627991484323494,0.08103872090446085,100.01404174870233
235,29,n07,0.766692327683451,0.06448530764002669,107.75391765670196
235,29,n08,0.75690838512132,0.07889711190235549,113.03649210153624
235,29,n09,0.7332074279444143,0.09092004767173831,116.71910481723485
235,29,n10,0.7534269402716912,0.06756029320389823,112.74260568567883
236,29,n00,0.2589673823929162,0.05006384150699091,40.66912627946638
236,29,n01,0.262021115119963,0.03257841225082984,57.20621882046409
236,29,n02,0.18702945465470114,0.03757430074391284,60.347967364972064
236,29,n03,0.18024203259890498,0.020680068595396575,38.20922819914915
236,29,n04,0.25195289363432066,0.04729713942505068,55.071060226614684
236,29,n05,0.24942493910847244,0.012085559239284838,58.27653401225767
236,29,n06,0.2513287224118075,0.02187170404156573,37.4350836985794
236,29,n07,0.28220504989040934,0.026950868540301404,49.69961692044666
236,29,n08,0.2588146064717809,0.02209764016747991,40.850735800964465
236,29,n09,0.27810613443195975,0.024109886427417786,53.037210762622266
236,29,n10,0.22318073312340309,0.03483252332517105,37.233140070109926
237,29,n00,0.2786338094516537,0.035892149596038474,46.809942276191386
237,29,n01,0.2979926483104677,0.03319252727068876,46.26509574509357
237,29,n02,0.24396446189439602,0.026275029632677846,31.39079617398361
237,29,n03,0.2877613081332147,0.029859130609745124,43.30508035687723
237,29,n04,0.2592852080734219,0.03604533867647009,41.164866338165574
237,29,n05,0.1927147755217062,0.013745349352249019,39.08908641512733
237,29,n06,0.2697584336650791,0.014995899217042214,35.78535629662858
237,29,n07,0.2352402594210514,0.04248301312442593,45.77499115867213
237,29,n08,0.3057384736798467,0.03416792498154912,47.78543502717633
237,29,n09,0.33433852404581427,0.019298325511798088,44.624565323907696
237,29,n10,0.28289048880154194,0.035367364179211144,53.62441514987875
238,29,n00,0.2388795765829931,0.03823720674223137,41.58970692753377
238,29,n01,0.23927511085038164,0.04416394440851425,45.78538898474383
238,29,n02,0.18772416706895784,0.02294583353841875,44.06253727540858
238,29,n03,0.26107333938254423,0.01227882558566341,56.28716266235877
238,29,n04,0.22642063067313123,0.03198172902374948,27.07348558146707
238,29,n05,0.2162969357602343,0.03044648285950242,48.12551336081389
238,29,n06,0.36317602757661616,0.04347627706640382,46.65600965749196
238,29,n07,0.2742382101398654,0.034068650037275945,50.855997354307114
238,29,n08,0.33036292123144484,0.03090043629809773,39.5036346385643
238,29,n09,0.2738488041978213,0.026843103463374846,44.97988381272041
238,29,n10,0.1783150026540967,0.029219565486111286,39.056122824907106
239,29,n00,0.2691670506687318,0.0629811072566553,38.84129089418656
239,29,n01,0.22197458552566987,0.03919332695437613,60.978223938992755
239,29,n02,0.24889130568890225,0.0268416638552634,34.700057015365985
239,29,n03,0.20818477793669757,0.022338208223524444,46.33202421754954
239,29,n04,0.1509325599228391,0.021468107757676016,38.07340269077047
239,29,n05,0.2493818681200237,0.04874861263188025,33.49406465966722
239,29,n06,0.19596467542696197,0.027598002309824045,47.067748369910035
239,29,n07,0.2140630347434801,0.026915432622816867,41.34806201261045
239,29,n08,0.2737278058034256,0.01949445910162185,51.36197941601304
239,29,n09,0.27147912889359843,0.026957769538600594,42.140698046945715
239,29,n10,0.16571647535559292,0.0384025874694638,37.46787665445281
240,30,n00,0.28955628372869835,0.023899421322928757,45.171987270462196
240,30,n01,0.23729039168982774,0.011414452103616378,35.94947859412242
240,30,n02,0.3334849497929847,0.04361749317976788,39.72151831611853
240,30,n03,0.24454039240094128,0.013182040234009613,37.78256959507264
240,30,n04,0.17617539289001483,0.023791805406746486,34.898700828046
240,30,n05,0.23901098761778505,0.030205517119533433,52.642971141251664
240,30,n06,0.16814973267750755,0.025513481127547425,42.664507017439576
240,30,n07,0.1693767545517036,0.025296653456576994,60.760652010190555
240,30,n08,0.23772879995769391,0.03619568206439556,57.14482075539528
240,30,n09,0.242240115511433,0.032661549909170515,37.548288891010216
240,30,n10,0.30546036749812766,0.025398045171792834,42.06691489938644
240,30,n11,0.25040616173567143,0.023307037732909954,52.09352741418126
240,30,n12,0.2689965539400512,0.020057035571875874,40.40033553197566
240,30,n13,0.2829331092418691,0.03875295735859882,33.901287747930276
241,30,n00,0.7003440542378702,0.07470716821585817,111.46197090516206
241,30,n01,0.6314206901087882,0.09523355138449162,118.55909942941989
241,30,n02,0.7558656720807264,0.08467774231770686,113.00752300468642
241,30,n03,0.6750447363165712,0.07192990750268381,119.36408277899571
241,30,n04,0.7220914643802778,0.0634616720908319,112.87011970734147
241,30,n05,0.6728547111388141,0.05795868454446236,114.00215093865641
241,30,n06,0.7430494161504184,0.06677888413943033,116.23886221355244
241,30,n07,0.6514716095314026,0.09132248841871654,116.76562141479104
241,30,n08,0.7360747763880683,0.08432923439259059,105.98542673575342
241,30,n09,0.7341928178401405,0.07178174907167983,109.68119521847328
241,30,n10,0.7032799733584405,0.08618051034776418,107.47743218477828
241,30,n11,0.7332662104480416,0.0625545095361376,107.28417717662448
241,30,n12,0.6836045538671057,0.08668849371729667,113.10056715500552
241,30,n13,0.7488783255800678,0.07205269954282599,104.91036090274197
242,30,n00,0.31041619837971035,0.045977838683450276,47.18901615250367
242,30,n01,0.1884056536588196,0.04481802261713377,51.88636340008269
242,30,n02,0.30148085663227836,0.031095054034646148,37.188594063776456
242,30,n03,0.22363722012857093,0.012836056197306097,45.43862670586074
242,30,n04,0.28069825008041976,0.035811303134518815,21.26247646745552
242,30,n05,0.25570916174027936,0.03610982377100463,32.86342181416171
242,30,n06,0.2686595395336831,0.016277117027249044,35.649818630136124
242,30,n07,0.29068381793209974,0.02770698475679056,59.33372962559872
242,30,n08,0.25954964386725404,0.01191559492769733,42.948554674215956
242,30,n09,0.19073361728544844,0.03827487136881041,44.64207635689551
242,30,n10,0.23338567818538838,0.022522491582545434,42.01599241323471
242,30,n11,0.19987683049835175,0.02804677988206743,53.85211179315165
242,30,n12,0.33633758959489085,0.02889026446724095,45.567097017289164
242,30,n13,0.272452875908016,0.031544327856476574,41.059653136379666
243,30,n00,0.31779968049224655,0.027392208627286425,67.90119175965015
243,30,n01,0.26993788951850295,0.028744688327366492,49.61340320280624
243,30,n02,0.32684741839117376,0.03475552857869712,48.577208043315345
243,30,n03,0.2053731764989246,0.033023085080791346,38.33852348030052
243,30,n04,0.18699105485024822,0.04143974891711713,36.1626040519424
243,30,n05,0.26189466144402757,0.03549194607913362,43.89666395441486
243,30,n06,0.3014550439857453,0.023072734595528215,24.109080975470707
243,30,n07,0.2749556429311174,0.0056830749095106645,43.20068069739149
243,30,n08,0.26989796348747885,0.03211283596999778,53.441392117452125
243,30,n09,0.1569595333648115,0.052774842719682954,25.68673841103285
243,30,n10,0.22043626554001822,0.03202389412844768,35.51581717410964
243,30,n11,0.2732173451247237,0.038461965842373026,45.10513092638219
243,30,n12,0.22227631307442408,0.02118763414952496,46.59535409394431
243,30,n13,0.2527263172501057,0.014654429576412036,48.11041473801846
244,30,n00,0.70568290323719,0.10142610377782449,102.07979429780967
244,30,n01,0.7350569990199443,0.0860540285170715,101.26194613867243
244,30,n02,0.6957053872631451,0.06037421899719503,105.32789793485055
244,30,n03,0.7206884825783786,0.05757660764076016,105.95073924984308
244,30,n04,0.7137720680872497,0.07230188148790789,97.49901921817673
244,30,n05,0.7632336380259661,0.07874375486654484,110.53171830357229
244,30,n06,0.7887532608947389,0.06815877079832126,104.13228455472387
244,30,n07,0.693631144221726,0.09198638465646151,100.05456098324197
244,30,n08,0.7062024456788148,0.06522555219127188,95.62637100034792
244,30,n09,0.6890362842900534,0.08674976002230518,104.06745568241585
244,30,n10,0.7324339466691543,0.07330563882881251,99.08862494639955
244,30,n11,0.6951688487502242,0.05523925668576746,110.02510132878587
244,30,n12,0.7374485279854355,0.07917892715333005,110.52200229422009
244,30,n13,0.6420724787910808,0.10579524326503872,111.54865864716513
245,30,n00,0.25476497074847637,0.03697459264566018,48.88081053509858
245,30,n01,0.29527279730507905,0.008657422845558777,54.34230035368266
245,30,n02,0.21282412773237694,0.015737751749698457,44.822160978037104
245,30,n03,0.26915592280112954,0.05065502071297144,44.928936114465856
245,30,n04,0.292166482233739,0.025337725991133098,49.860350774959514
245,30,n05,0.3099091363766432,0.016281507677103645,49.61289815956172
245,30,n06,0.2982007396870241,0.013191055780548955,59.50812397647562
245,30,n07,0.24840466683755882,0.011856767833106893,40.793289670204665
245,30,n08,0.20403391932916695,0.04479774477518367,48.32902509150368
245,30,n09,0.24061978625676905,0.01839396713933636,49.89726421271297
245,30,n10,0.24257548331888024,0.01729995609094722,61.87368122651712
245,30,n11,0.2890693489342458,0.03412326476747204,45.807066908126615
245,30,n12,0.2547504224660188,0.013557893550768932,55.5547653030013
245,30,n13,0.32250559937450823,0.04157471371239206,51.62987282408204
246,30,n00,0.291810613425645,0.054536721135072776,43.368636631951894
246,30,n01,0.21276653734579762,0.033029609944081884,44.04680971026161
246,30,n02,0.25041609053877334,0.021240551300187684,32.20754900588679
246,30,n03,0.21512793750636905,0.047947588743806696,32.078290090691304
246,30,n04,0.21134161016883563,0.03555753483166782,34.2174112586268
246,30,n05,0.2819276011528703,0.04036957656954211,45.85359448601121
246,30,n06,0.210145678130059,0.012500676527572273,36.60633110392596
246,30,n07,0.2626101852664384,0.015932008956350278,47.98521942782648
246,30,n08,0.2308064272668348,0.033934653332842485,54.74138581147367
246,30,n09,0.17953361703692688,0.041170827490780576,46.79081375958252
246,30,n10,0.28241136817726076,0.028566696684275507,49.82798633288765
246,30,n11,0.21937917291425219,0.03593454611199162,45.56185904203231
246,30,n12,0.1835921883859719,0.014757294805059804,41.58003761031736
246,30,n13,0.30729081350991294,0.022445846524745433,52.96603509074373
247,30,n00,0.23247030854011627,0.02556494026975424,76.00026817788486
247,30,n01,0.24884881651774338,0.033496319717323635,29.74639369580021
247,30,n02,0.25416772816340855,0.037277393416096184,56.29291706853185
247,30,n03,0.20384328116933226,0.006296838722951996,46.48306453639811
247,30,n04,0.23762713067291855,0.018472750373942484,62.64934651240007
247,30,n05,0.25361847539227017,0.032298966369812575,48.00507289878263
247,30,n06,0.3106954986669718,0.04459546297981675,40.91167495376695
247,30,n07,0.13927359368747683,0.03571686440109085,55.77307018695606
247,30,n08,0.20178477885240934,0.056682284596646634,55.32362475200684
247,30,n09,0.2882892018866842,0.03583779516909889,46.17245181893286
247,30,n10,0.19147780709085654,0.025906089625359056,44.57936066501257
247,30,n11,0.2604242345647464,0.030549052259648317,39.90692018482566
247,30,n12,0.22384207177957147,0.028679445650599936,45.74192226686144
247,30,n13,0.2521916122080008,0.026184496362589866,29.90560090392306
248,31,n00,0.2697667078322857,0.027667808386531975,40.54623873940547
248,31,n01,0.21244093752776663,0.035839924940460885,39.478669096749506
248,31,n02,0.19867609067127273,0.029479725958691673,49.13607231936234
248,31,n03,0.24285915092964,0.043687086991125716,45.772244781504995
248,31,n04,0.24763711627745014,0.008354414637667763,34.33543785683928
248,31,n05,0.2808135940409851,0.010996193895114862,45.169160991832236
248,31,n06,0.29735780545238477,0.04804126861355205,50.020252225488136
248,31,n07,0.1372671850859473,0.028200168608091918,26.45479030211188
248,31,n08,0.3030557583213235,0.02777856470385958,66.55248596430772
248,31,n09,0.26843782971120633,0.022406342426212235,43.44465106653106
248,31,n10,0.22200342165113784,0.03636878064637977,35.46841260036326
248,31,n11,0.264813013893491,0.046706347344716806,46.371269297334436
248,31,n12,0.18804595593051873,0.04362044067054569,50.38000348574258
248,31,n13,0.26553236799690405,0.05000978624932409,47.086479397245604
248,31,n14,0.29675827677895006,0.039524201015376126,45.797708433086186
248,31,n15,0.2604213946839751,0.013266820369359937,59.092786733560104
248,31,n16,0.18036861783473496,0.013331551488170258,41.25719284877737
249,31,n00,0.2014022866138588,0.04751287668589793,36.58630159835171
249,31,n01,0.18244683402194137,0.02481415993480342,47.950288877530475
249,31,n02,0.19363979243904547,0.03207630016980966,43.00790270546293
249,31,n03,0.206873759647409,0.039837196036921374,47.851372866595156
249,31,n04,0.2456338804328164,0.04184062880667487,42.3393243564327
249,31,n05,0.16194617638978176,0.03930294326389148,44.07067725366993
249,31,n06,0.22818235375922258,0.03556096676438138,37.046247154779614
249,31,n07,0.28785869324838437,0.028221673014527875,40.621515661414435
249,31,n08,0.22904177713686774,0.03173914127360245,47.40701741332569
249,31,n09,0.22695524705275744,0.011847857681870591,34.772268115015
249,31,n10,0.2329611548275791,0.019876566802248398,59.55696337133277
249,31,n11,0.26745728680012126,0.05085869772938362,50.87516990041277
249,31,n12,0.22822744936290304,0.049836702961473384,56.12531368678518
249,31,n13,0.2614884189007049,0.038635166555433524,52.62783023203394
249,31,n14,0.26213439347684425,0.017284226615682144,53.899204868696955
249,31,n15,0.17970781301427446,0.03207386709139146,52.80326872450334
249,31,n16,0.3179626205096491,0.05652427308452951,41.11222922518347
250,31,n00,0.3059904761635993,0.0012602183441951346,41.12885478204797
250,31,n01,0.21650459133357342,0.02015583585740002,53.77168554502801
250,31,n02,0.34348942083745687,0.031068971847801156,36.05726312892962
250,31,n03,0.21194542803072378,0.008427964165863115,26.18174859259596
250,31,n04,0.20951970559323058,0.02474182159827302,40.88605152235298
250,31,n05,0.22033004856141802,0.025838121574110206,52.41760569305859
250,31,n06,0.15377036243235045,0.023345091084642382,69.39114906991968
250,31,n07,0.25810249340552505,0.04157218411347231,44.42388770737893
250,31,n08,0.26695870646874814,0.02959650826013361,46.59681194569728
250,31,n09,0.35049505268561465,0.03155811790895162,55.15336163874863
250,31,n10,0.24578813465880822,0.020550256975594358,29.65368328866155
250,31,n11,0.22584122368230525,0.034526279691691454,45.625944127867506
250,31,n12,0.2678925776166403,0.03405599056442175,37.57222164787752
250,31,n13,0.2904753767143656,0.020952965575326117,53.31226348911368
250,31,n14,0.27394323170951246,0.06257143494871226,68.16570349304531
250,31,n15,0.19702133450039708,0.035576897176603554,43.70077470493098
250,31,n16,0.2585172557533234,0.05448816466908908,28.244411793358847
251,31,n00,0.7046911023020725,0.0792026256578887,104.35031763840018
251,31,n01,0.753088928995076,0.07157060217958558,103.93091051090674
251,31,n02,0.7314301205205321,0.07177759136308944,103.28664171108667
251,31,n03,0.7011475761385424,0.0877138288440598,101.34524648684105
251,31,n04,0.7404542720746448,0.06676741935647527,106.44982378658186
251,31,n05,0.7579629845068656,0.09340216658585619,102.65551119428602
251,31,n06,0.7017054091184142,0.06254237952746189,94.98765689737647
251,31,n07,0.6136482974764348,0.08318621457851945,103.64412887388099
251,31,n08,0.7606570140562323,0.10141804336613935,112.44690985829823
251,31,n09,0.7102882919195798,0.09803876752442678,106.22586935815328
251,31,n10,0.7354912535722915,0.0688624898600556,100.27904228105858
251,31,n11,0.6842452228110223,0.0504957573641422,105.34395619214422
251,31,n12,0.7344280305352361,0.06335149474086879,113.27306479301328
251,31,n13,0.8381510468516993,0.0622985641775992,120.24282563878917
251,31,n14,0.7408371915543073,0.09988657304252814,130.22280818525104
251,31,n15,0.7392777418175681,0.07274572600379704,97.91345403645732
251,31,n16,0.7278282845839955,0.09759129043028228,102.81621713703657
252,31,n00,0.3315070440366893,0.032852002741488626,48.56499982798558
252,31,n01,0.2980120850724614,0.019408453784013048,34.05399951710134
252,31,n02,0.1967597976487056,0.0304010978824261,47.5904000186444
252,31,n03,0.19951895925627472,0.039053519207932326,52.13910987695855
252,31,n04,0.2561383094396895,0.02824978823910518,51.96018365800996
252,31,n05,0.30565270576391657,0.007531090156145243,46.852049921140825
252,31,n06,0.28110921881652956,0.031047326830208898,47.7185857967121
252,31,n07,0.23608994075327214,0.028776954452735107,40.60240502825946
252,31,n08,0.22082429191322303,0.0367232028939684,49.14562785722147
252,31,n09,0.28485576124053485,0.050383717331500225,31.418372342146153
252,31,n10,0.27546794100068195,0.02823967380468481,65.40651572196657
252,31,n11,0.2536140986843393,0.015276747333643396,32.32117926792579
252,31,n12,0.19781142454997633,0.05199751133198411,38.27155284502596
252,31,n13,0.28373382376853046,0.012208663225250757,47.59515255227532
252,31,n14,0.29806688661887193,0.0141823865111015,39.94871142278291
252,31,n15,0.26925295968581636,0.029550691092125162,36.60625303181532
252,31,n16,0.24661767081491506,0.02429076557999983,36.84872612101364
253,31,n00,0.2376316175420719,0.04575544643025824,38.06353776326418
253,31,n01,0.25788370750375594,0.017942109514578076,38.11205797813241
253,31,n02,0.3078193872068091,0.04748133107720097,32.535100271707854
253,31,n03,0.2487827055674829,0.02110448368188817,49.0726883041016
253,31,n04,0.20311111986258568,0.020474425665775425,34.486072512198376
253,31,n05,0.3038674999642013,0.009676302961822238,52.38641200146556
253,31,n06,0.2386747143404601,0.03921228483556158,40.52622026157105
253,31,n07,0.27129693045573017,0.019182448659497336,47.107600942952715
253,31,n08,0.2372303872888249,0.017126438503487447,46.1370791037901
253,31,n09,0.2619124899890622,0.017958539614039384,50.41595270860322
253,31,n10,0.23095511008403605,0.05125343323958954,36.67589590438633
253,31,n11,0.2304127761836675,0.04070522509768486,49.71670323210193
253,31,n12,0.29422720071818914,0.014995586071181365,51.18265816404172
253,31,n13,0.27827304024788746,0.039279240817776555,51.25269214157625
253,31,n14,0.34711426418569624,0.03508655546036449,47.673435181240635
253,31,n15,0.19600745111809756,0.03912930970233383,44.52283220167667
253,31,n16,0.2181753138127784,0.036731785728263536,53.02694111296823
254,31,n00,0.2953709561838612,0.02292724637735875,47.28385966361004
254,31,n01,0.17493817525467575,0.02204100340956018,48.0951872296284
254,31,n02,0.26139791342426943,0.027156207860854306,51.85528762533551
254,31,n03,0.275626293754287,0.031632764753175564,41.55988881526657
254,31,n04,0.29378235563052685,0.03387314407420497,42.737673423585754
254,31,n05,0.2407730795319872,0.0008614903484429129,35.203751318640755
254,31,n06,0.2464336694641656,0.045806007339762325,51.24223443496178
254,31,n07,0.2774028797052843,0.018751804377369723,43.975497344108625
254,31,n08,0.18374235057585836,0.018948320691356317,39.66103174074559
254,31,n09,0.23262496629963864,0.031183536809229084,44.9844491486933
254,31,n10,0.25280857211256597,0.017844787553295965,44.62799128591992
254,31,n11,0.2766960005498318,0.011428752202684137,31.56407527723987
254,31,n12,0.25181809342617806,0.03871319346112278,40.53630371741766
254,31,n13,0.2740637456770977,0.02562440919249938,52.5782585146806
254,31,n14,0.17785141617317154,0.030765485830882594,46.54177561028769
254,31,n15,0.27335581244927665,0.03837822480485782,40.46000970449874
254,31,n16,0.31782926583785864,0.038360459795737205,54.4935225602044
255,31,n00,0.6890532551703755,0.08918628430348596,104.27431937802399
255,31,n01,0.7504273371634399,0.0854900347504538,110.23627604427129
255,31,n02,0.7370100537714142,0.06859053970490678,106.86540774112675
255,31,n03,0.7177397277256157,0.06576045021994806,102.3186681737612
255,31,n04,0.766824803108143,0.0731196726181994,113.353299247654
255,31,n05,0.7190506691710122,0.10024463021664196,125.59658859523684
255,31,n06,0.728290208148956,0.05945512761797717,100.17676293861133
255,31,n07,0.7022093480083859,0.10061043571638714,109.56356307741379
255,31,n08,0.7849354506019528,0.06765889155795927,124.78878522256535
255,31,n09,0.7568533245930728,0.0810403501535082,109.10996201772639
255,31,n10,0.6603496911979174,0.05962038615187759,105.54606480178755
255,31,n11,0.6757877996221456,0.0876696236617204,119.2015203889808
255,31,n12,0.7430822327448763,0.05938652839264352,104.13275341251011
255,31,n13,0.766607515360238,0.06600035786533967,114.45335956231649
255,31,n14,0.7321667715338694,0.06108238362588504,111.73462923947896
255,31,n15,0.6916504964292407,0.06965935675516087,100.21192682271857
255,31,n16,0.6848083301498337,0.0803617264120383,102.66320574470382
256,32,n00,0.2690752539262077,0.01637160648023027,52.08385829173936
256,32,n01,0.22210371148251992,0.028959907955368493,42.98883278671731
256,32,n02,0.35729028885628006,0.020632785313996937,52.82766269600573
256,32,n03,0.24468177429885,0.0393665586346559,31.037523249028695
256,32,n04,0.31920946679103457,0.04355524294592953,61.28262183969255
256,32,n05,0.26081800750162015,0.02704584997244098,51.06326613068635
256,32,n06,0.2192124888220875,0.05975984858772494,44.776023264820786
256,32,n07,0.23448068348314888,0.02526525398877612,41.085777811166786
256,32,n08,0.27343209241353034,0.038179532120092084,32.758672580690295
256,32,n09,0.20653004786179013,0.05769706364225987,44.66328143887983
256,32,n10,0.21953745714078088,0.03754363116856997,47.447569044818025
256,32,n11,0.23104617169150402,0.042915042914485425,40.851735088063094
256,32,n12,0.24760574566877006,0.028010491800217727,51.20035232171096
256,32,n13,0.29417999290183194,0.027246784559565758,52.18044396336988
256,32,n14,0.20265154042354597,0.025973754530797193,56.083398519741635
257,32,n00,0.721391761253929,0.08141644956354259,114.50443491475586
257,32,n01,0.7809257839146744,0.07755043737719029,117.98150805472082
257,32,n02,0.7732420529240738,0.06554051643095725,107.70092732717374
257,32,n03,0.8159219643534825,0.07942135669877894,114.31273737029719
257,32,n04,0.691894221133046,0.062763956688387,116.2504943092642
257,32,n05,0.7268988942854006,0.08098135803349368,104.22615498852254
257,32,n06,0.7664906565574476,0.07513616297691922,113.41506573188335
257,32,n07,0.7493675170515234,0.08001631122762717,110.25362515407355
257,32,n08,0.7291975060997613,0.066298583175592,108.82160058385351
257,32,n09,0.7639626148488787,0.0890927969202484,106.61932551134333
257,32,n10,0.7901758703187671,0.07900233631188273,109.06421720712238
257,32,n11,0.6591858300067066,0.0761421672400909,115.2838242290822
257,32,n12,0.7536858109507298,0.06636631270122385,109.10072539589484
257,32,n13,0.72504081993568,0.09978143219263232,106.23044821132356
257,32,n14,0.7065554325476796,0.07927846188396763,106.85001408708051
258,32,n00,0.2819881639632015,0.04136530607761532,41.920877110158465
258,32,n01,0.27794736741518844,0.031461484932669995,33.04306298406703
258,32,n02,0.19658432393334235,0.02215093442936564,34.23434607324501
258,32,n03,0.24338406238201393,0.03584012172421605,43.15136589010859
258,32,n04,0.3735657775300008,0.016355158349128287,40.43158718525843
258,32,n05,0.3124122099093337,0.036609886498360555,44.42242805533919
258,32,n06,0.2568919457259367,0.021027330203405723,51.78332338857015
258,32,n07,0.18695512264404623,0.030898099077028455,43.3328541310156
258,32,n08,0.17476185624127794,0.024468737262329423,28.34988173829823
258,32,n09,0.2994303111864745,0.028768471610858944,42.08941985163079
258,32,n10,0.25809095252039466,0.02590655454447766,48.04410978724296
258,32,n11,0.26082520741387816,0.0,40.019892610174765
258,32,n12,0.21918376698803707,0.04227608841794355,44.969081865416534
258,32,n13,0.23015245694743913,0.026165423690262875,43.60805855169487
258,32,n14,0.2454550323516649,0.026713564936262472,61.13352550187754
259,32,n00,0.7311907118080747,0.0755223720345677,97.14608803392794
259,32,n01,0.6863326829474999,0.06749768430512176,113.11410998328434
259,32,n02,0.714495418648861,0.07368744137169331,109.77615728973835
259,32,n03,0.7415340247938375,0.06406418415386551,119.68106693477387
259,32,n04,0.7221878949273814,0.08521267259584392,93.55675778016908
259,32,n05,0.671030920154518,0.09123731722861494,115.86627715575256
259,32,n06,0.6820511631108327,0.0688080142622587,93.20120382780368
259,32,n07,0.716029000885941,0.06723943648887847,116.15541097251419
259,32,n08,0.6794006031559382,0.09092588480571011,102.70838645790691
259,32,n09,0.7420489944848945,0.10972027139104241,109.68769168085946
259,32,n10,0.7830223096891795,0.0811219678519096,107.00566361430239
259,32,n11,0.7338896451872966,0.08093099613220288,112.51243722191829
259,32,n12,0.7348284404022095,0.08075598298087339,106.73211601136892
259,32,n13,0.714965037280856,0.06597454750871118,107.87606492045217
259,32,n14,0.7031372359912236,0.08922439361944755,91.72478037248653
260,32,n00,0.2342628065767328,0.035983279615353206,45.598955605611934
260,32,n01,0.2109116351748611,0.022739136300654928,32.478296138793596
260,32,n02,0.26309599645781817,0.03383623772362677,48.4596148096588
260,32,n03,0.22917964202633528,0.0260257998548701,57.25323028386957
260,32,n04,0.25569255755687187,0.015064019578711977,60.23080336063782
260,32,n05,0.22236721404876938,0.02901777230762488,32.089257508668396
260,32,n06,0.2358900527420782,0.008347177431121833,49.807442481350115
260,32,n07,0.2551228463309625,0.015765106688626983,50.888240232819044
260,32,n08,0.2613052083773347,0.04075154501609169,55.62018145537443
260,32,n09,0.3077225025940118,0.03853342230819177,51.92918469488674
260,32,n10,0.2984591499692097,0.022206425891656955,54.921529553318244
260,32,n11,0.30896843313422534,0.022573189007468034,53.61392001349567
260,32,n12,0.2165094150760328,0.027986195652662305,44.26070742302054
260,32,n13,0.256015804544834,0.031244910372300698,54.276587210061024
260,32,n14,0.19901182436257894,0.02974196721395521,46.9035603712884
261,32,n00,0.31884011985080446,0.026924537231409276,48.34487481025215
261,32,n01,0.2937791241947305,0.03290751685786358,35.385248240079484
261,32,n02,0.21564091754723227,0.007968734045948923,41.85760302076171
261,32,n03,0.27219514935321976,0.03162500246382883,46.61662779141364
261,32,n04,0.2869223438658736,0.03286133533028682,37.89550392049415
261,32,n05,0.3066711291712081,0.027438389426777697,38.80689610873705
261,32,n06,0.2206224547752335,0.020831586810435718,37.53949138201272
261,32,n07,0.26252735787205345,0.027179645995942137,55.23768661745157
261,32,n08,0.2869156083970346,0.019560050288206794,34.30617108621519
261,32,n09,0.24792514866854012,0.026748361566081374,43.18945761758716
261,32,n10,0.30077012239137824,0.04480874353598245,47.898290950678984
261,32,n11,0.2335110419821912,0.015983120256630987,60.59926831838041
261,32,n12,0.269523838745025,0.01705461739377904,43.208802173466154
261,32,n13,0.19961046868651167,0.02216634143953966,60.531737543618895
261,32,n14,0.30632037358572206,0.04981303132251439,26.923912139992716
262,32,n00,0.2927773430832431,0.04418418896396968,40.42395098849645
262,32,n01,0.3199386857329445,0.01513287543365142,46.50706303857759
262,32,n02,0.20453100523933526,0.018763441719731745,39.316752017370966
262,32,n03,0.1970655896385682,0.017925588322463472,55.07687024128788
262,32,n04,0.3425940861048876,0.028797691768634063,46.480131368196204
262,32,n05,0.2174849200256727,0.03719172916794941,39.30578115767933
262,32,n06,0.25600503592305673,0.012142481416032334,53.861573191875266
262,32,n07,0.17898243288866972,0.02116993098024724,50.779564118809816
262,32,n08,0.23720796691629573,0.04285422463599674,50.53373400674657
262,32,n09,0.30466728426768236,0.04680728693098849,37.51747120235253
262,32,n10,0.2304527984589126,0.035102179209690804,44.83176520931185
262,32,n11,0.3148703068858704,0.02184650484958881,53.40388694231055
262,32,n12,0.21979564860355802,0.026029307134975508,47.2015292017281
262,32,n13,0.21630723871297305,0.014426123350664939,38.13909184553852
262,32,n14,0.2997730249626593,0.038563208758427954,41.530171924628654
263,32,n00,0.2533544948898003,0.027241465638342382,39.48146005176404
263,32,n01,0.3117141126350179,0.028232600394353814,45.94171476927246
263,32,n02,0.20089619488198626,0.045463418271162535,37.047686059425594
263,32,n03,0.2648947425746032,0.029395466630233232,41.19558852354238
263,32,n04,0.21075471657517064,0.043798882787294505,45.225061008505335
263,32,n05,0.2609993835252566,0.013561534297252521,45.14601615590668
263,32,n06,0.2993325000653473,0.0284919591797502,43.855151273756455
263,32,n07,0.22783985785791733,0.02385990232069371,32.62048353579671
263,32,n08,0.2139960155277522,0.04171444162000426,56.58729528805002
263,32,n09,0.2343043259645851,0.01851699670283056,41.203369144824855
263,32,n10,0.2001924862433709,0.033345115193118065,48.111867477852115
263,32,n11,0.2842680099263168,0.031205339686378234,42.262284433813505
263,32,n12,0.2973208617421158,0.04808973876497606,42.087306961996376
263,32,n13,0.24430617563699522,0.036006120946501866,48.625950732185
263,32,n14,0.29313642713247895,0.029431530410620396,51.3384140092768
264,33,n00,0.7021628811441858,0.09507423630901897,101.11242607263291
264,33,n01,0.7262379229186712,0.08054944372299644,111.45222815843246
264,33,n02,0.7598101121997946,0.07805410143940354,98.93076130234873
264,33,n03,0.7508772448269876,0.07808112107629187,107.40506997508712
264,33,n04,0.6623439252341897,0.08257219729083387,125.85645170694141
264,33,n05,0.7826645431241905,0.08203038717709284,113.4225101686163
264,33,n06,0.7043070907891978,0.06719803908615765,108.69022707595877
264,33,n07,0.6669211030193338,0.04409977241840585,112.1431655713201
264,33,n08,0.7360261271601711,0.09632269905863772,100.9387455738178
264,33,n09,0.7303824391512134,0.06314261198728406,107.60333481921991
265,33,n00,0.7881926595735744,0.08285343705803551,128.3053907161064
265,33,n01,0.692045217080702,0.07645275828960342,103.80019073704696
265,33,n02,0.7559562010781398,0.08646808361349236,124.23519731466426
265,33,n03,0.6847643155036267,0.08333607405787202,102.645495409393
265,33,n04,0.7363512400409803,0.08749173835416109,99.8258460974486
265,33,n05,0.6817395672756356,0.08875671714729992,107.46358165656105
265,33,n06,0.6340629759358167,0.0747572704310481,100.3956426955922
265,33,n07,0.6899469681230017,0.07241793701194743,112.94488301991358
265,33,n08,0.7161503511518083,0.09513819978329871,109.52690984236052
265,33,n09,0.6696471449749702,0.08051506916148488,102.79832152024535
266,33,n00,0.20196895897473954,0.04903615960240228,40.40334007953102
266,33,n01,0.29630264621326174,0.006105676604133064,56.26250232985883
266,33,n02,0.23926316429248856,0.019459579646158083,40.54086513955872
266,33,n03,0.2688895090942662,0.03513836776068695,59.426231647299986
266,33,n04,0.2560083089232376,0.05154039610662596,33.161250254926884
266,33,n05,0.2372048697708153,0.03353405804976764,32.31736218787505
266,33,n06,0.28136600395795713,0.03444672518141701,45.60564237502796
266,33,n07,0.24027543876772373,0.01870826103288537,30.33454415982536
266,33,n08,0.2607320208534626,0.035838200893149756,50.12779050155732
266,33,n09,0.2534431081304097,0.044157676567026884,43.511606777430174
267,33,n00,0.6849404484068305,0.06830585580343884,112.78160330474066
267,33,n01,0.6554839649107946,0.07336140171952532,108.85649197771775
267,33,n02,0.7251959790016574,0.08269879050055408,111.90582191243077
267,33,n03,0.7696033511777056,0.07410470257039727,108.21029233971811
267,33,n04,0.7029639650940298,0.07613864629130601,108.744032554325
267,33,n05,0.6934897761958594,0.07690004609978372,116.84604722088007
267,33,n06,0.7060551079178321,0.08694782205063031,100.86362782761412
267,33,n07,0.6758264244525551,0.07670393752630181,102.80768726549681
267,33,n08,0.7156866574028566,0.06483388179015966,108.19303784570961
267,33,n09,0.6642764940722748,0.0699881730191773,127.45082819732454
268,33,n00,0.755123555031518,0.07570070120866647,116.56805704784244
268,33,n01,0.7084818275896676,0.06404074840898749,106.50656606284252
268,33,n02,0.6857174622873508,0.09241638230201947,97.83802890820809
268,33,n03,0.7594807182404663,0.08883705635522857,122.72258170218771
268,33,n04,0.7575364381609307,0.10039361370160257,115.54276785641325
268,33,n05,0.7347269466291452,0.08086332162979487,117.0227226879588
268,33,n06,0.6934167377810245,0.06589660825778444,123.76549867970938
268,33,n07,0.6788875146337261,0.07270970181043207,117.98060592287597
268,33,n08,0.70051271603332,0.0749489530733681,113.27177681574912
268,33,n09,0.7188679711317917,0.08739578438079654,105.94262536218287
269,33,n00,0.18406408783816297,0.036193379317936425,60.3308718909191
269,33,n01,0.26608073739027294,0.012006020176845555,57.48893460081739
269,33,n02,0.3058889531545239,0.028517898422519197,40.24872218319024
269,33,n03,0.24812899619540935,0.019653475995013728,51.09702233824734
269,33,n04,0.24211469509846117,0.04289300402117939,49.79989204085241
269,33,n05,0.24772721715717744,0.024563280755789882,50.42492976579368
269,33,n06,0.10464190565671372,0.016688150894316967,35.382849564836185
269,33,n07,0.26999867953145823,0.019056957977703716,49.19643215132304
269,33,n08,0.3228671615881531,0.022526209168235986,59.61495642313138
269,33,n09,0.22980960377156426,0.03934301844724729,47.623705890397815
270,33,n00,0.24900398800844908,0.05329628924551785,50.78425742240859
270,33,n01,0.23358251722204587,0.020442804024013793,45.44504375671755
270,33,n02,0.1993157018711316,0.010122611659388315,38.25759128325751
270,33,n03,0.2092935189948632,0.04215067666065996,48.84729384757928
270,33,n04,0.21720082870747726,0.04563026690143074,39.59303792485825
270,33,n05,0.35633599282999007,0.04486802531397403,47.08556596706742
270,33,n06,0.3096887107330901,0.02615923761395265,50.24693475882623
270,33,n07,0.22758125025736164,0.02360640690123831,44.39227312617902
270,33,n08,0.28711490203024037,0.03829644162194147,39.522221992317895
270,33,n09,0.2212002464178474,0.04991424443786102,36.25737777939315
271,33,n00,0.25062398047805334,0.04578516842337314,50.27249371858154
271,33,n01,0.29433606798825257,0.03697884412594713,43.88421619474911
271,33,n02,0.2856154195849602,0.023881145115401254,49.785778883088724
271,33,n03,0.2908608045792532,0.024831620493137776,50.62410138658852
271,33,n04,0.2816247400703668,0.024375424812190866,37.19031638977871
271,33,n05,0.3293714729802367,0.03667627644064275,47.7367880481374
271,33,n06,0.26223242213111403,0.012032315910820827,30.40460230698276
271,33,n07,0.20054323164459997,0.026721407495651165,39.32990670109678
271,33,n08,0.1979300753025003,0.037904770856054024,47.13314776777559
271,33,n09,0.2843319860455524,0.022568021353089718,46.6184514357174
272,34,n00,0.641708233463089,0.06217061714530217,120.46311528894051
272,34,n01,0.7835154702266444,0.08454616568084491,103.20542545592075
272,34,n02,0.7715376031648963,0.09791614061058838,122.741321584351
272,34,n03,0.6920921698457405,0.09576440949751366,119.12165737779382
272,34,n04,0.7159393911470668,0.07829240724567489,102.80203143131014
272,34,n05,0.7299692707982007,0.0595088255227227,107.21110379131825
272,34,n06,0.6919644990064077,0.10087082788527788,106.01153522144604
272,34,n07,0.7603270727141674,0.07493652862906998,97.67771819665259
272,34,n08,0.7003821632066064,0.07594429477999912,119.8688214693067
272,34,n09,0.7258531871799051,0.08100311357124752,103.65193206947261
272,34,n10,0.7266911828962456,0.08450670393559433,107.86680905852744
272,34,n11,0.7754390367914772,0.08741288374206511,103.28527362394554
272,34,n12,0.7574211552134846,0.0804710697448938,124.30759128599287
272,34,n13,0.7087042322180065,0.08218913020740948,102.14487489015353
272,34,n14,0.7798983243965447,0.08164343220259578,116.12935244194695
272,34,n15,0.781341443550355,0.07023260603995003,100.00876702267034
272,34,n16,0.7489971834961586,0.08409097615574435,108.54386162049892
273,34,n00,0.2794940459872221,0.018005835832601576,46.85489763503796
273,34,n01,0.3077414657934523,0.021213411463171128,33.967076229472994
273,34,n02,0.19356884435570473,0.028789984253186105,45.79007108246406
273,34,n03,0.29296091908860317,0.011279496310930223,38.67464823565943
273,34,n04,0.23935604450022638,0.023803501447868813,43.36954030878116
273,34,n05,0.14935322538695,0.03717457830884403,41.77291973964788
273,34,n06,0.21915633321199074,0.015281714254493449,51.78688839887279
273,34,n07,0.2836011172551634,0.0,48.634080634435946
273,34,n08,0.24591000635445914,0.00648376225183828,56.890214488653605
273,34,n09,0.304800602753438,0.02123463822355216,52.21987438650661
273,34,n10,0.20225632873780708,0.006618349370076486,49.91827186281313
273,34,n11,0.3267842197581602,0.01671787952571792,39.14383194114234
273,34,n12,0.19146993707360774,0.03608808001247751,33.55991581991446
273,34,n13,0.229947956916144,0.04037663184110931,27.222863904322935
273,34,n14,0.2276031159251987,0.04333153678201544,42.67204713589468
273,34,n15,0.286921877518851,0.029236020814607844,38.79373954683264
273,34,n16,0.3038337364340082,0.03552605565114041,42.32230000101226
274,34,n00,0.17516185861853467,0.027063929682054438,58.66585785934644
274,34,n01,0.32571605188591274,0.029591487876389343,54.35440901790573
274,34,n02,0.2786118586585762,0.041718126223560914,34.77598532240833
274,34,n03,0.27394933640757263,0.02838429896873471,43.893447084631475
274,34,n04,0.23806275125486956,0.03504201302014781,43.07389109415388
274,34,n05,0.15658964252219856,0.028019138502913692,46.659055277420094
274,34,n06,0.26313532176979215,0.042464615941939975,40.91622164915913
274,34,n07,0.24380989378508067,0.0171802521065908,40.26515271936451
274,34,n08,0.20678777497191014,0.03310900741034594,43.63512880570861
274,34,n09,0.25442439746400336,0.0531417496503107,34.854844747614045
274,34,n10,0.26488314482072933,0.0,52.687837252414454
274,34,n11,0.21338916059592877,0.05331657944901175,56.79546804946056
274,34,n12,0.2639711038546895,0.014736807875500687,52.105738121315696
274,34,n13,0.31988140830445877,0.023700504958510383,48.82019864614108
274,34,n14,0.20198580263075558,0.027827195476932416,44.11768291949548
274,34,n15,0.23380934551147572,0.03698812704878091,37.125620269674684
274,34,n16,0.22292097792227514,0.017819865782311733,42.183805896668986
275,34,n00,0.21268581445601242,0.026308705670961382,42.64796151684017
275,34,n01,0.22739576174584153,0.04926248202585788,39.92801110653251
275,34,n02,0.28186229569513926,0.019959799623863426,49.16510865259403
275,34,n03,0.26819606760605397,0.02076186862586459,43.06501197919389
275,34,n04,0.2036951723332504,0.03779746571715557,44.685534931574026
275,34,n05,0.2125570562483151,0.027708410914119647,52.166857945178016
275,34,n06,0.27938602010510977,0.023868311055662044,51.38514266005375
275,34,n07,0.2723724465759,0.03463880487950231,40.3271863806842
275,34,n08,0.3309632575829072,0.0013475614086280105,38.68027406293973
275,34,n09,0.29087662281739624,0.026208674765369887,51.23493959380452
275,34,n10,0.2223811745013803,0.020010223697703253,60.55666578455546
275,34,n11,0.2362965856617977,0.041117764698705594,43.40702043182016
275,34,n12,0.14242451147668975,0.016530271390877514,47.46111907662832
275,34,n13,0.2428799991715548,0.011702466613437726,56.48437080072439
275,34,n14,0.3666472255029616,0.04097446659660626,49.96263473489993
275,34,n15,0.2899571698017769,0.04074198221952276,41.036680669217084
275,34,n16,0.30808626662604705,0.02940858737646111,50.57505237131501
276,34,n00,0.7016574110229035,0.08728641603291484,107.88189611803152
276,34,n01,0.664712874866813,0.0861948348572127,99.75447499453615
276,34,n02,0.768107610021209,0.06097001750979411,110.49607326312471
276,34,n03,0.6501974310802217,0.06841008088288013,102.7986435096007
276,34,n04,0.705567398575363,0.09188735188819193,104.67160387209252
276,34,n05,0.792001534861714,0.09330409739910464,115.95651793152348
276,34,n06,0.7211269269327221,0.09000044815592309,119.08780138748816
276,34,n07,0.6767654078649505,0.0797416578871555,112.01452781533456
276,34,n08,0.8435011770860378,0.07138061240882351,109.19066272752382
276,34,n09,0.7791825150200646,0.06781747786609196,103.26354122410217
276,34,n10,0.6911280382372698,0.08386223234838498,104.6566228382892
276,34,n11,0.6994594255519471,0.09315704744828807,99.71425875614273
276,34,n12,0.7018262463626234,0.08224170059528689,102.3953425247872
276,34,n13,0.6421386828177715,0.07243984067602356,111.29532985400718
276,34,n14,0.694849989324815,0.08351456128906305,101.6406317782754
276,34,n15,0.725401119017665,0.07045810426170297,112.44770505882803
276,34,n16,0.6765362225643904,0.08259902356352442,108.13347092802597
277,34,n00,0.2618742616379506,0.05440076406018791,49.48602113220555
277,34,n01,0.17154479623099328,0.02986878281696657,43.04772596524907
277,34,n02,0.1752961416954058,0.03642916781938874,32.29653576260371
277,34,n03,0.26506108465115696,0.03512081910717689,51.36816905060513
277,34,n04,0.2787262571161287,0.03208148707964325,45.67200379333727
277,34,n05,0.30279033035644826,0.03233698494137401,44.23026179276596
277,34,n06,0.19348251332797406,0.04365368487234016,51.208640614419835
277,34,n07,0.23858684580889813,0.043724397969865075,52.480783513771065
277,34,n08,0.1881634581011461,0.042440639066210706,44.681914469813556
277,34,n09,0.24615152228008277,0.0360718449373513,50.47483379360331
277,34,n10,0.3577233581866217,0.017306340616088357,42.83174777589394
277,34,n11,0.27196053522412916,0.034221967218634394,64.2278832230932
277,34,n12,0.22213233192241708,0.028005284986943973,55.09260009740454
277,34,n13,0.28785604737848236,0.0213655897273987,56.67119171959922
277,34,n14,0.19872098562256474,0.034089663000588,48.850415859386175
277,34,n15,0.23834642959522223,0.0475958082711265,37.68830510627783
277,34,n16,0.3049393377201849,0.023740054311603805,39.898484411145624
278,34,n00,0.7056052575862751,0.06811250895775547,113.30360386379769
278,34,n01,0.6918539473316822,0.07155981192744912,112.87595777106029
278,34,n02,0.6703441525169503,0.0870459513497339,114.66365809599672
278,34,n03,0.734771623546023,0.07150689078671485,123.35569490654078
278,34,n04,0.7877550134429181,0.08696700849619834,104.8503650723372
278,34,n05,0.6986151816657759,0.06947892635083354,108.58073652714752
278,34,n06,0.7316687368087638,0.0829169170567615,116.32674308115311
278,34,n07,0.7404123801368726,0.05615878927431786,105.62291567517771
278,34,n08,0.6908801313305392,0.058122872740370445,104.26032230325103
278,34,n09,0.7343190156575486,0.08505511291343641,103.7092501878599
278,34,n10,0.7969954655198974,0.07422234210917059,106.10196690348569
278,34,n11,0.7325790064868523,0.09577896941651931,114.52766130936642
278,34,n12,0.7751851630723787,0.08593205301096911,120.33079227896137
278,34,n13,0.6260451342588718,0.058735336211552,123.58447633401481
278,34,n14,0.7794161091331822,0.08807093549189529,110.68709462613933
278,34,n15,0.6682293824701133,0.09210850004894533,105.97137548404946
278,34,n16,0.6757383621920345,0.07644040808136496,112.70909609976624
279,34,n00,0.2932603939129427,0.03826407465105492,57.11951538401736
279,34,n01,0.31835241682075355,0.03800668326693499,45.98335168431838
279,34,n02,0.2561963060344844,0.026402023728055925,51.786957984652425
279,34,n03,0.2675169387052169,0.010572508611973147,51.68829987628962
279,34,n04,0.2719037076187017,0.03575400968646099,29.366692740923543
279,34,n05,0.2702637482178579,0.009872263226365568,48.13877038300033
279,34,n06,0.19104205438662855,0.03723428396356567,45.20468253261559
279,34,n07,0.24397067471485023,0.03118650738508673,25.435704303101407
279,34,n08,0.18283525659197808,0.04050803629629847,35.44099407285144
279,34,n09,0.3264128528735003,0.03264565420863524,42.89845884794056
279,34,n10,0.26291486877124576,0.007042564144674267,45.41621471459261
279,34,n11,0.29338195403926526,0.02113884478243712,42.5115207741528
279,34,n12,0.2967674502694219,0.032088338822372164,41.00020803418752
279,34,n13,0.16640150507035095,0.03863780170915398,32.29206817934947
279,34,n14,0.17601838527289154,0.027720096838755405,53.9760824540307
279,34,n15,0.3110857247997436,0.02685427175345382,42.643296174086544
279,34,n16,0.23491545176619913,0.003940911220051073,55.3051945506639
280,35,n00,0.2610047007005221,0.00571902698158086,58.668249169856146
280,35,n01,0.2049852594609611,0.030011260324706322,25.683509185116197
280,35,n02,0.2300010801678609,0.027035278055036437,34.41884099564327
280,35,n03,0.28736749851473226,0.020450011002308508,57.28287872461732
280,35,n04,0.25615926127202127,0.02724408972816006,48.288524914893586
280,35,n05,0.2135372884158591,0.022573830791383146,52.34898147190058
280,35,n06,0.22089579728847042,0.035115911955289084,37.04214207382783
280,35,n07,0.24474130326253393,0.03435028745993743,46.09973036414214
280,35,n08,0.15456964000888251,0.02368086951864708,34.20718590479051
280,35,n09,0.24591521894497037,0.002595776067175433,35.21673240736129
281,35,n00,0.6375181607496115,0.06873427805107503,107.24798198814322
281,35,n01,0.6635633549278044,0.0813613629777788,104.82158880710541
281,35,n02,0.6665183474238237,0.07343303350445893,97.66085627816167
281,35,n03,0.6882908461923919,0.07475050213416945,110.08011073052919
281,35,n04,0.6675890273460485,0.07564377576389482,110.87433931948847
281,35,n05,0.6924098091803658,0.0734547361096555,97.00305473172423
281,35,n06,0.7140980978887517,0.08373776209992187,127.81918183285217
281,35,n07,0.6707713334896992,0.0476980340428156,107.22374394704741
281,35,n08,0.7255013634097338,0.08332803162239612,111.02097622535263
281,35,n09,0.7321266177160944,0.09012256951168554,129.95571012664547
282,35,n00,0.33008103980643205,0.020311571572021594,50.02465322052526
282,35,n01,0.22892488274663758,0.02585458717003779,41.146896177566454
282,35,n02,0.2680748567353711,0.038664059613518584,27.61738380212336
282,35,n03,0.2396909211739505,0.027742930978603322,23.521420441267164
282,35,n04,0.2967775715248432,0.03709225767060263,32.04880462563102
282,35,n05,0.15743221377662497,0.011801538242247247,47.622451866033614
282,35,n06,0.31940121860937865,0.041499375977108614,50.1466490597349
282,35,n07,0.27270753828330757,0.05689388809575156,37.58953210771359
282,35,n08,0.22166837465156455,0.033889553797324584,52.28759620150464
282,35,n09,0.28840038546579866,0.03846652969981968,39.33553313451077
283,35,n00,0.7454844777681806,0.07498738277093649,103.55458985365385
283,35,n01,0.6980656729376536,0.0698686544260863,104.15111754390652
283,35,n02,0.7315146247550253,0.06916102347909195,111.6491248222291
283,35,n03,0.7955653763011734,0.10178014957464915,110.1967710742709
283,35,n04,0.7376769996470514,0.09177645112358795,115.00652240721679
283,35,n05,0.7141971803088115,0.09384396652997519,101.66120938730317
283,35,n06,0.7098243016173854,0.09135348611891873,114.7556976148069
283,35,n07,0.7261974708066093,0.06816781641559251,121.14903603455126
283,35,n08,0.6657466670441148,0.0732608693211938,129.2670002011275
283,35,n09,0.6891560174304429,0.07372506078997833,113.77118391170788
284,35,n00,0.302221318192569,0.04938561212259546,38.417485457983524
284,35,n01,0.24320696259862462,0.040135602163443175,50.096998517045535
284,35,n02,0.19742898323477973,0.023934704675524818,42.034994742975194
284,35,n03,0.24383228791214656,0.04393594556378471,50.956732358912376
284,35,n04,0.32370877426220074,0.04393929963992696,47.62876202518186
284,35,n05,0.20521356810370758,0.009388457292139031,46.69218019339981
284,35,n06,0.18321724471874284,0.05859831633594729,40.53659789521948
284,35,n07,0.20654964703147852,0.05346985561831968,49.448779148083
284,35,n08,0.3252799767820296,0.03285643895396098,47.274911446808076
284,35,n09,0.316681326089181,0.02208949738140035,58.353616837696826
285,35,n00,0.20610225897612594,0.015781153311410057,28.112513708862576
285,35,n01,0.26609682547244917,0.011928704634835263,44.83295711484693
285,35,n02,0.16691270851585593,0.027662697287273243,51.042533521519424
285,35,n03,0.1778744145889277,0.028958488093851622,52.97524272844865
285,35,n04,0.21754569878876903,0.02140917490082045,40.265161186100805
285,35,n05,0.1996070845654553,0.056576271850535466,47.701280883329424
285,35,n06,0.3300392180043931,0.04953433962225826,46.850150802200915
285,35,n07,0.2926005885959258,0.01654469345761745,55.5910569673314
285,35,n08,0.24347297166667206,0.0436531264838732,42.817289621872355
285,35,n09,0.28898558070493946,0.0283963503183531,59.36460240248488
286,35,n00,0.15788628728426987,0.02049449260736417,57.0531699558623
286,35,n01,0.2132231548892411,0.041033510694039294,36.572606811289845
286,35,n02,0.3152118781826594,0.035770572417674076,35.86703701479097
286,35,n03,0.15070988450301975,0.038262678909498325,33.50528345363744
286,35,n04,0.2639959951471807,0.031079624380672164,50.21895323553288
286,35,n05,0.2540312426943226,0.03497897881826634,42.999135654631374
286,35,n06,0.19314622617557892,0.03934772389121732,42.32128068484517
286,35,n07,0.24502293864786698,0.03163288496054163,41.01479071906135
286,35,n08,0.26916627291161305,0.044586820731869134,45.536150475246295
286,35,n09,0.24277550945889181,0.0549743342809549,55.75813519075343
287,35,n00,0.2112504686482803,0.032959720356927014,43.37107954428829
287,35,n01,0.27513482609127227,0.034542417841927096,50.2713948664962
287,35,n02,0.3157794251804491,0.04165293497174355,48.71459549772436
287,35,n03,0.20801733843880713,0.018767395094166212,41.33630531446521
287,35,n04,0.28433874577860585,0.044912444483085366,50.63073051615078
287,35,n05,0.24417386234404131,0.03520418453143306,42.50411916742821
287,35,n06,0.24285356283547824,0.03517087064485754,15.481564711800523
287,35,n07,0.22769327714753196,0.0,53.76373052129118
287,35,n08,0.24083083707743758,0.03637919011022872,36.380341044858724
287,35,n09,0.3318979486695993,0.008858666237381237,42.38471611279656
288,36,n00,0.21306327663968264,0.027775405388828025,56.46220166086731
288,36,n01,0.21259050456297826,0.04238871594643616,56.772064251505334
288,36,n02,0.25453775063498074,0.055229949578565814,40.6346817776979
288,36,n03,0.288495161816553,0.0008459322486363101,56.983011964968306
288,36,n04,0.2447892559493522,0.015029554680085532,50.92404631266412
288,36,n05,0.2560177378188292,0.015344979957710772,58.162501510433636
288,36,n06,0.34369626391034774,0.032166998497055746,40.37342731850794
288,36,n07,0.3034599193281158,0.02459253383915684,38.47531498481512
288,36,n08,0.24726665784503168,0.026696219564739273,41.01330168441904
288,36,n09,0.35467235534044805,0.03252687520658404,42.23930664899828
289,36,n00,0.8084015177847383,0.09285221489046641,106.4742409567042
289,36,n01,0.7375784717455619,0.08627365532261133,113.32124729353866
289,36,n02,0.7543114349256297,0.0890745872427132,111.06719691844222
289,36,n03,0.7102657732137221,0.08346650021916388,107.65937766024481
289,36,n04,0.7512711078234234,0.07469012900689218,122.2316818869634
289,36,n05,0.7794863398463766,0.08732103704403506,109.69944224123766
289,36,n06,0.7192804390838596,0.07719257016629752,107.44791485271872
289,36,n07,0.7812386682733365,0.1024464467676207,92.00895741062969
289,36,n08,0.7102154272003289,0.088577375589063,103.04315483202114
289,36,n09,0.6807987050387513,0.08025191361370801,116.06494414862897
290,36,n00,0.7628734702804888,0.07563696687065047,118.3670331402339
290,36,n01,0.7576020731966314,0.072823457208366,119.79264995408033
290,36,n02,0.765513357492146,0.0650287414962114,112.81597048049143
290,36,n03,0.7116594640517848,0.0729401893771683,116.72045042897759
290,36,n04,0.6756281858476509,0.09124706823225037,133.63704434942264
290,36,n05,0.6758190417063432,0.06661089129076175,108.61588630677156
290,36,n06,0.7257612072447157,0.08355603619353516,116.18428256750359
290,36,n07,0.7625621630784138,0.07648210039791632,127.64078623206706
290,36,n08,0.633062264626698,0.07297537160089856,122.42766242038523
290,36,n09,0.6174640868797292,0.09057886566236219,92.03015493443783
291,36,n00,0.27190905798601583,0.04758301089047805,56.569203878296854
291,36,n01,0.22430009969611137,0.02955121612904749,32.48524512126833
291,36,n02,0.26806687565389326,0.024955989461457877,54.79197085068792
291,36,n03,0.22293682043443805,0.024077974904031678,41.75681759930285
291,36,n04,0.1901840342295725,0.04210154666683484,54.350594693913294
291,36,n05,0.2721007510603332,0.027229175689376182,49.01166509922554
291,36,n06,0.19348662607166833,0.03680205912666666,34.73674261553235
291,36,n07,0.22237110085091527,0.048488360958784796,61.77813063915708
291,36,n08,0.24345390227759672,0.005262349463850933,39.25907387114319
291,36,n09,0.23641168848615945,0.03350274383585311,42.46195422084309
292,36,n00,0.6275106565074545,0.05592923600242074,104.31543018971358
292,36,n01,0.7527151856617623,0.08605682393360402,109.73331339922625
292,36,n02,0.6411480771970355,0.07356586441789992,106.50469808637044
292,36,n03,0.7644669258348955,0.0694864345583357,111.14604826508061
292,36,n04,0.8004699419195297,0.06962552552173612,105.55954750668556
292,36,n05,0.6639884321946207,0.06728928466976555,111.46011325446048
292,36,n06,0.6903156019076481,0.096854596463103,108.99375566009867
292,36,n07,0.7042058319911358,0.08017549539183692,107.05224902370851
292,36,n08,0.6652747367121868,0.08452553125355715,103.88202363886599
292,36,n09,0.6996709143643084,0.09204197383824875,111.63353037996178
293,36,n00,0.17477076761206778,0.020576316238892483,47.35499534647085
293,36,n01,0.20875783136101145,0.043186177101447405,48.86330095702326
293,36,n02,0.24348256730138212,0.03226097029414207,41.38424772478939
293,36,n03,0.2494936555448829,0.01485008063729296,46.27175247250948
293,36,n04,0.2514064272847608,0.02854308764356269,50.13772264971915
293,36,n05,0.2680081605907552,0.02589013503748511,34.833022570237404
293,36,n06,0.28899441068693765,0.02536544225659399,42.49863248358434
293,36,n07,0.23129769875225997,0.03730112084146538,41.206667093501665
293,36,n08,0.318225982387708,0.02806318774977035,41.97151351239269
293,36,n09,0.21031428334874616,0.03586413054355584,25.25931021625771
294,36,n00,0.26540348943902214,0.021714141865573675,37.71262583650464
294,36,n01,0.16443416172734088,0.012405710566331867,49.596549046570175
294,36,n02,0.3083689819432052,0.03836619296573528,29.239166578792762
294,36,n03,0.23701360965731835,0.034585459307594726,48.522390888886
294,36,n04,0.25933792046398324,0.024764363013578157,34.115783885331425
294,36,n05,0.17113321012105787,0.03853054905294424,42.09987984874513
294,36,n06,0.24533263439395114,0.034444653492564516,42.82858402117949
294,36,n07,0.22217897961018573,0.04191225142163107,44.716714804368266
294,36,n08,0.250564994741887,0.03380252327345464,42.3598581792466
294,36,n09,0.2719786621371069,0.024762516198577486,60.63982801349739
295,36,n00,0.7192114228205029,0.05870567013466889,120.3975881853656
295,36,n01,0.6866248069497424,0.07958111531007236,109.86138793217005
295,36,n02,0.7560723705529554,0.08391355381692198,130.21999902975134
295,36,n03,0.7868960320063675,0.09080582545016484,106.96073875838822
295,36,n04,0.7404985918393616,0.08730402436787017,118.24481990973443
295,36,n05,0.6598859082107712,0.07698479150138947,119.7032946331861
295,36,n06,0.7274249650183096,0.06771103242210713,105.71266033382952
295,36,n07,0.6877160543080323,0.08173316330106094,114.09510703826342
295,36,n08,0.7610869261952112,0.06433039841851215,112.228388117512
295,36,n09,0.6778511058412433,0.0824264689571849,100.35659787048635
296,37,n00,0.2793578701360469,0.005360658018654638,45.329868423667165
296,37,n01,0.17105076856872886,0.025328396061520358,39.7110745810203
296,37,n02,0.27569444957124034,0.022805670699456233,40.29495490994438
296,37,n03,0.20157285389395646,0.032648702746232536,32.981490267273685
296,37,n04,0.27562819742806954,0.05537892958983191,56.76425942608226
296,37,n05,0.17274843837348408,0.011815415640864257,47.42329140548351
296,37,n06,0.25433083884947244,0.018184733182749525,56.12968555524371
296,37,n07,0.22263568500290298,0.0472284333635479,62.44870976602215
296,37,n08,0.21948895698968404,0.04161749465893854,45.13992267046306
296,37,n09,0.2624798469859809,0.008768596794041558,33.73791804748419
296,37,n10,0.20838802606062196,0.0241260338683406,52.28011526381871
296,37,n11,0.24154231339982077,0.052706800209905605,37.15333120779914
296,37,n12,0.21621253472685537,0.029450820865311807,40.21570349627879
296,37,n13,0.25047853893806477,0.03381467720100046,48.95689054027802
296,37,n14,0.19921658381722668,0.021114876494058257,58.484463550359536
297,37,n00,0.28435224723615415,0.027737598308667018,51.28711837663012
297,37,n01,0.24506262033935186,0.04434925614100843,55.94989994038153
297,37,n02,0.2907352218928096,0.03214822671633189,34.92307813529298
297,37,n03,0.25658943924638966,0.0288782423807243,49.17029103441734
297,37,n04,0.21806905852110411,0.03576272769381499,30.496010889449174
297,37,n05,0.2652750790986212,0.02990296461061548,46.33384630607891
297,37,n06,0.22489574102628984,0.028244010476101488,49.090750217327425
297,37,n07,0.27512246166499993,0.041052984582248694,34.31707052813239
297,37,n08,0.2794296376669265,0.017490973779677142,47.22657836500809
297,37,n09,0.3115597465810977,0.0340045105253955,59.2648855061793
297,37,n10,0.2155478479612192,0.02181420157117265,44.38818830562443
297,37,n11,0.21080368694338067,0.04384800445341574,39.399532657909894
297,37,n12,0.1955029296969765,0.057942647495613855,46.04306218912111
297,37,n13,0.24012875023189206,0.01599342514197734,49.50095297386669
297,37,n14,0.22786537219790384,0.047439586966889935,51.32151641203099
298,37,n00,0.18220504803487952,0.03684526134373766,55.82048420823625
298,37,n01,0.2709126554080121,0.03675735555739508,33.14564766718995
298,37,n02,0.19156296412178764,0.019372587743629637,46.03880775924807
298,37,n03,0.2683172958037291,0.04676942589024747,46.09740994253326
298,37,n04,0.33744918283803316,0.0,40.30276243927794
298,37,n05,0.2934861768073299,0.02418212663467205,58.62260384930157
298,37,n06,0.2002902683272832,0.007577425518805404,43.717255621754276
298,37,n07,0.2610099115936973,0.03451508856165516,58.60878542566585
298,37,n08,0.24638470409429997,0.04596498270000751,30.16967464945031
298,37,n09,0.26940738601767256,0.01992746609939597,34.55017619710539
298,37,n10,0.28456752260865364,0.03141600733195147,43.03651603779128
298,37,n11,0.27284376365989643,0.01117754367710352,43.16983894638277
298,37,n12,0.20819212591823144,0.03271081394294731,28.436182783047858
298,37,n13,0.23674621809972218,0.033482895386188545,46.678459543483456
298,37,n14,0.17723092823754344,0.02413180260745317,50.008410574825085
299,37,n00,0.7170433675435098,0.07367598819550197,105.89956655291036
299,37,n01,0.7808167544895719,0.06470301892758207,104.61394526428384
299,37,n02,0.7280022008388645,0.06481576060740579,101.14861956195426
299,37,n03,0.6547734595812291,0.0998587211028645,105.9327898684301
299,37,n04,0.6851657261638103,0.08519406313194783,106.36697433691234
299,37,n05,0.7679391056393879,0.05910768427008241,104.15608063517277
299,37,n06,0.7130075139259855,0.07736568401715634,108.68130038082845
299,37,n07,0.755726515089881,0.07134725776088673,104.48539430017209
299,37,n08,0.696134569598563,0.07262729592060321,97.16635313794094
299,37,n09,0.7707817172878222,0.08333199528658282,109.79801451913558
299,37,n10,0.6631388052960996,0.06890576522275074,108.3805542711495
299,37,n11,0.710431567437991,0.06891694548503902,104.8597518111649
299,37,n12,0.7287362841890428,0.08643628726711923,125.25864036709217
299,37,n13,0.6809487507564441,0.08691823791616617,93.66618013115573
299,37,n14,0.7222441228099556,0.051762156874462534,121.72854629099993
300,37,n00,0.25432780596936777,0.031767073508601563,41.11865953233362
300,37,n01,0.27837181040634157,0.038980658730120424,55.67263005820655
300,37,n02,0.29953159932923773,0.023361950435607508,30.81770013699262
300,37,n03,0.2877386658091434,0.0367903674767018,45.20616113772186
300,37,n04,0.1944155043099723,0.06445513554158419,49.227196838785176
300,37,n05,0.20605728385347769,0.038531936765392724,47.32912939810659
300,37,n06,0.2478112928037946,0.022987281133205553,51.7901083560328
300,37,n07,0.2617617356315928,0.04950179039645154,36.22812158033955
300,37,n08,0.28751719325119496,0.03724650458495574,37.45015712825672
300,37,n09,0.21279595275809257,0.034299476563818744,62.09526807679893
300,37,n10,0.20120184654311968,0.0149382130848064,41.01592992233478
300,37,n11,0.2992683219081418,0.024119860424859002,56.730121498999715
300,37,n12,0.14935274082334055,0.039813370408388726,48.238568874223255
300,37,n13,0.21868678461329832,0.04017690148139466,45.92514641843322
300,37,n14,0.2529719723171185,0.018129986744546252,40.905831860286405
301,37,n00,0.7302235512790428,0.08675244287609589,115.96356906506819
301,37,n01,0.701462055944667,0.09936393289952097,102.12977759247514
301,37,n02,0.6182959937712206,0.0780287778544278,117.25210421004284
301,37,n03,0.6989240831903125,0.07357351441059592,110.15753792425822
301,37,n04,0.7618731548997328,0.06953105633914501,112.5825578931408
301,37,n05,0.7316801158155568,0.08152391148203637,97.20681726194556
301,37,n06,0.6569249517686168,0.06694402790125513,117.96294937464505
301,37,n07,0.6419610276471278,0.07930671465327706,106.47928639108233
301,37,n08,0.6559118666026411,0.08765779272817363,102.4961942100492
301,37,n09,0.6939366665811022,0.10013101260048729,108.07979888723871
301,37,n10,0.6960922601388393,0.0729503493046518,101.85961151036408
301,37,n11,0.7368236851471653,0.08801551092273115,124.27059995740598
301,37,n12,0.7778560656977336,0.06478650180179672,113.34191502664903
301,37,n13,0.697283699800512,0.05874435039602316,118.36645532953784
301,37,n14,0.6811156206387206,0.08252089263453086,113.03959647787448
302,37,n00,0.6785133524039072,0.07733471172985763,101.63416480271758
302,37,n01,0.7700429215084887,0.10002479967992353,104.98865260461687
302,37,n02,0.7099547761938944,0.06625496457661861,116.32300393311696
302,37,n03,0.696036131561691,0.08968964876283843,106.9618764653359
302,37,n04,0.6898158921475609,0.0718560580445196,130.1871069457997
302,37,n05,0.7523349099778022,0.09833528075279124,109.76541823061959
302,37,n06,0.7287683167304541,0.1031090798955174,109.49037579444484
302,37,n07,0.7141623454279027,0.0802618907522042,103.42718805795404
302,37,n08,0.7250168590890004,0.07480783304018057,107.59832851419415
302,37,n09,0.6942510267881785,0.08804794671742949,107.12497288101451
302,37,n10,0.7019845153069544,0.08219653769307798,112.71651892865096
302,37,n11,0.7045037290736165,0.08745887049037564,119.38260501121147
302,37,n12,0.7185036109686155,0.07415955929263954,120.04312575634785
302,37,n13,0.7194686254327938,0.08320062942375298,109.69270388996117
302,37,n14,0.6784380048078662,0.09269480093362129,110.51111679814353
303,37,n00,0.2938033447654483,0.03223642907664627,48.8068814032422
303,37,n01,0.2194141096950284,0.044121469061501356,41.316877025932314
303,37,n02,0.2735001155251026,0.02800338088714461,40.96035301330188
303,37,n03,0.2621454157166833,0.00963008556636797,44.56667324127961
303,37,n04,0.277752941893135,0.0208443537265781,40.14844498508164
303,37,n05,0.23228228151386132,0.041947073567956246,45.211116947659974
303,37,n06,0.2678739102316722,0.036538048761474616,49.6177941647105
303,37,n07,0.20508415793305734,0.030940801480416225,52.40951555303775
303,37,n08,0.18740258468835475,0.027067715733934614,50.55846426939294
303,37,n09,0.22089659811146617,0.02865018093948692,56.197703306985346
303,37,n10,0.2290948076133211,0.03966486332797299,47.18631911305064
303,37,n11,0.33857100915427824,0.020233806106664927,47.88062672171631
303,37,n12,0.2613230997958051,0.029735013220853458,38.389180863095895
303,37,n13,0.27654073904772425,0.04920448995892507,48.179891089579286
303,37,n14,0.19808645203415814,0.04807977769015088,37.17611665477436
304,38,n00,0.21751987370206577,0.0291704622207178,50.78662011682035
304,38,n01,0.31929708248230637,0.03231090237772733,46.69496602012962
304,38,n02,0.17190814765004991,0.0343942144312641,48.519706627881305
304,38,n03,0.2503151707988139,0.025817995132874787,27.244226663459465
304,38,n04,0.28775820335211044,0.02217552347259959,42.89386343874388
304,38,n05,0.24218161194291393,0.02252684309241494,47.23277012956275
304,38,n06,0.2582018466805916,0.01602378861399619,37.158538885924045
304,38,n07,0.29351761896932416,0.024789885086625343,60.42751172855171
304,38,n08,0.22703427743010832,0.027050530294122226,52.71143569068249
304,38,n09,0.20764618366210624,0.04669257661899198,52.9729830945553
304,38,n10,0.2660185800853807,0.01137017394769654,36.398634462399784
304,38,n11,0.3408284045354524,0.01904425780135776,61.078202902590164
305,38,n00,0.27440402085963056,0.032865639109173075,56.35067336152295
305,38,n01,0.2432591827418006,0.03890766568718349,49.26818349909082
305,38,n02,0.3162554393341653,0.04185880033281121,73.19191705826182
305,38,n03,0.29233972586697016,0.03775419739771852,47.27387005219397
305,38,n04,0.22411828863488356,0.021592062662819798,58.19358388540619
305,38,n05,0.24027391917757798,0.03758478461763092,51.55292305742796
305,38,n06,0.2967892093092558,0.015792945360811182,51.43970142017421
305,38,n07,0.2494599992985212,0.043855690468816336,44.58288318401193
305,38,n08,0.21038205659644052,0.02077002091774079,57.38731372004729
305,38,n09,0.270302573523717,0.01713088141046996,37.58091275159945
305,38,n10,0.21183672543278817,0.03907226269885975,54.56435273200217
305,38,n11,0.3053860794970553,0.029414905339392814,51.165753771815474
306,38,n00,0.6929251656350867,0.0788036452525183,104.74462099718248
306,38,n01,0.6733397552160524,0.09066038557736325,130.39049612456577
306,38,n02,0.7040098605608408,0.10007823792659307,116.13112012048639
306,38,n03,0.7776422646183611,0.08856304664458668,111.94986630242038
306,38,n04,0.8073002740426463,0.05641119917504992,111.55862422274953
306,38,n05,0.6891410267010927,0.06116885692399611,117.67508500610055
306,38,n06,0.7196705355278054,0.06824014150227961,111.99150910298583
306,38,n07,0.7102136982730813,0.0836526690856119,103.29825420609664
306,38,n08,0.6711411255011788,0.07572624127843305,108.4007394215858
306,38,n09,0.6893605537242209,0.0785876467887308,108.255733183736
306,38,n10,0.7770523813104816,0.08493839063522116,120.41666524683994
306,38,n11,0.8411394146280795,0.08991858369846167,111.70001580987505
307,38,n00,0.771632625497525,0.05044463264301323,113.3591724768861
307,38,n01,0.7068908186282709,0.06801254428026746,98.53603032169417
307,38,n02,0.7120624523458919,0.08053802714365405,106.15551332027218
307,38,n03,0.6027931689257783,0.06358648556935519,118.07255298367906
307,38,n04,0.6882397205928298,0.08161410350869583,95.05303251847421
307,38,n05,0.6918108298034319,0.07885734297647762,113.3496867628622
307,38,n06,0.6911921098411867,0.08312838173815512,111.4361714067336
307,38,n07,0.7760347636869651,0.08199503048417624,103.157149188406
307,38,n08,0.6837464072656699,0.10402178260676496,113.9407596650373
307,38,n09,0.7111872052485544,0.08857225152745617,118.14049718786111
307,38,n10,0.7695395464222595,0.08216702440354325,114.72740750652645
307,38,n11,0.6742245185411175,0.08924331686371201,120.252443646339
308,38,n00,0.6421245360749818,0.0925839208910158,104.77177061705409
308,38,n01,0.6395350504991425,0.09690421326858951,116.10201919957558
308,38,n02,0.739769797688997,0.08674778371775763,94.63334869036042
308,38,n03,0.6528367744727006,0.05575790411995568,114.18855824388947
308,38,n04,0.6937528317060483,0.07751324940460914,105.7375762217744
308,38,n05,0.7507806319259328,0.08072190242136484,106.69076882684894
308,38,n06,0.7032930317201326,0.06297053874630193,98.5980580298381
308,38,n07,0.7718671027146864,0.07936273219903447,111.56064530451562
308,38,n08,0.6826719777100506,0.06496142864455681,116.26465508761487
308,38,n09,0.7974642157386869,0.07270339559163375,108.52510032535291
308,38,n10,0.7408742216807402,0.07592852951816825,126.83026347796101
308,38,n11,0.6690317021098001,0.08060742590107077,103.34606889173398
309,38,n00,0.6874429232437074,0.07922785319546183,107.86846916005663
309,38,n01,0.6982702756154545,0.07492302985309357,106.55224736766802
309,38,n02,0.7252313972091862,0.08712428366715923,85.96567817635378
309,38,n03,0.757029691876373,0.08324327569027772,104.52928296284713
309,38,n04,0.7084678198658473,0.1008307804152433,119.16458523066547
309,38,n05,0.6928125369315328,0.08463443741531392,117.63092244275757
309,38,n06,0.6859778139813562,0.08446118798064105,107.31890200447684
309,38,n07,0.6662186658412119,0.1067335795415239,115.28158722429167
309,38,n08,0.6590459276603613,0.09632754723072451,119.09252028090755
309,38,n09,0.7112532700725056,0.0764358124669045,116.35360321413914
309,38,n10,0.6494802540529692,0.07405131183192158,105.60077575324485
309,38,n11,0.7469619838070882,0.09250597372659526,112.94209484628713
310,38,n00,0.7514082827994016,0.0941807521723099,108.15839371756732
310,38,n01,0.7275723944900591,0.07567616649299516,118.44353276565232
310,38,n02,0.6594791732643696,0.08852475985004551,127.15238265568586
310,38,n03,0.6506474301087164,0.08405304897471182,105.68565057664746
310,38,n04,0.7488871564342209,0.07529959685924092,118.3886225520073
310,38,n05,0.7047437933561923,0.08223002610076793,97.95437186347591
310,38,n06,0.731891809813185,0.07307703613889424,116.96387770189538
310,38,n07,0.6660222640385711,0.07448112173953195,113.70982398434838
310,38,n08,0.7791791198521307,0.07495104746412494,106.20642299272018
310,38,n09,0.7501700016762471,0.07553887901519007,113.33270657069966
310,38,n10,0.7365201652427833,0.08468952518271469,107.56434507048623
310,38,n11,0.7225508797192467,0.07025124179465603,101.57466140576771
311,38,n00,0.7421369061613918,0.05608133494004161,98.0995571098158
311,38,n01,0.716884452172458,0.08349204809690204,106.91253256395284
311,38,n02,0.6896022384482537,0.10666984116319123,95.48108690898644
311,38,n03,0.7937765398386769,0.07893313229010633,108.37476430906658
311,38,n04,0.7692569672068081,0.08217470061483213,111.9882462650972
311,38,n05,0.6669838227335936,0.1089042385570641,113.74802399673732
311,38,n06,0.6934627317692257,0.11378866878865215,114.16232243596995
311,38,n07,0.6944946335645993,0.08893705630368492,120.0994173464412
311,38,n08,0.7502608985770494,0.09388219108197969,117.74805493411955
311,38,n09,0.738351864049577,0.09952127789352971,105.90936083937673
311,38,n10,0.8182682088774251,0.08857701507127524,115.37385250893568
311,38,n11,0.7117383952223556,0.07430920141646825,97.90478462949025
312,39,n00,0.2807201941892502,0.01806623345418587,46.18261583246984
312,39,n01,0.19501646363273423,0.01724861833917863,51.372140790921954
312,39,n02,0.31449160299592577,0.03215982134485562,34.78783127706862
312,39,n03,0.21030870051966288,0.03455172017793571,54.16516416566102
312,39,n04,0.24929796144157174,0.01714912251256437,55.684019914417604
312,39,n05,0.21913179181028417,0.029199104974419555,54.96124709323954
312,39,n06,0.2097526949549263,0.03097350816460169,44.39120298855324
312,39,n07,0.3026861225056384,0.024956816589920522,42.39273125505901
312,39,n08,0.27088486161137204,0.029793179726917696,37.26903543676126
312,39,n09,0.23102276077735062,0.04359237520990616,49.93668541557935
313,39,n00,0.2572370061159012,0.008398758975330434,53.627286048148385
313,39,n01,0.2728112632233126,0.0306463381326899,35.155985357081704
313,39,n02,0.29961892312619975,0.006276109319203388,34.13593109747814
313,39,n03,0.27304720655534737,0.028745426135150975,33.70658094169176
313,39,n04,0.2781163367143665,0.03815337116117732,45.857703015104846
313,39,n05,0.23776976813240147,0.02339596800271927,47.495889988883015
313,39,n06,0.1388390154470095,0.01691860322425097,40.92406287190469
313,39,n07,0.25214154895174,0.016911951845568207,40.73038835909081
313,39,n08,0.16115352648407344,0.01975682205512984,57.7168964430105
313,39,n09,0.21132928762236813,0.023191016178996195,48.36368983307103
314,39,n00,0.2768505635949315,0.021571675808038517,28.219480577696054
314,39,n01,0.25999696347441426,0.039920332433621315,48.0794540019502
314,39,n02,0.2893367591005744,0.030942714516080362,50.87588272998136
314,39,n03,0.23139312810723406,0.03805966730588657,41.4305949180196
314,39,n04,0.17444455663373842,0.024636076312563444,51.48801236933445
314,39,n05,0.20373877716439626,0.018645536530961453,35.883852931816826
314,39,n06,0.24559247280347776,0.01373142609861135,44.93964389180951
314,39,n07,0.3563386326753322,0.01994761012158116,47.76098914915132
314,39,n08,0.1869837610453267,0.01812358483578371,54.260935881720016
314,39,n09,0.28426576935528214,0.012727887454431767,48.45156800435605
315,39,n00,0.7256324421115727,0.08700403886361201,97.73861063858962
315,39,n01,0.7635230253935488,0.08218894984653421,102.57152621526178
315,39,n02,0.7508055839878142,0.0743902010802443,110.12405122911966
315,39,n03,0.7425286315242434,0.06850390357536276,104.18009104466033
315,39,n04,0.683691997910569,0.09626938985264188,118.003540778823
315,39,n05,0.703737610301696,0.10903730660641138,109.77909556581072
315,39,n06,0.7102576830561464,0.09755467502222158,92.82585334834606
315,39,n07,0.7867685333264527,0.08374632978068651,115.82693373339129
315,39,n08,0.7599647149674544,0.06905956025185638,108.93287621760891
315,39,n09,0.6759009447418468,0.07569926477402189,122.72632054290004
316,39,n00,0.7833489799865514,0.07363163023968318,110.16405188002283
316,39,n01,0.7206875556782211,0.08639246803223123,106.09103052776368
316,39,n02,0.6778597777967613,0.08195293738818102,109.47698994171586
316,39,n03,0.7710902420732104,0.07998960647692777,120.81069702078143
316,39,n04,0.6112915502191615,0.07420334775174972,103.58311567055227
316,39,n05,0.7216269101079356,0.09281421486391911,112.85058398209893
316,39,n06,0.7109612170292084,0.08214971841712766,118.53491573197964
316,39,n07,0.6387057368936783,0.07975358757044282,110.89313788857159
316,39,n08,0.7085308184844611,0.07314590237319404,96.42135952913222
316,39,n09,0.7021719732123092,0.07426074187185985,123.15240197549275
317,39,n00,0.6810735441538704,0.09205872133317294,91.776092745494
317,39,n01,0.66982328190143,0.07145827857006301,109.95886138831459
317,39,n02,0.7269478085903079,0.06818791975873623,124.10041275410137
317,39,n03,0.6404211019325347,0.06753615970249846,103.05229223449136
317,39,n04,0.7162403803353647,0.08240892377836681,93.01347257357469
317,39,n05,0.6392561831807476,0.09225804507045782,115.43325685420109
317,39,n06,0.697027855216278,0.0632532786631401,102.86624495318182
317,39,n07,0.758135241761437,0.08002396836864423,122.27236448492494
317,39,n08,0.6844690095509756,0.07961755846361694,128.13652763097195
317,39,n09,0.6543344515105856,0.08155981008606099,117.11478404562257
318,39,n00,0.7084599815483139,0.061508673124896066,112.38281034852854
318,39,n01,0.7779059778529867,0.09274061825497613,105.94174028967025
318,39,n02,0.7232794718940808,0.09493254737012355,117.87812745868163
318,39,n03,0.7749633520948394,0.07196451350741787,115.94911484299459
318,39,n04,0.7356042064386735,0.08667872569772812,107.48094412043196
318,39,n05,0.7726971604692326,0.052432326601694765,119.96047362668682
318,39,n06,0.6468461375534784,0.07404351420514504,107.71256732977687
318,39,n07,0.7412496907789273,0.07341642665165293,117.86457227521271
318,39,n08,0.7170768971693684,0.07841695211274663,104.25853265842697
318,39,n09,0.7565721648255274,0.09014989517623473,98.50833038201213
319,39,n00,0.3436740951700886,0.033039149289054104,38.68299693871952
319,39,n01,0.316363669743316,0.04796033247486173,45.338423624151616
319,39,n02,0.2635434277453057,0.03555790849125928,53.36428222833008
319,39,n03,0.27567711267142175,0.022287414223645028,40.139522454779254
319,39,n04,0.23472048632118617,0.020253318495610496,60.17426116702837
319,39,n05,0.2814214326656429,0.02518824492466217,40.87768540615308
319,39,n06,0.1775647289806348,0.034840650640507925,47.45705257498338
319,39,n07,0.2735772739681817,0.016428518838673654,55.55225774444436
319,39,n08,0.3116927067808503,0.0036091717811356366,48.2269066747303
319,39,n09,0.27575645565905893,0.02068196891269323,53.7653637096315
320,40,n00,0.22902995426305253,0.043344288885588333,54.82307939134451
320,40,n01,0.17373234999832965,0.03606952608883771,26.928222889557787
320,40,n02,0.23507760302039654,0.049984817814076876,34.98894523481538
320,40,n03,0.23112515916197526,0.024117291463821654,53.74956186330393
320,40,n04,0.20013170756483734,0.02058864411483794,38.42400594309963
320,40,n05,0.23756086613282684,0.03249600536179863,50.77756632900259
320,40,n06,0.219197140413671,0.049849645811723506,54.06082117649771
320,40,n07,0.3333904306120705,0.026869351302261632,35.53962790457483
320,40,n08,0.19587796909092892,0.032411465641599344,49.0699480362602
320,40,n09,0.2893054900100603,0.042840927571196424,44.016766777716875
320,40,n10,0.27684119707985605,0.02323728237109229,36.475078994171554
320,40,n11,0.27306389231102157,0.01758683428211739,63.024864686309485
320,40,n12,0.25331634280975146,0.0541840549645211,47.5740131851513
320,40,n13,0.24322219949825927,0.019234626134546066,44.64061261820827
320,40,n14,0.22379590281513334,0.03369642536716993,39.601091822293874
320,40,n15,0.2048171649767022,0.025102897638051864,61.16434613591966
320,40,n16,0.20444861351506233,0.015431903492339758,35.57139736108754
320,40,n17,0.28316226130979627,0.022740200915392854,57.49405530802891
321,40,n00,0.6343924171309508,0.06590738964153119,102.06612968468087
321,40,n01,0.707304418617943,0.087259788230062,104.44155805882738
321,40,n02,0.6931129396105289,0.07615308943389462,108.14476118612782
321,40,n03,0.7296488456884412,0.06010196817980609,124.46264761466995
321,40,n04,0.7017257080495761,0.0815506606168472,112.02119861762147
321,40,n05,0.7224671319905633,0.09223334805173254,120.96393566845278
321,40,n06,0.677543173082401,0.07355810890267728,111.97814112713056
321,40,n07,0.7477735562244509,0.06755942736220696,113.81340788787925
321,40,n08,0.7153168663735824,0.08923570009528624,125.01984350752488
321,40,n09,0.6964891517401085,0.08872194568041251,102.60396678974969
321,40,n10,0.7837987650633258,0.07625353180892519,108.84004141694719
321,40,n11,0.7067629501751489,0.07607156471220013,116.73147270961874
321,40,n12,0.6642684596043403,0.08405560308267973,101.98982444874326
321,40,n13,0.739385560713104,0.07243277529567925,118.74517985551856
321,40,n14,0.6630280089267635,0.09934803646160187,98.27097309484859
321,40,n15,0.7794233260763861,0.06784731368874773,112.16930619760738
321,40,n16,0.7476314699160005,0.08923658249652207,115.60201941532408
321,40,n17,0.7552617321011997,0.0973301979042701,113.04809606585488
322,40,n00,0.7807908526683311,0.08268964599030054,112.58680017949126
322,40,n01,0.7617058390828021,0.06488044220405743,107.01142566575224
322,40,n02,0.7194514858884269,0.09565254899465503,107.1264466919796
322,40,n03,0.7153454807803789,0.079721758532394,101.64274282704544
322,40,n04,0.7435160972789769,0.0768989586411026,96.10516064573811
322,40,n05,0.720929120258842,0.10488552581233375,111.57060181732668
322,40,n06,0.7004740479401678,0.07127573555894375,107.62695247977405
322,40,n07,0.7567787906699968,0.06440317527437703,111.65407485283859
322,40,n08,0.7748078539519817,0.08279470109350508,104.98424178936949
322,40,n09,0.6970376718066909,0.07064379817770042,101.43728790077407
322,40,n10,0.7013379715557982,0.08658221990531835,116.90313165295827
322,40,n11,0.699156609419739,0.04979897184371877,113.86640492272727
322,40,n12,0.6836429969297931,0.06510071847858367,114.48042716722011
322,40,n13,0.7069754883554649,0.07166658895786625,116.05116602815873
322,40,n14,0.6534527227239546,0.06721414188470322,124.8461049909078
322,40,n15,0.7423494903848895,0.07317603884082804,113.47136746001105
322,40,n16,0.6395169058863021,0.09512229732627178,119.47938579215318
322,40,n17,0.7419399631625476,0.07189167211276215,104.39706943747646
323,40,n00,0.2815887013832261,0.02918834875685513,33.61104519949478
323,40,n01,0.1783478735970386,0.044532353152569315,57.357253401304604
323,40,n02,0.25283707568168445,0.02354690495079674,51.49462025116532
323,40,n03,0.1670660533941477,0.0442513256415944,40.29222514084617
323,40,n04,0.25009447782649347,0.025916454822216217,41.054410984634224
323,40,n05,0.20073142240739694,0.03299932376973552,49.115034159453664
323,40,n06,0.22545407950266255,0.026951086461628304,41.274343162018674
323,40,n07,0.33084578234840417,0.01751045763214954,40.166038252849624
323,40,n08,0.2740443503679514,0.02215908292856293,33.05262312513944
323,40,n09,0.29045006586280936,0.030663684940729977,42.346747123538925
323,40,n10,0.2439953407909086,0.03283727906318528,41.83871517366541
323,40,n11,0.20402459251027943,0.024519584246600428,37.46003457926847
323,40,n12,0.2525348189017143,0.025650962503829686,55.5310203666386
323,40,n13,0.24805338132020516,0.028902052627620654,45.97842041024443
323,40,n14,0.3213967577348168,0.039233688278440856,41.73315347359614
323,40,n15,0.30845386277114634,0.028882296549783436,52.34408726541426
323,40,n16,0.29896259111475804,0.0459208098447403,46.31769475918115
323,40,n17,0.30756899037601615,0.027400444073293014,37.58328314816064
324,40,n00,0.17748139348087014,0.04127541033592896,48.63606196176741
324,40,n01,0.2673675186414981,0.027906583856208707,49.499093702181256
324,40,n02,0.2479271669652493,0.040207157085002304,51.33877665254534
324,40,n03,0.29390224453485203,0.029544876442554675,53.23433100304334
324,40,n04,0.28488105197170177,0.03026249672976983,36.68491892250336
324,40,n05,0.26332709037487606,0.04042095902726316,50.878239158019966
324,40,n06,0.27026518638210734,0.06178213045474937,42.54924576461914
324,40,n07,0.20715596128822575,0.020250058958453693,46.00198115268186
324,40,n08,0.2595220742735307,0.014702486353157542,63.168328543929675
324,40,n09,0.2644675501732961,0.029375999361242695,43.25594391601838
324,40,n10,0.28638288451353894,0.03961297224361916,42.77084178237173
324,40,n11,0.2703186629884643,0.0378423347083957,38.19092901723924
324,40,n12,0.19095007743235415,0.024265576526838206,51.96514828822714
324,40,n13,0.2936266483477706,0.02250222876771219,43.3978654619439
324,40,n14,0.3032044385189061,0.05155535030225869,56.55243816797424
324,40,n15,0.29241155092023846,0.02681496678832728,47.47852230988458
324,40,n16,0.22111696143956458,0.02946554954253816,44.64447718860595
324,40,n17,0.2403174893273921,0.015714708122745582,38.122162243216
325,40,n00,0.22877988392030166,0.030906125447509897,38.99563168781287
325,40,n01,0.15900543970340816,0.038790556836706486,41.920801217261534
325,40,n02,0.21032970258608885,0.03141060972436773,45.682729823199075
325,40,n03,0.24598639734593306,0.016062849150937815,36.915104633951145
325,40,n04,0.22788991540168152,0.021468238623739533,44.050516440924596
325,40,n05,0.18306898771674895,0.041176517090731314,34.806084512127846
325,40,n06,0.3070724118324688,0.017935954491202707,48.402946993164875
325,40,n07,0.15808218039253236,0.014112356603299347,43.884136033101555
325,40,n08,0.22983799002967223,0.03306273433770673,47.959498188901726
325,40,n09,0.20689372984000698,0.05400754037806342,41.436945600215935
325,40,n10,0.28565307194804723,0.017369389489048877,48.04767651847785
325,40,n11,0.2736517104825984,0.03154835393119672,42.48015388489695
325,40,n12,0.26850669214505357,0.03586373963634042,25.824580451982715
325,40,n13,0.24270146149908328,0.030943671555969006,32.94889582832024
325,40,n14,0.33381786114553463,0.012639504415253813,45.35815567983163
325,40,n15,0.28229172954355236,0.06933634505923295,31.193775474996823
325,40,n16,0.24526921520761316,0.045411316161262524,48.93452936078707
325,40,n17,0.3084711907635845,0.024147486234622775,36.20594573402705
326,40,n00,0.7173855418567806,0.08292834780734863,89.63180937243763
326,40,n01,0.6899571726803659,0.07483083312291335,105.72994077205547
326,40,n02,0.7528201288823074,0.0788288152871905,113.35976336078035
326,40,n03,0.7113565773527176,0.09540451440850156,107.44492419813854
326,40,n04,0.7266402884594709,0.0919893861934699,117.64857690894439
326,40,n05,0.7566202397957306,0.08456238866743804,106.163691160028
326,40,n06,0.8269320405069797,0.09257519623383625,117.64741777400297
326,40,n07,0.7633179026575001,0.062389002312641925,101.82101948121452
326,40,n08,0.7722596672372826,0.08308124489325928,103.10914485029659
326,40,n09,0.7488948289835599,0.07460846566310193,108.66943157005271
326,40,n10,0.7109339521843608,0.06002339593709539,112.07521564379866
326,40,n11,0.7095600893307206,0.08413327195960507,116.21897173251446
326,40,n12,0.6361193268341092,0.07185511497699282,101.83254109395817
326,40,n13,0.6911600809572048,0.09076048167225137,109.15420311545324
326,40,n14,0.7253375795684682,0.08595210241030096,112.50783575272855
326,40,n15,0.6757212854764919,0.09994845526507762,131.7831309401156
326,40,n16,0.6291044417268029,0.08004865163206012,92.40838823977649
326,40,n17,0.7812698453643434,0.07702983370643425,120.40491580460986
327,40,n00,0.6794462204694528,0.06669510994388198,105.79451440450592
327,40,n01,0.7030355793834839,0.05799339003456002,112.64203613789823
327,40,n02,0.6957475721012797,0.06560482749026976,107.87418264191247
327,40,n03,0.7333865350040875,0.08000677668197974,98.4334617546494
327,40,n04,0.6989009228136032,0.07045818071742029,115.85926792432473
327,40,n05,0.7000231236770077,0.07182128276248513,116.89811473786646
327,40,n06,0.7137498705737183,0.08283346848766582,109.14199981813265
327,40,n07,0.7759440296180449,0.09730655944882108,124.10394451387351
327,40,n08,0.7141459121894259,0.07298710728633938,106.08136290826052
327,40,n09,0.7888826954172848,0.07201003902521064,117.37208739608087
327,40,n10,0.6722708848762264,0.09622604882945121,117.59372025235673
327,40,n11,0.7241768911974877,0.06695266798099239,113.52065599791285
327,40,n12,0.6322326514455121,0.08156190656179288,101.8770573651658
327,40,n13,0.7343624407774032,0.09255500212593262,113.52326504977866
327,40,n14,0.7051053090428427,0.07617969269528019,108.95533883230038
327,40,n15,0.6935850175305237,0.07126272232220307,107.03527115617455
327,40,n16,0.7673865858485104,0.07466615172034616,98.34612672847348
327,40,n17,0.7168532684984061,0.06807994000969513,103.04711344237349
328,41,n00,0.26659698380611885,0.025825519007432428,41.05229625194497
328,41,n01,0.2066820227731528,0.017797091121546073,45.645026343973875
328,41,n02,0.24723133357065624,0.04269807743644883,33.60059447385245
328,41,n03,0.3007777973625099,0.01964406636911578,43.63155407841433
328,41,n04,0.18507842619287665,0.0456818285918271,42.378213768806276
328,41,n05,0.20234978014893298,0.03588321514121622,24.521141665280833
328,41,n06,0.3118692778064925,0.04463978407884469,53.03480171609631
328,41,n07,0.3035590349452541,0.04300557770929108,47.97165883640872
328,41,n08,0.2868646442693712,0.04675568931463926,21.4493316754357
328,41,n09,0.22874557334419537,0.0178700626550664,42.506435333206674
328,41,n10,0.25929634742566177,0.021647243368078703,59.22300283081924
328,41,n11,0.2636578200807775,0.04573773088780508,43.987005958125216
328,41,n12,0.23838048763070463,0.05298536226844167,49.487932773679816
328,41,n13,0.3432945258608976,0.018597778163271284,37.20746189928082
329,41,n00,0.7079589218834921,0.05869166491559245,101.97165505758501
329,41,n01,0.7066972360654787,0.06758538862890487,116.05716280338481
329,41,n02,0.7824908583814627,0.08017606822965238,110.36107116718442
329,41,n03,0.7461806557052026,0.06699044687371643,116.6910976605786
329,41,n04,0.7108955902555998,0.07895538982159205,103.51784751650979
329,41,n05,0.5800245317049352,0.08398108714968075,109.22323698675085
329,41,n06,0.7854774389783974,0.08353368830459817,101.3640192224481
329,41,n07,0.6967379471712999,0.0835030850672957,116.1760118066181
329,41,n08,0.7476068291232589,0.06226586964973055,113.05172581714754
329,41,n09,0.7642540630342257,0.0702785568039955,114.3628454517473
329,41,n10,0.7321541346765509,0.05486318706080956,116.3789388993576
329,41,n11,0.722418509389862,0.08321882495645547,98.44305280434945
329,41,n12,0.6747475662871174,0.08673282646317151,107.15556507779888
329,41,n13,0.7897965607563384,0.08192297645484196,109.11079371678174
330,41,n00,0.21175388585516175,0.010642701301069563,53.64728361367849
330,41,n01,0.262528386461041,0.03966654745646116,30.828146126803837
330,41,n02,0.19608470773922063,0.03064150214232857,37.02220428931924
330,41,n03,0.2562205846770879,0.041366601573714586,35.3594545802952
330,41,n04,0.22144981921489365,0.0457051290916448,50.086298495928446
330,41,n05,0.2106937689676743,0.043907292779265736,38.53523562589628
330,41,n06,0.1482753391184045,0.014349775456261819,38.76381603804949
330,41,n07,0.3252422184902586,0.059369415763525696,46.35498228005364
330,41,n08,0.2255062552876805,0.023804751572252474,35.749215458262896
330,41,n09,0.21356498378469096,0.03046355906680347,42.75143720113567
330,41,n10,0.1955605745997974,0.04298195687174023,42.46825961776224
330,41,n11,0.27762658251694156,0.004452328776103669,39.71217838590552
330,41,n12,0.19273536327119423,0.03764041897482114,43.35321675213895
330,41,n13,0.26645186905434265,0.04387694584884614,52.38800001315882
331,41,n00,0.19783134123910678,0.012015387795844934,42.21836832776161
331,41,n01,0.2110837258484966,0.019812212936691165,48.90047662182261
331,41,n02,0.2440617005297459,0.021946048801879635,40.955220696946185
331,41,n03,0.24002462809933645,0.05030261970121569,37.23726380025676
331,41,n04,0.2225548632438015,0.019322829269943827,60.906135719299606
331,41,n05,0.23131502109017785,0.030964866323809737,41.54459587493015
331,41,n06,0.2751852275933512,0.031811292148777,46.955688760075226
331,41,n07,0.22105488540880888,0.04065402180203592,45.38889135553612
331,41,n08,0.25754190237714825,0.054890726843967175,43.18508716164364
331,41,n09,0.24810337236049873,0.028535360140680317,41.95333341557432
331,41,n10,0.2493684462705316,0.032222679838901654,45.91987963906224
331,41,n11,0.25414379556888267,0.02516878149048933,58.613695264858094
331,41,n12,0.21614846946847832,0.02695764612215654,35.35607485589982
331,41,n13,0.22919221050370756,0.010157185654740792,50.7511310873505
332,41,n00,0.2288035341237,0.03361205116911984,36.898158541676025
332,41,n01,0.2466582635170827,0.01658630052912803,30.858525143049082
332,41,n02,0.3354561658136019,0.04521745297094732,53.294988862650634
332,41,n03,0.2521838105107238,0.05342578536069845,47.27787429039999
332,41,n04,0.20489260886580923,0.03792809908173091,45.81246207682405
332,41,n05,0.21384094885814633,0.04003227977548471,41.20958388720683
332,41,n06,0.3577935610539598,0.029301330012680836,28.953045035494196
332,41,n07,0.235606152238583,0.031006732562986177,47.57263229767694
332,41,n08,0.24238072005592054,0.01329300700755746,47.79989961098569
332,41,n09,0.2574763831927999,0.01511428637388451,45.89968212120093
332,41,n10,0.2264471514919388,0.015906874586945337,44.119904938959884
332,41,n11,0.265389881168883,0.025501481740446908,48.6679741003447
332,41,n12,0.266911644676005,0.04922397743170286,44.64828314380189
332,41,n13,0.24842071723677844,0.013080591264964702,50.533503129264204
333,41,n00,0.7938376617772136,0.06039182054580097,105.4329395495097
333,41,n01,0.6749896947100862,0.07381855538368627,120.68638558062041
333,41,n02,0.8075038099101861,0.0811151045094277,116.30755757594318
333,41,n03,0.7514107686487894,0.08026349522421063,105.81940521241356
333,41,n04,0.7682686703048407,0.09459508345532208,125.50026775607982
333,41,n05,0.738653073682816,0.09620313732320829,99.93576976634441
333,41,n06,0.642997050562292,0.05203831631748218,97.30561116245433
333,41,n07,0.6061658546216531,0.066575453627078,95.75142510568456
333,41,n08,0.7297677419118467,0.07919625735031115,102.15442132331616
333,41,n09,0.7448118843552585,0.07021756303296954,107.32321391519194
333,41,n10,0.7356175372527887,0.0801462338475952,110.7012802168376
333,41,n11,0.7339343444091493,0.07812384149713857,100.07000413633558
333,41,n12,0.7308665858934263,0.07863747920046502,96.61190716604565
333,41,n13,0.7057616650043477,0.09022023508473334,109.9176287495025
334,41,n00,0.18233116177115655,0.038559903346678706,54.272428781298885
334,41,n01,0.3025485039218525,0.06835359723095244,42.11169578539508
334,41,n02,0.24779408065161893,0.02075664697881792,38.08867018613415
334,41,n03,0.26177405702544365,0.022857215313213577,43.58242098969369
334,41,n04,0.22248749294004697,0.02664159095807193,46.493199498223504
334,41,n05,0.29732454178572726,0.03475564108303581,46.7100423826079
334,41,n06,0.33113220656479314,0.013780462830262193,48.12604030426766
334,41,n07,0.2583022301552376,0.010148864893545922,56.930353148219176
334,41,n08,0.21582750465543749,0.014445184613989994,38.74144179880875
334,41,n09,0.2977618096371645,0.01781818825570556,53.6571425905054
334,41,n10,0.2929780348287091,0.012355316614488576,57.90086133284051
334,41,n11,0.20836161762311278,0.012809498395675498,53.21833061404068
334,41,n12,0.2754311738865484,0.028176662649157413,41.4156793713626
334,41,n13,0.19993493425444736,0.02776948222185412,46.50250674417257
335,41,n00,0.24474205013442207,0.029973477839157842,54.00743803106764
335,41,n01,0.1675955137058495,0.022490449439223032,57.330513467613976
335,41,n02,0.32950911894581564,0.011661909372654926,49.26776584771741
335,41,n03,0.3248469735326435,0.05774566084061157,32.007489503273064
335,41,n04,0.19254395782046027,0.028161899396704625,48.20446664413431
335,41,n05,0.2549067520140485,0.017794847446846687,53.535164347705916
335,41,n06,0.33014719010825644,0.04947749112290668,53.411487368858715
335,41,n07,0.263130725905607,0.0463561561317061,56.385820028819666
335,41,n08,0.21837397184791787,0.027338274937319704,40.00211641477148
335,41,n09,0.2290269697068183,0.025273699057584826,52.35749056301816
335,41,n10,0.3140379192093315,0.028469992982711387,58.02656201555243
335,41,n11,0.2446856096700459,0.023236442244220074,42.60937437193555
335,41,n12,0.2732563901289616,0.026741515755275093,57.366535781255024
335,41,n13,0.2225017034474389,0.01844198488339086,40.36720577566217
336,42,n00,0.16310016933068694,0.04394119316384548,38.70218389569071
336,42,n01,0.2274042794282361,0.006532454114966439,27.298140857153786
336,42,n02,0.1456615324754317,0.03040708752439463,51.4026468203654
336,42,n03,0.2714005215276163,0.021939993353658413,36.8738626606704
336,42,n04,0.2546100136700661,0.027802981433297787,51.215672301413655
336,42,n05,0.2081430728024235,0.05010813546497786,31.786824339776448
336,42,n06,0.26687538556964946,0.020609325797342863,37.55360115187845
336,42,n07,0.2601375537042913,0.04844732189446814,36.96878877406188
336,42,n08,0.3289775911474836,0.029169235131590948,42.67470388645867
336,42,n09,0.28424262479808243,0.01945498968797093,37.5810663990031
336,42,n10,0.25940254920375866,0.04579981364319391,39.68544653781166
336,42,n11,0.25060029935846967,0.03300395133510146,48.81970724484778
336,42,n12,0.272265000904361,0.018627172115731755,40.06947092603397
336,42,n13,0.16831301004037447,0.028500400000305407,46.85837971081429
336,42,n14,0.2977779098238168,0.04167903927756347,42.813733000213716
336,42,n15,0.23911916926167462,0.04068323724116406,49.271491496902286
336,42,n16,0.23444422076463872,0.03904174437196892,48.39419834227191
336,42,n17,0.30716218579929544,0.018068593211976416,52.546427116308834
337,42,n00,0.18511695845568377,0.02706734986819077,45.64025062077004
337,42,n01,0.22439093259191314,0.02613402757610981,37.57812207736657
337,42,n02,0.1662074416203131,0.04247767426364096,48.87005351266499
337,42,n03,0.24218131762250095,0.017316137675754954,35.983326711596014
337,42,n04,0.2078246023171439,0.02443245998656348,58.75678980396039
337,42,n05,0.31521142611636965,0.01922356609320785,32.36080659113669
337,42,n06,0.285487256556736,0.0167369539583047,53.75746118297221
337,42,n07,0.26650567087036703,0.03254903076752031,52.333120211047905
337,42,n08,0.2850253456078496,0.019370213068124798,56.69192877268568
337,42,n09,0.22080524883513192,0.03796697650734207,48.28658773082941
337,42,n10,0.39154732759296773,0.018374493554145988,45.368579357170795
337,42,n11,0.1705144495679004,0.043692521539658316,49.12901978352966
337,42,n12,0.3461575171917598,0.022386118237521013,45.70744193745467
337,42,n13,0.24650528963866683,0.042991304885355026,31.247959233212235
337,42,n14,0.1966725599781115,0.03152745148920069,38.312153454687646
337,42,n15,0.2619600482699212,0.02226892434652993,44.95434892994806
337,42,n16,0.17719863643297432,0.017059981146335425,52.358271341893015
337,42,n17,0.22921675033577812,0.018325150546264577,38.13054802839518
338,42,n00,0.6932128288044171,0.07713752346829275,109.39708272504876
338,42,n01,0.6988915510453771,0.08153089293168472,108.08469388858875
338,42,n02,0.7541354880474229,0.08875488183076849,103.31050273955441
338,42,n03,0.7496915958223617,0.08602289546118383,123.00733420325159
338,42,n04,0.7117897731472469,0.07686608205252773,114.5615450592754
338,42,n05,0.6883775188048704,0.06900416038032628,108.85937337263269
338,42,n06,0.762205338948725,0.07065938824150296,128.06790890095354
338,42,n07,0.7201973692676362,0.08097953418189578,100.93341694657434
338,42,n08,0.7412357521238371,0.09754797214841449,119.15908359252016
338,42,n09,0.8158581740092523,0.06973482094978327,101.42262151248134
338,42,n10,0.759863339962671,0.09757548888837982,127.42882566415658
338,42,n11,0.7810983690528508,0.06643686036887414,93.23568827788792
338,42,n12,0.7742270561062649,0.08883344914833521,119.85774886280764
338,42,n13,0.653853496156012,0.08820275572279096,105.98172131162366
338,42,n14,0.6302399940685581,0.09498117748519583,99.35403014694182
338,42,n15,0.7720459169502683,0.09917556331536571,109.81892325581687
338,42,n16,0.7378215611080621,0.08898210189308055,114.18395813654192
338,42,n17,0.7281642517922187,0.0936242694207353,124.91139547397115
339,42,n00,0.39157445456827805,0.030049228014097526,56.49656349652048
339,42,n01,0.25596857238670967,0.01959656965718754,38.50743210405592
339,42,n02,0.3008383854104242,0.019112136814657232,46.92547513983028
339,42,n03,0.30326491134267386,0.024917662113657837,49.497418560841865
339,42,n04,0.22732075757081377,0.004061569323713363,43.20024803857083
339,42,n05,0.2313097044220632,0.03923675595523184,42.26274941253755
339,42,n06,0.2641487450867407,0.0537127023929998,50.306392004054004
339,42,n07,0.28462254797694875,0.039046882564242415,37.96828217694584
339,42,n08,0.3113534311620564,0.03984344353655919,45.123367496997744
339,42,n09,0.19108931955907155,0.013607576761577655,43.73434678812254
339,42,n10,0.17194653146455402,0.02570373568504647,54.65564561714657
339,42,n11,0.27576936361676796,0.04473664270529082,37.277332929397105
339,42,n12,0.24336866132361087,0.016124595254123734,47.819663934058305
339,42,n13,0.22448636237067948,0.03358226873206337,51.54793315635632
339,42,n14,0.2710356946435386,0.030523448966187264,47.74784509424089
339,42,n15,0.23605791822741826,0.037738246623447255,37.173895972548436
339,42,n16,0.30266100121200573,0.016189443976919293,31.14533085175333
339,42,n17,0.23246578689698058,0.029095170762174376,47.517234647720805
340,42,n00,0.30127731233265953,0.06037409241352133,43.53795395997957
340,42,n01,0.21647896397447142,0.028300625750992493,41.63106086349473
340,42,n02,0.31602186885253924,0.03184616734245848,50.25967959705215
340,42,n03,0.25357968895586097,0.03636108842225014,50.974911889074185
340,42,n04,0.26243981329439225,0.029748505462076486,34.013072354288056
340,42,n05,0.24007257459827822,0.023278168123866474,47.9058903716821
340,42,n06,0.285066460348736,0.05108900919355897,52.28024642581786
340,42,n07,0.1922754750743997,0.04382976386807237,47.575603968975656
340,42,n08,0.20646314039198435,0.028042842169407504,43.45327708873988
340,42,n09,0.2895618985200564,0.02655147605792552,34.16851076659119
340,42,n10,0.25447894447666386,0.033330863647842816,57.99801573700436
340,42,n11,0.30692821571199486,0.021978062400281842,48.24222613401722
340,42,n12,0.25914975210178404,0.024538821716134494,46.054857762431375
340,42,n13,0.3238008706317001,0.026308833016485525,51.70575106735601
340,42,n14,0.15291172573005501,0.037253230196781784,41.34050786313225
340,42,n15,0.23091089101933465,0.02703733694670521,21.269136146720697
340,42,n16,0.24728732153178246,0.032788229453261,61.74070757169598
340,42,n17,0.18005642045856587,0.010131284417356924,37.19927831143657
341,42,n00,0.638916042507807,0.07694139533242478,107.99144915646086
341,42,n01,0.7023444167403301,0.09475635981969177,112.44342368211949
341,42,n02,0.7392481334501885,0.0776289411227393,107.4718598703913
341,42,n03,0.7390931612924964,0.06777599842483334,112.40586380442275
341,42,n04,0.7196757228745827,0.09019407314373301,118.55298631564949
341,42,n05,0.7412149476053622,0.10218460439637786,110.34369903089328
341,42,n06,0.725878524804355,0.07381263055347403,123.72824762582239
341,42,n07,0.650315351304754,0.08979786827715823,120.82058336278257
341,42,n08,0.6778351134338026,0.06455636187063651,115.46429532574476
341,42,n09,0.6514134945573783,0.07402935832184492,102.99004049963736
341,42,n10,0.6565054528182596,0.10313180962455609,87.25966220481116
341,42,n11,0.7192370646408345,0.07523614923422511,105.38489622424058
341,42,n12,0.780075694466081,0.09385825907715385,106.0741947393866
341,42,n13,0.6891555064417407,0.08210524796001784,99.46575229813679
341,42,n14,0.7488088108278836,0.0510366684289703,107.46723397835989
341,42,n15,0.7177741596625422,0.08200871149418083,93.1025105683508
341,42,n16,0.7520493073334809,0.07971777127553326,111.98681296416125
341,42,n17,0.7668792248281245,0.09269756273629237,118.12427790575725
342,42,n00,0.7706130757054995,0.09603704225524348,118.14592458100694
342,42,n01,0.7451943983572095,0.09349805684715078,101.54814272303867
342,42,n02,0.7396520560287942,0.08159709951529093,129.1584570464159
342,42,n03,0.7413944194706636,0.0823447856005812,113.46394957693234
342,42,n04,0.7675913266063918,0.07899678626688145,102.20349375286943
342,42,n05,0.685291389352745,0.09077782165689413,108.30420613218067
342,42,n06,0.7025220269127481,0.10438737191163729,90.33541030127928
342,42,n07,0.7479762671442443,0.08150567322200791,94.28419965588408
342,42,n08,0.6959496298864362,0.08888272773686226,119.40529024448246
342,42,n09,0.7592248014020313,0.08744569772062917,110.35328498334144
342,42,n10,0.7481517354930929,0.07367385577699184,95.67169778140403
342,42,n11,0.7319301821884467,0.0712411270429707,120.2299475034221
342,42,n12,0.7024225039414076,0.1003620309297626,117.49814787677826
342,42,n13,0.6136240650999137,0.09520265451223375,110.99010423206425
342,42,n14,0.6703587092811931,0.10100774164742178,114.27405073573134
342,42,n15,0.7547817269750599,0.07052513407659669,111.06357225891702
342,42,n16,0.7503552381340152,0.07953789897218963,124.91319134615505
342,42,n17,0.6857975188709635,0.08139483880806472,117.86040977239757
343,42,n00,0.3164144148931103,0.032582275507348074,52.241221644076205
343,42,n01,0.2574461233465486,0.04042802869038606,44.344811401082815
343,42,n02,0.2674522388558204,0.027447874024727502,24.671264352416657
343,42,n03,0.10340582875484661,0.020403310618360725,29.676450961455252
343,42,n04,0.3283430567900477,0.029955526347065095,45.92826967785024
343,42,n05,0.22758043703166972,0.02965688926232327,39.07474727619303
343,42,n06,0.2478558303222869,0.022012112080921076,38.88423951655426
343,42,n07,0.25239714100180755,0.03776435638230311,38.37289178037272
343,42,n08,0.26299388488034187,0.03255761382341074,40.042060816484096
343,42,n09,0.26226496044817166,0.011367461367737957,54.53358959370465
343,42,n10,0.23430370403640507,0.04025174106119705,40.70683197962711
343,42,n11,0.194043292288612,0.037283964345070905,56.58377306527662
343,42,n12,0.19347500924141017,0.029974821704182347,42.999636117621954
343,42,n13,0.21881175168016437,0.020563896506587027,42.56380574271704
343,42,n14,0.2977594840606945,0.021754666339381848,13.807220227872513
343,42,n15,0.3141077632335113,0.01918191425284852,45.547166014546676
343,42,n16,0.2670929417010649,0.010249698934340124,63.16262733277499
343,42,n17,0.26125099778161487,0.021949756010734626,41.36832650663706
344,43,n00,0.7495104909759555,0.0800009767826304,96.17244326410734
344,43,n01,0.6880781051031137,0.09852043280666596,96.89021469826572
344,43,n02,0.7166164187413494,0.09012157521260022,119.07348262135439
344,43,n03,0.7943330023817448,0.0967402631656965,113.51094081534644
344,43,n04,0.7143297139727268,0.07854155900909703,104.97046285249908
344,43,n05,0.7169121673056074,0.07679953265508742,106.54146442295567
344,43,n06,0.6806219776729014,0.07568702191826325,110.94986985379028
344,43,n07,0.7286166535896567,0.08782928949277936,117.10863182703733
344,43,n08,0.6615452967158012,0.05707883385775077,103.84719214919258
344,43,n09,0.6894234441380354,0.08855035239860072,108.59955215139752
344,43,n10,0.6153611567366195,0.09462552222432295,89.9064838762749
344,43,n11,0.7101100297433258,0.09472546304600722,119.98582728115291
345,43,n00,0.2623293877977795,0.04273796070218079,35.90612384851668
345,43,n01,0.3127044016408503,0.035349719161175595,59.60381712045382
345,43,n02,0.2625780833424198,0.03844035239448182,48.979363463526425
345,43,n03,0.2661831034919679,0.017274585669221035,43.021905860357926
345,43,n04,0.2869796352847208,0.03438672153754764,35.28230293376329
345,43,n05,0.3860581585976642,0.03660327282985032,55.26678149027232
345,43,n06,0.19268060142820498,0.01659707780271616,47.05253956578342
345,43,n07,0.23638951719812648,0.022875944627765807,44.230526709527005
345,43,n08,0.2870314480860177,0.03568308223179081,45.35387599147874
345,43,n09,0.2224543252262443,0.030261971237674046,62.333469414806686
345,43,n10,0.2661868358588085,0.00032444407041873,69.77850658674464
345,43,n11,0.27505832770448563,0.01640419689952722,40.95690824029869
346,43,n00,0.27621675500025744,0.033189852557398224,26.10095824899353
346,43,n01,0.35908439540233966,0.0342745305354407,46.505292819422834
346,43,n02,0.2530243403824564,0.027002559442472825,45.05128480598991
346,43,n03,0.27698728013137186,0.03577322489760534,42.59164762823211
346,43,n04,0.2202617312666484,0.012083162855088779,55.354622416569384
346,43,n05,0.23212885045161782,0.028189122864859063,44.83009213967464
346,43,n06,0.23790863449811203,0.035690291137274344,50.20757448316839
346,43,n07,0.2617065224860355,0.03177992905575428,35.72056541618022
346,43,n08,0.1783211368320021,0.05642975217186537,51.816757400821274
346,43,n09,0.2762729909526442,0.03419014705459885,60.71310524194396
346,43,n10,0.2857462328268716,0.046072237119335405,37.006117277124645
346,43,n11,0.2757676721492509,0.03447017674618005,43.11085946122047
347,43,n00,0.7499851758482101,0.06327228344620968,118.01037460090751
347,43,n01,0.8117264036265696,0.08232902743518596,118.84344183690052
347,43,n02,0.7188602954793707,0.07773899252937805,101.06809502656284
347,43,n03,0.7620252824100696,0.06778847985404635,102.16786570291768
347,43,n04,0.7545866306402298,0.0583352412949861,102.16867357439656
347,43,n05,0.7306675297355683,0.08574553488892836,117.48536816360516
347,43,n06,0.7464425525538588,0.07191209766864648,97.83499385323621
347,43,n07,0.6402699308159752,0.09484772256342115,101.52451074502135
347,43,n08,0.6806800609244095,0.09424098042672242,110.06347835810213
347,43,n09,0.6948307667966731,0.07566133340473066,105.83526995138021
347,43,n10,0.6648263346336888,0.08605494554177834,106.36883292742803
347,43,n11,0.7949402689110878,0.10089184013348676,110.23478942158211
348,43,n00,0.7426889163326785,0.0887325998264354,104.25119277990349
348,43,n01,0.7038460522995877,0.08852738375669376,116.0660520256078
348,43,n02,0.7400539183962853,0.06522789268008704,120.82123568718904
348,43,n03,0.6434856014517133,0.07023308202699151,114.70574623201937
348,43,n04,0.7560638455485807,0.08823060020220269,102.47172091842603
348,43,n05,0.7045996998603584,0.07092936220036283,97.91740306572396
348,43,n06,0.6962377682591384,0.0897258065934757,107.45427723412134
348,43,n07,0.7786280515299692,0.07858598858657598,116.42003861306063
348,43,n08,0.6485625004294393,0.06862285692407574,111.3163839929514
348,43,n09,0.779525329095761,0.0807203790272563,118.98779828154318
348,43,n10,0.7871937751209742,0.0921970891164541,94.33377050070852
348,43,n11,0.7149092258597303,0.09355548291376903,118.25081095558424
349,43,n00,0.287765710096864,0.04002707517264305,45.25187175561196
349,43,n01,0.259153017620612,0.03700295239157956,38.48730824255365
349,43,n02,0.23950358129118574,0.016389373134458783,45.12916405673953
349,43,n03,0.1948627209663868,0.038384137295272916,53.89662645232735
349,43,n04,0.2119016884726999,0.055211045070432924,44.67343147363094
349,43,n05,0.22749829421328763,0.047993494605381354,42.92427388961613
349,43,n06,0.29362636905775247,0.03145142275626843,32.353359519118456
349,43,n07,0.2695207879583845,0.03572590030640566,48.05076385875533
349,43,n08,0.2660333229779392,0.024540094592429118,45.82503276859537
349,43,n09,0.20642662457944672,0.018627864478627732,53.86617991835583
349,43,n10,0.24771923777742405,0.015274889786021208,38.666596987286574
349,43,n11,0.26470757775556614,0.02787902948154778,62.6648377975976
350,43,n00,0.672518343322994,0.0745698128582685,106.94171900956245
350,43,n01,0.7274547956210894,0.09800840092447638,99.00729799249018
350,43,n02,0.7101008879311463,0.09080591698112885,112.39793130671539
350,43,n03,0.6942376074218887,0.06701379238621477,119.34987662453472
350,43,n04,0.7374722784553959,0.06521278331783573,118.23998059674292
350,43,n05,0.7181843402887067,0.08050825207180627,105.51941162676535
350,43,n06,0.6888935388603482,0.08188680339709781,114.05813836119181
350,43,n07,0.7295499839530978,0.07453678687622686,105.60214165599841
350,43,n08,0.681001929789499,0.08569588118533583,112.84618698067506
350,43,n09,0.790291864989,0.08507548482753681,106.84308003886491
350,43,n10,0.6491900948753724,0.0712704569708777,123.89617550297169
350,43,n11,0.705992588592471,0.07319568858211901,113.28349671259075
351,43,n00,0.6757062116000199,0.08639299389599633,119.5938279666199
351,43,n01,0.6534671183830141,0.10277403135631001,108.80868609356301
351,43,n02,0.7767647150013413,0.08082761872688533,122.34816929999364
351,43,n03,0.7212064683172115,0.06860970955374841,101.22356928158923
351,43,n04,0.7264781770969226,0.060222936086300166,104.0551231220127
351,43,n05,0.7754929427284375,0.096433101577252,109.53440303759717
351,43,n06,0.7078746829004116,0.07264358508473717,108.98268307348796
351,43,n07,0.7558527348067445,0.07577335805740805,111.99065576742517
351,43,n08,0.7279284073149825,0.08664142022828282,112.27784901825105
351,43,n09,0.691560988829441,0.06141760570908952,107.78596933755479
351,43,n10,0.6534943310401907,0.08243788088705524,109.32401724316288
351,43,n11,0.7709714118696513,0.08910391339540912,105.52144329474933
352,44,n00,0.24799602892358946,0.028463415793667828,56.91791792097459
352,44,n01,0.21134854956527088,0.028267287866346975,25.063773437385258
352,44,n02,0.19479531443108192,0.0391213013965234,35.932728682022415
352,44,n03,0.17188364384055085,0.0356298015926378,58.605130382556744
352,44,n04,0.29941840344647525,0.027296808610303938,47.79526146363312
352,44,n05,0.2856428074789783,0.01632288290601595,48.432021238683895
352,44,n06,0.2702472335768024,0.0452504294610333,41.59715879118675
352,44,n07,0.2305191447940088,0.01779349874960858,47.59273061889497
352,44,n08,0.40884400610682803,0.03071337314851316,46.12734578845747
352,44,n09,0.2350967268493244,0.028184214958720342,66.65722096700603
352,44,n10,0.2492816417583221,0.034367397730573755,26.186275326185488
353,44,n00,0.25867004484738676,0.07688892768836783,35.98100580755375
353,44,n01,0.22004981323874648,0.021907032018550408,41.451937100133456
353,44,n02,0.2774629343097061,0.025445410833393498,47.950737900980116
353,44,n03,0.33276596703705136,0.04848292503027288,54.71343841495565
353,44,n04,0.11007982543531197,0.03636522807883867,50.40610561186383
353,44,n05,0.3053897023888314,0.028826054621296785,41.06915972470176
353,44,n06,0.24821312520346395,0.015943816017488004,34.49565226520278
353,44,n07,0.22799502232602464,0.029811915472928954,33.16209166297794
353,44,n08,0.19606278614399045,0.011884555677305241,38.75310378593306
353,44,n09,0.26125024529267543,0.03483614371395395,60.8206514428618
353,44,n10,0.1857525376981423,0.019911637620319552,39.35683333456511
354,44,n00,0.74870295833472,0.07552584553967777,111.23132253654205
354,44,n01,0.7017209093718737,0.09999609043411803,106.74749454872185
354,44,n02,0.7150939435592969,0.06929854863197965,96.87491458041585
354,44,n03,0.6664244007067514,0.09029179934901235,121.45467265741632
354,44,n04,0.6630222704107912,0.08707184463810984,106.15796296594378
354,44,n05,0.7399258391043416,0.08528542564091955,110.9645581539499
354,44,n06,0.7161994305627272,0.056264566979492094,110.20140496808023
354,44,n07,0.7467132689006294,0.08579138194698006,114.70466391300329
354,44,n08,0.6808885723403101,0.06562010216884304,108.84300279090567
354,44,n09,0.7766795365476273,0.09775580016244428,118.64113326918724
354,44,n10,0.7055705683455828,0.09473247234371313,105.94753087455233
355,44,n00,0.17973507989843607,0.02660915773293489,56.92517667087367
355,44,n01,0.32070426002928076,0.03564853551830816,52.383137831611194
355,44,n02,0.24589538254256602,0.044625302304829334,46.2320073606474
355,44,n03,0.23954643278892782,0.034047654513846955,48.45249603901903
355,44,n04,0.2453427795837671,0.03987317654234746,57.17409240628757
355,44,n05,0.225465531325564,0.01054693725449355,53.11510666519197
355,44,n06,0.27356921311620336,0.01825598594278642,42.96737794817812
355,44,n07,0.3181481719940074,0.026436922036040526,46.634847776935125
355,44,n08,0.32623654992305784,0.033197576062105806,48.38429743088806
355,44,n09,0.2664813771609273,0.03126060109188321,47.903528983312704
355,44,n10,0.22742286772560982,0.03150026061929475,32.68856300425306
356,44,n00,0.7791495324729544,0.0599421420715196,101.05914380290187
356,44,n01,0.7047186891721953,0.08721821699496461,103.08888928204838
356,44,n02,0.7392211088959839,0.07857050389452273,114.16958299028407
356,44,n03,0.6489133282808972,0.07055561243134614,107.07427739144671
356,44,n04,0.7740894147342999,0.07892174652569153,92.02303024622306
356,44,n05,0.7110391233889313,0.0558009369650012,117.64334602950694
356,44,n06,0.6575876391027946,0.08494480771660723,115.04256374129359
356,44,n07,0.7987719897652071,0.089400937080308,120.54761627515086
356,44,n08,0.6912673464207106,0.052608239011597016,107.19377397785203
356,44,n09,0.7529025776523974,0.07444655482356569,88.56105820113575
356,44,n10,0.7479146797405816,0.07509945499041652,112.29083302201593
357,44,n00,0.6710673430761495,0.08410713899098984,103.61527234975154
357,44,n01,0.769933596550108,0.07569291197415114,98.20699489229949
357,44,n02,0.6322275130961598,0.11661574087034834,109.43964562129473
357,44,n03,0.7017717977567718,0.09806514718054284,118.05510975609306
357,44,n04,0.7243366603671652,0.07895480372401847,128.02699414596916
357,44,n05,0.7390494385193725,0.06886287187210324,102.93146579023062
357,44,n06,0.6604490813678203,0.08957835540464255,107.06533781050652
357,44,n07,0.787775998834837,0.07788752163352061,112.68938567658142
357,44,n08,0.7985541243946495,0.05693566532583976,121.11045923796729
357,44,n09,0.7692914296681578,0.07294476902234336,93.5676887197103
357,44,n10,0.7176466715844055,0.07955686515131716,106.72332885829675
358,44,n00,0.7565533719286218,0.0888240940518696,112.92786026470894
358,44,n01,0.6868533677916537,0.07543850872083105,100.43334635812684
358,44,n02,0.6704127439508328,0.0786538068506554,112.37763450191413
358,44,n03,0.7696082730029812,0.07028536620728998,112.00770628147282
358,44,n04,0.6954455226796231,0.08481538112757157,109.85964323173933
358,44,n05,0.8097881573973065,0.10278977061727688,106.00438326657911
358,44,n06,0.7704945393604592,0.101143087659616,101.25703597512879
358,44,n07,0.719609981080711,0.06314548612143064,104.09038821868079
358,44,n08,0.691915602245447,0.07264965287092708,109.60028516776998
358,44,n09,0.758304118415159,0.09979923947859423,100.3546114848111
358,44,n10,0.7032493127997809,0.0836220469958616,102.11036210347675
359,44,n00,0.23533956273373985,0.023401357780541747,51.753543316868004
359,44,n01,0.17719591631043613,0.03833370584688961,53.95634971448516
359,44,n02,0.22959616429923593,0.02787713823827865,52.05938385124211
359,44,n03,0.3093113393045051,0.0045405841788406925,52.1009187092388
359,44,n04,0.36816660837479637,0.020801919262232564,53.6489720207927
359,44,n05,0.2758845383957456,0.027583248258921722,44.981863352457005
359,44,n06,0.26097092546703676,0.031377061363360034,43.49641586993564
359,44,n07,0.19679028967224463,0.04086568104058568,45.55389793908824
359,44,n08,0.3036452197707964,0.041825884079099186,44.799801226771905
359,44,n09,0.31296269222846484,0.03971450560045052,40.821632671001886
359,44,n10,0.24108694757886168,0.025216170687839004,49.18834564812322
360,45,n00,0.26073667512956133,0.025769361483141837,45.24694481242323
360,45,n01,0.22927054998819227,0.043211549563131654,58.40222046362203
360,45,n02,0.14385798034902658,0.006776118769144263,46.63658147296578
360,45,n03,0.2935059090351762,0.06934102817837284,48.29086695951994
360,45,n04,0.29277950399703956,0.03455765047214541,35.2676322639837
360,45,n05,0.2753680426385852,0.033582518859655054,63.99102487357248
360,45,n06,0.24425655237863245,0.022800836552249903,49.75095592481057
360,45,n07,0.23532181067659305,0.02793371712846269,33.32375769396669
360,45,n08,0.2266816323164902,0.03717689057137039,45.881368233987345
360,45,n09,0.27832884374759614,0.027441484531904727,51.563873743796115
360,45,n10,0.20081379874520355,0.013811696091908483,36.915829790830486
360,45,n11,0.2638309015711673,0.03613234893182668,49.22476724700544
360,45,n12,0.19937925263632703,0.0193237575407203,49.82786934548656
361,45,n00,0.755163579376266,0.08457599759511841,116.06219157028602
361,45,n01,0.6902636603826969,0.09417276849606511,110.5921947666051
361,45,n02,0.7592126926411631,0.0792526738781384,98.92805101908888
361,45,n03,0.7550639110574409,0.09177594790822154,104.89136976591492
361,45,n04,0.7695274142276337,0.07835569149146535,108.49719930942395
361,45,n05,0.7382617445511638,0.10696687561019798,112.88637550450083
361,45,n06,0.7335788907132972,0.08862046819265061,108.32740936688994
361,45,n07,0.693013216680106,0.08653340649264671,117.13161420096587
361,45,n08,0.6765751516987677,0.07398040834093385,99.43504750754761
361,45,n09,0.7207307256577885,0.08091248587170143,112.35318645333258
361,45,n10,0.7233513780516904,0.0823213240203216,112.62511278780569
361,45,n11,0.7049419014404362,0.07918097111591108,102.364857000487
361,45,n12,0.744014264758152,0.08639054922935656,109.70776005155689
362,45,n00,0.7251111800306684,0.07597638093341841,126.77550870797225
362,45,n01,0.7868133669435771,0.06310229129103581,104.19320512799979
362,45,n02,0.759448053180452,0.07454189856882776,104.58710835315478
362,45,n03,0.7763372005283512,0.07492686786782927,111.82570592172632
362,45,n04,0.7442984273826306,0.07431040748656209,101.21797775664463
362,45,n05,0.7682147167537586,0.07379898926577423,113.13447894586517
362,45,n06,0.6618440253707156,0.06987792278307631,108.71514709775568
362,45,n07,0.6290234998806291,0.07571003287081797,104.27390568112357
362,45,n08,0.7138034724049178,0.06582151388296628,107.88689673395702
362,45,n09,0.7391909357811969,0.06090699237715687,105.28582535091581
362,45,n10,0.7633974062849379,0.07817489217149667,118.8648790342356
362,45,n11,0.7904416783716619,0.08840849009945088,100.5167681487974
362,45,n12,0.7478150310805768,0.08144252444458401,128.57722775824126
363,45,n00,0.24770441688886963,0.039217966354079516,38.08440510785146
363,45,n01,0.3010604966374402,0.021393484279814374,52.63732855629513
363,45,n02,0.2682691600371894,0.019385428554862926,39.224818500930056
363,45,n03,0.2141521393657766,0.029409255893236085,48.16737771813488
363,45,n04,0.23224544755994256,0.026456889027751004,45.41856796940632
363,45,n05,0.28208310467273295,0.027159888120667657,37.13643074875712
363,45,n06,0.3271312461079701,0.015611218906846924,46.77470728433623
363,45,n07,0.21370170318378365,0.03676710242611509,47.48186763830571
363,45,n08,0.17973914122929285,0.0439535179383696,61.52627909891296
363,45,n09,0.29307379084237967,0.028606411810839727,47.31873143012968
363,45,n10,0.2365163615699293,0.02981754071201185,46.99935785286331
363,45,n11,0.28201448964929327,0.010342125466542066,48.448529818267744
363,45,n12,0.2630671082201831,0.04872919053835498,32.72764429509146
364,45,n00,0.23819435843331266,0.04027397930931161,49.35068677551104
364,45,n01,0.2718188156152804,0.03294405797713009,37.74243413241985
364,45,n02,0.24902532906975813,0.02356548612475577,35.2524460470277
364,45,n03,0.304897781057498,0.050702974408562085,44.46934709205632
364,45,n04,0.22454422777128025,0.035352260123845736,40.24011976616639
364,45,n05,0.25438508096970336,0.02943519486464797,49.814401949917226
364,45,n06,0.2573898327768987,0.028742519537179535,57.046040436910594
364,45,n07,0.2214910691414215,0.007218665041988266,28.647350216019632
364,45,n08,0.20144123050918322,0.025165419807551707,39.35278576956878
364,45,n09,0.22227733624102292,0.051419661854720654,52.67611364658747
364,45,n10,0.27399036577851194,0.02492629977654806,41.806414525607366
364,45,n11,0.2627863463152561,0.031976396527685184,45.88781272560482
364,45,n12,0.28675199262218676,0.025059310280830832,39.225306968934696
365,45,n00,0.6837492054175277,0.08080152256637653,102.22193203614134
365,45,n01,0.7136644267373403,0.08163676068214913,105.32047315301921
365,45,n02,0.7436101583410053,0.07458654624106757,111.90160431015393
365,45,n03,0.6936490591634452,0.0954496751873473,98.23297364003764
365,45,n04,0.7467201892239635,0.09407212972459415,96.75474644460542
365,45,n05,0.6682174771675468,0.07454949177865598,106.21840169953823
365,45,n06,0.747451782714007,0.0726255246615619,117.0823437285086
365,45,n07,0.7634286035853017,0.09307936572319733,103.18164662395333
365,45,n08,0.6957807534663055,0.06319337836895772,122.91059782950062
365,45,n09,0.7749710252683357,0.07745465563757349,104.00761859409914
365,45,n10,0.7861327971448061,0.08226566673725388,105.64479043745459
365,45,n11,0.7538714128016358,0.05076218750101051,122.46300735034743
365,45,n12,0.7067986269164659,0.08388839369302817,113.71963153202782
366,45,n00,0.7111276838964092,0.08331800138387266,106.32331816100657
366,45,n01,0.710311081429966,0.09093408403406347,96.64113237204397
366,45,n02,0.7354949695073806,0.09415483474716323,104.26859762177386
366,45,n03,0.7893152607420315,0.059313210315387825,104.43061568176346
366,45,n04,0.6623484892689937,0.09497905142793815,110.99822804456002
366,45,n05,0.6881360284476395,0.08861828534745814,110.84180492820505
366,45,n06,0.775723068803242,0.08424675408298862,97.99068126374507
366,45,n07,0.6410574629859995,0.05716441886507789,126.92373188947708
366,45,n08,0.6962527121936647,0.09078357129052012,111.78605594131373
366,45,n09,0.7626389343385478,0.06947557186439955,127.66846477455464
366,45,n10,0.7383960622977391,0.07158761269348386,114.84806488285547
366,45,n11,0.6345210214846096,0.09810507407810291,109.2319255060533
366,45,n12,0.7462399323888679,0.07348384113841651,115.82626006732039
367,45,n00,0.2959992830233249,0.010298214818490803,51.48298244416903
367,45,n01,0.27520748781366455,0.018989889308600277,52.08227442821357
367,45,n02,0.1687301259227938,0.035588982561872096,60.69344511341025
367,45,n03,0.3013008092330919,0.029969717052317425,35.24480775187661
367,45,n04,0.33279376405298067,0.018259326995570403,37.85546945902707
367,45,n05,0.21158153621236153,0.04120711554746849,41.60563439534832
367,45,n06,0.2814154625696402,0.0357352265845766,50.90357933538511
367,45,n07,0.19747063195729384,0.016565645160269205,43.21091672330449
367,45,n08,0.1385406306030386,0.015253034472427967,45.989245751054895
367,45,n09,0.23175977457031732,0.03127757314778424,42.6116472033755
367,45,n10,0.19830224089420878,0.032534413917914125,41.96187348378765
367,45,n11,0.2330801920363112,0.026780159324585096,44.61921978606873
367,45,n12,0.3462097623442889,0.003820472101516672,38.50867238140416
368,46,n00,0.25976890927728574,0.021253583072852113,48.72312183429775
368,46,n01,0.26866670041158563,0.038676242230656535,50.62881046387689
368,46,n02,0.29418893686414305,0.021568596822923086,33.41483873454104
368,46,n03,0.2614986297677161,0.02957786668523871,51.118740760882325
368,46,n04,0.2001317706283296,0.04543005827981554,65.14136645281286
368,46,n05,0.23378855166839543,0.022676688805266406,40.9662395761218
368,46,n06,0.3179150471891603,0.03068003661751657,33.09331514385077
368,46,n07,0.23130386004458722,0.02155214871071242,40.24124094732745
368,46,n08,0.3045070536321937,0.04538116168039396,49.34577725043828
368,46,n09,0.2647356737277409,0.03225782354212928,31.55594360664141
368,46,n10,0.2850774993343944,0.029933049489379394,56.024562219005205
368,46,n11,0.23341649888195803,0.04942575618452806,54.019818499280966
369,46,n00,0.7862362167109034,0.08275441834552376,120.51359044799861
369,46,n01,0.6991591849779282,0.07911814309409874,107.33020890143995
369,46,n02,0.7838241929673155,0.0999621746507042,120.27500036537512
369,46,n03,0.7822924418773125,0.08103188311331397,123.58494802917748
369,46,n04,0.6707941446135013,0.08067750002815928,112.49139723005051
369,46,n05,0.7094335318635246,0.07970176178862974,105.33978949737227
369,46,n06,0.7110859261044145,0.06423205505743568,106.97459577896234
369,46,n07,0.7896547911113222,0.07475285573547458,110.0841704088025
369,46,n08,0.7082946704864901,0.08309281030817187,98.9056530308855
369,46,n09,0.7369210850782145,0.07720726094376568,100.93125155839469
369,46,n10,0.7614154528162462,0.07825157915857127,118.40873586573467
369,46,n11,0.6707118642096931,0.07812504475565492,99.05165853285288
370,46,n00,0.7060506128972979,0.09347046405772746,112.27352190884712
370,46,n01,0.7406115895112053,0.08993628704301117,101.77384628916856
370,46,n02,0.6722882260899167,0.07109530625844286,112.42437954331103
370,46,n03,0.8293500964771686,0.09003872416476909,119.38129223850984
370,46,n04,0.6733247279115407,0.0902060948355792,122.0307225178624
370,46,n05,0.7812568499742467,0.08631312224389633,106.48396086112724
370,46,n06,0.6401865724821469,0.10759557033301156,112.20125561769939
370,46,n07,0.6999383831501101,0.07271701113620166,116.9399532147758
370,46,n08,0.6603978863158221,0.06844973024557124,116.87941010530538
370,46,n09,0.7642332924004571,0.07634328047717046,110.20187904697507
370,46,n10,0.655600416423673,0.10343094664844632,108.099995614751
370,46,n11,0.7203487493556091,0.07245012938188751,131.46798145473215
371,46,n00,0.7140575608661148,0.07207041812098859,124.59716727147932
371,46,n01,0.6818190442638538,0.10682698327632603,111.6335586345109
371,46,n02,0.637957745663265,0.09809810559297585,149.35779301409613
371,46,n03,0.7607339932300675,0.06827132980429242,100.43342195409943
371,46,n04,0.7170169887426574,0.06047051996872855,103.65091590103515
371,46,n05,0.7711629467155213,0.08014397608507047,105.23632629676713
371,46,n06,0.6485011338359605,0.07412498524970956,109.01163408686682
371,46,n07,0.7044715112799276,0.07495248215146176,106.66815040565056
371,46,n08,0.643293299448412,0.07372852678160548,102.09644828252144
371,46,n09,0.8214504589700047,0.09461247380060626,109.00333453067151
371,46,n10,0.7376658247921908,0.07594202120322457,114.48744342244223
371,46,n11,0.7051245499007124,0.08123209324227157,122.65682688220993
372,46,n00,0.24102796286961098,0.02321297084690969,31.049196411201507
372,46,n01,0.2044858430018539,0.018088262114371388,52.4404942715355
372,46,n02,0.13064768082598788,0.025753116600227447,61.69974140169695
372,46,n03,0.2111456746024457,0.027375288170998407,54.195737678703324
372,46,n04,0.2515898421716324,0.03915657773195681,46.69147008729519
372,46,n05,0.22779132011791192,0.026793216895846017,31.642813917430523
372,46,n06,0.32430956216258905,0.012254481418369465,34.058841934197794
372,46,n07,0.24326104189334086,0.033598390820863924,37.61853008803223
372,46,n08,0.25666533515116663,0.03500319417507951,48.110388800768376
372,46,n09,0.20863411181618718,0.02497721334380905,49.20067881714422
372,46,n10,0.172330107059824,0.02305257061162557,34.12372611153791
372,46,n11,0.3435688382711224,0.031112813079601016,56.11277628245361
373,46,n00,0.24612894355842682,0.03807463730201904,28.904977211501972
373,46,n01,0.31364686049976465,0.014670285256910288,45.466500771409535
373,46,n02,0.2882881984876852,0.03258124257571519,38.16967881370264
373,46,n03,0.22297960471713255,0.033093950795822176,36.00345208179547
373,46,n04,0.266797719612371,0.04647455372276926,44.20580084985721
373,46,n05,0.136441360862871,0.03375375953247154,46.086081815609056
373,46,n06,0.3144658738407416,0.02658867725227618,43.645914175714964
373,46,n07,0.31327325099594416,0.009645131688163246,44.20658866306411
373,46,n08,0.3089755791670917,0.04504062616933421,38.708656780230086
373,46,n09,0.2133709713201121,0.04201363139085548,39.40773485655571
373,46,n10,0.19003122602647113,0.02246940921227225,38.638758131274145
373,46,n11,0.2126984540970487,0.05282115287978681,44.28516125891309
374,46,n00,0.6472108129399814,0.08316839355230217,121.38219014620556
374,46,n01,0.7480869536490145,0.0735057403956588,99.78748313536549
374,46,n02,0.6976756728167972,0.07824870902854995,127.76982038119166
374,46,n03,0.7336547694976883,0.07150273203888172,95.47586828824547
374,46,n04,0.8023557928261125,0.07561929405192365,102.09141096355198
374,46,n05,0.6994726060676556,0.07876314623729706,107.51105683488865
374,46,n06,0.7146022115592144,0.07921201088521478,112.46202048410477
374,46,n07,0.7718830058293372,0.08545988224494555,104.94143739007168
374,46,n08,0.7752354033670702,0.09127257785718677,122.37620193619964
374,46,n09,0.6814731969319875,0.09767008123385827,103.1520973659468
374,46,n10,0.8075280880720969,0.09034255937186747,108.74361608226366
374,46,n11,0.7574441473800598,0.09674117996409715,105.0561484433591
375,46,n00,0.19425750057186558,0.024763668245806593,38.14201186647665
375,46,n01,0.21501060621229964,0.04099391977216799,40.8176392744516
375,46,n02,0.31653352011032054,0.01824523707851284,55.996565518479116
375,46,n03,0.2894875365478305,0.010720182045643352,52.44849751326034
375,46,n04,0.3276423088183843,0.021199062815018325,43.650973237495805
375,46,n05,0.27514294250157706,0.029463769435530553,48.988875939871235
375,46,n06,0.2051338176188484,0.025353704435988077,49.11743266019684
375,46,n07,0.19739353123005873,0.02645595747774459,56.82258716384266
375,46,n08,0.18474806244037673,0.022077312541376112,33.00849068309009
375,46,n09,0.3120932730941509,0.019749582392156982,24.32417373977872
375,46,n10,0.20153749583778013,0.03414868634930232,40.72496144742649
375,46,n11,0.2568239345262859,0.03219766325902581,37.14166590294583
376,47,n00,0.8066128643995417,0.07370284528461138,102.43135258001485
376,47,n01,0.7324324489413899,0.060121938132138356,112.66521243618278
376,47,n02,0.6903555390541208,0.09830024336031529,106.38332876367325
376,47,n03,0.7479854681772962,0.08367649776410568,99.41152530912551
376,47,n04,0.7859655830755994,0.08279175242823879,124.9726129669382
376,47,n05,0.6499974245635464,0.08284740530847691,108.85361745399324
376,47,n06,0.7880644774090623,0.09593479945481864,107.84719069747136
376,47,n07,0.6515510707696929,0.09670304438042798,110.45013297707827
376,47,n08,0.7365036855622378,0.07635107658466382,104.14202098158202
376,47,n09,0.7350083334494997,0.07794792866607096,102.63734441620058
376,47,n10,0.625766916075248,0.06495577131128191,109.35914279132629
376,47,n11,0.7071198643919056,0.06927392492878677,88.5013807767764
376,47,n12,0.7354704689342083,0.0970819962709266,105.6353621834698
376,47,n13,0.701133054090782,0.07918588253573025,114.04404332792402
377,47,n00,0.3305249574962244,0.045798134255450984,54.572353413116716
377,47,n01,0.2974515631940268,0.020439405661879923,41.076612142162816
377,47,n02,0.2957283496494965,0.019539857269632525,50.3202259204889
377,47,n03,0.2727445574006742,0.03858563364793387,36.57933437751445
377,47,n04,0.27178572498755404,0.04194079009035037,43.882107176310875
377,47,n05,0.25422166205146,0.017620183755749794,53.585409562853
377,47,n06,0.17106863847819054,0.02138201317937074,45.310079713578084
377,47,n07,0.30657024703591307,0.027804927860829158,41.958887972205986
377,47,n08,0.23156268442667272,0.03792972892528564,54.01310417668084
377,47,n09,0.25902148532191155,0.03259341569207864,49.78883151590543
377,47,n10,0.2796555443586104,0.03493661326134132,44.27030655624221
377,47,n11,0.3497078047437499,0.026623703614071664,52.170797758069085
377,47,n12,0.2062229218141633,0.020586861485289827,53.60565711492135
377,47,n13,0.1727802240649936,0.007822312012001918,48.01683887189175
378,47,n00,0.7241188172015276,0.06402249210682699,110.96811979957599
378,47,n01,0.7402553621213058,0.09475040401596024,98.53503495471418
378,47,n02,0.7432081419848134,0.10116870502189748,105.45903394540761
378,47,n03,0.7220962599647323,0.07228765001482665,108.05432103862827
378,47,n04,0.7811878857546114,0.07695809680549681,120.80204046956482
378,47,n05,0.7060617921924572,0.07649602896123477,111.3374353347105
378,47,n06,0.7108587779463356,0.04197545523868137,111.75013217382138
378,47,n07,0.7211209607433006,0.0941664212305378,112.52583633819394
378,47,n08,0.701969965768959,0.05927448700881813,110.24015368485574
378,47,n09,0.7896130964414917,0.07477671913060682,97.48195765746988
378,47,n10,0.7607869001125029,0.08139672868449889,107.94188923533574
378,47,n11,0.7578041723280908,0.06746099226156896,120.00295844240051
378,47,n12,0.7581595624841788,0.07834612127714156,109.15567249425602
378,47,n13,0.6405844454595121,0.08138129078052814,123.46924651659124
379,47,n00,0.7305618119291262,0.08324919501666436,99.49279970923142
379,47,n01,0.7242348658314391,0.10428767628962958,111.22903598911014
379,47,n02,0.746875162407934,0.09931002773996506,116.29489223460374
379,47,n03,0.6622722795258873,0.08300973610689176,124.06967296202741
379,47,n04,0.7078736820201025,0.07523871987121135,106.90005544741359
379,47,n05,0.6796822195842024,0.08233245032313065,99.5053562533171
379,47,n06,0.7566879532922492,0.0653901145425246,106.4343406608701
379,47,n07,0.7023540180123353,0.08809749537689472,112.46720853416065
379,47,n08,0.6319301289778766,0.08574328671839634,112.62428765672931
379,47,n09,0.7245131383675737,0.09115632093104378,104.22886943309872
379,47,n10,0.7347184442422589,0.06094604846967075,113.10092588913133
379,47,n11,0.7307047861750352,0.07096000058025337,105.49653025642368
379,47,n12,0.6763564688635759,0.05304270551511407,122.01997630020821
379,47,n13,0.7627755486636917,0.10397090208374968,114.19992525606895
380,47,n00,0.30814329110674776,0.023674458535062583,45.629199082173194
380,47,n01,0.249800286077413,0.05086056400596832,42.90835441422133
380,47,n02,0.1436249187546377,0.029710799883025687,28.431349574190758
380,47,n03,0.28425313433898136,0.028524345865874243,42.45726265556776
380,47,n04,0.2509434254563628,0.03736505654245755,43.634648558027806
380,47,n05,0.21444831046177426,0.036833976701028746,47.97407399633552
380,47,n06,0.1883944546633589,0.014585319134558622,54.99994409297841
380,47,n07,0.26529650083691103,0.06086757856112511,40.92410297080148
380,47,n08,0.19653908995439517,0.0351831224423012,43.552952499184435
380,47,n09,0.2994772137942895,0.04361251850144353,30.421942902972173
380,47,n10,0.19298353615081965,0.031524506682464995,50.40862590601654
380,47,n11,0.24449361003442222,0.048132606766991465,41.13354297656305
380,47,n12,0.323883168444134,0.05422649432917265,42.15455550710426
380,47,n13,0.19506536803556318,0.030625379923713402,42.70635801243807
381,47,n00,0.22154985291451507,0.031218259914691814,60.60271340899315
381,47,n01,0.2763828260157682,0.017021759100484903,52.257910577741136
381,47,n02,0.30829835910787995,0.032678968655509594,45.4818950858172
381,47,n03,0.2628666996019095,0.03190458701412063,58.77875578227514
381,47,n04,0.29199503209639627,0.026836387518035073,41.664236318954174
381,47,n05,0.285998778778823,0.03409301396644073,49.491878954441304
381,47,n06,0.2828997186404453,0.019061301259315207,54.64220585779004
381,47,n07,0.2712398434881886,0.03163687531558036,33.778736965761865
381,47,n08,0.2927191551175464,0.021532824785872887,49.68995553722989
381,47,n09,0.3283551426804596,0.028501706810982602,41.73746567852086
381,47,n10,0.2185339637286221,0.010739945172956945,58.61242965271907
381,47,n11,0.1900945937565468,0.03189223257841903,53.90725352557085
381,47,n12,0.25754862568857967,0.021483824586258943,57.62422742111332
381,47,n13,0.21226931924349263,0.018677101988704318,47.765607645065394
382,47,n00,0.24697537768172945,0.03982757630410724,29.749572086334233
382,47,n01,0.23826208369889862,0.004782779396627808,35.92351846668861
382,47,n02,0.27633516696513577,0.054325842515563674,42.2237239263062
382,47,n03,0.2770510406176679,0.028068377270127294,46.540489346871006
382,47,n04,0.22745081812920198,0.01799276481836376,51.99039740819775
382,47,n05,0.24071943000085683,0.04854417819269559,29.235503235057344
382,47,n06,0.25326801954799716,0.046774043210956004,58.041229045632946
382,47,n07,0.34017696875959336,0.023444630315385538,46.562878165366094
382,47,n08,0.25148151480608366,0.03967958974853733,48.409619265382375
382,47,n09,0.250712219013535,0.04900878403323081,36.31066337355623
382,47,n10,0.260248707317994,0.030082824600606135,39.380996852003385
382,47,n11,0.25477790030344716,0.027241156553983233,42.41267594844073
382,47,n12,0.2124165525893884,0.01742194109221868,55.372492270242105
382,47,n13,0.2339389238628341,0.014976734026040349,49.998555041477175
383,47,n00,0.7096576258074593,0.0657213558780051,119.80978050673866
383,47,n01,0.7408726749840283,0.08505880092456282,127.43654545730386
383,47,n02,0.7296236008577058,0.09850800693288422,113.16006406719929
383,47,n03,0.7790387628440004,0.07614434764775688,97.80644635179965
383,47,n04,0.647003898970161,0.07743916117590471,106.1752717542458
383,47,n05,0.6998573033283438,0.08646337449718003,105.48370972166157
383,47,n06,0.771334103442463,0.08763188652218337,110.3297268369882
383,47,n07,0.8340906881294108,0.09157916543380795,121.40031449309963
383,47,n08,0.7499099732702368,0.08938738038310066,93.51965991760571
383,47,n09,0.7337386712282782,0.09910682365326043,115.7923794484145
383,47,n10,0.6675733329437128,0.0852386207972173,107.4228050937846
383,47,n11,0.808720885263686,0.08439727407552376,116.52377472993825
383,47,n12,0.6243255113682641,0.08821179671259895,113.46939390892916
383,47,n13,0.7382420246086282,0.06812706209376006,101.30876284724337
384,48,n00,0.1652089221425207,0.046686502679563396,67.67691035440698
384,48,n01,0.32379908173170246,0.01989551101556263,43.69905509682187
384,48,n02,0.3301559362146028,0.05455951967693691,41.71539289573386
384,48,n03,0.19150443489624563,0.015721014533125046,42.13559255007718
384,48,n04,0.250142264911973,0.04091524465277048,42.0319311343358
384,48,n05,0.26992893704177817,0.02816942885031328,47.77190546584872
384,48,n06,0.25771037917870515,0.04416783440301803,43.394660322325414
384,48,n07,0.21021299948632532,0.026898885018762204,49.348258594325664
384,48,n08,0.3169766747272915,0.02430231090214485,58.49906438258152
384,48,n09,0.3419892651763068,0.02414225057270074,46.04092291233773
384,48,n10,0.2266742176195229,0.03135747605678277,52.74745923021361
384,48,n11,0.19560984561794129,0.018855041638354594,42.319726289191244
384,48,n12,0.29694153235478793,0.03491504819336347,42.983529292050214
384,48,n13,0.2365313872477764,0.03598728164366313,45.89532926417687
384,48,n14,0.20031008065854367,0.04155765101346784,30.676812277221103
385,48,n00,0.6799578053889594,0.09795713286959959,110.50382205066899
385,48,n01,0.7716031382669283,0.08415371166872229,106.54574273235585
385,48,n02,0.7412328720132965,0.09890347235538177,108.93410387525388
385,48,n03,0.7288048953520505,0.10328611744739327,115.17771411348458
385,48,n04,0.6846794835143079,0.07541877040914813,109.2012472365284
385,48,n05,0.7620551353651387,0.07699118164171187,103.34775365008183
385,48,n06,0.7453608213756394,0.08551199467803375,110.36799049848756
385,48,n07,0.7402910536558384,0.08317973917969858,112.99564471812135
385,48,n08,0.7985647641270268,0.07782422968172342,108.45118167563145
385,48,n09,0.7123085205191538,0.08584410590871772,112.72968251799952
385,48,n10,0.6855245195176074,0.06330861373636275,115.48973027312707
385,48,n11,0.7336190262222729,0.08309767466934602,113.72975791383273
385,48,n12,0.7061887041396142,0.09285606703642066,110.1894446600565
385,48,n13,0.6573176094289379,0.0869664960687216,120.97136653144665
385,48,n14,0.6884617111598486,0.08575228082096262,97.94119712749283
386,48,n00,0.22490083650084472,0.020563639443619625,38.922327133670734
386,48,n01,0.2501691471613666,0.031193304149328117,53.96279185014469
386,48,n02,0.2493391402333477,0.0376824079670375,51.16566091125897
386,48,n03,0.3360506843415889,0.03489128195872873,34.44771117767871
386,48,n04,0.3206010180268095,0.028053860237338475,34.210423495450456
386,48,n05,0.2828694224282355,0.020012183441165975,41.31178300545618
386,48,n06,0.27644031251027346,0.02475990189035896,46.428986736844685
386,48,n07,0.2556869885690914,0.043665501026874894,55.05702805306015
386,48,n08,0.28765143043947095,0.02708444815028011,40.17582652172331
386,48,n09,0.29915710377010796,0.017878711985470967,50.123923618656605
386,48,n10,0.28237203471237193,0.03582721139046452,41.02254060947327
386,48,n11,0.26453512203550306,0.028180147170744897,48.68184040072649
386,48,n12,0.2401858786370497,0.04568721597512247,47.54882106957294
386,48,n13,0.24527797725214462,0.06743331277325122,50.06645465786553
386,48,n14,0.23141236028719991,0.048795358891911264,54.75803230578015
387,48,n00,0.6546854644602533,0.09499318601267003,104.82542850383813
387,48,n01,0.7887360209113872,0.08472365994821494,104.81591408588831
387,48,n02,0.6893324919827194,0.08067772165557645,125.36717691150943
387,48,n03,0.7576068343934246,0.07004675858461593,102.2451956436516
387,48,n04,0.6832169609314996,0.09231449093393547,107.9794590611397
387,48,n05,0.6922711688482254,0.08192526179291047,112.81957655710865
387,48,n06,0.6756830429475529,0.06832210668765896,109.31443940818654
387,48,n07,0.652717641008646,0.07506046402594792,124.25292247260661
387,48,n08,0.7414589057207404,0.08025703982313541,107.40388267780004
387,48,n09,0.7141833154787363,0.06563650517888112,104.6286584141574
387,48,n10,0.7732561574696093,0.06618942600442487,108.14141512607824
387,48,n11,0.6839265534780954,0.05850656912251613,126.57560733456371
387,48,n12,0.6991933955575941,0.0970787609560119,124.44424224381835
387,48,n13,0.7348841317721584,0.05342956116117956,117.31025949352788
387,48,n14,0.7176403346148047,0.10835624424731538,113.05158515557657
388,48,n00,0.6119587973288286,0.061324385521939875,107.10055147923853
388,48,n01,0.7309157040915701,0.08769730627670487,112.88210600829869
388,48,n02,0.7468450016799864,0.09091005606816378,112.823399223974
388,48,n03,0.6396385591103132,0.0688205563562433,119.05893675126174
388,48,n04,0.6751516023969024,0.08376870351622642,117.43090456481093
388,48,n05,0.7191798432517555,0.05975251118969546,100.09472597575461
388,48,n06,0.7350562605381102,0.07035493999330472,113.16075717035102
388,48,n07,0.7467022476804048,0.06226602917179502,117.12727217486037
388,48,n08,0.7123294767782259,0.07608820331738451,116.60202477138102
388,48,n09,0.6886753105679986,0.08536197195648777,104.84306822547738
388,48,n10,0.7234127226395712,0.0961981882365936,100.49709182146145
388,48,n11,0.7534854817245267,0.07613401899537066,107.74416097501619
388,48,n12,0.774965019628596,0.07158884701410236,118.47227845090771
388,48,n13,0.793061458064089,0.07564102258257957,115.17790147206415
388,48,n14,0.6987378172116295,0.08260674674793328,105.00159325017307
389,48,n00,0.18958019813001706,0.027774303862471934,49.189566658876515
389,48,n01,0.21575640685425157,0.022273664875646502,37.8510421912307
389,48,n02,0.20060333240257708,0.05717208797345642,51.378081756036266
389,48,n03,0.2762373181834557,0.04847382301832484,42.67787955246669
389,48,n04,0.2639077246101055,0.024445865282093675,37.93809471351483
389,48,n05,0.26159539370437945,0.027894702732670196,44.872960265471974
389,48,n06,0.20216989260476767,0.0444692505165032,44.81755300855039
389,48,n07,0.28621325831977545,0.021840252059895378,51.14682218538877
389,48,n08,0.23884082517311728,0.034788391125062004,32.636592451936714
389,48,n09,0.21577576072381577,0.02361997198074548,42.30509117677852
389,48,n10,0.2306483763083854,0.01984305580732934,42.433117119626026
389,48,n11,0.25012194343306204,0.052366108810085965,50.71520118666352
389,48,n12,0.29884517423150625,0.018920616608803793,48.43300727424324
389,48,n13,0.2993534069303,0.02323135590380207,48.98326220644082
389,48,n14,0.2827662127908195,0.04571043260086931,57.230214948735664
390,48,n00,0.750839962245138,0.06751760752801672,111.76490247003886
390,48,n01,0.6793225145164912,0.07752346981134427,106.81484812823928
390,48,n02,0.7381749730209192,0.06583716814997781,103.56575596883917
390,48,n03,0.7248914329040349,0.0841260232172238,116.86648627755687
390,48,n04,0.6571095632519122,0.06243420645888282,117.58267141051655
390,48,n05,0.7563406917320602,0.07274187287989066,105.46946373440613
390,48,n06,0.7235286969340554,0.07280642094392238,106.08142280702693
390,48,n07,0.7693790930897964,0.08606004082067131,108.08678485921806
390,48,n08,0.8263471135598752,0.07334668024436021,98.44359697655406
390,48,n09,0.6449502506042126,0.11371411606278667,104.61820332639924
390,48,n10,0.7162218373075397,0.0633378119288924,109.63184517353831
390,48,n11,0.645671772086633,0.0773754721078472,106.15475573074588
390,48,n12,0.7459115047988715,0.10643882040124152,116.06462506631148
390,48,n13,0.6919970662033632,0.10716072180195588,125.39709647210657
390,48,n14,0.6989891980527237,0.0856024171140706,119.14283470022791
391,48,n00,0.2000628067382746,0.011348766986709106,45.8331315178979
391,48,n01,0.14150848916263647,0.0202273148170576,39.6543558893023
391,48,n02,0.25424405501695263,0.03221684655835205,51.06745357244738
391,48,n03,0.20650054374286936,0.02804982306220387,44.11013516549964
391,48,n04,0.2909331601547573,0.04695905491011143,40.31740662882398
391,48,n05,0.2809619368974435,0.026883268901384427,51.68202731660141
391,48,n06,0.22561637130755333,0.006586342764891971,35.22236290608774
391,48,n07,0.2922417735007711,0.021237612473835057,35.16937230217388
391,48,n08,0.28178523891957363,0.015838772267662407,37.207621122382605
391,48,n09,0.20606832530185623,0.03444195504266652,34.226831401669365
391,48,n10,0.2137158597346462,0.019806471844176887,42.44446610229212
391,48,n11,0.26593524631596627,0.03971947210600398,53.11863677817782
391,48,n12,0.21987848411548988,0.022873901344823158,49.0942487493534
391,48,n13,0.27010040981421213,0.042713724797377235,43.94703745121646
391,48,n14,0.1996897533729126,0.042023662750288654,53.982898403852644
392,49,n00,0.2647470072734696,0.031063478790878143,43.910258275264106
392,49,n01,0.20765497207519268,0.013021603143581507,56.83623355689158
392,49,n02,0.22201282427950508,0.023083312790238612,46.24476871744223
392,49,n03,0.29829872830960796,0.013114484712316635,39.51684173565642
392,49,n04,0.20817650810875724,0.03540110057758347,46.27346745150841
392,49,n05,0.259633521200089,0.020242396458398954,60.057408200689835
392,49,n06,0.3078757429442228,0.030061121308644818,48.70185384841562
392,49,n07,0.17953121819753315,0.007497191008471099,38.111759353237225
392,49,n08,0.24951043502302456,0.021142738344251892,47.30774191746977
392,49,n09,0.2154665866701298,0.009387470396908758,33.64841936543518
392,49,n10,0.28875702351671517,0.01701984516609685,56.35166454729062
392,49,n11,0.2504604917496971,0.026211153770656744,46.75559984032754
392,49,n12,0.3123445866429808,0.03720280497842254,44.4402371997951
392,49,n13,0.31466330534351716,0.03498839905837024,60.11275400542295
392,49,n14,0.1987467926835721,0.03588225465432848,51.741165821789316
392,49,n15,0.24145339841447444,0.038085568661530844,43.49196831356375
392,49,n16,0.17948320168125825,0.034430204599880825,44.1035639982044
393,49,n00,0.7492793541342686,0.07484441591653439,104.5697971928234
393,49,n01,0.75611877965465,0.09711235741400523,108.6049322622545
393,49,n02,0.7491745182866271,0.07654652524032919,108.69513898310849
393,49,n03,0.695309176354674,0.07692817485166074,105.62987446984658
393,49,n04,0.7263944062118859,0.0775740238195538,101.24592862671025
393,49,n05,0.6910299563797349,0.08098512518256655,97.02388661732309
393,49,n06,0.7696989468087487,0.07162262308552851,119.32466442743316
393,49,n07,0.669262808847183,0.08196264242194037,104.47350539326997
393,49,n08,0.6848392575283823,0.08393836848219782,109.65275809002934
393,49,n09,0.7359313181121261,0.07505470538459254,106.04607584381183
393,49,n10,0.6686312700546306,0.07766683940253219,107.26084255503292
393,49,n11,0.7194330666515645,0.09156555687203859,112.59203469653407
393,49,n12,0.6831452354113743,0.08035593736348742,125.600951986439
393,49,n13,0.7371263266157314,0.08802250712001017,117.38741810395251
393,49,n14,0.7457774804262408,0.08483367966829175,107.40839932284578
393,49,n15,0.771716447931625,0.06654605658488831,102.89535640870068
393,49,n16,0.7257332726373219,0.06604624324212048,109.24144545817524
394,49,n00,0.32343395816408127,0.029811322853286443,51.27993865884772
394,49,n01,0.20616737235363763,0.053592863854605044,47.29041113219963
394,49,n02,0.29949203749250103,0.016575101774431687,39.681682281865235
394,49,n03,0.2519128589987252,0.04274128495784897,28.63587669733195
394,49,n04,0.2529137783072539,0.023039119132020773,49.50120103078846
394,49,n05,0.2651978091846406,0.029772759841727413,32.415150557383924
394,49,n06,0.2695061075497096,0.016510681111206627,47.082044117172266
394,49,n07,0.30652421495921106,0.029486229357121883,52.23661799533959
394,49,n08,0.2652381695836677,0.019084601520013303,33.93126559107954
394,49,n09,0.23113654221531996,0.03719523873145223,55.800204912382384
394,49,n10,0.2823792774369249,0.03821045018666493,49.12734592900522
394,49,n11,0.29487777961866934,0.0336047875139264,52.85015019747781
394,49,n12,0.3050806313791768,0.04713494547381767,40.702450107172865
394,49,n13,0.2530483275826478,0.024162895730038735,53.4477619396379
394,49,n14,0.33279166075573446,0.03444326160017601,49.11343799257398
394,49,n15,0.21730849846744732,0.047778909850752505,37.80213448689386
394,49,n16,0.27137571456989973,0.03442241810969734,52.898565153189395
395,49,n00,0.7364423731971473,0.07103072691716832,103.03765570734035
395,49,n01,0.71439171659475,0.08721519334278603,100.84685201142578
395,49,n02,0.6546150208480093,0.06591596715256942,97.34119698253647
395,49,n03,0.6616599219565809,0.09235847098266363,122.57484670985835
395,49,n04,0.6952240396280402,0.1030353045674912,107.08808676282952
395,49,n05,0.7268847913646729,0.07236646889114601,104.58537584526593
395,49,n06,0.718245419100483,0.09282449357061127,110.29278050312976
395,49,n07,0.6706173697930002,0.06622817439123677,108.6559441642172
395,49,n08,0.6630463569102327,0.07423001855518159,115.44692505199059
395,49,n09,0.73101842259349,0.07699306537883385,114.06684951749601
395,49,n10,0.7508554297228223,0.07447895411159391,96.15005468400219
395,49,n11,0.6790602279462826,0.09401282541311118,119.09221236103636
395,49,n12,0.665790351170826,0.08301758129269428,115.45126960194376
395,49,n13,0.7424332544133014,0.09097623836998543,117.14858400484115
395,49,n14,0.761799020447197,0.08480059001636966,108.64792750572155
395,49,n15,0.705581530414075,0.0911125180517087,108.25144149742552
395,49,n16,0.8043176792268488,0.08651723376012047,103.8735640330856
396,49,n00,0.6776447664694752,0.07501820187942446,118.21693139695789
396,49,n01,0.6928796133419769,0.08684199848764303,109.67310392994524
396,49,n02,0.7590363713105767,0.08214022001679297,113.57964035237038
396,49,n03,0.7170874353214464,0.06124276448261709,110.23275597596079
396,49,n04,0.6377727310495866,0.08760632091277439,110.77218710446684
396,49,n05,0.7396587000020006,0.09288506671919756,109.28941573733331
396,49,n06,0.8189748156011362,0.06968993995206124,111.70968027564898
396,49,n07,0.7367363598202766,0.06146429878112573,107.70914609026353
396,49,n08,0.7205788528872501,0.06701378056815258,115.89962188658414
396,49,n09,0.7210632325250085,0.09691563238121906,101.506361854102
396,49,n10,0.7139475364714752,0.08955705183709252,105.07514911629059
396,49,n11,0.7531295858396816,0.08068192029906986,108.44492124225472
396,49,n12,0.6785358650139544,0.058757288586508534,116.62711255192723
396,49,n13,0.6928824602114131,0.08715576194755346,112.88859488245397
396,49,n14,0.6722018844905249,0.0842999462941748,92.73257019544403
396,49,n15,0.718340550131988,0.0838112310217337,103.52644150158183
396,49,n16,0.6315866419659956,0.06865357157238039,104.07970579026825
397,49,n00,0.34481452112452105,0.026168584059366798,38.96308666510069
397,49,n01,0.27581009644404486,0.034540738219499,39.45808967507244
397,49,n02,0.26494383445593767,0.041963583884911865,48.07932680248185
397,49,n03,0.21325441952788102,0.016972984464816487,55.49795270493199
397,49,n04,0.29841621859787665,0.043158190908227576,44.68285869074387
397,49,n05,0.22497784339083027,0.017686112889852744,44.07929836285688
397,49,n06,0.29055702501122255,0.041412543619179384,32.018755210906455
397,49,n07,0.26329547791762303,0.034023583051998645,54.25346755985425
397,49,n08,0.23823906248205273,0.019207186162230855,39.50138944528039
397,49,n09,0.2182040859830394,0.01073627256625867,46.53120483380292
397,49,n10,0.26334628181452435,0.03175770500534931,38.17599580135658
397,49,n11,0.2339519472173904,0.025036725145971512,38.3026407244036
397,49,n12,0.29641190497564623,0.03719329278230064,52.19188386304913
397,49,n13,0.18850395522943425,0.017644858343688397,41.948574749013545
397,49,n14,0.23602456313049255,0.016875316131501027,46.26923550329713
397,49,n15,0.2743231291554039,0.02424198359519216,37.426106039596284
397,49,n16,0.2338882224567857,0.02831074484543206,43.33473655129417
398,49,n00,0.7500056325471667,0.07464447377435653,108.74017253229982
398,49,n01,0.7408652072789497,0.08767687698373959,113.99336138137869
398,49,n02,0.6776105882522904,0.06103860883421357,98.58277057508019
398,49,n03,0.7215150511376958,0.08432562665469108,103.42065703676029
398,49,n04,0.7206125974321307,0.09396108486809791,97.6454330902704
398,49,n05,0.7567562441673464,0.08833184528608143,105.15339763037325
398,49,n06,0.6900979693519921,0.07677810604312861,111.27375297571066
398,49,n07,0.6459820653160432,0.0921760159074546,111.6221075968829
398,49,n08,0.7399500858782304,0.07853476188502485,117.05436902354899
398,49,n09,0.7971157857210204,0.060476462711408024,107.87999660059377
398,49,n10,0.740514410147677,0.06744751823813519,110.60283184246764
398,49,n11,0.6707389981735994,0.09788554280575579,109.76555404020596
398,49,n12,0.7667876232638159,0.08538119215767849,111.98693083572662
398,49,n13,0.7008577899265964,0.07973857339345485,102.13002009058766
398,49,n14,0.6554606856993959,0.09445823799723889,112.03802355493238
398,49,n15,0.7151239926329289,0.060004509037209434,101.11301228317359
398,49,n16,0.7865300966734794,0.09265036449804016,117.79943248246059
399,49,n00,0.20986367408866852,0.029748535858947017,34.68431384392084
399,49,n01,0.2270079852270825,0.04054069844466809,53.74305780981798
399,49,n02,0.27880222923353215,0.036995863497795024,51.93873859489158
399,49,n03,0.19676505241546507,0.01665714463101748,38.21775571834903
399,49,n04,0.24416099934738547,0.036811494723546195,38.840270694300784
399,49,n05,0.283713410786102,0.02734421519044107,29.90314142683227
399,49,n06,0.1649725658779051,0.06453200694876997,38.827004503017584
399,49,n07,0.23694934595264563,0.02514839259415268,51.78219467618581
399,49,n08,0.31473550810340617,0.009681250981273992,43.59754912356363
399,49,n09,0.21776697879199491,0.023547817741488716,48.59521005071427
399,49,n10,0.20206568093636276,0.030803143298017973,42.8830116465519
399,49,n11,0.2757693417171959,0.03550480295991293,41.30837071516372
399,49,n12,0.22872485770273648,0.02526296932268036,41.61575696316259
399,49,n13,0.3023275562005526,0.029493379301201293,42.570824804964005
399,49,n14,0.2660537754487766,0.023734721361205493,39.551047553937416
399,49,n15,0.2534933352622766,0.04059583268882479,47.86566069138044
399,49,n16,0.25238486778738617,0.04530389691540122,29.34350859311381
400,50,n00,0.2578249507145511,0.019274831939159562,36.52346255819066
400,50,n01,0.23946570134883435,0.03233848488718626,46.81470230489406
400,50,n02,0.20049291012548895,0.017856052455615695,37.20021278692979
400,50,n03,0.2929748455624773,0.04018530717019492,48.16157509379343
400,50,n04,0.24792688264521998,0.023149846255204554,36.00572730829117
400,50,n05,0.30480587653658475,0.007088268804311015,39.366136083538436
400,50,n06,0.294303895062074,0.04804534462531164,45.45790960050461
400,50,n07,0.23171021002919723,0.0366039057930428,36.15140659773769
400,50,n08,0.2662077813136823,0.02582806730638329,55.038945929327156
400,50,n09,0.15263814678318866,0.02403412183516277,41.33807436483292
400,50,n10,0.2281333727039928,0.020905485167412557,45.89361341694071
400,50,n11,0.2380892365427809,0.024913809302841202,47.69010359985693
400,50,n12,0.2579533252319362,0.010411991528998202,38.86464774633293
400,50,n13,0.25623044369921594,0.04156246004798611,37.706401231911805
400,50,n14,0.2503547693852749,0.029795642652716028,44.62063078765606
400,50,n15,0.20825374051950046,0.03574022770610755,41.827716919342976
400,50,n16,0.315814245026278,0.01805924037611639,53.56558106454955
401,50,n00,0.28596277058538183,0.007221515543128575,39.84925844153026
401,50,n01,0.23443407172651468,0.04305669740038325,41.75462732166095
401,50,n02,0.1937911657845982,0.03807431823732645,56.445079912788515
401,50,n03,0.2475391414792205,0.045158859758583435,37.220413702508345
401,50,n04,0.28185383512823914,0.031043637652315915,35.44579752618975
401,50,n05,0.18638613287392375,0.02193356237530545,56.64167132117859
401,50,n06,0.19608125945719956,0.02106834617830907,35.828356891144075
401,50,n07,0.16173170398566036,0.021037755213676693,46.492817185615586
401,50,n08,0.27870478630064344,0.04343557992039427,30.051880182048198
401,50,n09,0.26954673963297376,0.008353229061635076,45.38680597214033
401,50,n10,0.26892968889020896,0.029598121543251386,48.01302836153097
401,50,n11,0.2334118256278107,0.04895145775884893,31.084067672843275
401,50,n12,0.2964633209261133,0.026840201448950066,40.92668317476612
401,50,n13,0.33657392627249777,0.02371262316860523,45.70429443954871
401,50,n14,0.17241779647525352,0.016719780645363818,46.158901197969065
401,50,n15,0.2635756978834531,0.03910784760971775,48.54174528230253
401,50,n16,0.31500635712328334,0.030366376509826886,51.30208066566472
402,50,n00,0.6927190255695721,0.06780765519933796,115.35903309936893
402,50,n01,0.8035684351524655,0.07461720473749485,109.48004866200384
402,50,n02,0.7317697349784531,0.08225908831429873,102.96537973106692
402,50,n03,0.780660363695682,0.09242527965598034,100.99770132891432
402,50,n04,0.7041442367681076,0.09339288462403658,119.83706627847063
402,50,n05,0.7609571162912708,0.06697848253015579,103.01662280080203
402,50,n06,0.770650918758444,0.06738726546772814,119.17406303579895
402,50,n07,0.7317251340338347,0.054658092900697855,105.06589003766848
402,50,n08,0.716374739877826,0.06185049768775644,120.69087633814932
402,50,n09,0.7699501772310658,0.08567260702292388,117.47480710636034
402,50,n10,0.7467441129362385,0.084952196314838,126.91824727563574
402,50,n11,0.7349062559143572,0.09972130188512511,109.3817629782116
402,50,n12,0.7777576025939721,0.08807481310544997,121.0412868974885
402,50,n13,0.6339805217235636,0.07543578076413567,105.17842843331313
402,50,n14,0.7048709329885163,0.08157931588877664,109.03630968653819
402,50,n15,0.7165136173252012,0.06105019761007491,126.17435933984466
402,50,n16,0.7437437200587782,0.0669439185206118,118.64212237979706
403,50,n00,0.2573942282326645,0.03348041401070882,42.737692489192774
403,50,n01,0.29951380093280316,0.03281996188801194,48.0269253223002
403,50,n02,0.24113806330550536,0.034107784628180496,50.019054852577675
403,50,n03,0.2854445231289955,0.036669088030686074,48.98978656638016
403,50,n04,0.20583070549160992,0.0,51.17297525268107
403,50,n05,0.2007247604727358,0.03569307982760585,47.82362395494108
403,50,n06,0.2962432609176098,0.0429178699026671,38.0989564107253
403,50,n07,0.24839188258531783,0.027640038551573334,45.76994092321114
403,50,n08,0.2250069463325262,0.03421061404423889,49.00658429228389
403,50,n09,0.3094922460327456,0.03817878781862531,55.34042377552251
403,50,n10,0.2532604060182768,0.03813877371456832,41.39834497912509
403,50,n11,0.2761100684734894,0.02800295405483503,50.76093104771233
403,50,n12,0.2588396699260693,0.011991148826288815,33.83312030211814
403,50,n13,0.24480385982229982,0.030640558840418324,32.01723989151511
403,50,n14,0.20869394463994453,0.01529832918132167,45.560731573922055
403,50,n15,0.1629236303177419,0.025574471632095336,44.05070807418411
403,50,n16,0.338449193397374,0.0440070176777426,50.15870739033589
404,50,n00,0.7796205690913355,0.08446047612709454,118.38465388681323
404,50,n01,0.79648310213309,0.08633921281772913,100.85956573727321
404,50,n02,0.6739679978415253,0.10021407891350528,114.34491772357612
404,50,n03,0.7643386529138726,0.0911843447699025,97.12809779562448
404,50,n04,0.8113343679428939,0.09401969050751595,102.88156929135242
404,50,n05,0.6984005873106721,0.07470680169620365,122.78998292318921
404,50,n06,0.7296161481878299,0.059903424453567625,113.18501930383304
404,50,n07,0.7608273060215309,0.07929720397650114,121.30198938060578
404,50,n08,0.7525868111704128,0.07709481738183496,105.19766409419682
404,50,n09,0.7480467688914084,0.08643920438579582,105.5746833264883
404,50,n10,0.7057039062788436,0.0685647273269515,120.08305674571487
404,50,n11,0.7156723064074573,0.09103781340983594,103.13572424971612
404,50,n12,0.6994123934958775,0.06805344952326303,112.77346425441864
404,50,n13,0.7405773150503199,0.08909864406718825,118.91926717891816
404,50,n14,0.7176326662472539,0.10212965503606232,109.16440633924825
404,50,n15,0.7164219790846538,0.09386800415202834,95.76972142026912
404,50,n16,0.7480965858379678,0.0980473165714818,118.38982895875453
405,50,n00,0.7472490151111737,0.0855648822989793,104.73195536114947
405,50,n01,0.6704413130313293,0.07546230021069299,111.30717841292224
405,50,n02,0.7981772461094765,0.06009987543898031,112.10595254663444
405,50,n03,0.6748796162340998,0.08538251685971482,114.61484391491024
405,50,n04,0.7149821226519327,0.09973663796926674,113.43919168578489
405,50,n05,0.7018204788245618,0.07503161119657631,106.56100290193591
405,50,n06,0.6966885831774512,0.07614268713338185,123.53103052099979
405,50,n07,0.7532517915984562,0.0782538912151893,116.06906948011604
405,50,n08,0.6811350394880301,0.07986087751524883,117.54441662249056
405,50,n09,0.7140035499397315,0.10542627176271309,108.88932518426124
405,50,n10,0.7139220216606362,0.10031798864704519,104.99424691348854
405,50,n11,0.7494810139102069,0.08212722149353086,110.72152659627673
405,50,n12,0.7278343253701034,0.08580818458612932,114.40546356397368
405,50,n13,0.7053279580589202,0.07841709269281555,104.5892394283273
405,50,n14,0.7276209673988285,0.07688108102001426,112.16231669744971
405,50,n15,0.7001165874577929,0.08284179037935764,105.22834423984173
405,50,n16,0.7142441068139855,0.09343160629051207,120.69448916736675
406,50,n00,0.7238251479496595,0.0659769624640642,107.5266793171307
406,50,n01,0.7140644104339667,0.09679432076241093,112.8058981224471
406,50,n02,0.7874775267315857,0.07439019749494309,116.49011740187116
406,50,n03,0.7186179686354475,0.09208657935339229,107.77821904931567
406,50,n04,0.6800075977948695,0.08463513518553768,109.10177087694645
406,50,n05,0.6877425296095804,0.09368076866364057,94.9557130793265
406,50,n06,0.7568371899956186,0.07164821035651076,111.59756856746718
406,50,n07,0.6560490702648185,0.08315149649420527,118.26402256062454
406,50,n08,0.779648884062769,0.07383107733574473,97.18015700753062
406,50,n09,0.7095533264404461,0.08503516677556892,116.9970809962735
406,50,n10,0.749106319772749,0.10302952924390658,105.40317292943784
406,50,n11,0.7567512606194184,0.08057099645609882,95.96506622139012
406,50,n12,0.71929715055053,0.07453534930578617,123.03661732142547
406,50,n13,0.740137863889041,0.08802572258772458,118.2833116956269
406,50,n14,0.719530925427105,0.08926990949882131,110.80691166305006
406,50,n15,0.754264733767842,0.09102110416937478,113.46482441777323
406,50,n16,0.7364616564436688,0.06847744893406754,103.17300514122392
407,50,n00,0.23055965158874295,0.027822936903796905,51.94930181040045
407,50,n01,0.28704532336568767,0.03093963643876366,46.23831307546778
407,50,n02,0.20240431774185458,0.012149676820963025,49.22458134241739
407,50,n03,0.18863475526298218,0.044955727031083054,35.1844523427159
407,50,n04,0.24702818226235973,0.03774708899997715,41.8998161123115
407,50,n05,0.2093385270096205,0.026379481975584613,41.81896480118497
407,50,n06,0.19657165139322036,0.019809610206739558,46.56196965627271
407,50,n07,0.2789362922196905,0.027228096040710338,45.33525413250564
407,50,n08,0.27394694659466384,0.0382090316733095,40.142455322132896
407,50,n09,0.30905185758791326,0.05223190591791636,43.7140542948298
407,50,n10,0.271202602415383,0.038665989726110475,48.939794292698565
407,50,n11,0.28294828959266766,0.009468741849626958,53.515269035695546
407,50,n12,0.15985408785627137,0.021053643400755863,53.499999277321045
407,50,n13,0.2154193912458541,0.027706755616851392,37.11700838181745
407,50,n14,0.18963780724836704,0.044376096803649276,40.51360776454944
407,50,n15,0.2650125908028805,0.02086216066365091,34.929360659273776
407,50,n16,0.2411332504239899,0.04262394952046983,42.63265095917923
408,51,n00,0.20972436316727944,0.012855157785424527,51.9650551716292
408,51,n01,0.18581748897861922,0.0272163266597372,34.527966075200354
408,51,n02,0.320477650635993,0.02565010080568863,42.81276692694373
408,51,n03,0.21260094394418677,0.020413317489743357,54.65389837836085
408,51,n04,0.21283757533395595,0.024182801378310165,35.053611294380346
408,51,n05,0.24582282065476266,0.018289122386838517,46.50459695756686
408,51,n06,0.1861996368156706,0.03666282969457167,47.96861173347655
408,51,n07,0.23093175667519436,0.03160036937404311,54.09839384675866
408,51,n08,0.2899335105256339,0.048325652920978096,45.90531091065571
408,51,n09,0.23825463282894663,0.02989471511832523,48.09346257062502
408,51,n10,0.23196539503409352,0.023650292911128728,45.83659892678734
408,51,n11,0.20706845186429199,0.03785044898748858,39.127982501506814
409,51,n00,0.71268923655236,0.08061302389522611,100.83115202534842
409,51,n01,0.8096449182578065,0.06496332018776409,113.92406726778101
409,51,n02,0.7521709033903691,0.08241694929836173,100.24496910556788
409,51,n03,0.7854275578788665,0.06486239421320084,108.8266110985318
409,51,n04,0.7088855807442098,0.06494179091815827,111.97168463365561
409,51,n05,0.688944030265777,0.07909196274295005,103.22739764188704
409,51,n06,0.6987669233443501,0.0885828783810311,121.494124830479
409,51,n07,0.7786121628325121,0.08504571350188825,92.83392554750037
409,51,n08,0.7720935936274109,0.056050862274610994,109.64575367615168
409,51,n09,0.6916956807804814,0.08839482333556595,98.99230120096682
409,51,n10,0.7796407235256892,0.08671567649511898,107.3056425563419
409,51,n11,0.6511709457920495,0.07991762227084298,105.3510385047642
410,51,n00,0.7203907190761517,0.08138404984320861,107.88167594918897
410,51,n01,0.7679325234263643,0.08664781737389149,103.40899839479452
410,51,n02,0.7462009600415654,0.07657569462424185,101.5911109567152
410,51,n03,0.7806518133364403,0.09096620729104075,114.40484548574616
410,51,n04,0.7612854816773139,0.09705429793442788,128.41077921730664
410,51,n05,0.6662711874325306,0.08092357554743164,104.29015512867556
410,51,n06,0.7249508285927935,0.0819599937208481,112.1774049392439
410,51,n07,0.7475888072977557,0.09110937805511965,103.45699773366654
410,51,n08,0.6910089645825656,0.09391085212211542,102.3654381165113
410,51,n09,0.6754181733470678,0.08553175470053989,121.16865850295372
410,51,n10,0.7507191534851981,0.09020047000633763,123.62530994884993
410,51,n11,0.7896642179352789,0.09155378728536447,107.26028875876986
411,51,n00,0.17411888763811734,0.025385740983134997,37.544958112986635
411,51,n01,0.28740556664198974,0.03793267119555015,40.721832975850674
411,51,n02,0.18846628423176343,0.017769312127457568,38.31685195171425
411,51,n03,0.2252610592558967,0.02221792113864688,55.96983895936218
411,51,n04,0.2865511986360954,0.055767414060924655,57.06181047275548
411,51,n05,0.32800404438450137,0.025690651403482305,57.87121770253254
411,51,n06,0.27649100405772126,0.032715206726158956,46.80958837316931
411,51,n07,0.23583201318041977,0.02726550385831506,60.15152443112974
411,51,n08,0.2872771929100203,0.04501827576300736,37.22686690521677
411,51,n09,0.20964303877705026,0.037877083855045124,37.63813512172349
411,51,n10,0.32213367822706485,0.044111629521480525,33.78572693623399
411,51,n11,0.19759767220893013,0.04244455371142204,50.928296861411695
412,51,n00,0.6595311484462865,0.06060691022522065,118.03748608718175
412,51,n01,0.7140747285194524,0.07294712797760802,107.54561993584706
412,51,n02,0.6570215519851933,0.0830971003574134,110.55842395804838
412,51,n03,0.7077627233336035,0.06885703620187032,114.24549569228142
412,51,n04,0.6522523391821169,0.10048074155516692,116.6276714826337
412,51,n05,0.6999529315649754,0.07162787684297904,114.54811936953806
412,51,n06,0.7124594447751648,0.07803555057187968,99.58250134610945
412,51,n07,0.5963842553287086,0.08605700331519348,110.80694733628825
412,51,n08,0.7284400297517527,0.08823224532642948,109.38872941063106
412,51,n09,0.7638167341434074,0.10500276104218202,104.6190231250793
412,51,n10,0.7352615515663068,0.07361283408356255,101.55407495504718
412,51,n11,0.7680887414004745,0.06832816307579789,115.48651867993328
413,51,n00,0.6555024089377868,0.08614427870838852,105.27982483397602
413,51,n01,0.7198818275769363,0.06593388038644094,106.6711043019562
413,51,n02,0.665073069540799,0.08319663866101787,112.54284038272526
413,51,n03,0.7485049168595257,0.09569489525250335,106.2445445587318
413,51,n04,0.7456740419778594,0.09066382981798575,101.45192877183865
413,51,n05,0.7654686078695287,0.07049129156075118,108.46788114712236
413,51,n06,0.6893264887041155,0.06954615221195871,119.39728982012348
413,51,n07,0.6954733421094864,0.07746513053463751,107.75105577623444
413,51,n08,0.7211391719753859,0.06804560320985405,110.06783176168732
413,51,n09,0.7281530427013261,0.09601462147632239,102.29466782080219
413,51,n10,0.7323314533131743,0.07055611632337838,112.26612217938603
413,51,n11,0.7228199063971414,0.062391880235363115,105.21410412145849
414,51,n00,0.17762471703111482,0.037955955359520885,43.752121941800354
414,51,n01,0.2558059051275099,0.015260361080233285,30.398671390237674
414,51,n02,0.26615100276968007,0.03456496356139942,60.16101224043399
414,51,n03,0.24244015055554693,0.03051508639592767,29.720008159550176
414,51,n04,0.28695962732522645,0.029324539395601812,45.51282700018288
414,51,n05,0.24972852715412447,0.0312749878803387,57.71392823653967
414,51,n06,0.2031281636298786,0.04319772983824856,36.308390825939526
414,51,n07,0.2833728198354111,0.0230113109468207,27.35575300085441
414,51,n08,0.20549724276752118,0.011095639724666036,52.57363577382296
414,51,n09,0.2632034366752704,0.024899669580002656,42.55291603241021
414,51,n10,0.28836206415562476,0.025389448919163754,40.54250155341817
414,51,n11,0.31605981375718073,0.02179087044444973,36.427199947650465
415,51,n00,0.24706014598422213,0.024710125397264877,36.8383476434832
415,51,n01,0.20603369847391562,0.0385910358216275,58.157805374099695
415,51,n02,0.14864331112126897,0.028656426367108516,60.695289986825216
415,51,n03,0.20059235386123808,0.027061337850356765,42.72205820414636
415,51,n04,0.22065189713953887,0.029856533720728384,39.39551577622969
415,51,n05,0.24668674876456967,0.03379736972603102,40.78116195587373
415,51,n06,0.2561943760459775,0.022121106332386745,37.17051134360292
415,51,n07,0.2842940942970009,0.03167124833498054,64.75095491050953
415,51,n08,0.2706494472615428,0.03316551209256176,31.86850636601848
415,51,n09,0.2525421544594021,0.02955753950690215,33.09446762484656
415,51,n10,0.2715982187399849,0.019714095380336603,41.87326373598216
415,51,n11,0.2894861999249604,0.028130901868540798,56.489909601414666
416,52,n00,0.7381144367511334,0.07908237454600889,124.41261132813919
416,52,n01,0.6199543817053818,0.08490410919431333,116.1866215664326
416,52,n02,0.647137348752973,0.08290584827644443,111.97256027900805
416,52,n03,0.8194150892529741,0.06450392185238174,99.51119647982175
416,52,n04,0.7042003529145088,0.07157161581205897,113.39721357404405
416,52,n05,0.6556142054186105,0.07319069094507479,98.29657993905383
416,52,n06,0.7948640059099022,0.07256884511631351,115.72877587300798
416,52,n07,0.7315218498524835,0.08894199076004529,87.82621135994941
416,52,n08,0.7138448068928337,0.08845890928285693,109.40889406246998
416,52,n09,0.7152701557683198,0.07999585876712369,112.75329187579786
416,52,n10,0.6853309332236612,0.09339033113450465,87.58966771801715
416,52,n11,0.6960557070723988,0.06888258625029348,109.93534365789922
416,52,n12,0.66134802833377,0.08994079826946218,105.55522289935516
416,52,n13,0.7485375965557138,0.08814788249923457,88.17449445516311
416,52,n14,0.7127293527385535,0.06855408457147212,99.90946243288079
417,52,n00,0.6849697707862038,0.10035083934014902,114.41160730647823
417,52,n01,0.7988759547272105,0.07072510315401592,115.3693999171283
417,52,n02,0.76162428230732,0.09106791033772971,128.75068209785593
417,52,n03,0.7086634183953302,0.0833264841431565,103.79170275914538
417,52,n04,0.7294760284115485,0.09291245299078865,102.63359090570457
417,52,n05,0.7358995546714805,0.0722560492878691,112.2898963116992
417,52,n06,0.8291195270343159,0.08049769713619159,110.50922920388703
417,52,n07,0.7207293941201115,0.07797734542632935,97.49150127698482
417,52,n08,0.731248251104061,0.08732367721257317,104.5948913033201
417,52,n09,0.7317632951968953,0.0900393250240169,103.93527333229486
417,52,n10,0.7472174831252456,0.07951602235194745,113.34210233910639
417,52,n11,0.7075000720480209,0.06673447407934796,108.56155859279049
417,52,n12,0.7742862359416939,0.06064679352236052,119.80885152666478
417,52,n13,0.6888961782430343,0.09268575310668851,112.3838053680138
417,52,n14,0.8131926518613819,0.07459332286273507,109.67196892444312
418,52,n00,0.2984885819912764,0.022052652306426217,62.45794434440949
418,52,n01,0.26478777269244286,0.04099207819096153,32.28427482549794
418,52,n02,0.3020257660072315,0.009528236209152975,36.16957752972235
418,52,n03,0.29830907276172147,0.02878473300045399,42.016123325158155
418,52,n04,0.32843645501442587,0.025301971784562137,45.74189772823108
418,52,n05,0.2667748166036838,0.041332469601126735,32.7492869305574
418,52,n06,0.20040203706201284,0.05291434274227769,31.27327670582251
418,52,n07,0.2124110834665042,0.025907839240277435,50.130782840223674
418,52,n08,0.2462686359950358,0.02265980597676486,47.81346149663466
418,52,n09,0.26762134082344025,0.03654739787557176,37.51605695992819
418,52,n10,0.22212519322522595,0.03353507007968922,49.31296181854009
418,52,n11,0.25977921571780765,0.020655011487401564,59.79882484217606
418,52,n12,0.1926542500951037,0.024003057779005084,53.52535735038856
418,52,n13,0.2316911643391853,0.0320063404061266,49.515615462830624
418,52,n14,0.31365168377721436,0.049677936184123986,50.33475959478241
419,52,n00,0.7629624150205131,0.0877880625438707,100.37614443049702
419,52,n01,0.6527146755053566,0.0844996055998566,116.0225407028829
419,52,n02,0.662888161005315,0.0698377064400961,111.78467250192105
419,52,n03,0.7395149331376563,0.08785625962822788,111.19667088332405
419,52,n04,0.7481425482841819,0.08177429200924109,113.3966313621784
419,52,n05,0.7198375809682487,0.09065016205383278,104.69209364098138
419,52,n06,0.8085869757319656,0.0680930259288805,116.0124057401457
419,52,n07,0.8542246083063292,0.0712432597899384,106.50415178974835
419,52,n08,0.6446871063779672,0.08196726453456157,115.1217173712712
419,52,n09,0.6917723071348441,0.07469274188924148,111.05854846948603
419,52,n10,0.7336623754214215,0.07955806294136253,104.33869378942349
419,52,n11,0.6354580963335921,0.07877706590644058,112.79571811150483
419,52,n12,0.7141162607828322,0.09479083993869364,102.3211559154202
419,52,n13,0.6965270720374965,0.07540188677711848,92.61274913895377
419,52,n14,0.6636497337168725,0.09013809561612095,113.73912256753269
420,52,n00,0.7393881074293879,0.08257524533763094,109.00434052816985
420,52,n01,0.7255070959319339,0.07803101600453508,110.253099366926
420,52,n02,0.7324734337467808,0.0739583067243487,103.24836795456724
420,52,n03,0.7008098124158146,0.09139831769442097,109.38109639547405
420,52,n04,0.706742196754513,0.08090201247873893,101.44182471477951
420,52,n05,0.7121796841816536,0.06954860426495942,116.1346468228596
420,52,n06,0.7338366965500279,0.08152242150384852,111.0632888779904
420,52,n07,0.7489768749674757,0.07803041879309394,120.07441694238524
420,52,n08,0.6693380640572713,0.07447111639997737,108.01499537676845
420,52,n09,0.7550624060414735,0.061278308790747,106.09842537820994
420,52,n10,0.7195695786624794,0.07748106173249479,111.77386413294032
420,52,n11,0.7277349073937136,0.07869387170468703,107.17262636026004
420,52,n12,0.7104311354536165,0.08907905796069354,110.63255013129682
420,52,n13,0.7741138266700491,0.08687725648416464,116.63014302865848
420,52,n14,0.7915625716390257,0.10442524732027231,106.14955005228524
421,52,n00,0.38770883152832114,0.01726003491756841,36.96881692079225
421,52,n01,0.24107453974710144,0.027268941169583394,44.108059420339565
421,52,n02,0.22212302775203396,0.04239734189343606,37.72959362723194
421,52,n03,0.2061969520145223,0.03756249474324158,48.88363904915234
421,52,n04,0.24240009041191443,0.04944388280264582,48.903990003017014
421,52,n05,0.24004909399807334,0.05846249445092637,38.99932144314141
421,52,n06,0.2906565472329381,0.030273687873044755,34.93515056848189
421,52,n07,0.302471869849008,0.00861491676162415,53.761612821716184
421,52,n08,0.2243218321708074,0.02508615178173356,43.73660663381655
421,52,n09,0.11716887669727391,0.00965259586594433,33.07059082383123
421,52,n10,0.30358396177476155,0.00639512435057276,46.83457838975543
421,52,n11,0.22660519395359388,0.015505546657137062,40.578099929988824
421,52,n12,0.25974420110761104,0.030392338414781034,39.55280889566508
421,52,n13,0.20001671176429586,0.032806115813780096,55.571772732120074
421,52,n14,0.22704323369204177,0.01574606622418842,43.63967502928672
422,52,n00,0.2470391160994455,0.009432833606766125,42.82540881074898
422,52,n01,0.2663925629968904,0.03682252641253494,38.7794230960705
422,52,n02,0.30134182374983576,0.0036834136469195145,50.78569000358508
422,52,n03,0.2563133675039235,0.038837462410753684,55.68207257749651
422,52,n04,0.2703360777647493,0.024448195728735515,44.1626262703275
422,52,n05,0.20554525712962557,0.01871128584328825,51.44271626130042
422,52,n06,0.27244445359552316,0.028740578510791127,44.848064624704
422,52,n07,0.24540253508147064,0.03452532118403748,56.800108073121606
422,52,n08,0.24260013491274782,0.031141889508931674,45.08800945319335
422,52,n09,0.3042680549086686,0.024899768004307505,48.41346317457648
422,52,n10,0.24372150082314112,0.04464392310598424,53.67416508356311
422,52,n11,0.2648017203978308,0.023728879931997342,34.825979663730905
422,52,n12,0.22780267720151404,0.04607217784705705,46.67135335737576
422,52,n13,0.25096389307565764,0.017651327453087055,47.17865896902817
422,52,n14,0.25151285318221445,0.04281666362879818,55.04087102196917
423,52,n00,0.7169383573493958,0.06642269217729319,120.10917776685672
423,52,n01,0.7716107171307272,0.07487558784109813,107.05956503262931
423,52,n02,0.6455610287209459,0.06971058940910536,116.62882412684529
423,52,n03,0.7592598847309497,0.09402814975423111,117.49903547571571
423,52,n04,0.7255769443730412,0.08034234436488014,106.03617506426376
423,52,n05,0.7311798512185077,0.08959153057309717,94.82447025677774
423,52,n06,0.7616895202183813,0.06681625100443234,123.46446696341876
423,52,n07,0.730935542895003,0.08855520628619305,120.46798454715491
423,52,n08,0.7223010349687138,0.06720971266659959,102.70993001781788
423,52,n09,0.6626195183424242,0.0820587094801827,104.73957601195423
423,52,n10,0.6334087988863869,0.08887622776624808,120.54722489776134
423,52,n11,0.6353545843042233,0.08770535454579466,114.55954542147626
423,52,n12,0.7487885422619335,0.07367450520666105,99.93041730725288
423,52,n13,0.717608543813468,0.07539426701105507,103.769427557736
423,52,n14,0.7117560590025959,0.073865127297446,125.39410779883593
424,53,n00,0.23347969481536732,0.03040926637230115,35.57754592255923
424,53,n01,0.2684274414762235,0.031480552295672204,54.39583819013136
424,53,n02,0.28145010675911963,0.02803341834687928,43.541423890982756
424,53,n03,0.18671933202026236,0.031612229339319516,32.88266266815288
424,53,n04,0.2921030600171127,0.03606425760972201,56.63056536564173
424,53,n05,0.1562604024073333,0.02555398540577845,61.29923610414137
424,53,n06,0.3119024545229583,0.007098823628130774,56.748665041467696
424,53,n07,0.3172464877254505,0.043703889618534865,53.844811329961445
424,53,n08,0.304673293483305,0.028922598905472854,41.143180376747694
424,53,n09,0.21727859184163553,0.028625416548294067,54.11962090346778
424,53,n10,0.19895043296549572,0.03925216861275277,41.00323555754583
425,53,n00,0.7599280174768407,0.08785734081447395,104.9980912922841
425,53,n01,0.6934876903690373,0.07942173927854239,124.99958507302948
425,53,n02,0.6747444000986884,0.05042566194698159,95.50046659975979
425,53,n03,0.7088628797191594,0.0933830588303535,107.5212839200903
425,53,n04,0.7445893724898737,0.06752615908476386,114.59974549200626
425,53,n05,0.6830884327139133,0.06314103130141224,103.35707635809692
425,53,n06,0.6406908731932099,0.07691275765106018,112.45226058087488
425,53,n07,0.6869816346274206,0.08620082128416172,100.63978436713592
425,53,n08,0.7739661031522833,0.08175910925665439,112.54954878257821
425,53,n09,0.6899269835823826,0.0833497113715045,114.73048163458506
425,53,n10,0.7760087094959224,0.074893671151508,109.0238228579043
426,53,n00,0.21850836321328296,0.03415333926928321,43.29932761436016
426,53,n01,0.2022602610858581,0.0,52.05924476467443
426,53,n02,0.23772730627074398,0.04966660193253027,43.63817725585534
426,53,n03,0.2407651526448094,0.05997653324930051,23.316512916146046
426,53,n04,0.2599814629684549,0.024774555201160377,47.89349346070219
426,53,n05,0.27405901840420566,0.03621491666292023,29.582740097856423
426,53,n06,0.25252882579377417,0.015059566824242095,34.45027286096166
426,53,n07,0.24816965966986707,0.03976100011811834,41.02579218403473
426,53,n08,0.3068715585999556,0.012505066400936151,36.07958465695016
426,53,n09,0.15406709529889215,0.035054958295611914,32.387122473052614
426,53,n10,0.22039812816509075,0.03760955276235304,43.43692209766638
427,53,n00,0.30149433951338495,0.03491283108268414,50.97890607279671
427,53,n01,0.25864971798742004,0.02624342658493306,36.73694170745787
427,53,n02,0.2220164632043781,0.04035102085403282,39.637778144125576
427,53,n03,0.20361022860201206,0.020887732605041943,31.181792022460698
427,53,n04,0.19823364705677876,0.03554318874401912,49.408400183625965
427,53,n05,0.18892766484768142,0.042640112227484074,33.46718484221575
427,53,n06,0.2666049212460414,0.03531028712965405,50.17362355278207
427,53,n07,0.2165380707329607,0.0003236459003821794,35.87816853004109
427,53,n08,0.23512783437640825,0.06479968332693796,45.662966840936726
427,53,n09,0.20613906034467042,0.023109346935598126,40.32245687063137
427,53,n10,0.26312027100484014,0.013911105870088713,36.98097014571353
428,53,n00,0.7076824466183933,0.07614783860291761,106.38904830988565
428,53,n01,0.7354324364127954,0.08063327558815171,117.67879480767147
428,53,n02,0.7171059760267952,0.07310056999609954,118.09400316533531
428,53,n03,0.8033141032626383,0.07091270311046624,104.4803852922904
428,53,n04,0.7873770174780311,0.10054073638205575,110.87095660056673
428,53,n05,0.7287972728378249,0.08116346242347089,123.18109235280536
428,53,n06,0.6791606153987615,0.08807537116714283,108.72377888798637
428,53,n07,0.7245957661058566,0.07119338070453762,111.5313314886758
428,53,n08,0.7271782490227883,0.06878504121846424,111.60677317476996
428,53,n09,0.6343403792149531,0.07418891019070689,105.39117697044668
428,53,n10,0.7673040997869708,0.09304379801731331,113.91085200441874
429,53,n00,0.7315214539735503,0.06525106044297903,120.20064874943134
429,53,n01,0.7391212956532198,0.06610034900079031,100.2730941633095
429,53,n02,0.7291628741971664,0.08993445405023792,120.47349774634634
429,53,n03,0.7690790002489298,0.09448568432176806,110.35625785985496
429,53,n04,0.704928084149363,0.07337358199441937,98.1790529364631
429,53,n05,0.69645773477033,0.08801027444991541,109.38627549929595
429,53,n06,0.7359942962811262,0.07701554067064872,95.27965749472527
429,53,n07,0.623414174358602,0.10432657510699661,113.00549200419867
429,53,n08,0.73176492039679,0.07801580152469813,100.55274389772924
429,53,n09,0.6719389828827307,0.07043471267560045,110.66824265741243
429,53,n10,0.7406390569762271,0.08118552715159467,109.95944433925936
430,53,n00,0.2326339581040706,0.029730883153653832,44.560258138964514
430,53,n01,0.2048474815149799,0.05900134512069889,55.1039338290664
430,53,n02,0.21193401642476128,0.025508312650082028,31.432006759676685
430,53,n03,0.3047806133415819,0.033634554533645944,56.38174293697526
430,53,n04,0.2366075731640782,0.034627136366720865,50.665586731025435
430,53,n05,0.25467232802751594,0.005829011897304018,54.3216414624508
430,53,n06,0.32890080195836735,0.033251547548544855,34.73753588105072
430,53,n07,0.23419562225958096,0.018258496821195527,49.44989605826696
430,53,n08,0.27061577762202155,0.01183984928384614,48.60755509232964
430,53,n09,0.25736913665582706,0.032421571492415556,49.199408716728385
430,53,n10,0.23070392130962236,0.030534003721918255,51.91511215101319
431,53,n00,0.7376814077658488,0.09635277836883076,100.67624315347052
431,53,n01,0.7383280443047171,0.07778510480441973,109.29706599711672
431,53,n02,0.6970992522790542,0.08557372919631469,111.17132820511131
431,53,n03,0.6604549928328424,0.08202124073497748,95.46004649857299
431,53,n04,0.7017784484328445,0.08189854776411577,111.43384943961713
431,53,n05,0.7034965263744871,0.0798833176827477,115.6325414226874
431,53,n06,0.6295514654656585,0.06190295276474085,121.4360559218802
431,53,n07,0.7507564374216655,0.061542460960957286,116.16730204054394
431,53,n08,0.7256796358463834,0.1013752623101951,117.74236341437012
431,53,n09,0.6651359138827962,0.08263868471163895,117.32711668057036
431,53,n10,0.7165739758925489,0.09068179208743671,112.01046646807961
432,54,n00,0.25008021402492875,0.025773986353495617,45.930654690279184
432,54,n01,0.27944246546632806,0.02755959769865311,33.38958966102946
432,54,n02,0.18442344077618422,0.02614724502262476,49.789507486074456
432,54,n03,0.27112257319064725,0.044616283962769565,32.66190564525729
432,54,n04,0.22782575282990752,0.01993134055700803,44.62012740070514
432,54,n05,0.24876910297940008,0.029780993887488182,42.67297686732174
432,54,n06,0.2751151140566269,0.02538824554946011,48.370943369653446
432,54,n07,0.29889505051225324,0.04302183811263481,57.21604922642403
432,54,n08,0.19887958271739786,0.006934454204585383,38.3420011547613
432,54,n09,0.3179836647408502,0.03687219928841731,49.25502580620252
432,54,n10,0.25053799153459727,0.018091993137197556,44.592480900289466
432,54,n11,0.27373000320298047,0.031238967013608055,32.871047158554504
432,54,n12,0.26603958562121627,0.0410241047628531,45.874506375718916
432,54,n13,0.15141569782483036,0.015919940310299897,39.63687563724069
432,54,n14,0.26883247298901236,0.04270564464044524,52.51241592264645
432,54,n15,0.27544088064429156,0.022157392153333386,37.280955245315646
432,54,n16,0.31948838987015243,0.019060291282992255,33.84095890043407
433,54,n00,0.15290013885300296,0.0414586042929142,51.91409407366353
433,54,n01,0.21950210899716777,0.016377433899860225,32.52366755680959
433,54,n02,0.34018028400144557,0.023909870425473836,43.96613110381903
433,54,n03,0.2817105492948198,0.0374194544229676,41.49027781515055
433,54,n04,0.27314635143848076,0.032578986629428826,42.05096259739265
433,54,n05,0.2492593206680307,0.04302934272159441,53.62144342399426
433,54,n06,0.21267974338566953,0.0077370341221456584,42.814140097405435
433,54,n07,0.23864121064888968,0.05339715152676047,43.880695622078434
433,54,n08,0.2951197931878842,0.03719286030801042,45.40036111795809
433,54,n09,0.23071607894748397,0.04473700759323175,47.42128754142926
433,54,n10,0.3080630862536759,0.028435084339812382,46.282622096135825
433,54,n11,0.23129780110591577,0.03041805316154006,42.75736111860527
433,54,n12,0.31241252117217366,0.02400176719325903,53.74529216529298
433,54,n13,0.2686760354733978,0.004568327157197842,35.2657289856041
433,54,n14,0.21774946270490708,0.039196050384973216,36.04888161472742
433,54,n15,0.3312963816807972,0.02473889722180764,35.62756454682971
433,54,n16,0.25219783424770353,0.010027896185079717,56.41117700736562
434,54,n00,0.6440003149587591,0.06076672561180661,116.5952784294224
434,54,n01,0.7677012183882911,0.0684010656851685,116.04504673600219
434,54,n02,0.6261730315935405,0.07684055676410499,115.43506943626608
434,54,n03,0.7109912043691254,0.07042134806482352,116.75973953872642
434,54,n04,0.7642416563890532,0.07789297512041646,116.7481122614174
434,54,n05,0.7131891907514184,0.10592672075541529,114.16157559158182
434,54,n06,0.6769031885312426,0.08034403200345179,110.87894469210275
434,54,n07,0.6757522559652801,0.08872649332656099,107.4662770273544
434,54,n08,0.6764079013823973,0.07666142110151088,98.9011356451222
434,54,n09,0.6066193154139361,0.08500867317286107,109.78915741977869
434,54,n10,0.7007143194385634,0.09622997979661438,94.96991388828334
434,54,n11,0.8050621102735176,0.07491265515905796,102.35442478452933
434,54,n12,0.6989088206935835,0.07884183116125647,106.76597710665375
434,54,n13,0.7585816683272839,0.09067839270295278,122.89627242236553
434,54,n14,0.7823898065660815,0.08156724462289178,104.21865163172694
434,54,n15,0.7989403695340854,0.07272236325673555,110.15511555503102
434,54,n16,0.7024629031757742,0.0864142242064012,98.2297975437346
435,54,n00,0.7325529284122503,0.05531522288939543,112.6097971022496
435,54,n01,0.6949558858404106,0.078522624147423,118.26764170323578
435,54,n02,0.666405382713003,0.07831318775310375,98.97400158907553
435,54,n03,0.6977033035894679,0.08107687637438503,125.79989266059903
435,54,n04,0.6397632592934256,0.06593751264221058,119.32287613636838
435,54,n05,0.6885474485347585,0.09507636251402077,117.1768259449722
435,54,n06,0.7200669318685052,0.08207151484843273,103.84839133405495
435,54,n07,0.772310451770945,0.09162178151620398,108.4338057150316
435,54,n08,0.7654967146956686,0.09096485718195801,101.02781691872632
435,54,n09,0.6957855974671595,0.08071221734547392,101.17802650043636
435,54,n10,0.6876816950006991,0.05740420865862461,104.54256918123689
435,54,n11,0.774131657298766,0.06794740566065467,114.73016954280651
435,54,n12,0.7435264448051825,0.0792996238960441,106.48991632783117
435,54,n13,0.713395298698414,0.08004967798270685,115.73765358868388
435,54,n14,0.7632897276542437,0.07364451961022603,115.93652567344151
435,54,n15,0.708610746688944,0.07734612601732684,112.98741896884502
435,54,n16,0.7034868678884356,0.08153932891953386,110.31038280159244
436,54,n00,0.7950081929653593,0.10379019064633441,121.02241645735994
436,54,n01,0.6554156849818169,0.07023507320909493,111.51852475991264
436,54,n02,0.6968528316939071,0.08922660551658051,115.63689962517847
436,54,n03,0.7519580279329517,0.07497355647011925,95.65597154807226
436,54,n04,0.6036140412100166,0.07928147881156279,123.10094536707342
436,54,n05,0.7795715100882136,0.08816294252754553,113.09633964236657
436,54,n06,0.7038962045096867,0.06315372204861339,112.80374665308447
436,54,n07,0.6631087447551948,0.07591609544471632,98.08017998363275
436,54,n08,0.7013027507055106,0.09528961874722586,113.07505893467129
436,54,n09,0.7168047082409523,0.08901536523154076,108.41065727334966
436,54,n10,0.7054636689807193,0.06747660251735756,115.72559504167546
436,54,n11,0.7381555453508771,0.08167851278698243,113.12232973967123
436,54,n12,0.7588574242349171,0.085680146305566,111.50255296004055
436,54,n13,0.7337955226902418,0.0768071758859707,109.70703431008748
436,54,n14,0.7897199709958191,0.06954093899167486,105.10515055496487
436,54,n15,0.7430562967840342,0.0679545572504879,116.05944735877765
436,54,n16,0.6259950023958911,0.07887399889306429,117.66986771489586
437,54,n00,0.25630003865547585,0.03942736885102101,37.81858997921956
437,54,n01,0.28324200518173615,0.023055060392467817,52.14869836492262
437,54,n02,0.2591171708156632,0.012465434711632924,38.315876750814255
437,54,n03,0.2428828978962902,0.013076162155155915,50.54750600163142
437,54,n04,0.20881900627375244,0.019556053141976778,53.49769156414924
437,54,n05,0.19095951904914552,0.03620088180203836,50.1069272876435
437,54,n06,0.19122647154849098,0.01842481741731285,46.40864262340354
437,54,n07,0.19515807882616631,0.019840335051740435,36.67903043329342
437,54,n08,0.23391456474734643,0.018882191085689545,41.47888030897272
437,54,n09,0.24895429721771778,0.0342916179068577,38.197546504534074
437,54,n10,0.2792820709161564,0.0421819959160987,40.37212120846533
437,54,n11,0.21596549155627542,0.02779996442920995,34.06266893404852
437,54,n12,0.23645764992620033,0.035572320144086116,47.0076527268077
437,54,n13,0.17246026188077435,0.03940406938143708,49.95461627784593
437,54,n14,0.32075712819306773,0.03894896436030809,41.38559692458883
437,54,n15,0.15043176507619593,0.05598104369526419,33.70491453080649
437,54,n16,0.3032903121864141,0.027445557740357687,46.37570906224288
438,54,n00,0.6890186851246167,0.08304294834984684,107.00924044360382
438,54,n01,0.6858522536966589,0.05244006059125768,89.73457077455346
438,54,n02,0.7759600389769516,0.06663745176431729,110.94267662524061
438,54,n03,0.668229170219402,0.07805927022393985,126.34618658691247
438,54,n04,0.7265375993938761,0.08204277173782984,122.67334615946446
438,54,n05,0.7146305916876485,0.08504912612131665,109.99856792854791
438,54,n06,0.7654534552609112,0.09167565528642399,111.47046132092072
438,54,n07,0.7595685051879117,0.07751884027763009,110.54646357809783
438,54,n08,0.709402833000547,0.07879299843525066,119.61051403867485
438,54,n09,0.7130760222087816,0.07379493447631964,116.72335903952084
438,54,n10,0.6400880552234408,0.07628991625563639,99.87252497754024
438,54,n11,0.7335634189245851,0.08102983009650466,92.01874585543187
438,54,n12,0.7021472126993957,0.0809893974417253,106.4302978843802
438,54,n13,0.703122959960273,0.09774986607029094,110.58893499778283
438,54,n14,0.7379148502874034,0.0657920906042524,117.54608914691381
438,54,n15,0.8106911033204247,0.07292839114320737,99.49578740977958
438,54,n16,0.7357760241941719,0.08090302486194875,109.9109358580916
439,54,n00,0.18717794796158238,0.027464916528833695,42.59450435435487
439,54,n01,0.1603378856997253,0.043089046598705646,44.05139420069468
439,54,n02,0.18404652855184808,0.035347185273748694,45.20258111029582
439,54,n03,0.18962198953931747,0.03713168077089933,48.8814540728411
439,54,n04,0.24979786816537555,0.027225381880514297,44.9427238910178
439,54,n05,0.21862090390730413,0.033498759578965163,47.57785101726418
439,54,n06,0.17819842298608965,0.03043076498646264,50.336401971718644
439,54,n07,0.23540823497355115,0.0027626256797001134,33.82108891964786
439,54,n08,0.22336791207260004,0.02448602737733424,51.14659491341614
439,54,n09,0.26233287811197015,0.027548878520241776,64.05270008103732
439,54,n10,0.2706529928408341,0.0406153189945134,48.08140573232963
439,54,n11,0.27139387270791565,0.04227073161335804,43.56695500654472
439,54,n12,0.27149812813779545,0.02682205478068112,31.205494867959395
439,54,n13,0.30683571036754603,0.036046085357105476,41.16608333602381
439,54,n14,0.16474722735236896,0.009032435985792151,41.65739809229968
439,54,n15,0.22050827378023427,0.04077139406788148,53.145393984338476
439,54,n16,0.26042760104627305,0.05995386615727283,44.63579979893305
440,55,n00,0.27861995091112524,0.033721337660327796,32.47247226815638
440,55,n01,0.29527115251129893,0.014940674595666836,36.05302196407436
440,55,n02,0.32063237798419963,0.028111725940255818,41.03099242721971
440,55,n03,0.25789389516575,0.06446849970755106,46.54578862662696
440,55,n04,0.17613016887524324,0.023880797876615362,36.62440834461127
440,55,n05,0.2889303663950482,0.04307697995752192,45.31914641092806
440,55,n06,0.3460533070592294,0.031436588383073796,56.32968379731236
440,55,n07,0.2981600646893768,0.017798576934134017,40.111788060059155
440,55,n08,0.21363773177315457,0.025948207038653248,50.03986166198231
440,55,n09,0.18850066567720747,0.02634972427756368,40.735583214494795
440,55,n10,0.2744720371026719,0.05008692718260812,42.1609648346927
440,55,n11,0.21065741517095798,0.015056602445345322,32.32135508450123
440,55,n12,0.2743199601850693,0.030850697630420525,38.76432609947387
440,55,n13,0.23832136246915764,0.021142629374457267,48.31679474592619
440,55,n14,0.2465527196082268,0.02428300124774711,52.36356555264302
441,55,n00,0.21900036562653097,0.037216559246914485,38.57147311992416
441,55,n01,0.2689199393247152,0.021710271281774503,46.2103450153222
441,55,n02,0.26342093082848334,0.03419470071603407,50.49076104798373
441,55,n03,0.264015048876695,0.025294440654319742,22.016067785903793
441,55,n04,0.340429122164547,0.018884259153993194,44.212196197505186
441,55,n05,0.27775126071510375,0.04992240283913649,46.7351064902304
441,55,n06,0.23849569214120497,0.04542309429081632,43.13518640568925
441,55,n07,0.27568061249100806,0.03424381610184276,51.301750498455995
441,55,n08,0.18546649435298504,0.03684945678320449,38.08178394758593
441,55,n09,0.199868236648446,0.040118954067684585,46.006354845645404
441,55,n10,0.2869562151994233,0.03068834905277429,49.60842325650694
441,55,n11,0.23533861487870716,0.03259767560440972,54.1828716844982
441,55,n12,0.24005106934635032,0.027083370231731792,41.972721928437224
441,55,n13,0.1702195971404427,0.015673678057744084,53.109970291163016
441,55,n14,0.14783460438128773,0.053378336410585245,50.576965261322286
442,55,n00,0.27769757603154777,0.03888274156624631,44.80050054282154
442,55,n01,0.24050813492882012,0.042894703080208305,45.99208832516269
442,55,n02,0.22277651680475347,0.01818706279729994,39.083441269889555
442,55,n03,0.24592847924215222,0.0,46.6648285878657
442,55,n04,0.1694429352358772,0.02809417266993615,46.68500397685831
442,55,n05,0.25985421050553087,0.029042878356663703,54.18914409785499
442,55,n06,0.19353382996513818,0.053941196131692515,35.62914245407774
442,55,n07,0.24535230429228178,0.027146312265275918,44.99152491703699
442,55,n08,0.2407998887147812,0.019418295597386552,37.690584364103465
442,55,n09,0.29256690601091817,0.028588927747934742,34.27346376381596
442,55,n10,0.28847563797042897,0.04813808528404892,56.23261814392751
442,55,n11,0.16686624847884324,0.031170641908438428,31.80363301391074
442,55,n12,0.24595337178260251,0.027198273176499574,35.297699505784195
442,55,n13,0.24284922971384862,0.03126753103328909,57.49411977575242
442,55,n14,0.22791689678121435,0.05216737534056844,54.111807757193034
443,55,n00,0.24611766313868008,0.013706366987259695,53.51121984812139
443,55,n01,0.24267306518984078,0.008079712053094466,38.98253405402003
443,55,n02,0.2855710989588301,0.03829260721216379,49.525155005986676
443,55,n03,0.2391131902519828,0.03152797274415427,38.0859912128971
443,55,n04,0.34978147211728283,0.04042168681086276,44.643540815291054
443,55,n05,0.26667452474354647,0.043287828219281975,54.729106316396994
443,55,n06,0.2510521756913314,0.04426168665584228,51.86284474582699
443,55,n07,0.23413391737739286,0.025047538963501287,47.25340719321981
443,55,n08,0.30674249154685307,0.037797234137894965,47.68260006257713
443,55,n09,0.27404921119748776,0.022824373860187815,54.283822756765275
443,55,n10,0.2956456303607907,0.019686533220554324,44.49326315861554
443,55,n11,0.28080558791496346,0.017687035626648508,42.17477540315877
443,55,n12,0.27238394384696063,0.030607951964988674,40.110426199561346
443,55,n13,0.2515677290544129,0.014922646531061772,41.35187206318961
443,55,n14,0.26636757230725827,0.031061887375575085,35.382800545159135
444,55,n00,0.28879812488567963,0.024672828688235206,47.80343898119037
444,55,n01,0.30900202186937936,0.023276604853012403,47.09924571075007
444,55,n02,0.20889689069925427,0.02306918342707102,39.50968262392234
444,55,n03,0.21627286954059202,0.030662162832709526,38.35304535199873
444,55,n04,0.24909543731197378,0.04071804046472321,44.90195712976812
444,55,n05,0.2808581773207099,0.05068839326636444,46.42232174522991
444,55,n06,0.3078955969494669,0.023852167723335226,35.67956262362202
444,55,n07,0.2282214120216914,0.02555889154170408,43.721665965145114
444,55,n08,0.23959948295870484,0.020994692321005044,57.82814063712191
444,55,n09,0.3451139313944238,0.020956737615723482,42.33732294098795
444,55,n10,0.2841096449033734,0.027709363792072526,52.59009843239848
444,55,n11,0.1613593210276396,0.0322189771491725,27.02022420781896
444,55,n12,0.24002810974249628,0.03577513093047665,47.443813452841844
444,55,n13,0.23306563399401892,0.01113115554887193,41.348170999310724
444,55,n14,0.23597304632643343,0.015559251681149782,34.107430352103385
445,55,n00,0.3102214360846359,0.03730626379008836,40.97008577631938
445,55,n01,0.24706896800677897,0.030025463646790124,52.98269226484884
445,55,n02,0.28425991345241064,0.015352219361697495,41.23787314040384
445,55,n03,0.29122730720305173,0.013414298265174686,41.914617847323974
445,55,n04,0.2649811844509355,0.02548367967463101,44.9153375537802
445,55,n05,0.32682778955860725,0.0321649779194606,59.17782755697157
445,55,n06,0.2835024153807383,0.017295160116698564,45.49519514288541
445,55,n07,0.2539558855225973,0.058058016754334474,51.10992426851841
445,55,n08,0.25735078502865194,0.019656937630436758,34.74980810204125
445,55,n09,0.2535388406740812,0.05109580520131799,32.962121113797714
445,55,n10,0.2982370217019557,0.03005466144884373,39.7699701527922
445,55,n11,0.22459747423698223,0.015809464419018128,55.49094975770347
445,55,n12,0.3048270072567261,0.05725957317569172,55.24591727439777
445,55,n13,0.19677798882160344,0.027539113525991296,61.22715327072912
445,55,n14,0.20908317576088548,0.011299731658556963,41.53487886331871
446,55,n00,0.697826764598609,0.07227733423059099,107.67865953986212
446,55,n01,0.7907311461715206,0.0712853286380937,108.0312121545769
446,55,n02,0.7506399732830712,0.09491121655801134,104.5247613717104
446,55,n03,0.6445039063684912,0.09075719467223892,105.96842213244786
446,55,n04,0.7074124278616916,0.06383095334178625,117.32902256429492
446,55,n05,0.7467325516985878,0.09599289549458542,98.9793730923697
446,55,n06,0.7086348716208034,0.07349759028062694,116.63396574690634
446,55,n07,0.7270173353569431,0.08300093163698329,101.43970788563477
446,55,n08,0.7364205489091349,0.06881472568953517,110.9929718642261
446,55,n09,0.7515313263258575,0.08482294380109053,105.93344578559393
446,55,n10,0.665197491567308,0.073503623465753,95.17246458173034
446,55,n11,0.6828226635848778,0.09110110687449685,95.6046328659853
446,55,n12,0.7121467807943582,0.09454810335474187,97.33201411098312
446,55,n13,0.6333701831572895,0.0828730404020599,105.37950589570899
446,55,n14,0.7904477866946535,0.09556277357520122,115.90083245106446
447,55,n00,0.2228707352769583,0.04608992462618398,39.99473960046695
447,55,n01,0.2155830021256476,0.02672204233349401,49.020246859300066
447,55,n02,0.20209574565302954,0.034550990592354,35.30278022495608
447,55,n03,0.24548432970766518,0.03825421793325828,41.973133778951016
447,55,n04,0.22779530815615548,0.005427697916427041,46.56972794602666
447,55,n05,0.21336792678610086,0.029212919809941094,43.20922448825026
447,55,n06,0.2688492725752486,0.023031534784055435,44.582083847986645
447,55,n07,0.21780537624458152,0.054670077856185675,39.06601998446844
447,55,n08,0.26205310278950067,0.02699451073433763,53.03962953499019
447,55,n09,0.2180769104427582,0.03251414825084379,45.13833451497524
447,55,n10,0.20739755630759807,0.03198193341068657,52.83545579880937
447,55,n11,0.23361437897739418,0.0427083805015336,38.8855521756356
447,55,n12,0.27731114754484043,0.03375421531944895,51.74346778718981
447,55,n13,0.22393326299074354,0.032260366574553855,42.34826585846681
447,55,n14,0.25155171975919827,0.02451942271246476,43.481544311907165
448,56,n00,0.209575600182291,0.030620114908194773,45.45072430742885
448,56,n01,0.2529100506852614,0.019148925264423855,46.21752159704229
448,56,n02,0.3000260969058604,0.03319007697898507,49.65289884218566
448,56,n03,0.30261096485701194,0.043048209639573856,46.58663197780768
448,56,n04,0.25910391634634494,0.022817045675187796,44.71698398563698
448,56,n05,0.1899814702243209,0.045365939709707724,52.27055651081325
448,56,n06,0.2768726077407033,0.03537818324859729,45.0832677676215
448,56,n07,0.3131330113427838,0.0260276257215784,29.229215394303793
448,56,n08,0.204972104394147,0.0345393403443008,42.81185074086908
448,56,n09,0.2597453685435538,0.017182590513650176,50.371268981601375
448,56,n10,0.3137758848140502,0.031394070099158254,55.11374487489
448,56,n11,0.2870337037424489,0.020513920755870295,38.13822392430757
448,56,n12,0.2603934504457378,0.034260020353611434,33.73659291894681
448,56,n13,0.13737216232452232,0.017886331166483818,43.75726702198441
448,56,n14,0.3341033844431652,0.030577486514183946,41.85027881551156
448,56,n15,0.1469105094370262,0.01910122763418964,45.59813091035577
448,56,n16,0.2515089156676951,0.0457958281064223,47.72253636077384
449,56,n00,0.685750515932103,0.07715573546977637,110.82487007910332
449,56,n01,0.6344182625577026,0.08110642904352769,110.7909050628423
449,56,n02,0.7695957158662077,0.06839696711718019,112.85681634466741
449,56,n03,0.6867491763141356,0.06454212134265155,112.5654419460325
449,56,n04,0.6681585160185571,0.07854355092547581,101.98008994262996
449,56,n05,0.78405398035664,0.05707201588406413,116.87992722104012
449,56,n06,0.7194025360780032,0.07072677751479411,95.27668375587716
449,56,n07,0.7556078936195335,0.09051506181207901,110.80484041963147
449,56,n08,0.7075897105548741,0.09214625659388895,100.98534925228205
449,56,n09,0.6956340192973931,0.06786003817651584,108.28403425003292
449,56,n10,0.7276353001798993,0.078080726364195,109.29476961000859
449,56,n11,0.7039110012833962,0.07602943532031106,124.35985566830212
449,56,n12,0.7511458680405647,0.07036534115974685,113.38722281698443
449,56,n13,0.6614331058312566,0.0867989289923031,121.55970537316091
449,56,n14,0.7411650522473983,0.09252161057548398,114.45345905793191
449,56,n15,0.7147879810626587,0.1024535526837284,120.14078632961554
449,56,n16,0.7820181153901044,0.0832477373066046,114.71913716901508
450,56,n00,0.30603209709183443,0.03268426553847125,42.135177807366254
450,56,n01,0.3378219543427942,0.04632203910187206,55.60797609444329
450,56,n02,0.23095232246590872,0.023139333335833477,54.001158543172984
450,56,n03,0.3224054244203993,0.038394907520125615,49.302699371979
450,56,n04,0.2269195886774926,0.02974847069180438,50.974504003070734
450,56,n05,0.22980650958044158,0.029943619215131924,50.15692604677898
450,56,n06,0.17225527049288059,0.03491302147202323,29.06703226548852
450,56,n07,0.1848378031002298,0.03481941238320372,48.926443220578555
450,56,n08,0.28805817744574125,0.03485778983411469,40.26154903977067
450,56,n09,0.27059003745348237,0.0455021687098584,36.60942169539447
450,56,n10,0.22972652594468873,0.042259492913467867,48.18563038680086
450,56,n11,0.366978268717769,0.024229572684502227,51.49627068235023
450,56,n12,0.2132129037540393,0.02656696646363856,52.19720439290412
450,56,n13,0.21426621763625261,0.02380246949003538,35.82237858062005
450,56,n14,0.2774313081191937,0.01599244713832566,37.070510488607
450,56,n15,0.2868580674028032,0.01702331067138306,58.60910572676919
450,56,n16,0.19260193058774774,0.01236286977803058,44.844860911780906
451,56,n00,0.22714897709796358,0.04663593625384509,53.6528125053558
451,56,n01,0.3035481312818582,0.03615134241369462,51.24772453364223
451,56,n02,0.3177146474927576,0.05068030836613531,35.257336066219196
451,56,n03,0.16524863517893262,0.03678568554181772,42.14024719295548
451,56,n04,0.15302930224652747,0.02557943566942407,38.29360938570431
451,56,n05,0.16949639480955017,0.0031250341944893054,50.361986632006406
451,56,n06,0.2414014626210428,0.03909639774692904,49.97059370915465
451,56,n07,0.20883976657168082,0.03988647972680941,37.78230128377101
451,56,n08,0.26871640676363806,0.03518245303714942,30.384466531400346
451,56,n09,0.2748541214274015,0.04537632588405468,34.372699483408184
451,56,n10,0.15431094317196742,0.0425471213966543,39.525926757403575
451,56,n11,0.24770519777411742,0.04341254015616363,42.178559086120266
451,56,n12,0.22601952486702895,0.02885685023925304,54.92311609562921
451,56,n13,0.29762648078172016,0.013000469213675772,42.50271472806479
451,56,n14,0.3561723519911494,0.017306424255042557,41.847419599703926
451,56,n15,0.3183505705950218,0.054025354280974075,41.12670918130469
451,56,n16,0.31306031343785273,0.03281214434007751,44.9481480763972
452,56,n00,0.737433792661653,0.08758176876075081,93.12916878470367
452,56,n01,0.6994236644785752,0.08384007297599085,97.841858952164
452,56,n02,0.7811633159074858,0.09993346938673077,101.31582287054727
452,56,n03,0.7624260091018574,0.07679498585863577,107.91993806438612
452,56,n04,0.7362835976450922,0.0870898026839882,106.2619282448288
452,56,n05,0.7171353562505178,0.06696190718802471,119.73022231277217
452,56,n06,0.6942261524858453,0.05637143064704797,120.95399753765436
452,56,n07,0.7843491481319641,0.0922125743212911,125.11096132903701
452,56,n08,0.7197877089727789,0.08942875552591219,106.25863635130055
452,56,n09,0.7711451935971415,0.08051160686334101,113.48566811442947
452,56,n10,0.7908604435905235,0.08144147240465564,106.97607727191645
452,56,n11,0.770583706872688,0.06730153128206919,112.58309595068269
452,56,n12,0.7839625990779667,0.07685293290172951,101.8536178929019
452,56,n13,0.7869609621900858,0.08042557939675184,112.39533877202186
452,56,n14,0.6909698374625036,0.06157265773558785,116.60940587293727
452,56,n15,0.7494059173015073,0.08972854650409959,114.68759197940598
452,56,n16,0.6769478725839543,0.08017758024132146,99.93664426268842
453,56,n00,0.23263136785279295,0.008315130270610701,41.23195962127638
453,56,n01,0.2508978666883516,0.03447229429059925,41.80519981688629
453,56,n02,0.23924470037211376,0.036818197036878164,46.20343440195159
453,56,n03,0.2985693772774156,0.0,49.442090418193
453,56,n04,0.22008295645761192,0.02578413480625993,51.62968743585398
453,56,n05,0.19847062332430015,0.040442389710391984,35.03176868640226
453,56,n06,0.31607230720446333,0.0256576574702483,42.521834977857836
453,56,n07,0.40612159907295386,0.021531739757374678,50.40407413192289
453,56,n08,0.19567245444518042,0.040622295538575146,45.93261210265378
453,56,n09,0.24264121759432142,0.04342140308312013,48.773964006308226
453,56,n10,0.1839571998486969,0.00873295304818467,54.8362149909789
453,56,n11,0.26759922590647767,0.012251688691657433,44.18322236557827
453,56,n12,0.2538972362334878,0.02477890520318559,41.93567346173064
453,56,n13,0.29679735821263487,0.04565473390057981,47.420846079772154
453,56,n14,0.24170231923535287,0.01938283655458587,41.20470831401153
453,56,n15,0.3150504229428475,0.01932725755969036,40.758306076786546
453,56,n16,0.29935455102542796,0.004862866719523306,46.49131121568852
454,56,n00,0.22646290975458958,0.037298051085780555,39.664298918694264
454,56,n01,0.22958778435006116,0.020870189318365474,38.52614897145865
454,56,n02,0.22146736552425572,0.02846284794173732,49.84215192362341
454,56,n03,0.14203456873383447,0.024864619086939883,56.80363406891048
454,56,n04,0.20924002443002895,0.012483859724972398,36.653475688262304
454,56,n05,0.200773679488983,0.030315096883983192,51.54877553381498
454,56,n06,0.2843745646267114,0.017366686025621178,55.43083961665842
454,56,n07,0.31866448672773545,0.019844604663737005,51.52079787878417
454,56,n08,0.23488567502599253,0.004485473716448644,35.999765100282374
454,56,n09,0.2751798201773047,0.038745422629301834,52.32678833890887
454,56,n10,0.32487016073359154,0.015440488080289975,45.70891118585484
454,56,n11,0.22159216871566872,0.020305652463872573,41.7098742422164
454,56,n12,0.37255577147686925,0.01171806460676636,44.86722258980792
454,56,n13,0.2801611216880771,0.0416005058390382,47.70342084293646
454,56,n14,0.19393188353345708,0.044874251949946264,49.60778947041337
454,56,n15,0.3417404551317812,0.03249571097056751,36.55329932713542
454,56,n16,0.19034575021852979,0.0,42.920508790941184
455,56,n00,0.7318845083027321,0.07658085168435977,110.78942914913624
455,56,n01,0.7399525782885333,0.06634298121490581,103.82918275755596
455,56,n02,0.757457751845929,0.08728036413654743,95.63735546634763
455,56,n03,0.6885387581303701,0.08079312099425656,112.08727162537875
455,56,n04,0.6440640123905034,0.07698633493201033,121.037202193488
455,56,n05,0.647726796460839,0.06403696627335138,102.81357235734642
455,56,n06,0.6919706410779182,0.08708967888155968,100.99539368186392
455,56,n07,0.5960031448344855,0.08221032873759727,113.57753288911104
455,56,n08,0.7870539592306132,0.08166245114895283,116.15129477143242
455,56,n09,0.6659608880562655,0.06267853080760219,107.54146404426966
455,56,n10,0.7210020545092084,0.056544089965675226,126.2529710210261
455,56,n11,0.7429863618841165,0.08392990497118837,111.95322887362818
455,56,n12,0.6288672760811521,0.08515609265469386,108.17656317466907
455,56,n13,0.6660439371201948,0.0869601542907884,112.09958387733705
455,56,n14,0.7555636881136999,0.08735300325649985,117.88727714546754
455,56,n15,0.6743184058147995,0.07048030022416822,109.27343427049618
455,56,n16,0.7451785084404434,0.06595804642982847,104.10795383162193
456,57,n00,0.2160258130611527,0.01866475923191777,43.861194589201695
456,57,n01,0.21877100219784976,0.04339333160941258,44.14802798682982
456,57,n02,0.2849245396618544,0.032746562868595896,47.987493225566375
456,57,n03,0.3182255931222419,0.02621868080545539,60.47977243283007
456,57,n04,0.2845087739653285,0.0517387298407216,42.44659409804018
456,57,n05,0.2989860598764759,0.02525128833199524,54.62812329757247
456,57,n06,0.2634503993591253,0.019970399962597418,32.05761820352619
456,57,n07,0.35479593778562885,0.032696345766787295,39.8509671617056
456,57,n08,0.24097204535369635,0.028978462171755953,48.063741637271285
456,57,n09,0.25239567052107376,0.028715825556250598,58.65814887084801
456,57,n10,0.21395826575503527,0.03410474106135057,49.5899674784455
456,57,n11,0.26227258154941474,0.02362638098635119,33.78637412397313
456,57,n12,0.27201687515670664,0.04072885573210831,42.467718386970716
456,57,n13,0.24190605224947523,0.04028979770443761,45.94143684946718
456,57,n14,0.24629420407021851,0.044496358221278745,35.76383479332834
456,57,n15,0.24164825842786009,0.025228189372587924,42.61559742101758
457,57,n00,0.20468166875455396,0.02172091655927614,49.76631514313688
457,57,n01,0.2227284982788001,0.030410733504812233,60.642414558207804
457,57,n02,0.24759383369046475,0.034405634443244175,59.341133463256675
457,57,n03,0.27169568405988537,0.0317699874617175,41.83893597659874
457,57,n04,0.2330546662407362,0.03381547211697342,48.29635024210984
457,57,n05,0.26479992044024137,0.02985155446038181,45.27033748615606
457,57,n06,0.273162564885774,0.056640860986012884,43.934994274114544
457,57,n07,0.29972787953389574,0.02376634043524423,49.76292683716228
457,57,n08,0.246833507473597,0.008130573795251977,53.823089245168504
457,57,n09,0.250204594443172,0.02627533300769149,50.74862956794704
457,57,n10,0.2760724349685106,0.0273544648680635,51.540361442235536
457,57,n11,0.2769098418345121,0.03763206285038536,47.68485672472872
457,57,n12,0.3548427567955281,0.029290074850274725,38.64931115615544
457,57,n13,0.21398400199975454,0.026201434180310616,51.5725165585975
457,57,n14,0.23430847601625862,0.05026358436266558,38.119470640641794
457,57,n15,0.2864909275997456,0.016883453205498104,54.0905475490142
458,57,n00,0.2422573313971333,0.021844864253423028,46.377380936788995
458,57,n01,0.19366452021522246,0.030284551449283388,43.77100088203779
458,57,n02,0.2744756508391894,0.02984804931049687,58.75452212338124
458,57,n03,0.2884963391149247,0.01938596484918664,41.600173109354785
458,57,n04,0.2136880712595266,0.036482623209401294,49.69028683355329
458,57,n05,0.26487615566791045,0.017759610185978512,63.54129642316457
458,57,n06,0.27084665841469246,0.009835969039963519,72.47837717866271
458,57,n07,0.25162342412408556,0.033777164840986244,53.84279991076559
458,57,n08,0.2614937721805978,0.02060962235596154,49.68736804044046
458,57,n09,0.20948957807357224,0.0386594667702108,48.026447112211095
458,57,n10,0.17826837745804702,0.04208238253054063,42.02053234049584
458,57,n11,0.3064599229352304,0.019638067127153276,41.70906091959637
458,57,n12,0.30708884319349483,0.03405848941625402,37.39015525913007
458,57,n13,0.26399118330185695,0.045318776336466186,39.51271855973441
458,57,n14,0.2604680802775312,0.03303530919769582,35.72948056539053
458,57,n15,0.18900737563705708,0.03899761771405198,46.726410657413794
459,57,n00,0.20100133310998886,0.008930199033054916,41.41005078252579
459,57,n01,0.31851202608428497,0.021700551574522324,40.68823489916282
459,57,n02,0.28096788156665486,0.02891922951795485,58.61930534618402
459,57,n03,0.2940080189116233,0.021387028180115793,39.61411316751106
459,57,n04,0.19778741574548903,0.05591657438605835,41.37843012434248
459,57,n05,0.24605787496787734,0.03220832661302431,53.677412861057064
459,57,n06,0.2973990587910236,0.010125788792900575,41.7207079962301
459,57,n07,0.22204511453283535,0.030470594619641175,52.29161847050635
459,57,n08,0.31850532718368024,0.004815791554590023,56.83164060795192
459,57,n09,0.2354320614869825,0.04112183397520399,51.33070541009789
459,57,n10,0.20119321673993776,0.006974877602307028,37.03683315040006
459,57,n11,0.30415026888714175,0.0354358804000554,32.33322452983152
459,57,n12,0.23664069170002666,0.027240364441275436,59.767032017251296
459,57,n13,0.251557850844373,0.01653853684126703,54.440927895826135
459,57,n14,0.23877139911476972,0.049276563991233084,58.25500276459934
459,57,n15,0.23203906845543815,0.018134295289435894,44.3126027625719
460,57,n00,0.7494144123466151,0.08637908419142873,128.83649788287576
460,57,n01,0.735559170601807,0.0763942089348809,110.5523254698649
460,57,n02,0.6896357677402831,0.066579519217043,114.1189550013832
460,57,n03,0.676269641684277,0.09860968032222979,97.10761902712188
460,57,n04,0.7120320753391833,0.10358355144469941,108.62009092397241
460,57,n05,0.7122915745140548,0.06649671907640387,95.82767943715392
460,57,n06,0.7531175408993126,0.052981931418904525,109.07955828271211
460,57,n07,0.8165757712942765,0.08379713344718664,115.02814593372536
460,57,n08,0.7084371873439216,0.07909691981263095,125.1189405214955
460,57,n09,0.6635072793655971,0.06610288441285558,109.14248639734963
460,57,n10,0.7477095434780213,0.05915513475454596,105.31287667256132
460,57,n11,0.7589866784622314,0.09000376410207886,120.46111827064924
460,57,n12,0.6695262430959678,0.053700250087029375,95.91842664403468
460,57,n13,0.7010011203465015,0.09038313542261109,108.6841884145726
460,57,n14,0.6694485256516579,0.07431573754542559,116.85709298113105
460,57,n15,0.7447407882438225,0.06526244404180997,114.39410464698297
461,57,n00,0.2634654008081891,0.022156583883777902,47.45852600852147
461,57,n01,0.23575311204006702,0.02603946180346299,48.8112501588801
461,57,n02,0.11355707776060311,0.03650591347753124,38.455223739047426
461,57,n03,0.19185504838486583,0.0344075851140374,51.56735412648449
461,57,n04,0.2420295059967579,0.026155011553638037,61.713086214139594
461,57,n05,0.2796627521923728,0.03333073261486551,48.01216606574557
461,57,n06,0.24632603029807942,0.052761130171860154,46.17573603602522
461,57,n07,0.3108332917224726,0.010436759413375456,61.68686278204197
461,57,n08,0.2752911498925532,0.05072272969459361,49.34244849076906
461,57,n09,0.2883541861636789,0.03657309691862637,40.49703843694994
461,57,n10,0.22742585762615183,0.018214007012473988,33.17894519296453
461,57,n11,0.24741904933502798,0.03489125485841446,47.496204290196836
461,57,n12,0.2660846634557843,0.04327237489258305,41.44002998031195
461,57,n13,0.29385116505008535,0.04390308455504739,47.94452514418447
461,57,n14,0.23791095794249925,0.03163526893821528,51.038497667487974
461,57,n15,0.31688779974087655,0.057201743824720964,45.55278711995292
462,57,n00,0.2534614543638255,0.024597821650892332,52.38704961222606
462,57,n01,0.2788208112959118,0.022167313165628113,46.630423788949834
462,57,n02,0.20038986728224403,0.04397444530336647,41.54556103507137
462,57,n03,0.22559144895840433,0.0256148493713954,51.876954909403594
462,57,n04,0.21785139303148177,0.04243931826065247,47.51176099451269
462,57,n05,0.20848268228735078,0.01746356456478932,29.828339643287222
462,57,n06,0.26833898884979035,0.031649898964177456,45.67697266491344
462,57,n07,0.20897454320688116,0.011557468626659531,48.427586491252676
462,57,n08,0.27586790057036414,0.04011775538312746,52.99993212580732
462,57,n09,0.2448200527474325,0.032454360509036675,45.96688937505298
462,57,n10,0.18135983155388613,0.027663335829429318,58.54895486470633
462,57,n11,0.2089983774256567,0.025676605143591453,26.692095973924626
462,57,n12,0.21020071124593984,0.02455720065875689,36.302696328320266
462,57,n13,0.2578728455219896,0.05985904020155988,40.18616451294371
462,57,n14,0.25050996996909425,0.03500893585525987,36.709036690070874
462,57,n15,0.2890260935214663,0.031212364898348516,51.637540242834916
463,57,n00,0.7507434427070689,0.05009957368045927,113.57653950151199
463,57,n01,0.7073711419943545,0.07624262403676059,108.60661259274193
463,57,n02,0.683747273740297,0.08113705392067434,114.53192785074273
463,57,n03,0.7444555731225982,0.08035894545415798,111.66498993125889
463,57,n04,0.6758140687248433,0.0829278655856158,103.18826888132976
463,57,n05,0.7648871698806197,0.08390421475543715,109.52209857695271
463,57,n06,0.7041345519652272,0.07803354688050548,108.58296579046235
463,57,n07,0.6960646427763952,0.06902683308316358,112.46273929911195
463,57,n08,0.736801662635486,0.08062576559726731,102.75982934343912
463,57,n09,0.7272856560229537,0.06990063058339846,113.81248051070732
463,57,n10,0.6826115577052811,0.077805232713118,118.5275931654309
463,57,n11,0.7062463347854183,0.0687542183180658,115.70322819077047
463,57,n12,0.7581263368857578,0.05445385011485687,103.948969414898
463,57,n13,0.7013154670172974,0.07843414649399073,103.64221498115027
463,57,n14,0.7119729149118729,0.08225633305804084,116.57665648775003
463,57,n15,0.7912480988158147,0.0827097002490009,122.8813758933786
464,58,n00,0.22124683290506855,0.041653033347906133,45.47739700673044
464,58,n01,0.3206398147152427,0.01594060575484136,38.73862383896752
464,58,n02,0.1843977881153379,0.020451758063421418,51.92881794043704
464,58,n03,0.20325452601100671,0.035542598636000254,43.24924149625477
464,58,n04,0.18646046176999076,0.011697781235641271,52.39512883094207
464,58,n05,0.2699074177085792,0.015302840261369926,36.72676456973239
464,58,n06,0.22751977265783535,0.02862031160175887,37.78522636188589
464,58,n07,0.31187997006369295,0.033762004197882334,43.672127630783194
464,58,n08,0.20427067330636522,0.015193742478886779,31.511685128252203
464,58,n09,0.28569451810972357,0.019799348112672664,42.775558584373094
464,58,n10,0.2921892138685062,0.0365406703253921,49.78843451388269
464,58,n11,0.24095837005029253,0.02732608899871489,58.70890888092077
464,58,n12,0.31795998596564246,0.030324477010296703,49.5138665625943
464,58,n13,0.30174615299719204,0.04019063113744792,43.52391787966442
464,58,n14,0.29315499005249707,0.032438938258476754,47.24229892881262
464,58,n15,0.21879429199712186,0.03155996650311267,51.98489461912294
465,58,n00,0.6712303764491736,0.07827405708495078,119.78351811145562
465,58,n01,0.7166130797136289,0.08887825421438714,118.49730965497272
465,58,n02,0.7233598490381709,0.09112499998420337,121.83441366263659
465,58,n03,0.7659969605855298,0.10290452123567001,105.57652506082488
465,58,n04,0.7746344716487685,0.07905379755890657,109.27538416017128
465,58,n05,0.6720072184773993,0.07111018185679475,109.31312331237181
465,58,n06,0.7526213864124556,0.10068688261430046,111.53373553372474
465,58,n07,0.7785534806722277,0.08733098353286384,111.47454512943774
465,58,n08,0.7273222770749562,0.07632255293676558,107.94698793334864
465,58,n09,0.7720729860510144,0.09621670265516634,105.88327201206313
465,58,n10,0.7327674144078284,0.08081794578816895,114.86215439926337
465,58,n11,0.7568431823481075,0.09460634708610009,111.20286141675855
465,58,n12,0.6847048071311375,0.07555225210680767,100.8864117328886
465,58,n13,0.6330472956266451,0.08956746852417556,109.41011670138911
465,58,n14,0.7633497945328622,0.08781726520245427,104.48132216842752
465,58,n15,0.7054849922165441,0.08346596376365,103.11926275625947
466,58,n00,0.2803472522416589,0.039269516957629924,54.24597051757459
466,58,n01,0.21814094438132517,0.044050015508395615,39.6292482647094
466,58,n02,0.29019036926910025,0.0,45.92412644411073
466,58,n03,0.30496657712138586,0.03871644537639718,53.17107835530607
466,58,n04,0.20999789183948042,0.011482599538420235,53.626837819174284
466,58,n05,0.2689183175223193,0.040102621207582734,57.24001560742465
466,58,n06,0.2234021985292628,0.02508001623731311,49.0438076725386
466,58,n07,0.22872779633008952,0.013373297649022842,42.789312716546505
466,58,n08,0.32208373721635963,0.03092818572938761,53.300780769527044
466,58,n09,0.24331813201722274,0.00836164026208525,55.09259395259579
466,58,n10,0.2497723600822897,0.031279472648933555,47.6027288854041
466,58,n11,0.2447641203556904,0.015795181632966462,54.61681288007175
466,58,n12,0.24266975424450285,0.02658933688001416,51.43838933667471
466,58,n13,0.24311753165444344,0.027807911192927956,40.51712814097629
466,58,n14,0.2265253821575838,0.013867604428977023,41.63808454762979
466,58,n15,0.26319748320740516,0.01770506282494412,52.78858294718143
467,58,n00,0.7210050472844015,0.071186646782407,127.76730708551024
467,58,n01,0.6536154510462091,0.0806760519844852,110.83576314036507
467,58,n02,0.6804526648536474,0.08330805830504538,103.26742872675737
467,58,n03,0.7009741407528663,0.07536428633874,109.42981229807987
467,58,n04,0.6958800075316162,0.08124844644823491,112.55973660225696
467,58,n05,0.755806934291645,0.08695575958425462,115.54333238722313
467,58,n06,0.7040769326456262,0.07241141357978587,95.2418934488921
467,58,n07,0.7407646795171072,0.07291079584565374,110.28729713809469
467,58,n08,0.7017019108246613,0.07689817378881854,100.38894898134934
467,58,n09,0.7539783676004357,0.07237724483259474,104.96829011987703
467,58,n10,0.6658135305569169,0.057288914045115304,117.89207652643336
467,58,n11,0.8102098046167888,0.07656368352017312,100.8798953658423
467,58,n12,0.7187807434511703,0.09324304930729657,123.39442789284936
467,58,n13,0.6833401220954495,0.06738906105676332,115.34420632967253
467,58,n14,0.7434725597869346,0.07618181760354764,115.52754678078992
467,58,n15,0.7233037705185309,0.09264024579248921,110.85252895377012
468,58,n00,0.7615603648012403,0.09068209028534478,114.53337682985249
468,58,n01,0.7494973306303334,0.08077434064282142,117.04311682531412
468,58,n02,0.7425635487324086,0.09288356259811174,103.57713491426149
468,58,n03,0.6667704908517128,0.07227197073850207,111.07756334194575
468,58,n04,0.7904056511291623,0.07058769033633505,99.58053414784627
468,58,n05,0.7011385927696356,0.06300018798015655,115.71850631512345
468,58,n06,0.7107975773524081,0.08259922141605189,108.8236020680635
468,58,n07,0.728279048885413,0.08757651593748189,120.672201502178
468,58,n08,0.7177094692897968,0.09557237405684608,109.10165796303923
468,58,n09,0.7028500366827564,0.08043027967116716,98.53953190814744
468,58,n10,0.7269116758074246,0.10198815503954294,111.74693846464727
468,58,n11,0.642407842497434,0.06665035880381462,101.11216573719602
468,58,n12,0.745546770271739,0.08386064478016136,109.60532980621177
468,58,n13,0.7725232014490203,0.07918103890421237,114.51471943827616
468,58,n14,0.6181977116838974,0.08843288488264482,105.1945647104626
468,58,n15,0.7564340752681173,0.06351170554811503,111.44687199402269
469,58,n00,0.30641210325109564,0.04958843488768534,51.675824098345856
469,58,n01,0.2719349674101406,0.025443487284755394,46.638756177242094
469,58,n02,0.26467107547292834,0.02295333391559647,49.46263709479186
469,58,n03,0.2255758718295509,0.03479088110735944,44.650825566387766
469,58,n04,0.23969711030923194,0.022258967670607595,48.66840679687028
469,58,n05,0.2595421186186509,0.034280572103438385,41.4570980951166
469,58,n06,0.26763028969874614,0.04556780790874631,45.21083008096758
469,58,n07,0.25451472386319407,0.027639476853933115,40.94135520039556
469,58,n08,0.2868771932954287,0.026111728343678864,59.900342505994296
469,58,n09,0.23250933624909814,0.0,47.627902957812346
469,58,n10,0.27847494327005895,0.05440474245682128,32.79624902312651
469,58,n11,0.2420200950650357,0.023219595332026294,44.51502506099389
469,58,n12,0.23676837811383897,0.02934076532780607,44.886352729096636
469,58,n13,0.13242438359238867,0.02606057758225104,41.37257163494992
469,58,n14,0.24294385716310515,0.03396037071729008,50.59830457359913
469,58,n15,0.1990893998455897,0.030295158145915244,32.707300470607755
470,58,n00,0.25572958490027753,0.025657413288375265,43.11719932825036
470,58,n01,0.2421653814169645,0.04015954613262936,40.397229467141294
470,58,n02,0.2523855572888703,0.006837351489907686,46.35416354220579
470,58,n03,0.18588226643117378,0.017910455068008847,46.24138127745995
470,58,n04,0.24400530921425523,0.03532669244281969,57.81242665489446
470,58,n05,0.24749285677240562,0.021389771008377828,53.459731897841614
470,58,n06,0.26379418064317306,0.04426405452262209,48.98208238581013
470,58,n07,0.1949562082877767,0.032151936696560565,41.83684525964407
470,58,n08,0.20804837251089503,0.041043574418017634,39.60984429892844
470,58,n09,0.2944214967981459,0.013101603908927884,47.75384248305617
470,58,n10,0.18038788264155736,0.01282330761341375,52.82686153142642
470,58,n11,0.2954422010896496,0.023543113314275717,33.689009655997346
470,58,n12,0.22729624932666642,0.0271389438311393,47.921017849597256
470,58,n13,0.25122676312613684,0.020161419679678994,57.5956656734882
470,58,n14,0.20525934446993405,0.03039876844519328,59.964341581675654
470,58,n15,0.2019881799475213,0.024635745394040665,38.237073850053385
471,58,n00,0.26210610294869746,0.021046713306027594,62.74456056369087
471,58,n01,0.2591022094486191,0.01651696473291389,44.63607101294318
471,58,n02,0.22424976976125874,0.025446289052545992,46.94410641370911
471,58,n03,0.27702735333797024,0.03881776462904693,38.401816100435916
471,58,n04,0.21262546839876234,0.02752540011187056,38.23716787363283
471,58,n05,0.21368503401830685,0.03508836444362477,50.93088066975295
471,58,n06,0.24276173142118523,0.04904501641943944,43.036016453362066
471,58,n07,0.23128884548279147,0.0,51.04516195473621
471,58,n08,0.30874790064420876,0.033510254933422474,37.28378036936887
471,58,n09,0.2088438185333374,0.047253186346456005,38.57347636826916
471,58,n10,0.31428481120799917,0.024344221866398924,45.9737673648771
471,58,n11,0.2660147330263297,0.038899021760973845,46.41361146866398
471,58,n12,0.28706219610060824,0.027556667643058738,38.230005545778866
471,58,n13,0.28881605036767344,0.03161197149330859,47.679654203828875
471,58,n14,0.24405267167760966,0.01972170913840865,39.465835384389415
471,58,n15,0.25225543893425884,0.013025229162783848,54.66857995006724
472,59,n00,0.2678998300818387,0.031082306192638385,41.68833538194335
472,59,n01,0.2220640009559222,0.02795187386119139,37.4724404312541
472,59,n02,0.23198843626596394,0.03709369157533267,27.829151366925366
472,59,n03,0.27398894768695875,0.030867000194627365,49.90544305888032
472,59,n04,0.25671421660900523,0.0257230378097285,41.09104216510686
472,59,n05,0.2554459127430608,0.03568004763692961,44.41809342672738
472,59,n06,0.3478571099368287,0.0156187292136932,51.01869268831768
472,59,n07,0.24640272510699196,0.02096974932770936,44.432530756424136
472,59,n08,0.2735202073905032,0.033450529863334674,53.779089247952825
472,59,n09,0.2515819027509475,0.04641582493690477,41.76022395488142
472,59,n10,0.22721769711280473,0.018188707834832753,45.0430641874696
472,59,n11,0.27231399108023957,0.03797733822808103,39.19451160874754
472,59,n12,0.26478411515665307,0.02909442861960769,55.17746371010436
473,59,n00,0.17539947902086978,0.03311876354315543,46.3593438523187
473,59,n01,0.25266638029488164,0.03062533266636207,51.43335967330962
473,59,n02,0.28524503225893316,0.05803705844539277,53.84418347502139
473,59,n03,0.3055871053002646,0.031845795365808116,52.566493141359125
473,59,n04,0.273716564711029,0.0028192082217059627,43.13977619089209
473,59,n05,0.20787818933076263,0.02821168031188185,53.207993265116194
473,59,n06,0.2896952298754615,0.011546047379455103,49.3996622640966
473,59,n07,0.2477056823687523,0.0045315178110373125,37.72583268018406
473,59,n08,0.19066693762519393,0.04418369600178886,36.54614853818835
473,59,n09,0.20336399481786194,0.04428182097429294,48.66712377688649
473,59,n10,0.2492705380180993,0.039019642951463235,46.264122990520576
473,59,n11,0.2700741268949073,0.029310501236957116,32.721071675237425
473,59,n12,0.2227901212479746,0.022519237119173047,54.326095185603805
474,59,n00,0.2511300648652339,0.03215344914381202,54.860078504237876
474,59,n01,0.22307058735007962,0.028404330533564337,40.98103606115173
474,59,n02,0.299005416955327,0.02242197018384831,37.87923614026932
474,59,n03,0.27625976781950046,0.030631411181328682,43.49193575261914
474,59,n04,0.2738017451205876,0.04024528116294239,41.980155779879254
474,59,n05,0.2661315194592538,0.029831702291750212,44.71471993016657
474,59,n06,0.24311855994744078,0.02793733854304708,39.78521340409357
474,59,n07,0.24724612183252948,0.027160027542992623,51.228723597631216
474,59,n08,0.4046318121672886,0.01663127229483573,52.02300705503254
474,59,n09,0.29456443246751235,0.004888770515961895,44.73131291736748
474,59,n10,0.30271660535445727,0.052373936714021366,60.74998896471256
474,59,n11,0.2965867420301927,0.020769255525390218,42.932170834009156
474,59,n12,0.2043525476588799,0.009761728656967675,42.73819097639076
475,59,n00,0.8081735246760475,0.08170748966451039,110.0488666292139
475,59,n01,0.6646800179425333,0.08399848697095222,122.91963834666723
475,59,n02,0.746022789250345,0.08590701050655188,103.28909252595213
475,59,n03,0.7817577894099014,0.07160358069584387,100.9858989270975
475,59,n04,0.6553470026281538,0.07813742531271925,120.04227156382655
475,59,n05,0.6915207555368028,0.08146563441832666,102.32924798477215
475,59,n06,0.735384652332204,0.07194331664482266,121.52112284447126
475,59,n07,0.7707585193507858,0.07700436260486246,121.88130123455458
475,59,n08,0.7188625808385446,0.07507172508427525,102.68753048534505
475,59,n09,0.7649095078870368,0.08474767421126224,110.72317344220421
475,59,n10,0.7199763312563638,0.07116502311214064,118.2144148637459
475,59,n11,0.7524816431361226,0.08605251521332621,112.97503583393043
475,59,n12,0.6451641100770991,0.05609278605124572,98.88398385890217
476,59,n00,0.2082874446091825,0.03280100848616615,35.86705120635842
476,59,n01,0.26975023390070135,0.03149885080998568,56.779395601666536
476,59,n02,0.2563912520504261,0.01831620028420028,42.31234179114776
476,59,n03,0.19393028570145138,0.0009579688669936783,56.29114377169732
476,59,n04,0.22544038626249646,0.014661120871587493,52.09182051984333
476,59,n05,0.27985828861642903,0.04481304589646626,50.44969007723773
476,59,n06,0.22653554815516005,0.0013450748646798329,48.61792565711173
476,59,n07,0.1706143226358147,0.037888781943379725,47.97076426203448
476,59,n08,0.24917545230685695,0.027698563324106713,43.92720074456981
476,59,n09,0.2839642915561681,0.03156308807892034,46.222737802184675
476,59,n10,0.27801661143131084,0.031097671265318597,42.75656651540703
476,59,n11,0.22480039650380912,0.029708474054191768,49.5966190189326
476,59,n12,0.27003236552503024,0.022192457563253852,40.691671975661805
477,59,n00,0.29219738244182747,0.031032744267655576,42.93279301959943
477,59,n01,0.24362031978982365,0.032109174923574284,36.74551592040373
477,59,n02,0.2154876648622766,0.04560133214109336,34.8985013737868
477,59,n03,0.2663450055075236,0.048648304087564716,39.669609286771454
477,59,n04,0.20566659639884333,0.03386955943163295,35.7031285680406
477,59,n05,0.22405639268596783,0.03531106844056819,55.93271854659291
477,59,n06,0.25128343516965584,0.03690889742100338,29.968086598124273
477,59,n07,0.21920128824505958,0.018638666868013597,48.53721615506283
477,59,n08,0.285878111576996,0.02900699826218361,35.134500148677645
477,59,n09,0.2677055109612408,0.03227790541127898,42.852865330671946
477,59,n10,0.23938993268113393,0.02173409438214304,51.389683852393325
477,59,n11,0.2722304127814226,0.027738186387059625,44.5987028337623
477,59,n12,0.22138524428039374,0.051618951578734903,57.83578572582288
478,59,n00,0.24221594794969092,0.03699652088328888,46.44503162959345
478,59,n01,0.32857805014354086,0.035555642202704074,43.812191608694924
478,59,n02,0.21804724448975799,0.013482545746426176,33.08983522722298
478,59,n03,0.17181091479919647,0.014955181523235026,43.93968835521179
478,59,n04,0.24334555394004337,0.04261653877138149,28.081136393650596
478,59,n05,0.2928897407038665,0.006787317431122063,51.768190255328264
478,59,n06,0.2325142106695259,0.02263348949648361,39.59759442274044
478,59,n07,0.2906005981968377,0.02516985797063908,31.002200573688153
478,59,n08,0.24816275563486961,0.038701470432045956,53.787236054633595
478,59,n09,0.21494002169748633,0.04286464402090798,46.71060355298131
478,59,n10,0.17961394527265767,0.024020163633620077,38.58242553339242
478,59,n11,0.25668889941327333,0.023728300917762984,35.91042473366096
478,59,n12,0.2880444561352252,0.028766060724520807,38.48205395382153
479,59,n00,0.19640944208502437,0.009086483667059036,44.481663681431584
479,59,n01,0.23827790027583592,0.021657879727238587,44.88506152243582
479,59,n02,0.24943972236073209,0.025555087055255325,43.840891837571384
479,59,n03,0.24118144192958324,0.017860580736117404,35.89453989941737
479,59,n04,0.24347218411549607,0.037328642324200065,49.382860566998175
479,59,n05,0.2535648995200819,0.01803561310933141,41.920546830244035
479,59,n06,0.19977228430458843,0.04635324084229292,49.98018906983796
479,59,n07,0.21693493594655522,0.038950351064584346,47.71886214069695
479,59,n08,0.2736080334891418,0.04535937574721414,47.17932773216418
479,59,n09,0.14774580424326808,0.018369713296167683,36.64535204740332
479,59,n10,0.23243894720862443,0.0527341878342069,54.06503315506822
479,59,n11,0.24337555564064206,0.04585462601296436,38.070545863608196
479,59,n12,0.22703380832488712,0.04727725638683485,49.68679543926838
480,60,n00,0.7694976186456216,0.11955719160677708,108.0906469259881
480,60,n01,0.7303054831734276,0.06579184061282062,121.12484572579028
480,60,n02,0.6830890432912055,0.05778650539576711,112.20060629155195
480,60,n03,0.7698809748028953,0.07426404221324381,109.05564961565611
480,60,n04,0.6559450247404852,0.09319914599086772,96.59479992161353
480,60,n05,0.7194439918509048,0.08526670515783398,115.73327300101029
480,60,n06,0.7792724060908719,0.07285904986960158,97.96379387044898
480,60,n07,0.7386990808491802,0.06864013313403906,117.31440026238883
480,60,n08,0.7284495808286037,0.06126683020576256,114.33488723339643
480,60,n09,0.725739851854706,0.07605554200882217,126.54990276479992
481,60,n00,0.27398095895169927,0.02504905858825458,38.07288502433704
481,60,n01,0.29107078024042554,0.04545545379139243,37.75226466195345
481,60,n02,0.20742516266565095,0.0022494518259762904,56.72612465941899
481,60,n03,0.24293479725462536,0.039109033791347114,43.195910514223456
481,60,n04,0.1573801005886058,0.03794305507082934,52.732409513707225
481,60,n05,0.311605258758645,0.04713521308518069,42.288184630433946
481,60,n06,0.21676462463403406,0.025658424607550374,47.12619251289956
481,60,n07,0.2443275480473093,0.035025908141161376,43.760631072954574
481,60,n08,0.2628200318842024,0.039711255357831744,46.732394948212274
481,60,n09,0.280781244937116,0.03562565627970618,36.81451764378735
482,60,n00,0.7220650378717244,0.08225718574189222,117.28084600614852
482,60,n01,0.7300402665370103,0.07843636113616627,98.37612226887433
482,60,n02,0.6506999049372639,0.09872972210756023,99.70476183051693
482,60,n03,0.6828739041980915,0.07308126259463099,93.35651180318953
482,60,n04,0.7942736143957013,0.07016244797960197,114.43078779713608
482,60,n05,0.733759402352438,0.060017600499502985,110.75071368537263
482,60,n06,0.6801753065597875,0.06423779939174439,115.9184329090892
482,60,n07,0.6095131734838297,0.09711557299747078,118.9341924670916
482,60,n08,0.8115721065158994,0.08463099914620988,98.98830999976917
482,60,n09,0.7012237949563006,0.05890591974333342,93.99608144339072
483,60,n00,0.7163968153308996,0.08146338565353319,108.11136632595698
483,60,n01,0.7402462423567552,0.07836810112065883,108.88520939024653
483,60,n02,0.7660175365294093,0.0772652791604957,108.86592871212413
483,60,n03,0.7268163938756768,0.09029680345558011,112.02681054129039
483,60,n04,0.7147228540594148,0.07104897263833862,101.44387589855859
483,60,n05,0.6512093986560155,0.08570163710473454,103.33709896656048
483,60,n06,0.6375656963842891,0.057013652859555994,108.81634636766219
483,60,n07,0.6707797163021613,0.0978388308985687,118.83748088327808
483,60,n08,0.713210410164831,0.0606852037370393,108.38577851826007
483,60,n09,0.7785574310081717,0.0675469687082392,122.58131951168926
484,60,n00,0.19124929463468868,0.03278746513301544,37.559999743533304
484,60,n01,0.25693195383020395,0.03903249331052942,44.84329100921157
484,60,n02,0.255772891367579,0.05248280881834852,44.621414434374984
484,60,n03,0.2836522625968052,0.05076136443632161,41.1116240736785
484,60,n04,0.2585128166537647,0.03809673016900639,35.102829751320336
484,60,n05,0.1469271313009542,0.045172349403927683,39.37199801885351
484,60,n06,0.28017456931199625,0.01174637416517552,55.663061170504676
484,60,n07,0.2335829905810107,0.05498437263702825,47.65923833803784
484,60,n08,0.2755395271482716,0.022930484662682778,44.90847924140296
484,60,n09,0.23759594016134117,0.016233910535226673,51.31419527522165
485,60,n00,0.2754403464665386,0.015050145448533243,53.23447339111895
485,60,n01,0.20540361118476735,0.027438873737417997,67.63183260466289
485,60,n02,0.20437712377591175,0.03853647744984837,41.939044386632034
485,60,n03,0.16999592820604337,0.03994683969489564,45.01702789674624
485,60,n04,0.2711108552204952,0.04603586436159736,45.69847652337631
485,60,n05,0.2209729020844014,0.002873968884864367,42.887781447583265
485,60,n06,0.18376369806087994,0.012913764862580373,53.96201368122502
485,60,n07,0.2739203837060555,0.03007368073121846,52.07594318912044
485,60,n08,0.17650227824871118,0.02605510812474534,47.163631772227
485,60,n09,0.24362514714211012,0.036027028043407835,57.776996896314735
486,60,n00,0.2561749059253612,0.026051606781801958,55.64465454596231
486,60,n01,0.24253786202518188,0.057574897318520266,39.34039462865115
486,60,n02,0.26466294773651616,0.011019220400148955,48.06649067621295
486,60,n03,0.2500213215641428,0.01198021123619036,38.82895295481549
486,60,n04,0.23520723118131787,0.003215376207266484,51.09350731664668
486,60,n05,0.1880690969945824,0.051841360760351826,53.438084225576276
486,60,n06,0.2660890227939776,0.005206966309958063,40.50498866242216
486,60,n07,0.2725901193493067,0.035331580624068534,41.625463652202
486,60,n08,0.2145193556269137,0.05057471693515493,50.56523279997691
486,60,n09,0.3187868700080285,0.02965227703670201,38.55459066876358
487,60,n00,0.7696519624338574,0.07917706973023665,94.23592003813951
487,60,n01,0.7495459940929572,0.07407514101526051,113.33173627561692
487,60,n02,0.7423814130834016,0.09300026831211934,104.81549562378261
487,60,n03,0.7518857053815017,0.054133242522003196,119.90579014261243
487,60,n04,0.7865121437453619,0.07021356674391055,98.50862923251803
487,60,n05,0.6706322040644356,0.06780508765156326,105.07671886793995
487,60,n06,0.7895361327725817,0.06760862154575642,93.10206765425853
487,60,n07,0.8638287953088729,0.07986058469570391,120.68364829718817
487,60,n08,0.7646064554919062,0.0924629160338768,121.25677324241246
487,60,n09,0.7566046134555408,0.07885885472669374,98.684523534439
488,61,n00,0.2803161188979838,0.036346989550679165,52.48034544707242
488,61,n01,0.26614128406839366,0.04081917725028348,52.951224241353216
488,61,n02,0.26475386531926715,0.06068836259355059,41.79213386521664
488,61,n03,0.15432775540025603,0.04402744848374954,41.131199047688746
488,61,n04,0.22655118049452155,0.03624012528551914,44.81693709365228
488,61,n05,0.24851908928470431,0.01966082810850145,37.37184745601935
488,61,n06,0.28803176380705575,0.04082874084839137,43.231103235881804
488,61,n07,0.20906987376054975,0.02375887906937229,51.96543633120495
488,61,n08,0.25178567743387237,0.029696081560331048,48.5038349765966
488,61,n09,0.24306523723913942,0.008934024634567602,53.58503256330723
488,61,n10,0.27375313675325275,0.020796319125100715,39.78346414765041
488,61,n11,0.3255715837101571,0.03749553838803231,47.33682040344363
488,61,n12,0.21723077924995818,0.0450536452290798,48.2510417058479
488,61,n13,0.3201307779019502,0.016543233277882718,36.565147258201605
488,61,n14,0.32979325286430555,0.030252751403395242,56.710657063800326
489,61,n00,0.26746975189556516,0.02671602542013235,50.000149981511036
489,61,n01,0.26541675986294816,0.04137370964712513,42.41770279651739
489,61,n02,0.2274893455133166,0.021504478726049346,44.049456190834775
489,61,n03,0.30620577447090086,0.021760014190797504,36.269236681614146
489,61,n04,0.22364506159118097,0.046246539019307545,37.832645934362965
489,61,n05,0.35079752064866293,0.038266931933223,35.74139652356077
489,61,n06,0.29289280054483335,0.04759437079978411,53.77835714887656
489,61,n07,0.3262372612183695,0.021563777078647414,43.58828080178649
489,61,n08,0.2989575763358269,0.03966263161794468,43.56887996079155
489,61,n09,0.25285343560665036,0.06372932670390807,61.32437131139386
489,61,n10,0.24761785546904824,0.026826612558202765,45.912579177477426
489,61,n11,0.24260141734427915,0.055223091789993364,42.10003632663708
489,61,n12,0.28386097212869915,0.02442367112542124,58.727960620621396
489,61,n13,0.2769675860027542,0.04031670439173591,45.98960392583749
489,61,n14,0.2869350133142703,0.0011072778424574131,61.6030900134156
490,61,n00,0.20086963380643938,0.05767078250965575,48.78424035155677
490,61,n01,0.31797104037622764,0.041438070989287944,32.518730502154696
490,61,n02,0.23597691889483235,0.03531892832832727,37.52978532714458
490,61,n03,0.2279368441690713,0.011844274427974647,35.71342798326954
490,61,n04,0.1317634844047908,0.04544604179004227,48.5643123554842
490,61,n05,0.20458744006390095,0.026376793159133022,50.304679860640256
490,61,n06,0.26244267423893397,0.0379184822731551,40.23709660175514
490,61,n07,0.2162411445310036,0.013250505055373573,40.43757832592472
490,61,n08,0.17516934323518524,0.04122981846935529,53.01826112151565
490,61,n09,0.2494830872706628,0.026436674818786775,27.60489441717739
490,61,n10,0.29696720256028375,0.03168382051530429,44.094119902727506
490,61,n11,0.17435914401640096,0.03660965374323254,57.25833240297194
490,61,n12,0.2752514636904575,0.046106286566602386,50.82434700312687
490,61,n13,0.13997970397788273,0.03193910735895707,54.59618082339003
490,61,n14,0.24951786245569693,0.026711367304701212,43.76675003949276
491,61,n00,0.6795839112672816,0.05804481513249428,107.71987534925277
491,61,n01,0.7473392625868752,0.08700061445339662,117.99654781793917
491,61,n02,0.734944520030851,0.06488343027077302,104.52859193395639
491,61,n03,0.7637476642701038,0.09073977826821433,112.94864573127832
491,61,n04,0.7473943617617943,0.07708847188139732,122.12233581677569
491,61,n05,0.7984477875450519,0.05359840849723444,121.97490285216817
491,61,n06,0.7487236442471741,0.08081966342033484,111.88545048557907
491,61,n07,0.6779728775548498,0.08564162378398706,112.22675499975003
491,61,n08,0.8172633136808032,0.08263097801839141,118.28050232378241
491,61,n09,0.6665558869779485,0.09713986074563527,117.54408714249713
491,61,n10,0.7145187569710932,0.05900068622234983,98.57350100341436
491,61,n11,0.6583678585663193,0.05953457521353313,100.71962957793635
491,61,n12,0.6945608994432221,0.08819065387212105,108.69449343078428
491,61,n13,0.7793255937142037,0.08316209006096013,111.87297322194273
491,61,n14,0.7250811364895331,0.09797480585750681,109.54644300235857
492,61,n00,0.3642895368091993,0.032794591314528804,39.722855746888456
492,61,n01,0.24913406946295022,0.007857763129422584,46.936634188659475
492,61,n02,0.2723534957728122,0.039896829025921676,48.44554149414478
492,61,n03,0.24807646791249513,0.028251132437857686,50.21057499631321
492,61,n04,0.2738532837520442,0.04191648184901119,50.94520933447573
492,61,n05,0.2749306836805828,0.03604362139269861,57.42779895438915
492,61,n06,0.22558549215607646,0.03663490820681791,49.578045317549524
492,61,n07,0.2004942812307371,0.02304669452309004,47.296251523394325
492,61,n08,0.19831861031832845,0.03335267432936021,38.289170445479414
492,61,n09,0.32375133362343095,0.042749982860031385,38.69347698661656
492,61,n10,0.29653607015688055,0.026275149620869288,45.7510518412427
492,61,n11,0.21391381361025533,0.023568930918673042,55.329308837518624
492,61,n12,0.29562899942051907,0.022575657156581174,44.56272696729172
492,61,n13,0.2707751040850033,0.03658920367929577,36.90303569573018
492,61,n14,0.3296392415471281,0.035272636042113635,40.359673044024234
493,61,n00,0.7190831236892293,0.07380284931101473,88.65767999830538
493,61,n01,0.7626933055374315,0.07794321851405059,107.17127336983657
493,61,n02,0.7586606441647884,0.0887677761662466,103.1517581305099
493,61,n03,0.7722444148133282,0.07797701449712305,107.72397355269234
493,61,n04,0.7059185530677089,0.06854443515323701,110.39053310493682
493,61,n05,0.7167241972921512,0.0689480039943981,119.64495484927718
493,61,n06,0.6781377920276757,0.08712726881354274,104.71708188034788
493,61,n07,0.6614691614180178,0.07116555617173843,105.92838531428318
493,61,n08,0.6672718998425591,0.07589398920316316,100.6798964090437
493,61,n09,0.7407618602844389,0.10077074600671976,110.1555734958137
493,61,n10,0.6977752057235576,0.0986734157938729,130.825825817513
493,61,n11,0.7104997453078814,0.07947035915961932,99.60062671425499
493,61,n12,0.7631170219003677,0.0630291790012668,83.20540433414804
493,61,n13,0.7854420464898907,0.0625402351323048,109.76332895464748
493,61,n14,0.6651710756365401,0.07990883039053913,112.40138783158662
494,61,n00,0.16064691562626648,0.03241070893826401,22.77858759546393
494,61,n01,0.24747725442489557,0.05184811834972902,47.29375437030969
494,61,n02,0.20853250988815747,0.025442442740715963,53.47004476736724
494,61,n03,0.22997982451038743,0.0377201614894826,46.937999381887494
494,61,n04,0.21880175447822114,0.01690524656163321,24.724073319238332
494,61,n05,0.2315546498320343,0.035116283365669194,37.570841335045984
494,61,n06,0.21561767997281733,0.0310154163781094,38.02891946915659
494,61,n07,0.28758720228980783,0.021519938639888922,50.182539689969005
494,61,n08,0.20210921335290735,0.04175381076758416,45.021139437045626
494,61,n09,0.2841441332525456,0.021890014878067205,68.77513329054946
494,61,n10,0.24612343961726127,0.027840064022240176,44.55502188194587
494,61,n11,0.2395319619628402,0.01725160029627061,48.40986257736551
494,61,n12,0.2959610009546136,0.043319890004929335,37.866935068511424
494,61,n13,0.24907695021806375,0.019748067467418653,52.837510248737246
494,61,n14,0.32092915168316993,0.004924535224176747,53.41302313107512
495,61,n00,0.2797444696959813,0.028811778774132615,57.05327339101036
495,61,n01,0.20430495075591337,0.02241723637101887,58.565693389868116
495,61,n02,0.22195568512086652,0.017519259579251843,45.90656478750056
495,61,n03,0.20853945977456256,0.026381170057121768,47.838080842576176
495,61,n04,0.1644811162332283,0.03595842586386655,55.8939149192626
495,61,n05,0.2998151167020547,0.028237790387888657,28.57942135234878
495,61,n06,0.24231187497684017,0.023539181806387192,55.382206144146195
495,61,n07,0.27350904826387307,0.03563408144647893,37.14002582223727
495,61,n08,0.3305634238248973,0.009221227439418327,42.955737645002245
495,61,n09,0.16619990951300986,0.019289590526385885,52.090922274463566
495,61,n10,0.15583253825123258,0.03339710377829616,52.933305697987976
495,61,n11,0.2042429811673978,0.03976178421451121,33.695064235381636
495,61,n12,0.2555004715916243,0.046780920926280736,24.10985151477153
495,61,n13,0.142738819661614,0.027038012126898027,41.53025879430235
495,61,n14,0.17992927641772627,0.038381501192862065,57.664461384676315
496,62,n00,0.21523658561781395,0.03448176308049268,43.002419884376366
496,62,n01,0.22562015428641657,0.04480750070717715,37.52855954119109
496,62,n02,0.2734241543932563,0.01609605914640161,33.61193954404665
496,62,n03,0.28961583819632564,0.023378506233458177,41.744619967919185
496,62,n04,0.21588530478761592,0.039753614867528535,48.65532325407233
496,62,n05,0.24089142335881253,0.014237730912589515,50.37645868601879
496,62,n06,0.23700523010011118,0.0499324971736254,54.14313655824549
496,62,n07,0.2945367841112485,0.0197661715286776,48.34718492579641
496,62,n08,0.25788076032784873,0.04508538276567446,43.43518449698143
496,62,n09,0.2381193339102397,0.03286966100968703,57.08273678339618
496,62,n10,0.24592653609861184,0.024159913428028652,46.49560081104705
496,62,n11,0.2891244258238246,0.015682342819437624,41.24726686330135
496,62,n12,0.19733123973852834,0.018444255224836628,45.22604285351215
497,62,n00,0.7459062476294093,0.0824986810228001,107.90358327447339
497,62,n01,0.7310506414046395,0.08190105822370318,114.38491748371432
497,62,n02,0.6972027359620743,0.07772346967329515,104.97334385177543
497,62,n03,0.7734811828380158,0.09634047179328095,102.33815391430811
497,62,n04,0.640251851115453,0.06697820188690874,110.33854220503716
497,62,n05,0.7327822472492197,0.08102401736325546,110.11325619500246
497,62,n06,0.7310477778037754,0.06857832356808692,103.78890259889896
497,62,n07,0.7153851760181842,0.08849983089838671,114.70591828692446
497,62,n08,0.6902795146287685,0.07378648905359281,110.25149356627415
497,62,n09,0.7473291099238037,0.0973445230840009,107.81237340108514
497,62,n10,0.6637271323806929,0.09917813797610497,105.01967588850678
497,62,n11,0.7513160881370645,0.0892489589465539,114.49988110585754
497,62,n12,0.6628572742711113,0.07600310048032546,94.64953716876602
498,62,n00,0.3006174762752393,0.03289371985251697,43.586098739652684
498,62,n01,0.20265101283866122,0.04704174976800515,39.06918331857584
498,62,n02,0.2058086068398191,0.04206432385438541,58.17475210951393
498,62,n03,0.21011876006155414,0.032925930507342355,48.341794557178474
498,62,n04,0.2622753245073053,0.033110224982762254,47.92374340452275
498,62,n05,0.2987136113903059,0.016293596779241838,40.250158349263465
498,62,n06,0.27410568879847735,0.023618890112608613,60.17785021819116
498,62,n07,0.33892206687403265,0.04155066092274756,39.911987786796715
498,62,n08,0.33076200372799996,0.024764728265775613,50.359052229299095
498,62,n09,0.3067369093464438,0.031188166228017216,48.21148204060037
498,62,n10,0.23421263804688544,0.028783391842825398,35.615438246697764
498,62,n11,0.2441404205768809,0.013672557938547727,41.732490473582345
498,62,n12,0.31612735270259423,0.02194247206927221,41.38740368628703
499,62,n00,0.7926427361969081,0.09228097803658863,103.87566370295501
499,62,n01,0.7727763072027807,0.07565628270123614,108.36622995856482
499,62,n02,0.7109299679508337,0.07940987662964726,113.32716790507001
499,62,n03,0.6564508498658431,0.08881887006684136,117.85431561939589
499,62,n04,0.6659079675489237,0.0805277162920484,98.27636059573952
499,62,n05,0.7270251671133544,0.0876033557816159,104.20614859882944
499,62,n06,0.720790898617397,0.06491743339155562,118.99221005007186
499,62,n07,0.7288579846755591,0.07836274522789015,117.2334186946201
499,62,n08,0.6867870166954949,0.10178815981824854,118.18505343731384
499,62,n09,0.7851953047555288,0.0749009907834016,123.40415934482377
499,62,n10,0.7260317173194103,0.05347634078919592,114.53652168050662
499,62,n11,0.6898500334158872,0.10174219842717112,99.46285578457042
499,62,n12,0.7444027851396587,0.08630382175536583,114.78725035779017
500,62,n00,0.7527146051048619,0.04601175948153734,116.63428269037252
500,62,n01,0.7416718668785502,0.09529413995278037,110.31116283873288
500,62,n02,0.7450104999799656,0.0867136533286816,116.20902095373069
500,62,n03,0.7313728232746081,0.08332346387537251,91.65473743984455
500,62,n04,0.7320100243180484,0.07857849365885969,104.6082018418792
500,62,n05,0.7089594038317036,0.0752573332218596,120.80686833827477
500,62,n06,0.731437604387058,0.0941131366760281,107.93075343845464
500,62,n07,0.7869813153418491,0.08939575110006322,109.36207387084596
500,62,n08,0.7284302153890463,0.08431658270920472,105.48637262840329
500,62,n09,0.6652065721574595,0.07797862327951917,102.27843991242928
500,62,n10,0.6805374729774917,0.09075315627801697,119.85725844260911
500,62,n11,0.7268986544120354,0.0587457049017374,107.6541084376345
500,62,n12,0.7272818950054459,0.07894537160599968,120.22420272386384
501,62,n00,0.29136712823508343,0.019607350024690336,45.03331820951268
501,62,n01,0.25360926398720546,0.019114247200642955,44.66972179339013
501,62,n02,0.20587685332210698,0.003921023994062044,26.812432568165175
501,62,n03,0.23999853708421606,0.029678197031550477,49.57304095299469
501,62,n04,0.21723368335560816,0.02027681148660368,45.8840968739756
501,62,n05,0.2318789686018911,0.037294956655113926,47.26262688575967
501,62,n06,0.2475514904847499,0.020563502181204375,36.50754264452609
501,62,n07,0.23712669023124994,0.008172793780042403,52.52300001274835
501,62,n08,0.2974124436524622,0.026238065273476503,54.25366604309589
501,62,n09,0.25250457485058747,0.029829784479473705,63.86091391380259
501,62,n10,0.15697154410171021,0.04528315465241109,52.17883513671307
501,62,n11,0.20988929382740346,0.03447176374714639,30.346343815495203
501,62,n12,0.19559526041784744,0.015394103980879918,55.01619485494375
502,62,n00,0.7631241883536849,0.08971103377225188,114.61876684530043
502,62,n01,0.7582317780761989,0.08531326179620141,111.93063555632948
502,62,n02,0.7900232244237075,0.08468432748035101,119.67826637145139
502,62,n03,0.6532785985454833,0.07909440298699992,109.19541817433789
502,62,n04,0.6777879175296878,0.08849602728194,109.68737682900696
502,62,n05,0.732091601865823,0.07055488350789796,108.06491049630733
502,62,n06,0.7309088931643923,0.08235295143149388,107.99313643551143
502,62,n07,0.703283467161642,0.06716103475446449,112.01722877234505
502,62,n08,0.7371847616420184,0.050361941580824535,109.60301771542348
502,62,n09,0.7553674519586034,0.09370952627933005,105.45253846010117
502,62,n10,0.6173922350890012,0.07934723066403378,107.13909164883104
502,62,n11,0.6595997891362381,0.08531389944384805,93.98319369450671
502,62,n12,0.7704754533329946,0.07082128224548861,114.99120085098649
503,62,n00,0.7835220280041656,0.07416235832284722,123.76348238258366
503,62,n01,0.6826567079161098,0.07751773649017585,108.69602142592646
503,62,n02,0.7184747510794939,0.07755207827491589,112.45769030853417
503,62,n03,0.778553894833776,0.0542411042365263,102.5579011426505
503,62,n04,0.7215550070474993,0.07095320357977143,111.47262354754292
503,62,n05,0.7571622369154491,0.10639252994524895,111.24189774285492
503,62,n06,0.7894678271658208,0.0850847726468449,106.55557374854173
503,62,n07,0.702734748891997,0.08185201701974,108.6556759772026
503,62,n08,0.6800263173347111,0.07186588966061791,115.90309900545817
503,62,n09,0.6907136923338152,0.08713487695160012,109.45206849011211
503,62,n10,0.7488778945453166,0.07415109551040049,115.35577739802214
503,62,n11,0.7268958786736069,0.07539725093725558,103.5133575242608
503,62,n12,0.7081819829880155,0.06813971502289773,116.90976817477184
504,63,n00,0.22275072134183097,0.03216056332632115,46.44548640593355
504,63,n01,0.2691653431999107,0.03263282935520601,49.32124503603965
504,63,n02,0.21576371707778103,0.03531684748490867,32.93905512755579
504,63,n03,0.3010782692827876,0.025831995526977784,36.093124967982504
504,63,n04,0.2532710919222819,0.025710299587882172,41.55753622196278
504,63,n05,0.21383320712410084,0.04770277777039572,55.93660612525092
504,63,n06,0.2528464257914484,0.03347266527739209,29.67619986260339
504,63,n07,0.2279142113249762,0.021825352916585196,57.50557255421629
504,63,n08,0.22287785888266565,0.034334410337529084,45.85458226512498
504,63,n09,0.2784708491451426,0.045632047247451374,49.952254513848466
504,63,n10,0.2672501940736075,0.04846932682445766,37.67028380089357
504,63,n11,0.25774772334968743,0.006384748649705056,50.832324043471395
504,63,n12,0.21657750665010955,0.04008367645316173,45.07769830202842
504,63,n13,0.21286658288353727,0.023392428771277438,51.81410879515479
504,63,n14,0.24316152750146644,0.02621034101119132,44.05660453328158
504,63,n15,0.28474806919112994,0.035400886585086846,34.43332043618817
505,63,n00,0.646018476030013,0.09985607811504828,113.11857669411444
505,63,n01,0.7083435513779187,0.0781560223196227,119.11870548335182
505,63,n02,0.7571287483801123,0.08124850016533831,99.43815561959187
505,63,n03,0.6998847196901106,0.07564783363737616,108.53072937160445
505,63,n04,0.7954980112491602,0.07011324177541685,114.26196388814425
505,63,n05,0.7510366384124609,0.07634963512199179,97.84228072388649
505,63,n06,0.7331329111864525,0.09215154711899168,105.82506066734614
505,63,n07,0.7503590505937935,0.07771923592951116,103.9385572886946
505,63,n08,0.753112537063019,0.0724911602214921,109.48243844483991
505,63,n09,0.7158826605705396,0.07325423872302977,105.07994638757857
505,63,n10,0.6963628827978239,0.07595995931337338,118.20466166770838
505,63,n11,0.7054294506164834,0.09346126612375663,109.27783895957583
505,63,n12,0.6917570032487441,0.07774942131086916,113.73485825881522
505,63,n13,0.7182375800996569,0.06986160379336095,107.48795463981487
505,63,n14,0.6874772455909037,0.10508266776031401,111.53194356683704
505,63,n15,0.7461114610258711,0.07340295849888885,108.8856321401944
506,63,n00,0.20455000954130093,0.04329299767205509,37.14526586697096
506,63,n01,0.19742738843093735,0.02541694377476437,39.11457425045836
506,63,n02,0.2756865706622839,0.041089826406143296,57.28020833597523
506,63,n03,0.29933041603340155,0.03928395794282034,52.64229407973892
506,63,n04,0.19199116652206658,0.02960790315964085,39.56095576299648
506,63,n05,0.2312605069172638,0.04904077545496671,43.54973213532446
506,63,n06,0.363980720910472,0.034517628855637146,45.47254993257688
506,63,n07,0.3015155254636565,0.029129656575478263,55.23426497837261
506,63,n08,0.2510859173187572,0.02063636804451474,36.69900130370858
506,63,n09,0.3368607571756783,0.03735146007991616,51.215812009545864
506,63,n10,0.3020116801976136,0.022053931015942083,44.602102264315754
506,63,n11,0.28855164755899565,0.036090137223422566,29.638265815438672
506,63,n12,0.2786721452313847,0.015220096808376823,67.79094005643948
506,63,n13,0.289707180616763,0.03179542718802667,44.1984299925667
506,63,n14,0.24735497005829582,0.02547127542611483,51.41670068678276
506,63,n15,0.1972439942223996,0.025474933971344225,30.253155210674713
507,63,n00,0.3793585295512739,0.013969809434880548,37.6031800593082
507,63,n01,0.2416227226939402,0.0072907438055303635,27.455800493902913
507,63,n02,0.31798399812281325,0.048372848280270546,32.552661196894974
507,63,n03,0.228788920287576,0.03660256044624183,39.523784856470606
507,63,n04,0.14381620531381684,0.03562272274444875,49.90138248260848
507,63,n05,0.23457535082559625,0.034348365266383955,42.821097671613835
507,63,n06,0.2897325329354825,0.020507527422619284,48.71561017552882
507,63,n07,0.25343022403729976,0.022115193997513313,36.776991081182516
507,63,n08,0.2541538670210187,0.0213806477589559,49.00435756496674
507,63,n09,0.14413216625380715,0.03739232001654074,43.83169202612617
507,63,n10,0.24861591665504476,0.030177106368627804,48.84883958724089
507,63,n11,0.3493570850592537,0.038303667370008176,50.759135153823195
507,63,n12,0.26838169121387784,0.03876658402804009,30.96144380262018
507,63,n13,0.2855364898724552,0.03988727150688834,40.904610748711654
507,63,n14,0.2922370990189761,0.012114303747192506,46.694872559670536
507,63,n15,0.26095558381138334,0.021379963593931784,42.18883368594382
508,63,n00,0.1790213803686755,0.03597316088358493,44.76110452129395
508,63,n01,0.2500032640578102,0.018476311362392705,44.95596001395514
508,63,n02,0.25294764317702084,0.004060802441025264,46.089992826482295
508,63,n03,0.23160268903323536,0.035997251996636156,37.161052606735275
508,63,n04,0.23175318700626335,0.02639704829396952,40.693333723108395
508,63,n05,0.22034972147459717,0.02220840238342306,36.26372694238269
508,63,n06,0.25332552173565803,0.0278196962532826,53.8979220521432
508,63,n07,0.210961748759452,0.02931374044388535,32.96533928126914
508,63,n08,0.28451686226430295,0.02288754191709816,41.579747898706664
508,63,n09,0.20510595469230394,0.03080607086771397,39.07672182057174
508,63,n10,0.19293193737609896,0.03149554545733441,64.80842974035686
508,63,n11,0.16972787639475578,0.022058739539251894,61.279633168318696
508,63,n12,0.17470500593340516,0.03317154475610362,46.620026468302015
508,63,n13,0.25199089235852135,0.04465986500221706,43.78413184246966
508,63,n14,0.2207282474527375,0.014919038041927015,34.16472326970913
508,63,n15,0.25589551649948244,0.024776117716823663,38.92009976496878
509,63,n00,0.24867859302709885,0.0318174930586846,40.99388147061318
509,63,n01,0.22029214216159063,0.02768961222605289,37.88119657379489
509,63,n02,0.2930598983078112,0.044120228769967254,32.97803997737272
509,63,n03,0.2738619695915847,0.03164918821747394,39.02072412096171
509,63,n04,0.2256634774195248,0.016968694166665303,51.74482872433749
509,63,n05,0.2787399394921493,0.021751837246900392,44.01812547402661
509,63,n06,0.1714314458570237,0.04531865083919693,44.279549545643654
509,63,n07,0.2747079647302966,0.04272961821380253,61.29459961346816
509,63,n08,0.29404906206000964,0.025354138479198856,50.528872672174266
509,63,n09,0.25661661643139116,0.01034986726841166,49.53274062191288
509,63,n10,0.2886820044738233,0.04764750820341823,53.35150158416113
509,63,n11,0.22288925279247696,0.027852849752223793,55.528450763492145
509,63,n12,0.2506813019292819,0.033408752005082074,49.42497218073623
509,63,n13,0.2508365351352778,0.023904684312890265,62.78132439563669
509,63,n14,0.28374902926956813,0.04954467927162865,36.09083218976619
509,63,n15,0.3482162540368321,0.032395430341950665,34.69563961516344
510,63,n00,0.2568455127774369,0.038035069887314955,36.24694619168124
510,63,n01,0.216567364285395,0.040028834745392664,49.73468553662246
510,63,n02,0.21801481147495974,0.003358404283356386,38.02868996365981
510,63,n03,0.27306510092778213,0.030661512374814362,48.217099814107215
510,63,n04,0.2598262068213519,0.034060892019879344,43.10391136179303
510,63,n05,0.2554394773123298,0.0,52.07026332998426
510,63,n06,0.22499141719486093,0.025634124286534436,49.46783313614793
510,63,n07,0.2902553470953682,0.01335856012876276,36.62511748433079
510,63,n08,0.3192459761438865,0.02642981578940526,35.991604009560135
510,63,n09,0.20660756176188833,0.04461668989225851,35.59655348199007
510,63,n10,0.310164532612062,0.040570539164814796,41.18330420458651
510,63,n11,0.25391746340023574,0.02700443290153156,26.81585790212287
510,63,n12,0.2729091637933764,0.059320178608565824,38.001294527695904
510,63,n13,0.20472872568599904,0.03280315930291757,47.91649833196146
510,63,n14,0.23378435809122655,0.03371833474126326,61.690601853223285
510,63,n15,0.19723215001514977,0.03193255469479385,46.38989103479255
511,63,n00,0.6872312175482367,0.08837785460185964,104.44696448803217
511,63,n01,0.6854455129212845,0.1042710479973947,95.47781372836123
511,63,n02,0.7399320712765678,0.07141259848774445,117.18702018140141
511,63,n03,0.7657362530958814,0.08487764565711564,109.29164562470281
511,63,n04,0.753385526885957,0.08925417537065278,98.94614542255141
511,63,n05,0.665077449469364,0.09956871094630448,123.12913498312875
511,63,n06,0.7329444432461356,0.07392383136887204,113.42356655146642
511,63,n07,0.720104815577572,0.06661526283671915,108.72008141259028
511,63,n08,0.739047678141511,0.06994348340633585,97.85025879801898
511,63,n09,0.6522822052593764,0.08529163572301365,95.21005501702635
511,63,n10,0.7362009164047969,0.06707314214630346,100.7103845706508
511,63,n11,0.7799115058159519,0.09305026638778417,97.33820436298474
511,63,n12,0.6967363589191178,0.06856751055966197,112.98786901733102
511,63,n13,0.7079856171580576,0.08680995999661328,129.5040191185421
511,63,n14,0.7042038631562529,0.06684709121971957,112.06525715050337
511,63,n15,0.6600296950528614,0.06988808988078195,109.6767650046124
512,64,n00,0.20557224329706356,0.02563065308155421,42.679162532684515
512,64,n01,0.2309103245292299,0.028559396257805764,36.24851656860473
512,64,n02,0.2694309184436339,0.02091888459198344,59.231617406265926
512,64,n03,0.23779659294830138,0.03285416045509155,39.21947109880008
512,64,n04,0.16185718786519904,0.039727368139166566,37.371547176348855
512,64,n05,0.20874643699086604,0.03723341031497548,53.49845859423045
512,64,n06,0.2833330437705941,0.027338239807845402,49.2399916103067
512,64,n07,0.3115828104625616,0.04962662284121977,48.898739970751
512,64,n08,0.2654124389856676,0.041055115476318814,48.380166605185636
512,64,n09,0.27083934232455986,0.022758040604450334,48.71074205813697
512,64,n10,0.28069533870718333,0.04386138939673422,51.34151891421594
513,64,n00,0.2722705835912142,0.03414599787119767,44.099443469834405
513,64,n01,0.30537841325707393,0.03072435155015322,39.442447239568
513,64,n02,0.24227327509213728,0.03768729277891388,40.06370986340116
513,64,n03,0.3109237090380361,0.0131529510030127,39.6609055882588
513,64,n04,0.2476558776218475,0.03711864957155097,45.83503994705496
513,64,n05,0.21668781822720679,0.020648934537227884,44.83531778170559
513,64,n06,0.2084787987161555,0.03302175673229002,42.78616619050527
513,64,n07,0.26954806235821543,0.033785907109953446,54.63944935790319
513,64,n08,0.23379253370783082,0.011674391940203411,41.7661159069597
513,64,n09,0.25212490900159085,0.042375720518295676,48.38265677590823
513,64,n10,0.23751943691084215,0.01171121925268467,36.49896260767696
514,64,n00,0.2649722959752043,0.0423742982851974,41.9431212256814
514,64,n01,0.30633864898807733,0.03494897509491708,53.86977572873414
514,64,n02,0.2769829039012412,0.033759292248829786,32.93073424053113
514,64,n03,0.21489511238257103,0.02955678710857393,36.83744263731265
514,64,n04,0.1901579621828487,0.013731755632887102,44.35240895095496
514,64,n05,0.24403856541188282,0.023523090539285675,59.14208729970378
514,64,n06,0.2680532132502554,0.04498847119613181,41.76875680031784
514,64,n07,0.245235883318086,0.05100283703941396,51.3277280270848
514,64,n08,0.20965058527471767,0.011419453946727318,29.503178488720845
514,64,n09,0.30690016050866986,0.034143102203241134,46.16275284967445
514,64,n10,0.2196420017049401,0.03417471252648774,61.67537269661416
515,64,n00,0.7049312655893393,0.06173681066429888,111.79116591302903
515,64,n01,0.7369380474734074,0.06086246235070515,115.65809703120729
515,64,n02,0.7007545629634271,0.09100583186807697,109.79602735151953
515,64,n03,0.7397400717141018,0.07711261259488036,94.81019639817937
515,64,n04,0.7115717931421072,0.089468443713445,107.4934051468221
515,64,n05,0.6972225230011256,0.08599425104176378,94.99728164581975
515,64,n06,0.741674694623724,0.08494292243310159,101.31252745718463
515,64,n07,0.7503021041767771,0.08163313655792843,122.12488071364291
515,64,n08,0.6992147679305267,0.08321367229038136,113.60998749162442
515,64,n09,0.7740663605781737,0.058434488738050225,110.68280137115882
515,64,n10,0.7365248516912233,0.09506777706828293,105.04375448053239
516,64,n00,0.7155524705430457,0.09716524769124893,105.95826300894375
516,64,n01,0.7395062929828368,0.1024326788205141,106.8866287569437
516,64,n02,0.6005814751677888,0.09535763918217818,104.65837831543348
516,64,n03,0.7002245836846089,0.060542091412973044,106.81412793807569
516,64,n04,0.6844909637750682,0.06508361094658144,111.5117305848827
516,64,n05,0.8042334449034604,0.07898415868428622,97.35154939861089
516,64,n06,0.7932656641251769,0.06883794631759103,123.51133077702467
516,64,n07,0.7655850138559974,0.0854346858873931,118.38221874895373
516,64,n08,0.6774047094823168,0.07288103063900078,113.0910995304009
516,64,n09,0.8084061350925895,0.090609385249122,115.88939930385423
516,64,n10,0.7208432947523351,0.08081018106947142,103.79799686276003
517,64,n00,0.6929736602064567,0.09044150904402454,103.90773849034272
517,64,n01,0.6659330220092476,0.07455907471299046,105.4975995915767
517,64,n02,0.768982000508646,0.07629908944010477,107.371126596347
517,64,n03,0.7569234301952319,0.08950693269317245,124.20960395317093
517,64,n04,0.7276046569715835,0.10592628692151146,109.7643986713241
517,64,n05,0.6995939544306972,0.08995160937267173,116.20008620844285
517,64,n06,0.6890115459732044,0.07241228804587638,106.21939612604972
517,64,n07,0.7571233134399006,0.09792472390095291,108.2438567842752
517,64,n08,0.7018545351199844,0.06536206842371199,97.43327360786886
517,64,n09,0.6914472567683103,0.08245325842883501,106.42116255401862
517,64,n10,0.7317005676050303,0.07625325784744441,108.76138960127905
518,64,n00,0.7493404791769794,0.059221966173054044,104.62255193241324
518,64,n01,0.6788019012659938,0.05936028123471721,106.73080489285606
518,64,n02,0.7242077712611649,0.10311003339182703,115.07269481638797
518,64,n03,0.7005326554828423,0.07683197907030041,111.87117540938267
518,64,n04,0.6610899950453288,0.056954764026887976,126.38010549083626
518,64,n05,0.7795071528859844,0.09574769702423337,110.98162823956825
518,64,n06,0.7250680082941753,0.07599215021464013,111.97449856141033
518,64,n07,0.6564687441927634,0.07892394937825795,105.1611408621005
518,64,n08,0.6319088200324167,0.07567553865363688,107.89633822585505
518,64,n09,0.685149217868646,0.06314219057883992,108.01502562616169
518,64,n10,0.6494076697673771,0.08297468372465454,103.73430379307301
519,64,n00,0.6992236109910988,0.07428141243181186,104.01005836733316
519,64,n01,0.7733537897166922,0.07979001021018495,100.73250289764547
519,64,n02,0.7247325152817431,0.07167380490684024,113.18358127324655
519,64,n03,0.8048494589152506,0.10454469022793662,121.30215656815797
519,64,n04,0.7471398457331715,0.09378371049489653,115.93981746665366
519,64,n05,0.8291856825939001,0.07990507734765931,114.84244483442596
519,64,n06,0.6927380869400782,0.06111498270183319,114.90235564924527
519,64,n07,0.7952938403946581,0.08713326906906975,120.01556810566697
519,64,n08,0.7042354266887598,0.06905354588329274,89.33972762230971
519,64,n09,0.7466183516481757,0.10462147835889579,112.26021021079659
519,64,n10,0.686527970005756,0.04999023962602854,116.33029703271113
520,65,n00,0.8085336805116582,0.06693113541933049,116.61093244367197
520,65,n01,0.6688392058604398,0.09214683431613198,102.07591316809433
520,65,n02,0.7339730766947079,0.07424498095272612,107.30611946412111
520,65,n03,0.7257640629279264,0.09476317306959464,124.94450895509551
520,65,n04,0.6774880555041523,0.06551098621714087,107.28526451129933
520,65,n05,0.7237721800313016,0.06701089134489956,127.41528407086703
520,65,n06,0.6756196124719025,0.08569301775020821,119.30798338042021
520,65,n07,0.742518687098694,0.08870655076242667,95.54299208840192
520,65,n08,0.7586184935374567,0.10343559852895953,112.45712824327576
520,65,n09,0.7553412632848758,0.08339952592514796,117.72639990190747
521,65,n00,0.8127421994543897,0.07670541258989538,114.9227093990973
521,65,n01,0.690413041799115,0.08814661159905299,118.43493593893683
521,65,n02,0.6552088120403335,0.08571175262962348,120.4732411855089
521,65,n03,0.716088388035747,0.08541525170067017,120.66104157761393
521,65,n04,0.7129734885861851,0.09743154593655858,121.79243558296957
521,65,n05,0.67904514618711,0.07419588646881907,110.45705397511124
521,65,n06,0.6923636849035802,0.09302004302221074,99.70972973828059
521,65,n07,0.6923928871678056,0.08744469038795206,111.87546189386147
521,65,n08,0.7560525523856926,0.10075953292779016,97.02106295009881
521,65,n09,0.649045574473661,0.08834670102515742,116.8401633236375
522,65,n00,0.2401436325437594,0.036131297339942935,50.563812133613524
522,65,n01,0.2571791370914482,0.038600089408943467,32.31321288244964
522,65,n02,0.1985249560449671,0.02679419292225009,48.71613338075293
522,65,n03,0.2573600804772387,0.03181351377121507,47.56019900738909
522,65,n04,0.2082559269950517,0.01667934381421026,42.06354581832894
522,65,n05,0.21061340045078036,0.019341254797796456,54.141178313792985
522,65,n06,0.2688691543833532,0.04260839941551233,30.163014237606525
522,65,n07,0.26851901956060287,0.0258343437951727,43.24589139541031
522,65,n08,0.1502711207545353,0.03658559402074301,44.16530691970674
522,65,n09,0.2240288553461566,0.02734618005646925,49.676517276640205
523,65,n00,0.7460214522725761,0.08315167341117373,109.00714344588565
523,65,n01,0.7025252944701816,0.06518827433300367,121.90519064844254
523,65,n02,0.7209570932240171,0.07249768605686585,103.3558066011674
523,65,n03,0.7623718960650974,0.09827146384116603,111.42916246497782
523,65,n04,0.7321682758728921,0.08739994570181521,104.4750150872276
523,65,n05,0.7786642826574968,0.08567903586119632,97.59306110651346
523,65,n06,0.7097895528872314,0.08639786763677473,107.68872152021245
523,65,n07,0.7026818916105863,0.07859190129994262,104.03663267344
523,65,n08,0.7361769462316345,0.07273461777984079,105.38320661230787
523,65,n09,0.7106992345307506,0.08485988853927759,112.09920506971021
524,65,n00,0.73857247174931,0.08626235001112521,97.81081452035237
524,65,n01,0.7082663731831038,0.07109912283237123,101.08276055476173
524,65,n02,0.673641402720732,0.09374137767087005,112.09591846187276
524,65,n03,0.7975445824110013,0.0559048992554536,111.40115455080685
524,65,n04,0.7307839286687321,0.08932709829931233,98.39800775982268
524,65,n05,0.7654456112550942,0.05911795075987969,112.89117582105908
524,65,n06,0.7276673099281217,0.07360611734799888,112.35421087600643
524,65,n07,0.7695216103824658,0.08825700284502572,135.17479696280068
524,65,n08,0.7277860548806748,0.09846334846153741,114.55555573269692
524,65,n09,0.6716478414429176,0.08486284204679717,100.09076211047484
525,65,n00,0.6789719605583495,0.07366802226250826,118.2312612505843
525,65,n01,0.6410646488344495,0.09434273966656463,123.35769668043916
525,65,n02,0.7992798903493394,0.08845032502910419,93.2264140324616
525,65,n03,0.7058687941976969,0.06900626834682105,122.96828185179001
525,65,n04,0.6343966915294992,0.06844983439044469,105.81474560298093
525,65,n05,0.7751165805417553,0.0953329465732423,126.23982396706388
525,65,n06,0.6884018975239656,0.11299631928167447,115.65614167100938
525,65,n07,0.7032052665929815,0.0882321331131043,105.85063727483386
525,65,n08,0.6606006728100928,0.08377309938968261,118.13689484079039
525,65,n09,0.6873670197462911,0.0665656496390611,101.86041179975136
526,65,n00,0.24682746019461638,0.034161057044573555,47.5121693636674
526,65,n01,0.24001863147867938,0.021855246729022733,59.37055744233356
526,65,n02,0.22652408068684368,0.03783562571850849,49.39836620587638
526,65,n03,0.2697137965412988,0.03383919334035454,25.66540713669271
526,65,n04,0.24349858294004115,0.0332221975792881,56.38841217728144
526,65,n05,0.2551339157634247,0.015410255999870547,43.128733075783536
526,65,n06,0.28294064729274426,0.035835824540225394,52.93334896095016
526,65,n07,0.2589207862989769,0.0346439992251606,45.874599993411195
526,65,n08,0.23499821388562395,0.03190270936795804,38.65312660728543
526,65,n09,0.22716278511522572,0.03817977640625257,41.68767128799871
527,65,n00,0.7153459770589,0.09833914543073896,112.70707867698538
527,65,n01,0.7435121566409848,0.0707464789970723,101.31625438414949
527,65,n02,0.7275301141919756,0.08331692296311971,91.91280983469896
527,65,n03,0.6632142506344086,0.07852716396807961,88.56742441073634
527,65,n04,0.6881236590919962,0.059480062242630784,114.15404898324402
527,65,n05,0.7289364621360938,0.06558775175715056,114.02287727370792
527,65,n06,0.6866732577476709,0.07076982664339575,104.56578384004385
527,65,n07,0.6939557421589885,0.05771251094754558,118.66249136233324
527,65,n08,0.7735438992199858,0.0735581503904233,110.51613279562714
527,65,n09,0.7449960793872626,0.06631931851479758,106.62519423230079
528,66,n00,0.7320890669191129,0.0858571073331884,109.28906815456469
528,66,n01,0.635001735446588,0.09119396116671608,118.12500292463216
528,66,n02,0.6916666275181129,0.06254465363201209,119.28790540842064
528,66,n03,0.6878164947729719,0.04883089296780297,104.54983892908105
528,66,n04,0.6734966506891278,0.0813885733963544,131.97653908950798
528,66,n05,0.6867688219854671,0.08481973240596703,101.64786753647685
528,66,n06,0.8200652013145746,0.08016281679420524,106.33908963090543
528,66,n07,0.7217748697545396,0.07616480959844503,108.15737550469622
528,66,n08,0.6766500679708862,0.0853225821045808,111.40928067437109
528,66,n09,0.7209206044618452,0.09811662530591798,116.81755725554808
528,66,n10,0.7426744738751364,0.07749728167591839,111.5530604360717
528,66,n11,0.682413244083141,0.06812415154404254,98.67073556229377
529,66,n00,0.1802893765927325,0.04417254686942688,50.541583670205824
529,66,n01,0.20009302913201102,0.01256539808061526,43.26850337693658
529,66,n02,0.27601260948249373,0.03642607865495707,51.295201692014594
529,66,n03,0.26021818951839604,0.03509153560868726,50.41798977692759
529,66,n04,0.2966181985603686,0.021473898737396947,53.64769553887802
529,66,n05,0.23678377640746656,0.014030625493028196,52.54315833162206
529,66,n06,0.21327014364469826,0.024268011157573665,48.026048532945424
529,66,n07,0.2776100880868662,0.026685410011490003,48.489264698191455
529,66,n08,0.24758742331446987,0.02235961126238063,35.319868853642106
529,66,n09,0.3801041703551786,0.04293340335913351,42.986176896727216
529,66,n10,0.24272141131242414,0.021813789478950532,48.716702154437506
529,66,n11,0.3272529366042371,0.03983769275350742,45.77896628893278
530,66,n00,0.7203821339137153,0.08374777475522883,114.74808462669469
530,66,n01,0.6553642145377595,0.08139047866176587,86.39162378141943
530,66,n02,0.6828561427560484,0.06726180746975988,102.44938229891264
530,66,n03,0.7542897939561288,0.0704593449729112,127.53538669384852
530,66,n04,0.7048835019926375,0.07426650095458966,104.67856739285172
530,66,n05,0.7485211311224,0.05871697566763149,116.36370095037336
530,66,n06,0.6507670186912278,0.08416136025817124,105.77382774103336
530,66,n07,0.6678322854069884,0.08846481683583046,95.62649572505431
530,66,n08,0.7774254364610639,0.09076770208683818,109.91093253882309
530,66,n09,0.7903821426915382,0.06338110656272473,101.90528562307163
530,66,n10,0.6412988423529181,0.07212456120155827,105.11202832811266
530,66,n11,0.7404074014207335,0.07134565098384148,119.75823153725254
531,66,n00,0.27155849376334107,0.030246897397341408,36.2207285882194
531,66,n01,0.2021252957879845,0.02541572070290828,34.76110294806011
531,66,n02,0.21965102250802765,0.0395923665443256,42.074424209075985
531,66,n03,0.2286711565975962,0.02430962717743343,34.43150296047368
531,66,n04,0.2511896884483687,0.03500742423602837,40.016607196516645
531,66,n05,0.25374345508701845,0.022227311729855603,65.07753990475973
531,66,n06,0.21912746115168102,0.0366804151807007,38.114625044850754
531,66,n07,0.2853644257558261,0.03471307038729658,51.1406051366056
531,66,n08,0.35887614214547475,0.030831030256678306,61.26431242135843
531,66,n09,0.2531940104279451,0.011559220023029986,55.530143234237926
531,66,n10,0.2723163997426003,0.04690067541857289,44.13936099787835
531,66,n11,0.1950247760378964,0.03564116486209361,53.453887087698895
532,66,n00,0.22991420975334892,0.03317814800894356,30.057454089883294
532,66,n01,0.20695342522367513,0.028275981790824953,40.700309331772274
532,66,n02,0.2381862920041157,0.024916747650863012,49.69674775462624
532,66,n03,0.12795820344251987,0.005751987331594353,57.578053347391
532,66,n04,0.17378946068201867,0.027786375935157488,58.178005735759314
532,66,n05,0.25903002987600166,0.04312785552646811,39.49908838018003
532,66,n06,0.2394812601147788,0.03045252241181516,53.43188731323102
532,66,n07,0.19946777897099494,0.017070116838546513,43.46783755502025
532,66,n08,0.19526155052667307,0.01469542922431468,36.85696007620972
532,66,n09,0.27171238089058836,0.05406972772425704,41.30161522578085
532,66,n10,0.2705237177941184,0.01618453776892119,36.87858477207866
532,66,n11,0.29736273512048295,0.029956500429200054,35.0187383598833
533,66,n00,0.3631041140519218,0.02964430106507749,58.13593770819706
533,66,n01,0.23318748973848683,0.0329858322198635,39.19222332888952
533,66,n02,0.29591700317196745,0.01884652721642071,66.71228507401715
533,66,n03,0.18648374961862263,0.031729601026628,60.481461427436074
533,66,n04,0.26134286201541435,0.012055335625020272,36.85084399894589
533,66,n05,0.21268692036941553,0.01636790207395667,65.28496271031855
533,66,n06,0.29333246225474874,0.013200684307419379,41.01223702501973
533,66,n07,0.18610744191288553,0.048232272519277405,42.87048141089683
533,66,n08,0.24111410085206259,0.04228763134510255,36.39853175024827
533,66,n09,0.20355815433070296,0.029922243461642264,48.548155253538766
533,66,n10,0.31626824658717134,0.035956492932367204,42.41763442226477
533,66,n11,0.22866635568625204,0.018406261739446757,54.4944213099194
534,66,n00,0.18143961873508557,0.02750526219177598,36.63851673081011
534,66,n01,0.3532279032538828,0.03195308702505567,39.823570995388124
534,66,n02,0.17388731496893298,0.04038872213818717,39.52616044266014
534,66,n03,0.3104715626290531,0.03380150897087943,41.4354021663772
534,66,n04,0.24747039786594585,0.033791470537701665,46.18007580167273
534,66,n05,0.27189826859408484,0.03651601830011232,42.6840081892059
534,66,n06,0.2573414257372945,0.020726698950107036,42.05179140800797
534,66,n07,0.24460377043491996,0.01520192415848022,40.7058643970631
534,66,n08,0.16901264773875208,0.018856297773440993,43.955284879064855
534,66,n09,0.24352530814935525,0.042478351843798015,57.787176708624614
534,66,n10,0.2158106987553547,0.0,44.0968192255985
534,66,n11,0.15519886738763713,0.035008984257431104,43.38022420455485
535,66,n00,0.21415293200850083,0.02378504547327645,42.56098076786242
535,66,n01,0.18087991701983142,0.0,40.05248954388227
535,66,n02,0.2163853978623373,0.026227014090625677,48.9274664320304
535,66,n03,0.2361377647939568,0.03150839353460796,23.00051042223647
535,66,n04,0.26439967473850223,0.02691061147065378,47.33424828061731
535,66,n05,0.26700078711208813,0.019428125456595682,36.37671114665846
535,66,n06,0.25348115162378954,0.01780338784883611,47.605014631914145
535,66,n07,0.2729475030621502,0.023581882710030803,46.42729064210389
535,66,n08,0.23471815675873378,0.014822001480721611,46.391238662784986
535,66,n09,0.29959445460364786,0.05619526848192111,38.65991353628456
535,66,n10,0.22058565475781802,0.018787448574473974,52.17711841218343
535,66,n11,0.20868114343674338,0.028291613541415454,36.892840202672176
536,67,n00,0.7225077437036469,0.0911514889901142,107.3411771524279
536,67,n01,0.7057127532199943,0.08156672222186437,116.85166244695803
536,67,n02,0.7312206732618936,0.08103315089442661,99.62691146261105
536,67,n03,0.6600302352607549,0.08800065966584027,103.06852764321694
536,67,n04,0.7358879310073374,0.07773192504812121,123.05546339368786
536,67,n05,0.6251084958905749,0.07345762634425311,104.73237410559874
536,67,n06,0.6976260006300665,0.0786512896804702,92.52080948673975
536,67,n07,0.7306685800246837,0.08523457124696766,111.9651461323864
536,67,n08,0.685015946882086,0.06456496520982738,109.39445586964214
536,67,n09,0.8036886748142066,0.08765394310471528,117.82392862432111
537,67,n00,0.2237203763086636,0.04983037331359186,32.87394073913128
537,67,n01,0.31662754298413276,0.032701507655624504,56.425609409183906
537,67,n02,0.30730454014418573,0.025496053121341525,54.37191602739263
537,67,n03,0.2686786712733118,0.0455354393547522,43.621305511436105
537,67,n04,0.25221468346101356,0.03931124180929046,46.3271042955256
537,67,n05,0.20241799970438526,0.008784011676425632,48.62438194968899
537,67,n06,0.3033770230415562,0.0159658639648074,50.2927030902128
537,67,n07,0.29933178555262724,0.035080778690211555,54.80375921591575
537,67,n08,0.24124461592713836,0.0156308640746742,53.77535865826723
537,67,n09,0.2946249283758223,0.023167167943578575,59.80631268337492
538,67,n00,0.7784978534388126,0.07798678033672791,113.7276726879018
538,67,n01,0.7126459997429813,0.0775428372719329,103.24909343241534
538,67,n02,0.7504286353546443,0.07846214271823046,108.80106413590708
538,67,n03,0.6528328274834699,0.07100072109904734,100.16336118782115
538,67,n04,0.7742579134517189,0.08662859417642672,109.9299952131459
538,67,n05,0.7546891639915548,0.07167876541213761,115.24127656079484
538,67,n06,0.7459708174852016,0.0965048026310067,110.32769038040482
538,67,n07,0.6560391725425772,0.04857667653564181,104.88361408967421
538,67,n08,0.770636884529441,0.07079826112278959,115.51262343186022
538,67,n09,0.7105405630217589,0.07981728762161884,114.04294934030058
539,67,n00,0.7311642881695972,0.07782761350282237,106.15298833383652
539,67,n01,0.6875401088242162,0.0811986956265169,106.67540377682896
539,67,n02,0.7203261143286184,0.0925198659330779,103.93465689901777
539,67,n03,0.732831592470048,0.09172695431307108,101.73273343809359
539,67,n04,0.6939653386445909,0.07713123557014323,104.00908830021193
539,67,n05,0.7928794123746644,0.10755891768153311,104.50821021531794
539,67,n06,0.6248317407866585,0.07753796672250096,101.77740744561311
539,67,n07,0.8636099710456325,0.0730339735601281,119.43575550856096
539,67,n08,0.7157028442603338,0.0878795370949644,120.8602817947884
539,67,n09,0.7105883248182743,0.07396287639339162,110.50264537334107
540,67,n00,0.1718781807704915,0.04645140562228713,48.340353204350976
540,67,n01,0.24325623931831944,0.026547470203550264,57.12442049259247
540,67,n02,0.2261373799589524,0.04073316818122828,46.029967769502456
540,67,n03,0.2745216803442289,0.0448149612434592,36.95445720656707
540,67,n04,0.2687208392390459,0.04823762507037502,38.46524305296125
540,67,n05,0.23595758553420587,0.01811128349828042,38.35476054371129
540,67,n06,0.1264821934128651,0.033962382892594255,51.65534387283263
540,67,n07,0.2534519486719065,0.011130570754134574,54.45053397007336
540,67,n08,0.20734866388932852,0.03801826964241584,45.00809844826763
540,67,n09,0.24358710971531555,0.02074423227733558,50.16249823846564
541,67,n00,0.2695635981411816,0.039724507370228465,45.02717720163685
541,67,n01,0.26823859881487644,0.04997790908105723,32.01376974221339
541,67,n02,0.20024706016435276,0.04004688380962298,38.27559510692802
541,67,n03,0.2613384627627285,0.01839410581166637,37.044037025146096
541,67,n04,0.30772114873237083,0.03264730090126869,40.95034606642287
541,67,n05,0.229256277279215,0.015354521514464632,44.82680504824844
541,67,n06,0.22936418321927426,0.009886421563780123,60.73531817762029
541,67,n07,0.18728300451954866,0.01757905305865777,43.77928530361363
541,67,n08,0.29660095030915906,0.03864942177061802,45.550584429756995
541,67,n09,0.2778836447074149,0.06466967224586374,44.52373994255001
542,67,n00,0.2394361512199051,0.0472635726643294,39.5752748361987
542,67,n01,0.14988737697836851,0.024344430568494148,47.909357668203455
542,67,n02,0.1975658744920391,0.027884929600588994,48.45532894016945
542,67,n03,0.22445896745751523,0.025922813675039336,42.601260872703534
542,67,n04,0.20721779811614316,0.042667901514519935,26.435978766701506
542,67,n05,0.30809884427903966,0.01724287078533812,45.47212643612807
542,67,n06,0.2160238482491555,0.03679206173192154,34.31367101864583
542,67,n07,0.3693260129486979,0.03530752127135209,44.003724518934575
542,67,n08,0.2309732401128933,0.0442578262983396,46.58946415770605
542,67,n09,0.2668468667520951,0.036976160147977596,47.10951617829592
543,67,n00,0.29817047357706555,0.022233399145143065,52.34522492213221
543,67,n01,0.2996168264955116,0.026270417734577313,42.0309747601281
543,67,n02,0.21007557096959606,0.021463112693470905,48.45745921918041
543,67,n03,0.26462537131946895,0.022041549138013226,39.170244060372966
543,67,n04,0.16095618159236316,0.025651145656393093,44.11343624375899
543,67,n05,0.2625279678693569,0.032764950804430044,43.41437393548892
543,67,n06,0.28410326739135916,0.01985665845662752,47.18621216847736
543,67,n07,0.3420901718459157,0.01670028417386371,35.69930006458869
543,67,n08,0.27636926913844845,0.037490861061428654,39.118053535497836
543,67,n09,0.27385415804646696,0.05146136842038389,49.69506937878456
544,68,n00,0.20457120526638728,0.008769616104571422,64.0497452111989
544,68,n01,0.34710165813166993,0.03952038165284391,60.09490226450893
544,68,n02,0.36496343482474625,0.037159219063959054,44.923604486146765
544,68,n03,0.2595125442781193,0.031224788108892516,40.37346127798596
544,68,n04,0.2186180768944895,0.013119662142631196,53.641820612733646
544,68,n05,0.2098283479727195,0.012832558234245513,43.11783592871862
544,68,n06,0.3423941356336474,0.042759926993450784,47.03825529140678
544,68,n07,0.13350344996509605,0.04047553875331793,57.50396415959165
544,68,n08,0.28189905562067463,0.03498529041741014,38.42619281430401
544,68,n09,0.21850366857745135,0.01785070761107315,58.5058857412934
545,68,n00,0.2726775987803518,0.034041081674624635,50.545507824097605
545,68,n01,0.22555483529100678,0.039275741991901654,52.48481149654392
545,68,n02,0.33498016291530025,0.04708624090714105,51.56695907751905
545,68,n03,0.2491498447147494,0.008553725870533938,34.76211945377945
545,68,n04,0.21633834178840594,0.01778465248620048,48.46478623116006
545,68,n05,0.2725748544675109,0.041642819907093814,48.30459938473968
545,68,n06,0.2979923242779965,0.006890188154654267,45.04268257530203
545,68,n07,0.25127248114470324,0.046138138921052944,43.7361829887174
545,68,n08,0.31059792581567225,0.012591423569258457,43.72428514333197
545,68,n09,0.227329622431759,0.018052702586480313,52.67064582090161
546,68,n00,0.806231320750551,0.09657297606506088,120.78615955276675
546,68,n01,0.7414067775998681,0.06678816012736064,104.01377828945533
546,68,n02,0.74750080184768,0.07857487777511031,116.67491738824987
546,68,n03,0.7924476908096412,0.08518762886067517,112.8071619806234
546,68,n04,0.7499840855224987,0.08209339122379941,111.01827136906569
546,68,n05,0.7324746814258638,0.08390262554610084,117.2042149991278
546,68,n06,0.6834162980176854,0.07665475458469272,115.3173642366872
546,68,n07,0.7326210119461557,0.06065542595623194,105.45277710745279
546,68,n08,0.7098686254682547,0.0619298273084158,104.92376027568672
546,68,n09,0.7288353183159129,0.07859281103754666,94.04044110484935
547,68,n00,0.3326220522682013,0.012119362882234051,40.5775298103778
547,68,n01,0.21703603699949006,0.012270802804107021,51.150322561753065
547,68,n02,0.31647729735576274,0.03257536606216887,61.946737297331566
547,68,n03,0.2271063844350628,0.027076703809764416,57.01260427501711
547,68,n04,0.24531303631775447,0.038658979002771335,39.44680030570119
547,68,n05,0.29370332195667714,0.018800196162836666,49.532748929632675
547,68,n06,0.2072133447030393,0.03627309806384216,26.89912143531315
547,68,n07,0.25658342177383414,0.022518738399663892,55.81838609154022
547,68,n08,0.38319900278293995,0.021356244994230805,45.0861251287093
547,68,n09,0.24060491115144275,0.03602865177537924,40.99023475808434
548,68,n00,0.2224149695092813,0.029047925484375344,39.07740903355723
548,68,n01,0.2378249663563947,0.03086127442062156,41.513867095459716
548,68,n02,0.22338866253399725,0.033658403701085735,57.66665481335356
548,68,n03,0.2592077246000208,0.03524939049748657,45.74193072587095
548,68,n04,0.2966541638978164,0.029797852897707255,41.593702999896614
548,68,n05,0.2703666765401287,0.02984870302687051,34.366537883791125
548,68,n06,0.21481597295768853,0.03798410926435024,45.221567423398334
548,68,n07,0.2621923354888585,0.0341594588438576,57.00814689640008
548,68,n08,0.28038436633262037,0.027663480899574697,40.985381210975966
548,68,n09,0.2825214227513296,0.034528872857586206,36.22933069708681
549,68,n00,0.6680534945645721,0.08421872102176045,113.16222576895558
549,68,n01,0.7199535976125407,0.0975078481198488,112.11181246890487
549,68,n02,0.7170402383378665,0.0861607916542023,113.94790822819577
549,68,n03,0.7792388827908832,0.06175771900697839,112.92745632893643
549,68,n04,0.8040547093588081,0.07040571160279854,117.89822586576811
549,68,n05,0.7408725961504957,0.07207263047127617,104.92374304841776
549,68,n06,0.7160707209700866,0.07861870256968886,120.12486070257692
549,68,n07,0.7321228727522993,0.09001295630898447,116.55194472845193
549,68,n08,0.7164382498530905,0.06701768009485896,114.65024283980625
549,68,n09,0.7407680176462711,0.09137494958661341,104.23471900927484
550,68,n00,0.25858519463954993,0.024649967859913115,36.86113673814569
550,68,n01,0.30011120748770176,0.025071140470164507,23.644514950235504
550,68,n02,0.28034048530841504,0.017890737896721978,38.59565105661507
550,68,n03,0.19774037469797362,0.012657950754747252,46.6273965624595
550,68,n04,0.2512361523565469,0.036338599804165324,39.03026775352882
550,68,n05,0.20288879204658586,0.018374169871811938,50.74955281249538
550,68,n06,0.29692714810781284,0.028107644659296705,47.41294724980788
550,68,n07,0.26322053341506213,0.046808597482900186,42.51399635355362
550,68,n08,0.20604911605356876,0.03239376104428006,39.94881473512913
550,68,n09,0.23308813881028478,0.030462373381308288,55.46294701991195
551,68,n00,0.30836811314497536,0.042068978760328085,45.60199625435075
551,68,n01,0.26995181836326587,0.024522648674072757,54.56904972301262
551,68,n02,0.26485633389745683,0.029235578528871705,52.52801426764173
551,68,n03,0.31161405328951314,0.0441339648275908,33.72138213337387
551,68,n04,0.20570046104155143,0.010983875317080213,42.44951931676938
551,68,n05,0.2539760791410923,0.03189610165131358,52.6307819796928
551,68,n06,0.30756267924573794,0.011968214355585174,31.202991268005228
551,68,n07,0.22170643846187557,0.03894856041150668,42.07947867668549
551,68,n08,0.23472162574041358,0.03637344167544028,49.48790859086986
551,68,n09,0.29541951903504926,0.035702379311486065,40.75462550432596
552,69,n00,0.23225975770847238,0.022328079051059452,39.52137012535078
552,69,n01,0.20075024613912898,0.023061605148496724,44.50549181557522
552,69,n02,0.2782181513858618,0.044200550131563515,34.468430381401255
552,69,n03,0.15130394477298187,0.03264194973953792,51.4417516412614
552,69,n04,0.2802080021420576,0.028727729554099003,41.56221000379111
552,69,n05,0.19251928057425297,0.032519206882789364,37.98179774877953
552,69,n06,0.3064532968387866,0.01867781845806981,38.0219600248164
552,69,n07,0.20995273254596608,0.03487511316032555,44.126434812758355
552,69,n08,0.3376261664321552,0.02231955222681293,48.09538589774511
552,69,n09,0.2991901829097384,0.03855301702391829,51.4822939081259
552,69,n10,0.23621766114513582,0.023289609559330203,35.79468902997103
552,69,n11,0.1454730076049353,0.01478111747651331,45.00541779235944
552,69,n12,0.2999300794534595,0.04458693768650321,45.40287688204878
552,69,n13,0.2522628819799825,0.06746565843291086,51.90877806984808
552,69,n14,0.2698256015847583,0.014903983891336264,51.4944346782767
552,69,n15,0.24091650697783845,0.029573260854537688,34.194837817189836
552,69,n16,0.2418000197484406,0.026909957172020313,49.616259779405624
553,69,n00,0.7714973706421773,0.09007935024599567,106.66639361374732
553,69,n01,0.6839974870365252,0.08783130786064583,108.87154630229384
553,69,n02,0.7380169383064015,0.1027755886691147,104.32536701646875
553,69,n03,0.6622067802606828,0.08807050553514839,111.06570609668675
553,69,n04,0.729319285991062,0.08368209877952949,108.47261676557906
553,69,n05,0.7382290191862666,0.08004209780335428,100.21267349931121
553,69,n06,0.789073144201981,0.07821337232496017,106.30622383941682
553,69,n07,0.7155967814554767,0.08450866029857437,115.04546221297618
553,69,n08,0.6616991004456131,0.05005292540037444,112.61564907835553
553,69,n09,0.7243349612233304,0.08101087336607224,108.8942356138891
553,69,n10,0.6655521974282075,0.078070139706315,112.0945676284392
553,69,n11,0.701151623010843,0.07144691931524394,105.40694108101997
553,69,n12,0.7443560776828775,0.10586727797865017,117.90192354441423
553,69,n13,0.6863026148004084,0.056589634038407735,122.08085271566837
553,69,n14,0.7752690218584017,0.08975832481651853,110.75360368681237
553,69,n15,0.744415851868085,0.05824581045344823,106.60272575207581
553,69,n16,0.7401181045607669,0.08235823673909973,110.22037893207403
554,69,n00,0.7246515471294401,0.0759177131509752,107.86256095999256
554,69,n01,0.7228596276489673,0.09508907180216836,121.25705565489287
554,69,n02,0.7885774187783318,0.07436311693137464,109.69842494867635
554,69,n03,0.7830439787410397,0.06714019773023644,107.26632518498273
554,69,n04,0.7198860283805816,0.07808031939504112,104.28238687162562
554,69,n05,0.6730595611495708,0.07974202998054905,126.14989400073134
554,69,n06,0.7200470579827782,0.09561152304986135,119.8651918900051
554,69,n07,0.7284925984764857,0.061775937540910486,115.24535088215005
554,69,n08,0.7510062846609366,0.10583708995869835,99.94055123711641
554,69,n09,0.704615259651877,0.07984228241877082,106.03077266596524
554,69,n10,0.7610992576302804,0.08451214180300812,107.57674388180313
554,69,n11,0.7128012922816853,0.09015372393644153,93.2091437164643
554,69,n12,0.7093898668873418,0.08747854003418676,97.54540223401352
554,69,n13,0.6773178069497473,0.06789931897508517,100.68770607875688
554,69,n14,0.6682112652247715,0.058623213137051766,105.38830891484682
554,69,n15,0.6754317355399345,0.08144739445806948,109.19369421319715
554,69,n16,0.757293193847874,0.09334805813087585,101.95267850787825
555,69,n00,0.7286615409246116,0.08687472931744988,112.5293927521864
555,69,n01,0.687150509872255,0.0838057355270056,127.71587443028176
555,69,n02,0.6945416857553257,0.07583588162207096,103.88832071432115
555,69,n03,0.7389191563426967,0.07637521605652092,129.33392238756588
555,69,n04,0.7472682479811779,0.08177699139106089,104.84407023188027
555,69,n05,0.7870245944003343,0.08771134727413983,97.16099850540016
555,69,n06,0.7587401283883126,0.059841686460778115,110.41202824452084
555,69,n07,0.6866226304770637,0.07505516155232099,115.05678740094062
555,69,n08,0.6726795815283257,0.08757023898116463,103.93948827178566
555,69,n09,0.776235780062735,0.05608192653856321,110.26828904062164
555,69,n10,0.777438600541781,0.06828275389499361,96.27552969951867
555,69,n11,0.6982644566129302,0.0728324483445515,111.34252619021474
555,69,n12,0.7043391477798396,0.09963629691474199,96.48660214998205
555,69,n13,0.6500527443663626,0.05348223108984298,101.11629433603754
555,69,n14,0.8001837358017845,0.08359446603111315,110.67416391317035
555,69,n15,0.743516661577839,0.0674905704617443,106.36904074182141
555,69,n16,0.7336011341280481,0.0822075578882356,98.1054396572161
556,69,n00,0.2525529468538458,0.03501020605164652,55.25842175244411
556,69,n01,0.2495415245086708,0.00791948920941601,39.15947772061918
556,69,n02,0.2748728587425387,0.033284924360119164,39.780762918643
556,69,n03,0.26464764220731923,0.03410483276380176,46.393199488961024
556,69,n04,0.28997437618957733,0.030177315539865725,36.446093434198346
556,69,n05,0.16869640508747202,0.02509170683533776,52.559565171802575
556,69,n06,0.2661760144615281,0.02078647464842997,45.56001429663781
556,69,n07,0.22146215696042312,0.04716750218141931,45.752118413980654
556,69,n08,0.25928297338271916,0.03695790463475264,47.444160244584026
556,69,n09,0.170097101047454,0.039620761732410734,47.45994212256747
556,69,n10,0.20537398463313578,0.01193331805880309,50.2063716281913
556,69,n11,0.23568337298585443,0.0403439047200175,30.586407330390976
556,69,n12,0.2633617438682253,0.03759233261816219,31.789430148919045
556,69,n13,0.2905779529490506,0.019413527724033694,45.28969660435396
556,69,n14,0.1868446527814771,0.02415551831507763,39.80761119132841
556,69,n15,0.22335735686558567,0.01487170711991883,48.609072061880504
556,69,n16,0.19513848914541237,0.021479601589615288,57.47226606800653
557,69,n00,0.2730172935365394,0.03693997473629321,55.78718774959807
557,69,n01,0.2263143075623272,0.04096103491415323,52.64896426485633
557,69,n02,0.23967653756215276,0.037949603953596346,37.83640347987697
557,69,n03,0.36683067089278387,0.03674384780513404,56.503492639766776
557,69,n04,0.18669045264950618,0.02471731363503983,43.18805377921971
557,69,n05,0.30749990101670166,0.0101459720099434,27.646741081837625
557,69,n06,0.24016115456086654,0.04188983637127518,48.89370963651125
557,69,n07,0.24996641107030212,0.021143547000174748,48.728919944926304
557,69,n08,0.27912078619017083,0.02245153492966448,33.6887387882563
557,69,n09,0.2154795036997748,0.03779433003198395,46.00052808591904
557,69,n10,0.32659995563408994,0.024624698160606272,41.473089223086795
557,69,n11,0.2648589157630691,0.021657580558760277,40.84695355974572
557,69,n12,0.2556578402014455,0.0205829094874422,40.157264712135756
557,69,n13,0.28818475864940085,0.04145300552715987,34.31714800897262
557,69,n14,0.22097919155357817,0.026436588001646583,56.35020962263947
557,69,n15,0.253481797861075,0.009588118339482171,53.5942503119486
557,69,n16,0.1445567990046394,0.040313237559657246,39.73727262200503
558,69,n00,0.2606921152569071,0.039859586049036756,40.38006333880247
558,69,n01,0.25576243570155544,0.041928600528915214,40.56552017054629
558,69,n02,0.2788657085021759,0.03454861383158654,45.806285352029775
558,69,n03,0.20553430249186933,0.004345712150295198,39.391631613728826
558,69,n04,0.22875067749272845,0.016817876825400008,39.40176462310173
558,69,n05,0.22254732188434648,0.03179731174364434,54.74535741251675
558,69,n06,0.3196196750266674,0.038021520122868045,47.77687164442518
558,69,n07,0.26802962673371655,0.021939538091788363,52.5959501211586
558,69,n08,0.17852133692932945,0.020567013590980995,39.2895404142711
558,69,n09,0.19828365813653337,0.027728912607810158,40.99378729695315
558,69,n10,0.2338372203625492,0.04498650992351463,46.71801473362425
558,69,n11,0.2911618713485361,0.043495964185718224,56.71734974836652
558,69,n12,0.31438665685695993,0.025611752282818687,40.50988300633121
558,69,n13,0.22244887888358758,0.03227294295176785,51.22683945160537
558,69,n14,0.2967723878017566,0.02778774073322512,39.18119678861666
558,69,n15,0.22373134586327556,0.025585317317709865,54.41205940745031
558,69,n16,0.3502544208498687,0.029492708295970428,55.64733872215675
559,69,n00,0.27732177130964597,0.03057127477232486,28.705132637676073
559,69,n01,0.17574734281918133,0.031183517762795727,35.92908354930785
559,69,n02,0.2935094667127531,0.03251846343850862,49.74183306508698
559,69,n03,0.2343729823010081,0.04315181983965512,32.36668946603423
559,69,n04,0.21354916684779823,0.04162186081450679,52.22593749297822
559,69,n05,0.3108412802118957,0.02832056724038599,43.32936600211989
559,69,n06,0.2722823712166433,0.03305446983577101,60.565846619375634
559,69,n07,0.22434102512486215,0.029951023150842016,42.99483019380145
559,69,n08,0.25171704541747775,0.029635336759898216,48.036874340903644
559,69,n09,0.2927823660064448,0.03216847451914162,39.12003060280789
559,69,n10,0.3250215711781416,0.046350834402146115,59.44404721133777
559,69,n11,0.169134468164737,0.023700125839412417,38.334316754976726
559,69,n12,0.265679702059594,0.04506025178640374,38.88996107602926
559,69,n13,0.33135371880858366,0.023776835489464267,38.68317595320275
559,69,n14,0.2452416620928483,0.04693163385348091,33.33164058391785
559,69,n15,0.23616690441627722,0.03441984088382597,51.63739583119341
559,69,n16,0.2133895831782256,0.030962740070615155,49.81488405638395
560,70,n00,0.1768761073495676,0.03505062708906526,39.50876259721927
560,70,n01,0.08702594329713051,0.028256654202414605,34.336051103149344
560,70,n02,0.23337665468772625,0.024089521692940603,45.25628067346779
560,70,n03,0.24527962883725588,0.026555053226995674,42.046976505187345
560,70,n04,0.2281294252841091,0.03584918157334457,52.880713220087344
560,70,n05,0.27629999499097047,0.03431823471222708,50.53953810472889
560,70,n06,0.2710950571119113,0.038312287581549045,38.955295792896024
560,70,n07,0.15238193846992987,0.03293780664673669,65.04308883715363
560,70,n08,0.2622327432765511,0.038432941797830404,54.474284802377674
560,70,n09,0.260233262610255,0.04441504841517111,53.764899760810714
560,70,n10,0.22845974735128027,0.03482886958081325,39.63236901658674
560,70,n11,0.24770169103802295,0.0627020309501665,47.45216240890778
560,70,n12,0.28358132476583,0.018361396331256892,39.383769539462904
560,70,n13,0.2514702277217374,0.03155640375225036,46.5468021815363
561,70,n00,0.35766188474248367,0.01682592418377883,49.3518842421518
561,70,n01,0.2318562797148934,0.0344046576793886,39.57044066633255
561,70,n02,0.24384422884533583,0.02154837247029922,48.81385137510657
561,70,n03,0.28058785518707363,0.03400042550455453,42.821807438702145
561,70,n04,0.26934681688274714,0.05311328904857557,51.629347247873746
561,70,n05,0.2274631948918829,0.03128100498044977,45.206955304332055
561,70,n06,0.3163334234685903,0.0318050180858542,46.43339751628211
561,70,n07,0.24934136772530346,0.03246565677151272,53.13584932245189
561,70,n08,0.24979586209465773,0.011959568863269304,53.66435402610141
561,70,n09,0.31324521461990795,0.021248223137840243,42.39112382452001
561,70,n10,0.2502996039405803,0.03683502852841062,42.375003675117995
561,70,n11,0.21012298368338872,0.014801194114401561,50.452900814472116
561,70,n12,0.22159831245165898,0.04660659171086957,46.42177802910141
561,70,n13,0.23910208474176056,0.03900896914462453,50.24478851853385
562,70,n00,0.7006788029978362,0.0810967036241289,103.24583090405058
562,70,n01,0.6667916276115844,0.08047041399476561,113.79239894607477
562,70,n02,0.6298834450180674,0.06793542364196799,115.29979523927099
562,70,n03,0.7408302990121233,0.06005370900801528,111.78362883394891
562,70,n04,0.698422991165477,0.06667184775536561,108.04395484421829
562,70,n05,0.6687350706622621,0.08694866199072492,111.06664741226233
562,70,n06,0.7338042921939072,0.0688750084101529,124.4287655525967
562,70,n07,0.6976613387470301,0.06368143998707182,98.30099401470233
562,70,n08,0.7789284742712229,0.06596843810835933,124.25550724251318
562,70,n09,0.7526935724177308,0.07182637186128209,108.55316051074446
562,70,n10,0.7037075078697509,0.05825834949108605,104.88099802334368
562,70,n11,0.6734859813808697,0.07634742343773937,116.42800570444642
562,70,n12,0.7920462315189054,0.07388858704961765,99.37877319760845
562,70,n13,0.8444519135175063,0.07306696414545427,105.8007818826584
563,70,n00,0.11174196609267015,0.044913401967669596,47.83759862591971
563,70,n01,0.24012825934504373,0.017285326728429577,34.574300344194945
563,70,n02,0.32281735599015254,0.04238534645288782,32.5980136455648
563,70,n03,0.24881553344630622,0.019656685100997315,48.921582676631495
563,70,n04,0.20947168860373816,0.021340762746528522,40.91626926462222
563,70,n05,0.17440645102465555,0.015258907368315835,43.22923821612589
563,70,n06,0.2142681063720023,0.007314383469680032,22.17327633233017
563,70,n07,0.22416266757987255,0.030805736106446022,46.478566517879415
563,70,n08,0.2609131584314518,0.014610956401243396,50.481625459438995
563,70,n09,0.24489296026261023,0.02792535082922804,66.09201582831194
563,70,n10,0.2528644905713051,0.031726361375857264,32.927388927021056
563,70,n11,0.30674226413780936,0.027338072736970132,39.807301332345574
563,70,n12,0.3217351261167319,0.03518291077660397,31.25999939508183
563,70,n13,0.34588061091003364,0.027366606970993926,56.3819090788262
564,70,n00,0.7198965708356738,0.07459222506245373,100.9956414695867
564,70,n01,0.6748687756741907,0.07616446160530428,133.26484314736135
564,70,n02,0.7582657574038113,0.060429478362366715,109.92326114843709
564,70,n03,0.6692175744845724,0.06979647999170584,114.92572061561641
564,70,n04,0.78397937261883,0.07735095341132193,112.45392842574539
564,70,n05,0.7503000173052851,0.08495569016260647,110.42163991750131
564,70,n06,0.6689846902235635,0.10661755621804592,115.5125566057223
564,70,n07,0.7698685050524158,0.08352979851384722,111.43099007437132
564,70,n08,0.6831058942032706,0.06541863172768524,98.18603289751772
564,70,n09,0.7458218963419889,0.06234577900418342,119.36677179936481
564,70,n10,0.7222452376029508,0.1003607419714476,119.53852163512896
564,70,n11,0.7709544792603406,0.08459261671216903,101.55952961167544
564,70,n12,0.6898865363005211,0.09408082354062611,118.76560233786068
564,70,n13,0.74428498380583,0.06881310084131843,111.68265816009108
565,70,n00,0.24207875367667694,0.02369915978335523,48.06853582559756
565,70,n01,0.2874926251597391,0.033709284969335715,51.102463730583594
565,70,n02,0.3246200981607307,0.033549317066156256,40.397956370749
565,70,n03,0.2321301170280693,0.03729646509469149,42.106988175272996
565,70,n04,0.19218734321316472,0.05567895236301902,49.325379650857194
565,70,n05,0.31762380740823604,0.03660474971618335,48.3111706829365
565,70,n06,0.21147665710622288,0.03448019440588946,61.24105839000181
565,70,n07,0.2909879212424683,0.03465269793215749,47.16112181878711
565,70,n08,0.2250750191099657,0.04008602305453644,29.749936488441477
565,70,n09,0.24803016234661718,0.030747760627915285,29.141929582294516
565,70,n10,0.25556625346262846,0.030508451012519564,41.52601313067669
565,70,n11,0.2815720869087315,0.004703711567920012,52.634879925352465
565,70,n12,0.2515146333178708,0.011330206200761698,38.45710165427993
565,70,n13,0.24105676645527638,0.017446558762569522,50.12200988212537
566,70,n00,0.7761576451274378,0.09609277483867516,97.13061345119593
566,70,n01,0.7339259426308692,0.07463015771731951,116.44278626809414
566,70,n02,0.811516199243027,0.07222803374289773,116.45774950128983
566,70,n03,0.7632140293930703,0.06290691738213697,104.12434757224666
566,70,n04,0.8061830936429043,0.07448857154251325,107.27959644227768
566,70,n05,0.7300496926159115,0.06481661287145286,105.85828777659461
566,70,n06,0.7296220864740914,0.09932677492572359,106.31288101228526
566,70,n07,0.6790446721730016,0.07723758624048778,105.1250026665911
566,70,n08,0.7540858407199923,0.07234498966069286,115.53585566185569
566,70,n09,0.7038649905691668,0.07000472689524391,103.91427331492886
566,70,n10,0.7366159346327925,0.10812070731120693,100.2949115756614
566,70,n11,0.7871692719488363,0.09797692195441081,112.91898161783742
566,70,n12,0.6946047836890181,0.08821302470848752,113.7725629997437
566,70,n13,0.7074059498137973,0.06151574822669559,107.38613942306051
567,70,n00,0.6746073113184058,0.07947078948941226,110.02239909275795
567,70,n01,0.6065933907312065,0.07372755609117343,105.88996794012489
567,70,n02,0.7686802614524891,0.07373201329265755,108.43856002824876
567,70,n03,0.7841958350598547,0.0697883468053154,113.0563103991559
567,70,n04,0.807386216958773,0.09636189462859006,103.05177805311622
567,70,n05,0.6866426969816157,0.07648039048849929,96.75378460668591
567,70,n06,0.7293019675582806,0.08706921261068742,107.19121584183526
567,70,n07,0.7024532345577127,0.10199677246453613,111.83892400772204
567,70,n08,0.6412360095143369,0.08308682016420114,111.20786091629859
567,70,n09,0.731611205614076,0.08555712199719745,119.96527238712024
567,70,n10,0.6977614326511619,0.06425882006897507,112.0324951374569
567,70,n11,0.6599253843407505,0.06266680257861701,95.32596747889144
567,70,n12,0.7125552238743682,0.08967417870287703,106.11185682988828
567,70,n13,0.7138270814790757,0.10713052923604478,121.3314983676497
568,71,n00,0.7584865394349778,0.08573564247737805,101.95526355880908
568,71,n01,0.7442114043539415,0.0696438519175903,113.31035603250288
568,71,n02,0.6787919342203463,0.07255004690334943,113.87459360113566
568,71,n03,0.6817437333786539,0.08829253341653531,125.52851194493284
568,71,n04,0.7642486738146621,0.07887104904816385,114.5106947718753
568,71,n05,0.6544575453904674,0.06534802470268347,107.54564835814446
568,71,n06,0.7107749940675282,0.07346550739044126,108.17714123957985
568,71,n07,0.6555454487935988,0.06703394065245497,122.64587495435708
568,71,n08,0.7741624398344733,0.06909063851516542,122.58751986671658
568,71,n09,0.7364439311691744,0.05311579530738193,118.4823445367872
568,71,n10,0.7482531155496321,0.09555336337053055,122.06710859043537
568,71,n11,0.7261424941046419,0.07742354580657845,103.16296976961807
568,71,n12,0.679446478720231,0.0753688678863133,104.15333125604221
568,71,n13,0.7664084272736305,0.08023637505500027,101.83361067291501
569,71,n00,0.7227087573497025,0.07709462716610413,120.34169941049403
569,71,n01,0.707811576338458,0.09160786870483892,104.0554877279835
569,71,n02,0.7058483800058397,0.07450002200670995,108.65268212214109
569,71,n03,0.72786177972617,0.1068277256606921,111.13740275593373
569,71,n04,0.6677100828258501,0.09790062019720877,121.53666427688054
569,71,n05,0.7334857221342754,0.07671105614063482,109.74494464761757
569,71,n06,0.6900376370765703,0.07880750430809053,106.20158123140085
569,71,n07,0.6517346711495643,0.06361050235537127,124.34642455606817
569,71,n08,0.7166152837289576,0.0730482707203726,110.5009441640434
569,71,n09,0.713771810252848,0.07869470906569445,100.11239073115827
569,71,n10,0.6974735849116704,0.08991903635283387,119.80311791022326
569,71,n11,0.7856459786664723,0.08946593722153666,107.6552278968903
569,71,n12,0.7505842838083798,0.08132422877866816,103.05192833144321
569,71,n13,0.6892471050010671,0.07093090064748664,105.22289061575057
570,71,n00,0.24068728240587914,0.030599538276090646,54.79107117308783
570,71,n01,0.2926488470551972,0.028817096458284695,61.66622838976752
570,71,n02,0.18338439305010898,0.017926082031987853,47.67361679356756
570,71,n03,0.2608906538689616,0.03972641192618448,31.829011834493972
570,71,n04,0.3126519430878212,0.03902126213423583,54.47016607219923
570,71,n05,0.23539598406007417,0.04457988642945472,37.72117044822056
570,71,n06,0.16891827269731025,0.032310466213718005,46.78483048012456
570,71,n07,0.28954189844364686,0.029808474980440584,50.13452490548491
570,71,n08,0.24788839204110846,0.048387163761752866,46.445876345650014
570,71,n09,0.25328076382744025,0.04650454692388917,46.62981035340659
570,71,n10,0.1953727734682004,0.030905437565646156,52.83765278931455
570,71,n11,0.20462317045087952,0.014897441430731262,54.05019035354394
570,71,n12,0.2774665176709208,0.038926767640924786,46.52065667579105
570,71,n13,0.2384592565788448,0.015328916704742089,38.65032433062462
571,71,n00,0.31578000566013265,0.04581437723618232,50.37521339036716
571,71,n01,0.24621638989182967,0.0356850234105875,44.08667839642137
571,71,n02,0.2828566431987095,0.005806407937021696,43.59412969736441
571,71,n03,0.29854538800393926,0.021318276761348454,32.27563643819289
571,71,n04,0.21926998428241784,0.008968758861484665,36.29787378001062
571,71,n05,0.15562874091135223,0.02368122936626195,51.78459012198188
571,71,n06,0.22990078227453117,0.01776082344861067,43.10974039716133
571,71,n07,0.3214700367740606,0.036054682842916595,50.30418609470026
571,71,n08,0.22137492144619927,0.02135462433310216,51.58526428456837
571,71,n09,0.2520071002394126,0.03380080524668959,50.10369160264493
571,71,n10,0.31487508593389424,0.010857229859293365,58.65477187199828
571,71,n11,0.2450179228527862,0.02839131952684735,44.311784541293406
571,71,n12,0.22590333586088332,0.011307050381217518,40.13395373437925
571,71,n13,0.26418611891568966,0.050272093362774134,44.909119845911704
572,71,n00,0.735104865873422,0.08890383497613726,107.28737869868466
572,71,n01,0.7171301990738524,0.07228119352061299,105.82170289839071
572,71,n02,0.6497111953921424,0.06915477111286775,118.49695353798792
572,71,n03,0.6176770167782081,0.08963962772304516,117.74914555175826
572,71,n04,0.7734452658627619,0.08005336268871771,116.24653576974222
572,71,n05,0.7275534172450944,0.07503173070451047,113.07828518238448
572,71,n06,0.6494625941823433,0.08796842828449918,114.04922383978612
572,71,n07,0.6765598534145971,0.09956460189516057,102.81170302525
572,71,n08,0.7723552410294633,0.09289764258692004,108.71417738614522
572,71,n09,0.8026939390020355,0.0951202785974879,119.76893316819005
572,71,n10,0.758554192465207,0.09701264166823202,100.59501040981291
572,71,n11,0.677199060706072,0.09143618572721052,118.991761987485
572,71,n12,0.688067469907446,0.07043444475666423,104.87495517326694
572,71,n13,0.7544821400104325,0.08635701717079716,107.8975122408378
573,71,n00,0.7079897036352605,0.10689227619127166,119.36470525359948
573,71,n01,0.639758784867745,0.07596683959336549,103.57522544506531
573,71,n02,0.7367548867846083,0.07885605966309969,103.93835953647809
573,71,n03,0.6966860696486056,0.0488472443936738,99.2194849682606
573,71,n04,0.6848340034094224,0.08025748082751037,113.68915752809029
573,71,n05,0.7428207754842796,0.0768426033626654,97.16085002665761
573,71,n06,0.738596313306075,0.07523854136554996,108.55273975299622
573,71,n07,0.7159522977048283,0.07037785166932102,112.40775503427068
573,71,n08,0.7008025984687234,0.09382954013211195,103.4806535345696
573,71,n09,0.6363022483834064,0.07503934196881902,126.54955984035192
573,71,n10,0.7428812908821116,0.09628136225025546,106.07700118957399
573,71,n11,0.8063588101704254,0.04856242940609258,111.07096202146205
573,71,n12,0.7038418719830662,0.09041881430111044,119.67585105091678
573,71,n13,0.7035686389344971,0.07066704538090975,112.18694063628024
574,71,n00,0.28610211404386837,0.018102103980923552,43.78017933337717
574,71,n01,0.31266284912877473,0.0642770357379581,35.34880730944647
574,71,n02,0.2687315232552849,0.026968284935797063,67.56428651766078
574,71,n03,0.2068295995208193,0.02168324778354911,50.55426979625136
574,71,n04,0.3326452766934635,0.03973101370456485,39.264645932200764
574,71,n05,0.269434686587198,0.02317441940239823,46.62982178381733
574,71,n06,0.23881363325938998,0.042319901733293974,36.43937347287978
574,71,n07,0.25085998921067215,0.02218097081765538,52.7425961313996
574,71,n08,0.16956009889405424,0.018382738103295555,38.097548868918544
574,71,n09,0.29367765507668875,0.02696261670484774,31.538149858985925
574,71,n10,0.1877834523558692,0.030382872536257405,34.26944384133838
574,71,n11,0.29623940242371705,0.02450296437322666,56.81664464484216
574,71,n12,0.30276627581484084,0.015428909270446253,46.234245370973
574,71,n13,0.27239535661823017,0.03642148750326693,43.6283319542778
575,71,n00,0.687238555445793,0.07764496899681717,100.61006813951226
575,71,n01,0.7250257761780524,0.0918678748803694,109.52743296842334
575,71,n02,0.7238553452942882,0.06909793213681342,117.90154434933457
575,71,n03,0.737587203987784,0.0985559099235024,95.43309609902417
575,71,n04,0.8309755476599487,0.08332161469431235,109.77597056515519
575,71,n05,0.6913988895469809,0.06525073844881193,112.7013396575735
575,71,n06,0.7338773573696623,0.0773039756992858,96.14291308987225
575,71,n07,0.6714752416583298,0.0876988950054688,113.24508450960722
575,71,n08,0.6565586460015089,0.07918017735947414,104.81834139940692
575,71,n09,0.7968768598497462,0.06770288244910586,94.50502304577932
575,71,n10,0.736136607703974,0.08446138895805502,106.74538743770667
575,71,n11,0.6677577405508206,0.07102329590249136,130.18948008932676
575,71,n12,0.738617956749905,0.08020659267681568,105.61334304811099
575,71,n13,0.7431559116847359,0.07229713999995178,102.83163554184499
576,72,n00,0.719530672760779,0.08318770120679282,105.87855741213492
576,72,n01,0.7602431548458296,0.07596523410865268,115.59155424838087
576,72,n02,0.7335282289142804,0.07870916474128294,107.75496345701595
576,72,n03,0.7450233295607244,0.0847442924012325,111.14727847303594
576,72,n04,0.6689609409416051,0.06799906796509901,117.98702905537073
576,72,n05,0.709812178102306,0.0885132261141806,117.28669449486331
576,72,n06,0.7045350524591159,0.0688564316235992,107.50765808040744
576,72,n07,0.701226996212914,0.07256989125526261,127.01902213908551
576,72,n08,0.7688588635337185,0.06881215101302725,114.67717102653634
576,72,n09,0.7475904388161038,0.08854872830444369,99.09221050187756
576,72,n10,0.7276334964922295,0.08581539101407225,122.58563177693938
576,72,n11,0.6742172992934847,0.0788255694859811,121.20497121094749
576,72,n12,0.6622987857185859,0.08492036931949018,114.98161380496695
576,72,n13,0.7746637793172539,0.07287069454487288,107.12128501637423
576,72,n14,0.6949383828802569,0.08580159463057342,107.27642610939857
576,72,n15,0.7258062797161279,0.07677984889575103,121.42913449588023
576,72,n16,0.628461011095011,0.05891412778685974,111.08609903059
576,72,n17,0.6409809918560607,0.06708191015136142,107.4215925673389
577,72,n00,0.26625550570317585,0.0338540914772361,41.50924453349907
577,72,n01,0.26368055104199867,0.026266459196406345,28.111578796813827
577,72,n02,0.24019961232860818,0.021126305615701377,41.428749697815654
577,72,n03,0.19785011205691727,0.02370527155240823,33.29405639263834
577,72,n04,0.24754066224630367,0.035537997366118526,37.6271672189371
577,72,n05,0.3187676095606419,0.017998528340635526,41.2126806028138
577,72,n06,0.3419402808937143,0.010531217499905501,47.17293247309927
577,72,n07,0.25149806041987977,0.03422654247576664,51.8021624121438
577,72,n08,0.3032258102786457,0.03762859728584546,39.81944372865311
577,72,n09,0.280931446361772,0.023509302218738797,51.61211446580994
577,72,n10,0.31945780938050483,0.036956176008936116,47.67386027483117
577,72,n11,0.1853051248203545,0.03908733121291308,40.93651360241219
577,72,n12,0.2953884779988703,0.004336680635597313,54.278094480513204
577,72,n13,0.2749823314066936,0.03892782540913443,35.94547676787053
577,72,n14,0.2467646868721115,0.022885896248005775,48.54247486687213
577,72,n15,0.2256167014696266,0.03605279204414888,37.946088530104824
577,72,n16,0.22070226674198973,0.020235066449814508,32.844194667223036
577,72,n17,0.29482243871280045,0.009873726310419391,40.45957879343676
578,72,n00,0.2822788299404149,0.05430006096745839,23.79585432618111
578,72,n01,0.30040119588405106,0.04554916627609121,49.27143923542942
578,72,n02,0.3372275135014249,0.02860610383419183,33.779064507093295
578,72,n03,0.29544309691026505,0.028911120302772875,45.36104574872667
578,72,n04,0.3371389969299665,0.059943479929736435,49.73461385867326
578,72,n05,0.2276086943243376,0.02930892228150393,40.7010357897869
578,72,n06,0.24742948634676462,0.04653597483036192,36.61092244922416
578,72,n07,0.25587158272702987,0.02629292065160544,50.345386060514144
578,72,n08,0.21310332088824374,0.04201337234628286,39.52946322372237
578,72,n09,0.28289595898473907,0.026805208077761992,49.568859742453526
578,72,n10,0.2308594752655769,0.026139200502156203,45.711263422180195
578,72,n11,0.17637211717824902,0.031138721505515443,46.491661721709896
578,72,n12,0.2719960596343812,0.027148279179205276,51.21911262877361
578,72,n13,0.23418874497410228,0.04847947934670592,47.51321894730475
578,72,n14,0.2562606987144941,0.03405632950032291,52.04348757979253
578,72,n15,0.16851992769741814,0.018274810833504154,35.16035821352889
578,72,n16,0.23112198951497814,0.015788570760604758,60.07818930753646
578,72,n17,0.34454385211176736,0.014830115730023392,45.59767666921344
579,72,n00,0.31737071935845373,0.04608110114719775,49.14905144648668
579,72,n01,0.23561811612448036,0.02811983925146062,47.65621234983106
579,72,n02,0.23229422217742177,0.03143137747240347,42.25681235754594
579,72,n03,0.3236120391518531,0.05751687625630891,47.30585834256097
579,72,n04,0.26202846124723356,0.03304935604145086,55.592265897163216
579,72,n05,0.2789617004671333,0.05051379058212549,44.35324856200758
579,72,n06,0.3053445620220053,0.029132330321964908,51.4398027343332
579,72,n07,0.24767107085741727,0.01266462553517304,47.5566162232844
579,72,n08,0.2651878928666488,0.006610249543217758,43.65411142079119
579,72,n09,0.2581293792885486,0.047751417023369075,41.49482602149427
579,72,n10,0.25090542320587295,0.034271558496075584,45.58789685346844
579,72,n11,0.25447877742798686,0.05277097896409659,52.74061427891114
579,72,n12,0.311926842949986,0.05773114104966032,54.39618252333746
579,72,n13,0.23096240269341842,0.027340671151304993,29.91611075165492
579,72,n14,0.17492083838361716,0.029783978145321858,40.88703962241068
579,72,n15,0.20877485297141404,0.011872614136648377,46.58311903522663
579,72,n16,0.3044530343747453,0.0333109760786114,45.79862900052591
579,72,n17,0.2934394772887953,0.016459230511316307,57.2472920329585
580,72,n00,0.26727993502509206,0.03876042694110676,20.50455275344021
580,72,n01,0.2652652373880048,0.0369595772990823,46.73729071762359
580,72,n02,0.24688520084135437,0.04245250880580545,64.68459143120369
580,72,n03,0.22577699917990407,0.018249418533142714,46.61415369046695
580,72,n04,0.2477290565205911,0.04382411589934343,51.87224465188926
580,72,n05,0.23032062627892952,0.030286680951214038,35.517975432515925
580,72,n06,0.25956275497923287,0.036624043026868974,53.6089263276421
580,72,n07,0.2244029462489008,0.016359645620021436,56.39871246294939
580,72,n08,0.2204075905096152,0.04196949338554733,37.46276108706087
580,72,n09,0.23101373670114161,0.007879076359543567,45.76962655529484
580,72,n10,0.2781251507052676,0.04783306264416611,36.52752959015386
580,72,n11,0.29514171634462016,0.009644126265357243,39.995310279273546
580,72,n12,0.23580609301519767,0.031131303838049018,36.75715442639733
580,72,n13,0.1509702073731591,0.014586935415137385,48.55287166816585
580,72,n14,0.1944172764919332,0.013756211047009505,35.337970113854674
580,72,n15,0.22027276065152274,0.004763503828453374,44.22695620086144
580,72,n16,0.22674047521481328,0.04604957192815548,46.82569513260083
580,72,n17,0.299371864337432,0.02959360435758045,50.41113412216806
581,72,n00,0.7013898767008137,0.09380847913681142,111.92860579817759
581,72,n01,0.708149901228642,0.09100311403165837,123.62275868002678
581,72,n02,0.8049815024323462,0.05797671409534165,105.38345065254438
581,72,n03,0.7389013892423683,0.09814529594508742,110.79861316108993
581,72,n04,0.7904413765853432,0.0726643375277136,103.56798330471607
581,72,n05,0.7618830829580361,0.08627143474203401,109.33947958846687
581,72,n06,0.6841294189054252,0.08582379795501259,122.23520769095187
581,72,n07,0.725720321430669,0.06340844548546216,110.13561033752268
581,72,n08,0.722585402495193,0.08616040428511103,103.59878638259042
581,72,n09,0.6673209402197291,0.08836463920029353,106.45733787287676
581,72,n10,0.7869967023196804,0.08123285934054608,125.16570906368749
581,72,n11,0.7321425697838447,0.06694317655521465,110.0427817968335
581,72,n12,0.7099351271051242,0.06806254669133872,106.28454301826835
581,72,n13,0.7385505167791997,0.07799439984125316,113.98209484209414
581,72,n14,0.8133001222226698,0.07742750399264152,110.09486403925945
581,72,n15,0.6985203157198705,0.09622082126683568,112.4277007843623
581,72,n16,0.7037675181593536,0.07665389677432226,114.37105434543616
581,72,n17,0.7740176779190832,0.0868662063785348,115.55504279381019
582,72,n00,0.7144473458458431,0.07019121694518099,108.90102352773039
582,72,n01,0.8143239504461909,0.07844444052743454,106.33360797652934
582,72,n02,0.714740713352711,0.07974957748035678,114.94313656562144
582,72,n03,0.792642501390352,0.0935088750379001,108.43610560181399
582,72,n04,0.7356206904126572,0.08463944205164456,102.45972745777004
582,72,n05,0.7144352217192999,0.06508644192465772,109.62621161677586
582,72,n06,0.6938485462388857,0.09439722192965161,112.57175678323833
582,72,n07,0.687124360408811,0.0724826802483884,105.91697742094502
582,72,n08,0.7570597601376703,0.08021072334712684,104.63361348561058
582,72,n09,0.7294513335507733,0.07680496068895941,103.16929124803337
582,72,n10,0.6434438216286679,0.0823240317265243,109.79344499845283
582,72,n11,0.7333807643180962,0.05497811179818998,115.87962788476426
582,72,n12,0.7527313540219057,0.0972834128951,100.08632171454803
582,72,n13,0.7040939033285325,0.06315991889443415,122.66548894722163
582,72,n14,0.7343003389606472,0.08068602453357365,103.25080730375524
582,72,n15,0.7067809686900655,0.06663759220602025,107.7889128729487
582,72,n16,0.7411252994786518,0.0829444408904364,103.64794649513688
582,72,n17,0.7145838650659946,0.09657323946940549,118.7516452180701
583,72,n00,0.22391231506020765,0.038745000219031996,49.29549685444465
583,72,n01,0.20427116920548913,0.002848592414893599,47.34663043504202
583,72,n02,0.2016882479636954,0.02432962177101128,42.76566033685267
583,72,n03,0.25464301062680234,0.021448608989809215,38.455271107141485
583,72,n04,0.15928223224529936,0.036331277143366605,55.438349582685376
583,72,n05,0.2016847085993065,0.03168357539919797,40.27459027892089
583,72,n06,0.24922802225593374,0.0415477262786413,37.417319184804164
583,72,n07,0.30716949589382336,0.02029279054171343,45.9651190151675
583,72,n08,0.24695274412509827,0.02835989912841795,52.77793119035044
583,72,n09,0.21457323459924824,0.023795523651819268,27.13001759493232
583,72,n10,0.35655360326147884,0.02486891474546906,45.14141159074359
583,72,n11,0.2751298724521903,0.024987942028656167,51.76515026476302
583,72,n12,0.22257019267193331,0.04865978851261733,40.8867553915974
583,72,n13,0.24803396100473554,0.04429444878688917,52.83728347267289
583,72,n14,0.2594956133182733,0.044032432879720196,53.76299358354544
583,72,n15,0.31583489181983476,0.0401482084353815,43.30529384357005
583,72,n16,0.2940888610528354,0.01863189210577488,49.83045312671863
583,72,n17,0.21329549714172552,0.014822959456867046,60.141430324635124
584,73,n00,0.7627307539662727,0.10055781152435925,107.68395440843193
584,73,n01,0.7187037764148206,0.0886011709986649,108.99625143185857
584,73,n02,0.7554206070239916,0.08324082053834629,106.77972234622175
584,73,n03,0.7388123648391864,0.09418710930990454,97.2415481301291
584,73,n04,0.6056376193210866,0.08199818771267348,112.79332687188972
584,73,n05,0.5861647954054379,0.07232482045891975,86.76258756451121
584,73,n06,0.756526422748635,0.06942563429419818,125.94860879064932
584,73,n07,0.7187706570359081,0.08188605568935878,120.30368647833961
584,73,n08,0.7556670290617863,0.07993837300318714,111.65924362284531
584,73,n09,0.7305621240279442,0.07152792768683741,107.84510679606689
585,73,n00,0.24542486865949084,0.03967753931454782,49.240263342950996
585,73,n01,0.31324231226478794,0.05182246149137529,36.02660987088636
585,73,n02,0.2009448936175236,0.03810746146843196,36.927095137489545
585,73,n03,0.3136338230733794,0.019894931796821842,36.771065879302355
585,73,n04,0.2377254501458534,0.006628469990882464,50.67834496764864
585,73,n05,0.3093314915801505,0.029845188620565528,40.44746923987221
585,73,n06,0.2802769299420056,0.03829554398861371,45.67981289662765
585,73,n07,0.22675639803087233,0.03528408129534359,42.67861999354159
585,73,n08,0.24414095815393916,0.036627647736910865,50.38023912224857
585,73,n09,0.23323080840050456,0.02405813448213171,43.14743048175937
586,73,n00,0.2902892610251125,0.024001520145601092,34.215900441849676
586,73,n01,0.276864670750337,0.018659241560855806,54.69859936171275
586,73,n02,0.2615358649435245,0.04289703608087328,32.68487817371084
586,73,n03,0.21137580757110586,0.0530059716254109,33.91200755008089
586,73,n04,0.3129205232000153,0.03880677242353088,46.457278104295625
586,73,n05,0.26516187052664314,0.04719296695233739,42.67881499292229
586,73,n06,0.2916711510437348,0.04258388072911269,64.96115323250496
586,73,n07,0.2433865633304838,0.04283794448727492,31.776244548880513
586,73,n08,0.25567974651691994,0.04876770275593599,48.39263705059564
586,73,n09,0.2687299019267091,0.030343522723583767,40.03686787029387
587,73,n00,0.2180779138685911,0.02878412102383588,52.66845865217269
587,73,n01,0.1855732782455654,0.0388613597746025,52.57712216064962
587,73,n02,0.2017161771016366,0.03870638853520947,46.18562992189473
587,73,n03,0.18757522832573661,0.03246583535122665,43.225721730519304
587,73,n04,0.23964241915011195,0.032776663755709916,26.898100908854598
587,73,n05,0.21143723025680164,0.026963903475084622,39.53361876175151
587,73,n06,0.28471208244029983,0.021396213451712602,40.34597469948649
587,73,n07,0.2634952395817693,0.0409167509161262,58.58810075669106
587,73,n08,0.25539228745429504,0.033396687852748214,39.67298833136353
587,73,n09,0.25967215504960495,0.02810499903984649,53.50640202788547
588,73,n00,0.6897902158324941,0.0924965601814824,107.2809099144246
588,73,n01,0.7366770216156472,0.08606783489474337,125.62683027394779
588,73,n02,0.6732876506381983,0.06612429793266567,123.66825879223816
588,73,n03,0.6967473704664221,0.09280293630272168,101.72814663861436
588,73,n04,0.627492244377815,0.08615525284086135,102.9601606085266
588,73,n05,0.7006216493130513,0.08382487260568164,112.5944657553576
588,73,n06,0.7721644573685967,0.0636905915244797,104.37459592251732
588,73,n07,0.6750487886243278,0.06775233725458536,117.60636314752261
588,73,n08,0.7252356204473752,0.06300461883514044,116.86716035784949
588,73,n09,0.7030669477563305,0.06926844075705904,113.43389918540741
589,73,n00,0.6762664511925269,0.08132531249406759,114.3102144702068
589,73,n01,0.7490693740684092,0.08762072911487237,115.98446416102009
589,73,n02,0.7383023729667175,0.08602826097013105,102.78176858957698
589,73,n03,0.656917830534259,0.0700964688218287,117.94183907268854
589,73,n04,0.7411133296224418,0.08074857108905921,107.2375041990379
589,73,n05,0.7347864181314928,0.07779290597354258,128.43086918934355
589,73,n06,0.7143487061625788,0.07327244560053636,108.39121996766353
589,73,n07,0.7298559364454429,0.08001408468722346,107.2866156804154
589,73,n08,0.7027018336337955,0.08170619649416487,117.95030984324947
589,73,n09,0.711353763196495,0.0777536975599489,123.2574306068706
590,73,n00,0.25000891290283067,0.030583026546377276,39.71336306322392
590,73,n01,0.31510219193153344,0.015773963333430695,44.03158761113766
590,73,n02,0.2234217233168394,0.02915017470598401,36.878326740830886
590,73,n03,0.22778240218534085,0.020573124953728556,54.057199949611174
590,73,n04,0.2140335144816672,0.034194251410701905,49.944142364414695
590,73,n05,0.2666573729073515,0.03138149623569346,27.525595508862562
590,73,n06,0.24317901039026377,0.03657633994984612,49.97610522235683
590,73,n07,0.23448332460751287,0.028668022086045252,44.85574926261225
590,73,n08,0.2637837782457977,0.03112083417892379,52.45455153646438
590,73,n09,0.27764191933666005,0.008690005386152316,47.40597648404346
591,73,n00,0.7654846913738299,0.09092635058791551,120.06413510190491
591,73,n01,0.7260790230159176,0.0839246284824035,121.98980696693341
591,73,n02,0.6841848572735028,0.10534578101202949,120.77229265725299
591,73,n03,0.7574078057723729,0.07030573229252277,104.14482137125478
591,73,n04,0.7277314272589602,0.09741304072897573,115.64867844551694
591,73,n05,0.7212793470098952,0.056327471281006555,110.98653826737373
591,73,n06,0.6630877090238466,0.06199883860779392,109.60546497359687
591,73,n07,0.7415166147017407,0.08393867264279872,105.80675805139748
591,73,n08,0.6561627470835862,0.08195405382401401,107.60121652691272
591,73,n09,0.8139297504335994,0.0675797417207565,94.81729642718372
592,74,n00,0.2640777150534797,0.02989325885986152,46.260326453980205
592,74,n01,0.23277866210239326,0.028073866103629833,52.57037996581185
592,74,n02,0.32748080235741495,0.003432678948138281,42.2379120906952
592,74,n03,0.22309647445223624,0.04721304858446966,50.198422521788
592,74,n04,0.176620200889617,0.018005322994137946,43.794812500104506
592,74,n05,0.33346933113030836,0.016926692092419364,49.52463731392825
592,74,n06,0.30965655845502554,0.019852487904905198,41.104678831518385
592,74,n07,0.23166990272486307,0.04636528905772625,47.82452603301855
592,74,n08,0.24892268337274603,0.03070877799913296,42.82001471189411
592,74,n09,0.26442967208102125,0.04381851528088212,42.42285170115214
592,74,n10,0.30403396805761307,0.03319077990715646,55.56509245787023
592,74,n11,0.19777935478930841,0.014698228142540754,59.9849065897576
592,74,n12,0.34131896219871605,0.047048357490576884,47.29058209189904
593,74,n00,0.2727518864554392,0.018886940355452096,53.21612989235921
593,74,n01,0.22648728139469168,0.04725370007651175,34.054560628782305
593,74,n02,0.3266770377587036,0.02468182851277647,35.81782221785183
593,74,n03,0.25438751431374107,0.03894685760281462,52.40310404024258
593,74,n04,0.2544197167724145,0.03829353348368214,43.758603533726706
593,74,n05,0.22974123337012833,0.035392423188582746,42.39464185115351
593,74,n06,0.25107021028944354,0.028224328508103157,42.12443555183851
593,74,n07,0.24619397355474942,0.03316715362652779,53.89109079351477
593,74,n08,0.23697858099600913,0.018971284923779697,48.429248420766754
593,74,n09,0.2602898509296411,0.031326156184896384,42.8005904893881
593,74,n10,0.2858012737513143,0.03705922185093598,47.91788799358388
593,74,n11,0.34404406341084415,0.014247777272688767,56.372278221088614
593,74,n12,0.2866567796527158,0.048701755105505146,53.77204806074486
594,74,n00,0.19849428659831653,0.03739330020630725,51.6966208780628
594,74,n01,0.3028499829935978,0.03477790034302053,58.41199759911456
594,74,n02,0.2664624238263708,0.025168009650057402,43.35666286075533
594,74,n03,0.24838550841398035,0.025268803830773106,41.80017414280432
594,74,n04,0.34590354291706477,0.043641145559521866,45.33799654736789
594,74,n05,0.2669793310663683,0.02964684970416971,30.189737789897052
594,74,n06,0.2738854409185495,0.02509342299745822,45.41026399269168
594,74,n07,0.20671834189449106,0.032532888866581455,42.49236224834739
594,74,n08,0.24262811898074949,0.047165530044239304,47.923452518639515
594,74,n09,0.20992930558894346,0.06022459946083156,45.60141262094372
594,74,n10,0.1877515017580817,0.01833458694692238,27.885376565235998
594,74,n11,0.21705424730226183,0.0331072971113429,60.183427018567855
594,74,n12,0.24334866646973313,0.018372533553687745,44.493848400992725
595,74,n00,0.28610021314236267,0.03601591205768999,49.57221454409043
595,74,n01,0.17340175405068328,0.016683480177257577,41.760576313002794
595,74,n02,0.18263315736966917,0.03579830665835147,42.30014768055341
595,74,n03,0.28023999134748534,0.02205210316149913,45.18073451636158
595,74,n04,0.24358466911491689,0.027442474513954773,31.17272079533583
595,74,n05,0.23834374444684425,0.0381659864689045,43.915261243108496
595,74,n06,0.19392414409980674,0.04064952879918725,52.63797492431649
595,74,n07,0.20127121754934543,0.03484630679327708,42.39241146557431
595,74,n08,0.24407993976942466,0.029762330206676107,50.79550134307578
595,74,n09,0.26892771885570693,0.02471048682402975,37.68192327302807
595,74,n10,0.2683985875561463,0.026029836505611983,37.31292938038955
595,74,n11,0.2966648851810707,0.03605806116547479,50.184665445756565
595,74,n12,0.2810540773814307,0.0237078909149103,44.09312287200233
596,74,n00,0.7265151172604352,0.0791465208599407,107.93340775006746
596,74,n01,0.7554909401949282,0.07653679575459008,111.27878186297185
596,74,n02,0.6860514956620472,0.07194564166817068,111.93494892355108
596,74,n03,0.737598620416494,0.06447210374322342,117.45253005230742
596,74,n04,0.6952304598374404,0.07441504944116788,113.41210630162672
596,74,n05,0.7412118051662011,0.08527057927756818,117.55619219992933
596,74,n06,0.6912904228012615,0.08855731918354282,105.96544178125033
596,74,n07,0.6713968890956689,0.07936435475781883,85.92029417820403
596,74,n08,0.6708295677788523,0.08385861199043379,103.28837550055366
596,74,n09,0.7770483847274502,0.08914628750445577,116.99786833145828
596,74,n10,0.6881494804976348,0.08462188717144076,115.31481355119612
596,74,n11,0.6730456034036255,0.08903407991542761,120.33944327667858
596,74,n12,0.7213341642909854,0.09067270981054756,116.8010163808521
597,74,n00,0.7099187254009345,0.08536906293678993,120.31568834929872
597,74,n01,0.6906860819324004,0.07705222433204867,117.61982424487427
597,74,n02,0.7215746031935006,0.07480181509509706,118.61782436102081
597,74,n03,0.7198344325734225,0.06766907322276038,103.99253319783882
597,74,n04,0.8284462111567457,0.0775938238165078,106.04622004795918
597,74,n05,0.6539018421820392,0.07565048439585617,112.55215618618045
597,74,n06,0.7304493532444332,0.09535016608166015,117.07560336443267
597,74,n07,0.7370004361194197,0.06143802584910449,110.50792875792537
597,74,n08,0.689401170046653,0.08623919105905824,108.80334191511204
597,74,n09,0.7003364260399522,0.06316414159260139,110.90217129867648
597,74,n10,0.7570180126772876,0.09289405639625285,100.94208571801701
597,74,n11,0.7302728481810099,0.08262294933063975,105.9997595872593
597,74,n12,0.7567908056779402,0.0874940616736728,100.00673131780015
598,74,n00,0.7209070301188637,0.09157276890214472,94.69573022787938
598,74,n01,0.7279885314778538,0.08153982173338574,103.1408011726628
598,74,n02,0.7369304134700005,0.06483637092196937,116.05635906250308
598,74,n03,0.7445840919378421,0.07278834231068147,112.44638800807441
598,74,n04,0.6085290846059612,0.08358484386063082,116.20859156166125
598,74,n05,0.7651882462569841,0.08372399280004317,102.93638055319147
598,74,n06,0.7108305169572731,0.08542957875075044,104.96868473131218
598,74,n07,0.8229057206113916,0.06412723359719939,118.10618673514514
598,74,n08,0.7671899315742771,0.07778473934231186,106.16860245076158
598,74,n09,0.72164406716153,0.0821985020214994,112.97583536567228
598,74,n10,0.7417773613890861,0.07538758635117798,113.75811605679094
598,74,n11,0.7263420561490096,0.07026717833937529,112.69379802336422
598,74,n12,0.6787369245407875,0.10548514644700058,102.76178543048056
599,74,n00,0.3094909307062117,0.02411068281822614,48.63426932754725
599,74,n01,0.281200023372489,0.02421469142957019,40.918551731502646
599,74,n02,0.281518390958065,0.03007086485561783,40.486605407448174
599,74,n03,0.21808695865899802,0.029326788716945437,40.60362718354061
599,74,n04,0.15514464265337397,0.018403656614342553,32.07232844191455
599,74,n05,0.3226022614636457,0.017472745136246925,56.309382655479936
599,74,n06,0.25526842883607875,0.024011519101022227,24.641559687163223
599,74,n07,0.2915631445863422,0.028779607111193345,47.36984459066457
599,74,n08,0.26211593664332117,0.01757098142678029,30.684607782507037
599,74,n09,0.3104653110645738,0.012202704453446168,35.72419317905249
599,74,n10,0.2409767489783346,0.032921920877981604,44.367424768968384
599,74,n11,0.22354756462726644,0.03658391771922139,47.306447793164324
599,74,n12,0.276654281191388,0.03553625919066591,47.09408953741046
600,75,n00,0.7084050596239958,0.07411240718746398,97.93704419215356
600,75,n01,0.6953807006496527,0.08656160939507104,99.27019350542353
600,75,n02,0.6569256287444357,0.07229799413475758,102.34873903661222
600,75,n03,0.8106802041879062,0.06108470144343915,109.72549501588107
600,75,n04,0.8318399485818135,0.09086798112707109,115.68531098297689
600,75,n05,0.7093314934967941,0.07835055061056934,96.43590370546102
600,75,n06,0.7162439452148924,0.07196531012197886,105.45160954848377
600,75,n07,0.7078410631401992,0.0848672121238952,111.07241746084809
600,75,n08,0.7016458793331892,0.08721054856735173,104.07555345911233
600,75,n09,0.7163614295376953,0.047412722507240566,114.83973512339406
600,75,n10,0.8207563632464694,0.0671909492937867,123.81260384067546
600,75,n11,0.7248833937124446,0.07869482047040137,124.26334443039732
601,75,n00,0.6629830662429075,0.08673727456388955,106.72292839361269
601,75,n01,0.6962210532256995,0.06575326869344084,101.5551237169761
601,75,n02,0.669459413785006,0.06708342413665978,108.87793323746165
601,75,n03,0.6541247139173986,0.09632353332251455,106.02143693386891
601,75,n04,0.6950136516487061,0.07703730310312881,117.44191875773592
601,75,n05,0.7587949145038762,0.06870626556399742,116.2935789009652
601,75,n06,0.8064372452375881,0.061049729204346447,121.06204589772535
601,75,n07,0.7359460427476594,0.0494945277443795,113.01868022468705
601,75,n08,0.6317635610278153,0.07718778981482231,112.85113953086326
601,75,n09,0.695959461000537,0.08437572741467442,110.76001240920044
601,75,n10,0.7148487247318953,0.0778595218302817,107.59312900411884
601,75,n11,0.7036214844638999,0.0709785635183488,116.86423857408997
602,75,n00,0.7281599625399933,0.08689407611797814,99.6343747389571
602,75,n01,0.711325787571521,0.08365682361084167,105.66171657119948
602,75,n02,0.8092825359481584,0.10147235013444822,106.87236328033885
602,75,n03,0.788903923947911,0.084488383171967,105.27272777078682
602,75,n04,0.7065192708694433,0.0933360599511772,107.95373060621924
602,75,n05,0.6913773577805966,0.0835330679052488,116.63125118640733
602,75,n06,0.7127652962013897,0.08651195305927367,105.8225004324587
602,75,n07,0.7580440419189376,0.0764542457077888,102.7057798757383
602,75,n08,0.7445282665052971,0.08946579154362316,108.12851729291971
602,75,n09,0.7645082176370739,0.08915360804950205,101.92154735468938
602,75,n10,0.7794796810000129,0.07010209366181315,117.42499712864088
602,75,n11,0.6840267901227272,0.06558210968074156,98.45646748060538
603,75,n00,0.24421299761648432,0.05067723775139973,40.17771772055627
603,75,n01,0.26271088581240487,0.027211449626944186,26.78519608093167
603,75,n02,0.20846733830304925,0.006734485778397421,43.374890679007585
603,75,n03,0.2638677726961911,0.02882640897891707,50.76137448927663
603,75,n04,0.27525599080806645,0.019026868880627153,49.279207657179334
603,75,n05,0.3296271107515918,0.001974298579527946,55.22505163838903
603,75,n06,0.27525071208822965,0.023948120204637113,37.49841562702038
603,75,n07,0.31525373421639313,0.023304110262793894,54.028389784949546
603,75,n08,0.17710395177623028,0.029683421447901204,43.681077601946164
603,75,n09,0.22832927995403166,0.03038891221215935,38.95255757496737
603,75,n10,0.2459461715786992,0.03404583841889825,28.540862618781475
603,75,n11,0.21322492573220797,0.029052238008554915,45.578951048098645
604,75,n00,0.3291936070991024,0.027983318229382943,35.203811499404345
604,75,n01,0.3162734906236461,0.027941289174081486,42.65298693652921
604,75,n02,0.3444256913665283,0.03563101590865741,47.34368556980275
604,75,n03,0.14168684477906487,0.039739371515095656,49.48526066185515
604,75,n04,0.19812281609927168,0.029753185233198965,50.16405674205707
604,75,n05,0.1737857149455516,0.04725821377462068,56.68136545261821
604,75,n06,0.2586037277275232,0.0359410865911195,50.196869150130226
604,75,n07,0.23283417310049648,0.02228842830686963,64.18199089432716
604,75,n08,0.19740150849143306,0.03341872156098037,37.235790790610885
604,75,n09,0.24276538757699423,0.027054445869011026,37.342905791303956
604,75,n10,0.3095013423618214,0.029930354131775996,49.747362690922046
604,75,n11,0.2783321169600417,0.0173889931418758,42.72741993411923
605,75,n00,0.7043391103088671,0.09213756349831224,134.6467719142468
605,75,n01,0.7587928895257829,0.06753681388798288,122.35576730596033
605,75,n02,0.6845861670684682,0.0978146068316589,113.09238638075672
605,75,n03,0.7124715054966219,0.06323388908836419,113.71105028825052
605,75,n04,0.7214378470669734,0.089780896668645,107.56925633409949
605,75,n05,0.7063689756139823,0.08321564846464466,113.73570288588978
605,75,n06,0.6648122956369269,0.09130828126983834,108.03387379162038
605,75,n07,0.6587743133174058,0.09525529959983797,105.58182276392712
605,75,n08,0.7333270459599055,0.10587932500226367,109.40923958023788
605,75,n09,0.6771244074725145,0.09534288554986627,121.51417089145836
605,75,n10,0.7335485613446533,0.0692355091170537,101.47795663131684
605,75,n11,0.6818959161027561,0.06436836390358555,92.41762765327105
606,75,n00,0.6929019724377128,0.07698610959259185,119.63958661668286
606,75,n01,0.7263240204542053,0.08003825364572596,130.19130018174198
606,75,n02,0.7292015314569721,0.07503805597879004,110.63768210449317
606,75,n03,0.7041149762197654,0.07930543494037867,113.79443179159162
606,75,n04,0.7513376332699103,0.08970564598353035,105.1767684117629
606,75,n05,0.7391754168535671,0.08902550718619326,122.3081735102239
606,75,n06,0.6747805373707307,0.08042872893620953,111.71686297820244
606,75,n07,0.7398617513517795,0.07228543544291889,102.01988509755235
606,75,n08,0.7398927019997535,0.07790490246758915,102.2241269748473
606,75,n09,0.6927204860161004,0.08513168336485344,115.28461573982335
606,75,n10,0.7032635224416299,0.07363983175361316,81.95375464010067
606,75,n11,0.6909185470742337,0.089457292879349,109.87553819904797
607,75,n00,0.23202308387218307,0.035871597649534,40.529409979594014
607,75,n01,0.2428348165878942,0.047526559807316696,59.78803322894661
607,75,n02,0.20981625076527338,0.019628583513290936,56.44717745808699
607,75,n03,0.25024556591565694,0.03555318285698836,48.34028469621105
607,75,n04,0.2668117177144303,0.020226015858432343,49.80854491826569
607,75,n05,0.28779389508840614,0.02567425565051011,57.443738749677905
607,75,n06,0.24905009778940185,0.0321733053530835,55.1691129968723
607,75,n07,0.2609596131052008,0.011367402755736396,37.70624727870795
607,75,n08,0.2544243122294665,0.029742034601785663,44.50356069941323
607,75,n09,0.18491517537189134,0.035378584471845456,43.648089545753855
607,75,n10,0.2614476494131058,0.037776652287207495,57.87434973975525
607,75,n11,0.2673234682564777,0.04378781326755656,55.54988787052382
608,76,n00,0.23312409758592176,0.023707122512296588,54.914694045261356
608,76,n01,0.18270602265745134,0.040297975171166636,33.07104969652013
608,76,n02,0.2299819428052612,0.02742594200382266,32.41934363365962
608,76,n03,0.31297304953877736,0.027506206019715145,46.25376857203117
608,76,n04,0.27960909303910514,0.031109622302930164,41.564442940005854
608,76,n05,0.2583018558562896,0.040500187814770314,42.300807354164014
608,76,n06,0.22668976197594312,0.017337108740878744,43.32274505114944
608,76,n07,0.23657721338329318,0.04050544497615377,57.00841660922352
608,76,n08,0.2863468727402247,0.02698056668689043,28.565364620366783
608,76,n09,0.3179743238448309,0.051430489112296876,63.627267079074535
609,76,n00,0.7472472903956741,0.09952802161305559,103.57037076392702
609,76,n01,0.764967818984892,0.0669563581059055,94.60911192943995
609,76,n02,0.7555266878740187,0.08766685737642807,104.46867219416073
609,76,n03,0.7207903706006829,0.06182148061327224,122.33271233638578
609,76,n04,0.7479682274015718,0.09054214157468907,111.96243882480024
609,76,n05,0.6499708572549343,0.04775713104458707,107.9364852269523
609,76,n06,0.738235366131728,0.07254028608070258,115.20809953641259
609,76,n07,0.7253994949326524,0.07270024412365962,111.72049942029739
609,76,n08,0.6858550772952879,0.09461636783137237,117.64046078675483
609,76,n09,0.6880225994997883,0.06525419009143978,109.22087710428308
610,76,n00,0.33669768896967794,0.02733010842798792,47.91746116105405
610,76,n01,0.27855831838971007,0.029611092774659505,49.95218172057513
610,76,n02,0.20599624477886497,0.016219275298747036,47.40300749578655
610,76,n03,0.26931121715563405,0.02145907335632361,42.48239288789097
610,76,n04,0.3196802506745787,0.019911464037705322,38.7077192854655
610,76,n05,0.24001407565036262,0.017546508944563957,36.200373211527236
610,76,n06,0.27507254287711164,0.013453131348448968,36.81198415560818
610,76,n07,0.2559550274063144,0.03354539403127534,54.59180936859966
610,76,n08,0.2257175265939873,0.048421270794999076,44.15384725319288
610,76,n09,0.2700262299417996,0.025233103662766994,43.32447849955833
611,76,n00,0.7007681413462689,0.05396875117831794,114.23516888958756
611,76,n01,0.7592869590887555,0.08732064084818394,111.91176007829996
611,76,n02,0.7700257749234432,0.08070367872911301,114.1320786140785
611,76,n03,0.7071882597555608,0.09070997072906112,121.43768117752899
611,76,n04,0.6665595662723599,0.09554694977165795,104.25698846280208
611,76,n05,0.7467589096668421,0.07906776401442923,107.38838475156876
611,76,n06,0.7836770288376166,0.07303552846901414,110.6965203015056
611,76,n07,0.7289830647659904,0.0850141503763017,91.87006961776723
611,76,n08,0.6947669920044918,0.09173865335055252,105.23565523973777
611,76,n09,0.7220495145050344,0.08332475793543914,116.38725873902357
612,76,n00,0.689552176498489,0.09797409284979156,107.97844852282189
612,76,n01,0.7109315650349013,0.06496485258633898,112.25915856109599
612,76,n02,0.7101361528740229,0.08704440195792863,105.9442437701313
612,76,n03,0.7336244704530376,0.05717511388833896,98.93432295659649
612,76,n04,0.895645702983856,0.09666238768843749,119.57047036047416
612,76,n05,0.6377856885567296,0.04957633754081244,119.85090022715693
612,76,n06,0.7346095095159905,0.08056010548453228,105.91659972973771
612,76,n07,0.7186319853964462,0.09035255225064322,116.79387208178034
612,76,n08,0.790523422718127,0.058273980031992696,107.13946444735653
612,76,n09,0.7292450388322185,0.081215155970359,96.41252172781242
613,76,n00,0.7652222306544817,0.0765116507846361,103.13293532369536
613,76,n01,0.7178171016420023,0.0854788681877652,106.70365993658328
613,76,n02,0.7269187488020464,0.06310414153546845,102.85393385532839
613,76,n03,0.7098458654519744,0.07384567309217377,112.97634131850984
613,76,n04,0.7613344436242852,0.08994073610351955,111.57617730800672
613,76,n05,0.7304810936866305,0.07046925260255614,88.36047397426873
613,76,n06,0.7215866850121612,0.06326648434373518,115.48077517620884
613,76,n07,0.6793070837285453,0.08180249024913816,120.32999749453738
613,76,n08,0.7500942731717775,0.06294922273249837,114.64459201768679
613,76,n09,0.7565082120330281,0.08613373774294875,109.02462289377563
614,76,n00,0.700953159532163,0.07250385931328883,99.90294085661151
614,76,n01,0.7687760128848,0.08733539339194414,113.21217667007468
614,76,n02,0.7080826113498659,0.08755170043736174,112.1114386622272
614,76,n03,0.7165839573133267,0.08014023276337011,107.35444674096257
614,76,n04,0.702823595368116,0.08983357782343078,120.89454809339722
614,76,n05,0.7463827290258788,0.08676913127594785,110.31429316190302
614,76,n06,0.6485426496289698,0.09472291148599336,107.6338274516793
614,76,n07,0.7770677158282744,0.0560913090208425,98.33219844217969
614,76,n08,0.7025668566610852,0.07807362657680648,119.40225657544904
614,76,n09,0.7788094856680668,0.07899922189655327,106.32465412586463
615,76,n00,0.24052334785166213,0.03538488649554929,42.20601498429286
615,76,n01,0.20862748386983776,0.005797857709409517,38.35042226219865
615,76,n02,0.23082759503621672,0.03448883351929034,52.759628898502335
615,76,n03,0.14737193620855016,0.04953779727497992,34.51651324514868
615,76,n04,0.17547154864296838,0.024073767418028132,43.48978479961259
615,76,n05,0.34872554613664514,0.03514808721593417,64.88550910615389
615,76,n06,0.23719959932584658,0.024422382710888754,41.97777305857672
615,76,n07,0.3123728733575818,0.028197199097966443,24.30640275045689
615,76,n08,0.3082537344930425,0.04056609056155454,40.82007446823187
615,76,n09,0.22801292047960098,0.014611019692263841,29.5654772843154
616,77,n00,0.7981607540185235,0.08599817788265021,126.19414189825417
616,77,n01,0.7723680912354457,0.09612971508044574,124.70809465050714
616,77,n02,0.7144781791360844,0.07445643525800076,112.12396052266288
616,77,n03,0.6901387776101512,0.0660889126082185,101.25310391843932
616,77,n04,0.7621799226084555,0.10247217048151516,105.29738621357582
616,77,n05,0.6965892406643176,0.09526453814569348,115.88349401171112
616,77,n06,0.6868410538041246,0.10039164132121509,96.8693392246185
616,77,n07,0.7197768329791092,0.0683376954977074,113.47499229165479
616,77,n08,0.7301243172172317,0.0796868893185504,111.25694760918172
616,77,n09,0.7485478042898326,0.0775828332911355,112.21248239800522
616,77,n10,0.7592304006661288,0.08826246161234563,125.98597170091179
616,77,n11,0.7682927744237803,0.05986043531069326,117.1217060585932
616,77,n12,0.7670057768541133,0.0725720148098645,98.69733853955779
616,77,n13,0.767845281535855,0.07305548871027813,103.52553574128066
616,77,n14,0.7373774805985982,0.08228922472873663,102.12402511571594
616,77,n15,0.7277709655718126,0.08510725552065339,115.71929132088121
616,77,n16,0.6204435511040219,0.0808810057468932,108.56517635711224
616,77,n17,0.7210193489690216,0.1044280953967918,120.92358055020225
617,77,n00,0.7723478357674183,0.07629416917805702,117.33344367071105
617,77,n01,0.7160105958823691,0.08343579433779638,120.76003308512031
617,77,n02,0.7740383005617412,0.050460371210872844,103.70175327427465
617,77,n03,0.7506333072018234,0.08561662503499509,108.80032501535044
617,77,n04,0.6732782412640671,0.05958648490592076,116.38028500547824
617,77,n05,0.6431691755150553,0.0922162562729748,112.06546586468617
617,77,n06,0.7091577279386615,0.07800376281457698,102.40585866062433
617,77,n07,0.8246107415802616,0.09418831120870545,120.1557964581716
617,77,n08,0.6716551697705953,0.06168717315431084,103.44370479454187
617,77,n09,0.7734576581056203,0.07791135115298566,111.48071341383483
617,77,n10,0.8200286936724865,0.0837217513596562,109.50507107626967
617,77,n11,0.7441907541522961,0.08080155995447579,105.01294607302303
617,77,n12,0.6969798990704413,0.09743423583269768,101.125259701394
617,77,n13,0.7724725561595208,0.07440036761821153,109.75799910672464
617,77,n14,0.7026129207810153,0.07724017544166749,115.8142761218566
617,77,n15,0.7345618919724871,0.06766524076891989,114.0622651301736
617,77,n16,0.712543696071149,0.09273230159432104,121.6216173823514
617,77,n17,0.7407836267699104,0.0862860008520373,110.72832906957063
618,77,n00,0.7805012282308158,0.08595359207500318,97.90885196686516
618,77,n01,0.6777220113100576,0.0842155729343872,113.64350475940938
618,77,n02,0.8258509066206581,0.06561286516109413,112.68690493547048
618,77,n03,0.7620925316805168,0.06780762843435731,123.57951549279916
618,77,n04,0.7495619273000191,0.0856989748681178,109.03453756786024
618,77,n05,0.7507931879673423,0.0768744087164468,113.89299468567897
618,77,n06,0.765197272953091,0.06597260695766316,116.84155246792092
618,77,n07,0.7103034597088527,0.09678033843545472,98.43156712249507
618,77,n08,0.7134861123972429,0.08578591937574906,98.36865347005686
618,77,n09,0.725255942333863,0.06556745481652379,102.60291404648729
618,77,n10,0.7297286085212112,0.0932541563075419,100.27370522526415
618,77,n11,0.757149265052904,0.07072285027885106,102.40316166780302
618,77,n12,0.6929923563305613,0.06888103364095637,116.74415504854858
618,77,n13,0.8443663746126655,0.06413161155778352,124.03840282893941
618,77,n14,0.7514996215213469,0.08514525285283937,111.3226477343681
618,77,n15,0.6621810425418011,0.08486343733721977,116.86194330139136
618,77,n16,0.7671658925205,0.1089670035599668,102.6282863960058
618,77,n17,0.6855055128714512,0.0806163606291294,105.67538488548459
619,77,n00,0.6980625138956044,0.08532573845509728,113.79168525228269
619,77,n01,0.6389888274401597,0.06223848981777455,106.40603007932286
619,77,n02,0.7786937347467843,0.10109703875385767,106.2181568187363
619,77,n03,0.8103840660290313,0.08927878685368995,119.50463807103266
619,77,n04,0.7446814672028895,0.07070085851773017,124.78786143554402
619,77,n05,0.6968058208293744,0.05806007005140677,102.54919840310245
619,77,n06,0.7954755279866805,0.06586808259613035,107.8612646229992
619,77,n07,0.7203365008430297,0.0745304886173884,111.89105358909333
619,77,n08,0.8110124269116596,0.04824962286494104,115.66798288785097
619,77,n09,0.6209115870836581,0.07546501999023947,118.98912534509037
619,77,n10,0.744114971306633,0.0641185924652454,110.41207196081092
619,77,n11,0.8048174734354895,0.07817363273383744,105.3687964646178
619,77,n12,0.7411742708625183,0.06859747082353139,112.60793203774541
619,77,n13,0.7591016380688617,0.08427921665869458,115.96349393290068
619,77,n14,0.7302687493454811,0.07123930997433697,104.78541145370228
619,77,n15,0.7692630054756306,0.07904362481973094,119.77799060859678
619,77,n16,0.8005846982605798,0.05517803581628983,112.26091810427995
619,77,n17,0.7620470115341819,0.09554571393233492,104.82754778861744
620,77,n00,0.360802016240389,0.01931660602875075,54.79113680180795
620,77,n01,0.3018128411106678,0.03600448747574258,46.14210283054589
620,77,n02,0.2825311385397129,0.023241938935465674,53.8636510721629
620,77,n03,0.2321884603117006,0.02374469400999115,50.443697117260804
620,77,n04,0.27777443328185186,0.02457831004828082,54.270188070096616
620,77,n05,0.2015036466792974,0.019934699601341678,51.28424234097912
620,77,n06,0.26478495435622856,0.011276580239073221,39.70530914671053
620,77,n07,0.19834507731048182,0.042602438106265475,29.412315575268664
620,77,n08,0.2794025833287531,0.04433326789814042,41.31254854858403
620,77,n09,0.2442379708159952,0.030689073401738407,63.948799288642775
620,77,n10,0.277546933732881,0.03895275207649097,55.9443494908314
620,77,n11,0.257713506015077,0.028167505030512525,39.65991544385473
620,77,n12,0.2709250711952008,0.024287927998674873,47.44877860990197
620,77,n13,0.3052310452818818,0.026082356245465014,51.01466777411755
620,77,n14,0.2862201216251629,0.03011755133116018,38.066348920152244
620,77,n15,0.18957728285688802,0.008542183583854831,45.070918797784934
620,77,n16,0.26721669104191137,0.02106298239570438,45.918673117021385
620,77,n17,0.2678411504099163,0.02106002981147429,40.08537807706453
621,77,n00,0.29097674988469013,0.023491204066524596,36.36249579847503
621,77,n01,0.28247358016167146,0.0386075588418197,46.734631459273444
621,77,n02,0.25179843452955936,0.03341609806313538,48.28089518804437
621,77,n03,0.2519724445265732,0.023955560813835694,47.98799392249268
621,77,n04,0.3152609086951601,0.050311088081727295,46.88024850727619
621,77,n05,0.2617252714203295,0.03119984876816168,57.50824161510015
621,77,n06,0.19586914055059212,0.037412645765226585,49.68021119315129
621,77,n07,0.25785453081857795,0.035217630837116085,42.43785764209184
621,77,n08,0.26069308179993333,0.025645015731204448,28.366965356091058
621,77,n09,0.20707609630875187,0.018792336916201233,40.46236433603426
621,77,n10,0.2862244014303681,0.018963313700273016,57.90092706852288
621,77,n11,0.2225253124043936,0.034126415885720546,49.80299925524498
621,77,n12,0.212901086785251,0.012344496931588358,41.74070574536416
621,77,n13,0.20277353824620575,0.04011069784826467,54.032442081367634
621,77,n14,0.25323375329235637,0.03234861321391801,42.748581515066135
621,77,n15,0.27550518914585514,0.007788244697579778,52.01303801697316
621,77,n16,0.26184375205937443,0.003063741339527866,46.098506235232904
621,77,n17,0.33872502231033974,0.019626834913824057,50.41207096692263
622,77,n00,0.7356236220286485,0.0716416844718571,111.53127402590533
622,77,n01,0.716355692079391,0.10078109544525726,120.18936010258588
622,77,n02,0.7521550033059885,0.08879955605510131,119.65167061626997
622,77,n03,0.7073724687172915,0.07043736098776027,112.57439819339281
622,77,n04,0.6986100641560168,0.06958014396673447,111.95906250129036
622,77,n05,0.7208014274692403,0.08515773326127248,119.00612987732652
622,77,n06,0.628174338766185,0.06566740905373604,112.12363610081258
622,77,n07,0.7014736498968632,0.08329415346671272,108.30856091677991
622,77,n08,0.6670738384536102,0.09483141155125038,104.67161008927552
622,77,n09,0.7920314474889871,0.07467549516996949,106.57464304214157
622,77,n10,0.692689724096897,0.06868273284374299,122.32170449324468
622,77,n11,0.6919499012195096,0.09064856457993276,120.4949337925033
622,77,n12,0.7581848589118615,0.07984741478406633,107.90184327023263
622,77,n13,0.7400394511675918,0.07920777397423283,107.03366788564155
622,77,n14,0.6276880079645453,0.07362133382632655,105.74520935871145
622,77,n15,0.7343149167322051,0.09488926404001614,104.56412513421363
622,77,n16,0.7974272875262539,0.08778988484720827,120.17393456282068
622,77,n17,0.712162994200143,0.0870707311331257,106.69884047610363
623,77,n00,0.25634239255015223,0.032083391394115646,55.72965740928578
623,77,n01,0.278697670523662,0.03628900978022316,51.268078539412514
623,77,n02,0.3174988921213311,0.02281039866143889,38.440480058562656
623,77,n03,0.28207512900398196,0.024956892855836035,28.91889265948451
623,77,n04,0.23801653871129305,0.03033282219144453,46.692858555916615
623,77,n05,0.16523168504229757,0.03890101829056591,54.097032071627574
623,77,n06,0.2770166747976776,0.025663688706765456,41.26965714504334
623,77,n07,0.19922714283734164,0.03127269995619438,40.41960460660955
623,77,n08,0.27223058554512314,0.02334420051612869,56.60441174163269
623,77,n09,0.2118027034350125,0.023818495830349166,49.37402833757247
623,77,n10,0.2439037080883003,0.04690446091553635,37.92503500362101
623,77,n11,0.291454510046589,0.009052047551608104,32.363869310751696
623,77,n12,0.24302176129246816,0.04850242441377654,36.571143657493295
623,77,n13,0.2496324351050401,0.036416175857383895,44.99694654146629
623,77,n14,0.2889301253722113,0.016541672412364976,46.92481485336454
623,77,n15,0.2530396889013741,0.00944342903147587,40.14985260578365
623,77,n16,0.23821759150276473,0.03951706491444512,57.49419921473086
623,77,n17,0.24835612339493607,0.018012118311505787,35.497008523053694
624,78,n00,0.714498163442361,0.06442899233495768,116.88132629857446
624,78,n01,0.6641058734727892,0.08485437990678658,103.96724833398972
624,78,n02,0.7004827668283534,0.05433961455841799,95.78510611145605
624,78,n03,0.7200185905999722,0.07398987141467113,105.84077280881405
624,78,n04,0.8148718242846372,0.08948889477446773,110.6024724477228
624,78,n05,0.7308093755661487,0.08312169062110457,116.16632339933983
624,78,n06,0.6834988389930443,0.0899410082937228,115.22828629554351
624,78,n07,0.7679167726482701,0.05940739866977979,116.6357511747649
624,78,n08,0.7353587269917863,0.07975532907747929,103.5267391856451
624,78,n09,0.7205599443553159,0.0921015500966653,102.08708233993924
624,78,n10,0.7116083732033894,0.06773881544803076,118.3132235486761
624,78,n11,0.6413306875743883,0.09125333661930604,103.75041626678774
624,78,n12,0.752802837328633,0.07000807382592193,103.96674276048377
624,78,n13,0.6829346879675128,0.07983808014295793,124.34984009615125
625,78,n00,0.25732004129028463,0.03730914207777014,38.951225898343075
625,78,n01,0.24487356730756155,0.0257660857333357,52.28623325815874
625,78,n02,0.26256308626029534,0.03024344637716838,45.56728498736513
625,78,n03,0.25149857995157326,0.02635098360807879,42.70657913236754
625,78,n04,0.2214990268342151,0.030562532385919244,33.239108703205986
625,78,n05,0.2540638941426378,0.02632867461924541,29.496887332041183
625,78,n06,0.16040224992988672,0.0075017555717424335,48.956046221907656
625,78,n07,0.2949812990292451,0.024875622233590928,49.022091468709405
625,78,n08,0.2585396450884448,0.03181457331904783,49.313593881441896
625,78,n09,0.20760715392070403,0.019738841484803614,36.929397741847204
625,78,n10,0.25002875539230857,0.005642540917839254,57.15488124229758
625,78,n11,0.2604243994482331,0.02429842496128864,42.35640861878474
625,78,n12,0.19747801411236693,0.03135702760768608,24.425592413948216
625,78,n13,0.3275576274027974,0.01898847733563061,41.809161781910845
626,78,n00,0.6787331752542011,0.06950773362212721,106.75222063835197
626,78,n01,0.7493020942270696,0.10243890277033625,110.20568780987088
626,78,n02,0.7268720046635545,0.09089681468906197,111.49070850837285
626,78,n03,0.6725601302691957,0.08947455421561719,125.24949546063318
626,78,n04,0.7518776412994597,0.07624827387521639,112.2575471811231
626,78,n05,0.7169048705767538,0.06749891765880078,112.75874570739745
626,78,n06,0.7055881637994518,0.08108612962862881,115.51439431967378
626,78,n07,0.7509340263498251,0.07937971749349476,109.76835413259016
626,78,n08,0.7189913641891488,0.08530488302590628,109.62003949998355
626,78,n09,0.7697963741826236,0.0803801203686162,110.126065284597
626,78,n10,0.7369243925505972,0.09218443418125866,108.413961676604
626,78,n11,0.6929297076759707,0.05912029923037761,108.03917075696337
626,78,n12,0.7549538416082308,0.07512185424969171,105.1060214792872
626,78,n13,0.7387945483528588,0.0785386599229372,114.77009751230345
627,78,n00,0.6158201849907005,0.08976087321414132,105.4204290182647
627,78,n01,0.7788698355262824,0.06784481348907073,98.70562902578376
627,78,n02,0.7292630483807655,0.0862514325622657,109.69136759959663
627,78,n03,0.7260781735304359,0.06648286936695995,118.77520823521698
627,78,n04,0.771432007759937,0.0713690297849594,98.37905654465719
627,78,n05,0.6980858085705242,0.08902317605944067,108.2332743327387
627,78,n06,0.6553789120212685,0.09330286631726681,93.7553424888409
627,78,n07,0.7098676238738878,0.06709059195006738,107.35832547080003
627,78,n08,0.7083148377664295,0.0798145652618132,100.09080752605574
627,78,n09,0.6656385565591444,0.07094120568896381,110.4033145221988
627,78,n10,0.7269862959534149,0.07818101582692659,101.1760778732645
627,78,n11,0.6774626641297493,0.07643555757866695,104.27741159327704
627,78,n12,0.7669753438408352,0.07445825067749613,105.70723846978433
627,78,n13,0.6417669106043349,0.09375504473880934,113.73411473725403
628,78,n00,0.2186150808938664,0.017080560378110586,37.592077355152234
628,78,n01,0.2085137179265171,0.03871273930046718,50.824260517714094
628,78,n02,0.24528275369605762,0.009606237003852828,42.020314779325254
628,78,n03,0.18475945154055695,0.04553673767339035,66.97604320772247
628,78,n04,0.2562519160863851,0.023323965921746907,48.25364503340991
628,78,n05,0.23821020998547782,0.0526393820098395,39.0670203584112
628,78,n06,0.25207247880320705,0.02601346107694639,48.23111824139103
628,78,n07,0.27865868719118686,0.020187482102289805,46.47912349538369
628,78,n08,0.24915274919020483,0.02939980532351227,54.04149476931509
628,78,n09,0.2715507173506716,0.03199459324631474,51.030403131855294
628,78,n10,0.13915535857803196,0.021366335271894098,33.485231024027755
628,78,n11,0.260280101308379,0.02659224176223202,46.23684266986291
628,78,n12,0.21393856439510855,0.03135531072350531,56.63637223120845
628,78,n13,0.2261840137622818,0.038852562876630886,38.77713517605338
629,78,n00,0.6780322338403796,0.08784007740601438,106.49388732785214
629,78,n01,0.7339027252498159,0.09392752070067976,100.33895924814372
629,78,n02,0.7097776395382892,0.05694061890863436,116.85845612511368
629,78,n03,0.7032664285757422,0.07229259586384106,107.27537794370032
629,78,n04,0.7072899094214374,0.0897665810758227,119.19217100417181
629,78,n05,0.7954135952866612,0.059072414345920116,103.05340111585551
629,78,n06,0.7364284633985286,0.06447317361587834,106.96687110768296
629,78,n07,0.7257337611746759,0.07645888164953885,122.8367596428402
629,78,n08,0.6907139258733039,0.06809377539925787,112.03501649052042
629,78,n09,0.8122344619971387,0.10521443499750736,95.40944639267005
629,78,n10,0.6940469924485801,0.09371971784450134,115.69074281196997
629,78,n11,0.6942071272554949,0.09357732381594773,101.5734093697479
629,78,n12,0.7223527948810076,0.08248841089685921,108.79354929964968
629,78,n13,0.7330874648530536,0.09128510910346394,110.40427899865686
630,78,n00,0.7571928703515822,0.08916809602761704,103.00240900873825
630,78,n01,0.7721563091713937,0.0743821129619737,100.79249307614154
630,78,n02,0.6803856781732288,0.1069558571675109,119.42814575818178
630,78,n03,0.7038678842158232,0.06719261779788274,107.65330871906782
630,78,n04,0.7701509692805012,0.08300876644303078,105.24945612208107
630,78,n05,0.7263331873242647,0.06766174032956757,115.38625862637568
630,78,n06,0.667327398000592,0.08626115673582893,106.87192449759794
630,78,n07,0.7313998076358512,0.08047092593252193,94.16708667205839
630,78,n08,0.7324645215450784,0.06948097792827436,101.2274214022224
630,78,n09,0.659353302628447,0.09540774937428881,110.10633951770112
630,78,n10,0.7116593746688318,0.09138154978851146,115.19538014784968
630,78,n11,0.7213961389079354,0.07405087132369899,106.21640478432184
630,78,n12,0.7417597038622528,0.06425594827539405,96.46932391530478
630,78,n13,0.7543056511415404,0.08089903378077432,101.48455622512262
631,78,n00,0.25640567559253546,0.03380375938425352,43.247694495199724
631,78,n01,0.21790435437409375,0.020972628739283683,36.973639307449204
631,78,n02,0.2561520154965137,0.03779318817331819,43.98821964325237
631,78,n03,0.22018663547146256,0.0372227104015077,37.18396622792169
631,78,n04,0.2767854960845609,0.03508454191552793,46.4574364112126
631,78,n05,0.19455394315176117,0.044670947332738443,40.30431038830018
631,78,n06,0.23634303591884057,0.02469634519433956,34.70992797825508
631,78,n07,0.19796485669656622,0.015733281220422272,43.40533806478332
631,78,n08,0.16457348629276497,0.018558036167056886,50.34847710363259
631,78,n09,0.23995390335543065,0.03116502392862033,41.3981141199596
631,78,n10,0.2298615116500149,0.024161450464833385,40.640474500417135
631,78,n11,0.21320748462012712,0.022705196545425205,44.32316453770424
631,78,n12,0.2597258364666856,0.0398962817469858,41.18254060834355
631,78,n13,0.2947631685645361,0.032598484303554984,54.8869373067743
632,79,n00,0.6865661896968954,0.09587933302299115,114.37974114811331
632,79,n01,0.677726729731092,0.06743543151738011,105.66959910719748
632,79,n02,0.6678261251040715,0.06994807612620776,115.05112890775185
632,79,n03,0.7716209177837595,0.05674156058346562,112.70609235898583
632,79,n04,0.687969047934509,0.0952157844390586,102.22995601464487
632,79,n05,0.7445515704834331,0.08752620919017548,120.3277446678483
632,79,n06,0.7099207714133486,0.0977527506634413,95.77366613109075
632,79,n07,0.7913153559708831,0.0659392374257215,113.71733293614038
632,79,n08,0.7352202474811768,0.060507399876725196,96.5073240695021
632,79,n09,0.7750747248945761,0.08509424330865921,120.1571060365297
632,79,n10,0.7047774911499395,0.08164090731088817,102.65288292302634
632,79,n11,0.6509900253814356,0.0625911012200847,113.90408521968561
632,79,n12,0.7328081150336354,0.08927388140005083,95.33279106246441
632,79,n13,0.6257865341243241,0.08330626084727788,115.72471222094221
632,79,n14,0.7232272306263305,0.09630030529762576,101.80441500359098
632,79,n15,0.7132883031773667,0.0797456729298688,102.83653610096893
632,79,n16,0.7566918216772193,0.09757538137571213,103.36104236804309
633,79,n00,0.243036844006785,0.026458563340106638,38.10638736618443
633,79,n01,0.3339517367172324,0.021810557411820215,50.58451299412593
633,79,n02,0.3071459272975284,0.027702765696783142,57.785166910006566
633,79,n03,0.2462600774375432,0.02690153702404022,37.541243505313346
633,79,n04,0.27285009042207486,0.039428441064892454,45.930702759776274
633,79,n05,0.1910960037605238,0.044963507303097505,37.68765672506668
633,79,n06,0.2808556184918351,0.03523815848937237,52.29372381723421
633,79,n07,0.2882606988626746,0.016612755256544664,50.85558998157387
633,79,n08,0.27119692807444024,0.029094602594117263,53.489160613458345
633,79,n09,0.2760074603358155,0.008440593227280791,39.250434435796095
633,79,n10,0.22127429709897345,0.02112898038904694,32.60987918073155
633,79,n11,0.24647530835162965,0.02034864931131558,45.97351480259429
633,79,n12,0.2489093033606294,0.031509227000464116,32.43765716634162
633,79,n13,0.2668711592299465,0.050599053120182286,42.283620322063996
633,79,n14,0.247230659856406,0.04465306002338536,27.313504670606374
633,79,n15,0.21012552519505856,0.04100548436483887,49.83728665155159
633,79,n16,0.2874396446640396,0.010513187790081698,49.19051198481947
634,79,n00,0.25209186605299616,0.016829103624591252,51.71845314448865
634,79,n01,0.298746496751648,0.045098791892455574,43.16934934873684
634,79,n02,0.24829587632441147,0.0233753838937327,36.67221954061198
634,79,n03,0.22506492880000198,0.021162230588532883,47.61276828327794
634,79,n04,0.27670619083388964,0.041995947050993444,35.208276029215114
634,79,n05,0.2765877402205118,0.023434305233783762,39.29072714287477
634,79,n06,0.22969342461860748,0.031736499731436975,52.64127158297707
634,79,n07,0.24813745356366615,0.017818277531027105,49.6572740933436
634,79,n08,0.3282752915381732,0.05424280470771904,40.81791579763831
634,79,n09,0.2473705370878547,0.04130063567948854,48.97654530396247
634,79,n10,0.23218624411124952,0.0348848357050317,39.60915530987553
634,79,n11,0.2734212115264261,0.03327727033028032,59.072012758055685
634,79,n12,0.23077061358361173,0.018365955278067204,40.111513349358454
634,79,n13,0.272319414605166,0.029011443247986556,50.3124512477264
634,79,n14,0.2948112611531953,0.027639152435069623,53.14310632699613
634,79,n15,0.13937483771282594,0.03439362272318305,44.48944680158617
634,79,n16,0.2091064450822858,0.04702289987793455,38.9312766117451
635,79,n00,0.651475189633786,0.08151740376566842,111.18616368006224
635,79,n01,0.7594217606032309,0.07886567280658144,106.1794475012725
635,79,n02,0.7198937932707746,0.06061584454893122,123.96184020497178
635,79,n03,0.6926851338438732,0.07915228525192185,117.53603987853393
635,79,n04,0.7393570233731227,0.09003146925684702,123.48445182436853
635,79,n05,0.7808151952401436,0.06698604513513362,103.41522747392783
635,79,n06,0.753756841930434,0.08243009946096955,124.49894764721185
635,79,n07,0.7329957926541764,0.06624546772436939,111.21980733031148
635,79,n08,0.6933860288951549,0.08560026960099508,112.56247742402647
635,79,n09,0.7228266011115148,0.07436038724645809,101.6293724683727
635,79,n10,0.6971745367372553,0.07119886984824306,115.58285854918036
635,79,n11,0.6618203699569266,0.06853815613518703,124.90567739139159
635,79,n12,0.661595190767564,0.08523517275289966,117.75736828302978
635,79,n13,0.719797737002463,0.060079197770247866,102.4195388694298
635,79,n14,0.7624394978104326,0.06283698984823056,109.77274806745925
635,79,n15,0.7842273723215383,0.056935772284261936,113.68033475523897
635,79,n16,0.7730041306477294,0.06495369141903196,107.23640017878994
636,79,n00,0.7467605443672917,0.06766668175200045,111.50158032937372
636,79,n01,0.6723475910738907,0.07740024830528448,96.51354047921035
636,79,n02,0.6760460780620486,0.08131110091352527,114.4212162630712
636,79,n03,0.7358206053216583,0.057345075352919536,100.23545260312522
636,79,n04,0.7558397919171708,0.08107553818273523,99.98086379262472
636,79,n05,0.7937351541726461,0.07161299106357447,121.55090046274829
636,79,n06,0.6311323601295475,0.08392575858975133,102.21267946050145
636,79,n07,0.6587167902477238,0.06914187121800239,103.84107450268601
636,79,n08,0.8293240328488568,0.08982471797274076,120.20336881066109
636,79,n09,0.7447714237999553,0.08071311108062443,116.56601574335403
636,79,n10,0.7413727107750326,0.08412642092223988,105.33755825408635
636,79,n11,0.6848010676095002,0.05512532824653647,108.90923468731779
636,79,n12,0.7150775293118488,0.08026595122405186,103.11155579876366
636,79,n13,0.7230532164354753,0.08635483223437686,99.59786548111447
636,79,n14,0.736943487797399,0.05882299908347158,112.89541518077472
636,79,n15,0.7791190653800756,0.06577354101657591,104.8792285827068
636,79,n16,0.6799074911123028,0.0838288479222612,113.09817028191733
637,79,n00,0.7866494102410866,0.09800591452252833,102.55398929315592
637,79,n01,0.693072166972207,0.08773416930263446,98.68682397309024
637,79,n02,0.7478214743939258,0.0921369134727965,100.0583771358009
637,79,n03,0.7104906615771609,0.06104616929861312,114.85199180745748
637,79,n04,0.7544558641519432,0.08634012680486183,113.65648234824478
637,79,n05,0.6367440466482361,0.07971071528485972,112.2435473916616
637,79,n06,0.7625711011662625,0.09510826605585831,109.46854053785243
637,79,n07,0.7806309924160765,0.08968769042532583,120.1333792241108
637,79,n08,0.698659715908737,0.08969740553393361,108.29777450534803
637,79,n09,0.7355098747843957,0.07351832841837468,109.26256081204156
637,79,n10,0.7543461455017448,0.07639798014714393,108.4436525809191
637,79,n11,0.6795975619009794,0.08401223804222066,116.29682383413811
637,79,n12,0.7245037736249925,0.06501486124590726,107.21371875843424
637,79,n13,0.6978210054981938,0.0999322920628983,112.35186603257512
637,79,n14,0.7757962872006987,0.07128241534290139,114.61576070802738
637,79,n15,0.673094502020032,0.0958854582333823,89.21749028844783
637,79,n16,0.6801023108006904,0.07111798626444456,102.38303486425016
638,79,n00,0.7650001027222166,0.07599318450905415,118.40031901075112
638,79,n01,0.724980140819334,0.0755494583984963,100.13051536756518
638,79,n02,0.7391052909555399,0.07866725206333929,123.97405774958905
638,79,n03,0.7367617247364844,0.08806726543685742,109.44020321713494
638,79,n04,0.7204166938957587,0.07125609446132072,111.58935481849878
638,79,n05,0.7125897748508578,0.07185852602179775,121.11425772578207
638,79,n06,0.7098544469384374,0.06944076695903187,112.81317053933748
638,79,n07,0.6579871108308236,0.09887495030044331,128.35696753565284
638,79,n08,0.7199753559972847,0.07336213488967647,109.67901674878595
638,79,n09,0.6901555967907391,0.075447451097527,105.5668867904629
638,79,n10,0.7760256719875094,0.09019611271909017,111.06428274623971
638,79,n11,0.656336166938568,0.07629407451524646,117.22918388965837
638,79,n12,0.748711788776813,0.08383381712167712,126.79826243006883
638,79,n13,0.7444882557408171,0.07122421129598733,134.80606423043196
638,79,n14,0.7509956175103103,0.0725951674754686,105.1432161266613
638,79,n15,0.7500436516741333,0.08599316471662578,117.99648077237961
638,79,n16,0.7327583545658042,0.06986772082936972,103.5201360296457
639,79,n00,0.22743323932097703,0.026013234167664868,42.74834891758878
639,79,n01,0.17954999812225214,0.016961660551325176,31.196343645281143
639,79,n02,0.3095950500218108,0.04125482467641142,60.55047294452929
639,79,n03,0.32470043317790165,0.042997958974906846,29.546091821840744
639,79,n04,0.2664728261210668,0.02113995921675855,40.03898293436368
639,79,n05,0.30355029669258,0.012773671604219952,55.15143085343293
639,79,n06,0.24905412888642892,0.019735486960015605,46.10988167739612
639,79,n07,0.2862911955238772,0.04223865884802899,43.03791402733102
639,79,n08,0.2721771046128141,0.03126818553419803,51.33637217274985
639,79,n09,0.3186658596728957,0.013876337145870034,42.92249981304959
639,79,n10,0.22827096289079585,0.02819493347032197,66.26992042078277
639,79,n11,0.23320253699241467,0.054269935093819444,59.234473423688215
639,79,n12,0.2675500012945669,0.03608417203585954,57.81312268918346
639,79,n13,0.22190936159339145,0.03540506187197717,48.950008684564395
639,79,n14,0.29483137105702745,0.023919565510091233,44.94487535245901
639,79,n15,0.2591011531727301,0.018538673986821075,49.72976434555729
639,79,n16,0.311483463232722,0.03815475204027509,58.23987128234531
640,80,n00,0.6677404539611684,0.08998510587097014,99.55358802242971
640,80,n01,0.6942113770499715,0.06628268101195467,112.20106122837562
640,80,n02,0.6686845532595094,0.08224862217960192,117.20248768438772
640,80,n03,0.6899197707838196,0.06900043829428239,112.99139580364123
640,80,n04,0.720562317614501,0.08009921736388956,107.38774160562724
640,80,n05,0.7310027052468571,0.09240002861542558,106.04961867709643
640,80,n06,0.7973176639928228,0.061470023315997366,128.53976039463328
640,80,n07,0.6006858645760524,0.09454078552519679,108.39434224673013
640,80,n08,0.7162674048350897,0.07894802669017238,107.86036240779366
640,80,n09,0.7590469722056375,0.08896803692870996,104.27580136165653
640,80,n10,0.7778426487552313,0.08411409940198886,108.43737728650244
640,80,n11,0.7525782981283743,0.07805472739209433,112.96672037774131
640,80,n12,0.6728623808064654,0.08205313259890411,111.36789760303031
640,80,n13,0.6368023546624534,0.09642276625338242,112.55307360481063
640,80,n14,0.6645480593696864,0.07064809672704318,106.12813663318718
640,80,n15,0.6840654102004593,0.0721494212487026,92.1678291011296
641,80,n00,0.2132244497859404,0.02471043784692313,46.00660991385628
641,80,n01,0.3193772409660801,0.018849151916803315,56.16034402469085
641,80,n02,0.2927555858979427,0.026796064403370096,50.43341936896255
641,80,n03,0.2381364101474637,0.04311745050318998,43.73324414142833
641,80,n04,0.20514676144400024,0.009543605790933593,41.50423550532815
641,80,n05,0.21260523984894542,0.028754256957374966,31.345630795837174
641,80,n06,0.25402424218848224,0.043178740206626744,46.136341817563824
641,80,n07,0.2765184304962694,0.04015492078522705,45.581718822113125
641,80,n08,0.27680684019087864,0.021416062101561807,43.72226914442391
641,80,n09,0.25369578347505944,0.04792231263199659,57.79154930414357
641,80,n10,0.27185446088063075,0.028170321535417674,47.66328170864292
641,80,n11,0.18071849862748607,0.02967989505667246,58.51782677749509
641,80,n12,0.31660968800101547,0.02289409186972104,31.125058995555573
641,80,n13,0.2502794348987056,0.04030883573523915,36.04575042080552
641,80,n14,0.32664891613113767,0.010116063177628226,37.79697582720755
641,80,n15,0.23715803904996913,0.01158147421394392,36.84010346039645
642,80,n00,0.7849949035577806,0.09661226836091119,102.20298783922674
642,80,n01,0.717761532941358,0.06321428455199549,108.00397380784185
642,80,n02,0.6355452030241521,0.08546903522097617,108.20500703379291
642,80,n03,0.7023913237922703,0.08389452440988732,116.63276207366631
642,80,n04,0.6946045120223934,0.08687027656523374,120.34870750024515
642,80,n05,0.6954239168578056,0.09896353781528695,113.59001806095459
642,80,n06,0.7562296781901134,0.07370405177950008,102.80266536928634
642,80,n07,0.7553154455766803,0.05669670189791484,109.48995088753614
642,80,n08,0.7534532951207601,0.08650270769093119,110.07064662387972
642,80,n09,0.7749371504395034,0.07117675086026848,106.69817903353562
642,80,n10,0.6283278411004478,0.08607753435254134,115.1163329816394
642,80,n11,0.6876169095520823,0.09678058092203443,114.1653833400522
642,80,n12,0.7333351633618007,0.05282640283542195,90.58268167460116
642,80,n13,0.7747398064407391,0.08171737727334175,104.3447734434923
642,80,n14,0.7121150865121352,0.09047838054136807,103.7003696780352
642,80,n15,0.7085553442373219,0.08376964907733378,113.50036739730561
643,80,n00,0.7001312945221749,0.08193710226831825,113.88396956099687
643,80,n01,0.6972166745396939,0.08335497817924063,99.02971367810147
643,80,n02,0.7260345976426295,0.08554780650180951,110.58760896780757
643,80,n03,0.7601225253974828,0.07295371916152979,109.16240369244623
643,80,n04,0.6462182370292023,0.07399623065405224,106.23150217544054
643,80,n05,0.7306725410631196,0.09364212639130919,104.30337813874912
643,80,n06,0.7485883810321505,0.08886113739008737,109.97266066505964
643,80,n07,0.8232490176871522,0.08258622041301117,112.48932712070378
643,80,n08,0.7709394424976469,0.0732916272445325,110.59478117225554
643,80,n09,0.653056396318816,0.08836019022044442,110.36086476864959
643,80,n10,0.7888368104858359,0.0881082598293561,109.0739990229156
643,80,n11,0.7232026312789384,0.06675280717883841,113.04791342185459
643,80,n12,0.6689443699812367,0.07568184728601249,110.89607104842484
643,80,n13,0.6805479523695702,0.07551334670564246,97.70500285394465
643,80,n14,0.8235446927512503,0.07890017611225152,104.98266743425236
643,80,n15,0.7424416735114112,0.08417295260522002,120.30593781158561
644,80,n00,0.23301746497728915,0.03693564579746036,43.39338082892581
644,80,n01,0.3112489857267233,0.04216553455227395,49.28055274340876
644,80,n02,0.31690136034298033,0.03927040523123014,54.335641813106136
644,80,n03,0.30223294695024455,0.03777357670241787,31.225823148202217
644,80,n04,0.22598276847939894,0.027479917724561938,39.71582210611305
644,80,n05,0.2397051213373017,0.03680604390060594,54.30520125907929
644,80,n06,0.3116905994113057,0.04641025725289841,54.163486764025514
644,80,n07,0.1993020418409318,0.031082482782073224,44.09824801253226
644,80,n08,0.2514269136353774,0.014151774281079065,47.862764530149015
644,80,n09,0.21564822868248357,0.057047752717386026,57.995242852407074
644,80,n10,0.23795901607825726,0.014231229821526255,50.63495182066252
644,80,n11,0.26897977726943223,0.0062296375259435904,55.868642182021645
644,80,n12,0.2755966627025966,0.01815598034324989,44.107570146193964
644,80,n13,0.24143134871709926,0.03436274948214619,48.83335139759608
644,80,n14,0.23164784724845638,0.03127354024395286,48.514688859956905
644,80,n15,0.2856885472074194,0.03783668687362745,40.07877335569327
645,80,n00,0.22087156862249496,0.032422952920141176,50.78666039301602
645,80,n01,0.179260465877623,0.026557383738295495,44.74370183313056
645,80,n02,0.20364991234925303,0.027200419407053682,27.79983001706879
645,80,n03,0.21596728984668045,0.02953219473059564,40.57321584114325
645,80,n04,0.2674958041706588,0.04632497796834881,42.18256158199857
645,80,n05,0.27167183481549756,0.02084599752590075,35.093135841355526
645,80,n06,0.29921890206773627,0.03708726440768892,54.24382390496029
645,80,n07,0.2577758345991004,0.02479733175734265,36.56073850274966
645,80,n08,0.29855373013619246,0.02862629369380502,42.95161892700551
645,80,n09,0.2512940379973981,0.048170812955286066,50.299757050042004
645,80,n10,0.2591989683720173,0.03168692387528368,47.49364199964019
645,80,n11,0.28749707038452454,0.03328092892282369,44.22901352764086
645,80,n12,0.1925124974872222,0.035305301611692985,51.57792079152443
645,80,n13,0.2431918642081502,0.025840270510442256,43.814834426549815
645,80,n14,0.25122450330113,0.04395434810927529,42.43778129141788
645,80,n15,0.2662856810292648,0.024149170788594455,48.97621403589247
646,80,n00,0.22202565208038083,0.02718414513711374,49.49951996332924
646,80,n01,0.25490237605692795,0.035218610989499355,46.35923180982512
646,80,n02,0.26776895460541633,0.045289326674705206,43.19136507731204
646,80,n03,0.24616473010621528,0.04270572787604625,57.07509214950977
646,80,n04,0.33062124429113576,0.03334205340398105,52.859694994899414
646,80,n05,0.2249488366235678,0.026989443029997458,25.448267569067845
646,80,n06,0.1718030638933081,0.019346392264152964,43.22539301892067
646,80,n07,0.23371410613200266,0.04081353691255722,54.14951005499156
646,80,n08,0.2621329421144368,0.022106189452644687,42.675750914396545
646,80,n09,0.21979883652034182,0.0292585586643398,48.44730064057761
646,80,n10,0.33991420283157425,0.03163106341304123,44.52856014047546
646,80,n11,0.24022410840812738,0.036331885017672705,41.56104927144925
646,80,n12,0.2264367164629262,0.03777450463789236,57.922273877583
646,80,n13,0.2480717844462331,0.04618774709686754,50.09859756719817
646,80,n14,0.25986248139875373,0.01775243815224185,26.0257599197741
646,80,n15,0.3104826676548682,0.022069192173190033,54.511688982673306
647,80,n00,0.6598288526683893,0.08339146397342188,120.9759726870975
647,80,n01,0.7706324937594886,0.07690286580112697,107.073937478327
647,80,n02,0.7352861794476417,0.06392609669000597,111.49992241073618
647,80,n03,0.6569202676570552,0.06736420255150366,113.26702271021217
647,80,n04,0.7792460672943068,0.06483655677569342,104.9434016190243
647,80,n05,0.7669180466281854,0.09375607021713996,117.90333296325838
647,80,n06,0.7779498415901701,0.08850407776800522,97.47896323605306
647,80,n07,0.737796108719329,0.06434797258389485,106.587205311272
647,80,n08,0.7641615630338014,0.060753627122478115,112.61905674361861
647,80,n09,0.7597664228121037,0.06745171067578394,113.14474054476777
647,80,n10,0.7176818438380325,0.07830826825200993,100.1167280666476
647,80,n11,0.6804371180620721,0.06916561932956833,121.56166273399924
647,80,n12,0.6917229642642202,0.06955538887197388,118.4056288596728
647,80,n13,0.710690282215597,0.07159379253859274,110.63668249205722
647,80,n14,0.7279699532822098,0.07286246129562496,103.56110003718194
647,80,n15,0.722530086244891,0.08487823066925104,110.84797799812199
648,81,n00,0.7459298634911998,0.08626602395423043,124.16856983026283
648,81,n01,0.7528076061838018,0.056437587220266455,108.63147872915243
648,81,n02,0.7978065544889887,0.08053106324767467,112.80036878245568
648,81,n03,0.6426316375646907,0.08220869319266359,116.08837524897577
648,81,n04,0.7098897276462521,0.06134839320880268,119.8399877807457
648,81,n05,0.6752035209655619,0.07928055605738692,115.67842128465253
648,81,n06,0.7512720821968771,0.07571105260036796,113.3712181633014
648,81,n07,0.748720313586211,0.08622419015315538,92.81304913690988
648,81,n08,0.6939548716668024,0.10298329069419235,125.35939134733665
648,81,n09,0.758237065931062,0.0605080267036935,111.0063261209224
648,81,n10,0.6860826410281248,0.0561599461867297,107.76511014056403
648,81,n11,0.7158126529598619,0.07082090640651521,103.49659814686899
648,81,n12,0.664471930122328,0.08748331379788071,100.07323097949848
648,81,n13,0.7145286257029592,0.07610062444775169,93.00485668751504
648,81,n14,0.6942229414971822,0.10051847575867179,106.60332240422304
649,81,n00,0.18980456950112135,0.04734019582175242,38.013164240251214
649,81,n01,0.21386786641924826,0.02819200570638824,48.65053389330203
649,81,n02,0.22007709100462125,0.03967994165829886,43.19284056869118
649,81,n03,0.23253055123960628,0.015545713628189623,51.97083346016913
649,81,n04,0.20643202838331418,0.03869221235364552,56.36135876209035
649,81,n05,0.2878976478058745,0.02677960507423732,26.650065568883285
649,81,n06,0.295406797587769,0.028020733740034148,53.88037675922335
649,81,n07,0.22310686941651575,0.025711443314361884,29.719854126476562
649,81,n08,0.2835247251557725,0.05895781054633871,46.5984375466658
649,81,n09,0.27667815327140227,0.015032317279936397,46.567387773994135
649,81,n10,0.2876112223451827,0.03581718399860343,40.106095772063405
649,81,n11,0.27585699751323794,0.030587451585347213,42.92962197638953
649,81,n12,0.21615379805986218,0.036035383923701564,42.90475393465836
649,81,n13,0.20964088699555203,0.0188577629880829,40.137401370228524
649,81,n14,0.26539978494243377,0.01016290561733647,58.08213638352771
650,81,n00,0.7081118925463832,0.06708485304909312,109.03442974371356
650,81,n01,0.6200437782117204,0.09950843010557675,108.3382301216953
650,81,n02,0.6566466522297839,0.07449852706568319,125.0137052027962
650,81,n03,0.7530677591997584,0.07797847775865013,111.8435854204763
650,81,n04,0.8628034371626574,0.10114590080651092,100.20117742242707
650,81,n05,0.7004506177157279,0.09704931856950758,118.89883489214017
650,81,n06,0.7264432502848217,0.07155628378047327,104.1216524062178
650,81,n07,0.7496839948471448,0.08486536699824712,107.76068113837606
650,81,n08,0.7265159712784596,0.08472092862283943,108.55796511902358
650,81,n09,0.7256771653367637,0.09492342109701941,110.8628829350926
650,81,n10,0.7386618382262947,0.0589592800088955,104.54231184010239
650,81,n11,0.7006694299408366,0.06961782547726716,116.05263755199212
650,81,n12,0.8483417915802729,0.07999373743341831,100.50728631786531
650,81,n13,0.6660208585702682,0.06740782680795386,111.37549133342227
650,81,n14,0.6893974834188867,0.0544765278548202,112.86776387533195
651,81,n00,0.7571933585043645,0.0848991822867873,112.40694812896187
651,81,n01,0.6552718473168854,0.07740981663382356,101.69054668371703
651,81,n02,0.7182429219625868,0.08272771490198139,105.21004903647743
651,81,n03,0.6835433151621938,0.040547057160199164,115.74183512966721
651,81,n04,0.649911279541896,0.0839732276508433,101.896053217638
651,81,n05,0.6813685457469234,0.0889454211550926,113.82155109405434
651,81,n06,0.696315264565929,0.08945021199431279,104.81537186698226
651,81,n07,0.7567546843671714,0.08701165360446149,119.44098614099701
651,81,n08,0.6960174302653322,0.06602680171882573,123.75025085748219
651,81,n09,0.7387022406802388,0.10128008563453253,89.66032928741949
651,81,n10,0.7386656959145237,0.07842994043462767,113.10361016165072
651,81,n11,0.7602177050387818,0.07135038457550909,118.40556496809565
651,81,n12,0.7603221093003061,0.0640383119813079,107.43185608452411
651,81,n13,0.7280174913399393,0.08569419607291368,113.18830314091835
651,81,n14,0.7588789824753421,0.10789765033969191,122.11446167144896
652,81,n00,0.7293678782657336,0.09550732139500846,98.44239216685092
652,81,n01,0.8205066846229762,0.08000909199146487,110.8709202092854
652,81,n02,0.7324234675274912,0.10764765799091551,118.98713118668192
652,81,n03,0.7601225257670612,0.07901931140241535,101.54604088892063
652,81,n04,0.8183639402275298,0.1076224201668382,104.56840637998546
652,81,n05,0.7588046659610509,0.0766306149728598,103.62951795881331
652,81,n06,0.7358657348979053,0.07842830600303492,119.38049199662252
652,81,n07,0.7095950519173825,0.08898649610756318,104.3734560975165
652,81,n08,0.7208647197974245,0.07774723989883825,105.23579524383584
652,81,n09,0.6702369952100669,0.06756794805236666,105.75080020297766
652,81,n10,0.7090335957764977,0.0700874758268386,104.16354068827872
652,81,n11,0.6277215651100897,0.07721986134757182,107.90427345434027
652,81,n12,0.7425579942797846,0.06932311431120115,125.80527924007856
652,81,n13,0.7554947507111825,0.08227920533338451,111.24917710034136
652,81,n14,0.680333145101789,0.09136121692351323,104.21985694391307
653,81,n00,0.7455352656642212,0.0894836103270506,98.07105966081139
653,81,n01,0.6928530617087024,0.07646290035639466,107.99308751700733
653,81,n02,0.6760983081938844,0.08066740219500522,113.26970301136267
653,81,n03,0.7388433452175296,0.07987247577084304,121.76418710218208
653,81,n04,0.7288325463679275,0.08043337711379099,109.91553902667636
653,81,n05,0.7685154430568548,0.08013249023123602,108.0244124828367
653,81,n06,0.78454837892403,0.09371536344199181,113.78768520725954
653,81,n07,0.740147031879323,0.06713875655870342,109.33085146597188
653,81,n08,0.745526476037047,0.07147280120826954,95.27706113119646
653,81,n09,0.7434587826608512,0.07582799685799134,100.31535867554588
653,81,n10,0.6492717485632056,0.08210190147108562,117.75990576231003
653,81,n11,0.7119551859462709,0.09620035922385814,94.68709606183137
653,81,n12,0.6749000754140058,0.08429582353292463,102.77909261295552
653,81,n13,0.7835079950653797,0.08597184693324253,125.5456951850037
653,81,n14,0.6550214529429679,0.06918571415394807,113.07210566816318
654,81,n00,0.2263616180316645,0.03722494593194076,42.874049246111134
654,81,n01,0.26687751352085987,0.037151431563729284,37.232497690155526
654,81,n02,0.1968025227782126,0.029796927112860853,47.84033319028729
654,81,n03,0.28177761271083923,0.02685256552042906,47.33103473674083
654,81,n04,0.26286834127928677,0.022734347086818,48.95742014847207
654,81,n05,0.2085065970274881,0.041409091344110985,41.160785457344865
654,81,n06,0.20241594787595477,0.005792135335505575,59.51027221655977
654,81,n07,0.2696628175036152,0.03316418328619331,49.05273908536849
654,81,n08,0.17930855058444659,0.007098846089748936,40.28167696672057
654,81,n09,0.29573240399775985,0.031485643698955144,44.22542058543309
654,81,n10,0.23851072649364813,0.019719306835123622,37.562165711495076
654,81,n11,0.24390027396311253,0.010602574988795459,46.2145986339305
654,81,n12,0.15408774294582767,0.028507420777622472,40.61998527694803
654,81,n13,0.26416338104338627,0.01456536881589137,56.63434120982407
654,81,n14,0.2240604605007413,0.05727354618154868,42.54265336801124
655,81,n00,0.743664908367944,0.09803352176647787,112.51950499819065
655,81,n01,0.7181358553844907,0.08150849751024467,97.98110040125806
655,81,n02,0.7149330294424849,0.07216056119731587,110.73788441062695
655,81,n03,0.7257891244669383,0.07090216286697,99.45596404512396
655,81,n04,0.7548121317611811,0.05561533173936153,113.48539211938467
655,81,n05,0.7127359702810987,0.08908270069844378,113.04524495270618
655,81,n06,0.7056416696791323,0.06879039164229578,109.00615466174567
655,81,n07,0.7985148739354201,0.08765648558753944,111.921099932634
655,81,n08,0.6589695133813396,0.08727236436571051,99.62456983511194
655,81,n09,0.6895661290237357,0.07035843888483521,106.91803795407243
655,81,n10,0.640006952316165,0.06615388851228556,113.97786986963176
655,81,n11,0.7670198984221606,0.07445083762146686,102.67358923580048
655,81,n12,0.7329797623320765,0.06787837312414179,116.93086122528419
655,81,n13,0.7143725495382217,0.054703411061200455,112.70538269222834
655,81,n14,0.7625840244973928,0.07877550619658799,106.64653048063515
656,82,n00,0.22068871089961886,0.02013363293404973,45.97670877192262
656,82,n01,0.19768392210089847,0.040174808353466915,45.35497932776536
656,82,n02,0.15419684223802257,0.03078313432124916,35.94962183675014
656,82,n03,0.18605170534401638,0.019863283781277302,45.87122865437344
656,82,n04,0.24129683747923933,0.034488748682256196,43.73252993498872
656,82,n05,0.24643474124107284,0.02555303073400332,41.92939875346004
656,82,n06,0.25283754316960777,0.025598760712379157,42.934406009224205
656,82,n07,0.2672358618758227,0.013262693063389664,44.20564144385827
656,82,n08,0.27249558823381115,0.03643833427317732,41.930250475019925
656,82,n09,0.27655974368577096,0.034250286605724725,42.43871075727392
656,82,n10,0.3378621976079816,0.022742374479790082,52.68769388866496
656,82,n11,0.28942404429954455,0.03400334308817345,60.02502544699383
656,82,n12,0.22636271941109082,0.026890367872278553,37.218951855259675
656,82,n13,0.2483389855359172,0.021542248609046192,41.638243916052474
656,82,n14,0.15885392952829336,0.04268741827767676,43.19866349837744
656,82,n15,0.27908915669642576,0.021849732384357758,39.144803031023486
656,82,n16,0.26721527019940194,0.02645290957569389,38.9755950135112
657,82,n00,0.26072709919038695,0.025263074328819635,45.051537721222466
657,82,n01,0.20778428264021231,0.04031864602758573,41.329364714303516
657,82,n02,0.3597561159392795,0.05818105600531939,34.96104344483479
657,82,n03,0.2598748310336674,0.01758546982352727,44.51810945725167
657,82,n04,0.24238949132196755,0.037890515755481004,38.0514517558181
657,82,n05,0.23170121965685297,0.017052817217338416,54.96215980158853
657,82,n06,0.25979991019703175,0.015129077042564868,54.41808558463725
657,82,n07,0.28891395690242555,0.04187743761693207,39.95804105542906
657,82,n08,0.17543045599358972,0.03664072244239742,47.00348893216004
657,82,n09,0.259085907858844,0.017721358298790537,47.89852416470696
657,82,n10,0.2992967673153225,0.030427057630674784,45.07130217062373
657,82,n11,0.2206843790135573,0.023223447105031284,30.04104170766213
657,82,n12,0.31227142413728914,0.009669674827935942,54.204205162649586
657,82,n13,0.2548828433134211,0.04134229434407994,30.444588941576562
657,82,n14,0.2798462363307761,0.04226676841835239,33.330581594363025
657,82,n15,0.2695639700270424,0.00952137341790452,48.969434048015
657,82,n16,0.21623729364476585,0.014893308039190858,38.139168263036375
658,82,n00,0.24253648885129253,0.04066789118876567,36.120929706935556
658,82,n01,0.2353273970062704,0.04595588715351648,39.4381865730691
658,82,n02,0.23899900622729087,0.05872765112421128,43.797092441840036
658,82,n03,0.32843450866922735,0.03591371018202373,35.58427116572349
658,82,n04,0.2873206400641923,0.025077962027293125,50.75047561260591
658,82,n05,0.3395574404000004,0.037398148331972844,49.28875624025773
658,82,n06,0.23070732140807862,0.040736408923923606,35.01892295689156
658,82,n07,0.21875775804165332,0.04826605097528361,46.07076306927848
658,82,n08,0.23022648738909746,0.04072951573722059,41.0838949230195
658,82,n09,0.3231056449675648,0.028879561613883522,27.564834188741806
658,82,n10,0.2124688440688153,0.025071220764692582,43.42083801986816
658,82,n11,0.36661011205609995,0.013210879621898559,41.39145648328953
658,82,n12,0.2299851992189394,0.0434831210300544,25.766419085766024
658,82,n13,0.19978247256800985,0.018012411169193266,29.384135995874622
658,82,n14,0.307391905258032,0.03588369401143456,40.405477805646626
658,82,n15,0.22948366052285435,0.003126060871164644,43.61449213526099
658,82,n16,0.23855816410571143,0.02432647044765538,47.232498554612945
659,82,n00,0.2537023361730909,0.030753246678771665,49.93029982522417
659,82,n01,0.2973787412795726,0.04762985825325458,51.1857213947108
659,82,n02,0.292440032429112,0.030268410566745382,39.54759117320725
659,82,n03,0.32106898226398645,0.021181116154680893,51.78997018125196
659,82,n04,0.24155318769906248,0.01722100841336073,41.65679314550017
659,82,n05,0.19079447006515704,0.016429919585323083,59.19021873323412
659,82,n06,0.17785845544863524,0.0398137490352185,43.279240318935116
659,82,n07,0.28405973689291036,0.03460554415862949,62.35122465452967
659,82,n08,0.3488443704074413,0.03168382641560014,40.81432126620173
659,82,n09,0.2720990848819239,0.003258063306497201,52.459064853614706
659,82,n10,0.3603314610436762,0.017535296008633013,47.320938013568636
659,82,n11,0.2838480394198545,0.049629829713389924,45.58498801202256
659,82,n12,0.24902219664839387,0.02164270259364045,35.958369385427176
659,82,n13,0.24728130217245034,0.021250204507982616,64.01132929583991
659,82,n14,0.2393968767404804,0.021097032169140405,49.469395150182734
659,82,n15,0.3293441219423556,0.019434596735334885,57.85669111585749
659,82,n16,0.2549036718629368,0.02189348313683385,53.54618726445621
660,82,n00,0.7134050574028014,0.08072998160649772,112.3755484440157
660,82,n01,0.7486298297146528,0.0718357323338305,109.92168662340198
660,82,n02,0.705350179905406,0.08558470264795712,105.57185684193986
660,82,n03,0.7694657563757835,0.05834897683093114,120.07732165690378
660,82,n04,0.6476840364249654,0.08081307947850733,103.31928456481216
660,82,n05,0.7473421559980507,0.09929163646123702,95.94197080003725
660,82,n06,0.7479766440955684,0.06450719236406827,114.64286007856943
660,82,n07,0.7297331224860218,0.09441880484469808,110.78215853689234
660,82,n08,0.6905874897278259,0.08030595777030826,112.7862343242351
660,82,n09,0.7266176480930773,0.07921295909692548,109.213341457248
660,82,n10,0.7522156674567662,0.05419425544687849,114.19869151935089
660,82,n11,0.750484721813458,0.07550046083382886,111.940824593428
660,82,n12,0.6925357935626639,0.06578059074206062,99.2168837543819
660,82,n13,0.7770050783209351,0.06837343484525252,112.44022938117332
660,82,n14,0.7148280842148113,0.07633478447704657,104.83588948533205
660,82,n15,0.7486537335797543,0.09967977204171385,105.54275853107329
660,82,n16,0.7754974597331065,0.07615611800289472,112.41262602359346
661,82,n00,0.29596351740077514,0.027731145763338204,46.08140156484098
661,82,n01,0.2909486155695679,0.032899493746760926,41.96316363222731
661,82,n02,0.27904795899016926,0.020425808028022064,30.3222898195503
661,82,n03,0.23832409419424225,0.01844991823545414,48.03363315910699
661,82,n04,0.22594595069309734,0.025336650105627384,38.353173874372075
661,82,n05,0.19178593219112278,0.034562348437435185,42.463925646371194
661,82,n06,0.2956542041951706,0.029243259360313766,47.32690652703194
661,82,n07,0.21554282204650246,0.057262232116236336,42.553262507793455
661,82,n08,0.2374586113884695,0.0443066150662736,35.51305621460757
661,82,n09,0.14813992608543602,0.039956623890354766,42.21442248930563
661,82,n10,0.23864337344667716,0.033594257405520446,44.14643819033478
661,82,n11,0.2812373885824086,0.024903949363666106,35.650601097543536
661,82,n12,0.22748125026149257,0.024422508553069572,44.38865731023948
661,82,n13,0.2641627066287227,0.04002170276737795,47.12956814024993
661,82,n14,0.2486298162526413,0.022154034863624706,49.41801756134496
661,82,n15,0.18684622122800987,0.024149146286163627,51.92130353808443
661,82,n16,0.19118924200803772,0.018336328101963652,40.08247964061512
662,82,n00,0.19783959627324182,0.02956850313567918,51.6139395475076
662,82,n01,0.24076566784841374,0.022917434361900014,54.23724688132567
662,82,n02,0.16146978312771504,0.03255416965841269,41.07204255954996
662,82,n03,0.30575976525781834,0.018112222920747628,56.457180328119286
662,82,n04,0.23635496899601208,0.020605795305069046,28.28216396565129
662,82,n05,0.27650615565490383,0.022787812381945927,39.128878817932616
662,82,n06,0.2317942063891656,0.04670843406759681,42.790367004124235
662,82,n07,0.262825785240601,0.06253082594532905,33.60265354723719
662,82,n08,0.32322551717118725,0.02408582990627125,45.890935337286635
662,82,n09,0.2872758041649715,0.04446044337779045,45.718546476593474
662,82,n10,0.3578246635772074,0.0,44.15006015251548
662,82,n11,0.15619846591275455,0.03323868071380752,40.90188610440461
662,82,n12,0.13353030281799982,0.02742030208852396,55.84971540493145
662,82,n13,0.27864437712289314,0.023370274684200554,51.68135077728456
662,82,n14,0.19002544807968463,0.039050367626285505,56.26050096608441
662,82,n15,0.311828132468256,0.019863926704779086,55.01562148706233
662,82,n16,0.18724616986727025,0.03510280905756177,48.514810038046924
663,82,n00,0.7038237472314222,0.08515807483201247,109.4707918044001
663,82,n01,0.7374484265266568,0.06137748574547025,116.79284900617999
663,82,n02,0.730180421306148,0.07484094166717108,108.33038649265782
663,82,n03,0.7043048394316983,0.07915410775609569,121.90656168699286
663,82,n04,0.7437014933719103,0.08184960969528703,115.07730091169523
663,82,n05,0.74246824792429,0.08397673779739623,111.21347818423368
663,82,n06,0.7095829954000867,0.0808310114245274,99.23428487070439
663,82,n07,0.6643438843565117,0.0806022289031825,112.53125050361
663,82,n08,0.7216146755934408,0.08146356047091845,108.20430999912975
663,82,n09,0.8121443085463187,0.07859632024113496,99.14388244483851
663,82,n10,0.760377829347187,0.10728655783894225,94.74784833289027
663,82,n11,0.7698748602921069,0.08134165751957685,110.98629651788858
663,82,n12,0.704275436683627,0.06988313918436678,100.24120489775073
663,82,n13,0.7379406527007221,0.07163769814297623,102.91187153216053
663,82,n14,0.7404719405736947,0.09077643449786464,119.98046113924279
663,82,n15,0.7391756490654839,0.0761139882766885,117.49396107520866
663,82,n16,0.7381227230205444,0.05785685053344368,113.59580293517655
664,83,n00,0.690558615010952,0.07081961569477983,107.8342415239259
664,83,n01,0.7888896390523884,0.08932238198288732,101.39618994611693
664,83,n02,0.6774807146087236,0.0679514206683098,92.08053460715996
664,83,n03,0.7497923473071477,0.09430477287067206,104.9270048050019
664,83,n04,0.6981127268359022,0.07404650568811733,106.44480106218012
664,83,n05,0.6993629779510013,0.08177824195225056,109.30954524220078
664,83,n06,0.683180499544328,0.07726200921753802,100.12368482867993
664,83,n07,0.6988456114092343,0.0819833889956426,107.16937847590253
664,83,n08,0.6805983903699483,0.06752044964677754,107.67799357485524
664,83,n09,0.7068374429850177,0.06840211184519028,113.50253464047594
664,83,n10,0.6813505850982509,0.07215807805996927,116.52790725043269
664,83,n11,0.7413409077991644,0.07538808777008739,107.02554811134742
664,83,n12,0.6323021666376752,0.059006375804650305,105.39087619381078
665,83,n00,0.7582923680142373,0.08087626570547814,106.88836869792999
665,83,n01,0.6657822600960254,0.06215899622910901,110.27729298916978
665,83,n02,0.7077109787731557,0.08028346028492186,110.72519862756303
665,83,n03,0.7046974442540684,0.09662586379419061,108.13296433430041
665,83,n04,0.7047032697858837,0.09022298159547716,107.18899302247655
665,83,n05,0.7350659726763431,0.09629307516402721,105.1141295187141
665,83,n06,0.7169059088518963,0.08262169378063434,123.46205530958822
665,83,n07,0.6593364327844198,0.09082257493645307,105.07453744062806
665,83,n08,0.70650167302146,0.05130844211603809,108.47017646617195
665,83,n09,0.7913859870426,0.07638476143286485,116.83090505809957
665,83,n10,0.7127903609309598,0.08103360995464487,114.10294247128319
665,83,n11,0.6374469303416859,0.05124914297779801,116.38244479878743
665,83,n12,0.7211845495495898,0.09544581036580276,101.01849633680406
666,83,n00,0.157766838957614,0.037452755438154114,55.21194845444447
666,83,n01,0.20186542671626867,0.019787257518868652,46.326945891546835
666,83,n02,0.28335949531095705,0.02696681463113439,42.19121634221914
666,83,n03,0.17061846229472066,0.02202474749803584,53.159915885962455
666,83,n04,0.25473154905149825,0.032308939368141325,34.05121384029893
666,83,n05,0.26407381076436975,0.023387964299016354,56.092262881496254
666,83,n06,0.27002077498217936,0.01923693137281092,49.57710953514298
666,83,n07,0.2205248642712632,0.05468246449177645,44.08890513497495
666,83,n08,0.22659518111086152,0.022977934677036533,59.2799458196465
666,83,n09,0.25030352648255283,0.029225686813900066,55.605515990428614
666,83,n10,0.195931683082554,0.007343701885645697,41.581563210554016
666,83,n11,0.23322511531816498,0.044780532232298,50.170274907272415
666,83,n12,0.2171080362756035,0.0,53.05535308478651
667,83,n00,0.6234616494212183,0.09704493931728765,106.23867822903442
667,83,n01,0.7272690343118667,0.0844617929439284,111.29736419875817
667,83,n02,0.7694865712152645,0.0893078265513714,102.87143647642282
667,83,n03,0.6674023333420879,0.06280518668593327,114.46893628931227
667,83,n04,0.6457888541037475,0.09731418012615248,112.62593521402866
667,83,n05,0.7015621497093406,0.08445919380784445,88.55472696528146
667,83,n06,0.7632738579610038,0.060611045862353184,115.10675105037473
667,83,n07,0.7306479802175198,0.08823547414299393,116.6409278760366
667,83,n08,0.7226338566249417,0.08992454427706026,110.62781062554129
667,83,n09,0.719368598676778,0.09923920993106193,106.85519030402506
667,83,n10,0.7274035612262243,0.08555390529281881,121.64745589809243
667,83,n11,0.6822932780048151,0.0758154385785666,106.65683788819311
667,83,n12,0.6573077195432568,0.06597857899566147,107.11580026808672
668,83,n00,0.822193437734416,0.08102037379922634,122.81865954842193
668,83,n01,0.6830991434170482,0.09539496983490492,97.61104904084888
668,83,n02,0.6831708195070054,0.06117335707667319,112.95526103584032
668,83,n03,0.7484961909722058,0.06558998382399431,98.09990175583316
668,83,n04,0.7158005503459326,0.07662648856867434,104.33911870564754
668,83,n05,0.8094640137989637,0.07860279675059034,98.00103179224864
668,83,n06,0.6910089293537646,0.08544892482976976,99.1289258306662
668,83,n07,0.7609200275288673,0.08347550848193422,105.18408060037447
668,83,n08,0.7448598192704002,0.099579013500111,102.69003104518809
668,83,n09,0.6991131502980635,0.08103142414264498,108.94740010895617
668,83,n10,0.7086731379704928,0.09622193942681859,103.57678430173823
668,83,n11,0.7199785370333145,0.08556180598838971,102.68305396089782
668,83,n12,0.8094626873798892,0.08084147904804723,97.68152853998282
669,83,n00,0.8155117351729289,0.08236381350341827,100.57482188313118
669,83,n01,0.6619254841645423,0.09670735706696634,100.00026347324896
669,83,n02,0.7429782536169794,0.07357972430944443,113.17512257025241
669,83,n03,0.7662229661930907,0.1069716260582326,98.94685655660317
669,83,n04,0.7024145116035216,0.08706883862508981,120.9287735218906
669,83,n05,0.6839352627337867,0.08212387378040761,100.61973128402147
669,83,n06,0.6978799818396522,0.0766454628597045,114.89467575201613
669,83,n07,0.6810835209848524,0.06933430674627325,120.39297800628886
669,83,n08,0.7493518283470697,0.06679244685843584,110.44377872812609
669,83,n09,0.7426159563554056,0.0810184966420886,108.16373431780447
669,83,n10,0.753398942306158,0.08099735050404573,112.18180002170375
669,83,n11,0.7938221031343167,0.07572127617532778,115.21375844228518
669,83,n12,0.7117789032571797,0.06846946692952714,119.30590994117755
670,83,n00,0.7078701778303278,0.08253116146558012,123.2929817338428
670,83,n01,0.760215221747189,0.0770929122496794,124.04523813963114
670,83,n02,0.7544164472984836,0.09505578042164978,99.49426759534325
670,83,n03,0.7486079161666687,0.07270004888284157,96.40039346524657
670,83,n04,0.6466356677760104,0.05332003395682612,113.35166694944797
670,83,n05,0.6548158114610915,0.09563447658439982,102.48800669012434
670,83,n06,0.7657181754038295,0.07961666755065501,112.44307196515011
670,83,n07,0.6867148275275651,0.06863975834513142,102.79044553469859
670,83,n08,0.686813157215315,0.07693163494807974,115.12380184336857
670,83,n09,0.7772964260601324,0.06998646888193231,121.08774168004297
670,83,n10,0.6938352115224352,0.07535838725020737,101.88741844830524
670,83,n11,0.7226853681913301,0.06104442698546262,121.52690963901216
670,83,n12,0.6706738620827337,0.0645918228881278,106.05040383138592
671,83,n00,0.7388838344324506,0.0927978619545737,119.46952629021658
671,83,n01,0.7156018663016396,0.07306862577858798,115.73206726145602
671,83,n02,0.7659486057668266,0.07946301257059715,112.27829816168703
671,83,n03,0.7180807458057176,0.08175991477986105,108.42556687279347
671,83,n04,0.7035112120230865,0.09543681235587764,109.85525809312688
671,83,n05,0.7380857402424564,0.07992099872545627,99.09671751025847
671,83,n06,0.6774854162589748,0.05925814662999669,110.6816458438308
671,83,n07,0.6953417668930244,0.08870205470502232,113.70654929374568
671,83,n08,0.765695550681413,0.09131587600207533,120.0110342310644
671,83,n09,0.6675904605524308,0.08686832664019435,104.13593104390006
671,83,n10,0.7660422874730737,0.07591112555977453,89.71604489283638
671,83,n11,0.7935983460747693,0.1003519362165069,103.80687860415945
671,83,n12,0.7535696132577823,0.09983668189047155,102.58513132443237
672,84,n00,0.2618054735699112,0.030167551543971664,45.32345202238527
672,84,n01,0.26437926021569946,0.006383376891919118,46.273871077682145
672,84,n02,0.2498681518733925,0.03659096954736823,29.525756625977095
672,84,n03,0.22256046861644596,0.041077851714459546,51.98274697176998
672,84,n04,0.23674915709860214,0.03435204828585344,43.2906894516273
672,84,n05,0.19846175385269849,0.040112511117142494,35.64500332892717
672,84,n06,0.26727932836830953,0.029308968411547336,64.90076964674316
672,84,n07,0.20401210673048506,0.021260469479738094,49.471226812396765
672,84,n08,0.2914887159185585,0.020086059071613496,49.76474220498538
672,84,n09,0.22566636625949169,0.03695485162676913,59.2043785838065
672,84,n10,0.2481362685277501,0.021006957287751378,51.85557396525652
672,84,n11,0.29794145110150616,0.02639149283994254,23.90612136773008
672,84,n12,0.1599772171665882,0.031324403121189885,30.860950237445245
672,84,n13,0.27637416504752266,0.018506475452616262,49.793711880907395
673,84,n00,0.24708317966621482,0.04121193275917983,45.58169922514858
673,84,n01,0.21170944438171546,0.03800537255839928,50.04001881257052
673,84,n02,0.271868870049463,0.036890942086893856,34.129391920342464
673,84,n03,0.22536789699226895,0.008366732548829851,49.8259924148542
673,84,n04,0.2505063891262529,0.010485854446717166,43.73768494257833
673,84,n05,0.3150800439028308,0.03194434820272573,52.082922135819466
673,84,n06,0.23666345294387459,0.04489777917158287,36.06605681275346
673,84,n07,0.26323895958454296,0.025071516702079313,41.6626823817304
673,84,n08,0.2882945912161125,0.028301166537738526,40.44409092616806
673,84,n09,0.24358147288317247,0.04247962569658035,47.91619494533201
673,84,n10,0.20597413841892134,0.04127840730475002,38.55803256409468
673,84,n11,0.24497549186616732,0.06161088459560005,39.31416086819631
673,84,n12,0.28500089563876385,0.03499468705097169,42.35100654798933
673,84,n13,0.2877426194540354,0.03615865287051356,38.024373183754456
674,84,n00,0.7122590138929069,0.08180444975588029,105.36914962678098
674,84,n01,0.6840041501549363,0.07371027796045175,115.18895000451913
674,84,n02,0.6916017198348321,0.07644999198387076,104.63034170002754
674,84,n03,0.6972218642733112,0.07623380021907677,117.67694764525923
674,84,n04,0.6814987309520116,0.0772602233282684,108.59995434086656
674,84,n05,0.7069080430574322,0.07801629664262932,109.79417998222176
674,84,n06,0.7675408071886769,0.07189762217376106,90.34003340160267
674,84,n07,0.6965514190563359,0.0736024127935205,109.44195463830916
674,84,n08,0.6768674423807068,0.08210839451933016,112.08307287053755
674,84,n09,0.6848345902257421,0.05888129879636781,115.94999925407984
674,84,n10,0.6801032715346815,0.068602856618872,100.23044991937395
674,84,n11,0.6672093741582799,0.07867839621728723,109.05925006498165
674,84,n12,0.6886558722913918,0.08455216535334988,114.9787611153854
674,84,n13,0.6520859044017437,0.06680878283904967,112.39514878403295
675,84,n00,0.2481616717509504,0.02831199739570371,45.941714685510746
675,84,n01,0.2554679765714123,0.027903839428546823,49.0972855493545
675,84,n02,0.23881875686871484,0.0021016209845791042,51.140970578018525
675,84,n03,0.3215208304464404,0.0459597982974035,46.01137449952062
675,84,n04,0.23046164196742788,0.020315924839783096,47.58201367382199
675,84,n05,0.1997539984739753,0.0005459069247951975,40.20002153128645
675,84,n06,0.21488144365750372,0.04048924554340456,44.91132847460428
675,84,n07,0.2641622253605445,0.053210616604650554,46.787075279894985
675,84,n08,0.2639092458965858,0.05265011314936105,41.385563314275686
675,84,n09,0.19880149727487423,0.037247442016070616,61.41037214168422
675,84,n10,0.2220127079761299,0.020457709834386495,49.73927620300306
675,84,n11,0.2094059009358335,0.040526037367810464,27.71235720910012
675,84,n12,0.1518061190938872,0.02038729036854796,43.51716318300271
675,84,n13,0.14031872008627466,0.05908175354648916,50.15067702350346
676,84,n00,0.23484695306504716,0.035659665848096565,49.45332309108548
676,84,n01,0.26994674438380467,0.036293913059012355,45.755000295179215
676,84,n02,0.24169981778358118,0.014935052000201555,34.10617242785426
676,84,n03,0.29653029443678763,0.06670304016426185,50.270309832064065
676,84,n04,0.23741580560733708,0.027112590522077453,43.676824126912365
676,84,n05,0.28177738342889297,0.02885575778759209,48.949629568373176
676,84,n06,0.2744868244170681,0.030888684822379543,46.66782167642434
676,84,n07,0.24050250393567837,0.05744790511161932,41.591450477407555
676,84,n08,0.31754107429812595,0.0376730272169667,44.05658826805335
676,84,n09,0.23256030360069435,0.045604088624523836,57.97130441554634
676,84,n10,0.22763555682909817,0.011399780111816266,37.98378393792243
676,84,n11,0.2757491678243287,0.027103493634086026,39.56511047115142
676,84,n12,0.20702362010815856,0.009692527145137415,46.27680495416013
676,84,n13,0.18979311781785374,0.023531564965895972,40.81433898766707
677,84,n00,0.24643376075898235,0.015743118751016784,35.23838982798577
677,84,n01,0.3391450427934916,0.022933562070619532,66.64780335098939
677,84,n02,0.232455056473194,0.01958771075569058,30.60505987131135
677,84,n03,0.20318788294319834,0.02874149799160195,58.77877601237245
677,84,n04,0.22959907727218304,0.026389076342424867,50.830691245009014
677,84,n05,0.2672136179775896,0.025179551645218023,60.9341012033479
677,84,n06,0.16584501314412897,0.053252035827781305,40.012920879641264
677,84,n07,0.24021126723375893,0.025412501843549876,40.15126652792364
677,84,n08,0.246290212720225,0.05906463274234019,49.230228474548724
677,84,n09,0.2228527019671906,0.027514912583081776,34.89681080668869
677,84,n10,0.2701676278609446,0.028904046354107833,48.15963182721019
677,84,n11,0.28229956942846623,0.05079382776782841,60.30160719361582
677,84,n12,0.1776376670567408,0.014391759577376984,44.11025149831568
677,84,n13,0.25715127646187874,0.026926721319838063,38.32140856091141
678,84,n00,0.687764275329484,0.08355745932967054,117.49076740045346
678,84,n01,0.7797815385843525,0.0827424972828098,108.17614905826461
678,84,n02,0.7573769432062211,0.09247799460979095,127.22422390230652
678,84,n03,0.7994625210456328,0.0901055337644036,112.30263155267312
678,84,n04,0.7271787387851986,0.0729110667743011,114.95153122687316
678,84,n05,0.7083432804108141,0.08203603446940703,112.39454601423111
678,84,n06,0.7416207696835235,0.07810145757538337,119.36140496267544
678,84,n07,0.7666564726257713,0.0824767484301975,111.69573452484794
678,84,n08,0.7199136724743007,0.0570624089231602,111.84265343242396
678,84,n09,0.7477186329678239,0.06370936280543543,107.30263025294143
678,84,n10,0.7020339836171707,0.06578310591722081,121.64119922030255
678,84,n11,0.7448086639818567,0.07179811427411928,101.97196369320957
678,84,n12,0.7280715235861522,0.0627283256436321,101.0334742967706
678,84,n13,0.6530822098300397,0.0658342488450132,113.3292549208298
679,84,n00,0.3375517118961271,0.03696053727161722,36.62562552745739
679,84,n01,0.1619093560856159,0.03835860843360073,59.26019458701763
679,84,n02,0.25624492001751675,0.04012835326301546,51.19100479254466
679,84,n03,0.21604910645861963,0.013574457420065862,43.672917422011565
679,84,n04,0.19412556143290555,0.03598499272847778,46.59933236489512
679,84,n05,0.20075062836143645,0.036246092958763194,44.16867960669772
679,84,n06,0.2817781939452021,0.02704242318336525,48.096931910861244
679,84,n07,0.22534303497170163,0.009859684739294671,57.65378298329881
679,84,n08,0.2334178022441376,0.04273048246205711,38.81302819133818
679,84,n09,0.16007450302891885,0.03133362915867877,41.62498854265904
679,84,n10,0.20582952878356764,0.041269200954676885,44.71579787283054
679,84,n11,0.29097564113724744,0.026004829980647653,42.799641643846314
679,84,n12,0.18599484930008076,0.021280451789648356,43.670833356979806
679,84,n13,0.22289425028081333,0.04324875525181573,34.513304658150474
680,85,n00,0.6991145018751431,0.09235068267556076,108.14531831106106
680,85,n01,0.7213668208244656,0.08021528227504676,111.75907407133442
680,85,n02,0.7370835001903914,0.09779919450572999,118.73074235426668
680,85,n03,0.7108063761813233,0.07891867404179002,126.88922417813836
680,85,n04,0.7057435694608262,0.08487117780159294,114.86596939584717
680,85,n05,0.6705773952296606,0.07194812173149345,104.0653485733969
680,85,n06,0.6968900458499782,0.04990525141329545,111.45965750498483
680,85,n07,0.7059412465631807,0.07464674788495412,100.85012800590602
680,85,n08,0.6568294346628452,0.08700114413745805,117.17614477219247
680,85,n09,0.6510966536617577,0.07968293700854578,103.17054236935067
680,85,n10,0.6334592655123789,0.08337103998576664,115.31055142473147
680,85,n11,0.7320386802888087,0.08088653468039951,103.00401475659163
680,85,n12,0.6747913609775884,0.06672255144279007,105.97759968516371
680,85,n13,0.6791419282135427,0.0763069613260033,115.56241202662862
681,85,n00,0.22236865628386446,0.03556856505821037,47.30979796224692
681,85,n01,0.2404706524222411,0.021489872980716675,43.013414850790035
681,85,n02,0.23359442047552648,0.037268733898581506,55.9237437547914
681,85,n03,0.21301833185850116,0.013840454715783022,37.603858898796915
681,85,n04,0.3072521059895039,0.018216105400208085,58.01742859929557
681,85,n05,0.20430095232021192,0.02562810870879822,46.5778930730697
681,85,n06,0.3202416427745929,0.03869985675797396,45.59559632949594
681,85,n07,0.20088606295394298,0.019718289259265,48.08183855552506
681,85,n08,0.24835106106071908,0.025287782133662784,46.359608549783296
681,85,n09,0.27012055766700965,0.0445322882618505,47.975527689076536
681,85,n10,0.285851170705823,0.026881845493852294,42.48319888182816
681,85,n11,0.23888358269521295,0.04288684891408252,53.40048385173304
681,85,n12,0.266954789612541,0.016852411842988427,32.9342386534874
681,85,n13,0.22703977779441759,0.018759911040851923,44.780058881274485
682,85,n00,0.7998764043612995,0.06791033199526122,112.60647763309316
682,85,n01,0.7381969708572256,0.08374466870849558,122.6323550425588
682,85,n02,0.6797135030258442,0.08218055295560231,97.456397025349
682,85,n03,0.7111111530814851,0.07048690985383879,112.18747600910972
682,85,n04,0.7113995421214773,0.09484413076720226,117.36299059704822
682,85,n05,0.7109625785858411,0.08058528573834907,100.84685117300947
682,85,n06,0.7126142527035603,0.0789702206393114,121.02547713053426
682,85,n07,0.6147301595436865,0.07342461876725226,113.12487477836433
682,85,n08,0.7001526829396973,0.08754033039675815,112.87885688252935
682,85,n09,0.6413509094386428,0.09159065875432418,114.75107674863054
682,85,n10,0.7682864109066145,0.05552585600202237,107.24321107355333
682,85,n11,0.7301017995918244,0.0780827080572555,109.36643927358257
682,85,n12,0.6932014089162539,0.0652335975514456,102.4830499145842
682,85,n13,0.6765528231118191,0.08299919750840037,114.15579187455158
683,85,n00,0.7272075884237361,0.06913546822999932,102.17578467837434
683,85,n01,0.7087917728073434,0.050270740656020205,108.20657611251032
683,85,n02,0.6953169561554732,0.08003704144085473,110.78106335332245
683,85,n03,0.667358790919917,0.07417293671707277,113.2903360054027
683,85,n04,0.6911672049204759,0.08525221083789064,117.86112748420612
683,85,n05,0.7137959287051414,0.059719283284271577,106.14761202851274
683,85,n06,0.6646965307782158,0.05525289546604254,104.6839198474919
683,85,n07,0.6979879739940211,0.07492472648685977,109.98924059060641
683,85,n08,0.7788361964074704,0.09174901773429762,107.52688721609907
683,85,n09,0.7547784252220722,0.09812428051873047,110.5597277624027
683,85,n10,0.7238011378239828,0.05867565229135032,114.66261148163699
683,85,n11,0.7254717863181209,0.08339374156467133,111.92325228954564
683,85,n12,0.685179925722045,0.09915606364179522,108.58201635628203
683,85,n13,0.7409796666288477,0.09152582646060363,108.86700459811011
684,85,n00,0.724644262207398,0.09156658593893682,106.24655159794212
684,85,n01,0.7534534657370212,0.09572597232348028,104.85704596542706
684,85,n02,0.7048786907346994,0.06789718097199932,99.36430974004058
684,85,n03,0.7468866643758519,0.09115739159550341,124.26404229499396
684,85,n04,0.7340540650388594,0.07534132883424766,113.15617491915808
684,85,n05,0.7528737080741627,0.07494624635272648,108.95363878210495
684,85,n06,0.6819690660425898,0.07855412562155699,121.32454281353121
684,85,n07,0.728272886152756,0.08839919024887602,109.45641056578603
684,85,n08,0.7509256127848478,0.05710566867693623,114.25441773912769
684,85,n09,0.6980687419100449,0.08150769427758624,117.16706812991673
684,85,n10,0.6780720593884707,0.08115922842024165,105.92789491326165
684,85,n11,0.6911948051049015,0.06812177988770542,113.16818527938156
684,85,n12,0.7671989721778426,0.07276822164654585,105.3543454690763
684,85,n13,0.8326356418049994,0.08092019368860946,112.0053165025337
685,85,n00,0.7063608847272711,0.08626547405842878,96.87988382568243
685,85,n01,0.6847372973285515,0.09055307197196641,111.78099628378473
685,85,n02,0.7057309976527054,0.0899322141519524,113.52348832727395
685,85,n03,0.7344914824883243,0.07799836865482077,102.37054419048216
685,85,n04,0.7536866876326983,0.10395153852697714,113.38265926067862
685,85,n05,0.8043812544493094,0.0788664817677872,103.85205862738339
685,85,n06,0.7007931618787387,0.0946031945416081,105.16904823805466
685,85,n07,0.6535026343466859,0.07410110265190657,106.82443748904112
685,85,n08,0.779195966026634,0.0731486311514193,110.08359121011306
685,85,n09,0.7945942705780191,0.08238776525002842,129.34686464294998
685,85,n10,0.7205727199104681,0.0958317225381037,104.28870285218389
685,85,n11,0.7144632676671633,0.0829320695311433,105.56719535618006
685,85,n12,0.7210568945418371,0.09980880212103396,118.31655011761926
685,85,n13,0.7153161333544837,0.09072901968211272,112.68310676886439
686,85,n00,0.7122961813351397,0.07781889089207972,116.41451491580865
686,85,n01,0.7175727621419952,0.0749664385540827,89.39210854945365
686,85,n02,0.6064186388575464,0.07071494715421889,118.95597831252861
686,85,n03,0.7291537518254596,0.07311315026655443,108.31572795156562
686,85,n04,0.7115463891992998,0.06786896811698154,109.77182847375035
686,85,n05,0.6929943544669567,0.09304145151189973,117.805537428244
686,85,n06,0.7231143474876596,0.11219625215993004,97.46043197070607
686,85,n07,0.7936804588267689,0.07207920565381262,112.70369661654844
686,85,n08,0.6621342683735988,0.08150356949949938,111.13724693802594
686,85,n09,0.6903748085088938,0.0928806471666958,104.81390498993785
686,85,n10,0.7913387332665477,0.08540968575267288,103.85377130900885
686,85,n11,0.6429764574755247,0.07715530657553149,102.04887099071108
686,85,n12,0.680434311907275,0.06743546177482021,109.82522087884583
686,85,n13,0.6581118450430165,0.07294921525420985,107.77760881388048
687,85,n00,0.32243183613955273,0.041861642256964565,34.311273971602816
687,85,n01,0.2471914514309927,0.03822443558094784,51.91920653870577
687,85,n02,0.2653462045574186,0.027058509448452287,44.47066448720469
687,85,n03,0.3281728523925931,0.0378451445743488,61.30583941233294
687,85,n04,0.2854790618857089,0.036476148483330154,52.89950597222808
687,85,n05,0.22788939533822966,0.02974249727702235,55.22332493962021
687,85,n06,0.27478666887076075,0.05625400451165713,47.19082280597892
687,85,n07,0.21645481290194413,0.02618096240007421,46.07928435067024
687,85,n08,0.20480671139093526,0.04499138995657288,49.23542564576896
687,85,n09,0.21724335659744265,0.02639270391353616,47.88232651641478
687,85,n10,0.22583805263092815,0.01967205332152874,51.652800584936614
687,85,n11,0.260446376331796,0.03715305605051975,32.35943105804529
687,85,n12,0.3595754676628985,0.01154145872799717,51.618565098955045
687,85,n13,0.24259611692686558,0.03955329489697263,29.673736192907455
688,86,n00,0.2867711408810665,0.022752249745829796,40.505794370056286
688,86,n01,0.3353342092554605,0.02735047349042573,43.51399523371152
688,86,n02,0.2630067921387244,0.02142716018411571,43.494505144153464
688,86,n03,0.17494551525655336,0.043961152110965164,34.794200858235506
688,86,n04,0.2924981656039276,0.03535556406449297,36.85844003334777
688,86,n05,0.28540626831361887,0.04899959189356584,48.01084407537831
688,86,n06,0.20805066135597772,0.01709889879179495,47.243736372075894
688,86,n07,0.20836752413746795,0.015366253866842053,34.6985172301777
688,86,n08,0.20330538188987066,0.031444788274588735,33.538969163726044
688,86,n09,0.33737913396932206,0.03524698695068198,42.66180465283309
688,86,n10,0.25761899885922923,0.04271497974487704,42.33141027154581
688,86,n11,0.19799161226720474,0.03248454276069113,37.99879418259949
688,86,n12,0.29333396224224145,0.04241368699006788,55.74084140271834
688,86,n13,0.2392294278406266,0.021290956672519498,44.07523562411902
688,86,n14,0.19823874235351308,0.010794893962262176,55.5834929153916
689,86,n00,0.7163784847222973,0.10131625929970046,102.33858608322171
689,86,n01,0.6909860228385115,0.08701414918951776,117.90146761151696
689,86,n02,0.6970585150365,0.0713012363084458,108.06834659668749
689,86,n03,0.7210125849387304,0.09373625143583802,120.70710908963221
689,86,n04,0.8355343683723225,0.08732978899223418,118.32879178273967
689,86,n05,0.6707944499167977,0.08086349827236508,107.13019146333174
689,86,n06,0.7032200991827138,0.054192345761681915,116.25599282116212
689,86,n07,0.6853041308631078,0.0824403893224127,112.41872435423876
689,86,n08,0.6519781404901972,0.053998756478426446,106.26167449624661
689,86,n09,0.7845087827525675,0.07616746422939694,113.57945971019475
689,86,n10,0.768958161418662,0.06503528001329693,120.7562074209474
689,86,n11,0.7236688159542083,0.06584663628508218,89.0211615202799
689,86,n12,0.7257552230591728,0.08518019625808444,121.60733530350643
689,86,n13,0.6716622642542844,0.07909767623924004,102.96492859393022
689,86,n14,0.7018223070519356,0.06984993813148223,110.38025425583254
690,86,n00,0.2718489729779801,0.02445577067864063,41.14476594986315
690,86,n01,0.3422219778739653,0.053364214389412086,48.006254990735556
690,86,n02,0.28003570052564525,0.04062352606090498,39.50533696236694
690,86,n03,0.1874741940995937,0.03788023493511587,42.9684582629823
690,86,n04,0.22750079937000744,0.03175369918007936,54.73281773641369
690,86,n05,0.1560869367121935,0.01545394426861197,53.302767442865985
690,86,n06,0.22800511761030995,0.0423294125468822,38.77469299105039
690,86,n07,0.24721088255946186,0.014927126049399523,47.38085473718695
690,86,n08,0.16587649387889192,0.01695684620155625,34.9307883515519
690,86,n09,0.2267939985053226,0.026823175419230023,43.83178039485423
690,86,n10,0.25134763032812496,0.018479522972197626,44.509256373215266
690,86,n11,0.20624598363784652,0.03562773751469149,42.38546918227293
690,86,n12,0.2793679165997869,0.020839496068365805,40.376388882063004
690,86,n13,0.13743935241915162,0.05400728379364278,52.82669767181125
690,86,n14,0.25550240422769865,0.014902533390224657,48.65483965124244
691,86,n00,0.16116536069330478,0.025147750478068547,33.034458716533734
691,86,n01,0.19849230808347948,0.04812392476078402,50.932476009081995
691,86,n02,0.24276210454373684,0.02650017272921022,55.27000032362092
691,86,n03,0.1784212770262678,0.03990772223651414,43.620777010726385
691,86,n04,0.2370794305666914,0.025452495253786185,57.58981028409419
691,86,n05,0.2519935680304369,0.0284969347788651,48.41603423079661
691,86,n06,0.23882567341581334,0.03608397505946279,43.958479795017
691,86,n07,0.31760298289941147,0.013007871645222303,37.160609934005635
691,86,n08,0.2430601810480819,0.051279998081401074,34.59608645578348
691,86,n09,0.16643215657807484,0.03677240423071566,37.98257666701015
691,86,n10,0.20180466504776923,0.05343358700197286,50.16289801194318
691,86,n11,0.2179139334634818,0.030029900360335603,43.53652792644726
691,86,n12,0.2647803574518867,0.02908907084997178,54.49953994585644
691,86,n13,0.13405693204661487,0.005320572463020062,43.73856806974723
691,86,n14,0.33232084510815446,0.01694199968220352,49.169993021132576
692,86,n00,0.2818202317823095,0.026289890512383635,48.25243838034297
692,86,n01,0.18925090250510312,0.010129471856591927,57.10850558080347
692,86,n02,0.26903310156945776,0.01670646444864713,43.773930525096276
692,86,n03,0.2409329994505502,0.010821002418494832,46.66731285030364
692,86,n04,0.32061240441711625,0.02083750090180597,62.06777159083013
692,86,n05,0.252103165422886,0.02482611217410851,38.73498985600692
692,86,n06,0.27508626205429076,0.034092326853749036,51.586048049368905
692,86,n07,0.21021825237986527,0.027249050501393743,50.83226082018291
692,86,n08,0.25458929820679305,0.03393493500135775,37.29373873421066
692,86,n09,0.250090121879092,0.022120248148410633,50.91377214407649
692,86,n10,0.2405489216738041,0.024038966302456246,35.44639530818327
692,86,n11,0.29397390335554746,0.01403302001338954,42.933581305061224
692,86,n12,0.2737688936241351,0.03884676745219844,44.40798509043569
692,86,n13,0.29931615479686585,0.040794705637483615,38.764081515419164
692,86,n14,0.34082266034718056,0.015237315349349405,54.368804349825986
693,86,n00,0.1769685297491121,0.0356167774242977,39.59258526336938
693,86,n01,0.22230473626555208,0.007343386803303757,45.045539092538256
693,86,n02,0.23038743110178492,0.04765274071097437,45.67495304075117
693,86,n03,0.30224006305483786,0.011593161723644198,50.88507709815884
693,86,n04,0.2400138038080099,0.034292713902659616,53.82078701879916
693,86,n05,0.24681778132943294,0.048759119499662135,31.07579025316866
693,86,n06,0.26465080095900684,0.01839679037491234,49.09343288483725
693,86,n07,0.1970402855377546,0.04170178361281859,41.062584579312
693,86,n08,0.2481487289214522,0.016012913343743763,48.821481096756145
693,86,n09,0.3061108611506819,0.033164384812971084,49.154072591678485
693,86,n10,0.22655095575327247,0.028290980937088327,46.083660145139206
693,86,n11,0.23304924159502405,0.008201648104648955,51.71087408479886
693,86,n12,0.25164001509468575,0.028357531291428133,33.38903955014972
693,86,n13,0.277384342897593,0.03585140140207428,58.543488214336335
693,86,n14,0.24937387293416305,0.031039411042894312,48.09994097850476
694,86,n00,0.749043688079456,0.0940858464501643,105.53348296545006
694,86,n01,0.7721960221436375,0.08113627993142042,110.98631681058846
694,86,n02,0.6531420373732684,0.07964804788530218,104.06925044479078
694,86,n03,0.799810462147256,0.04854342451893296,102.68749946147445
694,86,n04,0.696463937973906,0.08207153162682192,123.05202171376409
694,86,n05,0.768009678138009,0.08100255594325234,109.35920277140589
694,86,n06,0.7295241219469697,0.08110372807675924,118.05534871050946
694,86,n07,0.7373261065165354,0.08522717619091681,101.9540594197199
694,86,n08,0.7199573309257725,0.061236771969782194,107.72730967252635
694,86,n09,0.6801246079937195,0.10249799726138174,102.18221025962718
694,86,n10,0.6843644383304266,0.08035710597671887,113.71383058465506
694,86,n11,0.759178660666906,0.09559686403176892,108.77006282101783
694,86,n12,0.6699020791502205,0.09341866665852233,100.0637277626808
694,86,n13,0.7476522992339957,0.0903702234249032,108.85190823555844
694,86,n14,0.7869435835825453,0.07674552705352798,121.91398621401868
695,86,n00,0.7527886312531679,0.07997623166131557,100.47663629353315
695,86,n01,0.707204071721285,0.06391779638848236,110.62588631291582
695,86,n02,0.729150186361459,0.07211628805570382,103.04379599779637
695,86,n03,0.693355880692061,0.08653032253616486,122.44771116798574
695,86,n04,0.7284488461762055,0.061106453664632646,110.92882773931542
695,86,n05,0.6529697821526982,0.07707699258681812,113.13877963643634
695,86,n06,0.7592366141348025,0.0980971527601054,125.35895375994701
695,86,n07,0.7078813307427686,0.076666258539444,102.6687259038301
695,86,n08,0.7574245358492787,0.07290749448331142,115.47405274090819
695,86,n09,0.685048178417281,0.08144956478655642,111.61563035349069
695,86,n10,0.788959705304913,0.08290222002100334,98.50873076048346
695,86,n11,0.6353925855362008,0.08369449666878732,109.2754880297865
695,86,n12,0.7472768628637003,0.06352810920441399,99.55036665211504
695,86,n13,0.7425421656326316,0.0537342879953269,104.21479162328126
695,86,n14,0.81353287368455,0.07535461849709553,109.29903817106822
696,87,n00,0.7616111874958224,0.06976193816717918,109.15116636835417
696,87,n01,0.7201978178483626,0.061763218539257245,102.24079419848935
696,87,n02,0.7000740412085543,0.07611740621962003,121.44730550702575
696,87,n03,0.7144250947205333,0.0883588025285542,113.90459571985765
696,87,n04,0.7795420467836136,0.07877017445867873,108.30175342303441
696,87,n05,0.6705667334452574,0.064785218939693,106.3786952334759
696,87,n06,0.7367043612165943,0.0752734164295269,108.59789718619697
696,87,n07,0.6881120489161239,0.08651128301390955,103.72952596321558
696,87,n08,0.7448229324257439,0.10081017913662722,87.95136069378869
696,87,n09,0.7439204173946702,0.08346924372664642,101.3089800257921
696,87,n10,0.6940029890495465,0.062007647789742146,100.76829842819143
696,87,n11,0.6831814665758458,0.08437862303447244,102.82497629389891
696,87,n12,0.6844094336931744,0.09874712691980614,108.60342298393971
696,87,n13,0.7576882502829515,0.0686992022871706,118.2787990159476
697,87,n00,0.6796950901392597,0.08723175066038714,109.21477825532824
697,87,n01,0.805364829670661,0.08530941574728257,123.45063477963339
697,87,n02,0.6688804342382413,0.07577602456156912,112.06832843428433
697,87,n03,0.7180663887987018,0.07439557276096521,108.23451072708248
697,87,n04,0.725244922888706,0.08195207683471169,102.99160697633387
697,87,n05,0.745927250538107,0.07696880264520599,104.3642935049434
697,87,n06,0.7581230070201985,0.0819166454072658,101.49401082456185
697,87,n07,0.6875046078548827,0.06969298624553413,103.25852295993707
697,87,n08,0.7082163882983341,0.0680202216896273,97.9637941557967
697,87,n09,0.75831834818736,0.08608349084724372,113.9387967074552
697,87,n10,0.7385937712750542,0.06480842583346158,113.87880291181789
697,87,n11,0.6957506979818519,0.0810003988269488,104.43270377741173
697,87,n12,0.7301342655333364,0.08847381543498088,121.86105148961516
697,87,n13,0.686902131182757,0.0689264883401175,101.53955345250584
698,87,n00,0.24379342041905772,0.026340969896933984,44.7557481315237
698,87,n01,0.2124499459918912,0.018383640221658053,59.654003188021754
698,87,n02,0.24586747379970805,0.04223529602360664,47.90497914556443
698,87,n03,0.30363710829394897,0.02988245548047482,52.050572592252365
698,87,n04,0.251714032633362,0.04148838968128939,49.40991749550372
698,87,n05,0.16497067656811615,0.03452064054030357,60.016689087022044
698,87,n06,0.2941570271438062,0.03343474255210906,49.11798511054703
698,87,n07,0.20254438940182917,0.023305083837702148,44.571144582471675
698,87,n08,0.2608444181396182,0.03325077046105413,54.34849096936372
698,87,n09,0.32209045177940054,0.03906362180569202,36.928509949369484
698,87,n10,0.2874197602998066,0.016111866746221955,45.67400361678824
698,87,n11,0.30401300210783905,0.014203250731470437,32.2691532712698
698,87,n12,0.2069966366466825,0.032132589604250715,45.800437890086855
698,87,n13,0.2541685682591306,0.039761232790939946,27.83867157934436
699,87,n00,0.3473598576986182,0.03358722378247857,41.03952955955654
699,87,n01,0.24356152816044516,0.016101830349649512,46.24286517227898
699,87,n02,0.26652367835689855,0.025450146020234155,51.551396716641996
699,87,n03,0.2897739501595863,0.011155021251534714,48.20810529552135
699,87,n04,0.17645779601628425,0.03095679175086816,36.39062171984547
699,87,n05,0.2318624057643539,0.04075991139576389,45.73601389564711
699,87,n06,0.21038894894299565,0.06076750532027271,44.736922250271405
699,87,n07,0.24127054501428732,0.037667779137485334,44.81820256677448
699,87,n08,0.20006733435520951,0.022462404955994386,33.047177607705585
699,87,n09,0.2571109177328501,0.029532833601436114,44.765099829897764
699,87,n10,0.2408206588748266,0.05604599085725885,48.23148347110986
699,87,n11,0.2127538702566817,0.026835596701618177,43.0200968843294
699,87,n12,0.19384570588307332,0.036505825110507324,42.49717665138018
699,87,n13,0.23142308247561977,0.00012922844668903505,32.56004357477498
700,87,n00,0.2670182849722789,0.027605656600381334,45.11996633467969
700,87,n01,0.258924941437612,0.040922608248200806,46.61073073621772
700,87,n02,0.24330897691359885,0.032413279836516116,38.4009808503631
700,87,n03,0.2163976347441184,0.025383979325220178,47.82562551064534
700,87,n04,0.2929674218498667,0.04008857616033643,46.26159495277653
700,87,n05,0.24107544889291402,0.05543593472654533,60.730135639352106
700,87,n06,0.24145837808316367,0.04788764477701203,44.41512377959631
700,87,n07,0.2995497548182968,0.018831783368229642,43.80555188424693
700,87,n08,0.26329740602758833,0.035961661560285484,27.37043860804065
700,87,n09,0.28940972839813306,0.02636881339602804,45.55654211222254
700,87,n10,0.2991886572696467,0.035546341343768266,57.30257394021426
700,87,n11,0.2875825813026775,0.01063953855378897,52.35341937027572
700,87,n12,0.34428210873829085,0.023673124266449137,29.758701121599564
700,87,n13,0.3722849388369064,0.04315040276270879,55.96208737734707
701,87,n00,0.1980512492765108,0.03738250339177822,51.37734135965036
701,87,n01,0.27022515032350314,0.03477480352593858,50.97749186448424
701,87,n02,0.18717991378972335,0.014428273163299227,43.84638151892916
701,87,n03,0.2077605624168541,0.034688308359876845,38.04571115888277
701,87,n04,0.21645649667462868,0.036787729329054907,37.52674307097366
701,87,n05,0.21162962565208004,0.032016198106342146,48.82758498106048
701,87,n06,0.22800609323485047,0.007753299197639001,40.22114792068894
701,87,n07,0.35756781257014664,0.022761948433231333,49.796861015973754
701,87,n08,0.22789765800652836,0.03505396538134191,43.18971873620559
701,87,n09,0.24494953420973364,0.042973395159639445,49.94273011605099
701,87,n10,0.27918839748813407,0.04907699356366199,40.499640508758155
701,87,n11,0.1809145022044633,0.03545406859075042,48.73383141907777
701,87,n12,0.1597958137645762,0.03696974594548475,37.50914250850596
701,87,n13,0.2350124590916739,0.0,48.00478123613588
702,87,n00,0.8013738102671065,0.07257257831682873,123.20716398905887
702,87,n01,0.7958815923445945,0.08591315902686975,108.48140025034382
702,87,n02,0.7066163055124504,0.0960702062730229,106.93954998218518
702,87,n03,0.6918770714952059,0.08039186279452729,110.67470406633065
702,87,n04,0.6507427344953599,0.09220457981126354,98.98921009235177
702,87,n05,0.7201409886238911,0.07140932586762423,127.94703996072224
702,87,n06,0.6764726717523224,0.07412446603246087,109.57988461728118
702,87,n07,0.636922470008653,0.07769025708228522,111.66287843994164
702,87,n08,0.644591514804134,0.07612582650680237,100.58780066626089
702,87,n09,0.7304670339466012,0.09104833208559365,106.06322683885001
702,87,n10,0.7483031731828976,0.09156349297169095,103.40309436957995
702,87,n11,0.7598925241425845,0.08501120762664258,116.84621230108088
702,87,n12,0.726935910176324,0.07615752743057858,113.91987160645823
702,87,n13,0.7011132117514642,0.07776912966508927,98.29078405175898
703,87,n00,0.31922411432552117,0.04112331292550262,45.76895036755754
703,87,n01,0.2502975569695296,0.04397463565449595,45.91045094302661
703,87,n02,0.21163986767430834,0.036274634728852444,43.494666399450175
703,87,n03,0.2333706043987778,0.021981823687278523,41.94057069288839
703,87,n04,0.30718171711194747,0.03346883995815866,46.13196588022239
703,87,n05,0.3029968684040475,0.037206234028245494,49.183253004074096
703,87,n06,0.18261823914505737,0.0396092575122602,47.40038208902993
703,87,n07,0.29158788578559147,0.0172688484250878,52.005229584508115
703,87,n08,0.24232433407846105,0.026823023637506684,52.84882237720035
703,87,n09,0.14504913780243464,0.02751031959300348,41.111298831847485
703,87,n10,0.29000557032812413,0.02443093155144688,30.323108093147738
703,87,n11,0.229179556145036,0.026937941663271636,44.783652779004115
703,87,n12,0.25157927255187706,0.02116596626219603,34.20251372944323
703,87,n13,0.18256647357050798,0.020021688377365794,54.39656533128385
704,88,n00,0.2900610354644043,0.029438305342184792,46.02977293756662
704,88,n01,0.2357882424544114,0.03738579382837282,52.049535367509925
704,88,n02,0.17835236410338595,0.028423541933725684,39.96635070278027
704,88,n03,0.2758211060423495,0.02705006129478686,45.23702818019934
704,88,n04,0.21584389154318007,0.02866828500309265,46.64145206310661
704,88,n05,0.3388341082490266,0.04770874549719053,41.92000010919771
704,88,n06,0.2890478087858188,0.03369219440816594,49.66816851446608
704,88,n07,0.2594012217651154,0.017500250423403203,36.22960870180892
704,88,n08,0.3182708600345462,0.04034457096368087,27.97566330166973
704,88,n09,0.22254284698804522,0.03170588937275976,42.43490834369965
704,88,n10,0.2139308618835121,0.039949475855198965,57.46752109596211
704,88,n11,0.3371313022570954,0.023825821196376364,53.894639732837746
704,88,n12,0.24350046708134268,0.04083723899174914,53.467887517041966
704,88,n13,0.2950378254200135,0.017367000801610175,50.63920720179889
704,88,n14,0.18891394881004586,0.04007702765028563,37.28835997839998
704,88,n15,0.27074734720372534,0.028627075621151372,40.577268531889736
704,88,n16,0.2639733056602292,0.025965155867167255,30.14920637174754
705,88,n00,0.6820447685107086,0.09727917513173286,111.10408139954524
705,88,n01,0.7175924097294244,0.07684621364224985,110.38190543906215
705,88,n02,0.6804771591597478,0.08147052275370112,112.6379064290054
705,88,n03,0.7479873671527029,0.09976082949220941,107.34116314511108
705,88,n04,0.6576135627508339,0.07813972666258737,100.90527975294272
705,88,n05,0.7248779665146,0.09051756753961723,123.00649740712846
705,88,n06,0.6967603402048674,0.08323139121492736,103.13728660835227
705,88,n07,0.6761034730793232,0.07970266959251526,98.12733240998294
705,88,n08,0.7433302574672728,0.08769090193962314,126.10563026066761
705,88,n09,0.7528503394874853,0.09841265995728857,116.43332876042221
705,88,n10,0.709526286209185,0.07727469785889603,119.23555254230604
705,88,n11,0.7065860837207677,0.06398884125181865,106.21985774375456
705,88,n12,0.736876160089418,0.0658797235589213,111.6869535592496
705,88,n13,0.6870535061181972,0.09710345583876032,118.1839364003936
705,88,n14,0.7277598432687067,0.08803723884869842,105.12750368366203
705,88,n15,0.6887185810469573,0.04765748814496402,121.2205261758948
705,88,n16,0.7496907827799177,0.07989531228403497,118.37292227288441
706,88,n00,0.6826104414720304,0.0829184207303468,112.69607183428589
706,88,n01,0.7233876214891634,0.07025177760091769,92.89945462908261
706,88,n02,0.7338966750901038,0.07402456242877137,100.6470919412366
706,88,n03,0.7005092031441588,0.07489229609269343,106.57070324721828
706,88,n04,0.7345585803443484,0.08164989004697851,110.76913408051301
706,88,n05,0.6812949250767885,0.07549740754120397,106.77003533220362
706,88,n06,0.6787158902331709,0.0856459133915159,123.1131937404173
706,88,n07,0.6997989355065739,0.0746066934629194,94.38658409043614
706,88,n08,0.7088125316355687,0.05535256730139067,116.49541384011597
706,88,n09,0.7798115008554967,0.07212068054010534,100.85976269479953
706,88,n10,0.7061055141467348,0.06674265517235911,111.7617601737033
706,88,n11,0.7656781204211881,0.0863722737253757,113.81612987470417
706,88,n12,0.7880047319911668,0.06918665232576594,103.25397227186987
706,88,n13,0.6672324593829013,0.07627965541315845,108.9658582533014
706,88,n14,0.6311437209863728,0.0865730480453014,94.39275081009662
706,88,n15,0.6869427943711309,0.09698124778649,109.25634036496565
706,88,n16,0.7549619518405549,0.09846499709912174,106.40638268529953
707,88,n00,0.7497055096576943,0.09166807005475232,117.60197504381682
707,88,n01,0.7761408846070856,0.0812810352036669,118.5137633944803
707,88,n02,0.7126187929329271,0.07774304599174262,113.73347351004446
707,88,n03,0.7167368636583645,0.08044924494621732,121.28357033225497
707,88,n04,0.7613263825882464,0.07541651976780168,111.27514601260167
707,88,n05,0.6990011415606759,0.07758940027705613,92.32720888325622
707,88,n06,0.6968324606148244,0.09383037026429605,102.46751638319795
707,88,n07,0.7159232767818423,0.06695063466865014,113.40932744070948
707,88,n08,0.7266946984929268,0.08959646199348553,102.33017528423798
707,88,n09,0.7012923134216109,0.09182456785505927,116.13223578647592
707,88,n10,0.7198033888066779,0.0899401159450407,119.37099120554143
707,88,n11,0.742269420637614,0.08722645999867891,114.3755778683987
707,88,n12,0.6809918970049073,0.08784642183285894,92.00184667579475
707,88,n13,0.8062142485962257,0.08555338388005036,98.09043677685919
707,88,n14,0.7014406501597129,0.07968803770935835,98.57931387229782
707,88,n15,0.7573584820453342,0.09734966892610605,96.75925812316218
707,88,n16,0.6373815287528807,0.08456311879332469,117.45650308835518
708,88,n00,0.6623481482198124,0.06007729977506988,105.60534220073701
708,88,n01,0.7644058871237096,0.085508326060853,108.6838538275056
708,88,n02,0.6885598899204242,0.08205898045906104,120.72658296818575
708,88,n03,0.807094814466534,0.0871067698960712,102.61588005809122
708,88,n04,0.7433708731623989,0.06338035870671337,109.4449596148345
708,88,n05,0.7570428140329021,0.08173710212260119,117.5747913880164
708,88,n06,0.7152704612146381,0.09289310514537993,104.51299839775449
708,88,n07,0.718728272846329,0.07045567325293291,116.77624151919676
708,88,n08,0.7610691555605511,0.08740603385664865,102.15793174730022
708,88,n09,0.7484331374745435,0.07863589737347015,108.13326771923204
708,88,n10,0.707410874127842,0.08992749028220212,106.87765132279453
708,88,n11,0.723810503624087,0.09089103458710399,112.98005759260275
708,88,n12,0.6654191235238381,0.08089179609145751,93.68009101159143
708,88,n13,0.7071395726332558,0.08549003238043712,118.43432344991794
708,88,n14,0.745545633110931,0.08168619296045947,126.0737130844624
708,88,n15,0.7002395460098007,0.09444912078946628,101.26510495117147
708,88,n16,0.7437881357713009,0.0943940250247187,107.11421913641264
709,88,n00,0.6980940888366958,0.08719472874060391,123.25379618219367
709,88,n01,0.6543146499792071,0.09474592610217258,117.50555014827744
709,88,n02,0.8042725135718535,0.09501680486893685,138.0706468546769
709,88,n03,0.7388962100921705,0.08873076208052783,92.21695215368413
709,88,n04,0.7139878549844132,0.07516027774325887,92.06377044063859
709,88,n05,0.7554521833769295,0.08136281631399982,115.34901183232208
709,88,n06,0.7492449164803598,0.07087263303963832,123.50599754427668
709,88,n07,0.6904598278243821,0.056347481383683395,115.13492226402595
709,88,n08,0.7709248461260293,0.0661763278664743,124.40584936528772
709,88,n09,0.7798421978722128,0.0815197358114539,109.0271959571543
709,88,n10,0.699863344440738,0.07499295453902943,115.36642431093333
709,88,n11,0.6717517634174929,0.06646367830779237,102.42851154098076
709,88,n12,0.6926297669906377,0.0798237984174912,110.27674154760521
709,88,n13,0.7485769071164694,0.07976183643106594,105.77550631453272
709,88,n14,0.7087931757505296,0.08506093144412577,100.66925218487262
709,88,n15,0.7556060125247239,0.07377579817962848,109.97208445134427
709,88,n16,0.7623959331538371,0.08608239540345133,94.3446632386428
710,88,n00,0.7432885052663992,0.05114516391601513,106.49052066331778
710,88,n01,0.674862529128116,0.06219368734301324,118.80673560730848
710,88,n02,0.7738656779130197,0.08431558141497686,117.80875245297835
710,88,n03,0.6053540326861095,0.0818253549480878,122.4238172500732
710,88,n04,0.760843737619049,0.08609249913197937,106.9435760211887
710,88,n05,0.6748784142181957,0.07430932162606269,112.14253720189977
710,88,n06,0.7127712513926706,0.07366320443465692,113.50241073722034
710,88,n07,0.680638567131451,0.07119838325222326,121.25474631540592
710,88,n08,0.7757281358730691,0.09021817076447919,110.26109444077747
710,88,n09,0.7436309751492071,0.07849611904298544,117.94643504398334
710,88,n10,0.701345879291898,0.06346374797923811,129.35087767927445
710,88,n11,0.7597931797197336,0.08514325744719488,100.80220027769391
710,88,n12,0.7269334611279222,0.07667321609643081,104.19636515052345
710,88,n13,0.7039860243945573,0.07057474354872248,106.78847889134255
710,88,n14,0.6921438479205495,0.07758698047158959,104.36864368001422
710,88,n15,0.6359771854799807,0.08750140771175374,107.11215647329263
710,88,n16,0.7137821108023876,0.08498275263285376,108.57676227296346
711,88,n00,0.22516880029024328,0.028055390669650022,57.1365608289664
711,88,n01,0.26564497908957985,0.02192416012929448,44.68238631784865
711,88,n02,0.23613958042253694,0.026461436345160485,26.418406693728272
711,88,n03,0.2720201109622742,0.03860323300285836,36.053418935621906
711,88,n04,0.19470418308137938,0.0060993438510574816,47.43080159724866
711,88,n05,0.18315271859145016,0.037455635031194506,45.093810841961584
711,88,n06,0.2532681175096847,0.04031971072316839,40.49760815158783
711,88,n07,0.23525286566585463,0.023767451166351407,49.654180239770284
711,88,n08,0.26144625354314005,0.018218280895515998,40.08642454902221
711,88,n09,0.2708813032445634,0.04977397515560626,34.53747049805721
711,88,n10,0.2967074049325274,0.02115615729059643,47.52057818899538
711,88,n11,0.2360344047396964,0.01936657498180274,45.424089512951525
711,88,n12,0.250426696082686,0.028409506732064656,55.88403370352867
711,88,n13,0.23259570170908028,0.03894012663365656,42.812337340985195
711,88,n14,0.22205920375412377,0.020469055099249095,42.596798777727194
711,88,n15,0.2630208858372673,0.03255036454230778,40.76740910707738
711,88,n16,0.20566916671967556,0.03280347813263299,43.20076597198003
712,89,n00,0.6843325816937557,0.07427604622340929,113.15051750358589
712,89,n01,0.7145998510826305,0.07372100363885634,101.84923935619506
712,89,n02,0.7510724721867023,0.07274699825301871,115.66651927436338
712,89,n03,0.7553936542649459,0.07985018954372348,98.66561036023091
712,89,n04,0.734716925580178,0.11203589465865532,125.31398073257267
712,89,n05,0.7016345281093074,0.08678831165048473,109.59199075624313
712,89,n06,0.7336940981665024,0.09264986827424128,102.47532068365325
712,89,n07,0.7453710462659017,0.08861333920774982,121.49313738545632
712,89,n08,0.7802440884054447,0.08739689874391678,117.96626809674655
712,89,n09,0.7308580516509259,0.09281096607190432,112.37198590592949
712,89,n10,0.6645338923604883,0.10298314634305589,106.56124254553448
712,89,n11,0.7819946057422938,0.0784786692013467,112.06027080743164
713,89,n00,0.6875524096516765,0.08480963221572675,101.2458370729544
713,89,n01,0.771725142856969,0.08563829895985012,106.51135768649274
713,89,n02,0.6701131084710141,0.07895912044405422,107.60885864344345
713,89,n03,0.7592806120018734,0.06574568700212839,92.32664415890358
713,89,n04,0.7043551529499876,0.06095646474100482,118.26415367277112
713,89,n05,0.6947657756008984,0.07751626122534784,103.89139085197935
713,89,n06,0.6328587914411316,0.09159328276827497,109.63467059047555
713,89,n07,0.6450596028622675,0.08188505631274666,105.68157523102737
713,89,n08,0.7821490902359249,0.08354144411453869,104.87785001565672
713,89,n09,0.6940570451754333,0.06307800391162177,115.28526828358828
713,89,n10,0.6807622347953498,0.10462903652592868,106.70266548515863
713,89,n11,0.7637711943759649,0.06319754170738799,108.57191176494365
714,89,n00,0.24131068380702833,0.027228029673819227,37.490817062751084
714,89,n01,0.2405649704282471,0.03356402471521926,51.42330720670452
714,89,n02,0.23699709757247733,0.03743887196255676,58.631363564496475
714,89,n03,0.2518636333270403,0.030982130659768882,31.42783221723205
714,89,n04,0.18924010469446578,0.02843270440097961,45.85210997880124
714,89,n05,0.26295250207933146,0.020980207354595895,42.57170982607561
714,89,n06,0.37957775930388926,0.03715815913759448,41.172578845782645
714,89,n07,0.2656458470203351,0.013981265042156882,58.125050270336025
714,89,n08,0.18194987171935606,0.03579237028496189,36.6339030009351
714,89,n09,0.27528112215736666,0.02241710727940003,38.31243677680903
714,89,n10,0.16195497188195213,0.03579396805627819,41.1679651084715
714,89,n11,0.25036511352955887,0.017123769639915874,54.34774183270067
715,89,n00,0.6884551856486404,0.07767438667767833,101.87496248619715
715,89,n01,0.6954367511594644,0.07737295979712651,114.33049190266951
715,89,n02,0.7490862821798153,0.08131812690423466,112.10138668437367
715,89,n03,0.6761461397024762,0.10482139395084972,94.4771056599573
715,89,n04,0.7397414375181232,0.07963213678011322,119.18909043452993
715,89,n05,0.79353274764072,0.09275819525040789,107.67897331323944
715,89,n06,0.7153199976338631,0.08834909953971695,114.77632433726286
715,89,n07,0.7913521588979567,0.07681756920036541,103.81014258987612
715,89,n08,0.7428357244933426,0.0910481415467641,102.4835200183193
715,89,n09,0.6939572010824291,0.0810411260598498,98.1359835999589
715,89,n10,0.7687500523492594,0.08393543255894757,114.32791685411051
715,89,n11,0.7538828849022966,0.07718200403770421,110.57039957845409
716,89,n00,0.14763176602055395,0.04964936630022887,40.92478626030017
716,89,n01,0.20989290301135985,0.04623854720961117,40.84418754302266
716,89,n02,0.20095711619739304,0.037831939836537404,36.62464134472974
716,89,n03,0.2394906627840246,0.012973059842452478,41.922552596263465
716,89,n04,0.20835778217376988,0.0424087677296799,50.57738514925096
716,89,n05,0.24596525897469027,0.039986285491367644,30.78927144267747
716,89,n06,0.25023396293681216,0.013191554532923044,33.11209179052592
716,89,n07,0.22956770265497736,0.020291791527216902,56.65804672431598
716,89,n08,0.2414985567837635,0.02718729653321101,38.823198705385444
716,89,n09,0.2306770840352985,0.04731728591165782,49.12420527749425
716,89,n10,0.2103391934093571,0.028721693160218692,53.289300791549444
716,89,n11,0.21474299097089541,0.038925236379066704,53.50020005117322
717,89,n00,0.8112227388805588,0.08304834856283232,106.38186231005754
717,89,n01,0.7915062647999352,0.10067250408740427,103.7830292224989
717,89,n02,0.6738087606231568,0.08452293604371272,118.45977018526025
717,89,n03,0.7600039731250485,0.08835097298474263,107.44330018309364
717,89,n04,0.7396948801545591,0.07544061347619851,107.73263206827926
717,89,n05,0.6961710192505558,0.100216138937051,123.17980011846265
717,89,n06,0.7189701220691864,0.06368941378111188,110.89578447515031
717,89,n07,0.6057776893826622,0.08820216686907197,115.17254886103147
717,89,n08,0.7596933449168509,0.09448825369495016,110.65944327079455
717,89,n09,0.7089659887800829,0.10059615564824055,123.84079088519053
717,89,n10,0.6559783353253729,0.08066251955791476,119.70200909844019
717,89,n11,0.606400557779911,0.07999564529654932,112.94473575576228
718,89,n00,0.5898041638861025,0.0840855234462402,97.17262663821676
718,89,n01,0.7715812462285598,0.08990145269878971,123.56428552178868
718,89,n02,0.7116157882651115,0.09787113214675426,110.96798780768594
718,89,n03,0.7271017211914282,0.09328922955780766,104.94498637303941
718,89,n04,0.6510111938706377,0.07444339715838781,120.91125720018596
718,89,n05,0.7857698493483708,0.07200952565000553,118.71720422610231
718,89,n06,0.7781861738957098,0.07869131743828991,93.10488884021444
718,89,n07,0.647085837438622,0.07848595516227397,123.22248853188584
718,89,n08,0.7340440107084472,0.07584542513730119,97.1290817950053
718,89,n09,0.6546622039243237,0.09324547018338862,113.72431106309784
718,89,n10,0.7095712642676923,0.08982275923055719,115.37439965505642
718,89,n11,0.7322470736891291,0.08122636683149824,121.4674282107093
719,89,n00,0.710518705778234,0.07929631142761805,113.88621651799438
719,89,n01,0.6842144826255014,0.07595799660403274,110.53972810335686
719,89,n02,0.6945699091413813,0.08766105639783588,108.45503138785652
719,89,n03,0.6876521101742615,0.08681701247027225,116.63794094333582
719,89,n04,0.7122804721227936,0.0731901598925202,110.51523419674825
719,89,n05,0.787344564079117,0.061498846910194666,100.35207450195104
719,89,n06,0.7196617047045372,0.08921931051629278,111.8172931098176
719,89,n07,0.6596927693872868,0.08240508408920229,109.39771889018348
719,89,n08,0.6486970899718467,0.06833709966221364,99.9488561005335
719,89,n09,0.7715532605252536,0.09657961342888542,101.38939697283595
719,89,n10,0.7773049273245496,0.07952222119657028,101.11134141666726
719,89,n11,0.7278318593247597,0.06966252137600308,118.47708285582964
720,90,n00,0.7013356989785829,0.07804441297467753,105.22285863370134
720,90,n01,0.8080378743384847,0.05691888715784142,117.00450467541313
720,90,n02,0.7309657556906538,0.0960413811282658,106.23466465603258
720,90,n03,0.7562664250881445,0.08752503880366524,116.04701272009825
720,90,n04,0.7009916939026364,0.057861139384976605,102.45217009924954
720,90,n05,0.6635530884913963,0.09083182225899535,118.5516692050235
720,90,n06,0.7222413442095749,0.07691038352022565,122.4627583625423
720,90,n07,0.7388205632919985,0.10813587219673139,119.19697277342307
720,90,n08,0.7291563982355778,0.09185191962711375,104.78526839495134
720,90,n09,0.7690079615916299,0.06954422308212686,120.30827144014586
720,90,n10,0.605193410221541,0.06146672523202759,95.67887713344874
720,90,n11,0.6871402352292156,0.08072885277891467,105.72459626132033
720,90,n12,0.8480030227717472,0.08289600250153657,106.15383347631017
720,90,n13,0.6790025248636689,0.06142574534118739,114.96010551109978
720,90,n14,0.7628216491573018,0.07984495648022863,123.29577140757078
720,90,n15,0.698148982035247,0.08281061611102566,101.4043763260234
721,90,n00,0.28891479740672343,0.03700986486288757,36.29520124339727
721,90,n01,0.25809439596571926,0.04618738847887008,43.043882137178144
721,90,n02,0.23324961777075776,0.027160425560797872,61.93266675555229
721,90,n03,0.2887739488184506,0.03795616799243351,45.70746300479514
721,90,n04,0.362121187448307,0.04340548114331491,58.61195139662398
721,90,n05,0.2519947933020581,0.018841606066430393,51.74449937042527
721,90,n06,0.31883749771787795,0.02822695924401681,47.870496816653606
721,90,n07,0.20227373540383395,0.046606855437250135,23.357580346539088
721,90,n08,0.2730963160463002,0.0216175443569028,28.38499069549449
721,90,n09,0.3179010247127405,0.03616643533398793,39.99504678218
721,90,n10,0.230320671169459,0.025653353206834137,50.540036897461334
721,90,n11,0.23039926163635735,0.020297652011908612,46.2857720394259
721,90,n12,0.22730010135874026,0.03457774937698149,41.00639724341439
721,90,n13,0.19618430486951438,0.0351526570113304,44.87385901307634
721,90,n14,0.17220458997539967,0.02595557398338438,70.96486793245124
721,90,n15,0.29751700926014535,0.022375675361785072,51.7244986068473
722,90,n00,0.23306865269508298,0.02382925996436502,32.30077237179107
722,90,n01,0.25680167413899824,0.016573294542137032,49.301208578381456
722,90,n02,0.26362063952442066,0.022164028975807458,56.97461469207584
722,90,n03,0.2851266646325608,0.038630013863308665,41.87483201416803
722,90,n04,0.25874657655635125,0.023622991860752594,48.51063479890218
722,90,n05,0.19369957204352278,0.03189999173050868,37.389835851492016
722,90,n06,0.2843403712330205,0.05121410698992692,56.19162006232729
722,90,n07,0.22615586425748027,0.03902104274241458,45.98994544580152
722,90,n08,0.27568978058381466,0.015840469134638435,50.857882841637014
722,90,n09,0.32543365260936274,0.010999428359961906,46.055110593432076
722,90,n10,0.2533230961726778,0.04712609012945524,43.03315153227331
722,90,n11,0.28606551285172227,0.033119035973661094,43.28176013565925
722,90,n12,0.33241882761361397,0.02941686908582429,51.97517909501191
722,90,n13,0.17400892121079323,0.040896693440347534,46.872463497058945
722,90,n14,0.21546279097290483,0.009856928516791347,44.30350807857047
722,90,n15,0.23214250150049673,0.023314808564529194,43.53168276088257
723,90,n00,0.22836254644974377,0.03187204103121118,39.60819700607834
723,90,n01,0.359223895714033,0.043950455636692684,64.84840122636916
723,90,n02,0.18621726541523662,0.029221613721634353,48.07159061126434
723,90,n03,0.20320160680795057,0.02124185861974673,47.1017121611507
723,90,n04,0.21666703442876717,0.01785135131511189,38.031202832240105
723,90,n05,0.2707924975666204,0.008827776120117738,58.40093254555506
723,90,n06,0.15477533538765859,0.03506780598668364,46.422211081165386
723,90,n07,0.24452864506413702,0.043312487585262294,50.361511690243795
723,90,n08,0.2795048336444658,0.037123918439181496,35.03623762641199
723,90,n09,0.236098051228722,0.04412791048474019,52.211683505518046
723,90,n10,0.20879437076717633,0.04321545757847849,39.055480812728334
723,90,n11,0.26054514048471444,0.026272754358873746,36.62404847742546
723,90,n12,0.27732923295839595,0.03628628403597922,37.77562991369379
723,90,n13,0.29420925851117696,0.04024116487803661,37.1408865876412
723,90,n14,0.170050803447021,0.039154318803367824,51.111625586044234
723,90,n15,0.25347565907168956,0.005110516357580461,44.31865311549822
724,90,n00,0.25594266054724246,0.024368044586275252,54.07018358842651
724,90,n01,0.32940428450565723,0.037879787233006015,48.968842357192656
724,90,n02,0.3071692605854674,0.04670676454013574,47.52971693247456
724,90,n03,0.23627879992126266,0.030219065266218394,35.98443003932624
724,90,n04,0.2491952505930287,0.034453458392822725,48.08072208701899
724,90,n05,0.1944593335791292,0.027754936402944037,42.096557309762915
724,90,n06,0.2560846074112595,0.029657071775715273,55.51067841951703
724,90,n07,0.26466863616097813,0.04383935203999506,38.63245491208965
724,90,n08,0.3486127144891729,0.05106860162096821,32.71127868120528
724,90,n09,0.2278157708275152,0.03284823412447818,30.292890893845318
724,90,n10,0.14705863536099703,0.0455734537126942,49.34312685413333
724,90,n11,0.2828785593263441,0.02759174379099905,44.362849769753936
724,90,n12,0.24094748083349227,0.015101091668662572,51.40953078641462
724,90,n13,0.21245617229282118,0.017031418285162123,55.76650309434638
724,90,n14,0.32030413310681427,0.034573686523633636,54.31165093416146
724,90,n15,0.25028874014554636,0.04664697476396802,48.382254806389916
725,90,n00,0.29369219837806787,0.020799014270887484,37.82430277939166
725,90,n01,0.26936984965613336,0.04843217625906157,47.17251451755471
725,90,n02,0.15693356183156906,0.051294817890958175,38.55781312266962
725,90,n03,0.3213029972284158,0.0318992987496557,51.26140695922258
725,90,n04,0.30386886135682184,0.05147741742791763,43.45788809537938
725,90,n05,0.2425359870839749,0.027386171413514054,37.580249295189546
725,90,n06,0.26605679733058274,0.04261318477887385,48.49864978152812
725,90,n07,0.2756801482614036,0.03457381497703619,34.07110903435531
725,90,n08,0.25541613492335125,0.036094281302201416,39.21352474188797
725,90,n09,0.15272156022947708,0.038532005470149636,41.01817810758065
725,90,n10,0.22801723728287263,0.019191610571816828,39.63971909940666
725,90,n11,0.17398278618823443,0.017744851145519117,56.44809179707798
725,90,n12,0.16444767563564683,0.02178699921087451,54.45409399606643
725,90,n13,0.277569986313927,0.026194127194071628,41.87848414838303
725,90,n14,0.22275996824382313,0.059734678826149974,37.150369503048466
725,90,n15,0.3277579721130587,0.047451543116494264,41.70087763382296
726,90,n00,0.7422065255952996,0.09114293020298671,101.16118170176289
726,90,n01,0.7632948520679774,0.06720591491183352,110.74974698546686
726,90,n02,0.7269911910536815,0.06765127469369163,108.57947284651434
726,90,n03,0.7553921751012513,0.07634430077722248,106.53000124402035
726,90,n04,0.6622108654567039,0.056748806134786264,103.9130484948327
726,90,n05,0.7617630155327102,0.07596419880211458,103.08729445948605
726,90,n06,0.7213977868303864,0.06491647240446019,111.80983891046914
726,90,n07,0.7359243477683871,0.07971046445883696,99.70838765391879
726,90,n08,0.7615849543157998,0.06208171958692222,108.34379101843017
726,90,n09,0.6975101417313964,0.0709596417526551,109.79002177883599
726,90,n10,0.7036994579959709,0.07262856275988612,106.76039467656743
726,90,n11,0.7724133594536016,0.06983964802270881,98.88500849634444
726,90,n12,0.6707521560283551,0.07081417554806399,122.32372649112213
726,90,n13,0.7793886340083752,0.08738834502898432,114.37955333576431
726,90,n14,0.8189878190548673,0.0954764313564459,116.53593993348443
726,90,n15,0.7279615055647286,0.0593737184004161,103.18897350544587
727,90,n00,0.2525824609826077,0.003725474853993986,49.065851356796095
727,90,n01,0.15828001598260683,0.023866113386778486,44.03572345435671
727,90,n02,0.21509645717603168,0.02597545574581738,57.32050536095908
727,90,n03,0.30350226011213643,0.031413234582142166,43.894316560217455
727,90,n04,0.20516976613708854,0.06807276227084039,35.037218439825914
727,90,n05,0.19044759654624235,0.03104167370289674,31.653924092776286
727,90,n06,0.2412005156162509,0.03794483982393321,45.49158588672613
727,90,n07,0.3009416468926056,0.03081343952162663,41.32655531715414
727,90,n08,0.32564898349816285,0.023928780540957074,50.532030121345414
727,90,n09,0.21230844396520912,0.04553544423078307,38.53249678665795
727,90,n10,0.2505226840552046,0.05809241605367749,54.681698144329125
727,90,n11,0.18857060533906203,0.033363118812956276,44.39389671967544
727,90,n12,0.2708828092335563,0.03782201623072842,49.53854450515338
727,90,n13,0.26730165705904807,0.0171237713761814,45.019059043085385
727,90,n14,0.19735617823077042,0.025721474021128322,47.93797153630712
727,90,n15,0.21134619006838656,0.03186655685491152,35.566172611434226
728,91,n00,0.23114291647533322,0.017302836981546228,44.733537206090375
728,91,n01,0.2883005877716031,0.022980730853328166,53.239772324973266
728,91,n02,0.188528264549314,0.039984833945229295,48.74902602868692
728,91,n03,0.22647475025153133,0.023630064339789397,41.99501938909864
728,91,n04,0.2162628808456518,0.028082234487580245,49.6971344599311
728,91,n05,0.2548832397557515,0.016675647678037864,36.02298067142748
728,91,n06,0.1860578111300087,0.02666124210246748,49.30324311563805
728,91,n07,0.25581362133339225,0.047283032349440576,56.33089691996865
728,91,n08,0.2857741378102455,0.03425495836529691,48.923387927373874
728,91,n09,0.21640462812649858,0.043261205516115994,56.413705930399175
728,91,n10,0.24812844366621575,0.039997981618081824,35.70195924397732
728,91,n11,0.2428061813423829,0.0,41.46686523895813
728,91,n12,0.2256943957976656,0.02731749783076876,52.869920145658824
729,91,n00,0.24519675497882795,0.03982328166233495,47.62890340416677
729,91,n01,0.30873944831695715,0.038719235744374664,43.980673811775894
729,91,n02,0.23136846092805205,0.023751177070479027,63.566907324688046
729,91,n03,0.31135536355544985,0.023516083219555874,39.98828431001014
729,91,n04,0.2454713747810653,0.020036758493480248,44.964193438551604
729,91,n05,0.2015739002139227,0.03290753677771351,42.88921392564467
729,91,n06,0.18796942642854497,0.029498879641518344,44.42950781050543
729,91,n07,0.23120422121353948,0.0417091034603423,32.32663796742259
729,91,n08,0.24797835481784747,0.03392070882315156,56.8494107155349
729,91,n09,0.2273972122493388,0.04522589451387169,38.043168089931434
729,91,n10,0.32810670508296474,0.018573759789284168,51.06618944046125
729,91,n11,0.19162884331028696,0.04157520385018805,31.57179758595428
729,91,n12,0.29837825404862284,0.022393102613957078,44.53160918513091
730,91,n00,0.8000505049097523,0.07510396555115474,105.30145610252501
730,91,n01,0.7165053641843357,0.08640640498582931,101.36745734921921
730,91,n02,0.7079307538196433,0.0667509166167558,95.2331933026373
730,91,n03,0.760629596973784,0.10008985441732168,101.1457828705127
730,91,n04,0.7367935010435489,0.06025099848670435,100.76496167230182
730,91,n05,0.7353929072520403,0.09593129838700037,111.36940314241323
730,91,n06,0.7370598938111177,0.06751587991340402,100.97822025032798
730,91,n07,0.6939551122661376,0.09710520953454341,102.11278970770044
730,91,n08,0.75208605455423,0.06659074226938512,113.7937407496128
730,91,n09,0.6556018259233343,0.07610119812064318,106.00457873819988
730,91,n10,0.7341870716269204,0.07405662050813325,111.33209551302717
730,91,n11,0.6517229135260517,0.0876072648490626,95.32811002486272
730,91,n12,0.6823622675425769,0.08986061631895105,123.58892333862597
731,91,n00,0.745042220867288,0.08888229680373036,106.02312663035845
731,91,n01,0.6762769748503039,0.07436638967145864,122.43900737488046
731,91,n02,0.6428564059809552,0.06671571116306348,115.38272253575671
731,91,n03,0.7177180106975096,0.07455224946988818,106.96815580735215
731,91,n04,0.7138346956794378,0.08123450715092004,122.36992742698841
731,91,n05,0.7634532569223921,0.07091401011577506,103.79325753788403
731,91,n06,0.685893313030663,0.06442362071861354,111.52645715076255
731,91,n07,0.6955916910272445,0.07856249455655068,96.29350074915729
731,91,n08,0.6349215621735887,0.06500521336439767,102.27810361693759
731,91,n09,0.662296369855877,0.09907340596228006,112.69101095908313
731,91,n10,0.7614096488842501,0.07239682418058499,105.2836384064235
731,91,n11,0.7782360481157193,0.09014942056030475,107.49990449104737
731,91,n12,0.665549382214348,0.08151482032141046,120.39245442529503
732,91,n00,0.2423940172788333,0.023280711714575002,57.446814185255796
732,91,n01,0.26556592050090105,0.03605943065888895,43.997764559887266
732,91,n02,0.25765773287121285,0.043350003923085294,38.72751311330962
732,91,n03,0.23070196217609257,0.01058665029822876,55.81052206452877
732,91,n04,0.2636712883469605,0.02858053891231724,39.79359810567751
732,91,n05,0.30830535955313426,0.005980174300947917,43.72849736702473
732,91,n06,0.18822265780195496,0.020450889043754243,42.17185071552217
732,91,n07,0.24953842417658323,0.02695259992456574,39.99351586561694
732,91,n08,0.2804020324562189,0.02440272820008324,35.918185493084366
732,91,n09,0.26252829141253453,0.03216051903341082,46.64414987398534
732,91,n10,0.2876327654564774,0.022949160437314726,42.19543938056263
732,91,n11,0.18358789554807098,0.041569357425162844,50.79710766891471
732,91,n12,0.3188940029544093,0.023867837003713303,38.27411814007019
733,91,n00,0.7178502385217475,0.10058737703914332,118.86551144493532
733,91,n01,0.7613348758906933,0.08952309912721064,109.54507221934001
733,91,n02,0.7291917009850347,0.09904806275072107,104.09700546291516
733,91,n03,0.6150173734095209,0.07921399625839748,104.21424234107938
733,91,n04,0.7642029891978179,0.07309980692498158,115.63232240509053
733,91,n05,0.6835524252894764,0.10802574082254847,110.16605462504276
733,91,n06,0.7140267136404775,0.0661532254705719,116.41824604196931
733,91,n07,0.7372522809451354,0.07754974134556408,108.0616809117654
733,91,n08,0.6809189510649547,0.10106911524014056,112.85808390820934
733,91,n09,0.7050305264603824,0.09023534656104641,100.25064155699513
733,91,n10,0.73649035523184,0.07293393450420728,119.35311421908989
733,91,n11,0.7455961532482845,0.06131311370122082,104.77814135386986
733,91,n12,0.7106519541511122,0.08743111401273011,111.11049177779792
734,91,n00,0.1971549240328179,0.035643236294717766,54.909415860746414
734,91,n01,0.30984738444233983,0.03576688563217715,45.14266208482041
734,91,n02,0.2519282797475837,0.021613641444096447,33.458065497358426
734,91,n03,0.22183561255547954,0.025991799223499062,49.56705937637027
734,91,n04,0.24699199185556484,0.03440430052068279,50.21151969365686
734,91,n05,0.24274486098450532,0.04348223143110923,34.63920604184905
734,91,n06,0.17860192745100423,0.04842693065355945,41.92911231185685
734,91,n07,0.26328165002572945,0.0330929451302876,51.71858677557418
734,91,n08,0.220122670810936,0.02652501352079829,40.04305709379502
734,91,n09,0.23441715999283938,0.05526687745491067,44.857541224866374
734,91,n10,0.25377883302520626,0.050700407471710784,44.2020413377874
734,91,n11,0.25601989337845205,0.041628545139840406,38.26330890920934
734,91,n12,0.2877955041703221,0.003126247295245334,44.330166148941935
735,91,n00,0.3533036265278245,0.03369088474011444,47.60388263382978
735,91,n01,0.25745227298787526,0.03493354137203975,46.985909480461586
735,91,n02,0.26566790329577006,0.011019032228425606,43.24156765794075
735,91,n03,0.27123155756753753,0.018814411547411106,50.114699507338536
735,91,n04,0.2925798518635674,0.04110478108149112,45.5543029072796
735,91,n05,0.2830862191005484,0.035989983132626656,68.95828799275017
735,91,n06,0.176468083871618,0.03795638401652039,45.71605530819568
735,91,n07,0.2592677740161815,0.05301390302077609,39.02822105327173
735,91,n08,0.3578012028331179,0.01627183979618179,50.10654272548656
735,91,n09,0.20829470821504578,0.03347998004088808,51.802961120791636
735,91,n10,0.21054773188375756,0.04251378549722315,48.81354566405414
735,91,n11,0.22801753473760317,0.033028083653621636,49.88130937888476
735,91,n12,0.2306346527743031,0.038657891504352344,51.40938071624822
736,92,n00,0.21422473706741474,0.051674894306488084,42.8581524432277
736,92,n01,0.26104263774207875,0.0048291582542399,38.11340026818413
736,92,n02,0.1941505232281919,0.0,58.40739139477884
736,92,n03,0.2739797992028323,0.023912561877438517,35.973939377690115
736,92,n04,0.2554771471384207,0.02938697757584126,40.347464008524376
736,92,n05,0.26690796250197923,0.03096304193712926,40.70479578122763
736,92,n06,0.28266087977269216,0.031389738958327855,52.65988840615246
736,92,n07,0.23290662501334716,0.03679579732167815,42.249852628906595
736,92,n08,0.2134951933955552,0.04227040640573623,36.84909986970055
736,92,n09,0.2400881544213923,0.0414060969679389,44.636612214312926
736,92,n10,0.20659938242235715,0.0435652066614083,36.739155676831786
736,92,n11,0.2658222326214406,0.022471378587395903,38.446531993405486
737,92,n00,0.6795448415971612,0.07902662023716281,119.63555687253857
737,92,n01,0.7303037337357432,0.07282082994066898,114.39023270505253
737,92,n02,0.7836583056542704,0.09562898992372446,107.27758129118482
737,92,n03,0.767986778785005,0.07117663821228729,121.86354509940858
737,92,n04,0.7304794441017987,0.09229725384550111,103.837292046709
737,92,n05,0.7019008145124707,0.060393190066209315,116.08004072606984
737,92,n06,0.6920657374694297,0.0925563970428071,119.89914102105118
737,92,n07,0.7599290246798376,0.08708127875038875,118.61119493445277
737,92,n08,0.6963675513170552,0.07767330520234013,116.21179505095462
737,92,n09,0.7341561616976918,0.09527128294196154,98.5349007556381
737,92,n10,0.7093306980103699,0.08033592804919881,103.68952222170508
737,92,n11,0.7376304610323093,0.06637521391943707,115.90822446998685
738,92,n00,0.31002002207726137,0.02533578167588456,56.533030263462514
738,92,n01,0.2775389989989446,0.03743756896358124,47.158631035413975
738,92,n02,0.2074634352161563,0.03659008476811874,47.443754567983035
738,92,n03,0.28412914779412507,0.04489018508517187,54.21112145099288
738,92,n04,0.33679400866125886,0.050641757055658695,50.55560823197682
738,92,n05,0.26527867108363995,0.0363503238984057,34.26273139840978
738,92,n06,0.26503394488363197,0.02435683717299016,49.340816888840195
738,92,n07,0.2444620764032251,0.03896467614344304,44.55106486730581
738,92,n08,0.23385024694968742,0.06082590910858465,41.43921673225656
738,92,n09,0.2439994755113175,0.023029034422859286,38.92928110495326
738,92,n10,0.24840992395507294,0.02917450722450439,63.74597919549948
738,92,n11,0.2916956451365284,0.04026333817467217,42.06274923745279
739,92,n00,0.2487717077431119,0.03797973661607454,46.88624741261822
739,92,n01,0.26645109462479766,0.04268433826286306,39.262849395445116
739,92,n02,0.268607092205274,0.030293990311266804,52.07568457257328
739,92,n03,0.18949522262067128,0.02225889857524449,41.758177195279515
739,92,n04,0.2758564157278183,0.0198590512875991,37.426315772355295
739,92,n05,0.20674178921242017,0.05870336486699938,42.919029188402
739,92,n06,0.24108666688400815,0.02503101962348174,43.490953078694204
739,92,n07,0.2847937294497869,0.004167437256428607,49.890056897142514
739,92,n08,0.21071565446272714,0.02686172758971509,29.508697664579262
739,92,n09,0.26794291759297517,0.0,30.945784731820105
739,92,n10,0.23976868843573898,0.04145169283162893,49.916831972704145
739,92,n11,0.21824703474684307,0.03501785521945491,37.88709605799801
740,92,n00,0.7475326469205567,0.08218080945144692,108.5545506364463
740,92,n01,0.681695659921608,0.09035396298053151,107.83128252182756
740,92,n02,0.7006950110712937,0.08748190032553287,111.52176763144196
740,92,n03,0.7276273136229331,0.06539351038358035,113.59566784218511
740,92,n04,0.7259947060535358,0.10082793236486859,109.06734244582687
740,92,n05,0.7235481243368439,0.08707894986000647,96.6580469983792
740,92,n06,0.7343620144994872,0.08147573731139249,127.45258365392391
740,92,n07,0.7478882648228292,0.07106747001897556,102.66401245935374
740,92,n08,0.6510485329654365,0.08198387841938731,111.76512653135299
740,92,n09,0.7147018608153869,0.07023521954298634,107.16759111571434
740,92,n10,0.6649555984803814,0.08293944824371396,116.91257879843361
740,92,n11,0.6975207668160469,0.08166422738721629,108.73429514297791
741,92,n00,0.2685440622795432,0.036332103137688095,38.779746583464465
741,92,n01,0.2412091722281323,0.023038248374623184,55.45942189405084
741,92,n02,0.2877741668596878,0.009719206743468118,33.624491992396536
741,92,n03,0.2982105165721443,0.016166762273912075,42.36837278856172
741,92,n04,0.29955473512822806,0.04530405887273187,51.77934243138226
741,92,n05,0.26410229885069575,0.02776804878390458,61.74846729677966
741,92,n06,0.2768987115267646,0.028527732923798677,41.39777561044479
741,92,n07,0.2339413387958887,0.03130424729657994,49.873582374737296
741,92,n08,0.17561542982296358,0.03119753670772874,33.67085974298651
741,92,n09,0.30779934024669486,0.058543659290933595,48.3431035997941
741,92,n10,0.2201868936872287,0.014220139434688167,47.87871644575757
741,92,n11,0.2408987753003032,0.03057486687154924,30.501207978723404
742,92,n00,0.1705097651314658,0.016430020260244853,45.17140247088933
742,92,n01,0.24545377816305997,0.03804345933526793,59.14202205572122
742,92,n02,0.29641981678788837,0.03444674561504533,50.391975630850574
742,92,n03,0.19248834880784252,0.038868678176780455,46.61010013709338
742,92,n04,0.2393734168034256,0.023399086460897726,56.820931694337155
742,92,n05,0.28481497300254277,0.03148885683371676,39.26830774162472
742,92,n06,0.3245316660158349,0.02068668077060763,45.3854373140559
742,92,n07,0.18953530569451515,0.04731091110768136,63.280410288606376
742,92,n08,0.2792319651259205,0.03639932191772917,40.32563262844672
742,92,n09,0.2280226484196302,0.04246186206800475,43.108685473545066
742,92,n10,0.3114623342353021,0.034346989040405916,32.25438324587825
742,92,n11,0.21083857453802388,0.026726387767386624,47.6871281767346
743,92,n00,0.20013377190820095,0.025684391759421395,34.632115235878665
743,92,n01,0.2565675844623649,0.0071929367627997925,28.19203818387287
743,92,n02,0.253270064310683,0.030443532331737303,60.7089106564897
743,92,n03,0.2982748409128014,0.04049908644258106,52.70556373836314
743,92,n04,0.28649369864272695,0.03844423418052299,55.78032879301481
743,92,n05,0.2487124061777398,0.005879163072814421,30.22130672556386
743,92,n06,0.1931133255881951,0.017777267216010178,42.470194023353294
743,92,n07,0.26490124697049466,0.02432217357108664,43.22625607609144
743,92,n08,0.2655416442283223,0.0364934257303533,58.74044507679589
743,92,n09,0.26454573796778225,0.02979428760418216,22.767909033791188
743,92,n10,0.16725328287945962,0.016918588947659963,38.90376546853242
743,92,n11,0.12256661123960352,0.029004370332477113,52.068260506248365
744,93,n00,0.7098118596389281,0.08369527081716878,91.76569379987733
744,93,n01,0.7352180273248959,0.06585086576192564,83.56269825879323
744,93,n02,0.6861219196762716,0.08193261139984125,114.62762050253761
744,93,n03,0.8433390213400094,0.07429934405818019,105.29706608206952
744,93,n04,0.757327124965152,0.07321466238355168,98.99542740719879
744,93,n05,0.6473037279822295,0.08296315671085389,107.19336898166294
744,93,n06,0.7064138860184932,0.0864458589292391,114.86534947212358
744,93,n07,0.6722201950980973,0.08267079647108806,105.15751784755804
744,93,n08,0.7800610312855478,0.07613324994763535,112.76565640385296
744,93,n09,0.7695632531285022,0.07238583507612885,93.35836853413781
744,93,n10,0.7553602185619239,0.057731044729452244,105.6371357451092
744,93,n11,0.7182817358923234,0.055270254615630385,96.7593667456567
744,93,n12,0.6751438904705438,0.06092694940355406,111.61701036498926
744,93,n13,0.724771492140678,0.07993691510052331,99.17670030212389
745,93,n00,0.20978795810483786,0.0,55.62026566498492
745,93,n01,0.2798438582797269,0.022799097742269396,48.564498805287606
745,93,n02,0.18063520936885596,0.021235585337244036,32.89508578185237
745,93,n03,0.20546932071760726,0.03918748740879069,32.122246715487556
745,93,n04,0.2338651623579612,0.025557543021235977,34.451120843080574
745,93,n05,0.23217425777098577,0.0023804988462138264,46.13999629077799
745,93,n06,0.31309005397660933,0.038353828008986,45.755341998489946
745,93,n07,0.2535354820541687,0.032869741030988976,64.21420658950498
745,93,n08,0.24791920878459175,0.030276382720452123,51.988454981210886
745,93,n09,0.2180728513197962,0.024646458205236643,48.8909746479294
745,93,n10,0.24896010759869822,0.014924796345461223,23.55844584807528
745,93,n11,0.2811520200833089,0.02639415152212589,52.91256770767977
745,93,n12,0.26470924943619084,0.04212525564020337,65.05561476271734
745,93,n13,0.3011499953588981,0.026598768042579834,34.15039741397679
746,93,n00,0.6767932821295435,0.09825434402985965,121.31673201966026
746,93,n01,0.7585341618125425,0.07249885771866334,115.79168234552506
746,93,n02,0.677378770047176,0.07927666765493627,107.99933796321847
746,93,n03,0.6897432808630135,0.09247762719428021,121.98389012188721
746,93,n04,0.6826914617950873,0.08102486347420697,105.20968016576383
746,93,n05,0.7397986773362202,0.09306426158729951,116.01718220187836
746,93,n06,0.6976004950123983,0.08223863906668046,95.69612683208183
746,93,n07,0.6487129622594058,0.07831084755766986,120.07602906969579
746,93,n08,0.7224881432404059,0.06623452259591511,126.56498048402409
746,93,n09,0.7677215890201432,0.09228150218882442,97.79337829696283
746,93,n10,0.7379208740822029,0.10092770974131704,96.57925497537417
746,93,n11,0.7298303753702997,0.08622179745440076,125.45576855614799
746,93,n12,0.702264335874492,0.06570207215418691,105.38893609547765
746,93,n13,0.7142665794611228,0.08241971337586916,106.33004286467857
747,93,n00,0.7007702616389558,0.07926936136956267,119.12556989664435
747,93,n01,0.7055742605984864,0.09293172783930008,109.55733755201263
747,93,n02,0.7314804974536099,0.08506404051233929,113.00788278579154
747,93,n03,0.7240657163573243,0.06987378044873371,109.14868737773419
747,93,n04,0.7431194662828796,0.0846192939878033,115.22253741665388
747,93,n05,0.6976894727272787,0.0847233777252608,108.60553034085991
747,93,n06,0.7045248236016918,0.08131478481934318,107.00007258375125
747,93,n07,0.6592055331891139,0.07519150857792181,105.96768407990187
747,93,n08,0.7021533222814812,0.06764876220910153,114.0516101358797
747,93,n09,0.695096671417832,0.09613192860167194,110.39495838865551
747,93,n10,0.7511248261262461,0.07656777768422392,112.4644122948912
747,93,n11,0.7972089957600175,0.0735216040862866,99.38233376085172
747,93,n12,0.7596246432500546,0.08594468397951491,102.33531991158809
747,93,n13,0.6967656000157769,0.0782748161591259,99.8891315838303
748,93,n00,0.6843483015577542,0.07819047589066731,110.59654901499786
748,93,n01,0.7430523376385627,0.0823471168944448,109.2896461196513
748,93,n02,0.6734197227855376,0.06677958587549278,111.8370833187183
748,93,n03,0.6442474288840032,0.08463297455433672,112.70031959722319
748,93,n04,0.7026178466804469,0.09332015644514555,118.22987452376289
748,93,n05,0.7078735463981382,0.09830773234834828,97.73975899417498
748,93,n06,0.6867734693673464,0.08168388252783666,110.60334687774665
748,93,n07,0.6843286995524553,0.08706220975924019,109.35285342689446
748,93,n08,0.7427176520569845,0.08593694763431006,108.91275198653153
748,93,n09,0.6588972120708002,0.0758490801747859,103.1725629344894
748,93,n10,0.7352541457947147,0.08873371577656813,100.09709272731412
748,93,n11,0.8095172478359094,0.08221775203265191,101.3778284306108
748,93,n12,0.7053288514496808,0.06570537041289279,118.57400776914537
748,93,n13,0.6114923440471053,0.07280525175621011,104.02083269727
749,93,n00,0.7359984872556118,0.04580309473574003,106.77842056852325
749,93,n01,0.6753187358219351,0.0782896408874897,104.11341104365057
749,93,n02,0.6830876878883667,0.06930902434339394,108.81413594186942
749,93,n03,0.6597082480482843,0.06643570682245854,106.67344591935878
749,93,n04,0.71669417248843,0.08611261995202092,99.07792475986429
749,93,n05,0.6608796801251642,0.10413205076966693,116.90638089722165
749,93,n06,0.7375624990745617,0.08041677290037202,114.25050265198367
749,93,n07,0.737172612091918,0.07442061757227969,106.8007860985163
749,93,n08,0.7805499088781558,0.08467816782143231,97.3684995044489
749,93,n09,0.7174603129688708,0.09547211940085423,110.88569658070199
749,93,n10,0.7392796271163031,0.07367955276324291,109.38987597813669
749,93,n11,0.8294954556166587,0.06684245470339462,113.55953544432192
749,93,n12,0.716498965807942,0.06304570443144357,105.47833406730275
749,93,n13,0.6544574312994899,0.07621821793570849,110.54370973383976
750,93,n00,0.8144229234656833,0.06647091799565251,107.39815331078835
750,93,n01,0.719102341642938,0.08988015196526604,114.75078656910402
750,93,n02,0.7501786633824039,0.07140514395869182,104.57134690705729
750,93,n03,0.7932194300220299,0.08839639153799836,101.87693912111611
750,93,n04,0.7084648321118289,0.08615257945580877,105.89876990855042
750,93,n05,0.694222210284007,0.08048453872027117,115.21322114785181
750,93,n06,0.7212364130705105,0.07705633095797956,113.2107480081526
750,93,n07,0.7076924492175005,0.0692583863087252,109.88721766431208
750,93,n08,0.7236634102447,0.07608545770302086,98.41098040409435
750,93,n09,0.7057346992063984,0.08038338639796459,108.83961218140905
750,93,n10,0.6906279120859273,0.08278866708774205,103.85640914825031
750,93,n11,0.7010850403453991,0.10149002733425859,97.12614957518589
750,93,n12,0.7221113081687278,0.08589263944397268,105.5363983991644
750,93,n13,0.7315319913462202,0.08025214245717985,105.4938643140975
751,93,n00,0.6866875681001938,0.07253490827634626,108.95338540715771
751,93,n01,0.7549443719490723,0.06343719693850783,92.32794229491142
751,93,n02,0.6698240000805221,0.08596018735488758,103.30379739310067
751,93,n03,0.7242764908569077,0.07352142116198061,110.25961487187485
751,93,n04,0.6133547332777022,0.09547860378492655,120.40266402888042
751,93,n05,0.7615223557494414,0.08820383491647005,118.72985028231342
751,93,n06,0.7476689402330596,0.08591843353552478,115.45642522478886
751,93,n07,0.6709891889482194,0.06600345954886672,125.27121304465126
751,93,n08,0.7113786485606455,0.0588679695837693,114.30814918229068
751,93,n09,0.7521615416215259,0.060544190098021436,101.60076248410354
751,93,n10,0.7024784098944693,0.08845261915804552,121.0990294109682
751,93,n11,0.8142866622812581,0.0829979931444052,117.09495491419567
751,93,n12,0.766780198854566,0.06863422737239132,106.90635962249573
751,93,n13,0.7222147198391837,0.08402210653443094,107.9810382795499
752,94,n00,0.2629919485248228,0.02790554785505611,46.22079244017021
752,94,n01,0.2601297990277465,0.026320620299332128,67.45024659022968
752,94,n02,0.2635779226606281,0.014288519516907457,33.02656628128658
752,94,n03,0.2876740242219491,0.026236624609406154,36.93340882723372
752,94,n04,0.2843229266435553,0.04321050839349038,41.52184845867035
752,94,n05,0.18667296400469838,0.03994302387619959,51.97864398018091
752,94,n06,0.28928920181793183,0.025623071796579168,43.83817311131737
752,94,n07,0.13602635946343988,0.010039990964000496,46.17774890389328
752,94,n08,0.2073304275239814,0.023367192459481517,36.10387240460925
752,94,n09,0.27909645828019947,0.04861523977305596,45.905933508977
752,94,n10,0.28444737684480814,0.024508285581177146,41.955076191910905
752,94,n11,0.3482771350429932,0.02923276121778786,33.323544849297676
752,94,n12,0.23731638649659362,0.012447829865206178,36.84827522086661
752,94,n13,0.22547163766229059,0.043850419234467496,43.596604395947544
752,94,n14,0.23452214474228533,0.029475392863934656,40.3622096516245
752,94,n15,0.1896168795839802,0.02856421912197783,36.610411821682725
753,94,n00,0.26170362199352787,0.029043707652934445,44.355552792151144
753,94,n01,0.3108366890355308,0.0,50.93724291764343
753,94,n02,0.3168965330439748,0.02058635266467331,44.42847182062534
753,94,n03,0.20050901834535273,0.03643239857403288,38.486843271657165
753,94,n04,0.33167329897135894,0.025387709169577857,41.45205810828127
753,94,n05,0.2950737167971152,0.012561084558602224,56.71434531313263
753,94,n06,0.25991995696602066,0.03377441387480969,51.24570027930685
753,94,n07,0.18611402950627653,0.032015674229535766,46.43097487407531
753,94,n08,0.22426368012312425,0.018472621250300386,48.137191442225806
753,94,n09,0.25670752886810666,0.05082976522952638,44.0260582757512
753,94,n10,0.2172346695301269,0.038511587932620384,52.98646839506951
753,94,n11,0.30146852791843815,0.024846894449242096,45.78645327369238
753,94,n12,0.2278326922436653,0.02767972536665476,29.8447144833775
753,94,n13,0.2608880947323576,0.052580322991762796,55.44218006446058
753,94,n14,0.2777860071997217,0.03129609437563879,57.04101503161806
753,94,n15,0.25601134032407014,0.04034593143808805,51.96712555262735
754,94,n00,0.7368424956511798,0.07610592540674604,106.33199287690789
754,94,n01,0.7372450734697141,0.10015808375824724,119.9837677357114
754,94,n02,0.7813066219590041,0.09708475951806818,111.09242978956209
754,94,n03,0.6889640375354465,0.08423760629689371,98.15031249587727
754,94,n04,0.7282464686817284,0.09457057487925874,113.24276846882574
754,94,n05,0.6956734049742235,0.09007980725958917,104.733706935344
754,94,n06,0.669295544636905,0.08376364890211618,121.81803418900104
754,94,n07,0.7049240087179596,0.07778947677289744,106.14108810864168
754,94,n08,0.705463331164768,0.07299052365070788,117.04822931259758
754,94,n09,0.5910008565948924,0.0722819590858452,123.35139245452412
754,94,n10,0.7090509760792979,0.08693843722130766,119.43726799105102
754,94,n11,0.7449278312627764,0.09439143479917811,110.8806261018758
754,94,n12,0.6548483489758743,0.07576172077369674,115.2320758761508
754,94,n13,0.699792427007884,0.0832726208017514,111.63299567503284
754,94,n14,0.7730821365891082,0.08526371959098711,103.31412293245751
754,94,n15,0.7990308143595651,0.0636984725426413,109.60931897170481
755,94,n00,0.27251159723212826,0.060593537135262804,47.531203425465925
755,94,n01,0.26766503133449615,0.016866075304484696,45.94027509842131
755,94,n02,0.23759557012658178,0.039055335635600874,45.25990246629963
755,94,n03,0.3189754652170456,0.017409016839591784,45.22851803060571
755,94,n04,0.22620851629300784,0.03842189658409334,46.709187981830624
755,94,n05,0.17922929175861507,0.02200524896301894,28.90511493012901
755,94,n06,0.24740313607831851,0.020837142362095083,40.91992014108437
755,94,n07,0.2541203531158126,0.019463000023475327,48.66730202040891
755,94,n08,0.2819935067144743,0.021353046320935716,40.521481236429544
755,94,n09,0.2962488794077618,0.03725346511617925,29.86575837818539
755,94,n10,0.30810946314886956,0.04779575548696833,43.4394779072006
755,94,n11,0.3436975246361693,0.015296523009078519,40.27045120471038
755,94,n12,0.2977035951622538,0.031315371574822407,52.35482695115955
755,94,n13,0.3176447215764935,0.011371153682159976,51.78465761302813
755,94,n14,0.2803683903536048,0.018580326484119322,60.11478076026281
755,94,n15,0.2534656202976931,0.02678897352404224,52.594880507906076
756,94,n00,0.22580206862022265,0.03165715216282203,54.07313915199056
756,94,n01,0.23996521588445205,0.024397457513484034,45.3234048125834
756,94,n02,0.2698529654278179,0.03026288555488351,42.77853797883341
756,94,n03,0.21664731692385927,0.023437762148432458,41.53212405020034
756,94,n04,0.24718733565048315,0.031044936882523598,38.989638022460994
756,94,n05,0.3010137165198409,0.03970609236170251,41.84705940271767
756,94,n06,0.29160583079053015,0.04906168667520358,54.59639215856026
756,94,n07,0.25640343043659386,0.049040140973012285,41.92466879386572
756,94,n08,0.2718722310307655,0.016267083863559125,50.231491205978266
756,94,n09,0.2003497191095137,0.04719261663658868,51.139316793970444
756,94,n10,0.25193472559293095,0.004252131711444031,36.92657905983907
756,94,n11,0.277469073617177,0.0533298533860964,46.40858517482111
756,94,n12,0.23989036246822518,0.05104821019711496,39.128721478180324
756,94,n13,0.31124957637942396,0.02050593534669959,49.37527233881805
756,94,n14,0.2523722727032197,0.020450514735269803,43.84999725914458
756,94,n15,0.21877988802879558,0.05386440630451925,42.75074784748251
757,94,n00,0.29811374266486995,0.028753022842254887,49.562384652466065
757,94,n01,0.2507213644995401,0.0617971320447544,45.131518372580636
757,94,n02,0.19457151993501798,0.0315828297279466,38.87063886854051
757,94,n03,0.2324745390663303,0.03747930022402693,40.31800937418336
757,94,n04,0.18332666203257486,0.0321521589558095,43.17482637354169
757,94,n05,0.24780583188493213,0.032710357292212895,55.861242108756485
757,94,n06,0.2997814866346255,0.021359201396204314,49.71769597963658
757,94,n07,0.3237776965015781,0.05373856086965099,41.432099106655826
757,94,n08,0.2262091763998564,0.03656344210162858,40.67169535882927
757,94,n09,0.185310400241588,0.02915010889451902,49.676132206360876
757,94,n10,0.20708619196612443,0.03447923482454254,45.70072419199652
757,94,n11,0.30557362003478594,0.047911090583925724,46.13982436041557
757,94,n12,0.24073600323667782,0.018453662410679732,47.8640832739399
757,94,n13,0.1854076608666869,0.05224286666949539,46.14313704931452
757,94,n14,0.2697478753322097,0.040743247398975835,50.88068081391454
757,94,n15,0.24295360579763944,0.012343485093229738,48.95895493233725
758,94,n00,0.731887863942531,0.08942809708385772,109.27929989424432
758,94,n01,0.7636089836157056,0.05912114596110199,97.31414724969402
758,94,n02,0.7329863701744447,0.11012390673323741,110.14451207823804
758,94,n03,0.6832985700273017,0.060086704556616764,115.8509993837656
758,94,n04,0.6182988790201053,0.0930198132210457,108.7550526053232
758,94,n05,0.7529932356709049,0.08373251648850022,106.14319697885885
758,94,n06,0.8279086869476532,0.08621146906786202,112.22009888905484
758,94,n07,0.7519643079480791,0.0685510773937264,110.77621088508154
758,94,n08,0.8130713546143516,0.07401957990762392,123.50136906689177
758,94,n09,0.779051519256881,0.07638885733138204,101.24431593263702
758,94,n10,0.6879223060952045,0.07451282346884665,123.39409219023004
758,94,n11,0.6822644787207319,0.0807051644391511,103.14778110957879
758,94,n12,0.7116476052262806,0.07320566995277411,109.410762127025
758,94,n13,0.7336707775075902,0.09283241156930458,110.51473498109488
758,94,n14,0.7330644802739907,0.07745092303408403,109.05710530233638
758,94,n15,0.7008756459535047,0.07554812022236372,109.32169794460421
759,94,n00,0.6992113673239732,0.07723516291878522,103.35180900291995
759,94,n01,0.7736030375504397,0.09371571890488244,100.14823292674623
759,94,n02,0.6630509610138356,0.0848797600747071,114.6624865150683
759,94,n03,0.6802992457579522,0.07901267296401732,105.82450235492588
759,94,n04,0.7024695821776857,0.08984199563171222,110.77479054673726
759,94,n05,0.7326105015735969,0.08422742894964441,111.80228911307286
759,94,n06,0.7634132133460773,0.06719946198177164,110.14622389420316
759,94,n07,0.7472181132891272,0.08866796668650623,111.36290723904906
759,94,n08,0.774944351878802,0.08080907497653061,122.41362585056947
759,94,n09,0.6652645604198518,0.09532952603614848,115.93663009507036
759,94,n10,0.6908676044546105,0.05748051998079483,107.1655073008671
759,94,n11,0.6185726140794228,0.0795802690635569,96.42701826023031
759,94,n12,0.6657351346111382,0.08356695864331103,110.22955563320302
759,94,n13,0.6426327729110206,0.09075589530110405,98.01357873914282
759,94,n14,0.7232067577802813,0.08510493448392677,118.0633112284074
759,94,n15,0.6765291217048918,0.0805307920684584,124.25856202349735
760,95,n00,0.22292185488296906,0.02861510166098988,54.85317474566086
760,95,n01,0.27618946766084645,0.036778703704605877,30.838030679053627
760,95,n02,0.281926153914398,0.002102695321372628,40.15169593286352
760,95,n03,0.20689363082664325,0.038138700583164084,44.884846511766966
760,95,n04,0.31717288735882065,0.04136448986790213,30.12324872359943
760,95,n05,0.19141692569457075,0.02822881405935531,34.11056583000003
760,95,n06,0.27413152181921824,0.03001765188718548,42.46895463450494
760,95,n07,0.25458636264661433,0.02226513458343284,48.353881742619045
760,95,n08,0.23141923708113374,0.022558490821934847,58.06107711780362
760,95,n09,0.181108085150414,0.022066474560392114,52.70683717097487
760,95,n10,0.24837842420381173,0.018413552602561306,48.504886641243786
760,95,n11,0.20694678635675204,0.02109649884731158,53.92709505459059
760,95,n12,0.22428537401457294,0.012757580065957765,54.561221431311914
760,95,n13,0.1697413863349128,0.035040591804516644,51.58461998131284
760,95,n14,0.2887344884732808,0.041589096382852186,53.68193611577124
760,95,n15,0.34696940443071644,0.027393197885216224,47.25577023667014
760,95,n16,0.20282312378945333,0.03620733393013151,39.98558232511194
760,95,n17,0.2875196279347137,0.015772017527441853,41.72323036808008
761,95,n00,0.2909910593538738,0.04892455734280152,40.73217354481847
761,95,n01,0.3677205520155134,0.018753219589117062,47.05023776747695
761,95,n02,0.2376143271736068,0.03694967625064641,34.32260624633946
761,95,n03,0.2734036140854831,0.0397861098817734,37.53050999914375
761,95,n04,0.28225269505121087,0.03604922505497036,48.71074201686042
761,95,n05,0.24763843971868899,0.03500192501633529,57.22902685333899
761,95,n06,0.257414826793065,0.03488980337194003,48.24505934188481
761,95,n07,0.30711481738241164,0.02357530960217339,43.04471473930995
761,95,n08,0.14585680003688303,0.011309386944393835,35.20821947207231
761,95,n09,0.26490002414685615,0.030002730905561912,46.07961526635577
761,95,n10,0.21228287538498308,0.012845702513285404,55.26378368600433
761,95,n11,0.1967094435187114,0.05774029252903289,50.59138539773441
761,95,n12,0.29450005853486594,0.029912177340538536,33.36915893422413
761,95,n13,0.25785852265818815,0.04242031193623918,39.39541413139442
761,95,n14,0.25177446047836566,0.0224183903503488,52.13016629652948
761,95,n15,0.15485333272443563,0.026553735387676997,38.10251556463808
761,95,n16,0.3296416694643288,0.027258997106652173,33.49474688409048
761,95,n17,0.2186340608012748,0.04398639457006137,45.265681078902155
762,95,n00,0.22718978476592558,0.020562399127961782,45.75018426545542
762,95,n01,0.25331577133762817,0.02834620247660895,51.98428862548574
762,95,n02,0.29239008189527993,0.012766571920885678,43.39421234654466
762,95,n03,0.22245790911517135,0.04590354678886231,45.616798724931634
762,95,n04,0.2017072222122117,0.04323450539375801,60.598273646039104
762,95,n05,0.17565084716257373,0.03479244686814359,36.26692915985804
762,95,n06,0.1515870195909172,0.015186585203942997,52.32410178567099
762,95,n07,0.2874348695400832,0.012266564488785336,53.55720746902342
762,95,n08,0.3055330557741272,0.03668352378186354,48.88943321870247
762,95,n09,0.2962638018408887,0.025031979433378867,56.4766842713535
762,95,n10,0.33385240032511754,0.032556540507840806,47.1066981699894
762,95,n11,0.245531916367718,0.03484678649155104,53.11596301160891
762,95,n12,0.1832539091988617,0.03605939866656664,34.60573301970602
762,95,n13,0.21583181785759145,0.024931835359373617,28.71933239309061
762,95,n14,0.29480542563402995,0.0221005017788254,41.89181284989053
762,95,n15,0.22289214334276794,0.032959453028652934,55.005261647382795
762,95,n16,0.2047268221743619,0.03695891718721365,24.59519104208721
762,95,n17,0.2647099076593637,0.039486262022053534,41.83583115206246
763,95,n00,0.2776393227407006,0.02201813194867379,45.70682367267907
763,95,n01,0.2559010283039306,0.017372024943161035,55.07150035564898
763,95,n02,0.2975570511067818,0.03866713400487651,41.17424438359433
763,95,n03,0.2920702251752655,0.05311868953912522,45.37691023370143
763,95,n04,0.2972029212267978,0.02368532691724117,46.0110549188044
763,95,n05,0.2243425303781459,0.03616197046591353,39.314526899224546
763,95,n06,0.25790793352820207,0.016739792082676945,40.52709086777715
763,95,n07,0.2058488118526499,0.02441291427015623,49.96631061711199
763,95,n08,0.20128550614680912,0.02429214893009155,45.18212161762026
763,95,n09,0.232017327859881,0.042327483224893166,35.59749351242006
763,95,n10,0.2415101024012969,0.03858230959171026,38.64550071849232
763,95,n11,0.23287057941125275,0.029625053158191774,33.54464538532861
763,95,n12,0.2033330053732475,0.036161801797943205,50.66127476182093
763,95,n13,0.24660249586247152,0.037842546001774086,45.96040068458476
763,95,n14,0.28948603289529795,0.016938611380632133,39.06001191611208
763,95,n15,0.2458355242952465,0.018223853774755293,40.433780344653805
763,95,n16,0.3293975829033843,0.041852279007308466,41.69488789769209
763,95,n17,0.24060341212345673,0.039100568933541316,52.640000608510384
764,95,n00,0.20926078911308876,0.025587217904157262,45.22000973544795
764,95,n01,0.2364403633071424,0.03186510675121017,43.60930110917457
764,95,n02,0.14599023640542969,0.017175281237577243,53.41595259545907
764,95,n03,0.28375191973445896,0.026842876880849117,44.47849652147272
764,95,n04,0.25746346664375835,0.016942117408020353,51.08540506822282
764,95,n05,0.2751194054352149,0.022525710547708504,43.58905241073588
764,95,n06,0.22239575086639712,0.03430548726907335,49.25869550905659
764,95,n07,0.3175951982342773,0.0456497749910514,46.514668004437965
764,95,n08,0.25659664782868213,0.02794949612007066,55.0630452758474
764,95,n09,0.2904397044268201,0.025905539858945288,49.96432103168979
764,95,n10,0.31972545782733736,0.03518757995312702,51.68985163944346
764,95,n11,0.2155045012730049,0.025814485421082663,53.0423606818678
764,95,n12,0.2537407869960653,0.007985922493122542,47.15948486953992
764,95,n13,0.22030414594429065,0.04557337736142504,45.186226898738674
764,95,n14,0.25529953093769353,0.015994377668437323,41.79573795486585
764,95,n15,0.22564988494342253,0.02690915128083971,46.63672614041648
764,95,n16,0.2342154613746356,0.031106390581132997,47.944280412931555
764,95,n17,0.22160012079439395,0.02497570678887405,46.87834195478007
765,95,n00,0.24571929271297668,0.02600974747379308,36.636613178058184
765,95,n01,0.21933393329037953,0.03447996122309226,47.262876694000106
765,95,n02,0.25176569211528577,0.06126978997923444,42.66903601369167
765,95,n03,0.22356886931826706,0.02293818886353345,43.77317324786048
765,95,n04,0.16527435049695932,0.03030729017569603,59.59968394640548
765,95,n05,0.310617395698235,0.020518082646633982,58.94907361547593
765,95,n06,0.2472933186370175,0.010781439139796518,38.02500842996906
765,95,n07,0.1921583041105075,0.03288193660280886,60.56261525702031
765,95,n08,0.29132276873779517,0.03688557368122713,39.50665960461468
765,95,n09,0.30086299782603754,0.04420225697944123,43.580583267285874
765,95,n10,0.2817345774964414,0.026305060682848477,55.04512685453221
765,95,n11,0.15714956734393665,0.035688806010008234,49.371846685407405
765,95,n12,0.26907615647877803,0.027002667201987903,60.02286178582388
765,95,n13,0.2947880703450042,0.02642631847222881,45.11752711520321
765,95,n14,0.2506229605567647,0.047168082368541704,58.07874582460531
765,95,n15,0.2935214812288174,0.04280816407253603,35.40486427817626
765,95,n16,0.183412413146308,0.03182570943793672,45.75134476939121
765,95,n17,0.22086529907911215,0.025792339186548968,28.99839478222313
766,95,n00,0.6766155410148731,0.09646784800309677,121.16847528140318
766,95,n01,0.7255256179326904,0.10482263779009483,103.74707669542249
766,95,n02,0.7615420314603045,0.07806592602098601,120.78856243817255
766,95,n03,0.6682635578296718,0.06978039682960978,102.24063175832615
766,95,n04,0.7490756840569317,0.09068873581723061,108.65934060034762
766,95,n05,0.7302395818045007,0.07344205213758302,111.08905466922567
766,95,n06,0.7812254856544419,0.07620833468569171,106.68336120845768
766,95,n07,0.7895717470487491,0.0937257433838733,101.67877488649853
766,95,n08,0.7960576853701136,0.08265480813541345,108.38926220402004
766,95,n09,0.6599418794041306,0.07712436309259692,119.85427626607647
766,95,n10,0.734962854197225,0.07179341147678658,101.76966479636997
766,95,n11,0.7463970210044835,0.09255161662371389,107.11267452206658
766,95,n12,0.6806715274228824,0.08116687346016528,94.43239635990517
766,95,n13,0.6360461842520558,0.07093377624060956,120.45897162268804
766,95,n14,0.7333769767976894,0.07144822609588175,115.3049377443505
766,95,n15,0.6891290812467497,0.0972504723050813,108.34521861320215
766,95,n16,0.7195998684849259,0.06611762585785202,105.95531463467957
766,95,n17,0.6998912034534096,0.0959159932946873,115.52720861637248
767,95,n00,0.6228240464418513,0.06503361728140628,104.17940858785703
767,95,n01,0.791777536559053,0.0831793825194214,105.81312734519067
767,95,n02,0.7916288115332858,0.07976769926543258,124.36599597465884
767,95,n03,0.7371371019775926,0.08339727706681974,101.74231489763366
767,95,n04,0.7899944932451726,0.08946365787092629,115.12170612884314
767,95,n05,0.723911624853069,0.07193729232537098,123.22097401494301
767,95,n06,0.7398173381446647,0.06950099563907113,118.3886599129886
767,95,n07,0.6770953781971762,0.09513362204399194,102.96675567886192
767,95,n08,0.8184018714800189,0.10575495756955217,101.03546306027565
767,95,n09,0.6938172034453006,0.06844385443106689,110.93261881870524
767,95,n10,0.7471951591841187,0.05298359602710218,113.59478113696727
767,95,n11,0.7113566862521561,0.07146462618027359,113.61626163471207
767,95,n12,0.7891096982563522,0.07148795852989236,112.82693982115481
767,95,n13,0.771930657818031,0.07197039354627233,114.94383565856418
767,95,n14,0.7271030764175944,0.09424257038782834,111.69036262475682
767,95,n15,0.7008664244810712,0.08810445483147643,114.43365164987001
767,95,n16,0.7312749508870271,0.07196241011128536,115.544326454743
767,95,n17,0.7825492017466322,0.08491975965369022,99.55439201893346
768,96,n00,0.7558606459578162,0.10476630822281993,93.1217712462149
768,96,n01,0.6172389499029932,0.0897297535691506,100.71164850614444
768,96,n02,0.7457418225948507,0.08301290178896087,108.79767339726256
768,96,n03,0.7409931364414719,0.08514529805351403,108.69090487178799
768,96,n04,0.7358731638713414,0.08257500310540036,104.5795030447041
768,96,n05,0.7640201566668918,0.07837045910472171,91.61194273958496
768,96,n06,0.7411700854934158,0.07399797986824874,104.90855060770745
768,96,n07,0.7669036855560358,0.05913761061375515,111.77655329585829
768,96,n08,0.7279270645745295,0.10135260522669558,119.22356904215052
768,96,n09,0.7947452286036943,0.08646957131253367,113.80153541935235
768,96,n10,0.7270997971372147,0.09818491515321641,96.88434307205313
768,96,n11,0.7325832881711681,0.08775485088600479,112.93673283000344
769,96,n00,0.7185169155795683,0.09146867961579506,115.89185510606288
769,96,n01,0.7605295555941065,0.09081865392363062,111.92561835699286
769,96,n02,0.7799657548787643,0.05721601614571673,113.81927989640864
769,96,n03,0.7327013470574655,0.07755955583336321,108.34505899492315
769,96,n04,0.7716773917485293,0.08341499299688458,105.00062315113183
769,96,n05,0.6844422150551073,0.08140917804407447,126.86329408861944
769,96,n06,0.7655066080827889,0.080971592826429,108.979856841498
769,96,n07,0.7331091316892052,0.06997251015924677,116.69636949324573
769,96,n08,0.652787383485021,0.07921630604827426,99.85104819970068
769,96,n09,0.7016783624710452,0.0691097971636296,104.98447880260547
769,96,n10,0.713897639384586,0.06757458404210792,113.80775385707041
769,96,n11,0.6374825268120703,0.06550504461109635,115.62303477562308
770,96,n00,0.73246187254172,0.06976590140725578,101.76139646927973
770,96,n01,0.7480570659267262,0.07356369160146828,112.66146459913097
770,96,n02,0.7154504934235365,0.09137936222178934,101.89425479534265
770,96,n03,0.6748331708983134,0.08879315434042433,121.95812287627547
770,96,n04,0.772970619331623,0.0960996919479158,116.89388243741398
770,96,n05,0.7208872717156573,0.08326189736947949,111.04889027119135
770,96,n06,0.7217419976256835,0.04395263858869535,102.7858364925367
770,96,n07,0.6808510722513494,0.06729025265921615,112.94585991656186
770,96,n08,0.7043536380894918,0.08737508094043307,112.9269336968307
770,96,n09,0.7477341558046057,0.07322249849703955,117.00359178027469
770,96,n10,0.7962136509808593,0.06892659454184111,112.32889341749322
770,96,n11,0.7445957042580821,0.07782987081055771,119.18302089101631
771,96,n00,0.26096796929131194,0.019570946586717104,43.515598278981685
771,96,n01,0.2966519714354923,0.027388078133363802,49.13376674380217
771,96,n02,0.24725373972249504,0.013480233743605644,33.62555788621955
771,96,n03,0.29943041608562304,0.023132095242211406,60.025263893352225
771,96,n04,0.184182446532912,0.04324525828870274,26.959113768859968
771,96,n05,0.28609198372543704,0.02236845624911463,34.85449125597387
771,96,n06,0.22590272169486506,0.014715298238934747,51.54845124125001
771,96,n07,0.2606115851277694,0.04695990159719151,52.243398883463314
771,96,n08,0.3082954328868504,0.02734893769316077,50.903565365376444
771,96,n09,0.2861083092968555,0.009876428147756609,44.08192148576226
771,96,n10,0.26158452125600873,0.0313702392030312,25.715693219469028
771,96,n11,0.21361171382893446,0.04459042630977961,57.291323965704464
772,96,n00,0.17587443222422622,0.02480370289594165,34.13806031798197
772,96,n01,0.27650828542956274,0.02643540273689993,38.5226091734637
772,96,n02,0.2164224894769823,0.0399972010451566,46.362162546777
772,96,n03,0.33426478142987287,0.007402530585552788,41.23134861441692
772,96,n04,0.25457722328808996,0.037159945056506466,39.564372033033976
772,96,n05,0.2747199568437271,0.021708603089744975,32.892670883202356
772,96,n06,0.2629339836101605,0.016462187743517494,50.80795181573707
772,96,n07,0.2555716898208528,0.042801601824454846,39.50842697081482
772,96,n08,0.27475600443310055,0.03359437285869581,46.84211289015985
772,96,n09,0.23246521879948132,0.025971568206121516,40.28168280898811
772,96,n10,0.20006018559381458,0.04320666077863295,35.66063780531721
772,96,n11,0.25388416963788674,0.02072342040415781,49.138451339404874
773,96,n00,0.17940011627922828,0.01643260303848145,51.60993355031031
773,96,n01,0.24912456240076886,0.026292633060043653,36.556686661492826
773,96,n02,0.3359932430255225,0.011114490596118267,37.36649007089659
773,96,n03,0.23485399399826157,0.051545704022301894,42.17139691380976
773,96,n04,0.20970473584883628,0.016729589576983287,32.57067631264532
773,96,n05,0.1765567298960315,0.03411818867101467,38.29834558630842
773,96,n06,0.24508557068549855,0.04027277624770694,50.506640712257
773,96,n07,0.17800784242895581,0.04491088703103116,36.08421348913146
773,96,n08,0.2784408095601261,0.017606299944400897,53.37276639355906
773,96,n09,0.3120573820863002,0.019751310220416075,46.08662710414672
773,96,n10,0.19202060237842006,0.039549900678110754,35.56900625728882
773,96,n11,0.22982721904553474,0.02881841108612956,52.16025505012811
774,96,n00,0.7536606700086041,0.08330550103647255,117.06473212741702
774,96,n01,0.7319906537400953,0.0814826633999047,105.6968862597088
774,96,n02,0.7934628267905816,0.11538232824968755,120.54153622443619
774,96,n03,0.749987133392729,0.10813941998793511,108.61590419726372
774,96,n04,0.7131157927323153,0.0815634474318849,114.73188707159531
774,96,n05,0.813124680404693,0.06602034384615671,113.70716051201164
774,96,n06,0.7245731229009672,0.06904775024821747,100.97298595362871
774,96,n07,0.6656194287344652,0.08408054978727697,101.03570527522734
774,96,n08,0.6785769257118163,0.06623895456400043,91.57043523205144
774,96,n09,0.6921674713747776,0.05631080221024969,109.41006815143355
774,96,n10,0.7414993640836988,0.08936132803208607,94.66770836721207
774,96,n11,0.7109163301663957,0.07375331487618965,105.84990803556515
775,96,n00,0.19743591098365382,0.0305497779201653,41.21913337293891
775,96,n01,0.2340235232938785,0.039902220732317015,50.01701459878214
775,96,n02,0.3034186583933191,0.02753112555534018,50.56784597901471
775,96,n03,0.19692664588813205,0.037691079672306775,43.672205200454954
775,96,n04,0.1906991851956124,0.03292719145895126,40.715084583868745
775,96,n05,0.22656527292974912,0.038536368472599204,49.03645773517739
775,96,n06,0.1918281143175471,0.03775470786772155,50.32709620602486
775,96,n07,0.21952641316534416,0.037070735457506034,37.563417322242366
775,96,n08,0.23951805444872948,0.024755216151867147,23.987750576148702
775,96,n09,0.2357712302887263,0.029901520483816675,45.18374620212595
775,96,n10,0.28012451769858,0.0320951681728325,56.95122665462028
775,96,n11,0.2207201405264716,0.02354954907562317,33.53482744848806
776,97,n00,0.731797998011582,0.07545901002483271,96.00913682450998
776,97,n01,0.6803537110277911,0.07253162200608897,99.93275061130794
776,97,n02,0.7039023288959969,0.08864428477337513,118.98623256660638
776,97,n03,0.6875416045713482,0.06479199313268252,103.3186263963594
776,97,n04,0.7142211278319446,0.10436139022268959,106.81667132083237
776,97,n05,0.721419118962754,0.083428607410544,100.2620435267278
776,97,n06,0.7684186182105852,0.08299729445764636,121.1161783736756
776,97,n07,0.7649481323184358,0.08861739432955222,111.70142519920965
776,97,n08,0.7959620143486593,0.07639148458481193,106.71094751302198
776,97,n09,0.7223500873927822,0.08567937354937558,108.40640636582704
776,97,n10,0.6941244918580053,0.08382789603076853,100.00938838357642
776,97,n11,0.7754923172001377,0.07213938212269802,114.4794561343895
776,97,n12,0.7832432648357212,0.08583434876206826,104.62205345452035
776,97,n13,0.7470062686542756,0.04863405146898781,101.8791846950529
777,97,n00,0.7262219856712733,0.08755596952985022,112.35395195556231
777,97,n01,0.7307410618638188,0.05681531384692369,118.7090133822633
777,97,n02,0.702889290211583,0.08857324053155513,115.28219119391407
777,97,n03,0.712741942902555,0.08670463973659114,113.9483090343823
777,97,n04,0.7072406201213299,0.09363360722163198,112.2006050104611
777,97,n05,0.7930426464069948,0.09245829328496445,95.6126878921728
777,97,n06,0.657524452165857,0.07626831343858634,98.0389180708033
777,97,n07,0.6892724505685991,0.10963918528375889,118.94955120881725
777,97,n08,0.6958993981321983,0.08857275181366571,106.23139452396158
777,97,n09,0.7490700588787482,0.07440718990689629,126.89448155060106
777,97,n10,0.7215349938890462,0.08577406521749459,128.19799170534236
777,97,n11,0.6893612873207421,0.07555022779242451,109.44790667584883
777,97,n12,0.7420860177291233,0.08303122198270446,117.3944289507485
777,97,n13,0.7081083005075485,0.08446170295291519,114.12149897311359
778,97,n00,0.22806845748156102,0.04177691014894644,41.60024661813065
778,97,n01,0.2090865729070335,0.023727440257211678,55.34342218805001
778,97,n02,0.31824229985851116,0.018161617352735956,28.124465963014647
778,97,n03,0.24846775023799053,0.03952629370787342,47.15116518434702
778,97,n04,0.2437292517155386,0.023073656616355964,45.180814258030665
778,97,n05,0.2459673665966388,0.02862997320757914,41.94795944216735
778,97,n06,0.19722359805030693,0.019027915914566557,40.877151655861894
778,97,n07,0.22230046638374953,0.025268020321261832,52.432320676020254
778,97,n08,0.20442682711644705,0.04415816617685097,41.20453105971217
778,97,n09,0.25995191699273007,0.013862093988838527,41.623797349466244
778,97,n10,0.301517706972259,0.0442965326567584,35.16146143453689
778,97,n11,0.28141136876580614,0.030674461176039624,36.09638543991816
778,97,n12,0.16368142681590608,0.04231001521374083,42.06671047550054
778,97,n13,0.2292634753818888,0.03675919101339577,30.05292674229127
779,97,n00,0.7092363363192024,0.08093879231068161,110.99103899110374
779,97,n01,0.6628728583887933,0.07966665328446182,118.41999393731916
779,97,n02,0.7030110270065153,0.06592461014836656,105.68717089496683
779,97,n03,0.7235456510205736,0.0851840375112788,104.13870392470974
779,97,n04,0.6942142509209056,0.08372160168019233,125.62913902311561
779,97,n05,0.7132077692364741,0.062233897054374765,108.32863056752765
779,97,n06,0.702415020410724,0.098870663970912,101.04775315934036
779,97,n07,0.682958425087453,0.08263084001789703,106.3710332802709
779,97,n08,0.8325289916289461,0.08798592011721933,113.59349699165475
779,97,n09,0.6709096776896536,0.08219900432809352,101.33315386759907
779,97,n10,0.7111455390807772,0.06711524124785598,99.72553273355206
779,97,n11,0.6573648763852823,0.08481426330112797,113.96927919459472
779,97,n12,0.6917216048716601,0.08404200156055998,97.54214885922536
779,97,n13,0.6984914825919261,0.08450557496838532,96.05073096151848
780,97,n00,0.2893114330709829,0.036434356239184555,36.112101408018745
780,97,n01,0.20718786508299314,0.025863295622069328,43.79853097954632
780,97,n02,0.1867154252265506,0.038756609084101015,46.59182645455527
780,97,n03,0.37904642299495606,0.022416895110559897,53.648415024726944
780,97,n04,0.2549575848061389,0.020655954474005797,55.131572438475445
780,97,n05,0.23088052805639844,0.0392361081342141,36.84244465360886
780,97,n06,0.23118359483232823,0.0429111156593043,45.286475501651324
780,97,n07,0.25197577591528986,0.02134691014675326,46.11017694050579
780,97,n08,0.26501217597168353,0.037023520957925916,41.15125177114538
780,97,n09,0.24829731622628193,0.04377245240437216,48.631785448345674
780,97,n10,0.251977270314887,0.014554731242891127,41.15521267649395
780,97,n11,0.19018392158015218,0.037018779248924195,49.65194444300591
780,97,n12,0.2817940940283733,0.016834911115844745,43.07227451827675
780,97,n13,0.2763355159688094,0.029977855874740427,42.11164973919526
781,97,n00,0.22482360030817708,0.04150488402061579,40.913962533384904
781,97,n01,0.2397156885672223,0.02585618280984199,50.067691922028644
781,97,n02,0.3116586700692353,0.028084087570022637,43.67980006821707
781,97,n03,0.26716258166518364,0.037684521881695035,53.20728048851455
781,97,n04,0.30616680827527404,0.04948035172578083,42.26868340480006
781,97,n05,0.3235053837424774,0.026356688301130412,40.076248968184565
781,97,n06,0.23665721306039336,0.0396416359271906,48.036848139388816
781,97,n07,0.1773004058356148,0.048881633119097864,56.26674368694887
781,97,n08,0.1954175236141397,0.03568874298865565,44.336921473358366
781,97,n09,0.2285424062686962,0.02669978683815123,43.82180733231833
781,97,n10,0.27291427847906696,0.03769498749633472,39.440060568068226
781,97,n11,0.21485028963267747,0.031741017650128836,37.68587050070894
781,97,n12,0.3485691972745044,0.04059080519968741,41.71377624681537
781,97,n13,0.3273512081320154,0.015445802198560482,36.29465643057534
782,97,n00,0.7320360810850133,0.0638458486436263,118.28694227565788
782,97,n01,0.6029180069296144,0.07617229488971387,97.05701264467638
782,97,n02,0.7313028141652625,0.0725298861379739,129.27906328643851
782,97,n03,0.6392963029132109,0.0793346143980524,111.81989580965106
782,97,n04,0.6526839983963919,0.06831693915164613,103.31822732402088
782,97,n05,0.706696734261882,0.0637984378143997,102.60302937024659
782,97,n06,0.7262501039520258,0.07662802402832007,122.14035946629537
782,97,n07,0.6335684354755531,0.09027646702235832,111.16596330184343
782,97,n08,0.6737882207612373,0.06778788574269326,108.5495051132564
782,97,n09,0.7122400881567955,0.09969614760728396,111.21213351728842
782,97,n10,0.6505696272247291,0.08311376950072152,94.55300073677023
782,97,n11,0.7643979997380259,0.07280835647941025,124.83264315777822
782,97,n12,0.8199895239340952,0.057444096982941326,116.59565119961097
782,97,n13,0.656800046960651,0.07258235496890289,107.06812181001955
783,97,n00,0.7022925474790372,0.06826284491216587,108.67469653271188
783,97,n01,0.7173974316360059,0.0715784222291204,103.72398836768338
783,97,n02,0.6849195569180272,0.07938845174020877,112.25561819642687
783,97,n03,0.720378190814044,0.07507896436294652,107.91589351044989
783,97,n04,0.761540551850125,0.0921286886720333,115.14092992062753
783,97,n05,0.6101345629243188,0.08406681788906682,111.43744116937499
783,97,n06,0.7674011651994724,0.07257825937740661,115.49991498383149
783,97,n07,0.812692056467184,0.07814006915638667,102.0886150523003
783,97,n08,0.7466913928610872,0.08748018158884634,112.15511989013481
783,97,n09,0.7567307789206777,0.06442819185111395,108.28326352090299
783,97,n10,0.7708023076036822,0.09463364040501832,105.98434964442349
783,97,n11,0.6908588352656463,0.0886868989173907,115.15717678833688
783,97,n12,0.7750888836262164,0.04694274122710544,114.70433853862761
783,97,n13,0.6549514095925825,0.09737679605256779,99.49026739567174
784,98,n00,0.20739664450779044,0.046996962455236005,55.36429459391755
784,98,n01,0.24297140496260242,0.026223536967848786,51.94123000122637
784,98,n02,0.22931942029404367,0.03504837386667056,55.608432148715785
784,98,n03,0.2466208769446172,0.027570121769652935,37.999835424316466
784,98,n04,0.2860326739668118,0.04276290756688546,37.06115144848313
784,98,n05,0.13684145515546625,0.04468697315815123,43.56101137112194
784,98,n06,0.2659620370206775,0.026027610507382,29.73305211090526
784,98,n07,0.27033688250859267,0.03050015727506183,40.63277158499595
784,98,n08,0.28182038300545054,0.04007607157430681,63.891854914398664
784,98,n09,0.23128390364195264,0.038396167006215995,44.734344930747255
784,98,n10,0.28781656267024625,0.026846962062988994,47.370483321163974
784,98,n11,0.251444457446968,0.041293324886904,50.75311755960428
784,98,n12,0.19818532821377738,0.0175164138475271,50.00493940131457
784,98,n13,0.21126547058704734,0.038069477562473336,52.49926673692817
784,98,n14,0.2833333290691049,0.031049980341488915,42.121856466820645
784,98,n15,0.21303323130991275,0.027422191327019153,43.1511948434147
785,98,n00,0.7564877395235253,0.08372294520568435,110.70237080297956
785,98,n01,0.6772239648245425,0.08346749998073129,99.69409507180153
785,98,n02,0.6727670409819364,0.08416073952415246,116.67273421541285
785,98,n03,0.7243455303671797,0.07806861628455013,123.02001779946875
785,98,n04,0.7614933454331143,0.08206861151035841,112.21097148936596
785,98,n05,0.7306579525007613,0.06997687035605576,104.47655047334261
785,98,n06,0.6978220189402385,0.08436624847446265,100.4117676171259
785,98,n07,0.6676590066576112,0.09207498836949404,113.34948250793084
785,98,n08,0.727805762573294,0.09183383274016138,122.22767217891425
785,98,n09,0.7791283183383854,0.08149310046590295,112.66977048653061
785,98,n10,0.6853480325563128,0.0784938518300752,110.96290865211257
785,98,n11,0.6904175087666649,0.08201501478141139,104.19407705694726
785,98,n12,0.7437530653652995,0.09590358162722099,98.79575008428894
785,98,n13,0.7112485439880992,0.08331735911280108,121.63466645216354
785,98,n14,0.7764285157078034,0.0785071994036296,114.44500398886447
785,98,n15,0.6620994728830244,0.0746803761347793,114.78422590416749
786,98,n00,0.742839630774051,0.07459662469911274,111.65346171520835
786,98,n01,0.7903225674404701,0.07189181529532353,108.32823134997818
786,98,n02,0.7549349216886108,0.08110589873085851,94.04036301495341
786,98,n03,0.7505635350903991,0.0685783565026371,122.09419051277804
786,98,n04,0.7040135460316213,0.08549704217058081,109.61268815826797
786,98,n05,0.7411382829920264,0.08150683299057497,108.11760107685429
786,98,n06,0.6345105371732499,0.07796202280630432,119.17747560888122
786,98,n07,0.8298647246837227,0.07116571466528919,115.81696378545979
786,98,n08,0.7463822733301918,0.06113261485268963,112.45056279085308
786,98,n09,0.7008752691212141,0.08216767113602426,118.07875997510428
786,98,n10,0.7348655415781249,0.08734063406664469,116.51866041820308
786,98,n11,0.7122382334193198,0.09621277535412995,118.93653996337434
786,98,n12,0.7357118506328316,0.06205105079628402,97.54812475272335
786,98,n13,0.7646476496100112,0.07684864218573555,122.38467034559869
786,98,n14,0.6853240575385013,0.06020809276398285,121.80289533057943
786,98,n15,0.7293990392241171,0.06726060117794777,116.42234758241206
787,98,n00,0.21976913924503486,0.02697939638011993,49.58437828295137
787,98,n01,0.2094447917801754,0.017915207089102443,42.0346545035587
787,98,n02,0.1587336289990599,0.03225496056193933,57.149888668207396
787,98,n03,0.1536603809240224,0.05475207913783534,39.18387294372117
787,98,n04,0.23307657071031235,0.036228058664818666,42.43530884831523
787,98,n05,0.22403010271000412,0.034198559728551514,45.518557226314705
787,98,n06,0.29217946413671225,0.018353912880930773,50.19297333955579
787,98,n07,0.2147883460531767,0.026954209286838976,37.18352816499018
787,98,n08,0.24190814899197946,0.03932368091343229,50.215623415008096
787,98,n09,0.21766661672442678,0.03844422194975152,52.90435672278952
787,98,n10,0.2800934397887238,0.0071064235362039326,57.681113641731216
787,98,n11,0.2715261454510016,0.017029514383852133,47.202371069044815
787,98,n12,0.24026543182012228,0.013219237952385134,39.44168199495557
787,98,n13,0.1969399727561463,0.024149537938554497,52.99758408245741
787,98,n14,0.2353057050912609,0.029326942431181016,54.397149855375375
787,98,n15,0.2524754316309077,0.0393283805858894,53.044101527275515
788,98,n00,0.745310862448211,0.0828551391417039,111.63229274447536
788,98,n01,0.7117834631026544,0.06677597640098629,118.93248797556224
788,98,n02,0.724946180167229,0.08921768820416424,118.0520145909004
788,98,n03,0.6737781554704325,0.061581266697884426,113.48694361913977
788,98,n04,0.723662542041164,0.061879151597314164,124.10715529841615
788,98,n05,0.7931533025677784,0.0650506652503248,116.2350422575101
788,98,n06,0.7522103453759367,0.06822124079231968,116.95254784821017
788,98,n07,0.6803096130218147,0.07562512787963034,95.78009558215959
788,98,n08,0.6819705076484595,0.09471448839025359,94.3442024062478
788,98,n09,0.7732409435537032,0.07554551685450842,110.81474765117055
788,98,n10,0.6984665994060779,0.07444698797834841,125.3903751315807
788,98,n11,0.7360853364718154,0.06913760301855557,108.19174043396713
788,98,n12,0.7514691848744298,0.0920871399810847,119.02377500641401
788,98,n13,0.7058197886623914,0.08938922128949985,119.55978356636311
788,98,n14,0.635874056030553,0.09930128393880489,119.5610201828341
788,98,n15,0.6440755744063146,0.08057042638345506,102.4405181266302
789,98,n00,0.6221362514947373,0.06868310765588542,107.46726950020133
789,98,n01,0.7611730034210141,0.0779640375800128,108.72914268407975
789,98,n02,0.6681090579575755,0.06535583729484183,115.23864019115852
789,98,n03,0.6827610714784108,0.09351159590542012,100.15175205946761
789,98,n04,0.7343058304946086,0.09064807473326189,100.272585847786
789,98,n05,0.692264424784763,0.06248942479791803,117.72030336338817
789,98,n06,0.7754320000042285,0.09000306559600307,111.91689526034239
789,98,n07,0.7149934054722636,0.0916015356897814,109.46087416368971
789,98,n08,0.6564722803365716,0.0796859040439078,94.05205917955095
789,98,n09,0.7667961462198183,0.06405824248703014,124.62295596122185
789,98,n10,0.7140961103782626,0.07809212259368493,94.37373725067641
789,98,n11,0.6989636784979247,0.0649932025876528,111.62406003142462
789,98,n12,0.6913021990109919,0.07545143739942536,106.64769718739603
789,98,n13,0.6949724563508801,0.06805005197619653,110.41620170315008
789,98,n14,0.7178011286415944,0.06996817722651637,99.94296852429272
789,98,n15,0.6384444068933464,0.08076381461268956,109.81627602334495
790,98,n00,0.7163430719420948,0.07424345460673926,121.89988870348319
790,98,n01,0.7060305493920122,0.09396139862920833,91.17804708371034
790,98,n02,0.7265148673418755,0.07568184282040104,108.33999546080352
790,98,n03,0.785647238548871,0.07917700478638555,103.57410279793247
790,98,n04,0.6883699730083712,0.0832592060486393,103.84679243274256
790,98,n05,0.7132658342960636,0.08030298725716971,112.80428468827078
790,98,n06,0.682085922349202,0.0920983202507155,120.07376616432074
790,98,n07,0.7189497453364136,0.07868667333921821,112.84490996168103
790,98,n08,0.7586603895778402,0.08894542061434547,104.9868544477593
790,98,n09,0.6026847817887455,0.09571048173408002,111.77908797654369
790,98,n10,0.6720299442284206,0.08382256567157285,131.15929478809673
790,98,n11,0.7810922941728542,0.08572315371957137,98.23039509207219
790,98,n12,0.7903998142867638,0.07604900470825347,109.63434113329099
790,98,n13,0.7469780768991388,0.0909424193810713,111.6688354589582
790,98,n14,0.7243062171143342,0.08261971354464785,110.40619322522579
790,98,n15,0.7321820971298688,0.0626861109262203,111.86354805139717
791,98,n00,0.2183432174722991,0.001825715452908102,46.822356637132096
791,98,n01,0.31532950642541696,0.039828917295823746,25.84785277497475
791,98,n02,0.20308385891705874,0.028951201099217703,40.85651947240202
791,98,n03,0.1681493874932637,0.025871481748439996,51.700624108256854
791,98,n04,0.13906663526635493,0.049947214654585216,49.904376942059486
791,98,n05,0.2291901942524129,0.04041882691956482,41.90611918841906
791,98,n06,0.2363085333636626,0.036398336310719516,41.3386896618233
791,98,n07,0.24637292336637961,0.025257188557659405,48.938514866756336
791,98,n08,0.249057350507837,0.03499063234141331,49.93960986716239
791,98,n09,0.22735758699325978,0.032863587450812366,42.626545923053804
791,98,n10,0.2789542453315253,0.03208831996380865,36.45448605247267
791,98,n11,0.2166565613217121,0.03329443364499448,39.79389147214196
791,98,n12,0.26067001114606614,0.034290757588065476,41.059993292470196
791,98,n13,0.32525176643931697,0.03295206344512225,49.27090161707648
791,98,n14,0.2601242924581636,0.02053567218575985,52.3088166996136
791,98,n15,0.22048153339644644,0.028053816337884376,48.240944908044675
792,99,n00,0.6487973142167421,0.08022505741839159,104.48827673209837
792,99,n01,0.7111569809341791,0.08106363782598534,110.64937802792306
792,99,n02,0.7393654601908037,0.07252161586693545,105.20269669425457
792,99,n03,0.6603657294273692,0.08968726004477603,103.87551858167308
792,99,n04,0.7722442122726626,0.0841921692532277,126.11930455181343
792,99,n05,0.6869804432983606,0.07654227728686273,110.29018425802624
792,99,n06,0.7128276009768248,0.0773316160530751,96.8766160081794
792,99,n07,0.7153078956790786,0.08794561929029533,101.53918848587062
792,99,n08,0.7895156314746392,0.0694162036118613,101.31159087324674
792,99,n09,0.7331511492594033,0.08325261601294501,110.93314748106259
792,99,n10,0.7381789310918062,0.09581230028893689,100.74248337622788
792,99,n11,0.7000521834854408,0.08954128000658605,103.08273077920363
793,99,n00,0.20310639149359982,0.012879985276197856,52.11907779896396
793,99,n01,0.3016810194337425,0.014029172189249359,38.136832168627585
793,99,n02,0.22960925192996234,0.027448385518185993,39.424707326967535
793,99,n03,0.21034567256751793,0.010775058716634572,44.88421988374477
793,99,n04,0.31159654463960723,0.02299080141969805,38.2621312248777
793,99,n05,0.1900648386932849,0.046071385099264665,58.354638521434936
793,99,n06,0.24858475278198236,0.03721027844298376,34.56308737767435
793,99,n07,0.19736800667924445,0.050658872907137824,44.52164481148002
793,99,n08,0.2463923409080808,0.02568778372710902,39.17768116117033
793,99,n09,0.28434453857051495,0.030809808303206798,39.240304004426726
793,99,n10,0.2598904741075792,0.026154110269854293,38.82787870989401
793,99,n11,0.28180034374158686,0.010414407815396192,44.046641312293254
794,99,n00,0.7372785834995677,0.09002163021585356,103.2257523583069
794,99,n01,0.7594020716439426,0.10154413379477706,118.9132159468315
794,99,n02,0.7758741300659087,0.07701314862163779,103.06750076454729
794,99,n03,0.7276899029340976,0.08258116420423851,105.90013359765297
794,99,n04,0.778815201544493,0.07498827922652423,110.5319650740636
794,99,n05,0.7219957889796293,0.07742979701522074,121.3652715108872
794,99,n06,0.7407928095588964,0.0723164695834397,108.53606558316756
794,99,n07,0.7257663494575853,0.07757604979577827,107.81415301510468
794,99,n08,0.692059216166621,0.07672935704706421,109.36765773679488
794,99,n09,0.720873980907345,0.06851404217735936,103.71768438036617
794,99,n10,0.6604380833715779,0.09043161790441473,108.08325019839609
794,99,n11,0.7624906293887459,0.09895086268455719,118.16658433513555
795,99,n00,0.7391352038215939,0.08730514313253257,112.81499668497337
795,99,n01,0.7617293612144348,0.047334834323486015,113.26761277713973
795,99,n02,0.6809235612641977,0.07887601160656976,104.3349262682032
795,99,n03,0.7184411744333776,0.08903577576601228,117.06864259210379
795,99,n04,0.673069612510609,0.07123267491778675,106.73820113239651
795,99,n05,0.6633141965600534,0.06850529694107453,105.47177936662486
795,99,n06,0.7190671117476697,0.0681008700538046,118.4223941199362
795,99,n07,0.6763914483310215,0.05451445918029507,104.4112928965971
795,99,n08,0.666296970265255,0.09227326824338349,94.6714177084616
795,99,n09,0.675019090050456,0.0765605192906448,96.8812709450853
795,99,n10,0.6725529784567477,0.06828994544696118,113.81316900894743
795,99,n11,0.7343919790863742,0.08460758626879536,101.84005988542754
796,99,n00,0.29344608476255607,0.027420520448527524,44.110761591354965
796,99,n01,0.28229444465980774,0.03102797705936978,42.91432650838749
796,99,n02,0.3068656855629419,0.011662051353287729,41.355825527529596
796,99,n03,0.19681303057995997,0.03223493806077369,46.37121944316394
796,99,n04,0.24617844120063154,0.024631267628280884,45.92798983492582
796,99,n05,0.249592208396795,0.0405635744717916,36.32271655098047
796,99,n06,0.2630201468498273,0.02848352590562146,37.454465384461926
796,99,n07,0.23386228228643668,0.036977069323878876,41.58986307946542
796,99,n08,0.20754015899465084,0.0512524074590958,46.81908824917164
796,99,n09,0.19536843666610204,0.034434707715023966,53.831920049205166
796,99,n10,0.1625646665917177,0.03507017105667473,54.93226366408054
796,99,n11,0.23233254127958072,0.03531937734987254,55.590628245378
797,99,n00,0.24393837152292502,0.018783092092963728,49.874723585290425
797,99,n01,0.1824334687061998,0.041376367494025804,58.727476240097744
797,99,n02,0.2767149223031089,0.039625684107717586,43.33032209212983
797,99,n03,0.17657284624439673,0.028970878195428262,57.79098458863882
797,99,n04,0.1977855482944063,0.04233963254344979,47.36472212820738
797,99,n05,0.2891308659554424,0.024861009483473886,42.788414819227825
797,99,n06,0.20859552382458113,0.032387388726933294,34.58656791131757
797,99,n07,0.3004248392928831,0.02968744160613421,48.922599004091005
797,99,n08,0.271767542007371,0.035877835455155944,53.17999818035918
797,99,n09,0.2576905564476166,0.0685947951399776,55.47376149463906
797,99,n10,0.2353737356827548,0.026680269657484934,35.2232371507404
797,99,n11,0.2561175861417831,0.021594929289319203,55.778343192000165
798,99,n00,0.30314061593982067,0.012513439002028951,47.609729990241696
798,99,n01,0.2776301528749251,0.02938235103031224,55.136036521440445
798,99,n02,0.271793559464953,0.03662202011002874,29.259309661139852
798,99,n03,0.2461803298213078,0.02387208198507612,61.211204834721364
798,99,n04,0.2671967320703278,0.0396858568457107,48.148580565706425
798,99,n05,0.18088801341325128,0.010155783398564489,55.03695871829269
798,99,n06,0.36280588962701066,0.05225520492457045,32.007984713208316
798,99,n07,0.2068021859374605,0.014141407803520724,33.73857279693858
798,99,n08,0.2681016862578527,0.03160894267395124,42.866439575075006
798,99,n09,0.26343961715802794,0.03995177225188749,54.02202198370985
798,99,n10,0.24917310024762507,0.028125998565018042,31.590585466808
798,99,n11,0.24004336795097658,0.03781554189258158,44.337883266376544
799,99,n00,0.2837465433423109,0.02679219127999622,48.3001044735316
799,99,n01,0.2150852755481571,0.02820015694672219,34.3903340226859
799,99,n02,0.27116306877909174,0.0334965539307702,48.27731906370289
799,99,n03,0.2563704797510766,0.02109835332564214,33.358486634274826
799,99,n04,0.23476590307231024,0.028497675205871962,41.355852231398096
799,99,n05,0.15920406649783364,0.043422067345972364,42.78340187621078
799,99,n06,0.24651824866566255,0.0299233237629407,45.247957255762365
799,99,n07,0.2773534927690967,0.02942615899193114,42.14343406450375
799,99,n08,0.24950636966309045,0.01782856960440455,54.970647178826255
799,99,n09,0.26983479879004335,0.0,42.874554764652096
799,99,n10,0.24798377951194053,0.02444518836045243,52.764040925859405
799,99,n11,0.3305617064295573,0.013530414797882018,42.30862420757463
800,100,n00,0.33449203957942736,0.029354775635854917,56.699892562143866
800,100,n01,0.18249542598175833,0.03724738541352276,32.118671654761016
800,100,n02,0.18228882842471633,0.023971064829657905,65.6486757306705
800,100,n03,0.27424928789799535,0.04513573860324352,45.8791354101545
800,100,n04,0.29631328848323973,0.01769390191855149,51.214318251320925
800,100,n05,0.2283076323364382,0.03147989175719656,51.78857390637583
800,100,n06,0.3344229670002336,0.04013022593097223,42.615796841363654
800,100,n07,0.2189198943876027,0.007182334215927191,22.457137067308942
800,100,n08,0.18467021568676717,0.05006479211001201,48.68895590573973
800,100,n09,0.2941042604816585,0.03923265396737141,42.32669549374918
800,100,n10,0.22278318551766393,0.0020121424742903446,32.5862526632991
800,100,n11,0.25718937873639175,0.03548346681341905,37.94697360656515
800,100,n12,0.19852996350011054,0.019680517004157384,31.324762411860952
800,100,n13,0.23579437881954926,0.03184157289583725,48.02365257588265
800,100,n14,0.18352389657655788,0.03280565088001646,52.417583509075634
800,100,n15,0.26647193852191137,0.0382286083816881,36.533555143906845
801,100,n00,0.6896589258927914,0.09961911249444622,126.46134197349186
801,100,n01,0.7710260379674787,0.06206649707205901,96.90227339720103
801,100,n02,0.6982345817606022,0.08572401967253988,114.50659206617256
801,100,n03,0.7357239057825783,0.07425984333974679,95.76080943026237
801,100,n04,0.7583092592119517,0.07944000632949827,111.27352463068326
801,100,n05,0.7020481363399538,0.07184286103399365,114.0903599539035
801,100,n06,0.7373069209346833,0.056850957923672236,105.57043728989251
801,100,n07,0.6920156338296396,0.07653879909804683,114.73804629845941
801,100,n08,0.7297933761817658,0.08633259501886283,108.83442240844494
801,100,n09,0.7586556158760032,0.07903391014766482,113.89601048710442
801,100,n10,0.711248945917709,0.07573755281910143,106.36476314638557
801,100,n11,0.7478487231197574,0.08893862518468332,118.24301342978394
801,100,n12,0.7230557822119905,0.09466688444707555,106.00078859347262
801,100,n13,0.7840426463523866,0.1005447645646483,123.3525467408297
801,100,n14,0.6983617469422442,0.07699594069383632,98.8163490770288
801,100,n15,0.7455645628241935,0.06286651749067983,114.20937798924211
802,100,n00,0.65729719686448,0.0900114973151174,106.10076487183282
802,100,n01,0.7196305115418202,0.07770391505654042,109.49086869445796
802,100,n02,0.6931840390347502,0.07311656918062771,103.76306548764728
802,100,n03,0.7212375475708304,0.06906033025838451,88.01964617292427
802,100,n04,0.7341148192344965,0.058684040925716996,102.96802891749431
802,100,n05,0.7009962352196834,0.06009461369675485,121.19033638016002
802,100,n06,0.7523243234438383,0.08408982313154265,108.85816147970264
802,100,n07,0.6381269986414674,0.07300972713740127,119.82557481597284
802,100,n08,0.6695921640576643,0.058748077485322056,113.71386508908363
802,100,n09,0.6902153096021336,0.0712807206434585,104.67995930402923
802,100,n10,0.7199089707906496,0.07271611175460381,116.83343616258865
802,100,n11,0.7214522117265344,0.0878939384091564,112.03391207324213
802,100,n12,0.7369177847019561,0.07677453653017778,113.4175784916549
802,100,n13,0.715569860980697,0.08965755607674467,117.09367296659225
802,100,n14,0.7425279351843017,0.06859507136908395,104.65546934371064
802,100,n15,0.7435640248275824,0.07357395259576724,121.30452446184123
803,100,n00,0.3550365315564283,0.05359650315211391,46.971793297553454
803,100,n01,0.23536951981182375,0.03149889134220667,41.95792529366228
803,100,n02,0.2704367287369178,0.03839982710575266,41.669414066926414
803,100,n03,0.28612165711197846,0.02492155404143729,46.663904370777146
803,100,n04,0.25378552794912324,0.06354730985893672,39.42512911709167
803,100,n05,0.2209577237280267,0.015269233703258433,46.88660950423991
803,100,n06,0.17357879512891836,0.016589395188761936,45.25320825203405
803,100,n07,0.3412533041430157,0.030662265680959207,38.19282702299324
803,100,n08,0.3007932456287125,0.02532891135169907,28.017353451161426
803,100,n09,0.20143586505109595,0.050303860944581676,47.93894781483408
803,100,n10,0.2221624627718193,0.02854921979493195,36.466343386249804
803,100,n11,0.24166471403202877,0.025357870778539626,42.57636462460241
803,100,n12,0.24932535760179872,0.017036807763280246,45.8214503636859
803,100,n13,0.29700294836287217,0.027629112751738735,51.77871676849935
803,100,n14,0.2856398113258222,0.004853255841770338,47.29188269245409
803,100,n15,0.19667129541097023,0.011810485326189519,32.64637693600649
804,100,n00,0.7350614821619874,0.06328945358106303,117.25154332951345
804,100,n01,0.8196495334711547,0.06004130350625166,112.11559748673078
804,100,n02,0.7411035265466305,0.07522094139218552,112.36333924644926
804,100,n03,0.6741328164955527,0.0908830522913267,114.57105738840441
804,100,n04,0.7027663461775121,0.04439473963397194,104.8030108786466
804,100,n05,0.7718040628905031,0.07714615441529277,98.72056593771684
804,100,n06,0.6918526518745488,0.07778234262562467,110.10108025434054
804,100,n07,0.6506887436542688,0.08518650681854276,119.43679309902083
804,100,n08,0.7404115135468379,0.08233946460642144,114.75840244464368
804,100,n09,0.7084347777664471,0.08386156067204727,125.05944925548533
804,100,n10,0.6904233014770504,0.08066069737558125,120.82315154260979
804,100,n11,0.7598690728135284,0.10362107445218333,118.64140766678644
804,100,n12,0.7610750619770648,0.05270864090897379,101.16135980414064
804,100,n13,0.655318642364023,0.06537461655670651,114.89938220012692
804,100,n14,0.7401430331277016,0.07354160025713694,115.30581250163067
804,100,n15,0.6884957397004312,0.0764230907046039,118.45473292845347
805,100,n00,0.6957485889253329,0.09410898713880893,115.62586117991421
805,100,n01,0.6810180228917454,0.07490677375008044,101.21882517786906
805,100,n02,0.6953028385841611,0.07351723354897158,107.67888010693899
805,100,n03,0.8385283389222105,0.10259311769992813,128.39681288778132
805,100,n04,0.7336549284872603,0.07872286842025154,108.5483050777946
805,100,n05,0.7358284829448468,0.0788438222487177,123.97928451293855
805,100,n06,0.754150376872141,0.059177935752116426,113.25503322228967
805,100,n07,0.8051158441289705,0.08007767044914237,112.77745421487488
805,100,n08,0.7114468963460615,0.08716233496082368,127.90632155508118
805,100,n09,0.7060586784248182,0.08501175146989151,114.13753138877549
805,100,n10,0.6789922033696694,0.08203519974417425,113.16123410710203
805,100,n11,0.6941618962436124,0.07322844872214443,120.13946900675323
805,100,n12,0.683104530798545,0.06654046653789253,107.29955734866694
805,100,n13,0.778485437772964,0.08589278934506815,112.12349948690678
805,100,n14,0.6744745953137539,0.08260892129210173,102.2711385968512
805,100,n15,0.7838444067670077,0.09388044624987123,116.63406159565938
806,100,n00,0.7216554276466772,0.09039410140352065,111.80276441757202
806,100,n01,0.7441970026379469,0.08311313804232702,92.40549505501116
806,100,n02,0.7494964341030719,0.09684460964392066,115.36292906129245
806,100,n03,0.6795848328991967,0.06868921906274332,112.77500040097225
806,100,n04,0.666439889337381,0.09352966030882646,116.05620135373869
806,100,n05,0.7203199821098292,0.060520870491602465,110.79074510336612
806,100,n06,0.6968289338510579,0.06217559815719954,104.1054408506801
806,100,n07,0.715136120294271,0.10123177128168116,95.64566079870274
806,100,n08,0.6688706851597969,0.07970411241589018,110.47077827734218
806,100,n09,0.7992689464179819,0.06516696101675364,101.91054729947336
806,100,n10,0.7325565536661275,0.10037808737407816,97.54320879368089
806,100,n11,0.7404873193935726,0.08656723977095868,120.38153110593805
806,100,n12,0.6472816932126644,0.08680446663105479,103.54700063126278
806,100,n13,0.749476473108834,0.10084837571198473,120.820795043238
806,100,n14,0.7175489609851129,0.07654828146066828,116.85399697870295
806,100,n15,0.7857120669600728,0.07310073140637507,121.44237217527855
807,100,n00,0.26490071410997595,0.03661426473729958,61.604043696522155
807,100,n01,0.2119393373793511,0.038572765524214805,28.414838298391633
807,100,n02,0.28165881752495664,0.025439137202168508,50.11066789096937
807,100,n03,0.3078061129178339,0.028712473602489776,52.832539740258895
807,100,n04,0.28151820709368236,0.03289531798128401,42.47570549685799
807,100,n05,0.2750804569967782,0.03122518570010803,24.22880985979494
807,100,n06,0.30250854509345043,0.046743144319081956,51.22802888800756
807,100,n07,0.19196003236338116,0.04231543233996862,41.70120414610671
807,100,n08,0.2856092773183414,0.025007938575887168,44.031073333119735
807,100,n09,0.29512934043616706,0.018349126562483418,35.94422524175654
807,100,n10,0.19498010334874996,0.021055816688238603,34.14654754168839
807,100,n11,0.22579674476963818,0.06522955298648378,31.342476640560605
807,100,n12,0.2072170684244493,0.04685557408358962,33.63960266290811
807,100,n13,0.2586558821244097,0.019821788620156284,57.398987152483656
807,100,n14,0.1917285347625578,0.0,36.700066293325655
807,100,n15,0.2963501777925556,0.024514361737568324,47.110660125080805
808,101,n00,0.26812671792962517,0.02276429738255789,46.792930290171114
808,101,n01,0.3030419182184385,0.02919378226957433,32.88186613834724
808,101,n02,0.2673143914482644,0.03132379893293144,45.28975402246497
808,101,n03,0.20352902490513147,0.01605607354168795,38.55377901195608
808,101,n04,0.2691883595228898,0.03858408145904924,28.590517155559798
808,101,n05,0.3352038384067192,0.011021895702377809,36.91298876194943
808,101,n06,0.28203679838603835,0.026812163502020002,51.15925207499785
808,101,n07,0.23005226199357628,0.021138277590014475,38.57969616504087
808,101,n08,0.2519289761105608,0.046905218808614944,47.228926208435
808,101,n09,0.28170750128948896,0.026316293910097585,51.98682841543147
809,101,n00,0.3669808097405524,0.03018435749615339,39.44380588450959
809,101,n01,0.1917162896384308,0.03335560577957834,46.53144433013702
809,101,n02,0.13018595041538658,0.03592933111185062,47.28053016909237
809,101,n03,0.23325537863706333,0.029076339140215225,46.77313581630975
809,101,n04,0.2887305524457716,0.01871970533223192,39.945712906265406
809,101,n05,0.3081892303783549,0.016601402078805786,42.45858214585577
809,101,n06,0.17088911545654617,0.021561036731951755,52.85080480606777
809,101,n07,0.2582580417626581,0.015296259315016887,49.3022455507322
809,101,n08,0.24420667703763413,0.033477669061350766,50.0247045939796
809,101,n09,0.3040222758415207,0.036506521720290896,31.106310671371357
810,101,n00,0.6976784600802852,0.06930389023299043,105.35489978160435
810,101,n01,0.7892940452159878,0.09101620079720701,113.78453674654227
810,101,n02,0.7395444915380319,0.07876678390184394,101.7399678285053
810,101,n03,0.7248548125711105,0.06332823393463806,112.99881085009555
810,101,n04,0.6064820688652542,0.09364661318980964,118.42022914309369
810,101,n05,0.710212760408118,0.08385369935346695,102.7028504233607
810,101,n06,0.7222975522162864,0.10382036225255198,112.94379780471944
810,101,n07,0.7340722098042537,0.08988167127504755,112.02727593319335
810,101,n08,0.7191507478385553,0.08517315612915426,106.5416407526688
810,101,n09,0.7921729566724799,0.0636856352178535,95.50132757380536
811,101,n00,0.22944786331098105,0.04749719758118216,33.12574200382971
811,101,n01,0.19661088424607248,0.022986814713024172,34.932568510037484
811,101,n02,0.18414340795313244,0.021561764881616638,40.780650277181834
811,101,n03,0.2572165030455717,0.03919733319228436,44.159836089927495
811,101,n04,0.21112727193996955,0.025329215835636833,49.13567166046585
811,101,n05,0.25037671094732256,0.018199243252396448,32.84644484361295
811,101,n06,0.2523183127875283,0.018888495235243486,52.83642796447615
811,101,n07,0.18514629482335682,0.028930268397936793,35.039872925818
811,101,n08,0.32318995577844856,0.02871318319041802,42.19117732900545
811,101,n09,0.2380823045950635,0.018701726112384222,42.5856676069373
812,101,n00,0.19145341833426266,0.02748039130158441,40.50185953785405
812,101,n01,0.1777104300355951,0.026744455357541223,24.030025511195195
812,101,n02,0.2367099077537001,0.025512134124033505,42.75863964787774
812,101,n03,0.23192194484798345,0.024546233458967212,31.61590300739737
812,101,n04,0.21461851966661288,0.02727632889337745,39.66141382824952
812,101,n05,0.31380840436047364,0.031580502681977325,44.1407951277195
812,101,n06,0.24868949928225667,0.026511128670013352,36.39009336646012
812,101,n07,0.2499236326841844,0.017714347921668906,60.08217220687135
812,101,n08,0.19799579122274474,0.03691537822945262,48.93147514320639
812,101,n09,0.28212442037538465,0.007104750801245844,52.727586449422745
813,101,n00,0.2602301070806078,0.039738139622209845,42.00424810800713
813,101,n01,0.19081807832883627,0.03832376454271806,46.52214341733712
813,101,n02,0.2595639376589622,0.04185233957581065,34.29639900758734
813,101,n03,0.16965767581968993,0.02510989853612563,44.266586920810006
813,101,n04,0.24874979653799284,0.039110169996308765,48.778843344477984
813,101,n05,0.1914885273498101,0.012942758406335037,39.244709555705576
813,101,n06,0.278471160738093,0.03123607498380147,54.40194299221213
813,101,n07,0.2865131939319256,0.03763853239869372,37.980278963959435
813,101,n08,0.17503868809226714,0.021085229054250233,55.43913427509093
813,101,n09,0.2728927585219555,0.038019224855305685,39.19396748818371
814,101,n00,0.7369262706955972,0.07723582226155412,113.51164679638036
814,101,n01,0.7123388691782236,0.08676870139357719,109.63334375193057
814,101,n02,0.6532019649998324,0.0877242089631002,101.23095899904784
814,101,n03,0.7782816947226106,0.0899192355434155,110.60378559915974
814,101,n04,0.750397576848569,0.0982121614965355,118.4341194983732
814,101,n05,0.7477935020158184,0.08455340081949375,103.03235643028933
814,101,n06,0.647144684441295,0.07731204076647029,115.87463737915068
814,101,n07,0.7444914100424885,0.08779791597333271,104.28855518257116
814,101,n08,0.7276361146624678,0.07056018454460498,121.8752244192805
814,101,n09,0.6749865942199093,0.07677174600924687,111.13628593200175
815,101,n00,0.22790110555373647,0.04126367894070064,53.73684408296411
815,101,n01,0.25345267263968696,0.007581552885165155,43.3099947535563
815,101,n02,0.20051519666186635,0.036810968424317296,42.840759392219645
815,101,n03,0.2501170738848755,0.017720669043354058,41.510006398763124
815,101,n04,0.28380115401550804,0.02093074390873608,51.83117429001439
815,101,n05,0.2980348740641858,0.0282177087548768,53.852761132211796
815,101,n06,0.3222980066211648,0.025148322405409818,25.897779363928844
815,101,n07,0.2670627116038088,0.03485332646919919,32.30216696702887
815,101,n08,0.22558283224418066,0.029938877696787873,36.46562130418337
815,101,n09,0.21737176043063855,0.011689517573632187,31.464954242967252
816,102,n00,0.28816983994250933,0.010525654005137993,44.786028057072876
816,102,n01,0.2540708280827618,0.03177684703380216,46.79394739521458
816,102,n02,0.2970069756245636,0.004227329506387968,59.05341852991649
816,102,n03,0.25020964879141394,0.030395951753904627,45.142976224815676
816,102,n04,0.2686104206314887,0.0026072570432839892,42.19707034497309
816,102,n05,0.2640132595018144,0.03053253830702216,44.59643840067468
816,102,n06,0.15702005156623153,0.03667797305596842,51.83684366073232
816,102,n07,0.23083869921177125,0.017645282384448884,61.63633798852216
816,102,n08,0.22359454600838513,0.027850156912182168,30.854575112071874
816,102,n09,0.14331047655276025,0.04276772794277615,37.82605449067702
816,102,n10,0.26645416805420175,0.026130026992423318,42.853628481339754
816,102,n11,0.21283434731299278,0.03585712740553778,58.2165792611854
816,102,n12,0.2500487577561515,0.02624790433736167,51.40315500953553
817,102,n00,0.7722475885066994,0.06539322999553127,115.86701934123117
817,102,n01,0.7228352720027728,0.07233800755511899,99.91877903338342
817,102,n02,0.744950578205219,0.07069354621361962,115.10779604747894
817,102,n03,0.6721574862785009,0.09565194779020508,104.39413816950334
817,102,n04,0.6852268245239114,0.07141140522728306,105.39452542720397
817,102,n05,0.6667631194417948,0.07803797200765288,117.15846939210684
817,102,n06,0.8288748473757603,0.08002065508476174,122.92122200369946
817,102,n07,0.7548602050862923,0.07781543616585514,115.25137794305286
817,102,n08,0.6889702702336689,0.08853815170187532,111.73300604095293
817,102,n09,0.6814684522932837,0.08783220297967316,113.25439390746608
817,102,n10,0.7945024712992892,0.08086002900318977,112.04549920964809
817,102,n11,0.7090637881814474,0.1058382790583785,100.03841432256078
817,102,n12,0.6687669250819472,0.07654420926042857,118.3273893766663
818,102,n00,0.7617597629090398,0.07449785565086084,96.89671962473548
818,102,n01,0.7299254655544692,0.07000774795981882,106.7264255841948
818,102,n02,0.7683947172520064,0.08120496866107287,99.87473078125954
818,102,n03,0.7429309494184929,0.07649815669515515,113.67383397057856
818,102,n04,0.7089588900487169,0.06872382978470866,110.1846202553025
818,102,n05,0.7074770461879006,0.085302967344651,111.89592898356695
818,102,n06,0.7407242348867092,0.05701466297579826,112.81127830279796
818,102,n07,0.6365045044811625,0.07653702047956634,109.57822484451397
818,102,n08,0.787939139281902,0.06393867304840023,114.64381809115736
818,102,n09,0.6807832924364404,0.07785565993292982,113.85195955935625
818,102,n10,0.7648708952983228,0.08109240759207233,100.78171301318073
818,102,n11,0.7545214162334297,0.07336627595378038,119.22562331303592
818,102,n12,0.6549829814531255,0.08858987422079197,106.64860524218435
819,102,n00,0.6958578839162965,0.07677319499239214,112.43174250239521
819,102,n01,0.7109838771834612,0.07749688170446375,117.82897777099303
819,102,n02,0.6570205462660945,0.08477766360988553,121.60232284528819
819,102,n03,0.6587850381309601,0.09603656959097973,106.56527287353062
819,102,n04,0.7566839845330502,0.0912031298523598,116.20186736670887
819,102,n05,0.7299814846778155,0.0884069667664973,113.77749845692162
819,102,n06,0.6837238990879057,0.0902580264065087,100.16808899587107
819,102,n07,0.6814760978371862,0.06705280362009479,124.99354318766471
819,102,n08,0.6378762934223744,0.07093599818414523,131.0599258140608
819,102,n09,0.7708424590670947,0.08668113297752525,103.79114212245345
819,102,n10,0.8365746852284855,0.08693969042227764,115.22678201450078
819,102,n11,0.763094029720902,0.07479850456078109,99.65297820497366
819,102,n12,0.7135998077908468,0.09312070003986886,100.38581742411463
820,102,n00,0.30870459658447336,0.039882310823904046,45.11504031806606
820,102,n01,0.17378150627773348,0.026812624981037203,39.37477422112923
820,102,n02,0.2879594413143762,0.025641790052798874,55.608639058873244
820,102,n03,0.21538337618052797,0.020066991017534463,32.28718449132175
820,102,n04,0.23156914879955978,0.027055598657801702,41.26910347488461
820,102,n05,0.24866016900332533,0.023454124052108952,40.25328531110857
820,102,n06,0.1891125952925961,0.022491106118618768,42.682294222082994
820,102,n07,0.26378824094428044,0.03722302041246754,31.86811030679865
820,102,n08,0.27162979312382446,0.043367186164099444,41.31441035395255
820,102,n09,0.19323661156251476,0.03133998821903398,40.38109684734858
820,102,n10,0.21286876859163315,0.030421196866486293,27.767145326748572
820,102,n11,0.19029903926807712,0.0,54.27766018313283
820,102,n12,0.22667838883800506,0.02997267936251119,47.55265428340256
821,102,n00,0.2630326832301161,0.030463683445607792,27.93343151519801
821,102,n01,0.3145852086878678,0.024189166815772066,52.393077790841616
821,102,n02,0.32131960909916435,0.0364330951158157,40.655450853899396
821,102,n03,0.28701898860672237,0.011864396378736805,50.390417334716105
821,102,n04,0.22774501850517456,0.030008128377930838,44.38026407450647
821,102,n05,0.16903481490819838,0.02742914804865555,48.078927164681744
821,102,n06,0.23095453599584814,0.015673440090683086,46.49405486254372
821,102,n07,0.23340390100418285,0.0427659272890168,53.01924569284076
821,102,n08,0.33501266740586827,0.020366941004449905,36.749611068668685
821,102,n09,0.19252825932436565,0.02395685789815808,49.3538081343818
821,102,n10,0.19990910980072246,0.021553595464874703,46.66711495726961
821,102,n11,0.2947238702279307,0.004924810130702853,34.71471102240353
821,102,n12,0.24349692773719758,0.01841953266895861,46.40098943794584
822,102,n00,0.24995131162799908,0.04561587325397839,42.11913858136867
822,102,n01,0.27090482472916766,0.03067139935047744,39.53910361326231
822,102,n02,0.25527531856300395,0.02691059541448334,43.87939758663026
822,102,n03,0.3234799434876352,0.009282571565550873,53.83241629475937
822,102,n04,0.21593006409740895,0.023143196420212016,50.00257226874094
822,102,n05,0.24329212584020024,0.04282849051519863,40.16829719537012
822,102,n06,0.2276418888838161,0.028140074378653526,55.76658883818255
822,102,n07,0.23742870408179895,0.03339299213170946,53.433341200680886
822,102,n08,0.16398494701621041,0.028204244940639625,44.456850515482834
822,102,n09,0.26926365061719615,0.03178541753622644,31.687071385286913
822,102,n10,0.2762636932003439,0.02216021741305709,28.067443817139925
822,102,n11,0.24417831800600504,0.032172450747745045,47.392008180347965
822,102,n12,0.28596008165793896,0.031174286575500736,38.846745826590194
823,102,n00,0.3699340556357768,0.0391101154742608,42.47541368768493
823,102,n01,0.23856195753566503,0.035034302299264235,38.0445870675371
823,102,n02,0.27662773242868705,0.012926948435940788,44.37671717242262
823,102,n03,0.20063385820428958,0.043254601274690815,41.12255217705225
823,102,n04,0.21124143723981703,0.02759992239240603,38.44633182739881
823,102,n05,0.32165407278784497,0.04454716923674103,43.121991335201045
823,102,n06,0.19140011176842273,0.03631827080970888,43.57934838149401
823,102,n07,0.3021167694944186,0.02983337070331486,37.0761857670578
823,102,n08,0.28261619812120536,0.013019661584680944,33.74661870221598
823,102,n09,0.21930751891384961,0.04326354316459617,42.36704194377243
823,102,n10,0.21976564191752215,0.002293257991489984,43.564653491556726
823,102,n11,0.20915970975817214,0.03270671405186769,40.654917964779315
823,102,n12,0.2724196780894077,0.03806060870054356,54.61644462245319
824,103,n00,0.3391508128553197,0.06751264225591774,37.248708147158894
824,103,n01,0.2726603481174749,0.031320975295567446,49.99775170269114
824,103,n02,0.1294065351620316,0.03493527104211547,54.74854639456892
824,103,n03,0.24259646204474838,0.04205961572751675,48.13164986934124
824,103,n04,0.2916200896717031,0.03025826437056646,47.76997487524716
824,103,n05,0.3290958127314707,0.05303278447036142,50.110537791856416
824,103,n06,0.3128473165779767,0.03457063094588537,48.943907055531064
824,103,n07,0.2777828010849072,0.018062706092409453,48.78178936661288
824,103,n08,0.2429540248390014,0.03838616277831861,37.27668560632398
824,103,n09,0.23668756034377728,0.02812220346882472,27.173457768938164
824,103,n10,0.25323376894280863,0.0,31.998762943460726
825,103,n00,0.1506518635366626,0.026040763477515765,38.85527800437135
825,103,n01,0.289673189302281,0.030696811987535638,41.92962527354163
825,103,n02,0.2655945541353696,0.043647994897911914,42.49629108129231
825,103,n03,0.20281195609513086,0.02936513424117279,50.56864414637357
825,103,n04,0.26418367430594797,0.027308429645907965,40.685776293427885
825,103,n05,0.29133582867872176,0.03440306312106862,31.241066112684486
825,103,n06,0.31865712117817374,0.0326438500511367,40.01984340081295
825,103,n07,0.2651806304383465,0.015173147255879945,51.30752812167372
825,103,n08,0.25264315134373766,0.0024860336385668334,44.937929754291666
825,103,n09,0.22529310067157954,0.03690620329648962,50.19673510968973
825,103,n10,0.22123007188429733,0.03865788019369841,49.28482376815357
826,103,n00,0.7417341063449073,0.09034121418948739,99.20742244707175
826,103,n01,0.6525236676130521,0.0815331828177583,114.7832726554751
826,103,n02,0.7118361754510929,0.06857281263211253,101.54893153095058
826,103,n03,0.7550142355704509,0.06899357209608428,103.32974250909669
826,103,n04,0.752235361941149,0.08930074863564504,111.12027344080457
826,103,n05,0.6881550857322634,0.09787156858377542,104.53443804683754
826,103,n06,0.694354499063793,0.09487638662910816,109.2729990758279
826,103,n07,0.7131046579974059,0.07855096690862069,107.51784800191807
826,103,n08,0.7802556212172187,0.09219916951927863,105.26064314790126
826,103,n09,0.6472394215389305,0.08121370656584774,102.42239622103496
826,103,n10,0.7102989592250163,0.07479369936749751,116.6604857169171
827,103,n00,0.6315951773202448,0.09390984762421943,113.32988268829047
827,103,n01,0.749463653336769,0.07845182548388815,115.13691569624166
827,103,n02,0.6389708229280735,0.06335115204714092,103.3658790789524
827,103,n03,0.6530930739705318,0.0647124317238623,115.8176690988863
827,103,n04,0.7069622562444896,0.06544151743052032,99.49366035882906
827,103,n05,0.7389299050266562,0.09703713697794578,112.49971985885048
827,103,n06,0.7671730586663138,0.0814645118310378,104.15022717307681
827,103,n07,0.7908194568430412,0.07758566341917951,104.11938362453364
827,103,n08,0.7577304199534473,0.07079504738777627,101.98020199236439
827,103,n09,0.7242840870720023,0.08431468641502808,119.90406134101505
827,103,n10,0.7802389547615922,0.09096858970713116,101.54991244997635
828,103,n00,0.27034700284046137,0.030240530880792444,42.34747591198178
828,103,n01,0.11117173420792667,0.029034964926956074,50.429718175902835
828,103,n02,0.27839683058411485,0.05227671385725899,38.94083007269599
828,103,n03,0.2716853273580621,0.04430446892751912,45.317941458790195
828,103,n04,0.2123156437700536,0.030569308748110598,27.7615136151858
828,103,n05,0.315428917676001,0.03433118982933133,35.26750750653042
828,103,n06,0.25142802188161517,0.03143823189801362,38.15586375494251
828,103,n07,0.20046622199150166,0.012651157757930888,34.41189805596163
828,103,n08,0.14847612885353728,0.03179095016404977,52.62646737776827
828,103,n09,0.271989567723833,0.0659472139803507,49.94906194858767
828,103,n10,0.3506611768211374,0.037673426922300246,47.665429470452644
829,103,n00,0.29231919206140283,0.038363412696708635,47.72687465489886
829,103,n01,0.2557906327562986,0.03365544740130854,42.59188638972988
829,103,n02,0.21559321056128591,0.03951774380259217,47.03140866410371
829,103,n03,0.2295950718355969,0.030939737234814007,48.713230635378075
829,103,n04,0.23407930845009134,0.005554816945868322,43.13010699421579
829,103,n05,0.2938570017121567,0.03655260968930397,44.49596814387036
829,103,n06,0.2673465076797023,0.010794986851021576,30.84117402778277
829,103,n07,0.2669215564982518,0.03218071379595486,45.28203569999112
829,103,n08,0.2705926695013274,0.05281448709286381,38.93121974744367
829,103,n09,0.2628647794670078,0.04136100229758384,40.953137287642384
829,103,n10,0.2488376855011614,0.04960274718918635,41.41333445909675
830,103,n00,0.7653958880527441,0.06994196045661628,114.34889464345989
830,103,n01,0.715979274726916,0.09758676636536333,114.95875907161451
830,103,n02,0.6576472103953354,0.09006642473531583,102.57583679379398
830,103,n03,0.7245466491713217,0.06359792664361158,104.88780524958557
830,103,n04,0.740445609638498,0.06923312395344985,98.18573221131109
830,103,n05,0.6831767919001939,0.07510514839937711,103.15807192374221
830,103,n06,0.7282992607167786,0.08071057599763534,106.96566085751006
830,103,n07,0.6536122689917669,0.06361349028853482,110.25748165445862
830,103,n08,0.7437401917971121,0.07874664531448436,107.85144393502408
830,103,n09,0.7477104176516262,0.07849799178489883,96.09876356096612
830,103,n10,0.6520167248891504,0.08005250424559562,119.14828302546455
831,103,n00,0.692817445790933,0.07077307952998838,120.78395294078706
831,103,n01,0.736100403094943,0.06042760355064487,90.76471552364602
831,103,n02,0.7108267346265028,0.09913674446764323,114.356292835206
831,103,n03,0.7642580706758597,0.07184109853640243,105.06140521299916
831,103,n04,0.6702328138129334,0.06248291459532666,113.16088406506744
831,103,n05,0.7632623647840254,0.08590654429355796,107.6856625054724
831,103,n06,0.763848274877062,0.06589031485138512,122.24393640350895
831,103,n07,0.7327537874073653,0.08849093240936348,121.4349346368169
831,103,n08,0.6735806090279699,0.05695607441933884,114.04609813257542
831,103,n09,0.6902029633429436,0.10676245818075712,113.68335869759986
831,103,n10,0.7297391277282438,0.07516216923374333,118.09881432504066
832,104,n00,0.18605010476126776,0.04061498352280643,42.987181263367
832,104,n01,0.23099110783150265,0.03936483195250595,43.21851367996059
832,104,n02,0.23291683561229387,0.02821365445522259,39.561146429803635
832,104,n03,0.2876670381574181,0.03291265915009335,49.367112029178436
832,104,n04,0.22899041804604298,0.029110149335803408,44.439165546199305
832,104,n05,0.24687336543019833,0.01007689401313196,31.131117675094877
832,104,n06,0.19826975253087056,0.028338735237229875,38.55863764664525
832,104,n07,0.2815218644601849,0.022472717533346356,43.440498478117725
832,104,n08,0.3036591350609138,0.01752161785520496,42.373221719861576
832,104,n09,0.25448998551597896,0.023297545991411345,41.41064942615337
832,104,n10,0.17296958559713801,0.02533023888831766,51.49280994457434
832,104,n11,0.26525190975853274,0.014597253923436321,46.83053583554339
832,104,n12,0.25774452549764776,0.01252534535682738,47.18468098913637
833,104,n00,0.6951059501338759,0.07815457955223043,111.2101896040842
833,104,n01,0.7354532519147972,0.08002543487471322,123.32500490648012
833,104,n02,0.693036437063495,0.07955744507767196,125.1669307230005
833,104,n03,0.8139108896317182,0.07559345021955792,106.19724581232164
833,104,n04,0.6747281799567437,0.07030404067367155,107.95937938856318
833,104,n05,0.7187048299941872,0.07902855614860407,96.87859594578995
833,104,n06,0.7270877743200945,0.08165785619243504,110.27075285766966
833,104,n07,0.7810093222811636,0.06461628526309456,117.31819224343137
833,104,n08,0.6413418782083407,0.08659556210884904,106.64759359021218
833,104,n09,0.7318753951413948,0.08321060439299269,110.91709760687093
833,104,n10,0.7084019752810589,0.08316552603097876,116.86770085567112
833,104,n11,0.6783108532172039,0.07291224018688479,126.40037463027102
833,104,n12,0.7153822091918272,0.07041286163773175,105.13261995844238
834,104,n00,0.6664781086800996,0.07607904737853115,120.44196330828382
834,104,n01,0.7480315373568234,0.09813787879016878,119.29400440161481
834,104,n02,0.739382493659958,0.06772789088504307,101.79107817203823
834,104,n03,0.7094653782302837,0.0787362322620478,113.4046118219887
834,104,n04,0.7422577610808847,0.07802746476834078,106.54252287780155
834,104,n05,0.6958210319426428,0.08026421576559985,103.9099555544586
834,104,n06,0.7142917896690286,0.05937861538716548,115.63593805912771
834,104,n07,0.614902945857327,0.07694780903282575,110.65406669137077
834,104,n08,0.7676824368103771,0.09341805066742537,99.37307658682397
834,104,n09,0.6552261260429815,0.0715485364304668,112.3851925850515
834,104,n10,0.6987914173692089,0.08368320317760147,107.69123616936896
834,104,n11,0.8387878535148081,0.09005078490831435,97.51991843319344
834,104,n12,0.7202331742879976,0.07411779518258146,105.09927265491503
835,104,n00,0.6988132019022328,0.07437386881346038,105.53809775619843
835,104,n01,0.6283666111044395,0.06882752261167137,108.24588342858496
835,104,n02,0.7151616675288204,0.0883105493073908,120.67225647905117
835,104,n03,0.7062143084868214,0.0829685588970672,117.2577400563057
835,104,n04,0.7254344148093452,0.08981118896661114,109.85854801701065
835,104,n05,0.7273281835298081,0.09483518709620434,112.42669831481547
835,104,n06,0.7102549888175682,0.07941875811977511,104.04570476405084
835,104,n07,0.7840698791186731,0.07927134840012608,106.64913900241828
835,104,n08,0.7973733084790426,0.10240343749815363,103.69338612379777
835,104,n09,0.6752023777785158,0.08457480517333588,117.08936393099975
835,104,n10,0.7178947141371742,0.07021153620067033,96.59116390839955
835,104,n11,0.7578062894986052,0.06359701698242066,114.03685446258872
835,104,n12,0.7332920365089787,0.10375572332123197,96.23441026802908
836,104,n00,0.677192469555936,0.07188552019150313,103.60551522854495
836,104,n01,0.7239903769046493,0.08871871167710119,100.61519019788726
836,104,n02,0.7347868253875194,0.06593595138699564,101.01989528293583
836,104,n03,0.7217028162685265,0.09610133628430863,108.18465240500355
836,104,n04,0.7602480060828226,0.05684192597720089,122.21717545329695
836,104,n05,0.7284643139478851,0.08157982698114583,107.54403836014644
836,104,n06,0.6369477887156618,0.058226408859337095,109.82480375736252
836,104,n07,0.6362373244797299,0.09817580941434183,118.60944431716467
836,104,n08,0.7270183726928398,0.0873508794290625,109.01865497607508
836,104,n09,0.7690927902200188,0.07719444689462247,109.36600188770947
836,104,n10,0.701355789873986,0.07906938216059944,110.37942657899127
836,104,n11,0.7407638060132752,0.0831795186525812,130.0860562100603
836,104,n12,0.6619653021572359,0.09040678674224689,100.78671111676013
837,104,n00,0.7212506473321475,0.09452549321752016,124.15429149993149
837,104,n01,0.6967902187605588,0.06778950108084368,105.58117868025505
837,104,n02,0.703103128565414,0.09915417902753065,122.66892652754666
837,104,n03,0.7186037384764731,0.07607590214935624,110.89758488133766
837,104,n04,0.8092555416787572,0.09151676149445437,101.79787804445608
837,104,n05,0.7284508902469168,0.07530475242992558,119.32240713769032
837,104,n06,0.7403486057146954,0.08010161449578665,120.68530463473243
837,104,n07,0.7206832446375201,0.0743204022887187,108.94605861381541
837,104,n08,0.6831251611785629,0.07749585205488685,117.23610000234832
837,104,n09,0.6588415230741161,0.07459584847383569,115.87793269658344
837,104,n10,0.6982915717392187,0.09304374910752063,109.90741121568799
837,104,n11,0.6935725150206989,0.06401132127606048,112.21255428021739
837,104,n12,0.7597979624308301,0.07521122749702114,109.99592219849441
838,104,n00,0.2672269193230277,0.022843033316292297,59.29558813708428
838,104,n01,0.17847812587269607,0.027369842235135097,42.06562774503866
838,104,n02,0.2896977878984275,0.03228843010550262,38.26815065660854
838,104,n03,0.2903393975151327,0.03888689362138778,35.08188369336736
838,104,n04,0.2806784855888042,0.03494060561392412,65.2044091986747
838,104,n05,0.21256135372045026,0.017923552931705805,45.34922998113259
838,104,n06,0.21424581687312455,0.026695117677425075,46.01443040276117
838,104,n07,0.22456129944211445,0.03717246009661927,57.12257899981629
838,104,n08,0.2779806606746886,0.023330485193081094,33.565652300928086
838,104,n09,0.22796073514429493,0.006085730108971673,34.88385827631002
838,104,n10,0.14506788795793313,0.029235460784959123,39.26000626223972
838,104,n11,0.26408068447252153,0.01075894021214532,48.68068760526754
838,104,n12,0.2531531540166041,0.020797190510926704,40.0881563165774
839,104,n00,0.2220398127813791,0.043808681763173214,52.52259576750389
839,104,n01,0.2623823237597463,0.0058223559944991544,39.958215142465484
839,104,n02,0.24722920629201967,0.03445468581119301,43.07253888374261
839,104,n03,0.19093103820293375,0.03096892817400851,46.09644633684145
839,104,n04,0.20313556617338277,0.0330391814146817,48.709490988711316
839,104,n05,0.19449897336925862,0.038633096818211525,49.226756710555094
839,104,n06,0.22711381348181073,0.021095654484455703,63.797385065011326
839,104,n07,0.2511288264893419,0.01287902134272443,41.30800419673789
839,104,n08,0.33269486395624964,0.03647533221421374,44.58698009776423
839,104,n09,0.1725463659444084,0.025824879406169232,49.02552008660854
839,104,n10,0.2795025170725733,0.03996296342553845,55.981224471318995
839,104,n11,0.20575043258500675,0.05319568836005344,53.95944613696928
839,104,n12,0.25238449889104625,0.0498946622254476,28.019711919934128
840,105,n00,0.35557756695210335,0.03448862756773542,40.732713407369744
840,105,n01,0.26376822873966704,0.013458404220458641,43.61151983059713
840,105,n02,0.21539581195752205,0.04561705589326978,43.48274679786678
840,105,n03,0.2273436919400162,0.048769640758037025,43.860325988877946
840,105,n04,0.2105064697258724,0.03852880949750683,43.93868471665121
840,105,n05,0.16833982736658276,0.021938822639715506,40.46858073669009
840,105,n06,0.18562918484037438,0.03524856094621617,43.44210635258077
840,105,n07,0.1585648478123781,0.013379193711644023,44.85250095929351
840,105,n08,0.2596625000369624,0.02768561156325349,37.17096370272618
840,105,n09,0.2691149224563127,0.028527045622243133,45.16538101348151
840,105,n10,0.25513717171143263,0.013138758945669876,35.5226608399651
840,105,n11,0.2949620004660161,0.026133724330140436,54.81207348643723
840,105,n12,0.25296237102875274,0.03666461067448183,51.08388026608948
840,105,n13,0.25159872759484647,0.03361881289921875,42.5112394370844
841,105,n00,0.7626894501716867,0.0859384069090864,121.07242334557347
841,105,n01,0.6785718860454527,0.08525161902972828,114.00994684533687
841,105,n02,0.7197946651419717,0.06555474470028777,106.96027153587102
841,105,n03,0.6871793327329785,0.0750318691809586,115.42132113929313
841,105,n04,0.7964153917777864,0.09058852143862231,125.29265507685885
841,105,n05,0.7818203507767448,0.09046727961698871,109.35777843097405
841,105,n06,0.6493413005870176,0.10404230861617,113.5693702965566
841,105,n07,0.8130151283515558,0.07502900490447283,126.0289653225752
841,105,n08,0.7509647557001283,0.08302272186854741,95.99934714267391
841,105,n09,0.6395404497840061,0.0727699576382039,103.55461590315502
841,105,n10,0.7387754708640539,0.06632304665155596,111.25754586406812
841,105,n11,0.6570644762032508,0.10161613375804625,97.80759697313366
841,105,n12,0.7045309894692666,0.08399683180550989,116.8322693809789
841,105,n13,0.6586135440008494,0.06553041583143633,104.28259281851079
842,105,n00,0.7553968000047457,0.07884433666208017,115.65962474508144
842,105,n01,0.6516324356658009,0.08985698250605159,114.48825683156781
842,105,n02,0.6680551576522069,0.06740667791945756,99.90992739619043
842,105,n03,0.6406902884564629,0.06459051885148893,104.57358238073506
842,105,n04,0.7753409810080505,0.09700070999456935,106.6535203686986
842,105,n05,0.7739480106703968,0.058962221819838734,112.56667863841596
842,105,n06,0.6953196562977779,0.06853917122703544,116.33884806991934
842,105,n07,0.8029994741161453,0.09773172639478091,103.55071748642703
842,105,n08,0.72792128915846,0.09762605573875219,117.08952593242122
842,105,n09,0.7368339186669729,0.10562002350443823,108.73547607936489
842,105,n10,0.7036405312198636,0.07476590300367435,112.72497640845883
842,105,n11,0.7116387787353204,0.05274536041494174,108.17463049201999
842,105,n12,0.6863641472924846,0.08014206993090006,112.25072287837266
842,105,n13,0.6854751298249631,0.07256361272607922,121.66798237895055
843,105,n00,0.2863243495359499,0.03264171436066046,50.33121312320825
843,105,n01,0.2506794807372555,0.030496261064541813,53.74062999107086
843,105,n02,0.25771750340488714,0.040314462966663356,47.73022602480867
843,105,n03,0.23697471320432908,0.03307266318479807,42.615685254035995
843,105,n04,0.22490287951034788,0.04251272160818696,46.22538781248407
843,105,n05,0.2919143155648388,0.029986266144457818,44.611260736024725
843,105,n06,0.26725517764905765,0.027584907470596633,52.14169599249885
843,105,n07,0.1795947177879206,0.02237280135579756,60.8870779223626
843,105,n08,0.29222023425605403,0.0354526598181732,39.68276275651042
843,105,n09,0.23498245324898226,0.03864370743079527,45.36475987316785
843,105,n10,0.28811727853814034,0.041474214549223905,55.04669340005834
843,105,n11,0.19532138654587305,0.009675170892155565,44.98683488222156
843,105,n12,0.1671870119332221,0.020224639409245737,45.50222592063491
843,105,n13,0.2612120368443408,0.018211768692498253,49.54122901206599
844,105,n00,0.30892614872485996,0.015959378459160272,50.35119848467144
844,105,n01,0.27681614570115765,0.01924652736641069,31.33499375728568
844,105,n02,0.22044109811596507,0.02699887770798214,49.80156815632347
844,105,n03,0.2808729340592743,0.047091605809363224,59.939382854859005
844,105,n04,0.26984926196919473,0.030852020381754032,36.62068564933049
844,105,n05,0.3047806210316753,0.027762690522925116,41.240903827731415
844,105,n06,0.26021682256820333,0.03581551929318696,54.17452300224106
844,105,n07,0.31280317232864163,0.010499057640925978,44.06787483092081
844,105,n08,0.16744633800317738,0.03242323992329709,39.96812545874647
844,105,n09,0.32033308926264353,0.020566305942436275,43.452189780015246
844,105,n10,0.257510329558398,0.039173090549889385,44.6990424429479
844,105,n11,0.31679872922292385,0.026721970484765444,43.67620969868337
844,105,n12,0.2331077406385684,0.030734200625330374,45.66926242844394
844,105,n13,0.24210053944046908,0.04805091689027319,48.05958254677056
845,105,n00,0.29412335572156467,0.02493912539716351,45.740523741398
845,105,n01,0.19127504235353648,0.02302511555082834,53.173621817182095
845,105,n02,0.3352955239115266,0.038191249253593976,54.29447732113046
845,105,n03,0.21623254698457417,0.04653095382490144,43.86363626534989
845,105,n04,0.24875357964614178,0.017531511856328674,50.61510162858644
845,105,n05,0.29743740439910826,0.03088231012315736,40.861591769185935
845,105,n06,0.3290248827586246,0.012529814559670414,45.30006915918912
845,105,n07,0.25249601562789836,0.0374308835205016,32.81250775477736
845,105,n08,0.29353989938410024,0.043233482926140876,26.599922700366058
845,105,n09,0.2868925320328924,0.03447934807449471,47.888068801003556
845,105,n10,0.38390785001361843,0.019135926339942877,33.48337167247865
845,105,n11,0.27517950205231084,0.045014700327260695,42.84457220167364
845,105,n12,0.29552005867896347,0.016106453287649175,31.996913182739004
845,105,n13,0.2899345088064461,0.035281359871790964,36.7562384887588
846,105,n00,0.2791246259409112,0.029869603812256156,39.18256488851823
846,105,n01,0.22751551957190055,0.04461224443373546,36.17543459496479
846,105,n02,0.24398405757941077,0.024633587510457168,49.146709370224556
846,105,n03,0.20809512328711982,0.02302296631172933,53.364841208827144
846,105,n04,0.2586918867319165,0.018747388680944693,33.15162632234366
846,105,n05,0.23242260445591129,0.02830527805959957,39.60252492709396
846,105,n06,0.2943503567509647,0.02120339616899065,47.809675305865426
846,105,n07,0.29653770470030094,0.023079483857784626,39.608840143793955
846,105,n08,0.2300816838308704,0.03893762994129044,50.00640434818467
846,105,n09,0.2272411801560522,0.033442856938119596,36.754200243493386
846,105,n10,0.2967703552283639,0.004768078254576123,32.37581718262739
846,105,n11,0.26965730137247634,0.004074643130156416,39.31346470518518
846,105,n12,0.2845515476633424,0.010872464222789962,36.21727234326735
846,105,n13,0.22465796313421169,0.026096832524078323,42.891080430818164
847,105,n00,0.18382692932806824,0.04704352152694952,45.97202545081134
847,105,n01,0.32498030270784467,0.03562029507124859,42.117497325667756
847,105,n02,0.31500127293581986,0.028415526836961934,37.92308396653794
847,105,n03,0.26525297061069236,0.04239545929328482,41.58388208793394
847,105,n04,0.26055606850304946,0.01937744927364981,40.109067420470986
847,105,n05,0.21725867968048568,0.02805037295828067,56.81078588502349
847,105,n06,0.16461962483260006,0.006704290271269821,41.614659741214176
847,105,n07,0.20836863633309238,0.01067861870600861,25.740507901259694
847,105,n08,0.29388300642164206,0.03321579378047163,47.15813063498831
847,105,n09,0.2098897670206064,0.018768755370114944,43.85151828715956
847,105,n10,0.23878616712036002,0.019224600049797827,39.41505297186392
847,105,n11,0.22650182243904252,0.006647040815171538,58.75163534939742
847,105,n12,0.24371534613927226,0.02954778844479142,46.656818849978066
847,105,n13,0.14667376436768553,0.020364528308089512,49.90354440045355
848,106,n00,0.30121740376806433,0.007038037426809484,46.64793801667098
848,106,n01,0.3289043519187448,0.0443453508404075,27.16907917825148
848,106,n02,0.23615940311728748,0.0269589660179,54.412756385643945
848,106,n03,0.1410740796009615,0.02926284155991815,30.873989736263628
848,106,n04,0.24265354321169935,0.02174479536935566,62.24007330138831
848,106,n05,0.2158476513228995,0.03674399649790284,19.999757944758183
848,106,n06,0.20618601919861687,0.023863678881365907,35.551413732399766
848,106,n07,0.25961762247354625,0.03439609589336102,50.94325163292746
848,106,n08,0.2318296635982109,0.03119694729951606,43.51101489542789
848,106,n09,0.33905413364191433,0.030791012774346167,50.77861353371416
848,106,n10,0.3014624610275028,0.025709358722242857,33.366653425932775
848,106,n11,0.2721662683863901,0.021720334745085924,43.89321622405929
848,106,n12,0.2665420479334565,0.01396900447584382,47.04004216307785
848,106,n13,0.2560376765941192,0.027643315417503273,40.813837850674545
848,106,n14,0.1802352970836226,0.023428659575407972,47.3444276530046
848,106,n15,0.24545163114045424,0.04344025610377434,43.50359728121884
848,106,n16,0.25541335615359834,0.05021643824320937,52.56898912863698
849,106,n00,0.1979645423423864,0.01625777359389942,36.02426601261339
849,106,n01,0.20423417698271754,0.03612608459583389,44.74174399641157
849,106,n02,0.25583032321376464,0.030516402260782536,37.630205502287545
849,106,n03,0.2385253645273945,0.0231425143586845,48.97080925138192
849,106,n04,0.2898681488114711,0.03463724458151407,46.074296363460235
849,106,n05,0.24347448958521584,0.026091028253486873,39.7443803734321
849,106,n06,0.280690652918665,0.017335150452097048,47.42629625602783
849,106,n07,0.2812368724887264,0.015424097981787276,39.09293160835682
849,106,n08,0.17252621768026638,0.025256060178534066,54.839798969157165
849,106,n09,0.19709556366086328,0.034272533866895535,47.58854378795312
849,106,n10,0.1982906443542146,0.027376224869387455,38.83748842464381
849,106,n11,0.2150553017269381,0.032619915144344216,39.82031836064626
849,106,n12,0.23720531095217406,0.04439822936637873,44.22332538253312
849,106,n13,0.3299959792253255,0.026885444583816073,29.749105828106057
849,106,n14,0.21995740894846227,0.029316095350365307,48.59055739927105
849,106,n15,0.20889352829921481,0.036928405203320816,55.92420791240677
849,106,n16,0.22364352995520978,0.027928225181381584,51.20994556133076
850,106,n00,0.2981808122107823,0.01967329047206077,33.306798073515566
850,106,n01,0.2093591365132366,0.033245802979114183,55.95042004602818
850,106,n02,0.28561975366070674,0.030706131713895878,51.74354109459619
850,106,n03,0.23854641908700544,0.015329743129332626,39.87618598950834
850,106,n04,0.26417236519558007,0.03542920700406203,47.57089243719971
850,106,n05,0.22669550390855814,0.03604891889346867,39.7732509547555
850,106,n06,0.21882211418413366,0.0315291640826908,50.433634604756534
850,106,n07,0.2388029183586774,0.03313603229620041,46.70427231441716
850,106,n08,0.25361272583232286,0.03067333476067317,35.875021184074356
850,106,n09,0.2452050064257258,0.0058055390619996365,54.14912647678313
850,106,n10,0.21281324058004147,0.028909622848974005,37.65239831182082
850,106,n11,0.26036043588173935,0.047138783188859334,42.372549680977784
850,106,n12,0.25402425253976335,0.033500883436134055,44.53010444680353
850,106,n13,0.26363713360645485,0.03216360074966571,31.555274629970324
850,106,n14,0.1838307347103818,0.04155535089435607,25.21173761523004
850,106,n15,0.3775415617562552,0.03244300347236987,57.5804595292997
850,106,n16,0.2638581870582627,0.018667895138817295,53.4550642294923
851,106,n00,0.2150208559140142,0.03127638158018543,34.89928495763142
851,106,n01,0.22837364773418264,0.03848489169100562,37.74755847148483
851,106,n02,0.24012551109951058,0.031206084649978344,50.920792336116726
851,106,n03,0.22206068698411532,0.030093170170707815,37.12827504023182
851,106,n04,0.19170546539626443,0.042568909839240734,44.28297985000533
851,106,n05,0.22996777365670382,0.023599837295404075,49.27424874966033
851,106,n06,0.16650889006272535,0.025076840557095904,45.17248776066499
851,106,n07,0.32177065704815055,0.049306468216054875,45.02881745846655
851,106,n08,0.1691720584234696,0.014773447042175817,40.91906399660951
851,106,n09,0.3028256749699986,0.036492967854181824,47.34647187587798
851,106,n10,0.2795838742647723,0.04932589573602714,43.45054520985
851,106,n11,0.20668878433380616,0.047085976213868896,60.89559306562047
851,106,n12,0.3305913794262144,0.029505046047734924,51.92782845043023
851,106,n13,0.2487286746987539,0.05260446228569349,47.59530838969064
851,106,n14,0.27883709045572364,0.02291752985796347,35.93886386491984
851,106,n15,0.25418393163189884,0.021891991177829563,53.3246567464081
851,106,n16,0.2670618880425866,0.029282063394174513,37.41998784134182
852,106,n00,0.36205948202913896,0.02954136692020589,37.89101990099948
852,106,n01,0.22256605780849906,0.04284918983008771,38.80987858489529
852,106,n02,0.2358264698995844,0.019982791921337555,45.722330002309214
852,106,n03,0.2855065549916661,0.027285222434779658,48.11911093441809
852,106,n04,0.29226708944594965,0.01968306456287987,42.69183386691752
852,106,n05,0.19658952988100947,0.03501511520998532,34.625535625067805
852,106,n06,0.22847763999442705,0.03617008420030901,35.578017633624505
852,106,n07,0.24846376715737845,0.01822156128823215,39.48262812403108
852,106,n08,0.227054272233846,0.0405599885297946,49.72494042363666
852,106,n09,0.28622100984734533,0.0173762369418587,49.817682809776905
852,106,n10,0.19285068416675533,0.03142531323795733,39.85305387357934
852,106,n11,0.2843410917471529,0.03914278034192318,61.963516854644716
852,106,n12,0.22791572658646786,0.025864766425342682,35.89045542852075
852,106,n13,0.18301106209862847,0.039970838017072345,42.573502308075746
852,106,n14,0.2470408189082433,0.03320068374593442,46.76046249002482
852,106,n15,0.19877657244243788,0.03878965141190148,41.57322541772714
852,106,n16,0.33006727102822914,0.03239325957996253,51.63012966317559
853,106,n00,0.19145333823787639,0.03180775747561634,49.74122257845443
853,106,n01,0.23297031919818695,0.0437427029531704,50.93702249273572
853,106,n02,0.2348535631710687,0.029052783596769986,42.55824239447568
853,106,n03,0.242775969662822,0.02676375360957926,46.26637320227278
853,106,n04,0.2887957350148037,0.039294121132917165,42.68617197436793
853,106,n05,0.21459328517703619,0.02575133239522455,26.06781450236115
853,106,n06,0.30276718169101713,0.03229208869777113,55.15531187130874
853,106,n07,0.20906586644433797,0.03300213937529556,48.42327593320811
853,106,n08,0.2391837841426076,0.01962275558280232,39.190023187090155
853,106,n09,0.274686816534539,0.029450869130738577,48.95635440248115
853,106,n10,0.24130786165479623,0.027544933954882667,37.086436618896855
853,106,n11,0.2517340652162993,0.02557647305568335,44.79439921625787
853,106,n12,0.2221623429455059,0.04645032591077518,44.09894880530298
853,106,n13,0.22927442266404685,0.01969562532337977,37.56565554570332
853,106,n14,0.3326801323459264,0.029924830094619836,43.58979790420425
853,106,n15,0.24281904587043882,0.03757245361691202,47.410152397478576
853,106,n16,0.2525098970346499,0.022902269778909003,50.95028024223685
854,106,n00,0.19780245333014224,0.05048449581226391,43.515202088406944
854,106,n01,0.20705457783553344,0.02626932752750792,43.786141270590036
854,106,n02,0.3097398798814902,0.032957189369493954,46.82631413735353
854,106,n03,0.2630487735868195,0.027117830421319305,58.11658431239124
854,106,n04,0.307136235109377,0.036461717884120004,40.648494735362036
854,106,n05,0.2589665291491018,0.038955771370978165,46.99312018836768
854,106,n06,0.27341095507109425,0.038039403949701636,54.34677528065174
854,106,n07,0.19102041519958995,0.0402530764383476,47.030739697584025
854,106,n08,0.30983937375100445,0.023297657352249975,51.185935792478105
854,106,n09,0.22834159482576483,0.03189100775347249,39.66388862576748
854,106,n10,0.31266990660477073,0.030000855478723398,51.337536566195055
854,106,n11,0.2988613415732076,0.029203929110614417,42.05814980735408
854,106,n12,0.26246011297773214,0.010402429479142536,50.3852679749835
854,106,n13,0.19923694688012963,0.03599031306270419,29.654268057020015
854,106,n14,0.22687460556238015,0.04867290062832643,46.59695526674715
854,106,n15,0.24870765035803866,0.032234333253220386,39.72174439838851
854,106,n16,0.30067067602319597,0.03311316026337114,47.63382882112194
855,106,n00,0.2798384756963744,0.035712039373067474,34.809175646425615
855,106,n01,0.3144246531220045,0.043101925158234564,38.17857046238738
855,106,n02,0.2100401618141438,0.036743563523906404,53.70774479579149
855,106,n03,0.2420991034221221,0.04183416391523688,66.3703369900987
855,106,n04,0.2779505943655858,0.03286138972009185,53.49291486810567
855,106,n05,0.22080294943598436,0.028924059182268418,54.655964514284555
855,106,n06,0.2757311857222051,0.03419237251615065,46.75362104412316
855,106,n07,0.15222293203435566,0.022278515683654115,40.672006440784685
855,106,n08,0.24857609145421872,0.0377997772019073,44.22582369507183
855,106,n09,0.19453951898495292,0.020336390991156476,38.763570465653196
855,106,n10,0.2991834709900379,0.05461784220095725,46.18663332117876
855,106,n11,0.28160435169571174,0.0361731570416959,49.34587076937876
855,106,n12,0.2047324075041841,0.013864314636097025,53.35273802529015
855,106,n13,0.21323615267346416,0.039538113223947784,51.61505725655459
855,106,n14,0.1991267810305915,0.020892826049035328,43.4890009140263
855,106,n15,0.33611049356716816,0.040205439068315425,42.824057515432955
855,106,n16,0.2697369367504988,0.026105965715717442,59.987725682425484
856,107,n00,0.24246095998486486,0.02536906268556225,45.33520725880516
856,107,n01,0.2823952211125196,0.033229793619526694,48.85994826392651
856,107,n02,0.2338938208398537,0.02566063730212173,45.32462213516931
856,107,n03,0.23589171187645389,0.02300095316589569,41.87991342423485
856,107,n04,0.21144673201697264,0.029691227985290537,40.092610083290324
856,107,n05,0.2365187475989691,0.04181696880567594,50.98708922976672
856,107,n06,0.23179111004906183,0.04454159131306496,51.389516484449345
856,107,n07,0.27974976899523857,0.03286013157518157,47.31392331327294
856,107,n08,0.24722228233758725,0.029638894129898275,36.63653992218309
856,107,n09,0.23438860397353134,0.035476376988191595,49.214371740245056
856,107,n10,0.306378808364096,0.041490667964665336,52.549578845192244
857,107,n00,0.26893479354857464,0.04989595620078875,44.23633346562902
857,107,n01,0.320511647503415,0.02088727624360794,34.31362575914478
857,107,n02,0.26409524910695115,0.024277374923867716,49.333517390395734
857,107,n03,0.3864846217975757,0.013867151851047668,64.91843313466904
857,107,n04,0.2536027922180262,0.0410344162484228,46.188588103307
857,107,n05,0.2975518616537891,0.03617703869362737,51.82517723127778
857,107,n06,0.2679355140913683,0.01728891177632554,56.5652737243117
857,107,n07,0.27085381937639647,0.03297973638877877,50.85864396000411
857,107,n08,0.32157710946807827,0.028450979273945593,45.25497424013848
857,107,n09,0.3219963127366018,0.03587916313158543,55.312672478560415
857,107,n10,0.22830216221692395,0.022644407856177225,36.19585209605479
858,107,n00,0.7104861193687443,0.0842201103358107,109.4304637020997
858,107,n01,0.714173788972411,0.08155818968070884,110.67762620117739
858,107,n02,0.6515222820833436,0.0688688869489515,108.16410362544799
858,107,n03,0.7185954158660258,0.07504586007610187,107.74932805482285
858,107,n04,0.6676971986720792,0.07811952451593247,121.67725784260884
858,107,n05,0.7327706044373953,0.0841482159896305,102.64407449458416
858,107,n06,0.7855075126816737,0.0921496917146613,116.63088075511598
858,107,n07,0.7398034355110312,0.0710618491003398,100.46276779396942
858,107,n08,0.7146058696217856,0.10183542959257866,111.44737136441582
858,107,n09,0.6758230276157098,0.08815386016908984,100.7697217536749
858,107,n10,0.7296773323736666,0.07817076183550029,96.6496612303022
859,107,n00,0.3099332131364838,0.027404228665777738,49.76110780310932
859,107,n01,0.28758041122194977,0.028504238312758643,52.055321639229255
859,107,n02,0.19017401061300113,0.05774799889724226,49.45945996426838
859,107,n03,0.32424739034160455,0.020207478105359687,54.28635180982961
859,107,n04,0.30338846627904614,0.0404831123857502,43.15553049310914
859,107,n05,0.24900579439444684,0.021737474442659284,26.838348528628284
859,107,n06,0.24536621985750295,0.042051289859595706,33.67858202297099
859,107,n07,0.30823135583891104,0.04441052544067593,29.144896762915117
859,107,n08,0.19339503264192776,0.04144360954419387,42.1136690417138
859,107,n09,0.3529823755661585,0.03056572130707706,35.34372907154101
859,107,n10,0.2053759655570021,0.03860267706169113,58.995340800073734
860,107,n00,0.797355057679326,0.10161964103964091,119.28891845815983
860,107,n01,0.6884426757843146,0.07582391338042056,99.70933392347897
860,107,n02,0.7240191754488742,0.08060379871193836,108.02546423257458
860,107,n03,0.7002879200893735,0.10114860597197264,114.85075259673542
860,107,n04,0.7604081893580569,0.0994365226314819,101.81726193593161
860,107,n05,0.7679580979806931,0.05519443215005696,107.46035068613268
860,107,n06,0.821576392928035,0.07676708513852258,107.30620815835238
860,107,n07,0.6536633511192779,0.08557339383793387,102.27823261558386
860,107,n08,0.6921574762696642,0.09622600127600142,105.53333191439602
860,107,n09,0.7273442948625187,0.06582553527009422,101.37928645639609
860,107,n10,0.690006984770244,0.07491132491171519,112.97432856061661
861,107,n00,0.728566511345014,0.08017866674762408,122.96598841830287
861,107,n01,0.6948282517047072,0.07818743660762081,106.97137209736444
861,107,n02,0.6608704328310325,0.09306739619095464,110.67662026342036
861,107,n03,0.8096316135671308,0.08947706735483117,106.7990602186587
861,107,n04,0.732969139098763,0.09042178897694603,106.58495433558312
861,107,n05,0.8038020393839542,0.10934000433226745,111.76375488672181
861,107,n06,0.7081208692477986,0.08623031822849672,115.22583523538788
861,107,n07,0.6938367778309614,0.0888470737984112,114.50859559479538
861,107,n08,0.7784673574320211,0.06758313579350603,111.36784373753359
861,107,n09,0.7287070245036029,0.07780376919510082,100.5965691247914
861,107,n10,0.6604181325804617,0.07966968132357795,93.2977220678872
862,107,n00,0.2800224203288764,0.049295371391161774,50.57580196915793
862,107,n01,0.2521927583606968,0.01879011570928279,52.90082006971387
862,107,n02,0.2149242194944686,0.02785364096925661,31.09568499452593
862,107,n03,0.2101373671991213,0.026069006655840624,58.19407232540864
862,107,n04,0.2929915174649744,0.03489809397014941,35.9834377457228
862,107,n05,0.2953336991358761,0.0,47.16489021597413
862,107,n06,0.31872568182972905,0.034304711949844593,32.821368002859536
862,107,n07,0.3048768739041042,0.015244452229990962,64.9461103524362
862,107,n08,0.36190754474265063,0.037271494424563685,47.88929931435047
862,107,n09,0.29349823532877617,0.03944443534428409,51.13949837787118
862,107,n10,0.3023946570881698,0.03334309892375849,28.57426241604279
863,107,n00,0.8054038074593493,0.07768326184105864,100.15385690673126
863,107,n01,0.6658028557065129,0.08176189205960124,103.26778225561743
863,107,n02,0.6666852394377413,0.0871231779437718,105.47272863957316
863,107,n03,0.7831206467267091,0.11245906065128694,103.99669333421514
863,107,n04,0.6712381953535711,0.08067270413436717,107.83293922685085
863,107,n05,0.7009889809476757,0.076402448208426,107.89315801303897
863,107,n06,0.7313334305331073,0.07121317969768962,120.08088521369247
863,107,n07,0.7134589260802398,0.06491344241766857,106.80552281694585
863,107,n08,0.712782564932235,0.07938464440925157,118.10649227109768
863,107,n09,0.6981558031884068,0.07803531756140382,111.57218363423024
863,107,n10,0.7362954035949321,0.07295276208752502,121.3828477486823
864,108,n00,0.32096044215062575,0.023974016909603185,45.42348391800843
864,108,n01,0.27634430306042723,0.03920894042974861,48.77395401691208
864,108,n02,0.28976593522134614,0.02698599250861014,40.08324966816954
864,108,n03,0.15096339922522417,0.031017798596484857,49.28428938440898
864,108,n04,0.2599537513628043,0.024657544664967387,49.896715327167364
864,108,n05,0.20731021289183582,0.026879520972033662,45.29872673493077
864,108,n06,0.2757076327479836,0.04193936434999961,40.02718176222769
864,108,n07,0.2823611706447453,0.0300734223909723,52.94393296516301
864,108,n08,0.24157967712375222,0.0413669799772971,43.06882196147685
864,108,n09,0.18255189413154968,0.03695073301213671,34.8868922873601
864,108,n10,0.22915110906421493,0.05106530032789189,40.907763234083234
864,108,n11,0.19192720694783233,0.022564319932365434,43.09241192357965
864,108,n12,0.22481866190827332,0.041594252707671,44.39564919778729
864,108,n13,0.272381465816511,0.05209860291594469,67.14492822802335
865,108,n00,0.2969822175622924,0.018124628485394825,39.9097835365046
865,108,n01,0.2590120053433052,0.039157863931116574,49.13276591502024
865,108,n02,0.3201411275546665,0.05307977429266173,52.14929228253796
865,108,n03,0.2057498166274073,0.02738320209466374,45.6162543062752
865,108,n04,0.25089724628793014,0.023008783814212792,48.60107259215081
865,108,n05,0.25014625566852255,0.050169316451044735,48.78631632702437
865,108,n06,0.2845949793064928,0.007630846063768414,52.71887291341281
865,108,n07,0.2597022158283828,0.01811303243595831,52.775236207079864
865,108,n08,0.17376031773692768,0.024920219975530636,38.00540395277404
865,108,n09,0.30784530728441356,0.029835463927872466,37.72019272965023
865,108,n10,0.24050806518356593,0.024820911279996034,41.35000836598285
865,108,n11,0.22237693710154036,0.03087336824450819,37.37593048171446
865,108,n12,0.26700775324590037,0.040623995013209964,46.932531382478786
865,108,n13,0.21301906313232777,0.03677796305101488,44.129670613109454
866,108,n00,0.6264236485742635,0.04474943571024535,110.11526505182488
866,108,n01,0.7321106182482107,0.09380788881931632,134.6706580742985
866,108,n02,0.6816807929992394,0.10325531139858271,101.28779426410081
866,108,n03,0.7637443016027217,0.08338118540322477,114.81012218705663
866,108,n04,0.7788029151459464,0.08090567550743205,107.63638963237513
866,108,n05,0.777462882137201,0.0850419816725329,93.62650534988283
866,108,n06,0.7246353161385047,0.07037037627196276,112.69661269559872
866,108,n07,0.7326361064432817,0.09364284771595557,106.1322438899013
866,108,n08,0.7648843673680882,0.09917496207698448,106.79983304089501
866,108,n09,0.6828379907020712,0.06730617761161986,117.47389587872358
866,108,n10,0.6640318061756859,0.07370540362199131,109.75777006831387
866,108,n11,0.7370023393585763,0.08238233797582599,114.47912686370098
866,108,n12,0.6296403454729441,0.08977783774031205,113.76731101728323
866,108,n13,0.779342556338602,0.08709319110419701,123.16100278594993
867,108,n00,0.7084430313178083,0.07980142270600044,114.04585069088321
867,108,n01,0.7768474236945753,0.07572740536330999,105.77803650547143
867,108,n02,0.6514858900169883,0.061665242765058276,107.19753516528148
867,108,n03,0.7099284554318365,0.057406104629819155,100.82830842675345
867,108,n04,0.7205018299125072,0.082286712894785,115.28814883177935
867,108,n05,0.738590805175137,0.10591456170089794,119.45988492448329
867,108,n06,0.7102038495964011,0.08195989616237435,113.21707744658153
867,108,n07,0.7058980682101688,0.0817082975146854,111.58645266277443
867,108,n08,0.6119598424577546,0.06175883865679593,104.30588311703328
867,108,n09,0.7253898860829325,0.10764449528373522,109.24938061047457
867,108,n10,0.7097901476921487,0.05274252840057758,114.77381010710506
867,108,n11,0.7764902257974235,0.06342397308812098,115.90080372119006
867,108,n12,0.6509394865974809,0.0733623089120895,99.95431510329293
867,108,n13,0.7285415639676898,0.0696967106706869,129.70737986572266
868,108,n00,0.7537168528818146,0.0752919316795108,128.66873347241219
868,108,n01,0.7731682879801551,0.06830868897211095,99.40202687708397
868,108,n02,0.7378314062283702,0.06558598700946439,106.74674494611725
868,108,n03,0.6945762672641179,0.07886981618560104,111.11443105735638
868,108,n04,0.7155287246161305,0.06424297939956078,115.87185630293955
868,108,n05,0.6604362941151701,0.06080972184114539,115.60636943248682
868,108,n06,0.7117791865260878,0.09179017635233949,113.03815350293478
868,108,n07,0.7211057664697875,0.07097146154706271,102.37397823354507
868,108,n08,0.7650608867762967,0.07630875160785032,110.76854568562362
868,108,n09,0.6895744584775012,0.09335160003476375,111.14141080952949
868,108,n10,0.7977892523400001,0.0645553305356673,113.49323096837475
868,108,n11,0.6602215579094322,0.08065622241646633,105.34679889738669
868,108,n12,0.7706667484792538,0.07691414314465002,112.75141215127152
868,108,n13,0.6892212960318914,0.0876525990858553,96.81021623119133
869,108,n00,0.7025318279560585,0.08694990050135182,110.9056506757783
869,108,n01,0.7704535567137832,0.07533451918634373,106.57838466131277
869,108,n02,0.8060358365154255,0.07783276034341877,106.17489187264208
869,108,n03,0.7293821252019904,0.04502507256414539,115.8819494598931
869,108,n04,0.7254975176490517,0.06793895390278001,104.66014094824953
869,108,n05,0.6583114100260892,0.0815860600252436,119.4372371220425
869,108,n06,0.6829308685259324,0.09767503737888747,98.89817197371214
869,108,n07,0.7114076612001795,0.07027810275278841,105.78230338940868
869,108,n08,0.6331774805557698,0.07870026919002954,109.13058024298363
869,108,n09,0.717017519545754,0.06428180649835663,103.27170465628475
869,108,n10,0.7887103873661991,0.07962999416317068,112.94943136425384
869,108,n11,0.7377555609364282,0.0680021409653099,113.05147939479006
869,108,n12,0.7428350260886397,0.09670814080166684,114.83263439197925
869,108,n13,0.7023267229117737,0.08571673809512068,109.83262392902398
870,108,n00,0.7005519220676929,0.05815198354499618,106.40844540831546
870,108,n01,0.7683127766894335,0.0947377498089246,98.07707896004857
870,108,n02,0.634460975597789,0.06345368708585669,125.88030491166336
870,108,n03,0.690461201682798,0.09088826226869232,102.70554251066899
870,108,n04,0.6478095585656283,0.07420188203176782,115.8532550505007
870,108,n05,0.6974660730998214,0.0924662986918245,111.99392011511651
870,108,n06,0.7333857923128722,0.08450927322596125,113.51196751108645
870,108,n07,0.7916432569922099,0.07346487901682691,93.79052465937853
870,108,n08,0.7111454161945929,0.0790887326730497,113.37679979019258
870,108,n09,0.7486159641454355,0.0639962299114177,100.73025013053947
870,108,n10,0.7269500576970108,0.08513453193107147,105.05149694775537
870,108,n11,0.758822539370559,0.06486712581788015,107.9213193320051
870,108,n12,0.7066854513844719,0.08626177797820493,110.82678809061957
870,108,n13,0.7001743609143926,0.0778006080852543,105.66240024758513
871,108,n00,0.2740600055934531,0.026968844931816276,46.019101324109464
871,108,n01,0.19586113840496827,0.03806332671112862,40.86359898355724
871,108,n02,0.31866689064891096,0.030337979805041392,34.57786664151094
871,108,n03,0.2393794178987989,0.027788965023665443,58.11503930637131
871,108,n04,0.2792038894089332,0.029409789539440512,36.70018179201294
871,108,n05,0.22803216021583028,0.02927583935965687,41.2192446455873
871,108,n06,0.21130173340996522,0.016726959088414952,50.19186189307709
871,108,n07,0.1821343936122698,0.00619158072955096,38.09323991397135
871,108,n08,0.21927729384245795,0.06757268663106582,44.83233838037652
871,108,n09,0.24902790105364833,0.029420772871901788,38.3747458951806
871,108,n10,0.30437495265652437,0.0198875925494901,40.16026370078531
871,108,n11,0.2466526144924313,0.008589513970386556,53.52093754276345
871,108,n12,0.2043073541868539,0.061727428507838696,37.14661469485861
871,108,n13,0.27093321327976644,0.02889618395471957,49.05478606199608
872,109,n00,0.6643028404822136,0.05432963438635928,113.98698839702385
872,109,n01,0.7264399929855669,0.06627745211922151,118.87596945590919
872,109,n02,0.7371740352856744,0.07427169895637545,116.58343312320063
872,109,n03,0.6991141976045486,0.07782157343542624,116.16426687244942
872,109,n04,0.6778222882775324,0.06651945912739887,104.66857654302173
872,109,n05,0.7383523669303673,0.07029456450411352,124.46504192468336
872,109,n06,0.7328803001134494,0.08092980941462702,121.85851303127018
872,109,n07,0.8084790609750921,0.07010421131218665,108.94173687166693
872,109,n08,0.6676845227658438,0.07859831644597008,108.97429322435008
872,109,n09,0.7562698325537137,0.07810837244624219,105.21112359642696
872,109,n10,0.791525554611252,0.0674065161360952,105.44972306883602
872,109,n11,0.8218662400840682,0.08775130302528171,104.88022738530951
872,109,n12,0.7875859823632804,0.056998739929949374,111.78858844242659
872,109,n13,0.7082220339347126,0.0950885351608845,114.92905868581286
872,109,n14,0.6491547387050646,0.09920360114323751,111.31914433414843
872,109,n15,0.6749019404409929,0.09150162980294484,119.40182315907288
873,109,n00,0.16740222450279543,0.051544197931985926,43.08960654329533
873,109,n01,0.25224213443350835,0.021079065974888712,38.45727454449982
873,109,n02,0.2299747891120596,0.03148517972677536,49.41570229680096
873,109,n03,0.32414727340651955,0.037747532658541944,40.94665024987585
873,109,n04,0.21322076070061102,0.019239065464480162,38.472844173399906
873,109,n05,0.32185621287462873,0.03033062790316176,43.91232089837947
873,109,n06,0.24124796306459226,0.04489072362020526,49.58538950828454
873,109,n07,0.1899636972921519,0.02558268939438187,48.42442798876656
873,109,n08,0.2854300043788791,0.03703568450605101,47.895648769015494
873,109,n09,0.2610031782248903,0.016568646294812632,46.00939091907295
873,109,n10,0.2256271244467198,0.018176108790806177,48.348048809736504
873,109,n11,0.20551386988290027,0.029244042988416534,46.67025931689584
873,109,n12,0.2667297189822301,0.042339909280230015,31.417985190433278
873,109,n13,0.2785484401481354,0.025637664196851928,36.40614568893476
873,109,n14,0.18715685699767706,0.02742919179146466,44.55473141324432
873,109,n15,0.20469540100787997,0.05092011749134438,37.87118340784284
874,109,n00,0.7003297191725174,0.0532319833657489,114.65422708757059
874,109,n01,0.7565667824032767,0.09441406020374707,108.91845891829156
874,109,n02,0.6755060899887446,0.09109248849336005,108.00722818080469
874,109,n03,0.7704255573292793,0.08407252880683626,124.89681164547251
874,109,n04,0.7875715673047133,0.0895723297550041,119.16070758078476
874,109,n05,0.8398835957059021,0.07646360929058008,112.9401585478982
874,109,n06,0.7173142332996524,0.0814889735818044,110.19131249075484
874,109,n07,0.7102713205139782,0.06743538320206974,111.88059318214441
874,109,n08,0.7509800718312998,0.07120383627225443,123.94217880298325
874,109,n09,0.712445945902944,0.07004748404365803,115.35413362819489
874,109,n10,0.7376269377642469,0.07841652356339404,100.11272073411132
874,109,n11,0.7753130959803991,0.08136550136821638,109.07338238156133
874,109,n12,0.699163851743033,0.08983732844422868,119.10560052227025
874,109,n13,0.6852625818853538,0.08998068634325994,105.33600700806176
874,109,n14,0.7239819644366435,0.07205886071840567,100.07185023247355
874,109,n15,0.6644270495685141,0.09320892452661869,112.74057232791509
875,109,n00,0.6811470049585758,0.07689996899502752,107.56338341049121
875,109,n01,0.747662209677975,0.08458460654931059,106.395871776527
875,109,n02,0.7783189098556184,0.055525603620444536,104.3329405939466
875,109,n03,0.7687654990773759,0.07304339232770285,107.94005255522917
875,109,n04,0.7404253350689075,0.07498491260498562,103.5455826728695
875,109,n05,0.7510647376249732,0.06965738859119815,116.85404904396012
875,109,n06,0.7612981874985332,0.08025669384475351,112.51532822565915
875,109,n07,0.7323053963373883,0.07135323391329892,117.5992230737515
875,109,n08,0.6533866348169927,0.060810158985304535,103.27637386989429
875,109,n09,0.7203274774055364,0.08487767564218612,106.07817692271477
875,109,n10,0.6616920627204561,0.07551664492182189,123.88797981665557
875,109,n11,0.7271915131355458,0.069352950221781,108.37859301101241
875,109,n12,0.7258731257044858,0.08787568521401083,123.23691935237612
875,109,n13,0.7898160809535666,0.07777513270017285,114.19094908606986
875,109,n14,0.7080634821366217,0.07700204221843537,112.47067478388976
875,109,n15,0.7264393021499981,0.05808723543113835,88.8362061677556
876,109,n00,0.7623298916302654,0.10179032949178052,120.36999858712043
876,109,n01,0.7020727791882403,0.08925003035555157,107.74849152407307
876,109,n02,0.6822241500459468,0.06522721658167521,114.4686875512317
876,109,n03,0.7142674071852185,0.0801325978501809,106.25055040851147
876,109,n04,0.7061257203885857,0.0628234870718516,109.36212859109321
876,109,n05,0.723145825211045,0.0795718999057353,119.71022482755441
876,109,n06,0.713510992167578,0.07625746706743136,129.81823639251488
876,109,n07,0.6638763983461555,0.08612688704241742,116.19310797583324
876,109,n08,0.750827226933674,0.08061975296589753,114.62348870312053
876,109,n09,0.7518977815214355,0.06119798054471996,109.26931707436472
876,109,n10,0.6846706418343426,0.08824575020750774,113.80308867197482
876,109,n11,0.683399376116697,0.08094291973471533,110.59702710411938
876,109,n12,0.7420054350612657,0.0796144995254509,110.1594592205024
876,109,n13,0.673085221584687,0.07479355321346873,115.39889642366676
876,109,n14,0.7368058401436722,0.07531216219685231,108.2822150692763
876,109,n15,0.656247004967212,0.08205885519545295,99.45930057565754
877,109,n00,0.21204669427338982,0.01942995011204876,42.89544625558176
877,109,n01,0.24199105899461446,0.030371047829298097,29.014863317679044
877,109,n02,0.26402971181514084,0.011676582552826355,48.97805967426089
877,109,n03,0.33879758423657863,0.028965858988474872,44.72743395675592
877,109,n04,0.2660903074963805,0.02658831908099074,49.44888980223735
877,109,n05,0.2776812018303381,0.05464432640531622,46.51931821390994
877,109,n06,0.28062503681014694,0.032270108274419736,39.91501379801685
877,109,n07,0.22087705765107807,0.01861094290126756,40.73627662493539
877,109,n08,0.2591919871425551,0.04728812469953447,43.535472082556744
877,109,n09,0.27865451402216385,0.009622565940731489,43.30640669164471
877,109,n10,0.19838232091389366,0.0306694312133555,42.20867242119289
877,109,n11,0.25137919180713736,0.022679742662891345,50.790901890145555
877,109,n12,0.2194801988051883,0.04618022834960885,52.50669271709678
877,109,n13,0.185923508113027,0.031060256269336197,32.83679057789762
877,109,n14,0.27907363673750657,0.0020611071146300584,35.74634602243253
877,109,n15,0.20925037000247318,0.03065291273741534,48.82309202938666
878,109,n00,0.28196226241561423,0.04076178024200795,41.83948750290819
878,109,n01,0.2710045299950946,0.004059872727341745,38.83921612639682
878,109,n02,0.24670146326314274,0.026014270967878467,33.83657540702603
878,109,n03,0.2913436310576,0.02146194763107478,44.19872817528058
878,109,n04,0.2577369938380026,0.02315298601795047,35.020044408864194
878,109,n05,0.2759919345119102,0.038766716131443384,45.748279586357725
878,109,n06,0.34029523518454796,0.051201009012215554,42.13868140892169
878,109,n07,0.2585426413322049,0.02323656794299794,41.83692555066855
878,109,n08,0.29300264096168066,0.0473401718614742,38.12797510157275
878,109,n09,0.23525712415538239,0.041584159139835195,53.30411624056555
878,109,n10,0.22093957498338235,0.0012716157418531278,46.49996777479381
878,109,n11,0.30050527893894236,0.029666756868856756,54.67158001002523
878,109,n12,0.2718336562772324,0.008490952681355461,54.10508263264715
878,109,n13,0.2405399525140747,0.023066011813156546,45.33313141038265
878,109,n14,0.26554086790495274,0.02787079181001069,64.72688561095343
878,109,n15,0.21926877765194686,0.02791039405207355,42.847237088748116
879,109,n00,0.23733740952558,0.03325757970389328,38.29682257975659
879,109,n01,0.20920961624196754,0.010923999835990291,36.214474799413786
879,109,n02,0.3054242198113454,0.016694867942469056,48.524436611019205
879,109,n03,0.24536349833160415,0.03387082570858544,48.71638087244865
879,109,n04,0.30595127908060493,0.028144812595594003,55.7778836967372
879,109,n05,0.3154402621191291,0.019428091437217028,45.816385597101075
879,109,n06,0.24595021457905367,0.006275075751108108,33.340865538904296
879,109,n07,0.16830103698306448,0.020531070795284795,32.48324543246505
879,109,n08,0.3050484672273596,0.01114474608211704,38.1093235827924
879,109,n09,0.27994156932488995,0.04005503781867788,47.03383924690889
879,109,n10,0.26481742354329213,0.033457444151009874,55.60324917639061
879,109,n11,0.32260516848519466,0.018785880591391205,48.18398083295737
879,109,n12,0.2574789507601956,0.025904243728136895,56.51978031041729
879,109,n13,0.19721515524356786,0.0244924194934685,43.10346888392405
879,109,n14,0.2547845375816017,0.04340816734406683,45.36932629822441
879,109,n15,0.28026636151670664,0.03265673913575579,58.623656298766065
880,110,n00,0.27248555874082836,0.039104727153322555,57.481926214919405
880,110,n01,0.21383041564393604,0.025391514567121132,49.680559371918996
880,110,n02,0.32195266044802817,0.019200583707662155,51.71152782353508
880,110,n03,0.24144972159614983,0.012524241757310966,61.24551531771727
880,110,n04,0.15586397592412815,0.02797187983333513,38.04802878032657
880,110,n05,0.19456884230304217,0.05130863415386991,44.41697206585543
880,110,n06,0.32322505889084385,0.025665314653982075,41.39297705860139
880,110,n07,0.23521602677774345,0.022689439185982166,50.87749906807302
880,110,n08,0.2387175661625631,0.028331315535229804,53.09925935773589
880,110,n09,0.18101604437255236,0.032760932772186335,32.74871599835218
880,110,n10,0.22338661124269796,0.040451740277568836,39.2714364385102
880,110,n11,0.2525283969053135,0.016606634554199362,48.20097054117182
880,110,n12,0.2780110678786605,0.042398352401352146,46.17621389679788
880,110,n13,0.21031113686503425,0.016479628286214264,46.117074395409865
880,110,n14,0.2019333309531078,0.035840401442732914,46.604223975388315
880,110,n15,0.26527481947298986,0.02675819152354173,54.648185928295675
880,110,n16,0.2959383240538713,0.018243964513439195,35.77525373460392
881,110,n00,0.2138224962236141,0.027724964101849534,66.04123318382165
881,110,n01,0.2733677213381158,0.028941353213869623,41.959013320330754
881,110,n02,0.20462635661229117,0.029629823498518663,48.52675216528462
881,110,n03,0.2425683408177613,0.03620834455480927,47.95798872782278
881,110,n04,0.3624488007471778,0.025275812869308956,48.13334403600327
881,110,n05,0.297044591851466,0.03801229320682316,53.08719331011948
881,110,n06,0.32452652571433527,0.033084948969007925,56.37118293045693
881,110,n07,0.2464420381233521,0.047424246978801106,40.02693658770539
881,110,n08,0.23888856965679445,0.039944032625768164,60.634353427046435
881,110,n09,0.2593149802918229,0.05749402110487717,35.47136855602902
881,110,n10,0.27098543186162954,0.037775161642703406,52.748515770470924
881,110,n11,0.26693264734629923,0.030703113481596687,39.416681464401876
881,110,n12,0.22848333422874756,0.025746454663238542,38.04761820715798
881,110,n13,0.24294150820125593,0.022734029079519366,42.186746251221294
881,110,n14,0.24192698835832413,0.03148262573729142,45.827901999890216
881,110,n15,0.3280105542487283,0.036604199774225354,40.487133613870306
881,110,n16,0.2463254130773343,0.018366892689007007,60.927602765181106
882,110,n00,0.2970788007816659,0.03358532478009229,49.70421338668068
882,110,n01,0.20110107640986774,0.009769276451108047,50.91789902462993
882,110,n02,0.2867794374077364,0.035330168985655545,52.72304238005763
882,110,n03,0.2648558642411055,0.035898183281773265,45.77100291811253
882,110,n04,0.28688347637890965,0.03802194343059623,48.26822074971345
882,110,n05,0.3037446723223636,0.03667555705183665,46.69049267493978
882,110,n06,0.2901592336330742,0.02722946240460758,29.87117711137003
882,110,n07,0.19270459138953808,0.02335794722920425,46.46308730487667
882,110,n08,0.17093227151614643,0.039559774838310885,48.83487698842733
882,110,n09,0.2563740347484407,0.02628823987722474,49.5451626294854
882,110,n10,0.3039974360410585,0.027319121701118533,43.01349117765821
882,110,n11,0.32164940926629493,0.019442140537102012,39.29280752667271
882,110,n12,0.2612852756467984,0.02837870310481625,45.311997323589566
882,110,n13,0.264404339175138,0.04849269001515598,38.39678815887048
882,110,n14,0.22193114417533027,0.023000063751618383,39.150075459271385
882,110,n15,0.2045821747940606,0.03412085763556457,40.01547886050725
882,110,n16,0.23788011699242664,0.026095202822126337,43.731900410368844
883,110,n00,0.7326547022707421,0.0919268750914285,103.35297918132736
883,110,n01,0.7610435786823929,0.07234365339352634,102.22577447435688
883,110,n02,0.706892679642929,0.07588203852927954,99.91594466046227
883,110,n03,0.6592467149725388,0.09432720088307994,113.28770167829607
883,110,n04,0.7250018865264123,0.07765392998662951,97.83174537451549
883,110,n05,0.7203641067760812,0.060629377208918644,117.11059687202672
883,110,n06,0.7762959680838625,0.0853794204227795,120.26796061530538
883,110,n07,0.6304518667011422,0.08867062261198785,106.12847942196844
883,110,n08,0.7086812978961173,0.0782709910808761,115.36504029641388
883,110,n09,0.7444291019187161,0.08435836307659088,110.06910710396693
883,110,n10,0.7241706296310761,0.07166767408810808,115.12807280492153
883,110,n11,0.7116897428059168,0.08994993329332482,115.90807925311479
883,110,n12,0.7104038849610544,0.08498362010699467,111.17386162442176
883,110,n13,0.6806949938331641,0.07266822802997468,99.88301641852715
883,110,n14,0.7257487113204267,0.09964530588474795,113.28296461673305
883,110,n15,0.7619275655027614,0.11081713153254341,115.53511765739617
883,110,n16,0.8148994909372586,0.0971244196905744,106.20544077375395
884,110,n00,0.6925306550932335,0.06482119938799223,120.61977136081794
884,110,n01,0.7443723788515282,0.07726523851340322,109.34180030587777
884,110,n02,0.6734568406922607,0.06157389342357782,108.38808290153369
884,110,n03,0.717485169256758,0.06463085614721335,107.34764089602429
884,110,n04,0.7200481930069019,0.08998617904266584,103.06030416202795
884,110,n05,0.8022328201737929,0.06982373353874285,107.04260128299691
884,110,n06,0.6891771096081531,0.07425801562784017,112.34313297291469
884,110,n07,0.711942030530466,0.08569979074065372,105.04997589713494
884,110,n08,0.6837271252444073,0.0859230061248703,115.13093899077514
884,110,n09,0.6969188474874046,0.04898639372264328,118.85233367861848
884,110,n10,0.6669283255026566,0.083309092799314,110.06597216785117
884,110,n11,0.8076422303162938,0.107952104789037,114.20354162190974
884,110,n12,0.7015379506148904,0.06877845179318583,110.13052270347049
884,110,n13,0.7481969098152536,0.07794737728075206,116.987826797226
884,110,n14,0.6836171862950515,0.07990416220822635,109.84292825127473
884,110,n15,0.7642053996590672,0.08594003871049666,117.37902114101853
884,110,n16,0.6892719127568655,0.07507985370874774,110.83650922152718
885,110,n00,0.2630636460602349,0.05525522583474425,36.90651165115152
885,110,n01,0.34804906771110355,0.008108454877283296,45.63843057274483
885,110,n02,0.288747831728366,0.010715460352835552,24.50146281921731
885,110,n03,0.18730090784484493,0.029053395377059456,48.356539405724384
885,110,n04,0.28299194344895845,0.02810779151395121,51.296132685855724
885,110,n05,0.276842069940455,0.009439610394423866,47.44596386853913
885,110,n06,0.23820740289230394,0.013892997848998969,58.439355958759606
885,110,n07,0.27061468555733187,0.012533590378454154,43.87116006185872
885,110,n08,0.31021446282322196,0.018508889116972932,48.956698615757965
885,110,n09,0.27539844429792715,0.04466339520141729,47.759516967482725
885,110,n10,0.2485187832565939,0.037033848618678436,36.816782142733786
885,110,n11,0.3303429197039879,0.04097077398908143,42.708848024629
885,110,n12,0.24615857052491708,0.04238292682402242,51.60654417871524
885,110,n13,0.33385962798601765,0.03297311379386177,28.832716713117094
885,110,n14,0.18642127573888015,0.040214577738395554,35.08143727348588
885,110,n15,0.23381057439018849,0.02879567268929913,50.49215847844381
885,110,n16,0.25296439667543524,0.027173119248775197,46.65671383070632
886,110,n00,0.20728649161236287,0.01222648949106642,52.32595704320833
886,110,n01,0.2055405711431298,0.023262762426079654,49.19605946598544
886,110,n02,0.22944040010224065,0.01437182158715045,44.51013193526603
886,110,n03,0.23975202815669755,0.029484243681563424,65.55106752204614
886,110,n04,0.233535038256548,0.011917973152004449,53.692426866922894
886,110,n05,0.23717857213427385,0.024651323657175005,43.42245842281017
886,110,n06,0.29354671127086945,0.021071989082290896,48.0368401107858
886,110,n07,0.1751407561134444,0.022310404037868246,42.215572184481786
886,110,n08,0.21383427587095236,0.02948139645361718,50.80930035334316
886,110,n09,0.23956430919553232,0.040132865540463976,45.47074936263939
886,110,n10,0.3040781709066091,0.03818158594442578,47.603666152865344
886,110,n11,0.24723748893667996,0.03257841839293836,59.176588446684335
886,110,n12,0.23261368249109696,0.029326290324670705,48.81908847731552
886,110,n13,0.31665961731855735,0.03591987238751229,45.10076967113169
886,110,n14,0.24660596452920866,0.019610520610958682,39.21384244380902
886,110,n15,0.25482072581568566,0.04218734013069734,48.466384207526644
886,110,n16,0.187237871480457,0.02569253675716468,62.541397797038755
887,110,n00,0.6878535084244187,0.05213435069570998,115.54865472629359
887,110,n01,0.7184790658392133,0.09420173415096406,113.09271065327691
887,110,n02,0.7807452964832963,0.10311738576012003,102.61796257318368
887,110,n03,0.7422614560729254,0.07992205289108732,102.19829996915611
887,110,n04,0.6728434272939777,0.08219138152354395,103.1663074966459
887,110,n05,0.7515477998228224,0.07868532145453827,121.88875642389964
887,110,n06,0.6772775466429367,0.07304503384909601,113.69824749818257
887,110,n07,0.7639861513595522,0.08465614605349485,108.45406456483397
887,110,n08,0.6136245968582206,0.10699088261522537,100.45104586746999
887,110,n09,0.7487422547755226,0.07458852682280796,104.90803006642886
887,110,n10,0.7494146123115376,0.07232006650698686,94.79850163290062
887,110,n11,0.7513294435831062,0.08463772090932116,96.51384668796366
887,110,n12,0.7380944448843898,0.04312656421524557,119.96891434159814
887,110,n13,0.762907277877186,0.07943562119801587,106.07996103373539
887,110,n14,0.7036542697375161,0.0829787890616704,118.89920009843202
887,110,n15,0.8048323892597001,0.08901953363453739,117.46570706125682
887,110,n16,0.7325686561163615,0.0846108087926737,110.42785536044532
888,111,n00,0.3406638737244782,0.017441550429085934,42.31179406621944
888,111,n01,0.19211669174512247,0.01198088090312786,41.93773116026384
888,111,n02,0.2190775109056836,0.031340586556027526,54.6255334800206
888,111,n03,0.25161670059884556,0.0330704684439525,50.81408401639097
888,111,n04,0.26316361830420965,0.03149464192344516,43.569059073076104
888,111,n05,0.29342881777737156,0.04878160383521446,33.17300868029393
888,111,n06,0.18659746491970164,0.0034289994752146648,45.66925577765709
888,111,n07,0.2861629480492133,0.043269021716429684,38.18108929040552
888,111,n08,0.27450731859756206,0.01592360741560624,54.56958602197736
888,111,n09,0.25094471236448307,0.038687376751539465,39.56464970872504
889,111,n00,0.7674171794056182,0.08707307238737583,96.72321133470997
889,111,n01,0.7213942245763493,0.0889593436121812,103.2860618505115
889,111,n02,0.8199956375051443,0.10045956545711926,122.89561386150194
889,111,n03,0.7448866019414575,0.08758101388037108,104.67720910995607
889,111,n04,0.6337671094843277,0.08841966876366901,108.55021243820678
889,111,n05,0.6683647585533401,0.08714660147482273,123.4961597857692
889,111,n06,0.7069418835679416,0.08808763224432288,108.01533168879335
889,111,n07,0.7145417512279005,0.072516947631507,107.74465450267208
889,111,n08,0.8058765381338043,0.07599035545503703,104.92453984517226
889,111,n09,0.7336781694055675,0.08965932014291023,104.09246235090292
890,111,n00,0.7140514699347338,0.10836457039443297,113.26634115053598
890,111,n01,0.6996822744137207,0.06851580238170893,100.98522002184437
890,111,n02,0.7365239083228378,0.07537974635409471,116.23887079944369
890,111,n03,0.6589045755230836,0.07078780552150099,129.7967173664406
890,111,n04,0.7970863019394275,0.07443850583319978,127.70837519856545
890,111,n05,0.6145118258892415,0.08584760898524843,107.62241511882812
890,111,n06,0.7060202506644517,0.0844665728077754,114.81449960837645
890,111,n07,0.6641729582081599,0.07479044533877476,123.9715498632487
890,111,n08,0.632079075685093,0.08491884371224423,122.3487092241767
890,111,n09,0.8259518046855016,0.07370162946882423,113.18749349408122
891,111,n00,0.7539531566418728,0.05938938178173177,87.94780052218596
891,111,n01,0.7311392017584113,0.08235393991539472,113.4033643667178
891,111,n02,0.7102162594790363,0.0919022616662187,97.32115200861955
891,111,n03,0.7066695145682474,0.09147645950238557,121.87073196118773
891,111,n04,0.75781506596831,0.07375096561652535,114.9761345124305
891,111,n05,0.6528980369259898,0.07942918028277769,107.74740924081314
891,111,n06,0.6740063609269282,0.08769404574212591,103.20331497167909
891,111,n07,0.7366764271183024,0.08742427081784783,110.25211386249326
891,111,n08,0.7040318668694313,0.07698562525570651,112.48154490322064
891,111,n09,0.7166696272743632,0.09879541752241601,109.54748292703395
892,111,n00,0.7718356217757292,0.0848025966252617,108.26279976725237
892,111,n01,0.7841169206852553,0.08920938117297948,103.34059024113718
892,111,n02,0.6639289401119307,0.09529428211377003,104.38478789378227
892,111,n03,0.7760798679090435,0.08676993064700227,106.12156460868782
892,111,n04,0.6799000534997994,0.0866004257639501,101.34537557186175
892,111,n05,0.7544116811642909,0.08563096708736795,110.15741137730794
892,111,n06,0.7094394293884427,0.08637995932315493,109.8526380247998
892,111,n07,0.6955205906236391,0.09559348517547511,103.88179471038107
892,111,n08,0.6930607964238347,0.0821426841331029,110.7912645113116
892,111,n09,0.7259700052657844,0.1109641618005051,100.77083945778698
893,111,n00,0.788915234627631,0.08245836581080677,110.65896815016544
893,111,n01,0.7369579532176063,0.08580898130490273,117.23554478097356
893,111,n02,0.7134037934969397,0.07445655893874177,105.36730841117243
893,111,n03,0.6902413815098632,0.06368726015695689,101.65252434102852
893,111,n04,0.7169861152400727,0.06697453269332634,124.46576985087624
893,111,n05,0.7044913675568419,0.07276572388035925,114.62707453828118
893,111,n06,0.72541225380542,0.07896262518948056,101.81472148320914
893,111,n07,0.7089153686255758,0.09383182748122415,94.09557199125365
893,111,n08,0.8162514384857629,0.10127125190803243,109.39297986483054
893,111,n09,0.7039707232415786,0.08218889116514297,102.96869820932505
894,111,n00,0.3049317317434688,0.030132148167401146,44.707501871140686
894,111,n01,0.22055678660658637,0.018066823259359748,40.44919798437855
894,111,n02,0.22293989671595335,0.011124454099998932,43.04702409125209
894,111,n03,0.18384363996642408,0.032784360035405906,52.33076797747208
894,111,n04,0.2624745974049047,0.021642382035443393,57.04974511828398
894,111,n05,0.19000488170384497,0.022292867976110912,46.94951887916743
894,111,n06,0.22148372565295354,0.0283432523370402,47.74359676264399
894,111,n07,0.3338812855323463,0.042225628544311826,43.02319746186158
894,111,n08,0.21742417414586016,0.04272143208322224,49.56023191128522
894,111,n09,0.27700749729922397,0.019555640408591844,47.89027826316715
895,111,n00,0.7401791819820807,0.05691367123795398,112.01314804770767
895,111,n01,0.6805616831343704,0.08532943048965902,97.38398676295522
895,111,n02,0.7353892298795688,0.08525010482266107,121.07877178825427
895,111,n03,0.8028596452158702,0.09512111410384025,101.3459600037211
895,111,n04,0.7539378583329814,0.07689740618778536,110.04990671159713
895,111,n05,0.6864101671034244,0.06343988810614228,100.45465676406879
895,111,n06,0.6918903512609975,0.08589138215358957,100.44948164846488
895,111,n07,0.7417797264255794,0.0824716217908799,125.08192339033516
895,111,n08,0.7213656616618411,0.07811356208664028,105.57436075595413
895,111,n09,0.6921349911235161,0.07963419681494827,112.10370803415533
896,112,n00,0.25655816104386203,0.022160293870795496,35.3032681685455
896,112,n01,0.29148455900217285,0.01632696616721917,48.38584517279875
896,112,n02,0.20253936891006633,0.020932762238921293,47.366405894377685
896,112,n03,0.22278299708614696,0.031149723753234836,52.52762846398702
896,112,n04,0.25236061120449343,0.042645216759432655,54.01860241282847
896,112,n05,0.24753664789565208,0.03591937390249854,51.27782908840052
896,112,n06,0.2517427475420478,0.02505201313140865,39.3338979364177
896,112,n07,0.2736822661514091,0.03990352524551263,50.026639701977075
896,112,n08,0.22264905754810077,0.04839084742161792,49.713697222892144
896,112,n09,0.23706313153181177,0.03540161167270499,34.15909126910884
896,112,n10,0.27964835522345327,0.028346823109718446,58.49954745215204
897,112,n00,0.3473513037109001,0.028979129813184207,44.92873756213851
897,112,n01,0.27310998959606225,0.03041667675577224,46.465728201664355
897,112,n02,0.3087905872683217,0.017320605515597925,48.17109978822285
897,112,n03,0.3573080535387113,0.041300985151078606,34.83022599020724
897,112,n04,0.2992563226632038,0.025387102148578,44.63226410585353
897,112,n05,0.29603942313606907,0.024855900090721972,43.999259971324854
897,112,n06,0.24612112842945003,0.026765420477236488,39.30064929625789
897,112,n07,0.33156576211724165,0.019615752116108318,44.148621307335304
897,112,n08,0.21398064310870568,0.022899626867791557,45.230571289973355
897,112,n09,0.2649193057241944,0.014556995913072426,55.652858856514676
897,112,n10,0.28115719583424065,0.02765168535290573,47.42235472949163
898,112,n00,0.694158004742714,0.0735286962783431,100.30535165438094
898,112,n01,0.778321970640222,0.07621059928398395,105.07538937098172
898,112,n02,0.7642007304786866,0.07908592725422035,102.28175578786896
898,112,n03,0.793372455124479,0.06944737325968006,109.82202375046862
898,112,n04,0.6839875357962136,0.08615262840445814,103.6288382745389
898,112,n05,0.6567212463016411,0.08239717998119998,103.5336501580958
898,112,n06,0.6867711104904667,0.08159669310970996,119.029592750766
898,112,n07,0.7455791597176556,0.05726917129747634,126.74390831048505
898,112,n08,0.7928406238509454,0.06896306685183035,117.60269468371291
898,112,n09,0.7189610797003401,0.08393258214052987,103.3757302624464
898,112,n10,0.6826078223024455,0.0953914803461757,105.9212423906193
899,112,n00,0.7138367219540056,0.09138077283740427,108.23985500529263
899,112,n01,0.738587060743269,0.06000724680566622,114.66240940038054
899,112,n02,0.7912180347462985,0.09965806460750455,108.8523445924962
899,112,n03,0.6971254870855248,0.08839786989072551,118.16098335358848
899,112,n04,0.7053426961261514,0.08211652240736912,105.64576794283721
899,112,n05,0.718338515128537,0.11283068217122216,112.1226462939762
899,112,n06,0.8289352733738561,0.06611449448612058,95.94510105392406
899,112,n07,0.7314322274518225,0.07348170119671178,113.59831162995539
899,112,n08,0.6850078296240699,0.08578544957235514,106.38092870616809
899,112,n09,0.6503426405206971,0.06603793211217944,107.54135712915965
899,112,n10,0.6602469228572602,0.0754756761364064,105.85916128640898
900,112,n00,0.23129654960226673,0.03190192180391426,40.00334753325846
900,112,n01,0.1657266450835558,0.02526933632694843,43.05980910682082
900,112,n02,0.25279925308616824,0.03244344709656259,49.52257353336611
900,112,n03,0.2698621831452983,0.02068493195064168,51.75652614918868
900,112,n04,0.1712504151266281,0.04831724335661515,42.70576346104288
900,112,n05,0.22769670721794633,0.025269119736696495,46.594673315604076
900,112,n06,0.2831128485257629,0.04325604655523746,37.6029554925368
900,112,n07,0.23507376461334795,0.02191028753505756,60.59398505891849
900,112,n08,0.3308470634939533,0.03228636813176977,45.32244815032092
900,112,n09,0.312027796848606,0.013630368522433572,41.02258597331048
900,112,n10,0.1897060989256083,0.029743766194814628,47.68939974544718
901,112,n00,0.2596666646307801,0.04669816810838073,43.13820332807847
901,112,n01,0.26174089404515877,0.01656786829024165,48.13753332877245
901,112,n02,0.22055102917839983,0.032445345592397,37.63760396435301
901,112,n03,0.217308730854329,0.04884425377226406,48.110133006781204
901,112,n04,0.18180722190037296,0.011100632928019095,49.53254634044319
901,112,n05,0.19202671915482633,0.036164819741100286,46.008445257752555
901,112,n06,0.22607772371496726,0.05065180399996498,55.31913190439455
901,112,n07,0.2929099503876001,0.024414014856171912,44.90145286029663
901,112,n08,0.28431410042181327,0.03562292060934091,51.85161872005585
901,112,n09,0.3425687540418432,0.044655657998846174,44.43683415952246
901,112,n10,0.2617205159089932,0.03544156592437323,46.78128199178548
902,112,n00,0.6650237177064124,0.05958839041737442,107.70564560281889
902,112,n01,0.7416605739041702,0.08619947798948115,113.11544317390569
902,112,n02,0.7162682646411024,0.07192539084251437,113.21370966672306
902,112,n03,0.7341848604618626,0.054052504601010014,106.75129450621404
902,112,n04,0.6963478235893257,0.09247907764619864,111.14658650883257
902,112,n05,0.811834098556504,0.08126019823773098,121.93954695017416
902,112,n06,0.6943301447911286,0.10797686666950368,114.7503171012077
902,112,n07,0.6897574044085217,0.09755161572526554,101.63544985744211
902,112,n08,0.650497240107639,0.08119978279674128,111.65661741354693
902,112,n09,0.7156909680125596,0.06800482979646358,119.06176001109286
902,112,n10,0.7122378870843957,0.09749022961631112,114.21011239614006
903,112,n00,0.30438851463900013,0.030228385223378836,47.8524527555195
903,112,n01,0.23878623518397749,0.015326652318811845,38.175721881315816
903,112,n02,0.291744303388695,0.016820556631172545,39.38849585393608
903,112,n03,0.2888273886891458,0.03590114242895586,53.035586927569156
903,112,n04,0.26123039754261496,0.02948715814932893,38.41630115916698
903,112,n05,0.23160497557733375,0.040703498427929266,47.4154587962263
903,112,n06,0.21120850343413874,0.0058850161988506094,48.43157185154635
903,112,n07,0.29024221719017285,0.020832043125199054,62.38336657183116
903,112,n08,0.3333016542705963,0.025027244934277677,61.38871670257813
903,112,n09,0.3187722646671955,0.004585939158484594,47.41398513942516
903,112,n10,0.1945377162093474,0.048271601220102524,42.64215089785279
904,113,n00,0.7438607111378351,0.07700345984842262,116.14574046399649
904,113,n01,0.6375993336329147,0.048541380269788124,106.71850653204113
904,113,n02,0.7512060478136301,0.09086930768343394,107.03923569053912
904,113,n03,0.7735837948961329,0.06883410730419995,98.559273435454
904,113,n04,0.6279944485983121,0.0758216752911096,113.4108089914094
904,113,n05,0.7441321235703067,0.05776902618735609,110.81565143803486
904,113,n06,0.7330605895035157,0.06650587690439981,126.46153498065323
904,113,n07,0.7334867732646394,0.055655266133792014,105.52693836126181
904,113,n08,0.6949878611700289,0.08144632346324841,100.3528962629949
904,113,n09,0.7437993492281294,0.07129090878801941,102.42101494998255
904,113,n10,0.7068557665136239,0.07860088346211079,105.01080004745427
904,113,n11,0.708930719635732,0.08442393161093414,100.03682947958006
904,113,n12,0.6898563166887014,0.08631196644759774,117.75195701939127
904,113,n13,0.8113992128260799,0.08391353848927545,119.44065846106025
904,113,n14,0.7516645373378105,0.06168710398368367,108.47871707220642
905,113,n00,0.7134450069034641,0.0856886614511119,117.53947538417142
905,113,n01,0.7309717403044567,0.07119055728158073,108.54055058522395
905,113,n02,0.7379943675029406,0.060879979487674735,125.40293497655965
905,113,n03,0.7149139655775361,0.08816031382059794,111.15700917308047
905,113,n04,0.7066987715262275,0.08397663680141083,113.72675307235565
905,113,n05,0.7010868647891705,0.08020721461564954,121.79993105168504
905,113,n06,0.8138974832263726,0.07357524290368038,116.44152739636384
905,113,n07,0.7175776171134423,0.0975030580726263,113.10210359316105
905,113,n08,0.7218410465773226,0.08485915983502562,112.96418404099933
905,113,n09,0.718823658839912,0.08348987220413574,122.5850721877897
905,113,n10,0.6758840651084802,0.0753160600887825,120.78652791011879
905,113,n11,0.7616696429955117,0.09899443644731357,106.74918250598222
905,113,n12,0.655595201053149,0.06571118119395084,109.36565724582269
905,113,n13,0.7668004270367161,0.10551499842255108,110.84576396485669
905,113,n14,0.7440742979001128,0.08300225711934013,110.33388806365099
906,113,n00,0.7633137224971845,0.07154605054781887,111.5970262244984
906,113,n01,0.7287953008758015,0.07488749490241776,97.44956613713897
906,113,n02,0.7070199543216016,0.06588106091252306,92.50171248579765
906,113,n03,0.6490547920300167,0.07346833571427566,106.56130295744475
906,113,n04,0.6735893644445881,0.09655190495136251,103.42593423734112
906,113,n05,0.736900379149316,0.06548260636843199,105.30898815850901
906,113,n06,0.7194442887520506,0.09482346659998171,119.2487929868976
906,113,n07,0.7173845576440459,0.0891956533353178,111.15628951467104
906,113,n08,0.7300156820342757,0.08989555297438909,118.53785684939638
906,113,n09,0.7357613596601696,0.07684795748861134,113.36874622235038
906,113,n10,0.6537695796416252,0.07388429387402332,113.5541774037241
906,113,n11,0.7119418241324619,0.09221761843920684,117.56374151786684
906,113,n12,0.7706371419822242,0.07801540252457254,105.95606134100989
906,113,n13,0.7124954062565915,0.10183659033136155,91.98311437866734
906,113,n14,0.7086090650646371,0.08292612786522009,99.52929179815135
907,113,n00,0.6955792652637912,0.08549605417541369,104.32033139782271
907,113,n01,0.7179638996243903,0.08208283900555932,105.5414232319964
907,113,n02,0.7090609574876656,0.05392471540010581,113.90998923760164
907,113,n03,0.6233674043870102,0.09403635966257151,98.81538461104432
907,113,n04,0.6872182330234364,0.07311183890083893,110.06138837247342
907,113,n05,0.7057340798374985,0.09131764110013771,111.98010045843861
907,113,n06,0.7471776931387711,0.08752956213246134,96.69926226670998
907,113,n07,0.7213593550556963,0.06607091885096697,125.33331015837803
907,113,n08,0.6948930525626765,0.07292201092509666,117.03719396357654
907,113,n09,0.6806829739668117,0.07831845933615138,107.1468976534249
907,113,n10,0.7144300476799778,0.05188708690012849,117.49082357778845
907,113,n11,0.7153213966447117,0.08289671464951098,120.73190513319277
907,113,n12,0.7222012086377531,0.0582748614401961,101.80029569936002
907,113,n13,0.680484333748698,0.0891543035185702,125.93708079495798
907,113,n14,0.7353340981830593,0.07120632068456056,107.14994686902207
908,113,n00,0.21804827831285456,0.022145002574457107,52.165325649912845
908,113,n01,0.24012811223976455,0.016192381141943685,43.03563450614491
908,113,n02,0.23164009217059006,0.030991827909239794,34.06900991848326
908,113,n03,0.16906083534998734,0.016959249257228283,71.97850583297271
908,113,n04,0.09518589432430025,0.03540860993098458,39.555156647700414
908,113,n05,0.2192598899549562,0.05796748015917444,40.827252096146395
908,113,n06,0.30402846099641584,0.03605345005037483,40.99734258588387
908,113,n07,0.24431265975915167,0.04794311262489458,48.261853411620635
908,113,n08,0.1729590615192867,0.034363873757453,42.24443219240846
908,113,n09,0.24583246593482724,0.04502396606653953,38.35452203356692
908,113,n10,0.1659890589297504,0.024099910787751155,53.444789622419705
908,113,n11,0.2183326832580163,0.03312534599026654,44.191341336866216
908,113,n12,0.25357967503766543,2.7611375061034615e-05,46.410679870267565
908,113,n13,0.26912611398243375,0.024310809849610586,51.71847058904293
908,113,n14,0.23517064437030927,0.023008036735451882,53.295505117569235
909,113,n00,0.6501107642617341,0.07137860941255741,122.01252297010788
909,113,n01,0.6525527548015977,0.10405354535327203,112.87799119699137
909,113,n02,0.6823040142729426,0.09619056009489166,128.64674140868252
909,113,n03,0.698913855460488,0.06563791753912956,107.14318326627915
909,113,n04,0.7192526260925534,0.0801616040375582,123.52973225228966
909,113,n05,0.7039361133253811,0.06722752593982337,108.38963388580213
909,113,n06,0.7693533174637398,0.06584995686937456,116.49565623255495
909,113,n07,0.775896300498724,0.09351078694597592,117.78390698443485
909,113,n08,0.6705066784172353,0.0916862007003245,119.54560106583035
909,113,n09,0.7956068274698395,0.08485577343775212,128.6289667037257
909,113,n10,0.7386822544218219,0.0889421539877717,101.89780857845211
909,113,n11,0.6523358366888766,0.0793702122450607,103.15656302359756
909,113,n12,0.7524272652497845,0.10473440717077553,105.06705352957853
909,113,n13,0.6684792759438215,0.05407024878169524,124.38781020119023
909,113,n14,0.745372102390929,0.07837425722547921,118.11624495514734
910,113,n00,0.301761619981157,0.03766848647977179,52.18599750448422
910,113,n01,0.28442324556085274,0.04245289948752594,46.32655337108391
910,113,n02,0.21738905712416692,0.034119555462917346,40.132148058123455
910,113,n03,0.23045654206124952,0.03491811981570464,44.83427383129216
910,113,n04,0.2581622070656157,0.0158680400428968,55.613376274087564
910,113,n05,0.17182906887955066,0.03817927102776899,48.67196631412835
910,113,n06,0.33866052648133205,0.022290454646492684,41.27756706726928
910,113,n07,0.24909249488509486,0.029827579264417464,47.78090343003096
910,113,n08,0.12336356270625712,0.009310483507692209,55.44289520728931
910,113,n09,0.22509529130180356,0.04591598590561053,55.60801498817528
910,113,n10,0.2828152072356227,0.024111039238141597,46.40521225643893
910,113,n11,0.27343424872928473,0.02867124892468189,51.05724589753444
910,113,n12,0.15603067649180857,0.012765908815704396,40.170154702608535
910,113,n13,0.16594265588561424,0.01261748428207218,50.31674102766164
910,113,n14,0.22734158448977804,0.03795067731152434,54.211380337072505
911,113,n00,0.6899461969467503,0.08541298682390117,104.26900945925108
911,113,n01,0.6432106051703593,0.08483635668045729,98.50791483922758
911,113,n02,0.6989074324652256,0.07821112785651842,110.5855154316844
911,113,n03,0.7722613254680313,0.08697191902942764,114.55155004902589
911,113,n04,0.7253062026399723,0.07891561692337398,108.43861525057332
911,113,n05,0.6316525022060766,0.07441575704585471,113.19665007767402
911,113,n06,0.7418805795241774,0.06853145934106475,113.29190838714592
911,113,n07,0.7399046425250876,0.07973199428753179,109.62440697421796
911,113,n08,0.7070791148054621,0.07402705729676048,113.13788477997116
911,113,n09,0.7657036977465876,0.08802311302850756,126.84709122183295
911,113,n10,0.7404408445619173,0.07819038758677081,90.95148861892561
911,113,n11,0.7483201083813564,0.07873548658011684,96.30003569411267
911,113,n12,0.7262903645324374,0.09571806529808853,111.82996598192733
911,113,n13,0.7035884544155923,0.08855757127529681,130.872340064152
911,113,n14,0.6729264618877785,0.09072571577490515,106.25424773843346
912,114,n00,0.35035067727724545,0.02096104508765218,32.387323486980954
912,114,n01,0.2309606975539491,0.022089984725221716,50.276643891427405
912,114,n02,0.29463122685809134,0.027994729219437492,45.72346808741346
912,114,n03,0.2680678468274375,0.03465375321439436,49.67830557179454
912,114,n04,0.23481817121274293,0.03186232227137279,50.644565236939606
912,114,n05,0.2764747712363768,0.018020607448412267,41.50900502185411
912,114,n06,0.26411708811314866,0.021645155746642608,39.13269513993799
912,114,n07,0.30010005288662917,0.012950804840745605,35.5148278454601
912,114,n08,0.27879785022045794,0.025986941637899004,46.31053593181244
912,114,n09,0.29607893052764506,0.04164280951493614,50.57452780475735
912,114,n10,0.18324148600449486,0.01156737390416828,63.900173032827794
912,114,n11,0.24705265786899056,0.04201362181622997,50.27568520215442
912,114,n12,0.2656344238095816,0.03250162928827664,54.150389294500314
912,114,n13,0.27078853924229807,0.040013296821279146,47.46688153589695
912,114,n14,0.2327225075727519,0.06105722666722574,46.25946658517098
912,114,n15,0.20914526451013432,0.047302372904101345,36.73463532222292
912,114,n16,0.22291924393823465,0.014178170134012503,45.084351697164934
913,114,n00,0.24623901845340238,0.04780042530433032,45.95508044812196
913,114,n01,0.25599797494164167,0.01651073848135342,48.552900279606746
913,114,n02,0.2038713859440799,0.03483826198859243,35.556549029759665
913,114,n03,0.2591023981291817,0.02436145114080794,47.83782237434983
913,114,n04,0.22755157068354756,0.02550155889557612,46.34160533351176
913,114,n05,0.24964741939051638,0.034080521618049704,50.98547024353103
913,114,n06,0.26942197385811556,0.005218343759669154,47.572114942912556
913,114,n07,0.26445791135717117,0.031805668511088674,43.3685031765298
913,114,n08,0.2230874279067563,0.04002152338347936,41.632554014311715
913,114,n09,0.20142282467728265,0.023960960277649462,40.913203818840344
913,114,n10,0.29251752869518854,0.03711230010296525,33.32337402869683
913,114,n11,0.20320683764897307,0.02128881971859046,45.512898260850065
913,114,n12,0.25078231900490483,0.011349244058913199,41.589923356812776
913,114,n13,0.19210962533311443,0.04222576628451769,41.9653577000269
913,114,n14,0.22030575454042498,0.0215727027492071,60.77985975127256
913,114,n15,0.3096580145826158,0.02525985934665937,44.27547559414655
913,114,n16,0.24587969811947738,0.03165413170436861,28.50029143787074
914,114,n00,0.2771794098565863,0.034455208716112753,36.08746885681269
914,114,n01,0.2535460062475721,0.039524082796273,37.62486212806856
914,114,n02,0.30379040802393886,0.04024833463582829,37.08611067811124
914,114,n03,0.22332742904688008,0.03129703742787008,52.78449566924253
914,114,n04,0.21614261215546104,0.04547922422685061,33.981708399632765
914,114,n05,0.18508378816307264,0.042748063731086666,55.31363915796107
914,114,n06,0.19731985638753585,0.02757597537451367,53.185854532864774
914,114,n07,0.2550566999458077,0.029767654063014123,42.758991833336346
914,114,n08,0.28628661629564817,0.0033089302274906807,49.112585937117984
914,114,n09,0.18472322836670607,0.027707612954313798,53.9021819641978
914,114,n10,0.2430799349511931,0.02503951040948673,40.16694774376216
914,114,n11,0.2396113440720434,0.020160037583072388,48.27292992092401
914,114,n12,0.33832763678220934,0.029946875559430312,48.47436689095223
914,114,n13,0.1896927386547377,0.007808811921084565,28.238848359047243
914,114,n14,0.294946035568169,0.025569952629984603,45.24397702867056
914,114,n15,0.21759991677370502,0.040539611277292616,48.06531024451934
914,114,n16,0.2394485092456335,0.03702268415007131,53.3399371746821
915,114,n00,0.23900228723945732,0.02261315657921112,39.739455532536404
915,114,n01,0.34979534046197414,0.022583226319134952,40.88168750887526
915,114,n02,0.28442750813106854,0.04037235887968155,39.32748021116924
915,114,n03,0.22331401816149293,0.018843795123461668,40.33580112780328
915,114,n04,0.2592845203576893,0.014902332641005772,39.74648455178171
915,114,n05,0.29060857265220164,0.029254904332183085,42.861669541243465
915,114,n06,0.26957165802430555,0.03693677290092723,43.91356113344659
915,114,n07,0.24138625515057927,0.03407249957604335,50.08734204103094
915,114,n08,0.28281505789504213,0.03435451441704222,35.24896339825097
915,114,n09,0.21200195933999288,0.009613659125421357,40.48199379800643
915,114,n10,0.2553196003868814,0.024413711874353154,42.53032509369643
915,114,n11,0.29808154469595666,0.03580929709423343,52.97138367665006
915,114,n12,0.2996386499556637,0.03783969657239506,45.645280607769884
915,114,n13,0.12711446171816998,0.039052122403811576,43.2550504962936
915,114,n14,0.19253915865248905,0.02263701448036979,42.96107895370717
915,114,n15,0.2429580402076331,0.02460939448269412,35.36607234157411
915,114,n16,0.3233141490067419,0.03540079873533404,50.92966426717255
916,114,n00,0.21052514534533137,0.018019167736721707,26.556220678375546
916,114,n01,0.3011146742678091,0.017082281591533518,46.90656235513534
916,114,n02,0.2533727152236762,0.016788885155190513,46.790725023361524
916,114,n03,0.21522327346644482,0.03353364366200173,41.85089804087503
916,114,n04,0.32697194007194214,0.02137215487407725,40.577105410577985
916,114,n05,0.20279396134548458,0.03617310706511349,40.07742157917822
916,114,n06,0.2993217212757382,0.055241829497082826,53.93423026921704
916,114,n07,0.20886761803702172,0.01169808026885178,43.94252066424541
916,114,n08,0.2695708673642799,0.047760055326177206,54.26870518789453
916,114,n09,0.1751691768286392,0.03205214912922368,52.76328914929264
916,114,n10,0.24508600030977654,0.009850120353498727,49.64992296336247
916,114,n11,0.1900376868524739,0.0005339427082804576,51.975280244180546
916,114,n12,0.2803819583877525,0.025939263950378252,27.772439230107558
916,114,n13,0.2522534305671435,0.02711199951857768,42.14816708687796
916,114,n14,0.259103858401854,0.016116152301249208,46.212117642967996
916,114,n15,0.2604178853658765,0.016744606261213858,41.72018925083146
916,114,n16,0.2048716442747172,0.03564244274515846,30.790823499275202
917,114,n00,0.24848621966884224,0.02656633982332319,49.09727891845682
917,114,n01,0.21794670302102234,0.03822625994286979,42.95402835349624
917,114,n02,0.21908854875092212,0.034369714384568734,43.611191288185736
917,114,n03,0.2277808997278526,0.024329195409723458,33.149401357079554
917,114,n04,0.32479256187479344,0.025370854492877494,42.43263420682441
917,114,n05,0.27958141325364955,0.030061099476434195,36.23216689945412
917,114,n06,0.23390867780123664,0.023951299560916788,42.6420204017305
917,114,n07,0.2937318871029617,0.03885820828442591,41.26688265934105
917,114,n08,0.31997554138436896,0.020313603407521613,45.55144758942319
917,114,n09,0.3306219419162708,0.012724461251817348,47.66941080499232
917,114,n10,0.20607982787025364,0.025679632854278066,59.032667426182584
917,114,n11,0.2052534910150004,0.015490707974924323,55.079597231379424
917,114,n12,0.28895383570920535,0.029032188378469593,56.220092161154724
917,114,n13,0.31438678021802013,0.021142413863235288,54.243803951222915
917,114,n14,0.22279830599730177,0.013839268113832862,40.442325794330976
917,114,n15,0.24271612740402398,0.022950472204548107,52.731002527937235
917,114,n16,0.26182733226891963,0.05486156599579252,54.577795392275775
918,114,n00,0.8228567317073766,0.08924440223640684,115.84586052449919
918,114,n01,0.7714478741426473,0.05964321196642444,105.4215939332514
918,114,n02,0.7275125736500929,0.08578550370316447,111.36392243824456
918,114,n03,0.7321098561331965,0.07651451958353073,109.26348622464971
918,114,n04,0.6925761939469264,0.09292965434723799,121.44733565896635
918,114,n05,0.800580644597839,0.06523186216368362,123.02695333362162
918,114,n06,0.7241506319015389,0.06651523212692409,122.42764860184809
918,114,n07,0.7639768262307858,0.07857687919623792,113.34924909701432
918,114,n08,0.7251410530650805,0.09010231641007727,117.5222426705395
918,114,n09,0.693294242317137,0.0824672327014889,117.93191212329518
918,114,n10,0.6688768915463159,0.08061668082019774,112.24630228214764
918,114,n11,0.7370322258272004,0.08679638924107679,110.53464738406551
918,114,n12,0.7145297692988977,0.0771528978479309,107.3478412718744
918,114,n13,0.7272948935827394,0.0792875077752067,109.18174505438115
918,114,n14,0.6760979175738379,0.08018021481683611,95.05366989435616
918,114,n15,0.788495294487152,0.08540441373179032,107.63497826655035
918,114,n16,0.6927674283157524,0.09433575163689019,104.14468149864406
919,114,n00,0.29695448407707786,0.021875829642825164,50.47297209689473
919,114,n01,0.3261854852948517,0.03161186693255648,48.349961322124145
919,114,n02,0.2992751506391616,0.05695628133386845,59.447609895270304
919,114,n03,0.2427635188661725,0.0,41.68438163259947
919,114,n04,0.24124434057946573,0.030510122299181115,52.5891904275951
919,114,n05,0.20696989797672477,0.02926686730077156,30.92676131905965
919,114,n06,0.23947021957946574,0.02205921640315108,36.11396246161939
919,114,n07,0.2360537054635554,0.038312825711533785,48.95264554303706
919,114,n08,0.2625336185121013,0.030178501166995934,40.65033544668523
919,114,n09,0.2748265720549961,0.04313093704609666,48.86725736107766
919,114,n10,0.3418918427631182,0.032813594754061357,47.57518627393662
919,114,n11,0.25730896865404573,0.042501338015349305,39.98249417305356
919,114,n12,0.2634020198514345,0.023326541471321814,51.821051927528394
919,114,n13,0.356931948950303,0.018303671076096734,29.691185491411872
919,114,n14,0.22643957321587987,0.024078832521424304,28.114288028413263
919,114,n15,0.1803654548131362,0.012388133702563055,44.45337254913318
919,114,n16,0.18364993108918137,0.032700135664885825,41.041790150495224
920,115,n00,0.2574190955253703,0.043026485074934576,51.243082491756084
920,115,n01,0.20853294816645188,0.01817980192749443,38.74046158496396
920,115,n02,0.2717951469349601,0.039236947839935796,31.815250192515805
920,115,n03,0.21163535871291594,0.04420410874565158,42.203187309345566
920,115,n04,0.2981503610350488,0.03328718880778474,42.20939854130967
920,115,n05,0.2077547479396575,0.021288502546572965,34.055624367174524
920,115,n06,0.1756646962548141,0.018461548816024673,36.19627085817555
920,115,n07,0.28812903726836736,0.019028020108597256,50.09042379774802
920,115,n08,0.23279329992501016,0.043508941478293206,42.560622402806914
920,115,n09,0.27503464269800454,0.028308494099233233,43.74152092923002
921,115,n00,0.6770479468194108,0.06542518468703747,121.22707586803885
921,115,n01,0.6766349975412118,0.08051457614043195,96.86378531860247
921,115,n02,0.6812924893217132,0.08884368832725624,105.50578284328463
921,115,n03,0.7704062729541712,0.1032340854820615,121.53690685610029
921,115,n04,0.7596458931632537,0.0808372319450977,101.16580987021949
921,115,n05,0.773971800462307,0.07528119432004406,108.76361905522762
921,115,n06,0.6856422544648231,0.08038751225341238,105.02563890579283
921,115,n07,0.7450082607492559,0.07261500120588495,113.08680482120019
921,115,n08,0.7056822936093876,0.09294962616537993,110.84618087603403
921,115,n09,0.6555020586928837,0.07274547289497713,109.00719310009163
922,115,n00,0.701875218725452,0.07030732962849984,109.28803336681163
922,115,n01,0.6899176076630195,0.0871744850179355,96.8754701919798
922,115,n02,0.7419325699175857,0.08886747395870304,113.82103272621407
922,115,n03,0.6962054078124373,0.08271721852006282,118.46964700230565
922,115,n04,0.7798791709632232,0.07648935150586154,98.50593036200512
922,115,n05,0.7718455251444726,0.08833523760356955,123.75044044548869
922,115,n06,0.7140916799455984,0.07267938158608533,127.99906468549723
922,115,n07,0.6361600652820439,0.09194644728079733,118.22434454534626
922,115,n08,0.7295915415617676,0.05720220278063755,102.55149415101955
922,115,n09,0.6755031152713014,0.08724211185949655,110.89817922414576
923,115,n00,0.7842124757884866,0.09165620821173394,116.38293234903264
923,115,n01,0.7166316127997774,0.07602915715211024,104.76543955040923
923,115,n02,0.6972732540167816,0.09321277693227403,102.15768933835946
923,115,n03,0.7759639604600971,0.11718634111896162,100.21706607385215
923,115,n04,0.8028505874155215,0.09027182852131847,100.92504314486425
923,115,n05,0.656451845868057,0.0760600100833265,106.98187438091857
923,115,n06,0.6393972187377296,0.061063278228447454,103.45931513500608
923,115,n07,0.7235911267896113,0.07607890634576606,107.15580245241141
923,115,n08,0.6738738896365357,0.09151272234793098,107.26619008236835
923,115,n09,0.7417674354720779,0.0928148303571693,123.81329402712821
924,115,n00,0.2823467475263901,0.02414353066704624,40.614864160517534
924,115,n01,0.2708091413503595,0.039476556516722,37.86764490825961
924,115,n02,0.2842622689431604,0.019750491448078555,46.656827808407186
924,115,n03,0.17840840932159718,0.04468932994123462,47.51642345217351
924,115,n04,0.24321142683167762,0.03036540574291202,35.719109711367956
924,115,n05,0.16046089825734505,0.016029193774151775,33.633362992288355
924,115,n06,0.28157672686495844,0.020548025952867678,67.25248443288477
924,115,n07,0.25802075006887326,0.04061442847444016,43.59196557425758
924,115,n08,0.18432411257500395,0.005403950622753648,44.8775426396533
924,115,n09,0.2368136566891874,0.03870358412708996,46.961662673766476
925,115,n00,0.363296728403259,0.028222037793592215,48.236346802510916
925,115,n01,0.15694270962392404,0.032839688284500415,47.65667090194522
925,115,n02,0.20916803415122975,0.03168860237852888,44.88399856552503
925,115,n03,0.2782303245324869,0.0340549229380891,56.67310009663702
925,115,n04,0.2275651004398042,0.01706666133080491,44.03667904483264
925,115,n05,0.2862205395951817,0.030155067665379173,46.41051624930746
925,115,n06,0.2167271401058108,0.032478388708582995,58.3871019477064
925,115,n07,0.30713778748682874,0.03678039328080476,44.6095233528935
925,115,n08,0.27755970540122543,0.027565940998142066,42.78895810014365
925,115,n09,0.25081210050400365,0.03321997496358758,31.37390001993678
926,115,n00,0.6412579848075817,0.0718500825997036,124.25332123287619
926,115,n01,0.7420499458722388,0.06708913477999329,129.66740983025264
926,115,n02,0.7606033256196199,0.09406058783611933,109.35022503237792
926,115,n03,0.7031708067432529,0.08541222319235713,106.48394767484723
926,115,n04,0.7628677927577869,0.09128100685099606,119.49763116051945
926,115,n05,0.7412375136362094,0.07973051973320452,112.5829864927838
926,115,n06,0.7222882768255353,0.07065314787290755,114.90061949156308
926,115,n07,0.772426247681276,0.08703109428402862,111.61858972842238
926,115,n08,0.6281654410770128,0.07964665196283355,101.6405456737016
926,115,n09,0.6926862296307057,0.09015636197232543,106.69541990310873
927,115,n00,0.7471962562919223,0.076445799444305,104.99933140584454
927,115,n01,0.7162753911355701,0.07674951282035945,105.3871456225486
927,115,n02,0.7261673738867184,0.08852199935906158,98.49686587693333
927,115,n03,0.669079133252557,0.08245903695191577,112.67114126368864
927,115,n04,0.5933347278203953,0.0781706780905775,106.8398033915932
927,115,n05,0.6410816751012637,0.09007880282265054,114.58614421183034
927,115,n06,0.6786471402509748,0.08469183596566678,106.70248563912573
927,115,n07,0.6843648822402599,0.08381719016302051,112.3568197406426
927,115,n08,0.7074228456836555,0.0813449473257975,105.7593188978468
927,115,n09,0.7286074588536215,0.07935161321555008,99.70573708068076
928,116,n00,0.6719441349503972,0.10765293810715325,97.6112359081004
928,116,n01,0.711378148944778,0.07313080584978221,113.20475615733383
928,116,n02,0.7346359984063002,0.07424479579666983,114.12757620275049
928,116,n03,0.7196753862669254,0.10256881200879335,99.77661806928079
928,116,n04,0.6506449844927726,0.050995463302190625,120.67417827661664
928,116,n05,0.7760288802380885,0.0812854347931425,114.3966800549262
928,116,n06,0.7946202299878548,0.078431498747534,123.214835925456
928,116,n07,0.8313277210438289,0.07978802630842206,118.54985532151358
928,116,n08,0.7257859123491063,0.09852780088297444,113.18363226941614
928,116,n09,0.745759236194688,0.0824837719490053,109.59496274826108
928,116,n10,0.7173830941723413,0.06533815236016954,104.8353962264347
928,116,n11,0.7766464195083105,0.07195932673445,111.60810313821618
928,116,n12,0.7681337396836843,0.08705419671499302,100.92179260832576
928,116,n13,0.8339090672921281,0.06970566433415111,105.45773855157296
928,116,n14,0.6835283072700665,0.049394258124078674,91.95875670860221
928,116,n15,0.7689025201517603,0.06237417555438379,94.63195692937285
928,116,n16,0.6268160636645452,0.08197771208282369,120.87876971432456
929,116,n00,0.231132680301834,0.039173115085042905,37.395588240825376
929,116,n01,0.2209238814921335,0.019500959548041666,53.455696241425244
929,116,n02,0.3041024580675074,0.0217246684010809,34.73748456972327
929,116,n03,0.30605929837920554,0.04311702159213536,57.13465321978407
929,116,n04,0.26473083988520013,0.004644616096670318,51.76233972977292
929,116,n05,0.26665348002791806,0.02469736356127275,25.83506358264643
929,116,n06,0.22313744034033164,0.03219086859779112,36.49318051067475
929,116,n07,0.2834558093378564,0.040193836424815624,55.201030904696694
929,116,n08,0.1975866452811923,0.027987258926569236,35.945529560829186
929,116,n09,0.35152079860169305,0.03629387642720451,47.036263719576354
929,116,n10,0.2465864018179218,0.02260167681713815,35.55857227915576
929,116,n11,0.2923403151980426,0.023658679737816858,48.558843063623385
929,116,n12,0.24599199755534382,0.023007588166049725,30.0932761891624
929,116,n13,0.24579003726714863,0.03564874554144262,47.47871026380655
929,116,n14,0.21605398222104938,0.046620584458989485,40.30760307287558
929,116,n15,0.2889361271176439,0.02690044956200313,39.93657239527291
929,116,n16,0.2735911198528462,0.04030482396619825,35.06092488089905
930,116,n00,0.17132330061860762,0.030991322258210312,40.41962283825779
930,116,n01,0.2637648503564297,0.02190795458488485,48.576035648496976
930,116,n02,0.22120161374355754,0.046775326106313075,30.312868206951634
930,116,n03,0.22283514108745672,0.016214992644526256,58.0613662273956
930,116,n04,0.26878005975668834,0.02749182864271693,56.16280004169644
930,116,n05,0.3478580616010386,0.02505648253393934,50.342742887548084
930,116,n06,0.31776686332749726,0.02996448525532543,43.55160357286307
930,116,n07,0.27277556740861675,0.029299966528945034,23.797410135071736
930,116,n08,0.31815436213243975,0.03891016180623794,44.54999741716071
930,116,n09,0.22123339104736683,0.03560242202066682,43.39035857370249
930,116,n10,0.2895824220346108,0.014662553349613564,39.37332629995332
930,116,n11,0.1462481777559807,0.027266595096309642,46.157754837019496
930,116,n12,0.2712274068967915,0.004477863260449681,41.240130865733704
930,116,n13,0.18199165974856552,0.015621597126150582,45.659146502547905
930,116,n14,0.2786709150997019,0.030232095384165242,50.99856558846557
930,116,n15,0.28772360030434,0.03352779411642012,54.29321208028754
930,116,n16,0.20819493361139244,0.02076646493962773,52.64270991376639
931,116,n00,0.2681979774086239,0.04066253697105015,39.789655819219085
931,116,n01,0.2930227243578835,0.03813018388867987,40.91896558789478
931,116,n02,0.27691779417888046,0.04106553812195954,30.060138134058143
931,116,n03,0.26148783634791406,0.03084477220968514,34.14324848263874
931,116,n04,0.15497037686740056,0.03193241447073687,50.45732257162916
931,116,n05,0.2867242493637238,0.04520672413334642,31.718525677327115
931,116,n06,0.22042324750565287,0.0,33.72309182621852
931,116,n07,0.2787326760151941,0.022484831833232043,64.77136317567003
931,116,n08,0.24264265964455875,0.008633475769844579,57.97338973393133
931,116,n09,0.23871414085226966,0.048553662174493854,32.29803707821882
931,116,n10,0.2648629554084346,0.039980288986806584,41.46734271219844
931,116,n11,0.31881554242167154,0.04513548746265555,21.420284228868272
931,116,n12,0.2875102152439304,0.015382327938604588,42.37825496002201
931,116,n13,0.2160702515741032,0.024585173455941543,51.63242297858686
931,116,n14,0.21132032785910818,0.021640795082058253,40.94794690360748
931,116,n15,0.2050184919715875,0.02385565544338696,33.5352281843669
931,116,n16,0.2694921244931115,0.022414055276759583,35.65590809720451
932,116,n00,0.669572653564193,0.07987275983851731,104.44815754506962
932,116,n01,0.7270361849332267,0.08580827519275222,99.37960662377169
932,116,n02,0.6554747471110901,0.06962946138566682,102.08391960254113
932,116,n03,0.6876085056339157,0.07912940979700443,112.22621120182579
932,116,n04,0.745633716957406,0.06094919150701174,117.68442352370175
932,116,n05,0.7481890550472059,0.08122548313754785,113.1684744207138
932,116,n06,0.7212530430845311,0.06741870013073786,104.77174059719401
932,116,n07,0.6668683746162047,0.06963681616568435,115.89977892751054
932,116,n08,0.7126606063977305,0.06509310267857145,115.1423303381955
932,116,n09,0.6872441363305485,0.06732494105420198,113.97403330946334
932,116,n10,0.6994163375914835,0.08782448010386414,107.98526442863582
932,116,n11,0.6719270842255183,0.08139367451777724,106.14650544172228
932,116,n12,0.7295740735404821,0.05627138811361923,115.2916953113373
932,116,n13,0.708088052597994,0.05714907701971233,98.65925897564675
932,116,n14,0.7384920112866284,0.0942391476862571,89.2054035260221
932,116,n15,0.7572938226559596,0.04611014042477072,115.1540426598064
932,116,n16,0.7648842401783009,0.07744066618094024,123.3369782681511
933,116,n00,0.6988789850616214,0.08451664775455818,101.8325132877535
933,116,n01,0.687593435586466,0.06481092404216279,97.3013283490705
933,116,n02,0.677104447446408,0.06246053040602033,129.48432491966108
933,116,n03,0.7412267846588165,0.10406320949782673,105.9572903950241
933,116,n04,0.7187511888800074,0.0945021643368509,116.50365518334566
933,116,n05,0.6419344100371295,0.05053633268997633,115.42489610007364
933,116,n06,0.7054055393894689,0.0660367832165436,102.13106556383327
933,116,n07,0.7390968401407424,0.0683958718855411,112.49611143199309
933,116,n08,0.6647947069735499,0.08093957005480329,123.91660105535114
933,116,n09,0.7769488562290913,0.08011246338728442,102.36530805943681
933,116,n10,0.7284614735879725,0.0806198200707358,109.59920789601127
933,116,n11,0.690132878137201,0.0658000612521206,98.87920885540647
933,116,n12,0.6005824241737551,0.07530507592531696,95.6029473926561
933,116,n13,0.7159398327550373,0.08913868936112646,110.82790120855157
933,116,n14,0.6880634833949698,0.07893711144211248,111.3384009780623
933,116,n15,0.7481711270582512,0.0849875871023021,113.13447552127919
933,116,n16,0.6524490939516897,0.08629944693622886,117.71661327030854
934,116,n00,0.16686344370505304,0.03102090316538812,36.90138303019869
934,116,n01,0.17597304849042275,0.019169638338024347,32.82718281422649
934,116,n02,0.17803150684819224,0.017219683172454862,39.351139280215996
934,116,n03,0.29738855593258484,0.04427009224381508,51.19973504331137
934,116,n04,0.3357992739333364,0.0311014992715011,51.49274507626805
934,116,n05,0.26368373810102697,0.02812912859614518,37.99308308030204
934,116,n06,0.26797600087535717,0.030559984556044105,52.24929029360489
934,116,n07,0.24994947750870727,0.03336379257925027,53.471382852596626
934,116,n08,0.2771721665010501,0.02016702052742208,59.312966931108676
934,116,n09,0.30687253855263685,0.04053246729468157,40.62480462170966
934,116,n10,0.1876492569304321,0.051188822593289274,46.32912234101635
934,116,n11,0.21742446065519824,0.0349149955900975,28.371114038104476
934,116,n12,0.18604789431366625,0.04807431351372995,56.71107227719355
934,116,n13,0.25928015987943487,0.015461753018520874,53.79108188805486
934,116,n14,0.21852534665821904,0.03350200699389871,51.419969741266115
934,116,n15,0.2818403316884746,0.01902181196924835,35.037987932226514
934,116,n16,0.27205418126541,0.028111386817051227,47.57612313320549
935,116,n00,0.2667205578795733,0.01368621166083631,59.052385343309
935,116,n01,0.3550067993488896,0.028169794165390068,49.682545910202464
935,116,n02,0.26406449344215926,0.02896167103656402,55.60710088707675
935,116,n03,0.2245111927885905,0.027290759245451313,46.28946554484183
935,116,n04,0.22257254729687673,0.033981759419238894,44.02244181853375
935,116,n05,0.34908058517036644,0.03289105431113796,39.82051899698286
935,116,n06,0.2711219340703874,0.029168521349240972,26.78190844016624
935,116,n07,0.181365638229523,0.041379283983896016,54.32062696982419
935,116,n08,0.21661463015766083,0.024404632410597447,50.33312300557043
935,116,n09,0.27078927707589845,0.042801534625361654,36.83412879994988
935,116,n10,0.2741202672415133,0.04221900034148445,35.459950468631895
935,116,n11,0.2553537686547674,0.04764811168184015,48.37884713140657
935,116,n12,0.2011711087266266,0.03439218608807675,35.048341777404566
935,116,n13,0.27460028797370567,0.03718227743232308,69.54595876949203
935,116,n14,0.25566955813696374,0.02042711042903949,40.18320524786293
935,116,n15,0.31934823637157683,0.0268848957735826,42.804949104841654
935,116,n16,0.24697561979187102,0.030587995256532177,36.777442884536114
936,117,n00,0.10165222439117985,0.01908486160914255,59.547598367769275
936,117,n01,0.25153682769917013,0.04302273604466063,50.13384576592379
936,117,n02,0.18349622242639096,0.026469954824297034,57.819192016407015
936,117,n03,0.2585147248551404,0.04218693463315689,40.45176084972229
936,117,n04,0.23855375609198562,0.018561369815897618,68.71786894097836
936,117,n05,0.3216215626637635,0.032027627009750884,42.24764294725165
936,117,n06,0.24979374619140682,0.05642272092116098,43.416115860597365
936,117,n07,0.26086727343181076,0.04375684930879656,30.846724357396905
936,117,n08,0.26789488946697854,0.03439974629762706,47.32171602294344
936,117,n09,0.25597729275816566,0.01646743453315669,33.98584151720155
936,117,n10,0.26980537024690743,0.03457242595384567,54.689789900345694
936,117,n11,0.24811527086931334,0.009293299976415995,44.067065902272184
936,117,n12,0.2895819409805877,0.02859329457687827,42.09604922663128
936,117,n13,0.2308715233121236,0.02151573788962135,56.91356351947045
936,117,n14,0.17155265090481242,0.017611515799400748,34.94741354049474
936,117,n15,0.24608943921876666,0.051173475773574686,35.996429436661884
936,117,n16,0.20794408588832805,0.02967860164275121,44.56803673233142
937,117,n00,0.7012545849748653,0.10983414752754524,109.72022828808255
937,117,n01,0.7026448475660708,0.06732228077832826,111.60285792766376
937,117,n02,0.7818204826938286,0.0669546179023294,101.9762243083671
937,117,n03,0.6762777311461176,0.06647451373163565,101.40819452056667
937,117,n04,0.7012453001288519,0.07622678262516333,111.84768785070766
937,117,n05,0.7710011610901331,0.06588639750663781,107.55168800534528
937,117,n06,0.6688624519145043,0.07709315318218944,120.81557931235527
937,117,n07,0.7402939428721302,0.08512077251485521,108.33055678318458
937,117,n08,0.7511903011656458,0.09463182588072479,119.07725897140523
937,117,n09,0.7724115585712001,0.09875113074344641,98.44446398506119
937,117,n10,0.6749227922773573,0.0600307628787629,117.70162321807726
937,117,n11,0.719384023461748,0.07518352171129238,121.88560806690603
937,117,n12,0.6892225913039013,0.07214137289215533,107.0094602282917
937,117,n13,0.8013066128995726,0.06421799583087398,103.9604155104101
937,117,n14,0.6549340139830393,0.07581316113013112,109.50161450727613
937,117,n15,0.7453987014754374,0.058975799100584154,112.90622847788467
937,117,n16,0.7729306467571593,0.0652496084956938,105.41022867001966
938,117,n00,0.2831881671265053,0.028831924083755393,47.057969948307054
938,117,n01,0.25272439077657843,0.05336845646800825,42.78376016387402
938,117,n02,0.19457035321669056,0.000985320515740927,38.514416570120936
938,117,n03,0.28829166358164315,0.029915653991697305,37.94382295903671
938,117,n04,0.20426055857688066,0.03018686680297207,62.877910412758176
938,117,n05,0.17381565125454526,0.056444147349559805,42.150579407872264
938,117,n06,0.3141181929417825,0.0361616088110927,48.04036454340841
938,117,n07,0.1858585289067699,0.018866738062437424,55.07787328334997
938,117,n08,0.24048437242617646,0.021885273722583358,63.34402804178369
938,117,n09,0.28378318920266765,0.03561398980500183,47.27304020236028
938,117,n10,0.2908835961388474,0.014391733566119091,53.524807934068086
938,117,n11,0.3075110503186514,0.025165785613623447,66.73616690273371
938,117,n12,0.2545605689113437,0.04394381031475086,68.04164096049406
938,117,n13,0.24574134994388472,0.01927727546818051,43.75511280700172
938,117,n14,0.19578235665875657,0.02376183857937997,38.73674758032172
938,117,n15,0.2577975021572639,0.031927193227129703,45.36908442130164
938,117,n16,0.23378557184215898,0.03372527131988857,63.50175409773322
939,117,n00,0.23118056246594704,0.02713782392741812,37.0227498940766
939,117,n01,0.25670127717048674,0.021491363226801532,49.6558997160274
939,117,n02,0.24218331743500285,0.03778187154792788,41.99451971845756
939,117,n03,0.1988738090178514,0.03607868236109484,52.029889388874736
939,117,n04,0.23852440489229004,0.03773895158543083,41.9116826788925
939,117,n05,0.33935423704130907,0.019352836669042594,35.24573918997088
939,117,n06,0.23006198872019412,0.0379609247467442,39.0639773789559
939,117,n07,0.26973349649996936,0.044073432565218645,33.35473225408701
939,117,n08,0.15027252880583675,0.026582483974653518,45.089938946196106
939,117,n09,0.16625149935389427,0.04152025219319898,36.20913962319942
939,117,n10,0.2539829480586876,0.029168204721955086,37.80104469633575
939,117,n11,0.213021225502773,0.022801508174921967,29.56289615702172
939,117,n12,0.3164956018344203,0.03377308950846701,37.67848211559915
939,117,n13,0.33616473749400916,0.01793396284387095,42.20552739886554
939,117,n14,0.28778679365694165,0.0033597801654384543,46.941331886131735
939,117,n15,0.2522189360844409,0.02392978518425215,38.78882346866476
939,117,n16,0.2629980762303687,0.0019066612277182093,28.394842184345535
940,117,n00,0.2730318686843254,0.027867239788984553,42.88901410155938
940,117,n01,0.2886456729318712,0.02431130710060997,57.11287023019257
940,117,n02,0.3247176176693716,0.034886312176083435,57.150258867782426
940,117,n03,0.1706165396644418,0.046944177229285025,53.38163989656887
940,117,n04,0.1960383402273238,0.028835379045006722,40.402269895710816
940,117,n05,0.2478043423774266,0.02773002227188019,31.755366701532665
940,117,n06,0.21483566902441575,0.025184227800987467,47.289003425097036
940,117,n07,0.27234794581963295,0.02660877611772906,46.039647080153564
940,117,n08,0.308515306561336,0.02456023070044325,51.2682081026617
940,117,n09,0.22671056505330256,0.0447357918064933,51.67874098104788
940,117,n10,0.2553202274790486,0.04137762995869023,30.61394935079303
940,117,n11,0.24356359362942923,0.04527886376634989,44.04685685578238
940,117,n12,0.24616887914908814,0.02169170292431699,44.151361457391054
940,117,n13,0.2903169834612742,0.04241151400309651,29.93195826042155
940,117,n14,0.3391721268600043,0.028589849002483778,39.63679702506667
940,117,n15,0.22643729622083095,0.033145902591665645,48.43189921708753
940,117,n16,0.27306386202826627,0.012979308551631756,52.02413880426667
941,117,n00,0.24033559470181987,0.026945760172346674,43.985440311703606
941,117,n01,0.31009661020619866,0.03478869878539391,42.2285425676789
941,117,n02,0.23093380300828828,0.05415507974022965,56.79173549734244
941,117,n03,0.24691522946120573,0.03636191899432651,32.13103524608038
941,117,n04,0.23124352588406852,0.002597074457205032,54.02145431004322
941,117,n05,0.23350611894156956,0.03878159557559988,34.02030888223702
941,117,n06,0.3024247954206879,0.029216901058605124,45.25874305416734
941,117,n07,0.2020816637045117,0.034179658799042466,51.66599140980916
941,117,n08,0.26584033489669134,0.0496102667880958,48.97368465678292
941,117,n09,0.2134989071463176,0.04146413511817975,41.508102453072006
941,117,n10,0.31349311801636637,0.05562341477161359,44.03020252762911
941,117,n11,0.19647930294264004,0.03835562328383313,40.219347738399335
941,117,n12,0.30739041899969627,0.023814336699857976,47.41358589753552
941,117,n13,0.24603932981874665,0.027491978515770454,47.13169552132814
941,117,n14,0.23786247010561049,0.03915150724362794,48.83237742687363
941,117,n15,0.22438122629044507,0.006499868035737891,37.514505188505844
941,117,n16,0.162141129393533,0.030425648081048088,57.59738697590347
942,117,n00,0.7215165424771512,0.0780081272480492,105.96012868013874
942,117,n01,0.6598167699177689,0.08510752941066207,116.87153315401528
942,117,n02,0.7763391293102532,0.0627369858816583,107.35387027367972
942,117,n03,0.7465930196027019,0.09013992726246706,120.55751938505215
942,117,n04,0.7314663634571559,0.08876256666304667,113.80509093173478
942,117,n05,0.6615565295037781,0.07432433918089701,122.45036978079554
942,117,n06,0.7867134475925417,0.0728390791899419,113.15197590965052
942,117,n07,0.771120632829772,0.09724237524000783,101.51155811784847
942,117,n08,0.625983009690005,0.06667886508139935,112.41317962042231
942,117,n09,0.6770379704468401,0.08378193106268313,111.79232017061997
942,117,n10,0.697836044648648,0.06897139843313226,115.17018320153245
942,117,n11,0.7309731255246328,0.0792780135038513,103.61396627647851
942,117,n12,0.7080801187442589,0.06249650532067787,108.587722278718
942,117,n13,0.7670749123530983,0.07637793667894058,98.30214706796025
942,117,n14,0.6954526278584217,0.11272995745305575,100.87416825371812
942,117,n15,0.7006213548643584,0.07212781153383002,105.69257374971824
942,117,n16,0.8012779684369556,0.071154364657381,101.6368934015153
943,117,n00,0.7623543708937476,0.07048904256727198,107.75176233670929
943,117,n01,0.6691956635409887,0.09183090253556969,109.30876457907988
943,117,n02,0.723983260252015,0.0974500871132022,111.84049144780379
943,117,n03,0.7015893833662834,0.07711195143725368,100.05975566070148
943,117,n04,0.6880729137999336,0.09113923544050433,94.22879521900481
943,117,n05,0.7206030300861826,0.07501648319260754,107.39094190088278
943,117,n06,0.6990275071488461,0.086957455434768,118.9534296010728
943,117,n07,0.720198557165552,0.0957116245540286,113.59530339750661
943,117,n08,0.7496098835338245,0.08806563026281636,103.18747405245757
943,117,n09,0.6732065550193547,0.09276107167071761,113.76609096996884
943,117,n10,0.7072499792346131,0.05881772855988707,115.4682898924917
943,117,n11,0.6742797753609027,0.08752303429272001,107.53061968505848
943,117,n12,0.6924893410361594,0.06285768425555752,116.15750079173121
943,117,n13,0.6924380312604463,0.06724112352871513,113.4974921528761
943,117,n14,0.7724004723785514,0.08572128873670527,111.888108729913
943,117,n15,0.723074784830674,0.07832761112451829,104.32897698716074
943,117,n16,0.675838382144755,0.059521271377963175,112.26408589522256
944,118,n00,0.2706097395472232,0.0361957066795033,37.279990528513196
944,118,n01,0.23258914860147695,0.039029289441363205,41.36056245089673
944,118,n02,0.14547018097132752,0.025421325793688755,46.25145928225045
944,118,n03,0.22465820588788638,0.030125338206241335,52.3107687981802
944,118,n04,0.23506633645846234,0.036090681833492684,39.70006094647204
944,118,n05,0.26191598160602375,0.017254987299661254,48.85093317583795
944,118,n06,0.18182721392266274,0.030640562814671476,46.987064689933604
944,118,n07,0.3492641098893319,0.04547921515997166,45.49206141939342
944,118,n08,0.23762094646719234,0.023450571611432224,39.672835487775444
944,118,n09,0.2321494700169887,0.013103537092682083,59.99546788507952
944,118,n10,0.26891099607025004,0.030632568497493726,44.84164758640673
944,118,n11,0.27916372722122396,0.012696566074754119,50.35385898551055
944,118,n12,0.23222926022881019,0.026903893396901447,49.83010376590642
944,118,n13,0.2786143032257438,0.018241556274840053,44.01777179361364
944,118,n14,0.15472465414677766,0.040894652538257914,33.12368049608935
945,118,n00,0.7286147614872015,0.07911447640637012,98.1815063008733
945,118,n01,0.7642552295611442,0.08281207305644131,108.15028384954876
945,118,n02,0.7714776040853895,0.08082689091210112,117.02887539693714
945,118,n03,0.6347566845776795,0.08912492352495245,108.2572571280688
945,118,n04,0.7005631860672936,0.08362422452891814,124.39158511318757
945,118,n05,0.7078297998826178,0.08755587912070589,109.71224702984576
945,118,n06,0.7057516970945843,0.08810659594173041,101.95663998364942
945,118,n07,0.7149165019600792,0.07771567821471136,123.21065563535832
945,118,n08,0.7116509107601238,0.09460550772572283,118.61315229470084
945,118,n09,0.7064031144742421,0.08547880256454761,116.55117475113614
945,118,n10,0.6865925894621921,0.08615328810718292,94.85977892911902
945,118,n11,0.7573680777226452,0.0879233686529233,102.20200824630344
945,118,n12,0.6949626929814701,0.08617027768039535,117.78156021578988
945,118,n13,0.7338901485622487,0.08216917824489196,108.31232298431415
945,118,n14,0.816800752208019,0.06470993066754842,102.03757205823435
946,118,n00,0.21499096423713004,0.018386463244776975,46.019775731420445
946,118,n01,0.30400099637679084,0.015009629810617854,51.35826582881394
946,118,n02,0.268686918669656,0.037227290866856076,53.84334574570663
946,118,n03,0.26163616573552406,0.020873821454982025,45.0298893709023
946,118,n04,0.2769551383069948,0.041356140708399686,46.071499122401626
946,118,n05,0.23925699703585737,0.016155691863586744,43.86118828328513
946,118,n06,0.2189541961476682,0.0209688467267983,53.077966606390866
946,118,n07,0.26103540563437855,0.03761598995207594,42.138544521190255
946,118,n08,0.307462531766834,0.04624523215657817,44.35342853395725
946,118,n09,0.24187092983186748,0.01564915892009531,57.295069078904866
946,118,n10,0.27952577385474553,0.0,61.371903184331515
946,118,n11,0.20118894950620864,0.02685608633961476,50.84533056811192
946,118,n12,0.2520239701043173,0.02183935789425761,38.88379655859323
946,118,n13,0.16779134930178888,0.023302569346260467,46.64903173270969
946,118,n14,0.23209864954347037,0.023938095420983345,47.67230523710859
947,118,n00,0.7121527623127698,0.06861530340558812,104.01323259209812
947,118,n01,0.7696902935664277,0.10725541990935622,123.67808028174883
947,118,n02,0.7874522870334562,0.07891826656383764,114.75120095169282
947,118,n03,0.7922424290699739,0.089634692752222,104.24272974348953
947,118,n04,0.625215573973547,0.08797108164333585,106.66288490621125
947,118,n05,0.7580528800280539,0.07579128015336595,110.75534167881777
947,118,n06,0.7015038572713417,0.07391021084322981,102.19020504722805
947,118,n07,0.6345928423292897,0.0755017996608519,111.08492535768411
947,118,n08,0.7040216585266871,0.0950637270768818,105.61807832581943
947,118,n09,0.7748205285426014,0.08325909665037365,110.83558641155565
947,118,n10,0.6756301460764943,0.07695188112704088,115.88522147770479
947,118,n11,0.7397794328317558,0.07449183737948242,102.82284924400626
947,118,n12,0.6892586883101147,0.09552975216537846,116.26289876497128
947,118,n13,0.8981425134296762,0.09785197215517569,111.78486443373129
947,118,n14,0.6985065291310338,0.09479369058641071,94.7415144847263
948,118,n00,0.21923645066553313,0.03434490192825793,30.840579289149545
948,118,n01,0.25914077329549934,0.028669244903302686,54.71652894602299
948,118,n02,0.2171323763581541,0.052447355539792725,46.56126527809075
948,118,n03,0.24092133635817833,0.0350472043430772,45.90576312145197
948,118,n04,0.2975446521820921,0.02920643430022718,57.77499412519035
948,118,n05,0.32820181635091744,0.02695001408461051,41.59988650505061
948,118,n06,0.2030701280314051,0.007411220194621315,52.6360999415718
948,118,n07,0.26946722493626296,0.026043944828572835,49.52818334825349
948,118,n08,0.21427864582261455,0.016175924066984756,39.09046685379364
948,118,n09,0.2574300110462469,0.03317091427453214,38.08125539116936
948,118,n10,0.21451874254774708,0.014841798003595833,49.05146222637141
948,118,n11,0.24355973359002933,0.029834803307193045,57.80066357134436
948,118,n12,0.27792075878571676,0.02101345321764859,46.956820369179056
948,118,n13,0.22052870842359068,0.027486282754933283,49.41673166260628
948,118,n14,0.2559030764869049,0.024816891447051657,62.82395610109745
949,118,n00,0.7733141801583125,0.05038896984134311,103.89264902542172
949,118,n01,0.7073503876763175,0.08783494044916838,106.79939967186186
949,118,n02,0.7444550788154222,0.06123724190362594,104.1775927021673
949,118,n03,0.7796368734246656,0.06885668667773395,105.78998596506501
949,118,n04,0.7225461220871195,0.09092926009997584,98.12976072020231
949,118,n05,0.724059119094172,0.07598639444417558,102.3357336770914
949,118,n06,0.7530721627401359,0.09297554712802289,117.40156962211594
949,118,n07,0.731252786711254,0.09939833082797025,105.07726342683475
949,118,n08,0.7379967560655909,0.09074168508987054,112.39369383756143
949,118,n09,0.6261507689625887,0.06348654683315977,114.90810925381956
949,118,n10,0.6616211187771075,0.07497199718022522,105.15576908872087
949,118,n11,0.6847767620193774,0.06661814592166798,107.68534616710893
949,118,n12,0.7140670293782045,0.08662343810965921,115.68981974240803
949,118,n13,0.718326358602966,0.0910267230505715,117.15776657786574
949,118,n14,0.7236898063107564,0.0823967478339518,105.33473222401948
950,118,n00,0.7359776725851555,0.09669596281654488,116.0901489653112
950,118,n01,0.7607727911775642,0.06000972899289277,120.46669743567038
950,118,n02,0.6516961091455455,0.08441524699557394,112.1328957815678
950,118,n03,0.7503501512316832,0.08089009999455574,109.07036860014561
950,118,n04,0.6907221575703033,0.08471930994401104,110.46334559359786
950,118,n05,0.760840518934684,0.08710484128007502,96.62457442840822
950,118,n06,0.721299747518835,0.10076042074629553,112.78803752942798
950,118,n07,0.7345599647469441,0.06428781035333572,104.70066749709316
950,118,n08,0.6791332278783453,0.08013044251932253,105.41018139019906
950,118,n09,0.7449122767752052,0.09025429983111448,127.09548410665718
950,118,n10,0.7236494595683447,0.07235948262119088,113.9536445114039
950,118,n11,0.8236569011574654,0.09349434875870395,103.27146657077084
950,118,n12,0.7101343301364101,0.09316106315330647,97.462714528187
950,118,n13,0.7761931762459703,0.09378999982411149,115.52611280312667
950,118,n14,0.7447009944893395,0.06257778885915816,114.23416432327494
951,118,n00,0.735995902158196,0.06969905234372514,125.25963835170592
951,118,n01,0.7333133566691877,0.07258842387375712,99.64816190773593
951,118,n02,0.7481302875075787,0.07244494074058605,99.46071944461737
951,118,n03,0.8246720027614725,0.07730667676936925,119.70718152344739
951,118,n04,0.7549740120959846,0.06475174224472101,110.91464727910336
951,118,n05,0.747805156103661,0.08401134427914848,118.63622358471676
951,118,n06,0.7342220629690046,0.09799711085640732,98.3882270854426
951,118,n07,0.7087024800299867,0.08077933918879916,117.39217412358276
951,118,n08,0.7596570797572715,0.0819046298408257,115.90877379976652
951,118,n09,0.7138541238936831,0.05366668905859601,103.0961436992623
951,118,n10,0.7688917310751165,0.08512117448094024,107.44922116452429
951,118,n11,0.7708892484237996,0.09371380206253031,109.00559258557551
951,118,n12,0.6794176062880941,0.07624615190400398,114.85173462159906
951,118,n13,0.6238742384132632,0.07752891815276587,120.2074881720392
951,118,n14,0.7090223233569753,0.10407525940215699,110.04199498056283
952,119,n00,0.25066529161768286,0.0296791867054721,41.1066246494473
952,119,n01,0.21890978255685142,0.024960229084246208,29.706074145482745
952,119,n02,0.3205916477838314,0.02687564685137172,44.82902789546583
952,119,n03,0.25454472522496896,0.0545882259735475,35.91467648438909
952,119,n04,0.21115355635877675,0.03412885074499682,46.55991297073964
952,119,n05,0.2919232687498679,0.028700721391438283,53.428005958004995
952,119,n06,0.27903388729346307,0.031076350702981814,63.48400522002363
952,119,n07,0.26122963810643934,0.05115789135963217,63.12510480757481
952,119,n08,0.2990587595393349,0.02950171916003267,53.10144830769085
952,119,n09,0.24106614308056856,0.031776999294994716,41.93425051460656
952,119,n10,0.24976330528057802,0.028715407506091892,50.680773114860195
952,119,n11,0.2600695335334702,0.01590756902493383,45.886575518721045
953,119,n00,0.6645022936901108,0.07430482275660068,126.77785268497685
953,119,n01,0.6996931144210355,0.08547766342069545,113.62367259735397
953,119,n02,0.6587773257650587,0.08098364625043493,98.35304105281412
953,119,n03,0.7058195470076248,0.06305483153639346,112.31148348553096
953,119,n04,0.7397697991873056,0.08443001675308738,100.30843867650714
953,119,n05,0.7236713217408799,0.05750783050235675,103.71974113499553
953,119,n06,0.7256712941329474,0.08804320543450726,106.95991585156182
953,119,n07,0.5974096038742995,0.07781397910217697,107.02302980040068
953,119,n08,0.7130771137055728,0.1005892986533968,103.86719085868401
953,119,n09,0.7296835793512503,0.09136539129188506,108.77649465719502
953,119,n10,0.655297609055467,0.06509330609965347,99.92159499182672
953,119,n11,0.698310951542926,0.05479006692024478,125.53465014012656
954,119,n00,0.7230069110711914,0.09327128370226201,106.58916756680043
954,119,n01,0.7365082363974875,0.08540216207002045,104.930330251827
954,119,n02,0.711621578122329,0.05632808812135735,115.84585737469459
954,119,n03,0.7580382142308127,0.0942943539304166,108.1808112556135
954,119,n04,0.7606610803353647,0.09712981237268858,104.03591870395475
954,119,n05,0.6536371616832504,0.10742013232714087,105.62675454346088
954,119,n06,0.6928559625954854,0.08097608263461896,106.11371299319157
954,119,n07,0.6786205075579609,0.10966121762111523,98.11758505978722
954,119,n08,0.7117343701083911,0.06329688185591878,107.86936778274321
954,119,n09,0.6821115075471094,0.08900274018857489,106.07851240050985
954,119,n10,0.6938983792401758,0.08855819762930535,104.43517814682708
954,119,n11,0.685622693028746,0.07324414605406228,121.65744915945015
955,119,n00,0.25716491379762535,0.023878939453737525,44.88617468424841
955,119,n01,0.1715192846183029,0.02614499849670484,47.48067659048635
955,119,n02,0.18338535774542808,0.036109159449719604,62.60858495473893
955,119,n03,0.24341128973012474,0.04269339982182149,43.77641274914628
955,119,n04,0.2331693698193101,0.032788228336866315,44.40290813459275
955,119,n05,0.2464355637548998,0.021849799996996037,45.59391965557394
955,119,n06,0.2588565245965086,0.010639979425174407,40.74775399857124
955,119,n07,0.22669647572710333,0.02684472196308355,50.365107242261594
955,119,n08,0.27562005144094714,0.04936952442891443,63.08001179201991
955,119,n09,0.2649568342952784,0.003827953884435152,28.666469131523595
955,119,n10,0.22808848878783616,0.042517657364377015,50.02589747486576
955,119,n11,0.280532719855813,0.02749377745479307,51.623297328694136
956,119,n00,0.23596384094213357,0.04670843548227278,52.348608301898366
956,119,n01,0.22656153559024134,0.05111955371745344,40.02495949205696
956,119,n02,0.26676809240548266,0.02610658090017412,40.27209377020586
956,119,n03,0.22850202903669883,0.028689727509982135,48.27483568012918
956,119,n04,0.2685244875347657,0.06957723959021618,37.1855988436065
956,119,n05,0.18999079221304227,0.025291098314180555,50.1398500044891
956,119,n06,0.2705866128143251,0.03900146862432495,42.79204397738731
956,119,n07,0.25350391440108205,0.039912839892622454,47.970384480113545
956,119,n08,0.18451745984481133,0.022172620125781195,30.32198819862435
956,119,n09,0.30791714066009307,0.03445797570801863,32.65671251380142
956,119,n10,0.25417494504535443,0.03380098881632086,52.8320719297524
956,119,n11,0.18849675543594954,0.03369681977317205,36.38633806090688
957,119,n00,0.2612503352131537,0.028271780458788188,38.96006535789526
957,119,n01,0.24143606417001198,0.025261130431118918,46.81972021173076
957,119,n02,0.23660794048703915,0.014676539779185885,32.07141477888256
957,119,n03,0.27381082243168725,0.033864489149922086,43.14013120536782
957,119,n04,0.262540986209289,0.007999163195715826,52.40644043470492
957,119,n05,0.22446547795723637,0.03339584130151611,35.30503056895655
957,119,n06,0.18726349277594534,0.04205140295868205,49.47093108114865
957,119,n07,0.2313885225647027,0.03529502698001663,53.44394202087781
957,119,n08,0.2200364618132929,0.010525991902195983,52.69334061138705
957,119,n09,0.32574854717163537,0.05338819843429317,50.650593937258
957,119,n10,0.26505991987953725,0.03255178211362258,54.38144032410067
957,119,n11,0.23238329851303388,0.028026459317166033,45.43301234878834
958,119,n00,0.7443703332549331,0.07304464602358648,115.51400498634978
958,119,n01,0.757971180751242,0.09380278203295205,120.74753734412937
958,119,n02,0.7391147356269651,0.09870045969346869,120.78013447095492
958,119,n03,0.6285016682899712,0.07497813885590439,105.50323622122109
958,119,n04,0.7054857777086053,0.06877198366917528,100.36202308921483
958,119,n05,0.7343051281332129,0.05605577991676884,114.50568584884893
958,119,n06,0.767600115393428,0.07550294924408038,127.8472677203162
958,119,n07,0.7220109751681288,0.055002868241484926,113.3294365745339
958,119,n08,0.7538372354183047,0.09344957190853159,114.23561699605972
958,119,n09,0.7797361010949552,0.08737021714673877,109.84407396745767
958,119,n10,0.7380796372049251,0.08804734647191781,108.46460023018216
958,119,n11,0.6189504837647586,0.0739157171113445,111.38764331498432
959,119,n00,0.2684303552921753,0.048208386703976806,48.14170307677616
959,119,n01,0.258868112791502,0.040466269470961685,52.10694148410883
959,119,n02,0.23616160236952935,0.04380853217848324,64.31264254687596
959,119,n03,0.2967011610294079,0.04468060045181435,55.16545600645274
959,119,n04,0.2599096050200216,0.02885471878025077,52.48773144487342
959,119,n05,0.29402253156346947,0.024226493063319542,44.9151745945867
959,119,n06,0.2998853718299042,0.027664925950843192,40.649825173350166
959,119,n07,0.2514918103551056,0.04217439232236706,44.57991958838974
959,119,n08,0.2821444027984609,0.04427012104684147,48.34785252030466
959,119,n09,0.23493683741579882,0.033314034974368134,41.32039079857091
959,119,n10,0.2679597582229517,0.026097624719393406,43.975134907727785
959,119,n11,0.22673108036457462,0.03379279370052742,41.523420661846316
